grid_x,grid_y,grid_z,iters,batch_size,batch_id,init_time,main_time,total_time
50,50,50,1800,1,0,3225.12,1.04612e+06,1.04935e+06
50,50,50,1800,1,1,3216.88,1.0461e+06,1.04932e+06
50,50,50,1800,1,2,3406.11,1.0461e+06,1.04951e+06
50,50,50,1800,1,3,3172.72,1.04611e+06,1.04928e+06
50,50,50,1800,1,4,3149.78,1.04611e+06,1.04926e+06
args: -sizex=50 -sizey=50 -sizez=50 -iters=1800 -batch=5 -bsize=1
