grid_x,grid_y,grid_z,iters,batch_size,batch_id,init_time,main_time,total_time
75,75,75,1800,1,0,9538.43,2.78228e+06,2.79181e+06
75,75,75,1800,1,1,9387.15,2.7821e+06,2.79149e+06
75,75,75,1800,1,2,9248.14,2.78199e+06,2.79124e+06
75,75,75,1800,1,3,9504.12,2.78266e+06,2.79216e+06
75,75,75,1800,1,4,9508.51,2.78279e+06,2.7923e+06
args: -sizex=75 -sizey=75 -sizez=75 -iters=1800 -batch=5 -bsize=1
