

================================================================
== Vitis HLS Report for 'kernel_outerloop_0_dataflow_region'
================================================================
* Date:           Fri Aug 14 22:53:42 2026

* Version:        2022.2 (Build 3670227 on Oct 13 2022)
* Project:        kernel_outerloop_0_0
* Solution:       solution (Vitis Kernel Flow Target)
* Product family: virtexuplus
* Target device:  xcu280-fsvh2892-2L-e


================================================================
== Performance Estimates
================================================================
+ Timing: 
    * Summary: 
    +--------+---------+----------+------------+
    |  Clock |  Target | Estimated| Uncertainty|
    +--------+---------+----------+------------+
    |ap_clk  |  3.33 ns|  2.433 ns|     0.90 ns|
    +--------+---------+----------+------------+

+ Latency: 
    * Summary: 
    +---------+---------+----------+----------+-----+-----+----------+
    |  Latency (cycles) |  Latency (absolute) |  Interval | Pipeline |
    |   min   |   max   |    min   |    max   | min | max |   Type   |
    +---------+---------+----------+----------+-----+-----+----------+
    |        ?|        ?|         ?|         ?|    ?|    ?|  dataflow|
    +---------+---------+----------+----------+-----+-----+----------+

    + Detail: 
        * Instance: 
        N/A

        * Loop: 
        N/A

============================================================
+ Verbose Summary: Synthesis Manager
============================================================
InlineROM: 1
ExposeGlobal: 0
============================================================
+ Verbose Summary: CDFG Model
============================================================
IsTopModel: 0
ResetActiveHigh: 1
IsCombinational: 2
IsDatapathOnly: 0
HasWiredReturn: 1
HasMFsm: 0
HasVarLatency: 1
IsPipeline: 0
IsRtlPipelined: 0
IsInstanceOverlapped: 0
IsDontTouch: 0
HasImplIP: 0
IsGatedGlobalClock: 0


============================================================
+ Verbose Summary: Schedule
============================================================
* Number of FSM states : 10
* Pipeline : 0
* Dataflow Pipeline: 1
  DF-Pipeline-0: Size = 10, States = { 1 2 3 4 5 6 7 8 9 10 }

* FSM state transitions: 
1 --> 2 
2 --> 3 
3 --> 4 
4 --> 5 
5 --> 6 
6 --> 7 
7 --> 8 
8 --> 9 
9 --> 10 
10 --> 

* FSM state operations: 

State 1 <SV = 0> <Delay = 1.21>
ST_1 : Operation 11 [1/1] (0.00ns)   --->   "%num_pkts_read = read i29 @_ssdm_op_Read.ap_auto.i29, i29 %num_pkts"   --->   Operation 11 'read' 'num_pkts_read' <Predicate = true> <Delay = 0.00>
ST_1 : Operation 12 [1/1] (0.00ns)   --->   "%num_pkts_c27 = alloca i64 1"   --->   Operation 12 'alloca' 'num_pkts_c27' <Predicate = true> <Delay = 0.00> <CoreInst = "FIFO_SRL">   --->   Core 81 'FIFO_SRL' <Latency = 0> <II = 1> <Delay = 1.39> <Storage> <Opcode : 'read' 'write' 'nbread' 'nbwrite'> <Ports = 0> <Width = 29> <Depth = 2> <FIFO>
ST_1 : Operation 13 [1/1] (0.00ns)   --->   "%num_pkts_c26 = alloca i64 1"   --->   Operation 13 'alloca' 'num_pkts_c26' <Predicate = true> <Delay = 0.00> <CoreInst = "FIFO_SRL">   --->   Core 81 'FIFO_SRL' <Latency = 0> <II = 1> <Delay = 1.46> <Storage> <Opcode : 'read' 'write' 'nbread' 'nbwrite'> <Ports = 0> <Width = 29> <Depth = 3> <FIFO>
ST_1 : Operation 14 [1/1] (0.00ns)   --->   "%num_pkts_c25 = alloca i64 1"   --->   Operation 14 'alloca' 'num_pkts_c25' <Predicate = true> <Delay = 0.00> <CoreInst = "FIFO_SRL">   --->   Core 81 'FIFO_SRL' <Latency = 0> <II = 1> <Delay = 1.39> <Storage> <Opcode : 'read' 'write' 'nbread' 'nbwrite'> <Ports = 0> <Width = 29> <Depth = 2> <FIFO>
ST_1 : Operation 15 [1/1] (0.00ns)   --->   "%num_pkts_c24 = alloca i64 1"   --->   Operation 15 'alloca' 'num_pkts_c24' <Predicate = true> <Delay = 0.00> <CoreInst = "FIFO_SRL">   --->   Core 81 'FIFO_SRL' <Latency = 0> <II = 1> <Delay = 1.39> <Storage> <Opcode : 'read' 'write' 'nbread' 'nbwrite'> <Ports = 0> <Width = 29> <Depth = 2> <FIFO>
ST_1 : Operation 16 [1/1] (0.00ns)   --->   "%num_pkts_c23 = alloca i64 1"   --->   Operation 16 'alloca' 'num_pkts_c23' <Predicate = true> <Delay = 0.00> <CoreInst = "FIFO_SRL">   --->   Core 81 'FIFO_SRL' <Latency = 0> <II = 1> <Delay = 1.39> <Storage> <Opcode : 'read' 'write' 'nbread' 'nbwrite'> <Ports = 0> <Width = 29> <Depth = 2> <FIFO>
ST_1 : Operation 17 [1/1] (0.00ns)   --->   "%num_pkts_c22 = alloca i64 1"   --->   Operation 17 'alloca' 'num_pkts_c22' <Predicate = true> <Delay = 0.00> <CoreInst = "FIFO_SRL">   --->   Core 81 'FIFO_SRL' <Latency = 0> <II = 1> <Delay = 1.39> <Storage> <Opcode : 'read' 'write' 'nbread' 'nbwrite'> <Ports = 0> <Width = 29> <Depth = 2> <FIFO>
ST_1 : Operation 18 [1/1] (0.00ns)   --->   "%num_pkts_c21 = alloca i64 1"   --->   Operation 18 'alloca' 'num_pkts_c21' <Predicate = true> <Delay = 0.00> <CoreInst = "FIFO_SRL">   --->   Core 81 'FIFO_SRL' <Latency = 0> <II = 1> <Delay = 1.39> <Storage> <Opcode : 'read' 'write' 'nbread' 'nbwrite'> <Ports = 0> <Width = 29> <Depth = 2> <FIFO>
ST_1 : Operation 19 [1/1] (0.00ns)   --->   "%num_pkts_c20 = alloca i64 1"   --->   Operation 19 'alloca' 'num_pkts_c20' <Predicate = true> <Delay = 0.00> <CoreInst = "FIFO_SRL">   --->   Core 81 'FIFO_SRL' <Latency = 0> <II = 1> <Delay = 1.39> <Storage> <Opcode : 'read' 'write' 'nbread' 'nbwrite'> <Ports = 0> <Width = 29> <Depth = 2> <FIFO>
ST_1 : Operation 20 [1/1] (0.00ns)   --->   "%num_pkts_c19 = alloca i64 1"   --->   Operation 20 'alloca' 'num_pkts_c19' <Predicate = true> <Delay = 0.00> <CoreInst = "FIFO_SRL">   --->   Core 81 'FIFO_SRL' <Latency = 0> <II = 1> <Delay = 1.39> <Storage> <Opcode : 'read' 'write' 'nbread' 'nbwrite'> <Ports = 0> <Width = 29> <Depth = 2> <FIFO>
ST_1 : Operation 21 [1/1] (0.00ns)   --->   "%num_pkts_c = alloca i64 1"   --->   Operation 21 'alloca' 'num_pkts_c' <Predicate = true> <Delay = 0.00> <CoreInst = "FIFO_SRL">   --->   Core 81 'FIFO_SRL' <Latency = 0> <II = 1> <Delay = 1.39> <Storage> <Opcode : 'read' 'write' 'nbread' 'nbwrite'> <Ports = 0> <Width = 29> <Depth = 2> <FIFO>
ST_1 : Operation 22 [1/1] (0.00ns)   --->   "%stencilConfig_6_c18 = alloca i64 1"   --->   Operation 22 'alloca' 'stencilConfig_6_c18' <Predicate = true> <Delay = 0.00> <CoreInst = "FIFO_SRL">   --->   Core 81 'FIFO_SRL' <Latency = 0> <II = 1> <Delay = 1.33> <Storage> <Opcode : 'read' 'write' 'nbread' 'nbwrite'> <Ports = 0> <Width = 14> <Depth = 4> <FIFO>
ST_1 : Operation 23 [1/1] (0.00ns)   --->   "%stencilConfig_6_c17 = alloca i64 1"   --->   Operation 23 'alloca' 'stencilConfig_6_c17' <Predicate = true> <Delay = 0.00> <CoreInst = "FIFO_SRL">   --->   Core 81 'FIFO_SRL' <Latency = 0> <II = 1> <Delay = 1.33> <Storage> <Opcode : 'read' 'write' 'nbread' 'nbwrite'> <Ports = 0> <Width = 14> <Depth = 4> <FIFO>
ST_1 : Operation 24 [1/1] (0.00ns)   --->   "%stencilConfig_6_c16 = alloca i64 1"   --->   Operation 24 'alloca' 'stencilConfig_6_c16' <Predicate = true> <Delay = 0.00> <CoreInst = "FIFO_SRL">   --->   Core 81 'FIFO_SRL' <Latency = 0> <II = 1> <Delay = 1.33> <Storage> <Opcode : 'read' 'write' 'nbread' 'nbwrite'> <Ports = 0> <Width = 14> <Depth = 4> <FIFO>
ST_1 : Operation 25 [1/1] (0.00ns)   --->   "%stencilConfig_6_c = alloca i64 1"   --->   Operation 25 'alloca' 'stencilConfig_6_c' <Predicate = true> <Delay = 0.00> <CoreInst = "FIFO_SRL">   --->   Core 81 'FIFO_SRL' <Latency = 0> <II = 1> <Delay = 1.33> <Storage> <Opcode : 'read' 'write' 'nbread' 'nbwrite'> <Ports = 0> <Width = 14> <Depth = 4> <FIFO>
ST_1 : Operation 26 [1/1] (0.00ns)   --->   "%stencilConfig_5_0_c15 = alloca i64 1"   --->   Operation 26 'alloca' 'stencilConfig_5_0_c15' <Predicate = true> <Delay = 0.00> <CoreInst = "FIFO_SRL">   --->   Core 81 'FIFO_SRL' <Latency = 0> <II = 1> <Delay = 1.35> <Storage> <Opcode : 'read' 'write' 'nbread' 'nbwrite'> <Ports = 0> <Width = 1> <Depth = 4> <FIFO>
ST_1 : Operation 27 [1/1] (0.00ns)   --->   "%stencilConfig_5_0_c14 = alloca i64 1"   --->   Operation 27 'alloca' 'stencilConfig_5_0_c14' <Predicate = true> <Delay = 0.00> <CoreInst = "FIFO_SRL">   --->   Core 81 'FIFO_SRL' <Latency = 0> <II = 1> <Delay = 1.35> <Storage> <Opcode : 'read' 'write' 'nbread' 'nbwrite'> <Ports = 0> <Width = 1> <Depth = 4> <FIFO>
ST_1 : Operation 28 [1/1] (0.00ns)   --->   "%stencilConfig_5_0_c13 = alloca i64 1"   --->   Operation 28 'alloca' 'stencilConfig_5_0_c13' <Predicate = true> <Delay = 0.00> <CoreInst = "FIFO_SRL">   --->   Core 81 'FIFO_SRL' <Latency = 0> <II = 1> <Delay = 1.35> <Storage> <Opcode : 'read' 'write' 'nbread' 'nbwrite'> <Ports = 0> <Width = 1> <Depth = 4> <FIFO>
ST_1 : Operation 29 [1/1] (0.00ns)   --->   "%stencilConfig_5_0_c = alloca i64 1"   --->   Operation 29 'alloca' 'stencilConfig_5_0_c' <Predicate = true> <Delay = 0.00> <CoreInst = "FIFO_SRL">   --->   Core 81 'FIFO_SRL' <Latency = 0> <II = 1> <Delay = 1.35> <Storage> <Opcode : 'read' 'write' 'nbread' 'nbwrite'> <Ports = 0> <Width = 1> <Depth = 4> <FIFO>
ST_1 : Operation 30 [1/1] (0.00ns)   --->   "%stencilConfig_3_c12 = alloca i64 1"   --->   Operation 30 'alloca' 'stencilConfig_3_c12' <Predicate = true> <Delay = 0.00> <CoreInst = "FIFO_SRL">   --->   Core 81 'FIFO_SRL' <Latency = 0> <II = 1> <Delay = 1.33> <Storage> <Opcode : 'read' 'write' 'nbread' 'nbwrite'> <Ports = 0> <Width = 16> <Depth = 4> <FIFO>
ST_1 : Operation 31 [1/1] (0.00ns)   --->   "%stencilConfig_3_c11 = alloca i64 1"   --->   Operation 31 'alloca' 'stencilConfig_3_c11' <Predicate = true> <Delay = 0.00> <CoreInst = "FIFO_SRL">   --->   Core 81 'FIFO_SRL' <Latency = 0> <II = 1> <Delay = 1.33> <Storage> <Opcode : 'read' 'write' 'nbread' 'nbwrite'> <Ports = 0> <Width = 16> <Depth = 4> <FIFO>
ST_1 : Operation 32 [1/1] (0.00ns)   --->   "%stencilConfig_3_c10 = alloca i64 1"   --->   Operation 32 'alloca' 'stencilConfig_3_c10' <Predicate = true> <Delay = 0.00> <CoreInst = "FIFO_SRL">   --->   Core 81 'FIFO_SRL' <Latency = 0> <II = 1> <Delay = 1.33> <Storage> <Opcode : 'read' 'write' 'nbread' 'nbwrite'> <Ports = 0> <Width = 16> <Depth = 4> <FIFO>
ST_1 : Operation 33 [1/1] (0.00ns)   --->   "%stencilConfig_3_c = alloca i64 1"   --->   Operation 33 'alloca' 'stencilConfig_3_c' <Predicate = true> <Delay = 0.00> <CoreInst = "FIFO_SRL">   --->   Core 81 'FIFO_SRL' <Latency = 0> <II = 1> <Delay = 1.33> <Storage> <Opcode : 'read' 'write' 'nbread' 'nbwrite'> <Ports = 0> <Width = 16> <Depth = 4> <FIFO>
ST_1 : Operation 34 [1/1] (0.00ns)   --->   "%stencilConfig_2_c9 = alloca i64 1"   --->   Operation 34 'alloca' 'stencilConfig_2_c9' <Predicate = true> <Delay = 0.00> <CoreInst = "FIFO_SRL">   --->   Core 81 'FIFO_SRL' <Latency = 0> <II = 1> <Delay = 1.33> <Storage> <Opcode : 'read' 'write' 'nbread' 'nbwrite'> <Ports = 0> <Width = 16> <Depth = 4> <FIFO>
ST_1 : Operation 35 [1/1] (0.00ns)   --->   "%stencilConfig_2_c8 = alloca i64 1"   --->   Operation 35 'alloca' 'stencilConfig_2_c8' <Predicate = true> <Delay = 0.00> <CoreInst = "FIFO_SRL">   --->   Core 81 'FIFO_SRL' <Latency = 0> <II = 1> <Delay = 1.33> <Storage> <Opcode : 'read' 'write' 'nbread' 'nbwrite'> <Ports = 0> <Width = 16> <Depth = 4> <FIFO>
ST_1 : Operation 36 [1/1] (0.00ns)   --->   "%stencilConfig_2_c7 = alloca i64 1"   --->   Operation 36 'alloca' 'stencilConfig_2_c7' <Predicate = true> <Delay = 0.00> <CoreInst = "FIFO_SRL">   --->   Core 81 'FIFO_SRL' <Latency = 0> <II = 1> <Delay = 1.33> <Storage> <Opcode : 'read' 'write' 'nbread' 'nbwrite'> <Ports = 0> <Width = 16> <Depth = 4> <FIFO>
ST_1 : Operation 37 [1/1] (0.00ns)   --->   "%stencilConfig_2_c = alloca i64 1"   --->   Operation 37 'alloca' 'stencilConfig_2_c' <Predicate = true> <Delay = 0.00> <CoreInst = "FIFO_SRL">   --->   Core 81 'FIFO_SRL' <Latency = 0> <II = 1> <Delay = 1.33> <Storage> <Opcode : 'read' 'write' 'nbread' 'nbwrite'> <Ports = 0> <Width = 16> <Depth = 4> <FIFO>
ST_1 : Operation 38 [1/1] (0.00ns)   --->   "%stencilConfig_0_1_c6 = alloca i64 1"   --->   Operation 38 'alloca' 'stencilConfig_0_1_c6' <Predicate = true> <Delay = 0.00> <CoreInst = "FIFO_SRL">   --->   Core 81 'FIFO_SRL' <Latency = 0> <II = 1> <Delay = 1.33> <Storage> <Opcode : 'read' 'write' 'nbread' 'nbwrite'> <Ports = 0> <Width = 16> <Depth = 4> <FIFO>
ST_1 : Operation 39 [1/1] (0.00ns)   --->   "%stencilConfig_0_1_c5 = alloca i64 1"   --->   Operation 39 'alloca' 'stencilConfig_0_1_c5' <Predicate = true> <Delay = 0.00> <CoreInst = "FIFO_SRL">   --->   Core 81 'FIFO_SRL' <Latency = 0> <II = 1> <Delay = 1.33> <Storage> <Opcode : 'read' 'write' 'nbread' 'nbwrite'> <Ports = 0> <Width = 16> <Depth = 4> <FIFO>
ST_1 : Operation 40 [1/1] (0.00ns)   --->   "%stencilConfig_0_1_c4 = alloca i64 1"   --->   Operation 40 'alloca' 'stencilConfig_0_1_c4' <Predicate = true> <Delay = 0.00> <CoreInst = "FIFO_SRL">   --->   Core 81 'FIFO_SRL' <Latency = 0> <II = 1> <Delay = 1.33> <Storage> <Opcode : 'read' 'write' 'nbread' 'nbwrite'> <Ports = 0> <Width = 16> <Depth = 4> <FIFO>
ST_1 : Operation 41 [1/1] (0.00ns)   --->   "%stencilConfig_0_1_c = alloca i64 1"   --->   Operation 41 'alloca' 'stencilConfig_0_1_c' <Predicate = true> <Delay = 0.00> <CoreInst = "FIFO_SRL">   --->   Core 81 'FIFO_SRL' <Latency = 0> <II = 1> <Delay = 1.33> <Storage> <Opcode : 'read' 'write' 'nbread' 'nbwrite'> <Ports = 0> <Width = 16> <Depth = 4> <FIFO>
ST_1 : Operation 42 [1/1] (0.00ns)   --->   "%stencilConfig_0_0_c3 = alloca i64 1"   --->   Operation 42 'alloca' 'stencilConfig_0_0_c3' <Predicate = true> <Delay = 0.00> <CoreInst = "FIFO_SRL">   --->   Core 81 'FIFO_SRL' <Latency = 0> <II = 1> <Delay = 1.33> <Storage> <Opcode : 'read' 'write' 'nbread' 'nbwrite'> <Ports = 0> <Width = 14> <Depth = 4> <FIFO>
ST_1 : Operation 43 [1/1] (0.00ns)   --->   "%stencilConfig_0_0_c2 = alloca i64 1"   --->   Operation 43 'alloca' 'stencilConfig_0_0_c2' <Predicate = true> <Delay = 0.00> <CoreInst = "FIFO_SRL">   --->   Core 81 'FIFO_SRL' <Latency = 0> <II = 1> <Delay = 1.33> <Storage> <Opcode : 'read' 'write' 'nbread' 'nbwrite'> <Ports = 0> <Width = 14> <Depth = 4> <FIFO>
ST_1 : Operation 44 [1/1] (0.00ns)   --->   "%stencilConfig_0_0_c1 = alloca i64 1"   --->   Operation 44 'alloca' 'stencilConfig_0_0_c1' <Predicate = true> <Delay = 0.00> <CoreInst = "FIFO_SRL">   --->   Core 81 'FIFO_SRL' <Latency = 0> <II = 1> <Delay = 1.33> <Storage> <Opcode : 'read' 'write' 'nbread' 'nbwrite'> <Ports = 0> <Width = 14> <Depth = 4> <FIFO>
ST_1 : Operation 45 [1/1] (0.00ns)   --->   "%stencilConfig_0_0_c = alloca i64 1"   --->   Operation 45 'alloca' 'stencilConfig_0_0_c' <Predicate = true> <Delay = 0.00> <CoreInst = "FIFO_SRL">   --->   Core 81 'FIFO_SRL' <Latency = 0> <II = 1> <Delay = 1.33> <Storage> <Opcode : 'read' 'write' 'nbread' 'nbwrite'> <Ports = 0> <Width = 14> <Depth = 4> <FIFO>
ST_1 : Operation 46 [1/1] (0.00ns)   --->   "%arg0_arg1_streams_0_0 = alloca i64 1"   --->   Operation 46 'alloca' 'arg0_arg1_streams_0_0' <Predicate = true> <Delay = 0.00> <CoreInst = "FIFO">   --->   Core 78 'FIFO' <Latency = 0> <II = 1> <Delay = 1.13> <Storage> <Opcode : 'read' 'write' 'nbread' 'nbwrite'> <Ports = 0> <Width = 256> <Depth = 10> <FIFO>
ST_1 : Operation 47 [1/1] (0.00ns)   --->   "%arg0_arg1_streams_0_1 = alloca i64 1"   --->   Operation 47 'alloca' 'arg0_arg1_streams_0_1' <Predicate = true> <Delay = 0.00> <CoreInst = "FIFO">   --->   Core 78 'FIFO' <Latency = 0> <II = 1> <Delay = 1.13> <Storage> <Opcode : 'read' 'write' 'nbread' 'nbwrite'> <Ports = 0> <Width = 256> <Depth = 10> <FIFO>
ST_1 : Operation 48 [1/1] (0.00ns)   --->   "%arg0_arg1_streams_0_2 = alloca i64 1"   --->   Operation 48 'alloca' 'arg0_arg1_streams_0_2' <Predicate = true> <Delay = 0.00> <CoreInst = "FIFO">   --->   Core 78 'FIFO' <Latency = 0> <II = 1> <Delay = 1.13> <Storage> <Opcode : 'read' 'write' 'nbread' 'nbwrite'> <Ports = 0> <Width = 256> <Depth = 10> <FIFO>
ST_1 : Operation 49 [1/1] (0.00ns)   --->   "%arg0_arg1_streams_0_3 = alloca i64 1"   --->   Operation 49 'alloca' 'arg0_arg1_streams_0_3' <Predicate = true> <Delay = 0.00> <CoreInst = "FIFO">   --->   Core 78 'FIFO' <Latency = 0> <II = 1> <Delay = 1.13> <Storage> <Opcode : 'read' 'write' 'nbread' 'nbwrite'> <Ports = 0> <Width = 256> <Depth = 10> <FIFO>
ST_1 : Operation 50 [1/1] (0.00ns)   --->   "%arg0_arg1_streams_0_4 = alloca i64 1"   --->   Operation 50 'alloca' 'arg0_arg1_streams_0_4' <Predicate = true> <Delay = 0.00> <CoreInst = "FIFO">   --->   Core 78 'FIFO' <Latency = 0> <II = 1> <Delay = 1.13> <Storage> <Opcode : 'read' 'write' 'nbread' 'nbwrite'> <Ports = 0> <Width = 256> <Depth = 10> <FIFO>
ST_1 : Operation 51 [1/1] (0.00ns)   --->   "%arg0_arg1_streams_0_5 = alloca i64 1"   --->   Operation 51 'alloca' 'arg0_arg1_streams_0_5' <Predicate = true> <Delay = 0.00> <CoreInst = "FIFO">   --->   Core 78 'FIFO' <Latency = 0> <II = 1> <Delay = 1.13> <Storage> <Opcode : 'read' 'write' 'nbread' 'nbwrite'> <Ports = 0> <Width = 256> <Depth = 10> <FIFO>
ST_1 : Operation 52 [1/1] (0.00ns)   --->   "%arg0_arg1_streams_0_6 = alloca i64 1"   --->   Operation 52 'alloca' 'arg0_arg1_streams_0_6' <Predicate = true> <Delay = 0.00> <CoreInst = "FIFO">   --->   Core 78 'FIFO' <Latency = 0> <II = 1> <Delay = 1.13> <Storage> <Opcode : 'read' 'write' 'nbread' 'nbwrite'> <Ports = 0> <Width = 256> <Depth = 10> <FIFO>
ST_1 : Operation 53 [1/1] (0.00ns)   --->   "%arg0_arg1_streams_0_7 = alloca i64 1"   --->   Operation 53 'alloca' 'arg0_arg1_streams_0_7' <Predicate = true> <Delay = 0.00> <CoreInst = "FIFO">   --->   Core 78 'FIFO' <Latency = 0> <II = 1> <Delay = 1.13> <Storage> <Opcode : 'read' 'write' 'nbread' 'nbwrite'> <Ports = 0> <Width = 256> <Depth = 10> <FIFO>
ST_1 : Operation 54 [1/1] (0.00ns)   --->   "%arg0_arg1_streams_1_0 = alloca i64 1"   --->   Operation 54 'alloca' 'arg0_arg1_streams_1_0' <Predicate = true> <Delay = 0.00> <CoreInst = "FIFO">   --->   Core 78 'FIFO' <Latency = 0> <II = 1> <Delay = 1.13> <Storage> <Opcode : 'read' 'write' 'nbread' 'nbwrite'> <Ports = 0> <Width = 256> <Depth = 10> <FIFO>
ST_1 : Operation 55 [1/1] (0.00ns)   --->   "%arg0_arg1_streams_1_1 = alloca i64 1"   --->   Operation 55 'alloca' 'arg0_arg1_streams_1_1' <Predicate = true> <Delay = 0.00> <CoreInst = "FIFO">   --->   Core 78 'FIFO' <Latency = 0> <II = 1> <Delay = 1.13> <Storage> <Opcode : 'read' 'write' 'nbread' 'nbwrite'> <Ports = 0> <Width = 256> <Depth = 10> <FIFO>
ST_1 : Operation 56 [1/1] (0.00ns)   --->   "%arg0_arg1_streams_1_2 = alloca i64 1"   --->   Operation 56 'alloca' 'arg0_arg1_streams_1_2' <Predicate = true> <Delay = 0.00> <CoreInst = "FIFO">   --->   Core 78 'FIFO' <Latency = 0> <II = 1> <Delay = 1.13> <Storage> <Opcode : 'read' 'write' 'nbread' 'nbwrite'> <Ports = 0> <Width = 256> <Depth = 10> <FIFO>
ST_1 : Operation 57 [1/1] (0.00ns)   --->   "%arg0_arg1_streams_1_3 = alloca i64 1"   --->   Operation 57 'alloca' 'arg0_arg1_streams_1_3' <Predicate = true> <Delay = 0.00> <CoreInst = "FIFO">   --->   Core 78 'FIFO' <Latency = 0> <II = 1> <Delay = 1.13> <Storage> <Opcode : 'read' 'write' 'nbread' 'nbwrite'> <Ports = 0> <Width = 256> <Depth = 10> <FIFO>
ST_1 : Operation 58 [1/1] (0.00ns)   --->   "%arg0_arg1_streams_1_4 = alloca i64 1"   --->   Operation 58 'alloca' 'arg0_arg1_streams_1_4' <Predicate = true> <Delay = 0.00> <CoreInst = "FIFO">   --->   Core 78 'FIFO' <Latency = 0> <II = 1> <Delay = 1.13> <Storage> <Opcode : 'read' 'write' 'nbread' 'nbwrite'> <Ports = 0> <Width = 256> <Depth = 10> <FIFO>
ST_1 : Operation 59 [1/1] (0.00ns)   --->   "%arg0_arg1_streams_1_5 = alloca i64 1"   --->   Operation 59 'alloca' 'arg0_arg1_streams_1_5' <Predicate = true> <Delay = 0.00> <CoreInst = "FIFO">   --->   Core 78 'FIFO' <Latency = 0> <II = 1> <Delay = 1.13> <Storage> <Opcode : 'read' 'write' 'nbread' 'nbwrite'> <Ports = 0> <Width = 256> <Depth = 10> <FIFO>
ST_1 : Operation 60 [1/1] (0.00ns)   --->   "%arg0_arg1_streams_1_6 = alloca i64 1"   --->   Operation 60 'alloca' 'arg0_arg1_streams_1_6' <Predicate = true> <Delay = 0.00> <CoreInst = "FIFO">   --->   Core 78 'FIFO' <Latency = 0> <II = 1> <Delay = 1.13> <Storage> <Opcode : 'read' 'write' 'nbread' 'nbwrite'> <Ports = 0> <Width = 256> <Depth = 10> <FIFO>
ST_1 : Operation 61 [1/1] (0.00ns)   --->   "%arg0_arg1_streams_1_7 = alloca i64 1"   --->   Operation 61 'alloca' 'arg0_arg1_streams_1_7' <Predicate = true> <Delay = 0.00> <CoreInst = "FIFO">   --->   Core 78 'FIFO' <Latency = 0> <II = 1> <Delay = 1.13> <Storage> <Opcode : 'read' 'write' 'nbread' 'nbwrite'> <Ports = 0> <Width = 256> <Depth = 10> <FIFO>
ST_1 : Operation 62 [1/1] (0.00ns)   --->   "%arg0_poisson_kernel_stencil_in_subtile_stream_0 = alloca i64 1"   --->   Operation 62 'alloca' 'arg0_poisson_kernel_stencil_in_subtile_stream_0' <Predicate = true> <Delay = 0.00> <CoreInst = "FIFO_SRL">   --->   Core 81 'FIFO_SRL' <Latency = 0> <II = 1> <Delay = 1.41> <Storage> <Opcode : 'read' 'write' 'nbread' 'nbwrite'> <Ports = 0> <Width = 288> <Depth = 2> <FIFO>
ST_1 : Operation 63 [1/1] (0.00ns)   --->   "%arg0_poisson_kernel_stencil_in_subtile_stream_1 = alloca i64 1"   --->   Operation 63 'alloca' 'arg0_poisson_kernel_stencil_in_subtile_stream_1' <Predicate = true> <Delay = 0.00> <CoreInst = "FIFO_SRL">   --->   Core 81 'FIFO_SRL' <Latency = 0> <II = 1> <Delay = 1.41> <Storage> <Opcode : 'read' 'write' 'nbread' 'nbwrite'> <Ports = 0> <Width = 288> <Depth = 2> <FIFO>
ST_1 : Operation 64 [1/1] (0.00ns)   --->   "%arg0_poisson_kernel_stencil_in_subtile_stream_2 = alloca i64 1"   --->   Operation 64 'alloca' 'arg0_poisson_kernel_stencil_in_subtile_stream_2' <Predicate = true> <Delay = 0.00> <CoreInst = "FIFO_SRL">   --->   Core 81 'FIFO_SRL' <Latency = 0> <II = 1> <Delay = 1.41> <Storage> <Opcode : 'read' 'write' 'nbread' 'nbwrite'> <Ports = 0> <Width = 288> <Depth = 2> <FIFO>
ST_1 : Operation 65 [1/1] (0.00ns)   --->   "%arg0_poisson_kernel_stencil_in_subtile_stream_3 = alloca i64 1"   --->   Operation 65 'alloca' 'arg0_poisson_kernel_stencil_in_subtile_stream_3' <Predicate = true> <Delay = 0.00> <CoreInst = "FIFO_SRL">   --->   Core 81 'FIFO_SRL' <Latency = 0> <II = 1> <Delay = 1.41> <Storage> <Opcode : 'read' 'write' 'nbread' 'nbwrite'> <Ports = 0> <Width = 288> <Depth = 2> <FIFO>
ST_1 : Operation 66 [1/1] (0.00ns)   --->   "%arg0_poisson_kernel_stencil_in_subtile_stream_4 = alloca i64 1"   --->   Operation 66 'alloca' 'arg0_poisson_kernel_stencil_in_subtile_stream_4' <Predicate = true> <Delay = 0.00> <CoreInst = "FIFO_SRL">   --->   Core 81 'FIFO_SRL' <Latency = 0> <II = 1> <Delay = 1.41> <Storage> <Opcode : 'read' 'write' 'nbread' 'nbwrite'> <Ports = 0> <Width = 288> <Depth = 2> <FIFO>
ST_1 : Operation 67 [1/1] (0.00ns)   --->   "%arg0_poisson_kernel_stencil_in_subtile_stream_5 = alloca i64 1"   --->   Operation 67 'alloca' 'arg0_poisson_kernel_stencil_in_subtile_stream_5' <Predicate = true> <Delay = 0.00> <CoreInst = "FIFO_SRL">   --->   Core 81 'FIFO_SRL' <Latency = 0> <II = 1> <Delay = 1.41> <Storage> <Opcode : 'read' 'write' 'nbread' 'nbwrite'> <Ports = 0> <Width = 288> <Depth = 2> <FIFO>
ST_1 : Operation 68 [1/1] (0.00ns)   --->   "%arg0_poisson_kernel_stencil_in_subtile_stream_6 = alloca i64 1"   --->   Operation 68 'alloca' 'arg0_poisson_kernel_stencil_in_subtile_stream_6' <Predicate = true> <Delay = 0.00> <CoreInst = "FIFO_SRL">   --->   Core 81 'FIFO_SRL' <Latency = 0> <II = 1> <Delay = 1.41> <Storage> <Opcode : 'read' 'write' 'nbread' 'nbwrite'> <Ports = 0> <Width = 288> <Depth = 2> <FIFO>
ST_1 : Operation 69 [1/1] (0.00ns)   --->   "%arg0_poisson_kernel_stencil_in_subtile_stream_7 = alloca i64 1"   --->   Operation 69 'alloca' 'arg0_poisson_kernel_stencil_in_subtile_stream_7' <Predicate = true> <Delay = 0.00> <CoreInst = "FIFO_SRL">   --->   Core 81 'FIFO_SRL' <Latency = 0> <II = 1> <Delay = 1.41> <Storage> <Opcode : 'read' 'write' 'nbread' 'nbwrite'> <Ports = 0> <Width = 288> <Depth = 2> <FIFO>
ST_1 : Operation 70 [1/1] (0.00ns)   --->   "%arg1_poisson_kernel_stencil_out_subtile_stream_0 = alloca i64 1"   --->   Operation 70 'alloca' 'arg1_poisson_kernel_stencil_out_subtile_stream_0' <Predicate = true> <Delay = 0.00> <CoreInst = "FIFO_SRL">   --->   Core 81 'FIFO_SRL' <Latency = 0> <II = 1> <Delay = 1.41> <Storage> <Opcode : 'read' 'write' 'nbread' 'nbwrite'> <Ports = 0> <Width = 288> <Depth = 2> <FIFO>
ST_1 : Operation 71 [1/1] (0.00ns)   --->   "%arg1_poisson_kernel_stencil_out_subtile_stream_1 = alloca i64 1"   --->   Operation 71 'alloca' 'arg1_poisson_kernel_stencil_out_subtile_stream_1' <Predicate = true> <Delay = 0.00> <CoreInst = "FIFO_SRL">   --->   Core 81 'FIFO_SRL' <Latency = 0> <II = 1> <Delay = 1.41> <Storage> <Opcode : 'read' 'write' 'nbread' 'nbwrite'> <Ports = 0> <Width = 288> <Depth = 2> <FIFO>
ST_1 : Operation 72 [1/1] (0.00ns)   --->   "%arg1_poisson_kernel_stencil_out_subtile_stream_2 = alloca i64 1"   --->   Operation 72 'alloca' 'arg1_poisson_kernel_stencil_out_subtile_stream_2' <Predicate = true> <Delay = 0.00> <CoreInst = "FIFO_SRL">   --->   Core 81 'FIFO_SRL' <Latency = 0> <II = 1> <Delay = 1.41> <Storage> <Opcode : 'read' 'write' 'nbread' 'nbwrite'> <Ports = 0> <Width = 288> <Depth = 2> <FIFO>
ST_1 : Operation 73 [1/1] (0.00ns)   --->   "%arg1_poisson_kernel_stencil_out_subtile_stream_3 = alloca i64 1"   --->   Operation 73 'alloca' 'arg1_poisson_kernel_stencil_out_subtile_stream_3' <Predicate = true> <Delay = 0.00> <CoreInst = "FIFO_SRL">   --->   Core 81 'FIFO_SRL' <Latency = 0> <II = 1> <Delay = 1.41> <Storage> <Opcode : 'read' 'write' 'nbread' 'nbwrite'> <Ports = 0> <Width = 288> <Depth = 2> <FIFO>
ST_1 : Operation 74 [1/1] (0.00ns)   --->   "%arg1_poisson_kernel_stencil_out_subtile_stream_4 = alloca i64 1"   --->   Operation 74 'alloca' 'arg1_poisson_kernel_stencil_out_subtile_stream_4' <Predicate = true> <Delay = 0.00> <CoreInst = "FIFO_SRL">   --->   Core 81 'FIFO_SRL' <Latency = 0> <II = 1> <Delay = 1.41> <Storage> <Opcode : 'read' 'write' 'nbread' 'nbwrite'> <Ports = 0> <Width = 288> <Depth = 2> <FIFO>
ST_1 : Operation 75 [1/1] (0.00ns)   --->   "%arg1_poisson_kernel_stencil_out_subtile_stream_5 = alloca i64 1"   --->   Operation 75 'alloca' 'arg1_poisson_kernel_stencil_out_subtile_stream_5' <Predicate = true> <Delay = 0.00> <CoreInst = "FIFO_SRL">   --->   Core 81 'FIFO_SRL' <Latency = 0> <II = 1> <Delay = 1.41> <Storage> <Opcode : 'read' 'write' 'nbread' 'nbwrite'> <Ports = 0> <Width = 288> <Depth = 2> <FIFO>
ST_1 : Operation 76 [1/1] (0.00ns)   --->   "%arg1_poisson_kernel_stencil_out_subtile_stream_6 = alloca i64 1"   --->   Operation 76 'alloca' 'arg1_poisson_kernel_stencil_out_subtile_stream_6' <Predicate = true> <Delay = 0.00> <CoreInst = "FIFO_SRL">   --->   Core 81 'FIFO_SRL' <Latency = 0> <II = 1> <Delay = 1.41> <Storage> <Opcode : 'read' 'write' 'nbread' 'nbwrite'> <Ports = 0> <Width = 288> <Depth = 2> <FIFO>
ST_1 : Operation 77 [1/1] (0.00ns)   --->   "%arg1_poisson_kernel_stencil_out_subtile_stream_7 = alloca i64 1"   --->   Operation 77 'alloca' 'arg1_poisson_kernel_stencil_out_subtile_stream_7' <Predicate = true> <Delay = 0.00> <CoreInst = "FIFO_SRL">   --->   Core 81 'FIFO_SRL' <Latency = 0> <II = 1> <Delay = 1.41> <Storage> <Opcode : 'read' 'write' 'nbread' 'nbwrite'> <Ports = 0> <Width = 288> <Depth = 2> <FIFO>
ST_1 : Operation 78 [2/2] (1.21ns)   --->   "%call_ln111 = call void @axis2stream<256u>, i256 %arg0_0_axis_in_V_data_V, i32 %arg0_0_axis_in_V_keep_V, i32 %arg0_0_axis_in_V_strb_V, i1 %arg0_0_axis_in_V_last_V, i256 %arg0_arg1_streams_0_0, i29 %num_pkts_read, i29 %num_pkts_c27" [/home/x_thileeb/repos/ops-hls-batching-new/codegen_apps/tiling/poisson2d/u280_project/maxtile_8192_align_interleave_p7/hls/device/src/kernel_outerloop_0_0.cpp:111]   --->   Operation 78 'call' 'call_ln111' <Predicate = true> <Delay = 1.21> <CoreType = "Generic">   --->   Core 0 '' <Latency = 0> <II = 1> <Delay = 1.00> <Generic> <Opcode : >
ST_1 : Operation 79 [2/2] (1.21ns)   --->   "%call_ln112 = call void @axis2stream<256u>.1, i256 %arg0_1_axis_in_V_data_V, i32 %arg0_1_axis_in_V_keep_V, i32 %arg0_1_axis_in_V_strb_V, i1 %arg0_1_axis_in_V_last_V, i256 %arg0_arg1_streams_0_1, i29 %num_pkts_read" [/home/x_thileeb/repos/ops-hls-batching-new/codegen_apps/tiling/poisson2d/u280_project/maxtile_8192_align_interleave_p7/hls/device/src/kernel_outerloop_0_0.cpp:112]   --->   Operation 79 'call' 'call_ln112' <Predicate = true> <Delay = 1.21> <CoreType = "Generic">   --->   Core 0 '' <Latency = 0> <II = 1> <Delay = 1.00> <Generic> <Opcode : >
ST_1 : Operation 80 [2/2] (1.21ns)   --->   "%call_ln113 = call void @axis2stream<256u>.2, i256 %arg0_2_axis_in_V_data_V, i32 %arg0_2_axis_in_V_keep_V, i32 %arg0_2_axis_in_V_strb_V, i1 %arg0_2_axis_in_V_last_V, i256 %arg0_arg1_streams_0_2, i29 %num_pkts_read" [/home/x_thileeb/repos/ops-hls-batching-new/codegen_apps/tiling/poisson2d/u280_project/maxtile_8192_align_interleave_p7/hls/device/src/kernel_outerloop_0_0.cpp:113]   --->   Operation 80 'call' 'call_ln113' <Predicate = true> <Delay = 1.21> <CoreType = "Generic">   --->   Core 0 '' <Latency = 0> <II = 1> <Delay = 1.00> <Generic> <Opcode : >
ST_1 : Operation 81 [2/2] (1.21ns)   --->   "%call_ln114 = call void @axis2stream<256u>.3, i256 %arg0_3_axis_in_V_data_V, i32 %arg0_3_axis_in_V_keep_V, i32 %arg0_3_axis_in_V_strb_V, i1 %arg0_3_axis_in_V_last_V, i256 %arg0_arg1_streams_0_3, i29 %num_pkts_read" [/home/x_thileeb/repos/ops-hls-batching-new/codegen_apps/tiling/poisson2d/u280_project/maxtile_8192_align_interleave_p7/hls/device/src/kernel_outerloop_0_0.cpp:114]   --->   Operation 81 'call' 'call_ln114' <Predicate = true> <Delay = 1.21> <CoreType = "Generic">   --->   Core 0 '' <Latency = 0> <II = 1> <Delay = 1.00> <Generic> <Opcode : >
ST_1 : Operation 82 [2/2] (1.21ns)   --->   "%call_ln115 = call void @axis2stream<256u>.4, i256 %arg0_4_axis_in_V_data_V, i32 %arg0_4_axis_in_V_keep_V, i32 %arg0_4_axis_in_V_strb_V, i1 %arg0_4_axis_in_V_last_V, i256 %arg0_arg1_streams_0_4, i29 %num_pkts_read" [/home/x_thileeb/repos/ops-hls-batching-new/codegen_apps/tiling/poisson2d/u280_project/maxtile_8192_align_interleave_p7/hls/device/src/kernel_outerloop_0_0.cpp:115]   --->   Operation 82 'call' 'call_ln115' <Predicate = true> <Delay = 1.21> <CoreType = "Generic">   --->   Core 0 '' <Latency = 0> <II = 1> <Delay = 1.00> <Generic> <Opcode : >
ST_1 : Operation 83 [2/2] (1.21ns)   --->   "%call_ln116 = call void @axis2stream<256u>.5, i256 %arg0_5_axis_in_V_data_V, i32 %arg0_5_axis_in_V_keep_V, i32 %arg0_5_axis_in_V_strb_V, i1 %arg0_5_axis_in_V_last_V, i256 %arg0_arg1_streams_0_5, i29 %num_pkts_read" [/home/x_thileeb/repos/ops-hls-batching-new/codegen_apps/tiling/poisson2d/u280_project/maxtile_8192_align_interleave_p7/hls/device/src/kernel_outerloop_0_0.cpp:116]   --->   Operation 83 'call' 'call_ln116' <Predicate = true> <Delay = 1.21> <CoreType = "Generic">   --->   Core 0 '' <Latency = 0> <II = 1> <Delay = 1.00> <Generic> <Opcode : >
ST_1 : Operation 84 [2/2] (1.21ns)   --->   "%call_ln117 = call void @axis2stream<256u>.6, i256 %arg0_6_axis_in_V_data_V, i32 %arg0_6_axis_in_V_keep_V, i32 %arg0_6_axis_in_V_strb_V, i1 %arg0_6_axis_in_V_last_V, i256 %arg0_arg1_streams_0_6, i29 %num_pkts_read" [/home/x_thileeb/repos/ops-hls-batching-new/codegen_apps/tiling/poisson2d/u280_project/maxtile_8192_align_interleave_p7/hls/device/src/kernel_outerloop_0_0.cpp:117]   --->   Operation 84 'call' 'call_ln117' <Predicate = true> <Delay = 1.21> <CoreType = "Generic">   --->   Core 0 '' <Latency = 0> <II = 1> <Delay = 1.00> <Generic> <Opcode : >
ST_1 : Operation 85 [2/2] (1.21ns)   --->   "%call_ln118 = call void @axis2stream<256u>.7, i256 %arg0_7_axis_in_V_data_V, i32 %arg0_7_axis_in_V_keep_V, i32 %arg0_7_axis_in_V_strb_V, i1 %arg0_7_axis_in_V_last_V, i256 %arg0_arg1_streams_0_7, i29 %num_pkts_read" [/home/x_thileeb/repos/ops-hls-batching-new/codegen_apps/tiling/poisson2d/u280_project/maxtile_8192_align_interleave_p7/hls/device/src/kernel_outerloop_0_0.cpp:118]   --->   Operation 85 'call' 'call_ln118' <Predicate = true> <Delay = 1.21> <CoreType = "Generic">   --->   Core 0 '' <Latency = 0> <II = 1> <Delay = 1.00> <Generic> <Opcode : >

State 2 <SV = 1> <Delay = 0.00>
ST_2 : Operation 86 [1/2] (0.00ns)   --->   "%call_ln111 = call void @axis2stream<256u>, i256 %arg0_0_axis_in_V_data_V, i32 %arg0_0_axis_in_V_keep_V, i32 %arg0_0_axis_in_V_strb_V, i1 %arg0_0_axis_in_V_last_V, i256 %arg0_arg1_streams_0_0, i29 %num_pkts_read, i29 %num_pkts_c27" [/home/x_thileeb/repos/ops-hls-batching-new/codegen_apps/tiling/poisson2d/u280_project/maxtile_8192_align_interleave_p7/hls/device/src/kernel_outerloop_0_0.cpp:111]   --->   Operation 86 'call' 'call_ln111' <Predicate = true> <Delay = 0.00> <CoreType = "Generic">   --->   Core 0 '' <Latency = 0> <II = 1> <Delay = 1.00> <Generic> <Opcode : >
ST_2 : Operation 87 [1/2] (0.00ns)   --->   "%call_ln112 = call void @axis2stream<256u>.1, i256 %arg0_1_axis_in_V_data_V, i32 %arg0_1_axis_in_V_keep_V, i32 %arg0_1_axis_in_V_strb_V, i1 %arg0_1_axis_in_V_last_V, i256 %arg0_arg1_streams_0_1, i29 %num_pkts_read" [/home/x_thileeb/repos/ops-hls-batching-new/codegen_apps/tiling/poisson2d/u280_project/maxtile_8192_align_interleave_p7/hls/device/src/kernel_outerloop_0_0.cpp:112]   --->   Operation 87 'call' 'call_ln112' <Predicate = true> <Delay = 0.00> <CoreType = "Generic">   --->   Core 0 '' <Latency = 0> <II = 1> <Delay = 1.00> <Generic> <Opcode : >
ST_2 : Operation 88 [1/2] (0.00ns)   --->   "%call_ln113 = call void @axis2stream<256u>.2, i256 %arg0_2_axis_in_V_data_V, i32 %arg0_2_axis_in_V_keep_V, i32 %arg0_2_axis_in_V_strb_V, i1 %arg0_2_axis_in_V_last_V, i256 %arg0_arg1_streams_0_2, i29 %num_pkts_read" [/home/x_thileeb/repos/ops-hls-batching-new/codegen_apps/tiling/poisson2d/u280_project/maxtile_8192_align_interleave_p7/hls/device/src/kernel_outerloop_0_0.cpp:113]   --->   Operation 88 'call' 'call_ln113' <Predicate = true> <Delay = 0.00> <CoreType = "Generic">   --->   Core 0 '' <Latency = 0> <II = 1> <Delay = 1.00> <Generic> <Opcode : >
ST_2 : Operation 89 [1/2] (0.00ns)   --->   "%call_ln114 = call void @axis2stream<256u>.3, i256 %arg0_3_axis_in_V_data_V, i32 %arg0_3_axis_in_V_keep_V, i32 %arg0_3_axis_in_V_strb_V, i1 %arg0_3_axis_in_V_last_V, i256 %arg0_arg1_streams_0_3, i29 %num_pkts_read" [/home/x_thileeb/repos/ops-hls-batching-new/codegen_apps/tiling/poisson2d/u280_project/maxtile_8192_align_interleave_p7/hls/device/src/kernel_outerloop_0_0.cpp:114]   --->   Operation 89 'call' 'call_ln114' <Predicate = true> <Delay = 0.00> <CoreType = "Generic">   --->   Core 0 '' <Latency = 0> <II = 1> <Delay = 1.00> <Generic> <Opcode : >
ST_2 : Operation 90 [1/2] (0.00ns)   --->   "%call_ln115 = call void @axis2stream<256u>.4, i256 %arg0_4_axis_in_V_data_V, i32 %arg0_4_axis_in_V_keep_V, i32 %arg0_4_axis_in_V_strb_V, i1 %arg0_4_axis_in_V_last_V, i256 %arg0_arg1_streams_0_4, i29 %num_pkts_read" [/home/x_thileeb/repos/ops-hls-batching-new/codegen_apps/tiling/poisson2d/u280_project/maxtile_8192_align_interleave_p7/hls/device/src/kernel_outerloop_0_0.cpp:115]   --->   Operation 90 'call' 'call_ln115' <Predicate = true> <Delay = 0.00> <CoreType = "Generic">   --->   Core 0 '' <Latency = 0> <II = 1> <Delay = 1.00> <Generic> <Opcode : >
ST_2 : Operation 91 [1/2] (0.00ns)   --->   "%call_ln116 = call void @axis2stream<256u>.5, i256 %arg0_5_axis_in_V_data_V, i32 %arg0_5_axis_in_V_keep_V, i32 %arg0_5_axis_in_V_strb_V, i1 %arg0_5_axis_in_V_last_V, i256 %arg0_arg1_streams_0_5, i29 %num_pkts_read" [/home/x_thileeb/repos/ops-hls-batching-new/codegen_apps/tiling/poisson2d/u280_project/maxtile_8192_align_interleave_p7/hls/device/src/kernel_outerloop_0_0.cpp:116]   --->   Operation 91 'call' 'call_ln116' <Predicate = true> <Delay = 0.00> <CoreType = "Generic">   --->   Core 0 '' <Latency = 0> <II = 1> <Delay = 1.00> <Generic> <Opcode : >
ST_2 : Operation 92 [1/2] (0.00ns)   --->   "%call_ln117 = call void @axis2stream<256u>.6, i256 %arg0_6_axis_in_V_data_V, i32 %arg0_6_axis_in_V_keep_V, i32 %arg0_6_axis_in_V_strb_V, i1 %arg0_6_axis_in_V_last_V, i256 %arg0_arg1_streams_0_6, i29 %num_pkts_read" [/home/x_thileeb/repos/ops-hls-batching-new/codegen_apps/tiling/poisson2d/u280_project/maxtile_8192_align_interleave_p7/hls/device/src/kernel_outerloop_0_0.cpp:117]   --->   Operation 92 'call' 'call_ln117' <Predicate = true> <Delay = 0.00> <CoreType = "Generic">   --->   Core 0 '' <Latency = 0> <II = 1> <Delay = 1.00> <Generic> <Opcode : >
ST_2 : Operation 93 [1/2] (0.00ns)   --->   "%call_ln118 = call void @axis2stream<256u>.7, i256 %arg0_7_axis_in_V_data_V, i32 %arg0_7_axis_in_V_keep_V, i32 %arg0_7_axis_in_V_strb_V, i1 %arg0_7_axis_in_V_last_V, i256 %arg0_arg1_streams_0_7, i29 %num_pkts_read" [/home/x_thileeb/repos/ops-hls-batching-new/codegen_apps/tiling/poisson2d/u280_project/maxtile_8192_align_interleave_p7/hls/device/src/kernel_outerloop_0_0.cpp:118]   --->   Operation 93 'call' 'call_ln118' <Predicate = true> <Delay = 0.00> <CoreType = "Generic">   --->   Core 0 '' <Latency = 0> <II = 1> <Delay = 1.00> <Generic> <Opcode : >

State 3 <SV = 2> <Delay = 0.00>
ST_3 : Operation 94 [2/2] (0.00ns)   --->   "%call_ln124 = call void @stream2interleave, i256 %arg0_arg1_streams_0_0, i256 %arg0_arg1_streams_0_1, i256 %arg0_arg1_streams_0_2, i256 %arg0_arg1_streams_0_3, i256 %arg0_arg1_streams_0_4, i256 %arg0_arg1_streams_0_5, i256 %arg0_arg1_streams_0_6, i256 %arg0_arg1_streams_0_7, i288 %arg0_poisson_kernel_stencil_in_subtile_stream_0, i288 %arg0_poisson_kernel_stencil_in_subtile_stream_1, i288 %arg0_poisson_kernel_stencil_in_subtile_stream_2, i288 %arg0_poisson_kernel_stencil_in_subtile_stream_3, i288 %arg0_poisson_kernel_stencil_in_subtile_stream_4, i288 %arg0_poisson_kernel_stencil_in_subtile_stream_5, i288 %arg0_poisson_kernel_stencil_in_subtile_stream_6, i288 %arg0_poisson_kernel_stencil_in_subtile_stream_7, i29 %num_pkts_c27, i29 %num_pkts_c26" [/home/x_thileeb/repos/ops-hls-batching-new/codegen_apps/tiling/poisson2d/u280_project/maxtile_8192_align_interleave_p7/hls/device/src/kernel_outerloop_0_0.cpp:124]   --->   Operation 94 'call' 'call_ln124' <Predicate = true> <Delay = 0.00> <CoreType = "Generic">   --->   Core 0 '' <Latency = 0> <II = 1> <Delay = 1.00> <Generic> <Opcode : >

State 4 <SV = 3> <Delay = 1.21>
ST_4 : Operation 95 [1/1] (0.00ns)   --->   "%p_read511 = read i14 @_ssdm_op_Read.ap_auto.i14, i14 %p_read5"   --->   Operation 95 'read' 'p_read511' <Predicate = true> <Delay = 0.00>
ST_4 : Operation 96 [1/1] (0.00ns)   --->   "%p_read410 = read i1 @_ssdm_op_Read.ap_auto.i1, i1 %p_read4"   --->   Operation 96 'read' 'p_read410' <Predicate = true> <Delay = 0.00>
ST_4 : Operation 97 [1/1] (0.00ns)   --->   "%p_read39 = read i16 @_ssdm_op_Read.ap_auto.i16, i16 %p_read3"   --->   Operation 97 'read' 'p_read39' <Predicate = true> <Delay = 0.00>
ST_4 : Operation 98 [1/1] (0.00ns)   --->   "%p_read28 = read i16 @_ssdm_op_Read.ap_auto.i16, i16 %p_read2"   --->   Operation 98 'read' 'p_read28' <Predicate = true> <Delay = 0.00>
ST_4 : Operation 99 [1/1] (0.00ns)   --->   "%p_read17 = read i16 @_ssdm_op_Read.ap_auto.i16, i16 %p_read1"   --->   Operation 99 'read' 'p_read17' <Predicate = true> <Delay = 0.00>
ST_4 : Operation 100 [1/1] (0.00ns)   --->   "%p_read_21 = read i14 @_ssdm_op_Read.ap_auto.i14, i14 %p_read"   --->   Operation 100 'read' 'p_read_21' <Predicate = true> <Delay = 0.00>
ST_4 : Operation 101 [1/1] (1.21ns)   --->   "%call_ln0 = call void @entry_proc, i14 %p_read_21, i14 %stencilConfig_0_0_c, i14 %stencilConfig_0_0_c1, i14 %stencilConfig_0_0_c2, i14 %stencilConfig_0_0_c3, i16 %p_read17, i16 %stencilConfig_0_1_c, i16 %stencilConfig_0_1_c4, i16 %stencilConfig_0_1_c5, i16 %stencilConfig_0_1_c6, i16 %p_read28, i16 %stencilConfig_2_c, i16 %stencilConfig_2_c7, i16 %stencilConfig_2_c8, i16 %stencilConfig_2_c9, i16 %p_read39, i16 %stencilConfig_3_c, i16 %stencilConfig_3_c10, i16 %stencilConfig_3_c11, i16 %stencilConfig_3_c12, i1 %p_read410, i1 %stencilConfig_5_0_c, i1 %stencilConfig_5_0_c13, i1 %stencilConfig_5_0_c14, i1 %stencilConfig_5_0_c15, i14 %p_read511, i14 %stencilConfig_6_c, i14 %stencilConfig_6_c16, i14 %stencilConfig_6_c17, i14 %stencilConfig_6_c18"   --->   Operation 101 'call' 'call_ln0' <Predicate = true> <Delay = 1.21> <CoreType = "Generic">   --->   Core 0 '' <Latency = 0> <II = 1> <Delay = 1.00> <Generic> <Opcode : >
ST_4 : Operation 102 [1/2] (0.00ns)   --->   "%call_ln124 = call void @stream2interleave, i256 %arg0_arg1_streams_0_0, i256 %arg0_arg1_streams_0_1, i256 %arg0_arg1_streams_0_2, i256 %arg0_arg1_streams_0_3, i256 %arg0_arg1_streams_0_4, i256 %arg0_arg1_streams_0_5, i256 %arg0_arg1_streams_0_6, i256 %arg0_arg1_streams_0_7, i288 %arg0_poisson_kernel_stencil_in_subtile_stream_0, i288 %arg0_poisson_kernel_stencil_in_subtile_stream_1, i288 %arg0_poisson_kernel_stencil_in_subtile_stream_2, i288 %arg0_poisson_kernel_stencil_in_subtile_stream_3, i288 %arg0_poisson_kernel_stencil_in_subtile_stream_4, i288 %arg0_poisson_kernel_stencil_in_subtile_stream_5, i288 %arg0_poisson_kernel_stencil_in_subtile_stream_6, i288 %arg0_poisson_kernel_stencil_in_subtile_stream_7, i29 %num_pkts_c27, i29 %num_pkts_c26" [/home/x_thileeb/repos/ops-hls-batching-new/codegen_apps/tiling/poisson2d/u280_project/maxtile_8192_align_interleave_p7/hls/device/src/kernel_outerloop_0_0.cpp:124]   --->   Operation 102 'call' 'call_ln124' <Predicate = true> <Delay = 0.00> <CoreType = "Generic">   --->   Core 0 '' <Latency = 0> <II = 1> <Delay = 1.00> <Generic> <Opcode : >

State 5 <SV = 4> <Delay = 0.00>
ST_5 : Operation 103 [2/2] (0.00ns)   --->   "%call_ln125 = call void @kernel_poisson_kernel_stencil_PE<(unsigned short)4, (unsigned short)0>, i14 %stencilConfig_0_0_c3, i16 %stencilConfig_0_1_c6, i16 %stencilConfig_2_c9, i16 %stencilConfig_3_c12, i1 %stencilConfig_5_0_c15, i14 %stencilConfig_6_c18, i288 %arg0_poisson_kernel_stencil_in_subtile_stream_0, i288 %arg0_poisson_kernel_stencil_in_subtile_stream_1, i288 %arg1_poisson_kernel_stencil_out_subtile_stream_0, i288 %arg1_poisson_kernel_stencil_out_subtile_stream_1" [/home/x_thileeb/repos/ops-hls-batching-new/codegen_apps/tiling/poisson2d/u280_project/maxtile_8192_align_interleave_p7/hls/device/src/kernel_outerloop_0_0.cpp:125]   --->   Operation 103 'call' 'call_ln125' <Predicate = true> <Delay = 0.00> <CoreType = "Generic">   --->   Core 0 '' <Latency = 0> <II = 1> <Delay = 1.00> <Generic> <Opcode : >
ST_5 : Operation 104 [2/2] (0.00ns)   --->   "%call_ln134 = call void @kernel_poisson_kernel_stencil_PE<(unsigned short)4, (unsigned short)1>, i14 %stencilConfig_0_0_c2, i16 %stencilConfig_0_1_c5, i16 %stencilConfig_2_c8, i16 %stencilConfig_3_c11, i1 %stencilConfig_5_0_c14, i14 %stencilConfig_6_c17, i288 %arg0_poisson_kernel_stencil_in_subtile_stream_2, i288 %arg0_poisson_kernel_stencil_in_subtile_stream_3, i288 %arg1_poisson_kernel_stencil_out_subtile_stream_2, i288 %arg1_poisson_kernel_stencil_out_subtile_stream_3" [/home/x_thileeb/repos/ops-hls-batching-new/codegen_apps/tiling/poisson2d/u280_project/maxtile_8192_align_interleave_p7/hls/device/src/kernel_outerloop_0_0.cpp:134]   --->   Operation 104 'call' 'call_ln134' <Predicate = true> <Delay = 0.00> <CoreType = "Generic">   --->   Core 0 '' <Latency = 0> <II = 1> <Delay = 1.00> <Generic> <Opcode : >
ST_5 : Operation 105 [2/2] (0.00ns)   --->   "%call_ln143 = call void @kernel_poisson_kernel_stencil_PE<(unsigned short)4, (unsigned short)2>, i14 %stencilConfig_0_0_c1, i16 %stencilConfig_0_1_c4, i16 %stencilConfig_2_c7, i16 %stencilConfig_3_c10, i1 %stencilConfig_5_0_c13, i14 %stencilConfig_6_c16, i288 %arg0_poisson_kernel_stencil_in_subtile_stream_4, i288 %arg0_poisson_kernel_stencil_in_subtile_stream_5, i288 %arg1_poisson_kernel_stencil_out_subtile_stream_4, i288 %arg1_poisson_kernel_stencil_out_subtile_stream_5" [/home/x_thileeb/repos/ops-hls-batching-new/codegen_apps/tiling/poisson2d/u280_project/maxtile_8192_align_interleave_p7/hls/device/src/kernel_outerloop_0_0.cpp:143]   --->   Operation 105 'call' 'call_ln143' <Predicate = true> <Delay = 0.00> <CoreType = "Generic">   --->   Core 0 '' <Latency = 0> <II = 1> <Delay = 1.00> <Generic> <Opcode : >
ST_5 : Operation 106 [2/2] (0.00ns)   --->   "%call_ln152 = call void @kernel_poisson_kernel_stencil_PE<(unsigned short)4, (unsigned short)3>, i14 %stencilConfig_0_0_c, i16 %stencilConfig_0_1_c, i16 %stencilConfig_2_c, i16 %stencilConfig_3_c, i1 %stencilConfig_5_0_c, i14 %stencilConfig_6_c, i288 %arg0_poisson_kernel_stencil_in_subtile_stream_6, i288 %arg0_poisson_kernel_stencil_in_subtile_stream_7, i288 %arg1_poisson_kernel_stencil_out_subtile_stream_6, i288 %arg1_poisson_kernel_stencil_out_subtile_stream_7" [/home/x_thileeb/repos/ops-hls-batching-new/codegen_apps/tiling/poisson2d/u280_project/maxtile_8192_align_interleave_p7/hls/device/src/kernel_outerloop_0_0.cpp:152]   --->   Operation 106 'call' 'call_ln152' <Predicate = true> <Delay = 0.00> <CoreType = "Generic">   --->   Core 0 '' <Latency = 0> <II = 1> <Delay = 1.00> <Generic> <Opcode : >

State 6 <SV = 5> <Delay = 0.00>
ST_6 : Operation 107 [1/2] (0.00ns)   --->   "%call_ln125 = call void @kernel_poisson_kernel_stencil_PE<(unsigned short)4, (unsigned short)0>, i14 %stencilConfig_0_0_c3, i16 %stencilConfig_0_1_c6, i16 %stencilConfig_2_c9, i16 %stencilConfig_3_c12, i1 %stencilConfig_5_0_c15, i14 %stencilConfig_6_c18, i288 %arg0_poisson_kernel_stencil_in_subtile_stream_0, i288 %arg0_poisson_kernel_stencil_in_subtile_stream_1, i288 %arg1_poisson_kernel_stencil_out_subtile_stream_0, i288 %arg1_poisson_kernel_stencil_out_subtile_stream_1" [/home/x_thileeb/repos/ops-hls-batching-new/codegen_apps/tiling/poisson2d/u280_project/maxtile_8192_align_interleave_p7/hls/device/src/kernel_outerloop_0_0.cpp:125]   --->   Operation 107 'call' 'call_ln125' <Predicate = true> <Delay = 0.00> <CoreType = "Generic">   --->   Core 0 '' <Latency = 0> <II = 1> <Delay = 1.00> <Generic> <Opcode : >
ST_6 : Operation 108 [1/2] (0.00ns)   --->   "%call_ln134 = call void @kernel_poisson_kernel_stencil_PE<(unsigned short)4, (unsigned short)1>, i14 %stencilConfig_0_0_c2, i16 %stencilConfig_0_1_c5, i16 %stencilConfig_2_c8, i16 %stencilConfig_3_c11, i1 %stencilConfig_5_0_c14, i14 %stencilConfig_6_c17, i288 %arg0_poisson_kernel_stencil_in_subtile_stream_2, i288 %arg0_poisson_kernel_stencil_in_subtile_stream_3, i288 %arg1_poisson_kernel_stencil_out_subtile_stream_2, i288 %arg1_poisson_kernel_stencil_out_subtile_stream_3" [/home/x_thileeb/repos/ops-hls-batching-new/codegen_apps/tiling/poisson2d/u280_project/maxtile_8192_align_interleave_p7/hls/device/src/kernel_outerloop_0_0.cpp:134]   --->   Operation 108 'call' 'call_ln134' <Predicate = true> <Delay = 0.00> <CoreType = "Generic">   --->   Core 0 '' <Latency = 0> <II = 1> <Delay = 1.00> <Generic> <Opcode : >
ST_6 : Operation 109 [1/2] (0.00ns)   --->   "%call_ln143 = call void @kernel_poisson_kernel_stencil_PE<(unsigned short)4, (unsigned short)2>, i14 %stencilConfig_0_0_c1, i16 %stencilConfig_0_1_c4, i16 %stencilConfig_2_c7, i16 %stencilConfig_3_c10, i1 %stencilConfig_5_0_c13, i14 %stencilConfig_6_c16, i288 %arg0_poisson_kernel_stencil_in_subtile_stream_4, i288 %arg0_poisson_kernel_stencil_in_subtile_stream_5, i288 %arg1_poisson_kernel_stencil_out_subtile_stream_4, i288 %arg1_poisson_kernel_stencil_out_subtile_stream_5" [/home/x_thileeb/repos/ops-hls-batching-new/codegen_apps/tiling/poisson2d/u280_project/maxtile_8192_align_interleave_p7/hls/device/src/kernel_outerloop_0_0.cpp:143]   --->   Operation 109 'call' 'call_ln143' <Predicate = true> <Delay = 0.00> <CoreType = "Generic">   --->   Core 0 '' <Latency = 0> <II = 1> <Delay = 1.00> <Generic> <Opcode : >
ST_6 : Operation 110 [1/2] (0.00ns)   --->   "%call_ln152 = call void @kernel_poisson_kernel_stencil_PE<(unsigned short)4, (unsigned short)3>, i14 %stencilConfig_0_0_c, i16 %stencilConfig_0_1_c, i16 %stencilConfig_2_c, i16 %stencilConfig_3_c, i1 %stencilConfig_5_0_c, i14 %stencilConfig_6_c, i288 %arg0_poisson_kernel_stencil_in_subtile_stream_6, i288 %arg0_poisson_kernel_stencil_in_subtile_stream_7, i288 %arg1_poisson_kernel_stencil_out_subtile_stream_6, i288 %arg1_poisson_kernel_stencil_out_subtile_stream_7" [/home/x_thileeb/repos/ops-hls-batching-new/codegen_apps/tiling/poisson2d/u280_project/maxtile_8192_align_interleave_p7/hls/device/src/kernel_outerloop_0_0.cpp:152]   --->   Operation 110 'call' 'call_ln152' <Predicate = true> <Delay = 0.00> <CoreType = "Generic">   --->   Core 0 '' <Latency = 0> <II = 1> <Delay = 1.00> <Generic> <Opcode : >

State 7 <SV = 6> <Delay = 0.00>
ST_7 : Operation 111 [2/2] (0.00ns)   --->   "%call_ln161 = call void @interleave2stream, i288 %arg1_poisson_kernel_stencil_out_subtile_stream_0, i288 %arg1_poisson_kernel_stencil_out_subtile_stream_1, i288 %arg1_poisson_kernel_stencil_out_subtile_stream_2, i288 %arg1_poisson_kernel_stencil_out_subtile_stream_3, i288 %arg1_poisson_kernel_stencil_out_subtile_stream_4, i288 %arg1_poisson_kernel_stencil_out_subtile_stream_5, i288 %arg1_poisson_kernel_stencil_out_subtile_stream_6, i288 %arg1_poisson_kernel_stencil_out_subtile_stream_7, i256 %arg0_arg1_streams_1_0, i256 %arg0_arg1_streams_1_1, i256 %arg0_arg1_streams_1_2, i256 %arg0_arg1_streams_1_3, i256 %arg0_arg1_streams_1_4, i256 %arg0_arg1_streams_1_5, i256 %arg0_arg1_streams_1_6, i256 %arg0_arg1_streams_1_7, i29 %num_pkts_c26, i29 %num_pkts_c, i29 %num_pkts_c19, i29 %num_pkts_c20, i29 %num_pkts_c21, i29 %num_pkts_c22, i29 %num_pkts_c23, i29 %num_pkts_c24, i29 %num_pkts_c25" [/home/x_thileeb/repos/ops-hls-batching-new/codegen_apps/tiling/poisson2d/u280_project/maxtile_8192_align_interleave_p7/hls/device/src/kernel_outerloop_0_0.cpp:161]   --->   Operation 111 'call' 'call_ln161' <Predicate = true> <Delay = 0.00> <CoreType = "Generic">   --->   Core 0 '' <Latency = 0> <II = 1> <Delay = 1.00> <Generic> <Opcode : >

State 8 <SV = 7> <Delay = 0.00>
ST_8 : Operation 112 [1/2] (0.00ns)   --->   "%call_ln161 = call void @interleave2stream, i288 %arg1_poisson_kernel_stencil_out_subtile_stream_0, i288 %arg1_poisson_kernel_stencil_out_subtile_stream_1, i288 %arg1_poisson_kernel_stencil_out_subtile_stream_2, i288 %arg1_poisson_kernel_stencil_out_subtile_stream_3, i288 %arg1_poisson_kernel_stencil_out_subtile_stream_4, i288 %arg1_poisson_kernel_stencil_out_subtile_stream_5, i288 %arg1_poisson_kernel_stencil_out_subtile_stream_6, i288 %arg1_poisson_kernel_stencil_out_subtile_stream_7, i256 %arg0_arg1_streams_1_0, i256 %arg0_arg1_streams_1_1, i256 %arg0_arg1_streams_1_2, i256 %arg0_arg1_streams_1_3, i256 %arg0_arg1_streams_1_4, i256 %arg0_arg1_streams_1_5, i256 %arg0_arg1_streams_1_6, i256 %arg0_arg1_streams_1_7, i29 %num_pkts_c26, i29 %num_pkts_c, i29 %num_pkts_c19, i29 %num_pkts_c20, i29 %num_pkts_c21, i29 %num_pkts_c22, i29 %num_pkts_c23, i29 %num_pkts_c24, i29 %num_pkts_c25" [/home/x_thileeb/repos/ops-hls-batching-new/codegen_apps/tiling/poisson2d/u280_project/maxtile_8192_align_interleave_p7/hls/device/src/kernel_outerloop_0_0.cpp:161]   --->   Operation 112 'call' 'call_ln161' <Predicate = true> <Delay = 0.00> <CoreType = "Generic">   --->   Core 0 '' <Latency = 0> <II = 1> <Delay = 1.00> <Generic> <Opcode : >

State 9 <SV = 8> <Delay = 0.00>
ST_9 : Operation 113 [2/2] (0.00ns)   --->   "%call_ln164 = call void @stream2axis<256u>, i256 %arg0_arg1_streams_1_0, i256 %arg1_0_axis_out_V_data_V, i32 %arg1_0_axis_out_V_keep_V, i32 %arg1_0_axis_out_V_strb_V, i1 %arg1_0_axis_out_V_last_V, i29 %num_pkts_c25" [/home/x_thileeb/repos/ops-hls-batching-new/codegen_apps/tiling/poisson2d/u280_project/maxtile_8192_align_interleave_p7/hls/device/src/kernel_outerloop_0_0.cpp:164]   --->   Operation 113 'call' 'call_ln164' <Predicate = true> <Delay = 0.00> <CoreType = "Generic">   --->   Core 0 '' <Latency = 0> <II = 1> <Delay = 1.00> <Generic> <Opcode : >
ST_9 : Operation 114 [2/2] (0.00ns)   --->   "%call_ln165 = call void @stream2axis<256u>.8, i256 %arg0_arg1_streams_1_1, i256 %arg1_1_axis_out_V_data_V, i32 %arg1_1_axis_out_V_keep_V, i32 %arg1_1_axis_out_V_strb_V, i1 %arg1_1_axis_out_V_last_V, i29 %num_pkts_c24" [/home/x_thileeb/repos/ops-hls-batching-new/codegen_apps/tiling/poisson2d/u280_project/maxtile_8192_align_interleave_p7/hls/device/src/kernel_outerloop_0_0.cpp:165]   --->   Operation 114 'call' 'call_ln165' <Predicate = true> <Delay = 0.00> <CoreType = "Generic">   --->   Core 0 '' <Latency = 0> <II = 1> <Delay = 1.00> <Generic> <Opcode : >
ST_9 : Operation 115 [2/2] (0.00ns)   --->   "%call_ln166 = call void @stream2axis<256u>.9, i256 %arg0_arg1_streams_1_2, i256 %arg1_2_axis_out_V_data_V, i32 %arg1_2_axis_out_V_keep_V, i32 %arg1_2_axis_out_V_strb_V, i1 %arg1_2_axis_out_V_last_V, i29 %num_pkts_c23" [/home/x_thileeb/repos/ops-hls-batching-new/codegen_apps/tiling/poisson2d/u280_project/maxtile_8192_align_interleave_p7/hls/device/src/kernel_outerloop_0_0.cpp:166]   --->   Operation 115 'call' 'call_ln166' <Predicate = true> <Delay = 0.00> <CoreType = "Generic">   --->   Core 0 '' <Latency = 0> <II = 1> <Delay = 1.00> <Generic> <Opcode : >
ST_9 : Operation 116 [2/2] (0.00ns)   --->   "%call_ln167 = call void @stream2axis<256u>.10, i256 %arg0_arg1_streams_1_3, i256 %arg1_3_axis_out_V_data_V, i32 %arg1_3_axis_out_V_keep_V, i32 %arg1_3_axis_out_V_strb_V, i1 %arg1_3_axis_out_V_last_V, i29 %num_pkts_c22" [/home/x_thileeb/repos/ops-hls-batching-new/codegen_apps/tiling/poisson2d/u280_project/maxtile_8192_align_interleave_p7/hls/device/src/kernel_outerloop_0_0.cpp:167]   --->   Operation 116 'call' 'call_ln167' <Predicate = true> <Delay = 0.00> <CoreType = "Generic">   --->   Core 0 '' <Latency = 0> <II = 1> <Delay = 1.00> <Generic> <Opcode : >
ST_9 : Operation 117 [2/2] (0.00ns)   --->   "%call_ln168 = call void @stream2axis<256u>.11, i256 %arg0_arg1_streams_1_4, i256 %arg1_4_axis_out_V_data_V, i32 %arg1_4_axis_out_V_keep_V, i32 %arg1_4_axis_out_V_strb_V, i1 %arg1_4_axis_out_V_last_V, i29 %num_pkts_c21" [/home/x_thileeb/repos/ops-hls-batching-new/codegen_apps/tiling/poisson2d/u280_project/maxtile_8192_align_interleave_p7/hls/device/src/kernel_outerloop_0_0.cpp:168]   --->   Operation 117 'call' 'call_ln168' <Predicate = true> <Delay = 0.00> <CoreType = "Generic">   --->   Core 0 '' <Latency = 0> <II = 1> <Delay = 1.00> <Generic> <Opcode : >
ST_9 : Operation 118 [2/2] (0.00ns)   --->   "%call_ln169 = call void @stream2axis<256u>.12, i256 %arg0_arg1_streams_1_5, i256 %arg1_5_axis_out_V_data_V, i32 %arg1_5_axis_out_V_keep_V, i32 %arg1_5_axis_out_V_strb_V, i1 %arg1_5_axis_out_V_last_V, i29 %num_pkts_c20" [/home/x_thileeb/repos/ops-hls-batching-new/codegen_apps/tiling/poisson2d/u280_project/maxtile_8192_align_interleave_p7/hls/device/src/kernel_outerloop_0_0.cpp:169]   --->   Operation 118 'call' 'call_ln169' <Predicate = true> <Delay = 0.00> <CoreType = "Generic">   --->   Core 0 '' <Latency = 0> <II = 1> <Delay = 1.00> <Generic> <Opcode : >
ST_9 : Operation 119 [2/2] (0.00ns)   --->   "%call_ln170 = call void @stream2axis<256u>.13, i256 %arg0_arg1_streams_1_6, i256 %arg1_6_axis_out_V_data_V, i32 %arg1_6_axis_out_V_keep_V, i32 %arg1_6_axis_out_V_strb_V, i1 %arg1_6_axis_out_V_last_V, i29 %num_pkts_c19" [/home/x_thileeb/repos/ops-hls-batching-new/codegen_apps/tiling/poisson2d/u280_project/maxtile_8192_align_interleave_p7/hls/device/src/kernel_outerloop_0_0.cpp:170]   --->   Operation 119 'call' 'call_ln170' <Predicate = true> <Delay = 0.00> <CoreType = "Generic">   --->   Core 0 '' <Latency = 0> <II = 1> <Delay = 1.00> <Generic> <Opcode : >
ST_9 : Operation 120 [2/2] (0.00ns)   --->   "%call_ln171 = call void @stream2axis<256u>.14, i256 %arg0_arg1_streams_1_7, i256 %arg1_7_axis_out_V_data_V, i32 %arg1_7_axis_out_V_keep_V, i32 %arg1_7_axis_out_V_strb_V, i1 %arg1_7_axis_out_V_last_V, i29 %num_pkts_c" [/home/x_thileeb/repos/ops-hls-batching-new/codegen_apps/tiling/poisson2d/u280_project/maxtile_8192_align_interleave_p7/hls/device/src/kernel_outerloop_0_0.cpp:171]   --->   Operation 120 'call' 'call_ln171' <Predicate = true> <Delay = 0.00> <CoreType = "Generic">   --->   Core 0 '' <Latency = 0> <II = 1> <Delay = 1.00> <Generic> <Opcode : >

State 10 <SV = 9> <Delay = 0.00>
ST_10 : Operation 121 [1/1] (0.00ns)   --->   "%empty = specchannel i32 @_ssdm_op_SpecChannel, void @num_pkts_c27_str, i32 1, void @p_str, void @p_str, i32 2, i32 0, i29 %num_pkts_c27, i29 %num_pkts_c27"   --->   Operation 121 'specchannel' 'empty' <Predicate = true> <Delay = 0.00>
ST_10 : Operation 122 [1/1] (0.00ns)   --->   "%specinterface_ln0 = specinterface void @_ssdm_op_SpecInterface, i29 %num_pkts_c27, void @ap_fifo_str, i32 0, i32 0, void @p_str, i32 0, i32 0, void @p_str, void @p_str, void @p_str, i32 2, i32 2, i32 16, i32 16, void @p_str, void @p_str, i32 4294967295, i32 0"   --->   Operation 122 'specinterface' 'specinterface_ln0' <Predicate = true> <Delay = 0.00>
ST_10 : Operation 123 [1/1] (0.00ns)   --->   "%empty_68 = specchannel i32 @_ssdm_op_SpecChannel, void @num_pkts_c26_str, i32 1, void @p_str, void @p_str, i32 3, i32 0, i29 %num_pkts_c26, i29 %num_pkts_c26"   --->   Operation 123 'specchannel' 'empty_68' <Predicate = true> <Delay = 0.00>
ST_10 : Operation 124 [1/1] (0.00ns)   --->   "%specinterface_ln0 = specinterface void @_ssdm_op_SpecInterface, i29 %num_pkts_c26, void @ap_fifo_str, i32 0, i32 0, void @p_str, i32 0, i32 0, void @p_str, void @p_str, void @p_str, i32 2, i32 2, i32 16, i32 16, void @p_str, void @p_str, i32 4294967295, i32 0"   --->   Operation 124 'specinterface' 'specinterface_ln0' <Predicate = true> <Delay = 0.00>
ST_10 : Operation 125 [1/1] (0.00ns)   --->   "%empty_69 = specchannel i32 @_ssdm_op_SpecChannel, void @num_pkts_c25_str, i32 1, void @p_str, void @p_str, i32 2, i32 0, i29 %num_pkts_c25, i29 %num_pkts_c25"   --->   Operation 125 'specchannel' 'empty_69' <Predicate = true> <Delay = 0.00>
ST_10 : Operation 126 [1/1] (0.00ns)   --->   "%specinterface_ln0 = specinterface void @_ssdm_op_SpecInterface, i29 %num_pkts_c25, void @ap_fifo_str, i32 0, i32 0, void @p_str, i32 0, i32 0, void @p_str, void @p_str, void @p_str, i32 2, i32 2, i32 16, i32 16, void @p_str, void @p_str, i32 4294967295, i32 0"   --->   Operation 126 'specinterface' 'specinterface_ln0' <Predicate = true> <Delay = 0.00>
ST_10 : Operation 127 [1/1] (0.00ns)   --->   "%empty_70 = specchannel i32 @_ssdm_op_SpecChannel, void @num_pkts_c24_str, i32 1, void @p_str, void @p_str, i32 2, i32 0, i29 %num_pkts_c24, i29 %num_pkts_c24"   --->   Operation 127 'specchannel' 'empty_70' <Predicate = true> <Delay = 0.00>
ST_10 : Operation 128 [1/1] (0.00ns)   --->   "%specinterface_ln0 = specinterface void @_ssdm_op_SpecInterface, i29 %num_pkts_c24, void @ap_fifo_str, i32 0, i32 0, void @p_str, i32 0, i32 0, void @p_str, void @p_str, void @p_str, i32 2, i32 2, i32 16, i32 16, void @p_str, void @p_str, i32 4294967295, i32 0"   --->   Operation 128 'specinterface' 'specinterface_ln0' <Predicate = true> <Delay = 0.00>
ST_10 : Operation 129 [1/1] (0.00ns)   --->   "%empty_71 = specchannel i32 @_ssdm_op_SpecChannel, void @num_pkts_c23_str, i32 1, void @p_str, void @p_str, i32 2, i32 0, i29 %num_pkts_c23, i29 %num_pkts_c23"   --->   Operation 129 'specchannel' 'empty_71' <Predicate = true> <Delay = 0.00>
ST_10 : Operation 130 [1/1] (0.00ns)   --->   "%specinterface_ln0 = specinterface void @_ssdm_op_SpecInterface, i29 %num_pkts_c23, void @ap_fifo_str, i32 0, i32 0, void @p_str, i32 0, i32 0, void @p_str, void @p_str, void @p_str, i32 2, i32 2, i32 16, i32 16, void @p_str, void @p_str, i32 4294967295, i32 0"   --->   Operation 130 'specinterface' 'specinterface_ln0' <Predicate = true> <Delay = 0.00>
ST_10 : Operation 131 [1/1] (0.00ns)   --->   "%empty_72 = specchannel i32 @_ssdm_op_SpecChannel, void @num_pkts_c22_str, i32 1, void @p_str, void @p_str, i32 2, i32 0, i29 %num_pkts_c22, i29 %num_pkts_c22"   --->   Operation 131 'specchannel' 'empty_72' <Predicate = true> <Delay = 0.00>
ST_10 : Operation 132 [1/1] (0.00ns)   --->   "%specinterface_ln0 = specinterface void @_ssdm_op_SpecInterface, i29 %num_pkts_c22, void @ap_fifo_str, i32 0, i32 0, void @p_str, i32 0, i32 0, void @p_str, void @p_str, void @p_str, i32 2, i32 2, i32 16, i32 16, void @p_str, void @p_str, i32 4294967295, i32 0"   --->   Operation 132 'specinterface' 'specinterface_ln0' <Predicate = true> <Delay = 0.00>
ST_10 : Operation 133 [1/1] (0.00ns)   --->   "%empty_73 = specchannel i32 @_ssdm_op_SpecChannel, void @num_pkts_c21_str, i32 1, void @p_str, void @p_str, i32 2, i32 0, i29 %num_pkts_c21, i29 %num_pkts_c21"   --->   Operation 133 'specchannel' 'empty_73' <Predicate = true> <Delay = 0.00>
ST_10 : Operation 134 [1/1] (0.00ns)   --->   "%specinterface_ln0 = specinterface void @_ssdm_op_SpecInterface, i29 %num_pkts_c21, void @ap_fifo_str, i32 0, i32 0, void @p_str, i32 0, i32 0, void @p_str, void @p_str, void @p_str, i32 2, i32 2, i32 16, i32 16, void @p_str, void @p_str, i32 4294967295, i32 0"   --->   Operation 134 'specinterface' 'specinterface_ln0' <Predicate = true> <Delay = 0.00>
ST_10 : Operation 135 [1/1] (0.00ns)   --->   "%empty_74 = specchannel i32 @_ssdm_op_SpecChannel, void @num_pkts_c20_str, i32 1, void @p_str, void @p_str, i32 2, i32 0, i29 %num_pkts_c20, i29 %num_pkts_c20"   --->   Operation 135 'specchannel' 'empty_74' <Predicate = true> <Delay = 0.00>
ST_10 : Operation 136 [1/1] (0.00ns)   --->   "%specinterface_ln0 = specinterface void @_ssdm_op_SpecInterface, i29 %num_pkts_c20, void @ap_fifo_str, i32 0, i32 0, void @p_str, i32 0, i32 0, void @p_str, void @p_str, void @p_str, i32 2, i32 2, i32 16, i32 16, void @p_str, void @p_str, i32 4294967295, i32 0"   --->   Operation 136 'specinterface' 'specinterface_ln0' <Predicate = true> <Delay = 0.00>
ST_10 : Operation 137 [1/1] (0.00ns)   --->   "%empty_75 = specchannel i32 @_ssdm_op_SpecChannel, void @num_pkts_c19_str, i32 1, void @p_str, void @p_str, i32 2, i32 0, i29 %num_pkts_c19, i29 %num_pkts_c19"   --->   Operation 137 'specchannel' 'empty_75' <Predicate = true> <Delay = 0.00>
ST_10 : Operation 138 [1/1] (0.00ns)   --->   "%specinterface_ln0 = specinterface void @_ssdm_op_SpecInterface, i29 %num_pkts_c19, void @ap_fifo_str, i32 0, i32 0, void @p_str, i32 0, i32 0, void @p_str, void @p_str, void @p_str, i32 2, i32 2, i32 16, i32 16, void @p_str, void @p_str, i32 4294967295, i32 0"   --->   Operation 138 'specinterface' 'specinterface_ln0' <Predicate = true> <Delay = 0.00>
ST_10 : Operation 139 [1/1] (0.00ns)   --->   "%empty_76 = specchannel i32 @_ssdm_op_SpecChannel, void @num_pkts_c_str, i32 1, void @p_str, void @p_str, i32 2, i32 0, i29 %num_pkts_c, i29 %num_pkts_c"   --->   Operation 139 'specchannel' 'empty_76' <Predicate = true> <Delay = 0.00>
ST_10 : Operation 140 [1/1] (0.00ns)   --->   "%specinterface_ln0 = specinterface void @_ssdm_op_SpecInterface, i29 %num_pkts_c, void @ap_fifo_str, i32 0, i32 0, void @p_str, i32 0, i32 0, void @p_str, void @p_str, void @p_str, i32 2, i32 2, i32 16, i32 16, void @p_str, void @p_str, i32 4294967295, i32 0"   --->   Operation 140 'specinterface' 'specinterface_ln0' <Predicate = true> <Delay = 0.00>
ST_10 : Operation 141 [1/1] (0.00ns)   --->   "%empty_77 = specchannel i32 @_ssdm_op_SpecChannel, void @stencilConfig_OC_6_c18_str, i32 1, void @p_str, void @p_str, i32 4, i32 0, i14 %stencilConfig_6_c18, i14 %stencilConfig_6_c18"   --->   Operation 141 'specchannel' 'empty_77' <Predicate = true> <Delay = 0.00>
ST_10 : Operation 142 [1/1] (0.00ns)   --->   "%specinterface_ln0 = specinterface void @_ssdm_op_SpecInterface, i14 %stencilConfig_6_c18, void @ap_fifo_str, i32 0, i32 0, void @p_str, i32 0, i32 0, void @p_str, void @p_str, void @p_str, i32 2, i32 2, i32 16, i32 16, void @p_str, void @p_str, i32 4294967295, i32 0"   --->   Operation 142 'specinterface' 'specinterface_ln0' <Predicate = true> <Delay = 0.00>
ST_10 : Operation 143 [1/1] (0.00ns)   --->   "%empty_78 = specchannel i32 @_ssdm_op_SpecChannel, void @stencilConfig_OC_6_c17_str, i32 1, void @p_str, void @p_str, i32 4, i32 0, i14 %stencilConfig_6_c17, i14 %stencilConfig_6_c17"   --->   Operation 143 'specchannel' 'empty_78' <Predicate = true> <Delay = 0.00>
ST_10 : Operation 144 [1/1] (0.00ns)   --->   "%specinterface_ln0 = specinterface void @_ssdm_op_SpecInterface, i14 %stencilConfig_6_c17, void @ap_fifo_str, i32 0, i32 0, void @p_str, i32 0, i32 0, void @p_str, void @p_str, void @p_str, i32 2, i32 2, i32 16, i32 16, void @p_str, void @p_str, i32 4294967295, i32 0"   --->   Operation 144 'specinterface' 'specinterface_ln0' <Predicate = true> <Delay = 0.00>
ST_10 : Operation 145 [1/1] (0.00ns)   --->   "%empty_79 = specchannel i32 @_ssdm_op_SpecChannel, void @stencilConfig_OC_6_c16_str, i32 1, void @p_str, void @p_str, i32 4, i32 0, i14 %stencilConfig_6_c16, i14 %stencilConfig_6_c16"   --->   Operation 145 'specchannel' 'empty_79' <Predicate = true> <Delay = 0.00>
ST_10 : Operation 146 [1/1] (0.00ns)   --->   "%specinterface_ln0 = specinterface void @_ssdm_op_SpecInterface, i14 %stencilConfig_6_c16, void @ap_fifo_str, i32 0, i32 0, void @p_str, i32 0, i32 0, void @p_str, void @p_str, void @p_str, i32 2, i32 2, i32 16, i32 16, void @p_str, void @p_str, i32 4294967295, i32 0"   --->   Operation 146 'specinterface' 'specinterface_ln0' <Predicate = true> <Delay = 0.00>
ST_10 : Operation 147 [1/1] (0.00ns)   --->   "%empty_80 = specchannel i32 @_ssdm_op_SpecChannel, void @stencilConfig_OC_6_c_str, i32 1, void @p_str, void @p_str, i32 4, i32 0, i14 %stencilConfig_6_c, i14 %stencilConfig_6_c"   --->   Operation 147 'specchannel' 'empty_80' <Predicate = true> <Delay = 0.00>
ST_10 : Operation 148 [1/1] (0.00ns)   --->   "%specinterface_ln0 = specinterface void @_ssdm_op_SpecInterface, i14 %stencilConfig_6_c, void @ap_fifo_str, i32 0, i32 0, void @p_str, i32 0, i32 0, void @p_str, void @p_str, void @p_str, i32 2, i32 2, i32 16, i32 16, void @p_str, void @p_str, i32 4294967295, i32 0"   --->   Operation 148 'specinterface' 'specinterface_ln0' <Predicate = true> <Delay = 0.00>
ST_10 : Operation 149 [1/1] (0.00ns)   --->   "%empty_81 = specchannel i32 @_ssdm_op_SpecChannel, void @stencilConfig_OC_5_OC_0_c15_str, i32 1, void @p_str, void @p_str, i32 4, i32 0, i1 %stencilConfig_5_0_c15, i1 %stencilConfig_5_0_c15"   --->   Operation 149 'specchannel' 'empty_81' <Predicate = true> <Delay = 0.00>
ST_10 : Operation 150 [1/1] (0.00ns)   --->   "%specinterface_ln0 = specinterface void @_ssdm_op_SpecInterface, i1 %stencilConfig_5_0_c15, void @ap_fifo_str, i32 0, i32 0, void @p_str, i32 0, i32 0, void @p_str, void @p_str, void @p_str, i32 2, i32 2, i32 16, i32 16, void @p_str, void @p_str, i32 4294967295, i32 0"   --->   Operation 150 'specinterface' 'specinterface_ln0' <Predicate = true> <Delay = 0.00>
ST_10 : Operation 151 [1/1] (0.00ns)   --->   "%empty_82 = specchannel i32 @_ssdm_op_SpecChannel, void @stencilConfig_OC_5_OC_0_c14_str, i32 1, void @p_str, void @p_str, i32 4, i32 0, i1 %stencilConfig_5_0_c14, i1 %stencilConfig_5_0_c14"   --->   Operation 151 'specchannel' 'empty_82' <Predicate = true> <Delay = 0.00>
ST_10 : Operation 152 [1/1] (0.00ns)   --->   "%specinterface_ln0 = specinterface void @_ssdm_op_SpecInterface, i1 %stencilConfig_5_0_c14, void @ap_fifo_str, i32 0, i32 0, void @p_str, i32 0, i32 0, void @p_str, void @p_str, void @p_str, i32 2, i32 2, i32 16, i32 16, void @p_str, void @p_str, i32 4294967295, i32 0"   --->   Operation 152 'specinterface' 'specinterface_ln0' <Predicate = true> <Delay = 0.00>
ST_10 : Operation 153 [1/1] (0.00ns)   --->   "%empty_83 = specchannel i32 @_ssdm_op_SpecChannel, void @stencilConfig_OC_5_OC_0_c13_str, i32 1, void @p_str, void @p_str, i32 4, i32 0, i1 %stencilConfig_5_0_c13, i1 %stencilConfig_5_0_c13"   --->   Operation 153 'specchannel' 'empty_83' <Predicate = true> <Delay = 0.00>
ST_10 : Operation 154 [1/1] (0.00ns)   --->   "%specinterface_ln0 = specinterface void @_ssdm_op_SpecInterface, i1 %stencilConfig_5_0_c13, void @ap_fifo_str, i32 0, i32 0, void @p_str, i32 0, i32 0, void @p_str, void @p_str, void @p_str, i32 2, i32 2, i32 16, i32 16, void @p_str, void @p_str, i32 4294967295, i32 0"   --->   Operation 154 'specinterface' 'specinterface_ln0' <Predicate = true> <Delay = 0.00>
ST_10 : Operation 155 [1/1] (0.00ns)   --->   "%empty_84 = specchannel i32 @_ssdm_op_SpecChannel, void @stencilConfig_OC_5_OC_0_c_str, i32 1, void @p_str, void @p_str, i32 4, i32 0, i1 %stencilConfig_5_0_c, i1 %stencilConfig_5_0_c"   --->   Operation 155 'specchannel' 'empty_84' <Predicate = true> <Delay = 0.00>
ST_10 : Operation 156 [1/1] (0.00ns)   --->   "%specinterface_ln0 = specinterface void @_ssdm_op_SpecInterface, i1 %stencilConfig_5_0_c, void @ap_fifo_str, i32 0, i32 0, void @p_str, i32 0, i32 0, void @p_str, void @p_str, void @p_str, i32 2, i32 2, i32 16, i32 16, void @p_str, void @p_str, i32 4294967295, i32 0"   --->   Operation 156 'specinterface' 'specinterface_ln0' <Predicate = true> <Delay = 0.00>
ST_10 : Operation 157 [1/1] (0.00ns)   --->   "%empty_85 = specchannel i32 @_ssdm_op_SpecChannel, void @stencilConfig_OC_3_c12_str, i32 1, void @p_str, void @p_str, i32 4, i32 0, i16 %stencilConfig_3_c12, i16 %stencilConfig_3_c12"   --->   Operation 157 'specchannel' 'empty_85' <Predicate = true> <Delay = 0.00>
ST_10 : Operation 158 [1/1] (0.00ns)   --->   "%specinterface_ln0 = specinterface void @_ssdm_op_SpecInterface, i16 %stencilConfig_3_c12, void @ap_fifo_str, i32 0, i32 0, void @p_str, i32 0, i32 0, void @p_str, void @p_str, void @p_str, i32 2, i32 2, i32 16, i32 16, void @p_str, void @p_str, i32 4294967295, i32 0"   --->   Operation 158 'specinterface' 'specinterface_ln0' <Predicate = true> <Delay = 0.00>
ST_10 : Operation 159 [1/1] (0.00ns)   --->   "%empty_86 = specchannel i32 @_ssdm_op_SpecChannel, void @stencilConfig_OC_3_c11_str, i32 1, void @p_str, void @p_str, i32 4, i32 0, i16 %stencilConfig_3_c11, i16 %stencilConfig_3_c11"   --->   Operation 159 'specchannel' 'empty_86' <Predicate = true> <Delay = 0.00>
ST_10 : Operation 160 [1/1] (0.00ns)   --->   "%specinterface_ln0 = specinterface void @_ssdm_op_SpecInterface, i16 %stencilConfig_3_c11, void @ap_fifo_str, i32 0, i32 0, void @p_str, i32 0, i32 0, void @p_str, void @p_str, void @p_str, i32 2, i32 2, i32 16, i32 16, void @p_str, void @p_str, i32 4294967295, i32 0"   --->   Operation 160 'specinterface' 'specinterface_ln0' <Predicate = true> <Delay = 0.00>
ST_10 : Operation 161 [1/1] (0.00ns)   --->   "%empty_87 = specchannel i32 @_ssdm_op_SpecChannel, void @stencilConfig_OC_3_c10_str, i32 1, void @p_str, void @p_str, i32 4, i32 0, i16 %stencilConfig_3_c10, i16 %stencilConfig_3_c10"   --->   Operation 161 'specchannel' 'empty_87' <Predicate = true> <Delay = 0.00>
ST_10 : Operation 162 [1/1] (0.00ns)   --->   "%specinterface_ln0 = specinterface void @_ssdm_op_SpecInterface, i16 %stencilConfig_3_c10, void @ap_fifo_str, i32 0, i32 0, void @p_str, i32 0, i32 0, void @p_str, void @p_str, void @p_str, i32 2, i32 2, i32 16, i32 16, void @p_str, void @p_str, i32 4294967295, i32 0"   --->   Operation 162 'specinterface' 'specinterface_ln0' <Predicate = true> <Delay = 0.00>
ST_10 : Operation 163 [1/1] (0.00ns)   --->   "%empty_88 = specchannel i32 @_ssdm_op_SpecChannel, void @stencilConfig_OC_3_c_str, i32 1, void @p_str, void @p_str, i32 4, i32 0, i16 %stencilConfig_3_c, i16 %stencilConfig_3_c"   --->   Operation 163 'specchannel' 'empty_88' <Predicate = true> <Delay = 0.00>
ST_10 : Operation 164 [1/1] (0.00ns)   --->   "%specinterface_ln0 = specinterface void @_ssdm_op_SpecInterface, i16 %stencilConfig_3_c, void @ap_fifo_str, i32 0, i32 0, void @p_str, i32 0, i32 0, void @p_str, void @p_str, void @p_str, i32 2, i32 2, i32 16, i32 16, void @p_str, void @p_str, i32 4294967295, i32 0"   --->   Operation 164 'specinterface' 'specinterface_ln0' <Predicate = true> <Delay = 0.00>
ST_10 : Operation 165 [1/1] (0.00ns)   --->   "%empty_89 = specchannel i32 @_ssdm_op_SpecChannel, void @stencilConfig_OC_2_c9_str, i32 1, void @p_str, void @p_str, i32 4, i32 0, i16 %stencilConfig_2_c9, i16 %stencilConfig_2_c9"   --->   Operation 165 'specchannel' 'empty_89' <Predicate = true> <Delay = 0.00>
ST_10 : Operation 166 [1/1] (0.00ns)   --->   "%specinterface_ln0 = specinterface void @_ssdm_op_SpecInterface, i16 %stencilConfig_2_c9, void @ap_fifo_str, i32 0, i32 0, void @p_str, i32 0, i32 0, void @p_str, void @p_str, void @p_str, i32 2, i32 2, i32 16, i32 16, void @p_str, void @p_str, i32 4294967295, i32 0"   --->   Operation 166 'specinterface' 'specinterface_ln0' <Predicate = true> <Delay = 0.00>
ST_10 : Operation 167 [1/1] (0.00ns)   --->   "%empty_90 = specchannel i32 @_ssdm_op_SpecChannel, void @stencilConfig_OC_2_c8_str, i32 1, void @p_str, void @p_str, i32 4, i32 0, i16 %stencilConfig_2_c8, i16 %stencilConfig_2_c8"   --->   Operation 167 'specchannel' 'empty_90' <Predicate = true> <Delay = 0.00>
ST_10 : Operation 168 [1/1] (0.00ns)   --->   "%specinterface_ln0 = specinterface void @_ssdm_op_SpecInterface, i16 %stencilConfig_2_c8, void @ap_fifo_str, i32 0, i32 0, void @p_str, i32 0, i32 0, void @p_str, void @p_str, void @p_str, i32 2, i32 2, i32 16, i32 16, void @p_str, void @p_str, i32 4294967295, i32 0"   --->   Operation 168 'specinterface' 'specinterface_ln0' <Predicate = true> <Delay = 0.00>
ST_10 : Operation 169 [1/1] (0.00ns)   --->   "%empty_91 = specchannel i32 @_ssdm_op_SpecChannel, void @stencilConfig_OC_2_c7_str, i32 1, void @p_str, void @p_str, i32 4, i32 0, i16 %stencilConfig_2_c7, i16 %stencilConfig_2_c7"   --->   Operation 169 'specchannel' 'empty_91' <Predicate = true> <Delay = 0.00>
ST_10 : Operation 170 [1/1] (0.00ns)   --->   "%specinterface_ln0 = specinterface void @_ssdm_op_SpecInterface, i16 %stencilConfig_2_c7, void @ap_fifo_str, i32 0, i32 0, void @p_str, i32 0, i32 0, void @p_str, void @p_str, void @p_str, i32 2, i32 2, i32 16, i32 16, void @p_str, void @p_str, i32 4294967295, i32 0"   --->   Operation 170 'specinterface' 'specinterface_ln0' <Predicate = true> <Delay = 0.00>
ST_10 : Operation 171 [1/1] (0.00ns)   --->   "%empty_92 = specchannel i32 @_ssdm_op_SpecChannel, void @stencilConfig_OC_2_c_str, i32 1, void @p_str, void @p_str, i32 4, i32 0, i16 %stencilConfig_2_c, i16 %stencilConfig_2_c"   --->   Operation 171 'specchannel' 'empty_92' <Predicate = true> <Delay = 0.00>
ST_10 : Operation 172 [1/1] (0.00ns)   --->   "%specinterface_ln0 = specinterface void @_ssdm_op_SpecInterface, i16 %stencilConfig_2_c, void @ap_fifo_str, i32 0, i32 0, void @p_str, i32 0, i32 0, void @p_str, void @p_str, void @p_str, i32 2, i32 2, i32 16, i32 16, void @p_str, void @p_str, i32 4294967295, i32 0"   --->   Operation 172 'specinterface' 'specinterface_ln0' <Predicate = true> <Delay = 0.00>
ST_10 : Operation 173 [1/1] (0.00ns)   --->   "%empty_93 = specchannel i32 @_ssdm_op_SpecChannel, void @stencilConfig_OC_0_OC_1_c6_str, i32 1, void @p_str, void @p_str, i32 4, i32 0, i16 %stencilConfig_0_1_c6, i16 %stencilConfig_0_1_c6"   --->   Operation 173 'specchannel' 'empty_93' <Predicate = true> <Delay = 0.00>
ST_10 : Operation 174 [1/1] (0.00ns)   --->   "%specinterface_ln0 = specinterface void @_ssdm_op_SpecInterface, i16 %stencilConfig_0_1_c6, void @ap_fifo_str, i32 0, i32 0, void @p_str, i32 0, i32 0, void @p_str, void @p_str, void @p_str, i32 2, i32 2, i32 16, i32 16, void @p_str, void @p_str, i32 4294967295, i32 0"   --->   Operation 174 'specinterface' 'specinterface_ln0' <Predicate = true> <Delay = 0.00>
ST_10 : Operation 175 [1/1] (0.00ns)   --->   "%empty_94 = specchannel i32 @_ssdm_op_SpecChannel, void @stencilConfig_OC_0_OC_1_c5_str, i32 1, void @p_str, void @p_str, i32 4, i32 0, i16 %stencilConfig_0_1_c5, i16 %stencilConfig_0_1_c5"   --->   Operation 175 'specchannel' 'empty_94' <Predicate = true> <Delay = 0.00>
ST_10 : Operation 176 [1/1] (0.00ns)   --->   "%specinterface_ln0 = specinterface void @_ssdm_op_SpecInterface, i16 %stencilConfig_0_1_c5, void @ap_fifo_str, i32 0, i32 0, void @p_str, i32 0, i32 0, void @p_str, void @p_str, void @p_str, i32 2, i32 2, i32 16, i32 16, void @p_str, void @p_str, i32 4294967295, i32 0"   --->   Operation 176 'specinterface' 'specinterface_ln0' <Predicate = true> <Delay = 0.00>
ST_10 : Operation 177 [1/1] (0.00ns)   --->   "%empty_95 = specchannel i32 @_ssdm_op_SpecChannel, void @stencilConfig_OC_0_OC_1_c4_str, i32 1, void @p_str, void @p_str, i32 4, i32 0, i16 %stencilConfig_0_1_c4, i16 %stencilConfig_0_1_c4"   --->   Operation 177 'specchannel' 'empty_95' <Predicate = true> <Delay = 0.00>
ST_10 : Operation 178 [1/1] (0.00ns)   --->   "%specinterface_ln0 = specinterface void @_ssdm_op_SpecInterface, i16 %stencilConfig_0_1_c4, void @ap_fifo_str, i32 0, i32 0, void @p_str, i32 0, i32 0, void @p_str, void @p_str, void @p_str, i32 2, i32 2, i32 16, i32 16, void @p_str, void @p_str, i32 4294967295, i32 0"   --->   Operation 178 'specinterface' 'specinterface_ln0' <Predicate = true> <Delay = 0.00>
ST_10 : Operation 179 [1/1] (0.00ns)   --->   "%empty_96 = specchannel i32 @_ssdm_op_SpecChannel, void @stencilConfig_OC_0_OC_1_c_str, i32 1, void @p_str, void @p_str, i32 4, i32 0, i16 %stencilConfig_0_1_c, i16 %stencilConfig_0_1_c"   --->   Operation 179 'specchannel' 'empty_96' <Predicate = true> <Delay = 0.00>
ST_10 : Operation 180 [1/1] (0.00ns)   --->   "%specinterface_ln0 = specinterface void @_ssdm_op_SpecInterface, i16 %stencilConfig_0_1_c, void @ap_fifo_str, i32 0, i32 0, void @p_str, i32 0, i32 0, void @p_str, void @p_str, void @p_str, i32 2, i32 2, i32 16, i32 16, void @p_str, void @p_str, i32 4294967295, i32 0"   --->   Operation 180 'specinterface' 'specinterface_ln0' <Predicate = true> <Delay = 0.00>
ST_10 : Operation 181 [1/1] (0.00ns)   --->   "%empty_97 = specchannel i32 @_ssdm_op_SpecChannel, void @stencilConfig_OC_0_OC_0_c3_str, i32 1, void @p_str, void @p_str, i32 4, i32 0, i14 %stencilConfig_0_0_c3, i14 %stencilConfig_0_0_c3"   --->   Operation 181 'specchannel' 'empty_97' <Predicate = true> <Delay = 0.00>
ST_10 : Operation 182 [1/1] (0.00ns)   --->   "%specinterface_ln0 = specinterface void @_ssdm_op_SpecInterface, i14 %stencilConfig_0_0_c3, void @ap_fifo_str, i32 0, i32 0, void @p_str, i32 0, i32 0, void @p_str, void @p_str, void @p_str, i32 2, i32 2, i32 16, i32 16, void @p_str, void @p_str, i32 4294967295, i32 0"   --->   Operation 182 'specinterface' 'specinterface_ln0' <Predicate = true> <Delay = 0.00>
ST_10 : Operation 183 [1/1] (0.00ns)   --->   "%empty_98 = specchannel i32 @_ssdm_op_SpecChannel, void @stencilConfig_OC_0_OC_0_c2_str, i32 1, void @p_str, void @p_str, i32 4, i32 0, i14 %stencilConfig_0_0_c2, i14 %stencilConfig_0_0_c2"   --->   Operation 183 'specchannel' 'empty_98' <Predicate = true> <Delay = 0.00>
ST_10 : Operation 184 [1/1] (0.00ns)   --->   "%specinterface_ln0 = specinterface void @_ssdm_op_SpecInterface, i14 %stencilConfig_0_0_c2, void @ap_fifo_str, i32 0, i32 0, void @p_str, i32 0, i32 0, void @p_str, void @p_str, void @p_str, i32 2, i32 2, i32 16, i32 16, void @p_str, void @p_str, i32 4294967295, i32 0"   --->   Operation 184 'specinterface' 'specinterface_ln0' <Predicate = true> <Delay = 0.00>
ST_10 : Operation 185 [1/1] (0.00ns)   --->   "%empty_99 = specchannel i32 @_ssdm_op_SpecChannel, void @stencilConfig_OC_0_OC_0_c1_str, i32 1, void @p_str, void @p_str, i32 4, i32 0, i14 %stencilConfig_0_0_c1, i14 %stencilConfig_0_0_c1"   --->   Operation 185 'specchannel' 'empty_99' <Predicate = true> <Delay = 0.00>
ST_10 : Operation 186 [1/1] (0.00ns)   --->   "%specinterface_ln0 = specinterface void @_ssdm_op_SpecInterface, i14 %stencilConfig_0_0_c1, void @ap_fifo_str, i32 0, i32 0, void @p_str, i32 0, i32 0, void @p_str, void @p_str, void @p_str, i32 2, i32 2, i32 16, i32 16, void @p_str, void @p_str, i32 4294967295, i32 0"   --->   Operation 186 'specinterface' 'specinterface_ln0' <Predicate = true> <Delay = 0.00>
ST_10 : Operation 187 [1/1] (0.00ns)   --->   "%empty_100 = specchannel i32 @_ssdm_op_SpecChannel, void @stencilConfig_OC_0_OC_0_c_str, i32 1, void @p_str, void @p_str, i32 4, i32 0, i14 %stencilConfig_0_0_c, i14 %stencilConfig_0_0_c"   --->   Operation 187 'specchannel' 'empty_100' <Predicate = true> <Delay = 0.00>
ST_10 : Operation 188 [1/1] (0.00ns)   --->   "%specinterface_ln0 = specinterface void @_ssdm_op_SpecInterface, i14 %stencilConfig_0_0_c, void @ap_fifo_str, i32 0, i32 0, void @p_str, i32 0, i32 0, void @p_str, void @p_str, void @p_str, i32 2, i32 2, i32 16, i32 16, void @p_str, void @p_str, i32 4294967295, i32 0"   --->   Operation 188 'specinterface' 'specinterface_ln0' <Predicate = true> <Delay = 0.00>
ST_10 : Operation 189 [1/1] (0.00ns)   --->   "%specdataflowpipeline_ln0 = specdataflowpipeline void @_ssdm_op_SpecDataflowPipeline, i32 4294967295, i32 0, void @empty_5"   --->   Operation 189 'specdataflowpipeline' 'specdataflowpipeline_ln0' <Predicate = true> <Delay = 0.00>
ST_10 : Operation 190 [1/1] (0.00ns)   --->   "%specaxissidechannel_ln0 = specaxissidechannel void @_ssdm_op_SpecAXISSideChannel, i256 %arg1_6_axis_out_V_data_V, i32 %arg1_6_axis_out_V_keep_V, i32 %arg1_6_axis_out_V_strb_V, i1 0, i1 %arg1_6_axis_out_V_last_V, i1 0, i1 0, void @empty_38"   --->   Operation 190 'specaxissidechannel' 'specaxissidechannel_ln0' <Predicate = true> <Delay = 0.00>
ST_10 : Operation 191 [1/1] (0.00ns)   --->   "%specaxissidechannel_ln0 = specaxissidechannel void @_ssdm_op_SpecAXISSideChannel, i256 %arg1_5_axis_out_V_data_V, i32 %arg1_5_axis_out_V_keep_V, i32 %arg1_5_axis_out_V_strb_V, i1 0, i1 %arg1_5_axis_out_V_last_V, i1 0, i1 0, void @empty_36"   --->   Operation 191 'specaxissidechannel' 'specaxissidechannel_ln0' <Predicate = true> <Delay = 0.00>
ST_10 : Operation 192 [1/1] (0.00ns)   --->   "%specaxissidechannel_ln0 = specaxissidechannel void @_ssdm_op_SpecAXISSideChannel, i256 %arg1_4_axis_out_V_data_V, i32 %arg1_4_axis_out_V_keep_V, i32 %arg1_4_axis_out_V_strb_V, i1 0, i1 %arg1_4_axis_out_V_last_V, i1 0, i1 0, void @empty_21"   --->   Operation 192 'specaxissidechannel' 'specaxissidechannel_ln0' <Predicate = true> <Delay = 0.00>
ST_10 : Operation 193 [1/1] (0.00ns)   --->   "%specaxissidechannel_ln0 = specaxissidechannel void @_ssdm_op_SpecAXISSideChannel, i256 %arg1_3_axis_out_V_data_V, i32 %arg1_3_axis_out_V_keep_V, i32 %arg1_3_axis_out_V_strb_V, i1 0, i1 %arg1_3_axis_out_V_last_V, i1 0, i1 0, void @empty_16"   --->   Operation 193 'specaxissidechannel' 'specaxissidechannel_ln0' <Predicate = true> <Delay = 0.00>
ST_10 : Operation 194 [1/1] (0.00ns)   --->   "%specaxissidechannel_ln0 = specaxissidechannel void @_ssdm_op_SpecAXISSideChannel, i256 %arg1_2_axis_out_V_data_V, i32 %arg1_2_axis_out_V_keep_V, i32 %arg1_2_axis_out_V_strb_V, i1 0, i1 %arg1_2_axis_out_V_last_V, i1 0, i1 0, void @empty_37"   --->   Operation 194 'specaxissidechannel' 'specaxissidechannel_ln0' <Predicate = true> <Delay = 0.00>
ST_10 : Operation 195 [1/1] (0.00ns)   --->   "%specaxissidechannel_ln0 = specaxissidechannel void @_ssdm_op_SpecAXISSideChannel, i256 %arg1_1_axis_out_V_data_V, i32 %arg1_1_axis_out_V_keep_V, i32 %arg1_1_axis_out_V_strb_V, i1 0, i1 %arg1_1_axis_out_V_last_V, i1 0, i1 0, void @empty_12"   --->   Operation 195 'specaxissidechannel' 'specaxissidechannel_ln0' <Predicate = true> <Delay = 0.00>
ST_10 : Operation 196 [1/1] (0.00ns)   --->   "%specaxissidechannel_ln0 = specaxissidechannel void @_ssdm_op_SpecAXISSideChannel, i256 %arg1_0_axis_out_V_data_V, i32 %arg1_0_axis_out_V_keep_V, i32 %arg1_0_axis_out_V_strb_V, i1 0, i1 %arg1_0_axis_out_V_last_V, i1 0, i1 0, void @empty_11"   --->   Operation 196 'specaxissidechannel' 'specaxissidechannel_ln0' <Predicate = true> <Delay = 0.00>
ST_10 : Operation 197 [1/1] (0.00ns)   --->   "%specaxissidechannel_ln0 = specaxissidechannel void @_ssdm_op_SpecAXISSideChannel, i256 %arg1_7_axis_out_V_data_V, i32 %arg1_7_axis_out_V_keep_V, i32 %arg1_7_axis_out_V_strb_V, i1 0, i1 %arg1_7_axis_out_V_last_V, i1 0, i1 0, void @empty_10"   --->   Operation 197 'specaxissidechannel' 'specaxissidechannel_ln0' <Predicate = true> <Delay = 0.00>
ST_10 : Operation 198 [1/1] (0.00ns)   --->   "%specaxissidechannel_ln0 = specaxissidechannel void @_ssdm_op_SpecAXISSideChannel, i256 %arg0_6_axis_in_V_data_V, i32 %arg0_6_axis_in_V_keep_V, i32 %arg0_6_axis_in_V_strb_V, i1 0, i1 %arg0_6_axis_in_V_last_V, i1 0, i1 0, void @empty_9"   --->   Operation 198 'specaxissidechannel' 'specaxissidechannel_ln0' <Predicate = true> <Delay = 0.00>
ST_10 : Operation 199 [1/1] (0.00ns)   --->   "%specaxissidechannel_ln0 = specaxissidechannel void @_ssdm_op_SpecAXISSideChannel, i256 %arg0_5_axis_in_V_data_V, i32 %arg0_5_axis_in_V_keep_V, i32 %arg0_5_axis_in_V_strb_V, i1 0, i1 %arg0_5_axis_in_V_last_V, i1 0, i1 0, void @empty"   --->   Operation 199 'specaxissidechannel' 'specaxissidechannel_ln0' <Predicate = true> <Delay = 0.00>
ST_10 : Operation 200 [1/1] (0.00ns)   --->   "%specaxissidechannel_ln0 = specaxissidechannel void @_ssdm_op_SpecAXISSideChannel, i256 %arg0_4_axis_in_V_data_V, i32 %arg0_4_axis_in_V_keep_V, i32 %arg0_4_axis_in_V_strb_V, i1 0, i1 %arg0_4_axis_in_V_last_V, i1 0, i1 0, void @empty_30"   --->   Operation 200 'specaxissidechannel' 'specaxissidechannel_ln0' <Predicate = true> <Delay = 0.00>
ST_10 : Operation 201 [1/1] (0.00ns)   --->   "%specaxissidechannel_ln0 = specaxissidechannel void @_ssdm_op_SpecAXISSideChannel, i256 %arg0_3_axis_in_V_data_V, i32 %arg0_3_axis_in_V_keep_V, i32 %arg0_3_axis_in_V_strb_V, i1 0, i1 %arg0_3_axis_in_V_last_V, i1 0, i1 0, void @empty_41"   --->   Operation 201 'specaxissidechannel' 'specaxissidechannel_ln0' <Predicate = true> <Delay = 0.00>
ST_10 : Operation 202 [1/1] (0.00ns)   --->   "%specaxissidechannel_ln0 = specaxissidechannel void @_ssdm_op_SpecAXISSideChannel, i256 %arg0_2_axis_in_V_data_V, i32 %arg0_2_axis_in_V_keep_V, i32 %arg0_2_axis_in_V_strb_V, i1 0, i1 %arg0_2_axis_in_V_last_V, i1 0, i1 0, void @empty_29"   --->   Operation 202 'specaxissidechannel' 'specaxissidechannel_ln0' <Predicate = true> <Delay = 0.00>
ST_10 : Operation 203 [1/1] (0.00ns)   --->   "%specaxissidechannel_ln0 = specaxissidechannel void @_ssdm_op_SpecAXISSideChannel, i256 %arg0_1_axis_in_V_data_V, i32 %arg0_1_axis_in_V_keep_V, i32 %arg0_1_axis_in_V_strb_V, i1 0, i1 %arg0_1_axis_in_V_last_V, i1 0, i1 0, void @empty_39"   --->   Operation 203 'specaxissidechannel' 'specaxissidechannel_ln0' <Predicate = true> <Delay = 0.00>
ST_10 : Operation 204 [1/1] (0.00ns)   --->   "%specaxissidechannel_ln0 = specaxissidechannel void @_ssdm_op_SpecAXISSideChannel, i256 %arg0_0_axis_in_V_data_V, i32 %arg0_0_axis_in_V_keep_V, i32 %arg0_0_axis_in_V_strb_V, i1 0, i1 %arg0_0_axis_in_V_last_V, i1 0, i1 0, void @empty_0"   --->   Operation 204 'specaxissidechannel' 'specaxissidechannel_ln0' <Predicate = true> <Delay = 0.00>
ST_10 : Operation 205 [1/1] (0.00ns)   --->   "%specaxissidechannel_ln0 = specaxissidechannel void @_ssdm_op_SpecAXISSideChannel, i256 %arg0_7_axis_in_V_data_V, i32 %arg0_7_axis_in_V_keep_V, i32 %arg0_7_axis_in_V_strb_V, i1 0, i1 %arg0_7_axis_in_V_last_V, i1 0, i1 0, void @empty_14"   --->   Operation 205 'specaxissidechannel' 'specaxissidechannel_ln0' <Predicate = true> <Delay = 0.00>
ST_10 : Operation 206 [1/1] (0.00ns)   --->   "%specinterface_ln0 = specinterface void @_ssdm_op_SpecInterface, i1 %arg1_7_axis_out_V_last_V, i32 %arg1_7_axis_out_V_strb_V, i32 %arg1_7_axis_out_V_keep_V, i256 %arg1_7_axis_out_V_data_V, void @empty_22, i32 0, i32 0, void @empty_40, i32 0, i32 0, void @empty_5, void @empty_5, void @empty_5, i32 0, i32 0, i32 0, i32 0, void @empty_5, void @empty_5, i32 4294967295, i32 0"   --->   Operation 206 'specinterface' 'specinterface_ln0' <Predicate = true> <Delay = 0.00>
ST_10 : Operation 207 [1/1] (0.00ns)   --->   "%specinterface_ln0 = specinterface void @_ssdm_op_SpecInterface, i1 %arg1_6_axis_out_V_last_V, i32 %arg1_6_axis_out_V_strb_V, i32 %arg1_6_axis_out_V_keep_V, i256 %arg1_6_axis_out_V_data_V, void @empty_22, i32 0, i32 0, void @empty_40, i32 0, i32 0, void @empty_5, void @empty_5, void @empty_5, i32 0, i32 0, i32 0, i32 0, void @empty_5, void @empty_5, i32 4294967295, i32 0"   --->   Operation 207 'specinterface' 'specinterface_ln0' <Predicate = true> <Delay = 0.00>
ST_10 : Operation 208 [1/1] (0.00ns)   --->   "%specinterface_ln0 = specinterface void @_ssdm_op_SpecInterface, i1 %arg1_5_axis_out_V_last_V, i32 %arg1_5_axis_out_V_strb_V, i32 %arg1_5_axis_out_V_keep_V, i256 %arg1_5_axis_out_V_data_V, void @empty_22, i32 0, i32 0, void @empty_40, i32 0, i32 0, void @empty_5, void @empty_5, void @empty_5, i32 0, i32 0, i32 0, i32 0, void @empty_5, void @empty_5, i32 4294967295, i32 0"   --->   Operation 208 'specinterface' 'specinterface_ln0' <Predicate = true> <Delay = 0.00>
ST_10 : Operation 209 [1/1] (0.00ns)   --->   "%specinterface_ln0 = specinterface void @_ssdm_op_SpecInterface, i1 %arg1_4_axis_out_V_last_V, i32 %arg1_4_axis_out_V_strb_V, i32 %arg1_4_axis_out_V_keep_V, i256 %arg1_4_axis_out_V_data_V, void @empty_22, i32 0, i32 0, void @empty_40, i32 0, i32 0, void @empty_5, void @empty_5, void @empty_5, i32 0, i32 0, i32 0, i32 0, void @empty_5, void @empty_5, i32 4294967295, i32 0"   --->   Operation 209 'specinterface' 'specinterface_ln0' <Predicate = true> <Delay = 0.00>
ST_10 : Operation 210 [1/1] (0.00ns)   --->   "%specinterface_ln0 = specinterface void @_ssdm_op_SpecInterface, i1 %arg1_3_axis_out_V_last_V, i32 %arg1_3_axis_out_V_strb_V, i32 %arg1_3_axis_out_V_keep_V, i256 %arg1_3_axis_out_V_data_V, void @empty_22, i32 0, i32 0, void @empty_40, i32 0, i32 0, void @empty_5, void @empty_5, void @empty_5, i32 0, i32 0, i32 0, i32 0, void @empty_5, void @empty_5, i32 4294967295, i32 0"   --->   Operation 210 'specinterface' 'specinterface_ln0' <Predicate = true> <Delay = 0.00>
ST_10 : Operation 211 [1/1] (0.00ns)   --->   "%specinterface_ln0 = specinterface void @_ssdm_op_SpecInterface, i1 %arg1_2_axis_out_V_last_V, i32 %arg1_2_axis_out_V_strb_V, i32 %arg1_2_axis_out_V_keep_V, i256 %arg1_2_axis_out_V_data_V, void @empty_22, i32 0, i32 0, void @empty_40, i32 0, i32 0, void @empty_5, void @empty_5, void @empty_5, i32 0, i32 0, i32 0, i32 0, void @empty_5, void @empty_5, i32 4294967295, i32 0"   --->   Operation 211 'specinterface' 'specinterface_ln0' <Predicate = true> <Delay = 0.00>
ST_10 : Operation 212 [1/1] (0.00ns)   --->   "%specinterface_ln0 = specinterface void @_ssdm_op_SpecInterface, i1 %arg1_1_axis_out_V_last_V, i32 %arg1_1_axis_out_V_strb_V, i32 %arg1_1_axis_out_V_keep_V, i256 %arg1_1_axis_out_V_data_V, void @empty_22, i32 0, i32 0, void @empty_40, i32 0, i32 0, void @empty_5, void @empty_5, void @empty_5, i32 0, i32 0, i32 0, i32 0, void @empty_5, void @empty_5, i32 4294967295, i32 0"   --->   Operation 212 'specinterface' 'specinterface_ln0' <Predicate = true> <Delay = 0.00>
ST_10 : Operation 213 [1/1] (0.00ns)   --->   "%specinterface_ln0 = specinterface void @_ssdm_op_SpecInterface, i1 %arg1_0_axis_out_V_last_V, i32 %arg1_0_axis_out_V_strb_V, i32 %arg1_0_axis_out_V_keep_V, i256 %arg1_0_axis_out_V_data_V, void @empty_22, i32 0, i32 0, void @empty_40, i32 0, i32 0, void @empty_5, void @empty_5, void @empty_5, i32 0, i32 0, i32 0, i32 0, void @empty_5, void @empty_5, i32 4294967295, i32 0"   --->   Operation 213 'specinterface' 'specinterface_ln0' <Predicate = true> <Delay = 0.00>
ST_10 : Operation 214 [1/1] (0.00ns)   --->   "%specinterface_ln0 = specinterface void @_ssdm_op_SpecInterface, i1 %arg0_7_axis_in_V_last_V, i32 %arg0_7_axis_in_V_strb_V, i32 %arg0_7_axis_in_V_keep_V, i256 %arg0_7_axis_in_V_data_V, void @empty_22, i32 0, i32 0, void @empty_40, i32 0, i32 0, void @empty_5, void @empty_5, void @empty_5, i32 0, i32 0, i32 0, i32 0, void @empty_5, void @empty_5, i32 4294967295, i32 0"   --->   Operation 214 'specinterface' 'specinterface_ln0' <Predicate = true> <Delay = 0.00>
ST_10 : Operation 215 [1/1] (0.00ns)   --->   "%specinterface_ln0 = specinterface void @_ssdm_op_SpecInterface, i1 %arg0_6_axis_in_V_last_V, i32 %arg0_6_axis_in_V_strb_V, i32 %arg0_6_axis_in_V_keep_V, i256 %arg0_6_axis_in_V_data_V, void @empty_22, i32 0, i32 0, void @empty_40, i32 0, i32 0, void @empty_5, void @empty_5, void @empty_5, i32 0, i32 0, i32 0, i32 0, void @empty_5, void @empty_5, i32 4294967295, i32 0"   --->   Operation 215 'specinterface' 'specinterface_ln0' <Predicate = true> <Delay = 0.00>
ST_10 : Operation 216 [1/1] (0.00ns)   --->   "%specinterface_ln0 = specinterface void @_ssdm_op_SpecInterface, i1 %arg0_5_axis_in_V_last_V, i32 %arg0_5_axis_in_V_strb_V, i32 %arg0_5_axis_in_V_keep_V, i256 %arg0_5_axis_in_V_data_V, void @empty_22, i32 0, i32 0, void @empty_40, i32 0, i32 0, void @empty_5, void @empty_5, void @empty_5, i32 0, i32 0, i32 0, i32 0, void @empty_5, void @empty_5, i32 4294967295, i32 0"   --->   Operation 216 'specinterface' 'specinterface_ln0' <Predicate = true> <Delay = 0.00>
ST_10 : Operation 217 [1/1] (0.00ns)   --->   "%specinterface_ln0 = specinterface void @_ssdm_op_SpecInterface, i1 %arg0_4_axis_in_V_last_V, i32 %arg0_4_axis_in_V_strb_V, i32 %arg0_4_axis_in_V_keep_V, i256 %arg0_4_axis_in_V_data_V, void @empty_22, i32 0, i32 0, void @empty_40, i32 0, i32 0, void @empty_5, void @empty_5, void @empty_5, i32 0, i32 0, i32 0, i32 0, void @empty_5, void @empty_5, i32 4294967295, i32 0"   --->   Operation 217 'specinterface' 'specinterface_ln0' <Predicate = true> <Delay = 0.00>
ST_10 : Operation 218 [1/1] (0.00ns)   --->   "%specinterface_ln0 = specinterface void @_ssdm_op_SpecInterface, i1 %arg0_3_axis_in_V_last_V, i32 %arg0_3_axis_in_V_strb_V, i32 %arg0_3_axis_in_V_keep_V, i256 %arg0_3_axis_in_V_data_V, void @empty_22, i32 0, i32 0, void @empty_40, i32 0, i32 0, void @empty_5, void @empty_5, void @empty_5, i32 0, i32 0, i32 0, i32 0, void @empty_5, void @empty_5, i32 4294967295, i32 0"   --->   Operation 218 'specinterface' 'specinterface_ln0' <Predicate = true> <Delay = 0.00>
ST_10 : Operation 219 [1/1] (0.00ns)   --->   "%specinterface_ln0 = specinterface void @_ssdm_op_SpecInterface, i1 %arg0_2_axis_in_V_last_V, i32 %arg0_2_axis_in_V_strb_V, i32 %arg0_2_axis_in_V_keep_V, i256 %arg0_2_axis_in_V_data_V, void @empty_22, i32 0, i32 0, void @empty_40, i32 0, i32 0, void @empty_5, void @empty_5, void @empty_5, i32 0, i32 0, i32 0, i32 0, void @empty_5, void @empty_5, i32 4294967295, i32 0"   --->   Operation 219 'specinterface' 'specinterface_ln0' <Predicate = true> <Delay = 0.00>
ST_10 : Operation 220 [1/1] (0.00ns)   --->   "%specinterface_ln0 = specinterface void @_ssdm_op_SpecInterface, i1 %arg0_1_axis_in_V_last_V, i32 %arg0_1_axis_in_V_strb_V, i32 %arg0_1_axis_in_V_keep_V, i256 %arg0_1_axis_in_V_data_V, void @empty_22, i32 0, i32 0, void @empty_40, i32 0, i32 0, void @empty_5, void @empty_5, void @empty_5, i32 0, i32 0, i32 0, i32 0, void @empty_5, void @empty_5, i32 4294967295, i32 0"   --->   Operation 220 'specinterface' 'specinterface_ln0' <Predicate = true> <Delay = 0.00>
ST_10 : Operation 221 [1/1] (0.00ns)   --->   "%specinterface_ln0 = specinterface void @_ssdm_op_SpecInterface, i1 %arg0_0_axis_in_V_last_V, i32 %arg0_0_axis_in_V_strb_V, i32 %arg0_0_axis_in_V_keep_V, i256 %arg0_0_axis_in_V_data_V, void @empty_22, i32 0, i32 0, void @empty_40, i32 0, i32 0, void @empty_5, void @empty_5, void @empty_5, i32 0, i32 0, i32 0, i32 0, void @empty_5, void @empty_5, i32 4294967295, i32 0"   --->   Operation 221 'specinterface' 'specinterface_ln0' <Predicate = true> <Delay = 0.00>
ST_10 : Operation 222 [1/1] (0.00ns)   --->   "%empty_101 = specchannel i32 @_ssdm_op_SpecChannel, void @arg0_arg1_streams_0_0_str, i32 1, void @p_str, void @p_str, i32 10, i32 10, i256 %arg0_arg1_streams_0_0, i256 %arg0_arg1_streams_0_0"   --->   Operation 222 'specchannel' 'empty_101' <Predicate = true> <Delay = 0.00>
ST_10 : Operation 223 [1/1] (0.00ns)   --->   "%specinterface_ln0 = specinterface void @_ssdm_op_SpecInterface, i256 %arg0_arg1_streams_0_0, void @empty_27, i32 0, i32 0, void @empty_5, i32 0, i32 0, void @empty_5, void @empty_5, void @empty_5, i32 0, i32 0, i32 0, i32 0, void @empty_5, void @empty_5, i32 4294967295, i32 0"   --->   Operation 223 'specinterface' 'specinterface_ln0' <Predicate = true> <Delay = 0.00>
ST_10 : Operation 224 [1/1] (0.00ns)   --->   "%empty_102 = specchannel i32 @_ssdm_op_SpecChannel, void @arg0_arg1_streams_0_1_str, i32 1, void @p_str, void @p_str, i32 10, i32 10, i256 %arg0_arg1_streams_0_1, i256 %arg0_arg1_streams_0_1"   --->   Operation 224 'specchannel' 'empty_102' <Predicate = true> <Delay = 0.00>
ST_10 : Operation 225 [1/1] (0.00ns)   --->   "%specinterface_ln0 = specinterface void @_ssdm_op_SpecInterface, i256 %arg0_arg1_streams_0_1, void @empty_27, i32 0, i32 0, void @empty_5, i32 0, i32 0, void @empty_5, void @empty_5, void @empty_5, i32 0, i32 0, i32 0, i32 0, void @empty_5, void @empty_5, i32 4294967295, i32 0"   --->   Operation 225 'specinterface' 'specinterface_ln0' <Predicate = true> <Delay = 0.00>
ST_10 : Operation 226 [1/1] (0.00ns)   --->   "%empty_103 = specchannel i32 @_ssdm_op_SpecChannel, void @arg0_arg1_streams_0_2_str, i32 1, void @p_str, void @p_str, i32 10, i32 10, i256 %arg0_arg1_streams_0_2, i256 %arg0_arg1_streams_0_2"   --->   Operation 226 'specchannel' 'empty_103' <Predicate = true> <Delay = 0.00>
ST_10 : Operation 227 [1/1] (0.00ns)   --->   "%specinterface_ln0 = specinterface void @_ssdm_op_SpecInterface, i256 %arg0_arg1_streams_0_2, void @empty_27, i32 0, i32 0, void @empty_5, i32 0, i32 0, void @empty_5, void @empty_5, void @empty_5, i32 0, i32 0, i32 0, i32 0, void @empty_5, void @empty_5, i32 4294967295, i32 0"   --->   Operation 227 'specinterface' 'specinterface_ln0' <Predicate = true> <Delay = 0.00>
ST_10 : Operation 228 [1/1] (0.00ns)   --->   "%empty_104 = specchannel i32 @_ssdm_op_SpecChannel, void @arg0_arg1_streams_0_3_str, i32 1, void @p_str, void @p_str, i32 10, i32 10, i256 %arg0_arg1_streams_0_3, i256 %arg0_arg1_streams_0_3"   --->   Operation 228 'specchannel' 'empty_104' <Predicate = true> <Delay = 0.00>
ST_10 : Operation 229 [1/1] (0.00ns)   --->   "%specinterface_ln0 = specinterface void @_ssdm_op_SpecInterface, i256 %arg0_arg1_streams_0_3, void @empty_27, i32 0, i32 0, void @empty_5, i32 0, i32 0, void @empty_5, void @empty_5, void @empty_5, i32 0, i32 0, i32 0, i32 0, void @empty_5, void @empty_5, i32 4294967295, i32 0"   --->   Operation 229 'specinterface' 'specinterface_ln0' <Predicate = true> <Delay = 0.00>
ST_10 : Operation 230 [1/1] (0.00ns)   --->   "%empty_105 = specchannel i32 @_ssdm_op_SpecChannel, void @arg0_arg1_streams_0_4_str, i32 1, void @p_str, void @p_str, i32 10, i32 10, i256 %arg0_arg1_streams_0_4, i256 %arg0_arg1_streams_0_4"   --->   Operation 230 'specchannel' 'empty_105' <Predicate = true> <Delay = 0.00>
ST_10 : Operation 231 [1/1] (0.00ns)   --->   "%specinterface_ln0 = specinterface void @_ssdm_op_SpecInterface, i256 %arg0_arg1_streams_0_4, void @empty_27, i32 0, i32 0, void @empty_5, i32 0, i32 0, void @empty_5, void @empty_5, void @empty_5, i32 0, i32 0, i32 0, i32 0, void @empty_5, void @empty_5, i32 4294967295, i32 0"   --->   Operation 231 'specinterface' 'specinterface_ln0' <Predicate = true> <Delay = 0.00>
ST_10 : Operation 232 [1/1] (0.00ns)   --->   "%empty_106 = specchannel i32 @_ssdm_op_SpecChannel, void @arg0_arg1_streams_0_5_str, i32 1, void @p_str, void @p_str, i32 10, i32 10, i256 %arg0_arg1_streams_0_5, i256 %arg0_arg1_streams_0_5"   --->   Operation 232 'specchannel' 'empty_106' <Predicate = true> <Delay = 0.00>
ST_10 : Operation 233 [1/1] (0.00ns)   --->   "%specinterface_ln0 = specinterface void @_ssdm_op_SpecInterface, i256 %arg0_arg1_streams_0_5, void @empty_27, i32 0, i32 0, void @empty_5, i32 0, i32 0, void @empty_5, void @empty_5, void @empty_5, i32 0, i32 0, i32 0, i32 0, void @empty_5, void @empty_5, i32 4294967295, i32 0"   --->   Operation 233 'specinterface' 'specinterface_ln0' <Predicate = true> <Delay = 0.00>
ST_10 : Operation 234 [1/1] (0.00ns)   --->   "%empty_107 = specchannel i32 @_ssdm_op_SpecChannel, void @arg0_arg1_streams_0_6_str, i32 1, void @p_str, void @p_str, i32 10, i32 10, i256 %arg0_arg1_streams_0_6, i256 %arg0_arg1_streams_0_6"   --->   Operation 234 'specchannel' 'empty_107' <Predicate = true> <Delay = 0.00>
ST_10 : Operation 235 [1/1] (0.00ns)   --->   "%specinterface_ln0 = specinterface void @_ssdm_op_SpecInterface, i256 %arg0_arg1_streams_0_6, void @empty_27, i32 0, i32 0, void @empty_5, i32 0, i32 0, void @empty_5, void @empty_5, void @empty_5, i32 0, i32 0, i32 0, i32 0, void @empty_5, void @empty_5, i32 4294967295, i32 0"   --->   Operation 235 'specinterface' 'specinterface_ln0' <Predicate = true> <Delay = 0.00>
ST_10 : Operation 236 [1/1] (0.00ns)   --->   "%empty_108 = specchannel i32 @_ssdm_op_SpecChannel, void @arg0_arg1_streams_0_7_str, i32 1, void @p_str, void @p_str, i32 10, i32 10, i256 %arg0_arg1_streams_0_7, i256 %arg0_arg1_streams_0_7"   --->   Operation 236 'specchannel' 'empty_108' <Predicate = true> <Delay = 0.00>
ST_10 : Operation 237 [1/1] (0.00ns)   --->   "%specinterface_ln0 = specinterface void @_ssdm_op_SpecInterface, i256 %arg0_arg1_streams_0_7, void @empty_27, i32 0, i32 0, void @empty_5, i32 0, i32 0, void @empty_5, void @empty_5, void @empty_5, i32 0, i32 0, i32 0, i32 0, void @empty_5, void @empty_5, i32 4294967295, i32 0"   --->   Operation 237 'specinterface' 'specinterface_ln0' <Predicate = true> <Delay = 0.00>
ST_10 : Operation 238 [1/1] (0.00ns)   --->   "%empty_109 = specchannel i32 @_ssdm_op_SpecChannel, void @arg0_arg1_streams_1_0_str, i32 1, void @p_str, void @p_str, i32 10, i32 10, i256 %arg0_arg1_streams_1_0, i256 %arg0_arg1_streams_1_0"   --->   Operation 238 'specchannel' 'empty_109' <Predicate = true> <Delay = 0.00>
ST_10 : Operation 239 [1/1] (0.00ns)   --->   "%specinterface_ln0 = specinterface void @_ssdm_op_SpecInterface, i256 %arg0_arg1_streams_1_0, void @empty_27, i32 0, i32 0, void @empty_5, i32 0, i32 0, void @empty_5, void @empty_5, void @empty_5, i32 0, i32 0, i32 0, i32 0, void @empty_5, void @empty_5, i32 4294967295, i32 0"   --->   Operation 239 'specinterface' 'specinterface_ln0' <Predicate = true> <Delay = 0.00>
ST_10 : Operation 240 [1/1] (0.00ns)   --->   "%empty_110 = specchannel i32 @_ssdm_op_SpecChannel, void @arg0_arg1_streams_1_1_str, i32 1, void @p_str, void @p_str, i32 10, i32 10, i256 %arg0_arg1_streams_1_1, i256 %arg0_arg1_streams_1_1"   --->   Operation 240 'specchannel' 'empty_110' <Predicate = true> <Delay = 0.00>
ST_10 : Operation 241 [1/1] (0.00ns)   --->   "%specinterface_ln0 = specinterface void @_ssdm_op_SpecInterface, i256 %arg0_arg1_streams_1_1, void @empty_27, i32 0, i32 0, void @empty_5, i32 0, i32 0, void @empty_5, void @empty_5, void @empty_5, i32 0, i32 0, i32 0, i32 0, void @empty_5, void @empty_5, i32 4294967295, i32 0"   --->   Operation 241 'specinterface' 'specinterface_ln0' <Predicate = true> <Delay = 0.00>
ST_10 : Operation 242 [1/1] (0.00ns)   --->   "%empty_111 = specchannel i32 @_ssdm_op_SpecChannel, void @arg0_arg1_streams_1_2_str, i32 1, void @p_str, void @p_str, i32 10, i32 10, i256 %arg0_arg1_streams_1_2, i256 %arg0_arg1_streams_1_2"   --->   Operation 242 'specchannel' 'empty_111' <Predicate = true> <Delay = 0.00>
ST_10 : Operation 243 [1/1] (0.00ns)   --->   "%specinterface_ln0 = specinterface void @_ssdm_op_SpecInterface, i256 %arg0_arg1_streams_1_2, void @empty_27, i32 0, i32 0, void @empty_5, i32 0, i32 0, void @empty_5, void @empty_5, void @empty_5, i32 0, i32 0, i32 0, i32 0, void @empty_5, void @empty_5, i32 4294967295, i32 0"   --->   Operation 243 'specinterface' 'specinterface_ln0' <Predicate = true> <Delay = 0.00>
ST_10 : Operation 244 [1/1] (0.00ns)   --->   "%empty_112 = specchannel i32 @_ssdm_op_SpecChannel, void @arg0_arg1_streams_1_3_str, i32 1, void @p_str, void @p_str, i32 10, i32 10, i256 %arg0_arg1_streams_1_3, i256 %arg0_arg1_streams_1_3"   --->   Operation 244 'specchannel' 'empty_112' <Predicate = true> <Delay = 0.00>
ST_10 : Operation 245 [1/1] (0.00ns)   --->   "%specinterface_ln0 = specinterface void @_ssdm_op_SpecInterface, i256 %arg0_arg1_streams_1_3, void @empty_27, i32 0, i32 0, void @empty_5, i32 0, i32 0, void @empty_5, void @empty_5, void @empty_5, i32 0, i32 0, i32 0, i32 0, void @empty_5, void @empty_5, i32 4294967295, i32 0"   --->   Operation 245 'specinterface' 'specinterface_ln0' <Predicate = true> <Delay = 0.00>
ST_10 : Operation 246 [1/1] (0.00ns)   --->   "%empty_113 = specchannel i32 @_ssdm_op_SpecChannel, void @arg0_arg1_streams_1_4_str, i32 1, void @p_str, void @p_str, i32 10, i32 10, i256 %arg0_arg1_streams_1_4, i256 %arg0_arg1_streams_1_4"   --->   Operation 246 'specchannel' 'empty_113' <Predicate = true> <Delay = 0.00>
ST_10 : Operation 247 [1/1] (0.00ns)   --->   "%specinterface_ln0 = specinterface void @_ssdm_op_SpecInterface, i256 %arg0_arg1_streams_1_4, void @empty_27, i32 0, i32 0, void @empty_5, i32 0, i32 0, void @empty_5, void @empty_5, void @empty_5, i32 0, i32 0, i32 0, i32 0, void @empty_5, void @empty_5, i32 4294967295, i32 0"   --->   Operation 247 'specinterface' 'specinterface_ln0' <Predicate = true> <Delay = 0.00>
ST_10 : Operation 248 [1/1] (0.00ns)   --->   "%empty_114 = specchannel i32 @_ssdm_op_SpecChannel, void @arg0_arg1_streams_1_5_str, i32 1, void @p_str, void @p_str, i32 10, i32 10, i256 %arg0_arg1_streams_1_5, i256 %arg0_arg1_streams_1_5"   --->   Operation 248 'specchannel' 'empty_114' <Predicate = true> <Delay = 0.00>
ST_10 : Operation 249 [1/1] (0.00ns)   --->   "%specinterface_ln0 = specinterface void @_ssdm_op_SpecInterface, i256 %arg0_arg1_streams_1_5, void @empty_27, i32 0, i32 0, void @empty_5, i32 0, i32 0, void @empty_5, void @empty_5, void @empty_5, i32 0, i32 0, i32 0, i32 0, void @empty_5, void @empty_5, i32 4294967295, i32 0"   --->   Operation 249 'specinterface' 'specinterface_ln0' <Predicate = true> <Delay = 0.00>
ST_10 : Operation 250 [1/1] (0.00ns)   --->   "%empty_115 = specchannel i32 @_ssdm_op_SpecChannel, void @arg0_arg1_streams_1_6_str, i32 1, void @p_str, void @p_str, i32 10, i32 10, i256 %arg0_arg1_streams_1_6, i256 %arg0_arg1_streams_1_6"   --->   Operation 250 'specchannel' 'empty_115' <Predicate = true> <Delay = 0.00>
ST_10 : Operation 251 [1/1] (0.00ns)   --->   "%specinterface_ln0 = specinterface void @_ssdm_op_SpecInterface, i256 %arg0_arg1_streams_1_6, void @empty_27, i32 0, i32 0, void @empty_5, i32 0, i32 0, void @empty_5, void @empty_5, void @empty_5, i32 0, i32 0, i32 0, i32 0, void @empty_5, void @empty_5, i32 4294967295, i32 0"   --->   Operation 251 'specinterface' 'specinterface_ln0' <Predicate = true> <Delay = 0.00>
ST_10 : Operation 252 [1/1] (0.00ns)   --->   "%empty_116 = specchannel i32 @_ssdm_op_SpecChannel, void @arg0_arg1_streams_1_7_str, i32 1, void @p_str, void @p_str, i32 10, i32 10, i256 %arg0_arg1_streams_1_7, i256 %arg0_arg1_streams_1_7"   --->   Operation 252 'specchannel' 'empty_116' <Predicate = true> <Delay = 0.00>
ST_10 : Operation 253 [1/1] (0.00ns)   --->   "%specinterface_ln0 = specinterface void @_ssdm_op_SpecInterface, i256 %arg0_arg1_streams_1_7, void @empty_27, i32 0, i32 0, void @empty_5, i32 0, i32 0, void @empty_5, void @empty_5, void @empty_5, i32 0, i32 0, i32 0, i32 0, void @empty_5, void @empty_5, i32 4294967295, i32 0"   --->   Operation 253 'specinterface' 'specinterface_ln0' <Predicate = true> <Delay = 0.00>
ST_10 : Operation 254 [1/1] (0.00ns)   --->   "%empty_117 = specchannel i32 @_ssdm_op_SpecChannel, void @arg0_poisson_kernel_stencil_in_subtile_stream_0_str, i32 1, void @p_str, void @p_str, i32 2, i32 2, i288 %arg0_poisson_kernel_stencil_in_subtile_stream_0, i288 %arg0_poisson_kernel_stencil_in_subtile_stream_0"   --->   Operation 254 'specchannel' 'empty_117' <Predicate = true> <Delay = 0.00>
ST_10 : Operation 255 [1/1] (0.00ns)   --->   "%specinterface_ln0 = specinterface void @_ssdm_op_SpecInterface, i288 %arg0_poisson_kernel_stencil_in_subtile_stream_0, void @empty_27, i32 0, i32 0, void @empty_5, i32 0, i32 0, void @empty_5, void @empty_5, void @empty_5, i32 0, i32 0, i32 0, i32 0, void @empty_5, void @empty_5, i32 4294967295, i32 0"   --->   Operation 255 'specinterface' 'specinterface_ln0' <Predicate = true> <Delay = 0.00>
ST_10 : Operation 256 [1/1] (0.00ns)   --->   "%empty_118 = specchannel i32 @_ssdm_op_SpecChannel, void @arg0_poisson_kernel_stencil_in_subtile_stream_1_str, i32 1, void @p_str, void @p_str, i32 2, i32 2, i288 %arg0_poisson_kernel_stencil_in_subtile_stream_1, i288 %arg0_poisson_kernel_stencil_in_subtile_stream_1"   --->   Operation 256 'specchannel' 'empty_118' <Predicate = true> <Delay = 0.00>
ST_10 : Operation 257 [1/1] (0.00ns)   --->   "%specinterface_ln0 = specinterface void @_ssdm_op_SpecInterface, i288 %arg0_poisson_kernel_stencil_in_subtile_stream_1, void @empty_27, i32 0, i32 0, void @empty_5, i32 0, i32 0, void @empty_5, void @empty_5, void @empty_5, i32 0, i32 0, i32 0, i32 0, void @empty_5, void @empty_5, i32 4294967295, i32 0"   --->   Operation 257 'specinterface' 'specinterface_ln0' <Predicate = true> <Delay = 0.00>
ST_10 : Operation 258 [1/1] (0.00ns)   --->   "%empty_119 = specchannel i32 @_ssdm_op_SpecChannel, void @arg0_poisson_kernel_stencil_in_subtile_stream_2_str, i32 1, void @p_str, void @p_str, i32 2, i32 2, i288 %arg0_poisson_kernel_stencil_in_subtile_stream_2, i288 %arg0_poisson_kernel_stencil_in_subtile_stream_2"   --->   Operation 258 'specchannel' 'empty_119' <Predicate = true> <Delay = 0.00>
ST_10 : Operation 259 [1/1] (0.00ns)   --->   "%specinterface_ln0 = specinterface void @_ssdm_op_SpecInterface, i288 %arg0_poisson_kernel_stencil_in_subtile_stream_2, void @empty_27, i32 0, i32 0, void @empty_5, i32 0, i32 0, void @empty_5, void @empty_5, void @empty_5, i32 0, i32 0, i32 0, i32 0, void @empty_5, void @empty_5, i32 4294967295, i32 0"   --->   Operation 259 'specinterface' 'specinterface_ln0' <Predicate = true> <Delay = 0.00>
ST_10 : Operation 260 [1/1] (0.00ns)   --->   "%empty_120 = specchannel i32 @_ssdm_op_SpecChannel, void @arg0_poisson_kernel_stencil_in_subtile_stream_3_str, i32 1, void @p_str, void @p_str, i32 2, i32 2, i288 %arg0_poisson_kernel_stencil_in_subtile_stream_3, i288 %arg0_poisson_kernel_stencil_in_subtile_stream_3"   --->   Operation 260 'specchannel' 'empty_120' <Predicate = true> <Delay = 0.00>
ST_10 : Operation 261 [1/1] (0.00ns)   --->   "%specinterface_ln0 = specinterface void @_ssdm_op_SpecInterface, i288 %arg0_poisson_kernel_stencil_in_subtile_stream_3, void @empty_27, i32 0, i32 0, void @empty_5, i32 0, i32 0, void @empty_5, void @empty_5, void @empty_5, i32 0, i32 0, i32 0, i32 0, void @empty_5, void @empty_5, i32 4294967295, i32 0"   --->   Operation 261 'specinterface' 'specinterface_ln0' <Predicate = true> <Delay = 0.00>
ST_10 : Operation 262 [1/1] (0.00ns)   --->   "%empty_121 = specchannel i32 @_ssdm_op_SpecChannel, void @arg0_poisson_kernel_stencil_in_subtile_stream_4_str, i32 1, void @p_str, void @p_str, i32 2, i32 2, i288 %arg0_poisson_kernel_stencil_in_subtile_stream_4, i288 %arg0_poisson_kernel_stencil_in_subtile_stream_4"   --->   Operation 262 'specchannel' 'empty_121' <Predicate = true> <Delay = 0.00>
ST_10 : Operation 263 [1/1] (0.00ns)   --->   "%specinterface_ln0 = specinterface void @_ssdm_op_SpecInterface, i288 %arg0_poisson_kernel_stencil_in_subtile_stream_4, void @empty_27, i32 0, i32 0, void @empty_5, i32 0, i32 0, void @empty_5, void @empty_5, void @empty_5, i32 0, i32 0, i32 0, i32 0, void @empty_5, void @empty_5, i32 4294967295, i32 0"   --->   Operation 263 'specinterface' 'specinterface_ln0' <Predicate = true> <Delay = 0.00>
ST_10 : Operation 264 [1/1] (0.00ns)   --->   "%empty_122 = specchannel i32 @_ssdm_op_SpecChannel, void @arg0_poisson_kernel_stencil_in_subtile_stream_5_str, i32 1, void @p_str, void @p_str, i32 2, i32 2, i288 %arg0_poisson_kernel_stencil_in_subtile_stream_5, i288 %arg0_poisson_kernel_stencil_in_subtile_stream_5"   --->   Operation 264 'specchannel' 'empty_122' <Predicate = true> <Delay = 0.00>
ST_10 : Operation 265 [1/1] (0.00ns)   --->   "%specinterface_ln0 = specinterface void @_ssdm_op_SpecInterface, i288 %arg0_poisson_kernel_stencil_in_subtile_stream_5, void @empty_27, i32 0, i32 0, void @empty_5, i32 0, i32 0, void @empty_5, void @empty_5, void @empty_5, i32 0, i32 0, i32 0, i32 0, void @empty_5, void @empty_5, i32 4294967295, i32 0"   --->   Operation 265 'specinterface' 'specinterface_ln0' <Predicate = true> <Delay = 0.00>
ST_10 : Operation 266 [1/1] (0.00ns)   --->   "%empty_123 = specchannel i32 @_ssdm_op_SpecChannel, void @arg0_poisson_kernel_stencil_in_subtile_stream_6_str, i32 1, void @p_str, void @p_str, i32 2, i32 2, i288 %arg0_poisson_kernel_stencil_in_subtile_stream_6, i288 %arg0_poisson_kernel_stencil_in_subtile_stream_6"   --->   Operation 266 'specchannel' 'empty_123' <Predicate = true> <Delay = 0.00>
ST_10 : Operation 267 [1/1] (0.00ns)   --->   "%specinterface_ln0 = specinterface void @_ssdm_op_SpecInterface, i288 %arg0_poisson_kernel_stencil_in_subtile_stream_6, void @empty_27, i32 0, i32 0, void @empty_5, i32 0, i32 0, void @empty_5, void @empty_5, void @empty_5, i32 0, i32 0, i32 0, i32 0, void @empty_5, void @empty_5, i32 4294967295, i32 0"   --->   Operation 267 'specinterface' 'specinterface_ln0' <Predicate = true> <Delay = 0.00>
ST_10 : Operation 268 [1/1] (0.00ns)   --->   "%empty_124 = specchannel i32 @_ssdm_op_SpecChannel, void @arg0_poisson_kernel_stencil_in_subtile_stream_7_str, i32 1, void @p_str, void @p_str, i32 2, i32 2, i288 %arg0_poisson_kernel_stencil_in_subtile_stream_7, i288 %arg0_poisson_kernel_stencil_in_subtile_stream_7"   --->   Operation 268 'specchannel' 'empty_124' <Predicate = true> <Delay = 0.00>
ST_10 : Operation 269 [1/1] (0.00ns)   --->   "%specinterface_ln0 = specinterface void @_ssdm_op_SpecInterface, i288 %arg0_poisson_kernel_stencil_in_subtile_stream_7, void @empty_27, i32 0, i32 0, void @empty_5, i32 0, i32 0, void @empty_5, void @empty_5, void @empty_5, i32 0, i32 0, i32 0, i32 0, void @empty_5, void @empty_5, i32 4294967295, i32 0"   --->   Operation 269 'specinterface' 'specinterface_ln0' <Predicate = true> <Delay = 0.00>
ST_10 : Operation 270 [1/1] (0.00ns)   --->   "%empty_125 = specchannel i32 @_ssdm_op_SpecChannel, void @arg1_poisson_kernel_stencil_out_subtile_stream_0_str, i32 1, void @p_str, void @p_str, i32 2, i32 2, i288 %arg1_poisson_kernel_stencil_out_subtile_stream_0, i288 %arg1_poisson_kernel_stencil_out_subtile_stream_0"   --->   Operation 270 'specchannel' 'empty_125' <Predicate = true> <Delay = 0.00>
ST_10 : Operation 271 [1/1] (0.00ns)   --->   "%specinterface_ln0 = specinterface void @_ssdm_op_SpecInterface, i288 %arg1_poisson_kernel_stencil_out_subtile_stream_0, void @empty_27, i32 0, i32 0, void @empty_5, i32 0, i32 0, void @empty_5, void @empty_5, void @empty_5, i32 0, i32 0, i32 0, i32 0, void @empty_5, void @empty_5, i32 4294967295, i32 0"   --->   Operation 271 'specinterface' 'specinterface_ln0' <Predicate = true> <Delay = 0.00>
ST_10 : Operation 272 [1/1] (0.00ns)   --->   "%empty_126 = specchannel i32 @_ssdm_op_SpecChannel, void @arg1_poisson_kernel_stencil_out_subtile_stream_1_str, i32 1, void @p_str, void @p_str, i32 2, i32 2, i288 %arg1_poisson_kernel_stencil_out_subtile_stream_1, i288 %arg1_poisson_kernel_stencil_out_subtile_stream_1"   --->   Operation 272 'specchannel' 'empty_126' <Predicate = true> <Delay = 0.00>
ST_10 : Operation 273 [1/1] (0.00ns)   --->   "%specinterface_ln0 = specinterface void @_ssdm_op_SpecInterface, i288 %arg1_poisson_kernel_stencil_out_subtile_stream_1, void @empty_27, i32 0, i32 0, void @empty_5, i32 0, i32 0, void @empty_5, void @empty_5, void @empty_5, i32 0, i32 0, i32 0, i32 0, void @empty_5, void @empty_5, i32 4294967295, i32 0"   --->   Operation 273 'specinterface' 'specinterface_ln0' <Predicate = true> <Delay = 0.00>
ST_10 : Operation 274 [1/1] (0.00ns)   --->   "%empty_127 = specchannel i32 @_ssdm_op_SpecChannel, void @arg1_poisson_kernel_stencil_out_subtile_stream_2_str, i32 1, void @p_str, void @p_str, i32 2, i32 2, i288 %arg1_poisson_kernel_stencil_out_subtile_stream_2, i288 %arg1_poisson_kernel_stencil_out_subtile_stream_2"   --->   Operation 274 'specchannel' 'empty_127' <Predicate = true> <Delay = 0.00>
ST_10 : Operation 275 [1/1] (0.00ns)   --->   "%specinterface_ln0 = specinterface void @_ssdm_op_SpecInterface, i288 %arg1_poisson_kernel_stencil_out_subtile_stream_2, void @empty_27, i32 0, i32 0, void @empty_5, i32 0, i32 0, void @empty_5, void @empty_5, void @empty_5, i32 0, i32 0, i32 0, i32 0, void @empty_5, void @empty_5, i32 4294967295, i32 0"   --->   Operation 275 'specinterface' 'specinterface_ln0' <Predicate = true> <Delay = 0.00>
ST_10 : Operation 276 [1/1] (0.00ns)   --->   "%empty_128 = specchannel i32 @_ssdm_op_SpecChannel, void @arg1_poisson_kernel_stencil_out_subtile_stream_3_str, i32 1, void @p_str, void @p_str, i32 2, i32 2, i288 %arg1_poisson_kernel_stencil_out_subtile_stream_3, i288 %arg1_poisson_kernel_stencil_out_subtile_stream_3"   --->   Operation 276 'specchannel' 'empty_128' <Predicate = true> <Delay = 0.00>
ST_10 : Operation 277 [1/1] (0.00ns)   --->   "%specinterface_ln0 = specinterface void @_ssdm_op_SpecInterface, i288 %arg1_poisson_kernel_stencil_out_subtile_stream_3, void @empty_27, i32 0, i32 0, void @empty_5, i32 0, i32 0, void @empty_5, void @empty_5, void @empty_5, i32 0, i32 0, i32 0, i32 0, void @empty_5, void @empty_5, i32 4294967295, i32 0"   --->   Operation 277 'specinterface' 'specinterface_ln0' <Predicate = true> <Delay = 0.00>
ST_10 : Operation 278 [1/1] (0.00ns)   --->   "%empty_129 = specchannel i32 @_ssdm_op_SpecChannel, void @arg1_poisson_kernel_stencil_out_subtile_stream_4_str, i32 1, void @p_str, void @p_str, i32 2, i32 2, i288 %arg1_poisson_kernel_stencil_out_subtile_stream_4, i288 %arg1_poisson_kernel_stencil_out_subtile_stream_4"   --->   Operation 278 'specchannel' 'empty_129' <Predicate = true> <Delay = 0.00>
ST_10 : Operation 279 [1/1] (0.00ns)   --->   "%specinterface_ln0 = specinterface void @_ssdm_op_SpecInterface, i288 %arg1_poisson_kernel_stencil_out_subtile_stream_4, void @empty_27, i32 0, i32 0, void @empty_5, i32 0, i32 0, void @empty_5, void @empty_5, void @empty_5, i32 0, i32 0, i32 0, i32 0, void @empty_5, void @empty_5, i32 4294967295, i32 0"   --->   Operation 279 'specinterface' 'specinterface_ln0' <Predicate = true> <Delay = 0.00>
ST_10 : Operation 280 [1/1] (0.00ns)   --->   "%empty_130 = specchannel i32 @_ssdm_op_SpecChannel, void @arg1_poisson_kernel_stencil_out_subtile_stream_5_str, i32 1, void @p_str, void @p_str, i32 2, i32 2, i288 %arg1_poisson_kernel_stencil_out_subtile_stream_5, i288 %arg1_poisson_kernel_stencil_out_subtile_stream_5"   --->   Operation 280 'specchannel' 'empty_130' <Predicate = true> <Delay = 0.00>
ST_10 : Operation 281 [1/1] (0.00ns)   --->   "%specinterface_ln0 = specinterface void @_ssdm_op_SpecInterface, i288 %arg1_poisson_kernel_stencil_out_subtile_stream_5, void @empty_27, i32 0, i32 0, void @empty_5, i32 0, i32 0, void @empty_5, void @empty_5, void @empty_5, i32 0, i32 0, i32 0, i32 0, void @empty_5, void @empty_5, i32 4294967295, i32 0"   --->   Operation 281 'specinterface' 'specinterface_ln0' <Predicate = true> <Delay = 0.00>
ST_10 : Operation 282 [1/1] (0.00ns)   --->   "%empty_131 = specchannel i32 @_ssdm_op_SpecChannel, void @arg1_poisson_kernel_stencil_out_subtile_stream_6_str, i32 1, void @p_str, void @p_str, i32 2, i32 2, i288 %arg1_poisson_kernel_stencil_out_subtile_stream_6, i288 %arg1_poisson_kernel_stencil_out_subtile_stream_6"   --->   Operation 282 'specchannel' 'empty_131' <Predicate = true> <Delay = 0.00>
ST_10 : Operation 283 [1/1] (0.00ns)   --->   "%specinterface_ln0 = specinterface void @_ssdm_op_SpecInterface, i288 %arg1_poisson_kernel_stencil_out_subtile_stream_6, void @empty_27, i32 0, i32 0, void @empty_5, i32 0, i32 0, void @empty_5, void @empty_5, void @empty_5, i32 0, i32 0, i32 0, i32 0, void @empty_5, void @empty_5, i32 4294967295, i32 0"   --->   Operation 283 'specinterface' 'specinterface_ln0' <Predicate = true> <Delay = 0.00>
ST_10 : Operation 284 [1/1] (0.00ns)   --->   "%empty_132 = specchannel i32 @_ssdm_op_SpecChannel, void @arg1_poisson_kernel_stencil_out_subtile_stream_7_str, i32 1, void @p_str, void @p_str, i32 2, i32 2, i288 %arg1_poisson_kernel_stencil_out_subtile_stream_7, i288 %arg1_poisson_kernel_stencil_out_subtile_stream_7"   --->   Operation 284 'specchannel' 'empty_132' <Predicate = true> <Delay = 0.00>
ST_10 : Operation 285 [1/1] (0.00ns)   --->   "%specinterface_ln0 = specinterface void @_ssdm_op_SpecInterface, i288 %arg1_poisson_kernel_stencil_out_subtile_stream_7, void @empty_27, i32 0, i32 0, void @empty_5, i32 0, i32 0, void @empty_5, void @empty_5, void @empty_5, i32 0, i32 0, i32 0, i32 0, void @empty_5, void @empty_5, i32 4294967295, i32 0"   --->   Operation 285 'specinterface' 'specinterface_ln0' <Predicate = true> <Delay = 0.00>
ST_10 : Operation 286 [1/2] (0.00ns)   --->   "%call_ln164 = call void @stream2axis<256u>, i256 %arg0_arg1_streams_1_0, i256 %arg1_0_axis_out_V_data_V, i32 %arg1_0_axis_out_V_keep_V, i32 %arg1_0_axis_out_V_strb_V, i1 %arg1_0_axis_out_V_last_V, i29 %num_pkts_c25" [/home/x_thileeb/repos/ops-hls-batching-new/codegen_apps/tiling/poisson2d/u280_project/maxtile_8192_align_interleave_p7/hls/device/src/kernel_outerloop_0_0.cpp:164]   --->   Operation 286 'call' 'call_ln164' <Predicate = true> <Delay = 0.00> <CoreType = "Generic">   --->   Core 0 '' <Latency = 0> <II = 1> <Delay = 1.00> <Generic> <Opcode : >
ST_10 : Operation 287 [1/2] (0.00ns)   --->   "%call_ln165 = call void @stream2axis<256u>.8, i256 %arg0_arg1_streams_1_1, i256 %arg1_1_axis_out_V_data_V, i32 %arg1_1_axis_out_V_keep_V, i32 %arg1_1_axis_out_V_strb_V, i1 %arg1_1_axis_out_V_last_V, i29 %num_pkts_c24" [/home/x_thileeb/repos/ops-hls-batching-new/codegen_apps/tiling/poisson2d/u280_project/maxtile_8192_align_interleave_p7/hls/device/src/kernel_outerloop_0_0.cpp:165]   --->   Operation 287 'call' 'call_ln165' <Predicate = true> <Delay = 0.00> <CoreType = "Generic">   --->   Core 0 '' <Latency = 0> <II = 1> <Delay = 1.00> <Generic> <Opcode : >
ST_10 : Operation 288 [1/2] (0.00ns)   --->   "%call_ln166 = call void @stream2axis<256u>.9, i256 %arg0_arg1_streams_1_2, i256 %arg1_2_axis_out_V_data_V, i32 %arg1_2_axis_out_V_keep_V, i32 %arg1_2_axis_out_V_strb_V, i1 %arg1_2_axis_out_V_last_V, i29 %num_pkts_c23" [/home/x_thileeb/repos/ops-hls-batching-new/codegen_apps/tiling/poisson2d/u280_project/maxtile_8192_align_interleave_p7/hls/device/src/kernel_outerloop_0_0.cpp:166]   --->   Operation 288 'call' 'call_ln166' <Predicate = true> <Delay = 0.00> <CoreType = "Generic">   --->   Core 0 '' <Latency = 0> <II = 1> <Delay = 1.00> <Generic> <Opcode : >
ST_10 : Operation 289 [1/2] (0.00ns)   --->   "%call_ln167 = call void @stream2axis<256u>.10, i256 %arg0_arg1_streams_1_3, i256 %arg1_3_axis_out_V_data_V, i32 %arg1_3_axis_out_V_keep_V, i32 %arg1_3_axis_out_V_strb_V, i1 %arg1_3_axis_out_V_last_V, i29 %num_pkts_c22" [/home/x_thileeb/repos/ops-hls-batching-new/codegen_apps/tiling/poisson2d/u280_project/maxtile_8192_align_interleave_p7/hls/device/src/kernel_outerloop_0_0.cpp:167]   --->   Operation 289 'call' 'call_ln167' <Predicate = true> <Delay = 0.00> <CoreType = "Generic">   --->   Core 0 '' <Latency = 0> <II = 1> <Delay = 1.00> <Generic> <Opcode : >
ST_10 : Operation 290 [1/2] (0.00ns)   --->   "%call_ln168 = call void @stream2axis<256u>.11, i256 %arg0_arg1_streams_1_4, i256 %arg1_4_axis_out_V_data_V, i32 %arg1_4_axis_out_V_keep_V, i32 %arg1_4_axis_out_V_strb_V, i1 %arg1_4_axis_out_V_last_V, i29 %num_pkts_c21" [/home/x_thileeb/repos/ops-hls-batching-new/codegen_apps/tiling/poisson2d/u280_project/maxtile_8192_align_interleave_p7/hls/device/src/kernel_outerloop_0_0.cpp:168]   --->   Operation 290 'call' 'call_ln168' <Predicate = true> <Delay = 0.00> <CoreType = "Generic">   --->   Core 0 '' <Latency = 0> <II = 1> <Delay = 1.00> <Generic> <Opcode : >
ST_10 : Operation 291 [1/2] (0.00ns)   --->   "%call_ln169 = call void @stream2axis<256u>.12, i256 %arg0_arg1_streams_1_5, i256 %arg1_5_axis_out_V_data_V, i32 %arg1_5_axis_out_V_keep_V, i32 %arg1_5_axis_out_V_strb_V, i1 %arg1_5_axis_out_V_last_V, i29 %num_pkts_c20" [/home/x_thileeb/repos/ops-hls-batching-new/codegen_apps/tiling/poisson2d/u280_project/maxtile_8192_align_interleave_p7/hls/device/src/kernel_outerloop_0_0.cpp:169]   --->   Operation 291 'call' 'call_ln169' <Predicate = true> <Delay = 0.00> <CoreType = "Generic">   --->   Core 0 '' <Latency = 0> <II = 1> <Delay = 1.00> <Generic> <Opcode : >
ST_10 : Operation 292 [1/2] (0.00ns)   --->   "%call_ln170 = call void @stream2axis<256u>.13, i256 %arg0_arg1_streams_1_6, i256 %arg1_6_axis_out_V_data_V, i32 %arg1_6_axis_out_V_keep_V, i32 %arg1_6_axis_out_V_strb_V, i1 %arg1_6_axis_out_V_last_V, i29 %num_pkts_c19" [/home/x_thileeb/repos/ops-hls-batching-new/codegen_apps/tiling/poisson2d/u280_project/maxtile_8192_align_interleave_p7/hls/device/src/kernel_outerloop_0_0.cpp:170]   --->   Operation 292 'call' 'call_ln170' <Predicate = true> <Delay = 0.00> <CoreType = "Generic">   --->   Core 0 '' <Latency = 0> <II = 1> <Delay = 1.00> <Generic> <Opcode : >
ST_10 : Operation 293 [1/2] (0.00ns)   --->   "%call_ln171 = call void @stream2axis<256u>.14, i256 %arg0_arg1_streams_1_7, i256 %arg1_7_axis_out_V_data_V, i32 %arg1_7_axis_out_V_keep_V, i32 %arg1_7_axis_out_V_strb_V, i1 %arg1_7_axis_out_V_last_V, i29 %num_pkts_c" [/home/x_thileeb/repos/ops-hls-batching-new/codegen_apps/tiling/poisson2d/u280_project/maxtile_8192_align_interleave_p7/hls/device/src/kernel_outerloop_0_0.cpp:171]   --->   Operation 293 'call' 'call_ln171' <Predicate = true> <Delay = 0.00> <CoreType = "Generic">   --->   Core 0 '' <Latency = 0> <II = 1> <Delay = 1.00> <Generic> <Opcode : >
ST_10 : Operation 294 [1/1] (0.00ns)   --->   "%ret_ln173 = ret" [/home/x_thileeb/repos/ops-hls-batching-new/codegen_apps/tiling/poisson2d/u280_project/maxtile_8192_align_interleave_p7/hls/device/src/kernel_outerloop_0_0.cpp:173]   --->   Operation 294 'ret' 'ret_ln173' <Predicate = true> <Delay = 0.00>


============================================================
+ Verbose Summary: Timing violations
============================================================
Target clock period: 3.33ns, clock uncertainty: 0.9ns.

 <State 1>: 1.22ns
The critical path consists of the following:
	wire read operation ('num_pkts_read') on port 'num_pkts' [72]  (0 ns)
	'call' operation ('call_ln111', /home/x_thileeb/repos/ops-hls-batching-new/codegen_apps/tiling/poisson2d/u280_project/maxtile_8192_align_interleave_p7/hls/device/src/kernel_outerloop_0_0.cpp:111) to 'axis2stream<256u>' [311]  (1.22 ns)

 <State 2>: 0ns
The critical path consists of the following:

 <State 3>: 0ns
The critical path consists of the following:

 <State 4>: 1.22ns
The critical path consists of the following:
	wire read operation ('p_read511') on port 'p_read5' [73]  (0 ns)
	'call' operation ('call_ln0') to 'entry_proc' [310]  (1.22 ns)

 <State 5>: 0ns
The critical path consists of the following:

 <State 6>: 0ns
The critical path consists of the following:

 <State 7>: 0ns
The critical path consists of the following:

 <State 8>: 0ns
The critical path consists of the following:

 <State 9>: 0ns
The critical path consists of the following:

 <State 10>: 0ns
The critical path consists of the following:


============================================================
+ Verbose Summary: Binding
============================================================
N/A
* FSMD analyzer results:
  - Output states:
 - Input state : 
  - Chain level:
	State 1
	State 2
	State 3
	State 4
	State 5
	State 6
	State 7
	State 8
	State 9
	State 10


============================================================
+ Verbose Summary: Datapath Resource usage 
============================================================
N/A
