

================================================================
== Vitis HLS Report for 'mem2stream_512u_32u_2u_1'
================================================================
* Date:           Sun Jul 26 02:52:52 2026

* Version:        2022.1 (Build 3526262 on Mon Apr 18 15:47:01 MDT 2022)
* Project:        datamover_outerloop_0
* Solution:       solution (Vitis Kernel Flow Target)
* Product family: versal
* Target device:  xcvc1902-vsvd1760-2MP-e-S


================================================================
== Performance Estimates
================================================================
+ Timing: 
    * Summary: 
    +--------+---------+----------+------------+
    |  Clock |  Target | Estimated| Uncertainty|
    +--------+---------+----------+------------+
    |ap_clk  |  3.33 ns|  2.433 ns|     0.90 ns|
    +--------+---------+----------+------------+

+ Latency: 
    * Summary: 
    +---------+---------+----------+----------+-----+-----+---------+
    |  Latency (cycles) |  Latency (absolute) |  Interval | Pipeline|
    |   min   |   max   |    min   |    max   | min | max |   Type  |
    +---------+---------+----------+----------+-----+-----+---------+
    |        ?|        ?|         ?|         ?|    ?|    ?|       no|
    +---------+---------+----------+----------+-----+-----+---------+

    + Detail: 
        * Instance: 
        N/A

        * Loop: 
        N/A

============================================================
+ Verbose Summary: Synthesis Manager
============================================================
InlineROM: 1
ExposeGlobal: 0
============================================================
+ Verbose Summary: CDFG Model
============================================================
IsTopModel: 0
ResetActiveHigh: 1
IsCombinational: 2
IsDatapathOnly: 0
HasWiredReturn: 1
HasMFsm: 0
HasVarLatency: 1
IsPipeline: 0
IsRtlPipelined: 0
IsInstanceOverlapped: 0
IsDontTouch: 0
HasImplIP: 0
IsGatedGlobalClock: 0


============================================================
+ Verbose Summary: Schedule
============================================================
* Number of FSM states : 98
* Pipeline : 0
* Dataflow Pipeline: 0

* FSM state transitions: 
1 --> 2 
2 --> 3 50 
3 --> 4 
4 --> 5 
5 --> 6 
6 --> 7 
7 --> 8 
8 --> 9 
9 --> 10 
10 --> 11 
11 --> 12 
12 --> 13 
13 --> 14 
14 --> 15 
15 --> 16 
16 --> 17 
17 --> 18 
18 --> 19 
19 --> 20 
20 --> 21 
21 --> 22 
22 --> 23 
23 --> 24 
24 --> 25 
25 --> 26 
26 --> 27 
27 --> 28 
28 --> 29 
29 --> 30 
30 --> 31 
31 --> 32 
32 --> 33 
33 --> 34 
34 --> 35 
35 --> 36 
36 --> 37 
37 --> 38 
38 --> 39 
39 --> 40 
40 --> 41 
41 --> 42 
42 --> 43 
43 --> 44 
44 --> 45 
45 --> 46 
46 --> 47 
47 --> 48 
48 --> 49 
49 --> 50 
50 --> 51 98 
51 --> 52 
52 --> 53 
53 --> 54 
54 --> 55 
55 --> 56 
56 --> 57 
57 --> 58 
58 --> 59 
59 --> 60 
60 --> 61 
61 --> 62 
62 --> 63 
63 --> 64 
64 --> 65 
65 --> 66 
66 --> 67 
67 --> 68 
68 --> 69 
69 --> 70 
70 --> 71 
71 --> 72 
72 --> 73 
73 --> 74 
74 --> 75 
75 --> 76 
76 --> 77 
77 --> 78 
78 --> 79 
79 --> 80 
80 --> 81 
81 --> 82 
82 --> 83 
83 --> 84 
84 --> 85 
85 --> 86 
86 --> 87 
87 --> 88 
88 --> 89 
89 --> 90 
90 --> 91 
91 --> 92 
92 --> 93 
93 --> 94 
94 --> 95 
95 --> 96 
96 --> 97 
97 --> 98 
98 --> 

* FSM state operations: 

State 1 <SV = 0> <Delay = 0.73>
ST_1 : Operation 99 [1/1] (0.00ns)   --->   "%num_beats_read = read i32 @_ssdm_op_Read.ap_auto.i32, i32 %num_beats" [/home/x_thileeb/repos/ops-hls-batching-new/OPS/ops/hls/include/device/../../L1/include/ops_hls_datamover.hpp:424]   --->   Operation 99 'read' 'num_beats_read' <Predicate = true> <Delay = 0.00>
ST_1 : Operation 100 [1/1] (0.73ns)   --->   "%write_ln424 = write void @_ssdm_op_Write.ap_fifo.i32P0A, i32 %p_read_c31, i32 %num_beats_read" [/home/x_thileeb/repos/ops-hls-batching-new/OPS/ops/hls/include/device/../../L1/include/ops_hls_datamover.hpp:424]   --->   Operation 100 'write' 'write_ln424' <Predicate = true> <Delay = 0.73> <CoreInst = "FIFO_SRL">   --->   Core 85 'FIFO_SRL' <Latency = 0> <II = 1> <Delay = 0.73> <Storage> <Opcode : 'read' 'write' 'nbread' 'nbwrite'> <Ports = 0> <Width = 32> <Depth = 2> <FIFO>
ST_1 : Operation 101 [1/1] (0.00ns)   --->   "%non_burst_beats = trunc i32 %num_beats_read" [/home/x_thileeb/repos/ops-hls-batching-new/OPS/ops/hls/include/device/../../L1/include/ops_hls_datamover.hpp:424]   --->   Operation 101 'trunc' 'non_burst_beats' <Predicate = true> <Delay = 0.00>
ST_1 : Operation 102 [1/1] (0.00ns)   --->   "%tmp_s = partselect i27 @_ssdm_op_PartSelect.i27.i32.i32.i32, i32 %num_beats_read, i32 5, i32 31" [/home/x_thileeb/repos/ops-hls-batching-new/OPS/ops/hls/include/device/../../L1/include/ops_hls_datamover.hpp:441]   --->   Operation 102 'partselect' 'tmp_s' <Predicate = true> <Delay = 0.00>
ST_1 : Operation 103 [1/1] (0.00ns)   --->   "%burst_beats = bitconcatenate i32 @_ssdm_op_BitConcatenate.i32.i27.i5, i27 %tmp_s, i5 0" [/home/x_thileeb/repos/ops-hls-batching-new/OPS/ops/hls/include/device/../../L1/include/ops_hls_datamover.hpp:441]   --->   Operation 103 'bitconcatenate' 'burst_beats' <Predicate = true> <Delay = 0.00>
ST_1 : Operation 104 [1/1] (0.70ns)   --->   "%icmp_ln456 = icmp_eq  i32 %burst_beats, i32 0" [/home/x_thileeb/repos/ops-hls-batching-new/OPS/ops/hls/include/device/../../L1/include/ops_hls_datamover.hpp:456]   --->   Operation 104 'icmp' 'icmp_ln456' <Predicate = true> <Delay = 0.70> <CoreInst = "Cmp">   --->   Core 9 'Cmp' <Latency = 0> <II = 1> <Delay = 0.70> <FuncUnit> <Opcode : 'icmp'> <InPorts = 2> <OutPorts = 1>

State 2 <SV = 1> <Delay = 2.43>
ST_2 : Operation 105 [1/1] (0.00ns)   --->   "%specinterface_ln0 = specinterface void @_ssdm_op_SpecInterface, i32 %p_read_c31, void @ap_fifo_str, i32 0, i32 0, void @p_str, i32 0, i32 0, void @p_str, void @p_str, void @p_str, i32 2, i32 2, i32 16, i32 16, void @p_str, void @ScalarProp_str, i32 4294967295, i32 0"   --->   Operation 105 'specinterface' 'specinterface_ln0' <Predicate = true> <Delay = 0.00>
ST_2 : Operation 106 [1/1] (0.00ns)   --->   "%mem_in_read = read i64 @_ssdm_op_Read.ap_auto.i64, i64 %mem_in" [/home/x_thileeb/repos/ops-hls-batching-new/OPS/ops/hls/include/device/../../L1/include/ops_hls_datamover.hpp:424]   --->   Operation 106 'read' 'mem_in_read' <Predicate = true> <Delay = 0.00>
ST_2 : Operation 107 [1/1] (0.00ns)   --->   "%specinterface_ln0 = specinterface void @_ssdm_op_SpecInterface, i512 %arg1_read_mem_strm, void @empty_9, i32 0, i32 0, void @empty_14, i32 0, i32 0, void @empty_14, void @empty_14, void @empty_14, i32 0, i32 0, i32 0, i32 0, void @empty_14, void @empty_14, i32 4294967295, i32 0"   --->   Operation 107 'specinterface' 'specinterface_ln0' <Predicate = true> <Delay = 0.00>
ST_2 : Operation 108 [1/1] (0.00ns)   --->   "%specinterface_ln0 = specinterface void @_ssdm_op_SpecInterface, i512 %arg1_read_mem_strm, void @empty_9, i32 0, i32 0, void @empty_14, i32 0, i32 0, void @empty_14, void @empty_14, void @empty_14, i32 0, i32 0, i32 0, i32 0, void @empty_14, void @empty_14, i32 4294967295, i32 0"   --->   Operation 108 'specinterface' 'specinterface_ln0' <Predicate = true> <Delay = 0.00>
ST_2 : Operation 109 [1/1] (0.00ns)   --->   "%specinterface_ln0 = specinterface void @_ssdm_op_SpecInterface, i512 %arg1_read_mem_strm, void @empty_9, i32 0, i32 0, void @empty_14, i32 0, i32 0, void @empty_14, void @empty_14, void @empty_14, i32 0, i32 0, i32 0, i32 0, void @empty_14, void @empty_14, i32 4294967295, i32 0"   --->   Operation 109 'specinterface' 'specinterface_ln0' <Predicate = true> <Delay = 0.00>
ST_2 : Operation 110 [1/1] (0.00ns)   --->   "%specinterface_ln0 = specinterface void @_ssdm_op_SpecInterface, i512 %gmem1, void @empty_13, i32 0, i32 0, void @empty_14, i32 40, i32 4096, void @empty_18, void @empty_25, void @empty_14, i32 2, i32 2, i32 32, i32 32, void @empty_14, void @empty_14, i32 4294967295, i32 0"   --->   Operation 110 'specinterface' 'specinterface_ln0' <Predicate = true> <Delay = 0.00>
ST_2 : Operation 111 [1/1] (0.00ns)   --->   "%specinterface_ln0 = specinterface void @_ssdm_op_SpecInterface, i512 %arg1_read_mem_strm, void @empty_9, i32 0, i32 0, void @empty_14, i32 0, i32 0, void @empty_14, void @empty_14, void @empty_14, i32 0, i32 0, i32 0, i32 0, void @empty_14, void @empty_14, i32 4294967295, i32 0"   --->   Operation 111 'specinterface' 'specinterface_ln0' <Predicate = true> <Delay = 0.00>
ST_2 : Operation 112 [1/1] (0.00ns)   --->   "%zext_ln440 = zext i5 %non_burst_beats" [/home/x_thileeb/repos/ops-hls-batching-new/OPS/ops/hls/include/device/../../L1/include/ops_hls_datamover.hpp:440]   --->   Operation 112 'zext' 'zext_ln440' <Predicate = true> <Delay = 0.00>
ST_2 : Operation 113 [1/1] (0.46ns)   --->   "%br_ln456 = br i1 %icmp_ln456, void %for.body.lr.ph.i, void %VITIS_LOOP_478_2.i" [/home/x_thileeb/repos/ops-hls-batching-new/OPS/ops/hls/include/device/../../L1/include/ops_hls_datamover.hpp:456]   --->   Operation 113 'br' 'br_ln456' <Predicate = true> <Delay = 0.46>
ST_2 : Operation 114 [1/1] (0.00ns)   --->   "%trunc_ln = partselect i58 @_ssdm_op_PartSelect.i58.i64.i32.i32, i64 %mem_in_read, i32 6, i32 63" [/home/x_thileeb/repos/ops-hls-batching-new/OPS/ops/hls/include/device/../../L1/include/ops_hls_datamover.hpp:456]   --->   Operation 114 'partselect' 'trunc_ln' <Predicate = (!icmp_ln456)> <Delay = 0.00>
ST_2 : Operation 115 [1/1] (0.00ns)   --->   "%sext_ln456 = sext i58 %trunc_ln" [/home/x_thileeb/repos/ops-hls-batching-new/OPS/ops/hls/include/device/../../L1/include/ops_hls_datamover.hpp:456]   --->   Operation 115 'sext' 'sext_ln456' <Predicate = (!icmp_ln456)> <Delay = 0.00>
ST_2 : Operation 116 [1/1] (0.00ns)   --->   "%gmem1_addr = getelementptr i512 %gmem1, i64 %sext_ln456" [/home/x_thileeb/repos/ops-hls-batching-new/OPS/ops/hls/include/device/../../L1/include/ops_hls_datamover.hpp:456]   --->   Operation 116 'getelementptr' 'gmem1_addr' <Predicate = (!icmp_ln456)> <Delay = 0.00>
ST_2 : Operation 117 [46/46] (2.43ns)   --->   "%empty = readreq i1 @_ssdm_op_ReadReq.m_axi.p1i512, i512 %gmem1_addr, i32 %burst_beats" [/home/x_thileeb/repos/ops-hls-batching-new/OPS/ops/hls/include/device/../../L1/include/ops_hls_datamover.hpp:456]   --->   Operation 117 'readreq' 'empty' <Predicate = (!icmp_ln456)> <Delay = 2.43> <CoreInst = "m_axi">   --->   Core 125 'm_axi' <Latency = 0> <II = 1> <Delay = 1.00> <Adapter> <Opcode : 'read' 'write' 'readreq' 'writereq' 'writeresp'>

State 3 <SV = 2> <Delay = 2.43>
ST_3 : Operation 118 [45/46] (2.43ns)   --->   "%empty = readreq i1 @_ssdm_op_ReadReq.m_axi.p1i512, i512 %gmem1_addr, i32 %burst_beats" [/home/x_thileeb/repos/ops-hls-batching-new/OPS/ops/hls/include/device/../../L1/include/ops_hls_datamover.hpp:456]   --->   Operation 118 'readreq' 'empty' <Predicate = true> <Delay = 2.43> <CoreInst = "m_axi">   --->   Core 125 'm_axi' <Latency = 0> <II = 1> <Delay = 1.00> <Adapter> <Opcode : 'read' 'write' 'readreq' 'writereq' 'writeresp'>

State 4 <SV = 3> <Delay = 2.43>
ST_4 : Operation 119 [44/46] (2.43ns)   --->   "%empty = readreq i1 @_ssdm_op_ReadReq.m_axi.p1i512, i512 %gmem1_addr, i32 %burst_beats" [/home/x_thileeb/repos/ops-hls-batching-new/OPS/ops/hls/include/device/../../L1/include/ops_hls_datamover.hpp:456]   --->   Operation 119 'readreq' 'empty' <Predicate = true> <Delay = 2.43> <CoreInst = "m_axi">   --->   Core 125 'm_axi' <Latency = 0> <II = 1> <Delay = 1.00> <Adapter> <Opcode : 'read' 'write' 'readreq' 'writereq' 'writeresp'>

State 5 <SV = 4> <Delay = 2.43>
ST_5 : Operation 120 [43/46] (2.43ns)   --->   "%empty = readreq i1 @_ssdm_op_ReadReq.m_axi.p1i512, i512 %gmem1_addr, i32 %burst_beats" [/home/x_thileeb/repos/ops-hls-batching-new/OPS/ops/hls/include/device/../../L1/include/ops_hls_datamover.hpp:456]   --->   Operation 120 'readreq' 'empty' <Predicate = true> <Delay = 2.43> <CoreInst = "m_axi">   --->   Core 125 'm_axi' <Latency = 0> <II = 1> <Delay = 1.00> <Adapter> <Opcode : 'read' 'write' 'readreq' 'writereq' 'writeresp'>

State 6 <SV = 5> <Delay = 2.43>
ST_6 : Operation 121 [42/46] (2.43ns)   --->   "%empty = readreq i1 @_ssdm_op_ReadReq.m_axi.p1i512, i512 %gmem1_addr, i32 %burst_beats" [/home/x_thileeb/repos/ops-hls-batching-new/OPS/ops/hls/include/device/../../L1/include/ops_hls_datamover.hpp:456]   --->   Operation 121 'readreq' 'empty' <Predicate = true> <Delay = 2.43> <CoreInst = "m_axi">   --->   Core 125 'm_axi' <Latency = 0> <II = 1> <Delay = 1.00> <Adapter> <Opcode : 'read' 'write' 'readreq' 'writereq' 'writeresp'>

State 7 <SV = 6> <Delay = 2.43>
ST_7 : Operation 122 [41/46] (2.43ns)   --->   "%empty = readreq i1 @_ssdm_op_ReadReq.m_axi.p1i512, i512 %gmem1_addr, i32 %burst_beats" [/home/x_thileeb/repos/ops-hls-batching-new/OPS/ops/hls/include/device/../../L1/include/ops_hls_datamover.hpp:456]   --->   Operation 122 'readreq' 'empty' <Predicate = true> <Delay = 2.43> <CoreInst = "m_axi">   --->   Core 125 'm_axi' <Latency = 0> <II = 1> <Delay = 1.00> <Adapter> <Opcode : 'read' 'write' 'readreq' 'writereq' 'writeresp'>

State 8 <SV = 7> <Delay = 2.43>
ST_8 : Operation 123 [40/46] (2.43ns)   --->   "%empty = readreq i1 @_ssdm_op_ReadReq.m_axi.p1i512, i512 %gmem1_addr, i32 %burst_beats" [/home/x_thileeb/repos/ops-hls-batching-new/OPS/ops/hls/include/device/../../L1/include/ops_hls_datamover.hpp:456]   --->   Operation 123 'readreq' 'empty' <Predicate = true> <Delay = 2.43> <CoreInst = "m_axi">   --->   Core 125 'm_axi' <Latency = 0> <II = 1> <Delay = 1.00> <Adapter> <Opcode : 'read' 'write' 'readreq' 'writereq' 'writeresp'>

State 9 <SV = 8> <Delay = 2.43>
ST_9 : Operation 124 [39/46] (2.43ns)   --->   "%empty = readreq i1 @_ssdm_op_ReadReq.m_axi.p1i512, i512 %gmem1_addr, i32 %burst_beats" [/home/x_thileeb/repos/ops-hls-batching-new/OPS/ops/hls/include/device/../../L1/include/ops_hls_datamover.hpp:456]   --->   Operation 124 'readreq' 'empty' <Predicate = true> <Delay = 2.43> <CoreInst = "m_axi">   --->   Core 125 'm_axi' <Latency = 0> <II = 1> <Delay = 1.00> <Adapter> <Opcode : 'read' 'write' 'readreq' 'writereq' 'writeresp'>

State 10 <SV = 9> <Delay = 2.43>
ST_10 : Operation 125 [38/46] (2.43ns)   --->   "%empty = readreq i1 @_ssdm_op_ReadReq.m_axi.p1i512, i512 %gmem1_addr, i32 %burst_beats" [/home/x_thileeb/repos/ops-hls-batching-new/OPS/ops/hls/include/device/../../L1/include/ops_hls_datamover.hpp:456]   --->   Operation 125 'readreq' 'empty' <Predicate = true> <Delay = 2.43> <CoreInst = "m_axi">   --->   Core 125 'm_axi' <Latency = 0> <II = 1> <Delay = 1.00> <Adapter> <Opcode : 'read' 'write' 'readreq' 'writereq' 'writeresp'>

State 11 <SV = 10> <Delay = 2.43>
ST_11 : Operation 126 [37/46] (2.43ns)   --->   "%empty = readreq i1 @_ssdm_op_ReadReq.m_axi.p1i512, i512 %gmem1_addr, i32 %burst_beats" [/home/x_thileeb/repos/ops-hls-batching-new/OPS/ops/hls/include/device/../../L1/include/ops_hls_datamover.hpp:456]   --->   Operation 126 'readreq' 'empty' <Predicate = true> <Delay = 2.43> <CoreInst = "m_axi">   --->   Core 125 'm_axi' <Latency = 0> <II = 1> <Delay = 1.00> <Adapter> <Opcode : 'read' 'write' 'readreq' 'writereq' 'writeresp'>

State 12 <SV = 11> <Delay = 2.43>
ST_12 : Operation 127 [36/46] (2.43ns)   --->   "%empty = readreq i1 @_ssdm_op_ReadReq.m_axi.p1i512, i512 %gmem1_addr, i32 %burst_beats" [/home/x_thileeb/repos/ops-hls-batching-new/OPS/ops/hls/include/device/../../L1/include/ops_hls_datamover.hpp:456]   --->   Operation 127 'readreq' 'empty' <Predicate = true> <Delay = 2.43> <CoreInst = "m_axi">   --->   Core 125 'm_axi' <Latency = 0> <II = 1> <Delay = 1.00> <Adapter> <Opcode : 'read' 'write' 'readreq' 'writereq' 'writeresp'>

State 13 <SV = 12> <Delay = 2.43>
ST_13 : Operation 128 [35/46] (2.43ns)   --->   "%empty = readreq i1 @_ssdm_op_ReadReq.m_axi.p1i512, i512 %gmem1_addr, i32 %burst_beats" [/home/x_thileeb/repos/ops-hls-batching-new/OPS/ops/hls/include/device/../../L1/include/ops_hls_datamover.hpp:456]   --->   Operation 128 'readreq' 'empty' <Predicate = true> <Delay = 2.43> <CoreInst = "m_axi">   --->   Core 125 'm_axi' <Latency = 0> <II = 1> <Delay = 1.00> <Adapter> <Opcode : 'read' 'write' 'readreq' 'writereq' 'writeresp'>

State 14 <SV = 13> <Delay = 2.43>
ST_14 : Operation 129 [34/46] (2.43ns)   --->   "%empty = readreq i1 @_ssdm_op_ReadReq.m_axi.p1i512, i512 %gmem1_addr, i32 %burst_beats" [/home/x_thileeb/repos/ops-hls-batching-new/OPS/ops/hls/include/device/../../L1/include/ops_hls_datamover.hpp:456]   --->   Operation 129 'readreq' 'empty' <Predicate = true> <Delay = 2.43> <CoreInst = "m_axi">   --->   Core 125 'm_axi' <Latency = 0> <II = 1> <Delay = 1.00> <Adapter> <Opcode : 'read' 'write' 'readreq' 'writereq' 'writeresp'>

State 15 <SV = 14> <Delay = 2.43>
ST_15 : Operation 130 [33/46] (2.43ns)   --->   "%empty = readreq i1 @_ssdm_op_ReadReq.m_axi.p1i512, i512 %gmem1_addr, i32 %burst_beats" [/home/x_thileeb/repos/ops-hls-batching-new/OPS/ops/hls/include/device/../../L1/include/ops_hls_datamover.hpp:456]   --->   Operation 130 'readreq' 'empty' <Predicate = true> <Delay = 2.43> <CoreInst = "m_axi">   --->   Core 125 'm_axi' <Latency = 0> <II = 1> <Delay = 1.00> <Adapter> <Opcode : 'read' 'write' 'readreq' 'writereq' 'writeresp'>

State 16 <SV = 15> <Delay = 2.43>
ST_16 : Operation 131 [32/46] (2.43ns)   --->   "%empty = readreq i1 @_ssdm_op_ReadReq.m_axi.p1i512, i512 %gmem1_addr, i32 %burst_beats" [/home/x_thileeb/repos/ops-hls-batching-new/OPS/ops/hls/include/device/../../L1/include/ops_hls_datamover.hpp:456]   --->   Operation 131 'readreq' 'empty' <Predicate = true> <Delay = 2.43> <CoreInst = "m_axi">   --->   Core 125 'm_axi' <Latency = 0> <II = 1> <Delay = 1.00> <Adapter> <Opcode : 'read' 'write' 'readreq' 'writereq' 'writeresp'>

State 17 <SV = 16> <Delay = 2.43>
ST_17 : Operation 132 [31/46] (2.43ns)   --->   "%empty = readreq i1 @_ssdm_op_ReadReq.m_axi.p1i512, i512 %gmem1_addr, i32 %burst_beats" [/home/x_thileeb/repos/ops-hls-batching-new/OPS/ops/hls/include/device/../../L1/include/ops_hls_datamover.hpp:456]   --->   Operation 132 'readreq' 'empty' <Predicate = true> <Delay = 2.43> <CoreInst = "m_axi">   --->   Core 125 'm_axi' <Latency = 0> <II = 1> <Delay = 1.00> <Adapter> <Opcode : 'read' 'write' 'readreq' 'writereq' 'writeresp'>

State 18 <SV = 17> <Delay = 2.43>
ST_18 : Operation 133 [30/46] (2.43ns)   --->   "%empty = readreq i1 @_ssdm_op_ReadReq.m_axi.p1i512, i512 %gmem1_addr, i32 %burst_beats" [/home/x_thileeb/repos/ops-hls-batching-new/OPS/ops/hls/include/device/../../L1/include/ops_hls_datamover.hpp:456]   --->   Operation 133 'readreq' 'empty' <Predicate = true> <Delay = 2.43> <CoreInst = "m_axi">   --->   Core 125 'm_axi' <Latency = 0> <II = 1> <Delay = 1.00> <Adapter> <Opcode : 'read' 'write' 'readreq' 'writereq' 'writeresp'>

State 19 <SV = 18> <Delay = 2.43>
ST_19 : Operation 134 [29/46] (2.43ns)   --->   "%empty = readreq i1 @_ssdm_op_ReadReq.m_axi.p1i512, i512 %gmem1_addr, i32 %burst_beats" [/home/x_thileeb/repos/ops-hls-batching-new/OPS/ops/hls/include/device/../../L1/include/ops_hls_datamover.hpp:456]   --->   Operation 134 'readreq' 'empty' <Predicate = true> <Delay = 2.43> <CoreInst = "m_axi">   --->   Core 125 'm_axi' <Latency = 0> <II = 1> <Delay = 1.00> <Adapter> <Opcode : 'read' 'write' 'readreq' 'writereq' 'writeresp'>

State 20 <SV = 19> <Delay = 2.43>
ST_20 : Operation 135 [28/46] (2.43ns)   --->   "%empty = readreq i1 @_ssdm_op_ReadReq.m_axi.p1i512, i512 %gmem1_addr, i32 %burst_beats" [/home/x_thileeb/repos/ops-hls-batching-new/OPS/ops/hls/include/device/../../L1/include/ops_hls_datamover.hpp:456]   --->   Operation 135 'readreq' 'empty' <Predicate = true> <Delay = 2.43> <CoreInst = "m_axi">   --->   Core 125 'm_axi' <Latency = 0> <II = 1> <Delay = 1.00> <Adapter> <Opcode : 'read' 'write' 'readreq' 'writereq' 'writeresp'>

State 21 <SV = 20> <Delay = 2.43>
ST_21 : Operation 136 [27/46] (2.43ns)   --->   "%empty = readreq i1 @_ssdm_op_ReadReq.m_axi.p1i512, i512 %gmem1_addr, i32 %burst_beats" [/home/x_thileeb/repos/ops-hls-batching-new/OPS/ops/hls/include/device/../../L1/include/ops_hls_datamover.hpp:456]   --->   Operation 136 'readreq' 'empty' <Predicate = true> <Delay = 2.43> <CoreInst = "m_axi">   --->   Core 125 'm_axi' <Latency = 0> <II = 1> <Delay = 1.00> <Adapter> <Opcode : 'read' 'write' 'readreq' 'writereq' 'writeresp'>

State 22 <SV = 21> <Delay = 2.43>
ST_22 : Operation 137 [26/46] (2.43ns)   --->   "%empty = readreq i1 @_ssdm_op_ReadReq.m_axi.p1i512, i512 %gmem1_addr, i32 %burst_beats" [/home/x_thileeb/repos/ops-hls-batching-new/OPS/ops/hls/include/device/../../L1/include/ops_hls_datamover.hpp:456]   --->   Operation 137 'readreq' 'empty' <Predicate = true> <Delay = 2.43> <CoreInst = "m_axi">   --->   Core 125 'm_axi' <Latency = 0> <II = 1> <Delay = 1.00> <Adapter> <Opcode : 'read' 'write' 'readreq' 'writereq' 'writeresp'>

State 23 <SV = 22> <Delay = 2.43>
ST_23 : Operation 138 [25/46] (2.43ns)   --->   "%empty = readreq i1 @_ssdm_op_ReadReq.m_axi.p1i512, i512 %gmem1_addr, i32 %burst_beats" [/home/x_thileeb/repos/ops-hls-batching-new/OPS/ops/hls/include/device/../../L1/include/ops_hls_datamover.hpp:456]   --->   Operation 138 'readreq' 'empty' <Predicate = true> <Delay = 2.43> <CoreInst = "m_axi">   --->   Core 125 'm_axi' <Latency = 0> <II = 1> <Delay = 1.00> <Adapter> <Opcode : 'read' 'write' 'readreq' 'writereq' 'writeresp'>

State 24 <SV = 23> <Delay = 2.43>
ST_24 : Operation 139 [24/46] (2.43ns)   --->   "%empty = readreq i1 @_ssdm_op_ReadReq.m_axi.p1i512, i512 %gmem1_addr, i32 %burst_beats" [/home/x_thileeb/repos/ops-hls-batching-new/OPS/ops/hls/include/device/../../L1/include/ops_hls_datamover.hpp:456]   --->   Operation 139 'readreq' 'empty' <Predicate = true> <Delay = 2.43> <CoreInst = "m_axi">   --->   Core 125 'm_axi' <Latency = 0> <II = 1> <Delay = 1.00> <Adapter> <Opcode : 'read' 'write' 'readreq' 'writereq' 'writeresp'>

State 25 <SV = 24> <Delay = 2.43>
ST_25 : Operation 140 [23/46] (2.43ns)   --->   "%empty = readreq i1 @_ssdm_op_ReadReq.m_axi.p1i512, i512 %gmem1_addr, i32 %burst_beats" [/home/x_thileeb/repos/ops-hls-batching-new/OPS/ops/hls/include/device/../../L1/include/ops_hls_datamover.hpp:456]   --->   Operation 140 'readreq' 'empty' <Predicate = true> <Delay = 2.43> <CoreInst = "m_axi">   --->   Core 125 'm_axi' <Latency = 0> <II = 1> <Delay = 1.00> <Adapter> <Opcode : 'read' 'write' 'readreq' 'writereq' 'writeresp'>

State 26 <SV = 25> <Delay = 2.43>
ST_26 : Operation 141 [22/46] (2.43ns)   --->   "%empty = readreq i1 @_ssdm_op_ReadReq.m_axi.p1i512, i512 %gmem1_addr, i32 %burst_beats" [/home/x_thileeb/repos/ops-hls-batching-new/OPS/ops/hls/include/device/../../L1/include/ops_hls_datamover.hpp:456]   --->   Operation 141 'readreq' 'empty' <Predicate = true> <Delay = 2.43> <CoreInst = "m_axi">   --->   Core 125 'm_axi' <Latency = 0> <II = 1> <Delay = 1.00> <Adapter> <Opcode : 'read' 'write' 'readreq' 'writereq' 'writeresp'>

State 27 <SV = 26> <Delay = 2.43>
ST_27 : Operation 142 [21/46] (2.43ns)   --->   "%empty = readreq i1 @_ssdm_op_ReadReq.m_axi.p1i512, i512 %gmem1_addr, i32 %burst_beats" [/home/x_thileeb/repos/ops-hls-batching-new/OPS/ops/hls/include/device/../../L1/include/ops_hls_datamover.hpp:456]   --->   Operation 142 'readreq' 'empty' <Predicate = true> <Delay = 2.43> <CoreInst = "m_axi">   --->   Core 125 'm_axi' <Latency = 0> <II = 1> <Delay = 1.00> <Adapter> <Opcode : 'read' 'write' 'readreq' 'writereq' 'writeresp'>

State 28 <SV = 27> <Delay = 2.43>
ST_28 : Operation 143 [20/46] (2.43ns)   --->   "%empty = readreq i1 @_ssdm_op_ReadReq.m_axi.p1i512, i512 %gmem1_addr, i32 %burst_beats" [/home/x_thileeb/repos/ops-hls-batching-new/OPS/ops/hls/include/device/../../L1/include/ops_hls_datamover.hpp:456]   --->   Operation 143 'readreq' 'empty' <Predicate = true> <Delay = 2.43> <CoreInst = "m_axi">   --->   Core 125 'm_axi' <Latency = 0> <II = 1> <Delay = 1.00> <Adapter> <Opcode : 'read' 'write' 'readreq' 'writereq' 'writeresp'>

State 29 <SV = 28> <Delay = 2.43>
ST_29 : Operation 144 [19/46] (2.43ns)   --->   "%empty = readreq i1 @_ssdm_op_ReadReq.m_axi.p1i512, i512 %gmem1_addr, i32 %burst_beats" [/home/x_thileeb/repos/ops-hls-batching-new/OPS/ops/hls/include/device/../../L1/include/ops_hls_datamover.hpp:456]   --->   Operation 144 'readreq' 'empty' <Predicate = true> <Delay = 2.43> <CoreInst = "m_axi">   --->   Core 125 'm_axi' <Latency = 0> <II = 1> <Delay = 1.00> <Adapter> <Opcode : 'read' 'write' 'readreq' 'writereq' 'writeresp'>

State 30 <SV = 29> <Delay = 2.43>
ST_30 : Operation 145 [18/46] (2.43ns)   --->   "%empty = readreq i1 @_ssdm_op_ReadReq.m_axi.p1i512, i512 %gmem1_addr, i32 %burst_beats" [/home/x_thileeb/repos/ops-hls-batching-new/OPS/ops/hls/include/device/../../L1/include/ops_hls_datamover.hpp:456]   --->   Operation 145 'readreq' 'empty' <Predicate = true> <Delay = 2.43> <CoreInst = "m_axi">   --->   Core 125 'm_axi' <Latency = 0> <II = 1> <Delay = 1.00> <Adapter> <Opcode : 'read' 'write' 'readreq' 'writereq' 'writeresp'>

State 31 <SV = 30> <Delay = 2.43>
ST_31 : Operation 146 [17/46] (2.43ns)   --->   "%empty = readreq i1 @_ssdm_op_ReadReq.m_axi.p1i512, i512 %gmem1_addr, i32 %burst_beats" [/home/x_thileeb/repos/ops-hls-batching-new/OPS/ops/hls/include/device/../../L1/include/ops_hls_datamover.hpp:456]   --->   Operation 146 'readreq' 'empty' <Predicate = true> <Delay = 2.43> <CoreInst = "m_axi">   --->   Core 125 'm_axi' <Latency = 0> <II = 1> <Delay = 1.00> <Adapter> <Opcode : 'read' 'write' 'readreq' 'writereq' 'writeresp'>

State 32 <SV = 31> <Delay = 2.43>
ST_32 : Operation 147 [16/46] (2.43ns)   --->   "%empty = readreq i1 @_ssdm_op_ReadReq.m_axi.p1i512, i512 %gmem1_addr, i32 %burst_beats" [/home/x_thileeb/repos/ops-hls-batching-new/OPS/ops/hls/include/device/../../L1/include/ops_hls_datamover.hpp:456]   --->   Operation 147 'readreq' 'empty' <Predicate = true> <Delay = 2.43> <CoreInst = "m_axi">   --->   Core 125 'm_axi' <Latency = 0> <II = 1> <Delay = 1.00> <Adapter> <Opcode : 'read' 'write' 'readreq' 'writereq' 'writeresp'>

State 33 <SV = 32> <Delay = 2.43>
ST_33 : Operation 148 [15/46] (2.43ns)   --->   "%empty = readreq i1 @_ssdm_op_ReadReq.m_axi.p1i512, i512 %gmem1_addr, i32 %burst_beats" [/home/x_thileeb/repos/ops-hls-batching-new/OPS/ops/hls/include/device/../../L1/include/ops_hls_datamover.hpp:456]   --->   Operation 148 'readreq' 'empty' <Predicate = true> <Delay = 2.43> <CoreInst = "m_axi">   --->   Core 125 'm_axi' <Latency = 0> <II = 1> <Delay = 1.00> <Adapter> <Opcode : 'read' 'write' 'readreq' 'writereq' 'writeresp'>

State 34 <SV = 33> <Delay = 2.43>
ST_34 : Operation 149 [14/46] (2.43ns)   --->   "%empty = readreq i1 @_ssdm_op_ReadReq.m_axi.p1i512, i512 %gmem1_addr, i32 %burst_beats" [/home/x_thileeb/repos/ops-hls-batching-new/OPS/ops/hls/include/device/../../L1/include/ops_hls_datamover.hpp:456]   --->   Operation 149 'readreq' 'empty' <Predicate = true> <Delay = 2.43> <CoreInst = "m_axi">   --->   Core 125 'm_axi' <Latency = 0> <II = 1> <Delay = 1.00> <Adapter> <Opcode : 'read' 'write' 'readreq' 'writereq' 'writeresp'>

State 35 <SV = 34> <Delay = 2.43>
ST_35 : Operation 150 [13/46] (2.43ns)   --->   "%empty = readreq i1 @_ssdm_op_ReadReq.m_axi.p1i512, i512 %gmem1_addr, i32 %burst_beats" [/home/x_thileeb/repos/ops-hls-batching-new/OPS/ops/hls/include/device/../../L1/include/ops_hls_datamover.hpp:456]   --->   Operation 150 'readreq' 'empty' <Predicate = true> <Delay = 2.43> <CoreInst = "m_axi">   --->   Core 125 'm_axi' <Latency = 0> <II = 1> <Delay = 1.00> <Adapter> <Opcode : 'read' 'write' 'readreq' 'writereq' 'writeresp'>

State 36 <SV = 35> <Delay = 2.43>
ST_36 : Operation 151 [12/46] (2.43ns)   --->   "%empty = readreq i1 @_ssdm_op_ReadReq.m_axi.p1i512, i512 %gmem1_addr, i32 %burst_beats" [/home/x_thileeb/repos/ops-hls-batching-new/OPS/ops/hls/include/device/../../L1/include/ops_hls_datamover.hpp:456]   --->   Operation 151 'readreq' 'empty' <Predicate = true> <Delay = 2.43> <CoreInst = "m_axi">   --->   Core 125 'm_axi' <Latency = 0> <II = 1> <Delay = 1.00> <Adapter> <Opcode : 'read' 'write' 'readreq' 'writereq' 'writeresp'>

State 37 <SV = 36> <Delay = 2.43>
ST_37 : Operation 152 [11/46] (2.43ns)   --->   "%empty = readreq i1 @_ssdm_op_ReadReq.m_axi.p1i512, i512 %gmem1_addr, i32 %burst_beats" [/home/x_thileeb/repos/ops-hls-batching-new/OPS/ops/hls/include/device/../../L1/include/ops_hls_datamover.hpp:456]   --->   Operation 152 'readreq' 'empty' <Predicate = true> <Delay = 2.43> <CoreInst = "m_axi">   --->   Core 125 'm_axi' <Latency = 0> <II = 1> <Delay = 1.00> <Adapter> <Opcode : 'read' 'write' 'readreq' 'writereq' 'writeresp'>

State 38 <SV = 37> <Delay = 2.43>
ST_38 : Operation 153 [10/46] (2.43ns)   --->   "%empty = readreq i1 @_ssdm_op_ReadReq.m_axi.p1i512, i512 %gmem1_addr, i32 %burst_beats" [/home/x_thileeb/repos/ops-hls-batching-new/OPS/ops/hls/include/device/../../L1/include/ops_hls_datamover.hpp:456]   --->   Operation 153 'readreq' 'empty' <Predicate = true> <Delay = 2.43> <CoreInst = "m_axi">   --->   Core 125 'm_axi' <Latency = 0> <II = 1> <Delay = 1.00> <Adapter> <Opcode : 'read' 'write' 'readreq' 'writereq' 'writeresp'>

State 39 <SV = 38> <Delay = 2.43>
ST_39 : Operation 154 [9/46] (2.43ns)   --->   "%empty = readreq i1 @_ssdm_op_ReadReq.m_axi.p1i512, i512 %gmem1_addr, i32 %burst_beats" [/home/x_thileeb/repos/ops-hls-batching-new/OPS/ops/hls/include/device/../../L1/include/ops_hls_datamover.hpp:456]   --->   Operation 154 'readreq' 'empty' <Predicate = true> <Delay = 2.43> <CoreInst = "m_axi">   --->   Core 125 'm_axi' <Latency = 0> <II = 1> <Delay = 1.00> <Adapter> <Opcode : 'read' 'write' 'readreq' 'writereq' 'writeresp'>

State 40 <SV = 39> <Delay = 2.43>
ST_40 : Operation 155 [8/46] (2.43ns)   --->   "%empty = readreq i1 @_ssdm_op_ReadReq.m_axi.p1i512, i512 %gmem1_addr, i32 %burst_beats" [/home/x_thileeb/repos/ops-hls-batching-new/OPS/ops/hls/include/device/../../L1/include/ops_hls_datamover.hpp:456]   --->   Operation 155 'readreq' 'empty' <Predicate = true> <Delay = 2.43> <CoreInst = "m_axi">   --->   Core 125 'm_axi' <Latency = 0> <II = 1> <Delay = 1.00> <Adapter> <Opcode : 'read' 'write' 'readreq' 'writereq' 'writeresp'>

State 41 <SV = 40> <Delay = 2.43>
ST_41 : Operation 156 [7/46] (2.43ns)   --->   "%empty = readreq i1 @_ssdm_op_ReadReq.m_axi.p1i512, i512 %gmem1_addr, i32 %burst_beats" [/home/x_thileeb/repos/ops-hls-batching-new/OPS/ops/hls/include/device/../../L1/include/ops_hls_datamover.hpp:456]   --->   Operation 156 'readreq' 'empty' <Predicate = true> <Delay = 2.43> <CoreInst = "m_axi">   --->   Core 125 'm_axi' <Latency = 0> <II = 1> <Delay = 1.00> <Adapter> <Opcode : 'read' 'write' 'readreq' 'writereq' 'writeresp'>

State 42 <SV = 41> <Delay = 2.43>
ST_42 : Operation 157 [6/46] (2.43ns)   --->   "%empty = readreq i1 @_ssdm_op_ReadReq.m_axi.p1i512, i512 %gmem1_addr, i32 %burst_beats" [/home/x_thileeb/repos/ops-hls-batching-new/OPS/ops/hls/include/device/../../L1/include/ops_hls_datamover.hpp:456]   --->   Operation 157 'readreq' 'empty' <Predicate = true> <Delay = 2.43> <CoreInst = "m_axi">   --->   Core 125 'm_axi' <Latency = 0> <II = 1> <Delay = 1.00> <Adapter> <Opcode : 'read' 'write' 'readreq' 'writereq' 'writeresp'>

State 43 <SV = 42> <Delay = 2.43>
ST_43 : Operation 158 [5/46] (2.43ns)   --->   "%empty = readreq i1 @_ssdm_op_ReadReq.m_axi.p1i512, i512 %gmem1_addr, i32 %burst_beats" [/home/x_thileeb/repos/ops-hls-batching-new/OPS/ops/hls/include/device/../../L1/include/ops_hls_datamover.hpp:456]   --->   Operation 158 'readreq' 'empty' <Predicate = true> <Delay = 2.43> <CoreInst = "m_axi">   --->   Core 125 'm_axi' <Latency = 0> <II = 1> <Delay = 1.00> <Adapter> <Opcode : 'read' 'write' 'readreq' 'writereq' 'writeresp'>

State 44 <SV = 43> <Delay = 2.43>
ST_44 : Operation 159 [4/46] (2.43ns)   --->   "%empty = readreq i1 @_ssdm_op_ReadReq.m_axi.p1i512, i512 %gmem1_addr, i32 %burst_beats" [/home/x_thileeb/repos/ops-hls-batching-new/OPS/ops/hls/include/device/../../L1/include/ops_hls_datamover.hpp:456]   --->   Operation 159 'readreq' 'empty' <Predicate = true> <Delay = 2.43> <CoreInst = "m_axi">   --->   Core 125 'm_axi' <Latency = 0> <II = 1> <Delay = 1.00> <Adapter> <Opcode : 'read' 'write' 'readreq' 'writereq' 'writeresp'>

State 45 <SV = 44> <Delay = 2.43>
ST_45 : Operation 160 [3/46] (2.43ns)   --->   "%empty = readreq i1 @_ssdm_op_ReadReq.m_axi.p1i512, i512 %gmem1_addr, i32 %burst_beats" [/home/x_thileeb/repos/ops-hls-batching-new/OPS/ops/hls/include/device/../../L1/include/ops_hls_datamover.hpp:456]   --->   Operation 160 'readreq' 'empty' <Predicate = true> <Delay = 2.43> <CoreInst = "m_axi">   --->   Core 125 'm_axi' <Latency = 0> <II = 1> <Delay = 1.00> <Adapter> <Opcode : 'read' 'write' 'readreq' 'writereq' 'writeresp'>

State 46 <SV = 45> <Delay = 2.43>
ST_46 : Operation 161 [2/46] (2.43ns)   --->   "%empty = readreq i1 @_ssdm_op_ReadReq.m_axi.p1i512, i512 %gmem1_addr, i32 %burst_beats" [/home/x_thileeb/repos/ops-hls-batching-new/OPS/ops/hls/include/device/../../L1/include/ops_hls_datamover.hpp:456]   --->   Operation 161 'readreq' 'empty' <Predicate = true> <Delay = 2.43> <CoreInst = "m_axi">   --->   Core 125 'm_axi' <Latency = 0> <II = 1> <Delay = 1.00> <Adapter> <Opcode : 'read' 'write' 'readreq' 'writereq' 'writeresp'>

State 47 <SV = 46> <Delay = 2.43>
ST_47 : Operation 162 [1/46] (2.43ns)   --->   "%empty = readreq i1 @_ssdm_op_ReadReq.m_axi.p1i512, i512 %gmem1_addr, i32 %burst_beats" [/home/x_thileeb/repos/ops-hls-batching-new/OPS/ops/hls/include/device/../../L1/include/ops_hls_datamover.hpp:456]   --->   Operation 162 'readreq' 'empty' <Predicate = true> <Delay = 2.43> <CoreInst = "m_axi">   --->   Core 125 'm_axi' <Latency = 0> <II = 1> <Delay = 1.00> <Adapter> <Opcode : 'read' 'write' 'readreq' 'writereq' 'writeresp'>

State 48 <SV = 47> <Delay = 1.17>
ST_48 : Operation 163 [1/1] (0.00ns)   --->   "%empty_85 = wait i32 @_ssdm_op_Wait"   --->   Operation 163 'wait' 'empty_85' <Predicate = true> <Delay = 0.00>
ST_48 : Operation 164 [2/2] (1.17ns)   --->   "%call_ln456 = call void @mem2stream<512u, 32u, 2u>.1_Pipeline_VITIS_LOOP_456_1, i512 %gmem1, i58 %trunc_ln, i32 %burst_beats, i512 %arg1_read_mem_strm" [/home/x_thileeb/repos/ops-hls-batching-new/OPS/ops/hls/include/device/../../L1/include/ops_hls_datamover.hpp:456]   --->   Operation 164 'call' 'call_ln456' <Predicate = true> <Delay = 1.17> <CoreType = "Generic">   --->   Core 0 '' <Latency = 0> <II = 1> <Delay = 1.00> <Generic> <Opcode : >

State 49 <SV = 48> <Delay = 0.00>
ST_49 : Operation 165 [1/2] (0.00ns)   --->   "%call_ln456 = call void @mem2stream<512u, 32u, 2u>.1_Pipeline_VITIS_LOOP_456_1, i512 %gmem1, i58 %trunc_ln, i32 %burst_beats, i512 %arg1_read_mem_strm" [/home/x_thileeb/repos/ops-hls-batching-new/OPS/ops/hls/include/device/../../L1/include/ops_hls_datamover.hpp:456]   --->   Operation 165 'call' 'call_ln456' <Predicate = true> <Delay = 0.00> <CoreType = "Generic">   --->   Core 0 '' <Latency = 0> <II = 1> <Delay = 1.00> <Generic> <Opcode : >

State 50 <SV = 49> <Delay = 1.52>
ST_50 : Operation 166 [1/1] (0.00ns)   --->   "%empty_86 = wait i32 @_ssdm_op_Wait"   --->   Operation 166 'wait' 'empty_86' <Predicate = (!icmp_ln456)> <Delay = 0.00>
ST_50 : Operation 167 [1/1] (0.46ns)   --->   "%br_ln0 = br void %VITIS_LOOP_478_2.i"   --->   Operation 167 'br' 'br_ln0' <Predicate = (!icmp_ln456)> <Delay = 0.46>
ST_50 : Operation 168 [1/1] (0.00ns)   --->   "%index_19 = phi i32 %burst_beats, void %for.body.lr.ph.i, i32 0, void %entry"   --->   Operation 168 'phi' 'index_19' <Predicate = true> <Delay = 0.00>
ST_50 : Operation 169 [1/1] (0.47ns)   --->   "%icmp_ln478 = icmp_eq  i5 %non_burst_beats, i5 0" [/home/x_thileeb/repos/ops-hls-batching-new/OPS/ops/hls/include/device/../../L1/include/ops_hls_datamover.hpp:478]   --->   Operation 169 'icmp' 'icmp_ln478' <Predicate = true> <Delay = 0.47> <CoreInst = "Cmp">   --->   Core 9 'Cmp' <Latency = 0> <II = 1> <Delay = 0.47> <FuncUnit> <Opcode : 'icmp'> <InPorts = 2> <OutPorts = 1>
ST_50 : Operation 170 [1/1] (0.00ns)   --->   "%br_ln478 = br i1 %icmp_ln478, void %for.body7.lr.ph.i, void %mem2stream<512u, 32u, 2u>.1.exit" [/home/x_thileeb/repos/ops-hls-batching-new/OPS/ops/hls/include/device/../../L1/include/ops_hls_datamover.hpp:478]   --->   Operation 170 'br' 'br_ln478' <Predicate = true> <Delay = 0.00>
ST_50 : Operation 171 [1/1] (0.00ns)   --->   "%shl_ln = bitconcatenate i38 @_ssdm_op_BitConcatenate.i38.i32.i6, i32 %index_19, i6 0" [/home/x_thileeb/repos/ops-hls-batching-new/OPS/ops/hls/include/device/../../L1/include/ops_hls_datamover.hpp:478]   --->   Operation 171 'bitconcatenate' 'shl_ln' <Predicate = (!icmp_ln478)> <Delay = 0.00>
ST_50 : Operation 172 [1/1] (0.00ns)   --->   "%zext_ln478 = zext i38 %shl_ln" [/home/x_thileeb/repos/ops-hls-batching-new/OPS/ops/hls/include/device/../../L1/include/ops_hls_datamover.hpp:478]   --->   Operation 172 'zext' 'zext_ln478' <Predicate = (!icmp_ln478)> <Delay = 0.00>
ST_50 : Operation 173 [1/1] (1.05ns)   --->   "%add_ln478 = add i64 %zext_ln478, i64 %mem_in_read" [/home/x_thileeb/repos/ops-hls-batching-new/OPS/ops/hls/include/device/../../L1/include/ops_hls_datamover.hpp:478]   --->   Operation 173 'add' 'add_ln478' <Predicate = (!icmp_ln478)> <Delay = 1.05> <CoreInst = "Adder">   --->   Core 1 'Adder' <Latency = 0> <II = 1> <Delay = 1.05> <FuncUnit> <Opcode : 'add' 'sub'> <InPorts = 2> <OutPorts = 1>
ST_50 : Operation 174 [1/1] (0.00ns)   --->   "%trunc_ln7 = partselect i58 @_ssdm_op_PartSelect.i58.i64.i32.i32, i64 %add_ln478, i32 6, i32 63" [/home/x_thileeb/repos/ops-hls-batching-new/OPS/ops/hls/include/device/../../L1/include/ops_hls_datamover.hpp:478]   --->   Operation 174 'partselect' 'trunc_ln7' <Predicate = (!icmp_ln478)> <Delay = 0.00>

State 51 <SV = 50> <Delay = 2.43>
ST_51 : Operation 175 [1/1] (0.00ns)   --->   "%sext_ln478 = sext i58 %trunc_ln7" [/home/x_thileeb/repos/ops-hls-batching-new/OPS/ops/hls/include/device/../../L1/include/ops_hls_datamover.hpp:478]   --->   Operation 175 'sext' 'sext_ln478' <Predicate = true> <Delay = 0.00>
ST_51 : Operation 176 [1/1] (0.00ns)   --->   "%gmem1_addr_2 = getelementptr i512 %gmem1, i64 %sext_ln478" [/home/x_thileeb/repos/ops-hls-batching-new/OPS/ops/hls/include/device/../../L1/include/ops_hls_datamover.hpp:478]   --->   Operation 176 'getelementptr' 'gmem1_addr_2' <Predicate = true> <Delay = 0.00>
ST_51 : Operation 177 [46/46] (2.43ns)   --->   "%empty_87 = readreq i1 @_ssdm_op_ReadReq.m_axi.p1i512, i512 %gmem1_addr_2, i32 %zext_ln440" [/home/x_thileeb/repos/ops-hls-batching-new/OPS/ops/hls/include/device/../../L1/include/ops_hls_datamover.hpp:478]   --->   Operation 177 'readreq' 'empty_87' <Predicate = true> <Delay = 2.43> <CoreInst = "m_axi">   --->   Core 125 'm_axi' <Latency = 0> <II = 1> <Delay = 1.00> <Adapter> <Opcode : 'read' 'write' 'readreq' 'writereq' 'writeresp'>

State 52 <SV = 51> <Delay = 2.43>
ST_52 : Operation 178 [45/46] (2.43ns)   --->   "%empty_87 = readreq i1 @_ssdm_op_ReadReq.m_axi.p1i512, i512 %gmem1_addr_2, i32 %zext_ln440" [/home/x_thileeb/repos/ops-hls-batching-new/OPS/ops/hls/include/device/../../L1/include/ops_hls_datamover.hpp:478]   --->   Operation 178 'readreq' 'empty_87' <Predicate = true> <Delay = 2.43> <CoreInst = "m_axi">   --->   Core 125 'm_axi' <Latency = 0> <II = 1> <Delay = 1.00> <Adapter> <Opcode : 'read' 'write' 'readreq' 'writereq' 'writeresp'>

State 53 <SV = 52> <Delay = 2.43>
ST_53 : Operation 179 [44/46] (2.43ns)   --->   "%empty_87 = readreq i1 @_ssdm_op_ReadReq.m_axi.p1i512, i512 %gmem1_addr_2, i32 %zext_ln440" [/home/x_thileeb/repos/ops-hls-batching-new/OPS/ops/hls/include/device/../../L1/include/ops_hls_datamover.hpp:478]   --->   Operation 179 'readreq' 'empty_87' <Predicate = true> <Delay = 2.43> <CoreInst = "m_axi">   --->   Core 125 'm_axi' <Latency = 0> <II = 1> <Delay = 1.00> <Adapter> <Opcode : 'read' 'write' 'readreq' 'writereq' 'writeresp'>

State 54 <SV = 53> <Delay = 2.43>
ST_54 : Operation 180 [43/46] (2.43ns)   --->   "%empty_87 = readreq i1 @_ssdm_op_ReadReq.m_axi.p1i512, i512 %gmem1_addr_2, i32 %zext_ln440" [/home/x_thileeb/repos/ops-hls-batching-new/OPS/ops/hls/include/device/../../L1/include/ops_hls_datamover.hpp:478]   --->   Operation 180 'readreq' 'empty_87' <Predicate = true> <Delay = 2.43> <CoreInst = "m_axi">   --->   Core 125 'm_axi' <Latency = 0> <II = 1> <Delay = 1.00> <Adapter> <Opcode : 'read' 'write' 'readreq' 'writereq' 'writeresp'>

State 55 <SV = 54> <Delay = 2.43>
ST_55 : Operation 181 [42/46] (2.43ns)   --->   "%empty_87 = readreq i1 @_ssdm_op_ReadReq.m_axi.p1i512, i512 %gmem1_addr_2, i32 %zext_ln440" [/home/x_thileeb/repos/ops-hls-batching-new/OPS/ops/hls/include/device/../../L1/include/ops_hls_datamover.hpp:478]   --->   Operation 181 'readreq' 'empty_87' <Predicate = true> <Delay = 2.43> <CoreInst = "m_axi">   --->   Core 125 'm_axi' <Latency = 0> <II = 1> <Delay = 1.00> <Adapter> <Opcode : 'read' 'write' 'readreq' 'writereq' 'writeresp'>

State 56 <SV = 55> <Delay = 2.43>
ST_56 : Operation 182 [41/46] (2.43ns)   --->   "%empty_87 = readreq i1 @_ssdm_op_ReadReq.m_axi.p1i512, i512 %gmem1_addr_2, i32 %zext_ln440" [/home/x_thileeb/repos/ops-hls-batching-new/OPS/ops/hls/include/device/../../L1/include/ops_hls_datamover.hpp:478]   --->   Operation 182 'readreq' 'empty_87' <Predicate = true> <Delay = 2.43> <CoreInst = "m_axi">   --->   Core 125 'm_axi' <Latency = 0> <II = 1> <Delay = 1.00> <Adapter> <Opcode : 'read' 'write' 'readreq' 'writereq' 'writeresp'>

State 57 <SV = 56> <Delay = 2.43>
ST_57 : Operation 183 [40/46] (2.43ns)   --->   "%empty_87 = readreq i1 @_ssdm_op_ReadReq.m_axi.p1i512, i512 %gmem1_addr_2, i32 %zext_ln440" [/home/x_thileeb/repos/ops-hls-batching-new/OPS/ops/hls/include/device/../../L1/include/ops_hls_datamover.hpp:478]   --->   Operation 183 'readreq' 'empty_87' <Predicate = true> <Delay = 2.43> <CoreInst = "m_axi">   --->   Core 125 'm_axi' <Latency = 0> <II = 1> <Delay = 1.00> <Adapter> <Opcode : 'read' 'write' 'readreq' 'writereq' 'writeresp'>

State 58 <SV = 57> <Delay = 2.43>
ST_58 : Operation 184 [39/46] (2.43ns)   --->   "%empty_87 = readreq i1 @_ssdm_op_ReadReq.m_axi.p1i512, i512 %gmem1_addr_2, i32 %zext_ln440" [/home/x_thileeb/repos/ops-hls-batching-new/OPS/ops/hls/include/device/../../L1/include/ops_hls_datamover.hpp:478]   --->   Operation 184 'readreq' 'empty_87' <Predicate = true> <Delay = 2.43> <CoreInst = "m_axi">   --->   Core 125 'm_axi' <Latency = 0> <II = 1> <Delay = 1.00> <Adapter> <Opcode : 'read' 'write' 'readreq' 'writereq' 'writeresp'>

State 59 <SV = 58> <Delay = 2.43>
ST_59 : Operation 185 [38/46] (2.43ns)   --->   "%empty_87 = readreq i1 @_ssdm_op_ReadReq.m_axi.p1i512, i512 %gmem1_addr_2, i32 %zext_ln440" [/home/x_thileeb/repos/ops-hls-batching-new/OPS/ops/hls/include/device/../../L1/include/ops_hls_datamover.hpp:478]   --->   Operation 185 'readreq' 'empty_87' <Predicate = true> <Delay = 2.43> <CoreInst = "m_axi">   --->   Core 125 'm_axi' <Latency = 0> <II = 1> <Delay = 1.00> <Adapter> <Opcode : 'read' 'write' 'readreq' 'writereq' 'writeresp'>

State 60 <SV = 59> <Delay = 2.43>
ST_60 : Operation 186 [37/46] (2.43ns)   --->   "%empty_87 = readreq i1 @_ssdm_op_ReadReq.m_axi.p1i512, i512 %gmem1_addr_2, i32 %zext_ln440" [/home/x_thileeb/repos/ops-hls-batching-new/OPS/ops/hls/include/device/../../L1/include/ops_hls_datamover.hpp:478]   --->   Operation 186 'readreq' 'empty_87' <Predicate = true> <Delay = 2.43> <CoreInst = "m_axi">   --->   Core 125 'm_axi' <Latency = 0> <II = 1> <Delay = 1.00> <Adapter> <Opcode : 'read' 'write' 'readreq' 'writereq' 'writeresp'>

State 61 <SV = 60> <Delay = 2.43>
ST_61 : Operation 187 [36/46] (2.43ns)   --->   "%empty_87 = readreq i1 @_ssdm_op_ReadReq.m_axi.p1i512, i512 %gmem1_addr_2, i32 %zext_ln440" [/home/x_thileeb/repos/ops-hls-batching-new/OPS/ops/hls/include/device/../../L1/include/ops_hls_datamover.hpp:478]   --->   Operation 187 'readreq' 'empty_87' <Predicate = true> <Delay = 2.43> <CoreInst = "m_axi">   --->   Core 125 'm_axi' <Latency = 0> <II = 1> <Delay = 1.00> <Adapter> <Opcode : 'read' 'write' 'readreq' 'writereq' 'writeresp'>

State 62 <SV = 61> <Delay = 2.43>
ST_62 : Operation 188 [35/46] (2.43ns)   --->   "%empty_87 = readreq i1 @_ssdm_op_ReadReq.m_axi.p1i512, i512 %gmem1_addr_2, i32 %zext_ln440" [/home/x_thileeb/repos/ops-hls-batching-new/OPS/ops/hls/include/device/../../L1/include/ops_hls_datamover.hpp:478]   --->   Operation 188 'readreq' 'empty_87' <Predicate = true> <Delay = 2.43> <CoreInst = "m_axi">   --->   Core 125 'm_axi' <Latency = 0> <II = 1> <Delay = 1.00> <Adapter> <Opcode : 'read' 'write' 'readreq' 'writereq' 'writeresp'>

State 63 <SV = 62> <Delay = 2.43>
ST_63 : Operation 189 [34/46] (2.43ns)   --->   "%empty_87 = readreq i1 @_ssdm_op_ReadReq.m_axi.p1i512, i512 %gmem1_addr_2, i32 %zext_ln440" [/home/x_thileeb/repos/ops-hls-batching-new/OPS/ops/hls/include/device/../../L1/include/ops_hls_datamover.hpp:478]   --->   Operation 189 'readreq' 'empty_87' <Predicate = true> <Delay = 2.43> <CoreInst = "m_axi">   --->   Core 125 'm_axi' <Latency = 0> <II = 1> <Delay = 1.00> <Adapter> <Opcode : 'read' 'write' 'readreq' 'writereq' 'writeresp'>

State 64 <SV = 63> <Delay = 2.43>
ST_64 : Operation 190 [33/46] (2.43ns)   --->   "%empty_87 = readreq i1 @_ssdm_op_ReadReq.m_axi.p1i512, i512 %gmem1_addr_2, i32 %zext_ln440" [/home/x_thileeb/repos/ops-hls-batching-new/OPS/ops/hls/include/device/../../L1/include/ops_hls_datamover.hpp:478]   --->   Operation 190 'readreq' 'empty_87' <Predicate = true> <Delay = 2.43> <CoreInst = "m_axi">   --->   Core 125 'm_axi' <Latency = 0> <II = 1> <Delay = 1.00> <Adapter> <Opcode : 'read' 'write' 'readreq' 'writereq' 'writeresp'>

State 65 <SV = 64> <Delay = 2.43>
ST_65 : Operation 191 [32/46] (2.43ns)   --->   "%empty_87 = readreq i1 @_ssdm_op_ReadReq.m_axi.p1i512, i512 %gmem1_addr_2, i32 %zext_ln440" [/home/x_thileeb/repos/ops-hls-batching-new/OPS/ops/hls/include/device/../../L1/include/ops_hls_datamover.hpp:478]   --->   Operation 191 'readreq' 'empty_87' <Predicate = true> <Delay = 2.43> <CoreInst = "m_axi">   --->   Core 125 'm_axi' <Latency = 0> <II = 1> <Delay = 1.00> <Adapter> <Opcode : 'read' 'write' 'readreq' 'writereq' 'writeresp'>

State 66 <SV = 65> <Delay = 2.43>
ST_66 : Operation 192 [31/46] (2.43ns)   --->   "%empty_87 = readreq i1 @_ssdm_op_ReadReq.m_axi.p1i512, i512 %gmem1_addr_2, i32 %zext_ln440" [/home/x_thileeb/repos/ops-hls-batching-new/OPS/ops/hls/include/device/../../L1/include/ops_hls_datamover.hpp:478]   --->   Operation 192 'readreq' 'empty_87' <Predicate = true> <Delay = 2.43> <CoreInst = "m_axi">   --->   Core 125 'm_axi' <Latency = 0> <II = 1> <Delay = 1.00> <Adapter> <Opcode : 'read' 'write' 'readreq' 'writereq' 'writeresp'>

State 67 <SV = 66> <Delay = 2.43>
ST_67 : Operation 193 [30/46] (2.43ns)   --->   "%empty_87 = readreq i1 @_ssdm_op_ReadReq.m_axi.p1i512, i512 %gmem1_addr_2, i32 %zext_ln440" [/home/x_thileeb/repos/ops-hls-batching-new/OPS/ops/hls/include/device/../../L1/include/ops_hls_datamover.hpp:478]   --->   Operation 193 'readreq' 'empty_87' <Predicate = true> <Delay = 2.43> <CoreInst = "m_axi">   --->   Core 125 'm_axi' <Latency = 0> <II = 1> <Delay = 1.00> <Adapter> <Opcode : 'read' 'write' 'readreq' 'writereq' 'writeresp'>

State 68 <SV = 67> <Delay = 2.43>
ST_68 : Operation 194 [29/46] (2.43ns)   --->   "%empty_87 = readreq i1 @_ssdm_op_ReadReq.m_axi.p1i512, i512 %gmem1_addr_2, i32 %zext_ln440" [/home/x_thileeb/repos/ops-hls-batching-new/OPS/ops/hls/include/device/../../L1/include/ops_hls_datamover.hpp:478]   --->   Operation 194 'readreq' 'empty_87' <Predicate = true> <Delay = 2.43> <CoreInst = "m_axi">   --->   Core 125 'm_axi' <Latency = 0> <II = 1> <Delay = 1.00> <Adapter> <Opcode : 'read' 'write' 'readreq' 'writereq' 'writeresp'>

State 69 <SV = 68> <Delay = 2.43>
ST_69 : Operation 195 [28/46] (2.43ns)   --->   "%empty_87 = readreq i1 @_ssdm_op_ReadReq.m_axi.p1i512, i512 %gmem1_addr_2, i32 %zext_ln440" [/home/x_thileeb/repos/ops-hls-batching-new/OPS/ops/hls/include/device/../../L1/include/ops_hls_datamover.hpp:478]   --->   Operation 195 'readreq' 'empty_87' <Predicate = true> <Delay = 2.43> <CoreInst = "m_axi">   --->   Core 125 'm_axi' <Latency = 0> <II = 1> <Delay = 1.00> <Adapter> <Opcode : 'read' 'write' 'readreq' 'writereq' 'writeresp'>

State 70 <SV = 69> <Delay = 2.43>
ST_70 : Operation 196 [27/46] (2.43ns)   --->   "%empty_87 = readreq i1 @_ssdm_op_ReadReq.m_axi.p1i512, i512 %gmem1_addr_2, i32 %zext_ln440" [/home/x_thileeb/repos/ops-hls-batching-new/OPS/ops/hls/include/device/../../L1/include/ops_hls_datamover.hpp:478]   --->   Operation 196 'readreq' 'empty_87' <Predicate = true> <Delay = 2.43> <CoreInst = "m_axi">   --->   Core 125 'm_axi' <Latency = 0> <II = 1> <Delay = 1.00> <Adapter> <Opcode : 'read' 'write' 'readreq' 'writereq' 'writeresp'>

State 71 <SV = 70> <Delay = 2.43>
ST_71 : Operation 197 [26/46] (2.43ns)   --->   "%empty_87 = readreq i1 @_ssdm_op_ReadReq.m_axi.p1i512, i512 %gmem1_addr_2, i32 %zext_ln440" [/home/x_thileeb/repos/ops-hls-batching-new/OPS/ops/hls/include/device/../../L1/include/ops_hls_datamover.hpp:478]   --->   Operation 197 'readreq' 'empty_87' <Predicate = true> <Delay = 2.43> <CoreInst = "m_axi">   --->   Core 125 'm_axi' <Latency = 0> <II = 1> <Delay = 1.00> <Adapter> <Opcode : 'read' 'write' 'readreq' 'writereq' 'writeresp'>

State 72 <SV = 71> <Delay = 2.43>
ST_72 : Operation 198 [25/46] (2.43ns)   --->   "%empty_87 = readreq i1 @_ssdm_op_ReadReq.m_axi.p1i512, i512 %gmem1_addr_2, i32 %zext_ln440" [/home/x_thileeb/repos/ops-hls-batching-new/OPS/ops/hls/include/device/../../L1/include/ops_hls_datamover.hpp:478]   --->   Operation 198 'readreq' 'empty_87' <Predicate = true> <Delay = 2.43> <CoreInst = "m_axi">   --->   Core 125 'm_axi' <Latency = 0> <II = 1> <Delay = 1.00> <Adapter> <Opcode : 'read' 'write' 'readreq' 'writereq' 'writeresp'>

State 73 <SV = 72> <Delay = 2.43>
ST_73 : Operation 199 [24/46] (2.43ns)   --->   "%empty_87 = readreq i1 @_ssdm_op_ReadReq.m_axi.p1i512, i512 %gmem1_addr_2, i32 %zext_ln440" [/home/x_thileeb/repos/ops-hls-batching-new/OPS/ops/hls/include/device/../../L1/include/ops_hls_datamover.hpp:478]   --->   Operation 199 'readreq' 'empty_87' <Predicate = true> <Delay = 2.43> <CoreInst = "m_axi">   --->   Core 125 'm_axi' <Latency = 0> <II = 1> <Delay = 1.00> <Adapter> <Opcode : 'read' 'write' 'readreq' 'writereq' 'writeresp'>

State 74 <SV = 73> <Delay = 2.43>
ST_74 : Operation 200 [23/46] (2.43ns)   --->   "%empty_87 = readreq i1 @_ssdm_op_ReadReq.m_axi.p1i512, i512 %gmem1_addr_2, i32 %zext_ln440" [/home/x_thileeb/repos/ops-hls-batching-new/OPS/ops/hls/include/device/../../L1/include/ops_hls_datamover.hpp:478]   --->   Operation 200 'readreq' 'empty_87' <Predicate = true> <Delay = 2.43> <CoreInst = "m_axi">   --->   Core 125 'm_axi' <Latency = 0> <II = 1> <Delay = 1.00> <Adapter> <Opcode : 'read' 'write' 'readreq' 'writereq' 'writeresp'>

State 75 <SV = 74> <Delay = 2.43>
ST_75 : Operation 201 [22/46] (2.43ns)   --->   "%empty_87 = readreq i1 @_ssdm_op_ReadReq.m_axi.p1i512, i512 %gmem1_addr_2, i32 %zext_ln440" [/home/x_thileeb/repos/ops-hls-batching-new/OPS/ops/hls/include/device/../../L1/include/ops_hls_datamover.hpp:478]   --->   Operation 201 'readreq' 'empty_87' <Predicate = true> <Delay = 2.43> <CoreInst = "m_axi">   --->   Core 125 'm_axi' <Latency = 0> <II = 1> <Delay = 1.00> <Adapter> <Opcode : 'read' 'write' 'readreq' 'writereq' 'writeresp'>

State 76 <SV = 75> <Delay = 2.43>
ST_76 : Operation 202 [21/46] (2.43ns)   --->   "%empty_87 = readreq i1 @_ssdm_op_ReadReq.m_axi.p1i512, i512 %gmem1_addr_2, i32 %zext_ln440" [/home/x_thileeb/repos/ops-hls-batching-new/OPS/ops/hls/include/device/../../L1/include/ops_hls_datamover.hpp:478]   --->   Operation 202 'readreq' 'empty_87' <Predicate = true> <Delay = 2.43> <CoreInst = "m_axi">   --->   Core 125 'm_axi' <Latency = 0> <II = 1> <Delay = 1.00> <Adapter> <Opcode : 'read' 'write' 'readreq' 'writereq' 'writeresp'>

State 77 <SV = 76> <Delay = 2.43>
ST_77 : Operation 203 [20/46] (2.43ns)   --->   "%empty_87 = readreq i1 @_ssdm_op_ReadReq.m_axi.p1i512, i512 %gmem1_addr_2, i32 %zext_ln440" [/home/x_thileeb/repos/ops-hls-batching-new/OPS/ops/hls/include/device/../../L1/include/ops_hls_datamover.hpp:478]   --->   Operation 203 'readreq' 'empty_87' <Predicate = true> <Delay = 2.43> <CoreInst = "m_axi">   --->   Core 125 'm_axi' <Latency = 0> <II = 1> <Delay = 1.00> <Adapter> <Opcode : 'read' 'write' 'readreq' 'writereq' 'writeresp'>

State 78 <SV = 77> <Delay = 2.43>
ST_78 : Operation 204 [19/46] (2.43ns)   --->   "%empty_87 = readreq i1 @_ssdm_op_ReadReq.m_axi.p1i512, i512 %gmem1_addr_2, i32 %zext_ln440" [/home/x_thileeb/repos/ops-hls-batching-new/OPS/ops/hls/include/device/../../L1/include/ops_hls_datamover.hpp:478]   --->   Operation 204 'readreq' 'empty_87' <Predicate = true> <Delay = 2.43> <CoreInst = "m_axi">   --->   Core 125 'm_axi' <Latency = 0> <II = 1> <Delay = 1.00> <Adapter> <Opcode : 'read' 'write' 'readreq' 'writereq' 'writeresp'>

State 79 <SV = 78> <Delay = 2.43>
ST_79 : Operation 205 [18/46] (2.43ns)   --->   "%empty_87 = readreq i1 @_ssdm_op_ReadReq.m_axi.p1i512, i512 %gmem1_addr_2, i32 %zext_ln440" [/home/x_thileeb/repos/ops-hls-batching-new/OPS/ops/hls/include/device/../../L1/include/ops_hls_datamover.hpp:478]   --->   Operation 205 'readreq' 'empty_87' <Predicate = true> <Delay = 2.43> <CoreInst = "m_axi">   --->   Core 125 'm_axi' <Latency = 0> <II = 1> <Delay = 1.00> <Adapter> <Opcode : 'read' 'write' 'readreq' 'writereq' 'writeresp'>

State 80 <SV = 79> <Delay = 2.43>
ST_80 : Operation 206 [17/46] (2.43ns)   --->   "%empty_87 = readreq i1 @_ssdm_op_ReadReq.m_axi.p1i512, i512 %gmem1_addr_2, i32 %zext_ln440" [/home/x_thileeb/repos/ops-hls-batching-new/OPS/ops/hls/include/device/../../L1/include/ops_hls_datamover.hpp:478]   --->   Operation 206 'readreq' 'empty_87' <Predicate = true> <Delay = 2.43> <CoreInst = "m_axi">   --->   Core 125 'm_axi' <Latency = 0> <II = 1> <Delay = 1.00> <Adapter> <Opcode : 'read' 'write' 'readreq' 'writereq' 'writeresp'>

State 81 <SV = 80> <Delay = 2.43>
ST_81 : Operation 207 [16/46] (2.43ns)   --->   "%empty_87 = readreq i1 @_ssdm_op_ReadReq.m_axi.p1i512, i512 %gmem1_addr_2, i32 %zext_ln440" [/home/x_thileeb/repos/ops-hls-batching-new/OPS/ops/hls/include/device/../../L1/include/ops_hls_datamover.hpp:478]   --->   Operation 207 'readreq' 'empty_87' <Predicate = true> <Delay = 2.43> <CoreInst = "m_axi">   --->   Core 125 'm_axi' <Latency = 0> <II = 1> <Delay = 1.00> <Adapter> <Opcode : 'read' 'write' 'readreq' 'writereq' 'writeresp'>

State 82 <SV = 81> <Delay = 2.43>
ST_82 : Operation 208 [15/46] (2.43ns)   --->   "%empty_87 = readreq i1 @_ssdm_op_ReadReq.m_axi.p1i512, i512 %gmem1_addr_2, i32 %zext_ln440" [/home/x_thileeb/repos/ops-hls-batching-new/OPS/ops/hls/include/device/../../L1/include/ops_hls_datamover.hpp:478]   --->   Operation 208 'readreq' 'empty_87' <Predicate = true> <Delay = 2.43> <CoreInst = "m_axi">   --->   Core 125 'm_axi' <Latency = 0> <II = 1> <Delay = 1.00> <Adapter> <Opcode : 'read' 'write' 'readreq' 'writereq' 'writeresp'>

State 83 <SV = 82> <Delay = 2.43>
ST_83 : Operation 209 [14/46] (2.43ns)   --->   "%empty_87 = readreq i1 @_ssdm_op_ReadReq.m_axi.p1i512, i512 %gmem1_addr_2, i32 %zext_ln440" [/home/x_thileeb/repos/ops-hls-batching-new/OPS/ops/hls/include/device/../../L1/include/ops_hls_datamover.hpp:478]   --->   Operation 209 'readreq' 'empty_87' <Predicate = true> <Delay = 2.43> <CoreInst = "m_axi">   --->   Core 125 'm_axi' <Latency = 0> <II = 1> <Delay = 1.00> <Adapter> <Opcode : 'read' 'write' 'readreq' 'writereq' 'writeresp'>

State 84 <SV = 83> <Delay = 2.43>
ST_84 : Operation 210 [13/46] (2.43ns)   --->   "%empty_87 = readreq i1 @_ssdm_op_ReadReq.m_axi.p1i512, i512 %gmem1_addr_2, i32 %zext_ln440" [/home/x_thileeb/repos/ops-hls-batching-new/OPS/ops/hls/include/device/../../L1/include/ops_hls_datamover.hpp:478]   --->   Operation 210 'readreq' 'empty_87' <Predicate = true> <Delay = 2.43> <CoreInst = "m_axi">   --->   Core 125 'm_axi' <Latency = 0> <II = 1> <Delay = 1.00> <Adapter> <Opcode : 'read' 'write' 'readreq' 'writereq' 'writeresp'>

State 85 <SV = 84> <Delay = 2.43>
ST_85 : Operation 211 [12/46] (2.43ns)   --->   "%empty_87 = readreq i1 @_ssdm_op_ReadReq.m_axi.p1i512, i512 %gmem1_addr_2, i32 %zext_ln440" [/home/x_thileeb/repos/ops-hls-batching-new/OPS/ops/hls/include/device/../../L1/include/ops_hls_datamover.hpp:478]   --->   Operation 211 'readreq' 'empty_87' <Predicate = true> <Delay = 2.43> <CoreInst = "m_axi">   --->   Core 125 'm_axi' <Latency = 0> <II = 1> <Delay = 1.00> <Adapter> <Opcode : 'read' 'write' 'readreq' 'writereq' 'writeresp'>

State 86 <SV = 85> <Delay = 2.43>
ST_86 : Operation 212 [11/46] (2.43ns)   --->   "%empty_87 = readreq i1 @_ssdm_op_ReadReq.m_axi.p1i512, i512 %gmem1_addr_2, i32 %zext_ln440" [/home/x_thileeb/repos/ops-hls-batching-new/OPS/ops/hls/include/device/../../L1/include/ops_hls_datamover.hpp:478]   --->   Operation 212 'readreq' 'empty_87' <Predicate = true> <Delay = 2.43> <CoreInst = "m_axi">   --->   Core 125 'm_axi' <Latency = 0> <II = 1> <Delay = 1.00> <Adapter> <Opcode : 'read' 'write' 'readreq' 'writereq' 'writeresp'>

State 87 <SV = 86> <Delay = 2.43>
ST_87 : Operation 213 [10/46] (2.43ns)   --->   "%empty_87 = readreq i1 @_ssdm_op_ReadReq.m_axi.p1i512, i512 %gmem1_addr_2, i32 %zext_ln440" [/home/x_thileeb/repos/ops-hls-batching-new/OPS/ops/hls/include/device/../../L1/include/ops_hls_datamover.hpp:478]   --->   Operation 213 'readreq' 'empty_87' <Predicate = true> <Delay = 2.43> <CoreInst = "m_axi">   --->   Core 125 'm_axi' <Latency = 0> <II = 1> <Delay = 1.00> <Adapter> <Opcode : 'read' 'write' 'readreq' 'writereq' 'writeresp'>

State 88 <SV = 87> <Delay = 2.43>
ST_88 : Operation 214 [9/46] (2.43ns)   --->   "%empty_87 = readreq i1 @_ssdm_op_ReadReq.m_axi.p1i512, i512 %gmem1_addr_2, i32 %zext_ln440" [/home/x_thileeb/repos/ops-hls-batching-new/OPS/ops/hls/include/device/../../L1/include/ops_hls_datamover.hpp:478]   --->   Operation 214 'readreq' 'empty_87' <Predicate = true> <Delay = 2.43> <CoreInst = "m_axi">   --->   Core 125 'm_axi' <Latency = 0> <II = 1> <Delay = 1.00> <Adapter> <Opcode : 'read' 'write' 'readreq' 'writereq' 'writeresp'>

State 89 <SV = 88> <Delay = 2.43>
ST_89 : Operation 215 [8/46] (2.43ns)   --->   "%empty_87 = readreq i1 @_ssdm_op_ReadReq.m_axi.p1i512, i512 %gmem1_addr_2, i32 %zext_ln440" [/home/x_thileeb/repos/ops-hls-batching-new/OPS/ops/hls/include/device/../../L1/include/ops_hls_datamover.hpp:478]   --->   Operation 215 'readreq' 'empty_87' <Predicate = true> <Delay = 2.43> <CoreInst = "m_axi">   --->   Core 125 'm_axi' <Latency = 0> <II = 1> <Delay = 1.00> <Adapter> <Opcode : 'read' 'write' 'readreq' 'writereq' 'writeresp'>

State 90 <SV = 89> <Delay = 2.43>
ST_90 : Operation 216 [7/46] (2.43ns)   --->   "%empty_87 = readreq i1 @_ssdm_op_ReadReq.m_axi.p1i512, i512 %gmem1_addr_2, i32 %zext_ln440" [/home/x_thileeb/repos/ops-hls-batching-new/OPS/ops/hls/include/device/../../L1/include/ops_hls_datamover.hpp:478]   --->   Operation 216 'readreq' 'empty_87' <Predicate = true> <Delay = 2.43> <CoreInst = "m_axi">   --->   Core 125 'm_axi' <Latency = 0> <II = 1> <Delay = 1.00> <Adapter> <Opcode : 'read' 'write' 'readreq' 'writereq' 'writeresp'>

State 91 <SV = 90> <Delay = 2.43>
ST_91 : Operation 217 [6/46] (2.43ns)   --->   "%empty_87 = readreq i1 @_ssdm_op_ReadReq.m_axi.p1i512, i512 %gmem1_addr_2, i32 %zext_ln440" [/home/x_thileeb/repos/ops-hls-batching-new/OPS/ops/hls/include/device/../../L1/include/ops_hls_datamover.hpp:478]   --->   Operation 217 'readreq' 'empty_87' <Predicate = true> <Delay = 2.43> <CoreInst = "m_axi">   --->   Core 125 'm_axi' <Latency = 0> <II = 1> <Delay = 1.00> <Adapter> <Opcode : 'read' 'write' 'readreq' 'writereq' 'writeresp'>

State 92 <SV = 91> <Delay = 2.43>
ST_92 : Operation 218 [5/46] (2.43ns)   --->   "%empty_87 = readreq i1 @_ssdm_op_ReadReq.m_axi.p1i512, i512 %gmem1_addr_2, i32 %zext_ln440" [/home/x_thileeb/repos/ops-hls-batching-new/OPS/ops/hls/include/device/../../L1/include/ops_hls_datamover.hpp:478]   --->   Operation 218 'readreq' 'empty_87' <Predicate = true> <Delay = 2.43> <CoreInst = "m_axi">   --->   Core 125 'm_axi' <Latency = 0> <II = 1> <Delay = 1.00> <Adapter> <Opcode : 'read' 'write' 'readreq' 'writereq' 'writeresp'>

State 93 <SV = 92> <Delay = 2.43>
ST_93 : Operation 219 [4/46] (2.43ns)   --->   "%empty_87 = readreq i1 @_ssdm_op_ReadReq.m_axi.p1i512, i512 %gmem1_addr_2, i32 %zext_ln440" [/home/x_thileeb/repos/ops-hls-batching-new/OPS/ops/hls/include/device/../../L1/include/ops_hls_datamover.hpp:478]   --->   Operation 219 'readreq' 'empty_87' <Predicate = true> <Delay = 2.43> <CoreInst = "m_axi">   --->   Core 125 'm_axi' <Latency = 0> <II = 1> <Delay = 1.00> <Adapter> <Opcode : 'read' 'write' 'readreq' 'writereq' 'writeresp'>

State 94 <SV = 93> <Delay = 2.43>
ST_94 : Operation 220 [3/46] (2.43ns)   --->   "%empty_87 = readreq i1 @_ssdm_op_ReadReq.m_axi.p1i512, i512 %gmem1_addr_2, i32 %zext_ln440" [/home/x_thileeb/repos/ops-hls-batching-new/OPS/ops/hls/include/device/../../L1/include/ops_hls_datamover.hpp:478]   --->   Operation 220 'readreq' 'empty_87' <Predicate = true> <Delay = 2.43> <CoreInst = "m_axi">   --->   Core 125 'm_axi' <Latency = 0> <II = 1> <Delay = 1.00> <Adapter> <Opcode : 'read' 'write' 'readreq' 'writereq' 'writeresp'>

State 95 <SV = 94> <Delay = 2.43>
ST_95 : Operation 221 [2/46] (2.43ns)   --->   "%empty_87 = readreq i1 @_ssdm_op_ReadReq.m_axi.p1i512, i512 %gmem1_addr_2, i32 %zext_ln440" [/home/x_thileeb/repos/ops-hls-batching-new/OPS/ops/hls/include/device/../../L1/include/ops_hls_datamover.hpp:478]   --->   Operation 221 'readreq' 'empty_87' <Predicate = true> <Delay = 2.43> <CoreInst = "m_axi">   --->   Core 125 'm_axi' <Latency = 0> <II = 1> <Delay = 1.00> <Adapter> <Opcode : 'read' 'write' 'readreq' 'writereq' 'writeresp'>

State 96 <SV = 95> <Delay = 2.43>
ST_96 : Operation 222 [1/46] (2.43ns)   --->   "%empty_87 = readreq i1 @_ssdm_op_ReadReq.m_axi.p1i512, i512 %gmem1_addr_2, i32 %zext_ln440" [/home/x_thileeb/repos/ops-hls-batching-new/OPS/ops/hls/include/device/../../L1/include/ops_hls_datamover.hpp:478]   --->   Operation 222 'readreq' 'empty_87' <Predicate = true> <Delay = 2.43> <CoreInst = "m_axi">   --->   Core 125 'm_axi' <Latency = 0> <II = 1> <Delay = 1.00> <Adapter> <Opcode : 'read' 'write' 'readreq' 'writereq' 'writeresp'>

State 97 <SV = 96> <Delay = 1.82>
ST_97 : Operation 223 [1/1] (0.00ns)   --->   "%tmp = partselect i27 @_ssdm_op_PartSelect.i27.i32.i32.i32, i32 %index_19, i32 5, i32 31" [/home/x_thileeb/repos/ops-hls-batching-new/OPS/ops/hls/include/device/../../L1/include/ops_hls_datamover.hpp:478]   --->   Operation 223 'partselect' 'tmp' <Predicate = true> <Delay = 0.00>
ST_97 : Operation 224 [1/1] (0.00ns)   --->   "%or_ln = bitconcatenate i32 @_ssdm_op_BitConcatenate.i32.i27.i5, i27 %tmp, i5 %non_burst_beats" [/home/x_thileeb/repos/ops-hls-batching-new/OPS/ops/hls/include/device/../../L1/include/ops_hls_datamover.hpp:478]   --->   Operation 224 'bitconcatenate' 'or_ln' <Predicate = true> <Delay = 0.00>
ST_97 : Operation 225 [1/1] (0.00ns)   --->   "%empty_88 = wait i32 @_ssdm_op_Wait"   --->   Operation 225 'wait' 'empty_88' <Predicate = true> <Delay = 0.00>
ST_97 : Operation 226 [2/2] (1.82ns)   --->   "%call_ln441 = call void @mem2stream<512u, 32u, 2u>.1_Pipeline_VITIS_LOOP_478_2, i32 %index_19, i512 %gmem1, i58 %trunc_ln7, i32 %or_ln, i512 %arg1_read_mem_strm" [/home/x_thileeb/repos/ops-hls-batching-new/OPS/ops/hls/include/device/../../L1/include/ops_hls_datamover.hpp:441]   --->   Operation 226 'call' 'call_ln441' <Predicate = true> <Delay = 1.82> <CoreType = "Generic">   --->   Core 0 '' <Latency = 0> <II = 1> <Delay = 1.00> <Generic> <Opcode : >

State 98 <SV = 97> <Delay = 0.00>
ST_98 : Operation 227 [1/2] (0.00ns)   --->   "%call_ln441 = call void @mem2stream<512u, 32u, 2u>.1_Pipeline_VITIS_LOOP_478_2, i32 %index_19, i512 %gmem1, i58 %trunc_ln7, i32 %or_ln, i512 %arg1_read_mem_strm" [/home/x_thileeb/repos/ops-hls-batching-new/OPS/ops/hls/include/device/../../L1/include/ops_hls_datamover.hpp:441]   --->   Operation 227 'call' 'call_ln441' <Predicate = (!icmp_ln478)> <Delay = 0.00> <CoreType = "Generic">   --->   Core 0 '' <Latency = 0> <II = 1> <Delay = 1.00> <Generic> <Opcode : >
ST_98 : Operation 228 [1/1] (0.00ns)   --->   "%br_ln0 = br void %mem2stream<512u, 32u, 2u>.1.exit"   --->   Operation 228 'br' 'br_ln0' <Predicate = (!icmp_ln478)> <Delay = 0.00>
ST_98 : Operation 229 [1/1] (0.00ns)   --->   "%ret_ln0 = ret"   --->   Operation 229 'ret' 'ret_ln0' <Predicate = true> <Delay = 0.00>


============================================================
+ Verbose Summary: Timing violations
============================================================
Target clock period: 3.33ns, clock uncertainty: 0.9ns.

 <State 1>: 0.733ns
The critical path consists of the following:
	wire read operation ('num_beats_read', /home/x_thileeb/repos/ops-hls-batching-new/OPS/ops/hls/include/device/../../L1/include/ops_hls_datamover.hpp:424) on port 'num_beats' (/home/x_thileeb/repos/ops-hls-batching-new/OPS/ops/hls/include/device/../../L1/include/ops_hls_datamover.hpp:424) [7]  (0 ns)
	fifo write operation ('write_ln424', /home/x_thileeb/repos/ops-hls-batching-new/OPS/ops/hls/include/device/../../L1/include/ops_hls_datamover.hpp:424) on port 'p_read_c31' (/home/x_thileeb/repos/ops-hls-batching-new/OPS/ops/hls/include/device/../../L1/include/ops_hls_datamover.hpp:424) [9]  (0.733 ns)

 <State 2>: 2.43ns
The critical path consists of the following:
	wire read operation ('mem_in_read', /home/x_thileeb/repos/ops-hls-batching-new/OPS/ops/hls/include/device/../../L1/include/ops_hls_datamover.hpp:424) on port 'mem_in' (/home/x_thileeb/repos/ops-hls-batching-new/OPS/ops/hls/include/device/../../L1/include/ops_hls_datamover.hpp:424) [8]  (0 ns)
	'getelementptr' operation ('gmem1_addr', /home/x_thileeb/repos/ops-hls-batching-new/OPS/ops/hls/include/device/../../L1/include/ops_hls_datamover.hpp:456) [24]  (0 ns)
	bus request operation ('empty', /home/x_thileeb/repos/ops-hls-batching-new/OPS/ops/hls/include/device/../../L1/include/ops_hls_datamover.hpp:456) on port 'gmem1' (/home/x_thileeb/repos/ops-hls-batching-new/OPS/ops/hls/include/device/../../L1/include/ops_hls_datamover.hpp:456) [25]  (2.43 ns)

 <State 3>: 2.43ns
The critical path consists of the following:
	bus request operation ('empty', /home/x_thileeb/repos/ops-hls-batching-new/OPS/ops/hls/include/device/../../L1/include/ops_hls_datamover.hpp:456) on port 'gmem1' (/home/x_thileeb/repos/ops-hls-batching-new/OPS/ops/hls/include/device/../../L1/include/ops_hls_datamover.hpp:456) [25]  (2.43 ns)

 <State 4>: 2.43ns
The critical path consists of the following:
	bus request operation ('empty', /home/x_thileeb/repos/ops-hls-batching-new/OPS/ops/hls/include/device/../../L1/include/ops_hls_datamover.hpp:456) on port 'gmem1' (/home/x_thileeb/repos/ops-hls-batching-new/OPS/ops/hls/include/device/../../L1/include/ops_hls_datamover.hpp:456) [25]  (2.43 ns)

 <State 5>: 2.43ns
The critical path consists of the following:
	bus request operation ('empty', /home/x_thileeb/repos/ops-hls-batching-new/OPS/ops/hls/include/device/../../L1/include/ops_hls_datamover.hpp:456) on port 'gmem1' (/home/x_thileeb/repos/ops-hls-batching-new/OPS/ops/hls/include/device/../../L1/include/ops_hls_datamover.hpp:456) [25]  (2.43 ns)

 <State 6>: 2.43ns
The critical path consists of the following:
	bus request operation ('empty', /home/x_thileeb/repos/ops-hls-batching-new/OPS/ops/hls/include/device/../../L1/include/ops_hls_datamover.hpp:456) on port 'gmem1' (/home/x_thileeb/repos/ops-hls-batching-new/OPS/ops/hls/include/device/../../L1/include/ops_hls_datamover.hpp:456) [25]  (2.43 ns)

 <State 7>: 2.43ns
The critical path consists of the following:
	bus request operation ('empty', /home/x_thileeb/repos/ops-hls-batching-new/OPS/ops/hls/include/device/../../L1/include/ops_hls_datamover.hpp:456) on port 'gmem1' (/home/x_thileeb/repos/ops-hls-batching-new/OPS/ops/hls/include/device/../../L1/include/ops_hls_datamover.hpp:456) [25]  (2.43 ns)

 <State 8>: 2.43ns
The critical path consists of the following:
	bus request operation ('empty', /home/x_thileeb/repos/ops-hls-batching-new/OPS/ops/hls/include/device/../../L1/include/ops_hls_datamover.hpp:456) on port 'gmem1' (/home/x_thileeb/repos/ops-hls-batching-new/OPS/ops/hls/include/device/../../L1/include/ops_hls_datamover.hpp:456) [25]  (2.43 ns)

 <State 9>: 2.43ns
The critical path consists of the following:
	bus request operation ('empty', /home/x_thileeb/repos/ops-hls-batching-new/OPS/ops/hls/include/device/../../L1/include/ops_hls_datamover.hpp:456) on port 'gmem1' (/home/x_thileeb/repos/ops-hls-batching-new/OPS/ops/hls/include/device/../../L1/include/ops_hls_datamover.hpp:456) [25]  (2.43 ns)

 <State 10>: 2.43ns
The critical path consists of the following:
	bus request operation ('empty', /home/x_thileeb/repos/ops-hls-batching-new/OPS/ops/hls/include/device/../../L1/include/ops_hls_datamover.hpp:456) on port 'gmem1' (/home/x_thileeb/repos/ops-hls-batching-new/OPS/ops/hls/include/device/../../L1/include/ops_hls_datamover.hpp:456) [25]  (2.43 ns)

 <State 11>: 2.43ns
The critical path consists of the following:
	bus request operation ('empty', /home/x_thileeb/repos/ops-hls-batching-new/OPS/ops/hls/include/device/../../L1/include/ops_hls_datamover.hpp:456) on port 'gmem1' (/home/x_thileeb/repos/ops-hls-batching-new/OPS/ops/hls/include/device/../../L1/include/ops_hls_datamover.hpp:456) [25]  (2.43 ns)

 <State 12>: 2.43ns
The critical path consists of the following:
	bus request operation ('empty', /home/x_thileeb/repos/ops-hls-batching-new/OPS/ops/hls/include/device/../../L1/include/ops_hls_datamover.hpp:456) on port 'gmem1' (/home/x_thileeb/repos/ops-hls-batching-new/OPS/ops/hls/include/device/../../L1/include/ops_hls_datamover.hpp:456) [25]  (2.43 ns)

 <State 13>: 2.43ns
The critical path consists of the following:
	bus request operation ('empty', /home/x_thileeb/repos/ops-hls-batching-new/OPS/ops/hls/include/device/../../L1/include/ops_hls_datamover.hpp:456) on port 'gmem1' (/home/x_thileeb/repos/ops-hls-batching-new/OPS/ops/hls/include/device/../../L1/include/ops_hls_datamover.hpp:456) [25]  (2.43 ns)

 <State 14>: 2.43ns
The critical path consists of the following:
	bus request operation ('empty', /home/x_thileeb/repos/ops-hls-batching-new/OPS/ops/hls/include/device/../../L1/include/ops_hls_datamover.hpp:456) on port 'gmem1' (/home/x_thileeb/repos/ops-hls-batching-new/OPS/ops/hls/include/device/../../L1/include/ops_hls_datamover.hpp:456) [25]  (2.43 ns)

 <State 15>: 2.43ns
The critical path consists of the following:
	bus request operation ('empty', /home/x_thileeb/repos/ops-hls-batching-new/OPS/ops/hls/include/device/../../L1/include/ops_hls_datamover.hpp:456) on port 'gmem1' (/home/x_thileeb/repos/ops-hls-batching-new/OPS/ops/hls/include/device/../../L1/include/ops_hls_datamover.hpp:456) [25]  (2.43 ns)

 <State 16>: 2.43ns
The critical path consists of the following:
	bus request operation ('empty', /home/x_thileeb/repos/ops-hls-batching-new/OPS/ops/hls/include/device/../../L1/include/ops_hls_datamover.hpp:456) on port 'gmem1' (/home/x_thileeb/repos/ops-hls-batching-new/OPS/ops/hls/include/device/../../L1/include/ops_hls_datamover.hpp:456) [25]  (2.43 ns)

 <State 17>: 2.43ns
The critical path consists of the following:
	bus request operation ('empty', /home/x_thileeb/repos/ops-hls-batching-new/OPS/ops/hls/include/device/../../L1/include/ops_hls_datamover.hpp:456) on port 'gmem1' (/home/x_thileeb/repos/ops-hls-batching-new/OPS/ops/hls/include/device/../../L1/include/ops_hls_datamover.hpp:456) [25]  (2.43 ns)

 <State 18>: 2.43ns
The critical path consists of the following:
	bus request operation ('empty', /home/x_thileeb/repos/ops-hls-batching-new/OPS/ops/hls/include/device/../../L1/include/ops_hls_datamover.hpp:456) on port 'gmem1' (/home/x_thileeb/repos/ops-hls-batching-new/OPS/ops/hls/include/device/../../L1/include/ops_hls_datamover.hpp:456) [25]  (2.43 ns)

 <State 19>: 2.43ns
The critical path consists of the following:
	bus request operation ('empty', /home/x_thileeb/repos/ops-hls-batching-new/OPS/ops/hls/include/device/../../L1/include/ops_hls_datamover.hpp:456) on port 'gmem1' (/home/x_thileeb/repos/ops-hls-batching-new/OPS/ops/hls/include/device/../../L1/include/ops_hls_datamover.hpp:456) [25]  (2.43 ns)

 <State 20>: 2.43ns
The critical path consists of the following:
	bus request operation ('empty', /home/x_thileeb/repos/ops-hls-batching-new/OPS/ops/hls/include/device/../../L1/include/ops_hls_datamover.hpp:456) on port 'gmem1' (/home/x_thileeb/repos/ops-hls-batching-new/OPS/ops/hls/include/device/../../L1/include/ops_hls_datamover.hpp:456) [25]  (2.43 ns)

 <State 21>: 2.43ns
The critical path consists of the following:
	bus request operation ('empty', /home/x_thileeb/repos/ops-hls-batching-new/OPS/ops/hls/include/device/../../L1/include/ops_hls_datamover.hpp:456) on port 'gmem1' (/home/x_thileeb/repos/ops-hls-batching-new/OPS/ops/hls/include/device/../../L1/include/ops_hls_datamover.hpp:456) [25]  (2.43 ns)

 <State 22>: 2.43ns
The critical path consists of the following:
	bus request operation ('empty', /home/x_thileeb/repos/ops-hls-batching-new/OPS/ops/hls/include/device/../../L1/include/ops_hls_datamover.hpp:456) on port 'gmem1' (/home/x_thileeb/repos/ops-hls-batching-new/OPS/ops/hls/include/device/../../L1/include/ops_hls_datamover.hpp:456) [25]  (2.43 ns)

 <State 23>: 2.43ns
The critical path consists of the following:
	bus request operation ('empty', /home/x_thileeb/repos/ops-hls-batching-new/OPS/ops/hls/include/device/../../L1/include/ops_hls_datamover.hpp:456) on port 'gmem1' (/home/x_thileeb/repos/ops-hls-batching-new/OPS/ops/hls/include/device/../../L1/include/ops_hls_datamover.hpp:456) [25]  (2.43 ns)

 <State 24>: 2.43ns
The critical path consists of the following:
	bus request operation ('empty', /home/x_thileeb/repos/ops-hls-batching-new/OPS/ops/hls/include/device/../../L1/include/ops_hls_datamover.hpp:456) on port 'gmem1' (/home/x_thileeb/repos/ops-hls-batching-new/OPS/ops/hls/include/device/../../L1/include/ops_hls_datamover.hpp:456) [25]  (2.43 ns)

 <State 25>: 2.43ns
The critical path consists of the following:
	bus request operation ('empty', /home/x_thileeb/repos/ops-hls-batching-new/OPS/ops/hls/include/device/../../L1/include/ops_hls_datamover.hpp:456) on port 'gmem1' (/home/x_thileeb/repos/ops-hls-batching-new/OPS/ops/hls/include/device/../../L1/include/ops_hls_datamover.hpp:456) [25]  (2.43 ns)

 <State 26>: 2.43ns
The critical path consists of the following:
	bus request operation ('empty', /home/x_thileeb/repos/ops-hls-batching-new/OPS/ops/hls/include/device/../../L1/include/ops_hls_datamover.hpp:456) on port 'gmem1' (/home/x_thileeb/repos/ops-hls-batching-new/OPS/ops/hls/include/device/../../L1/include/ops_hls_datamover.hpp:456) [25]  (2.43 ns)

 <State 27>: 2.43ns
The critical path consists of the following:
	bus request operation ('empty', /home/x_thileeb/repos/ops-hls-batching-new/OPS/ops/hls/include/device/../../L1/include/ops_hls_datamover.hpp:456) on port 'gmem1' (/home/x_thileeb/repos/ops-hls-batching-new/OPS/ops/hls/include/device/../../L1/include/ops_hls_datamover.hpp:456) [25]  (2.43 ns)

 <State 28>: 2.43ns
The critical path consists of the following:
	bus request operation ('empty', /home/x_thileeb/repos/ops-hls-batching-new/OPS/ops/hls/include/device/../../L1/include/ops_hls_datamover.hpp:456) on port 'gmem1' (/home/x_thileeb/repos/ops-hls-batching-new/OPS/ops/hls/include/device/../../L1/include/ops_hls_datamover.hpp:456) [25]  (2.43 ns)

 <State 29>: 2.43ns
The critical path consists of the following:
	bus request operation ('empty', /home/x_thileeb/repos/ops-hls-batching-new/OPS/ops/hls/include/device/../../L1/include/ops_hls_datamover.hpp:456) on port 'gmem1' (/home/x_thileeb/repos/ops-hls-batching-new/OPS/ops/hls/include/device/../../L1/include/ops_hls_datamover.hpp:456) [25]  (2.43 ns)

 <State 30>: 2.43ns
The critical path consists of the following:
	bus request operation ('empty', /home/x_thileeb/repos/ops-hls-batching-new/OPS/ops/hls/include/device/../../L1/include/ops_hls_datamover.hpp:456) on port 'gmem1' (/home/x_thileeb/repos/ops-hls-batching-new/OPS/ops/hls/include/device/../../L1/include/ops_hls_datamover.hpp:456) [25]  (2.43 ns)

 <State 31>: 2.43ns
The critical path consists of the following:
	bus request operation ('empty', /home/x_thileeb/repos/ops-hls-batching-new/OPS/ops/hls/include/device/../../L1/include/ops_hls_datamover.hpp:456) on port 'gmem1' (/home/x_thileeb/repos/ops-hls-batching-new/OPS/ops/hls/include/device/../../L1/include/ops_hls_datamover.hpp:456) [25]  (2.43 ns)

 <State 32>: 2.43ns
The critical path consists of the following:
	bus request operation ('empty', /home/x_thileeb/repos/ops-hls-batching-new/OPS/ops/hls/include/device/../../L1/include/ops_hls_datamover.hpp:456) on port 'gmem1' (/home/x_thileeb/repos/ops-hls-batching-new/OPS/ops/hls/include/device/../../L1/include/ops_hls_datamover.hpp:456) [25]  (2.43 ns)

 <State 33>: 2.43ns
The critical path consists of the following:
	bus request operation ('empty', /home/x_thileeb/repos/ops-hls-batching-new/OPS/ops/hls/include/device/../../L1/include/ops_hls_datamover.hpp:456) on port 'gmem1' (/home/x_thileeb/repos/ops-hls-batching-new/OPS/ops/hls/include/device/../../L1/include/ops_hls_datamover.hpp:456) [25]  (2.43 ns)

 <State 34>: 2.43ns
The critical path consists of the following:
	bus request operation ('empty', /home/x_thileeb/repos/ops-hls-batching-new/OPS/ops/hls/include/device/../../L1/include/ops_hls_datamover.hpp:456) on port 'gmem1' (/home/x_thileeb/repos/ops-hls-batching-new/OPS/ops/hls/include/device/../../L1/include/ops_hls_datamover.hpp:456) [25]  (2.43 ns)

 <State 35>: 2.43ns
The critical path consists of the following:
	bus request operation ('empty', /home/x_thileeb/repos/ops-hls-batching-new/OPS/ops/hls/include/device/../../L1/include/ops_hls_datamover.hpp:456) on port 'gmem1' (/home/x_thileeb/repos/ops-hls-batching-new/OPS/ops/hls/include/device/../../L1/include/ops_hls_datamover.hpp:456) [25]  (2.43 ns)

 <State 36>: 2.43ns
The critical path consists of the following:
	bus request operation ('empty', /home/x_thileeb/repos/ops-hls-batching-new/OPS/ops/hls/include/device/../../L1/include/ops_hls_datamover.hpp:456) on port 'gmem1' (/home/x_thileeb/repos/ops-hls-batching-new/OPS/ops/hls/include/device/../../L1/include/ops_hls_datamover.hpp:456) [25]  (2.43 ns)

 <State 37>: 2.43ns
The critical path consists of the following:
	bus request operation ('empty', /home/x_thileeb/repos/ops-hls-batching-new/OPS/ops/hls/include/device/../../L1/include/ops_hls_datamover.hpp:456) on port 'gmem1' (/home/x_thileeb/repos/ops-hls-batching-new/OPS/ops/hls/include/device/../../L1/include/ops_hls_datamover.hpp:456) [25]  (2.43 ns)

 <State 38>: 2.43ns
The critical path consists of the following:
	bus request operation ('empty', /home/x_thileeb/repos/ops-hls-batching-new/OPS/ops/hls/include/device/../../L1/include/ops_hls_datamover.hpp:456) on port 'gmem1' (/home/x_thileeb/repos/ops-hls-batching-new/OPS/ops/hls/include/device/../../L1/include/ops_hls_datamover.hpp:456) [25]  (2.43 ns)

 <State 39>: 2.43ns
The critical path consists of the following:
	bus request operation ('empty', /home/x_thileeb/repos/ops-hls-batching-new/OPS/ops/hls/include/device/../../L1/include/ops_hls_datamover.hpp:456) on port 'gmem1' (/home/x_thileeb/repos/ops-hls-batching-new/OPS/ops/hls/include/device/../../L1/include/ops_hls_datamover.hpp:456) [25]  (2.43 ns)

 <State 40>: 2.43ns
The critical path consists of the following:
	bus request operation ('empty', /home/x_thileeb/repos/ops-hls-batching-new/OPS/ops/hls/include/device/../../L1/include/ops_hls_datamover.hpp:456) on port 'gmem1' (/home/x_thileeb/repos/ops-hls-batching-new/OPS/ops/hls/include/device/../../L1/include/ops_hls_datamover.hpp:456) [25]  (2.43 ns)

 <State 41>: 2.43ns
The critical path consists of the following:
	bus request operation ('empty', /home/x_thileeb/repos/ops-hls-batching-new/OPS/ops/hls/include/device/../../L1/include/ops_hls_datamover.hpp:456) on port 'gmem1' (/home/x_thileeb/repos/ops-hls-batching-new/OPS/ops/hls/include/device/../../L1/include/ops_hls_datamover.hpp:456) [25]  (2.43 ns)

 <State 42>: 2.43ns
The critical path consists of the following:
	bus request operation ('empty', /home/x_thileeb/repos/ops-hls-batching-new/OPS/ops/hls/include/device/../../L1/include/ops_hls_datamover.hpp:456) on port 'gmem1' (/home/x_thileeb/repos/ops-hls-batching-new/OPS/ops/hls/include/device/../../L1/include/ops_hls_datamover.hpp:456) [25]  (2.43 ns)

 <State 43>: 2.43ns
The critical path consists of the following:
	bus request operation ('empty', /home/x_thileeb/repos/ops-hls-batching-new/OPS/ops/hls/include/device/../../L1/include/ops_hls_datamover.hpp:456) on port 'gmem1' (/home/x_thileeb/repos/ops-hls-batching-new/OPS/ops/hls/include/device/../../L1/include/ops_hls_datamover.hpp:456) [25]  (2.43 ns)

 <State 44>: 2.43ns
The critical path consists of the following:
	bus request operation ('empty', /home/x_thileeb/repos/ops-hls-batching-new/OPS/ops/hls/include/device/../../L1/include/ops_hls_datamover.hpp:456) on port 'gmem1' (/home/x_thileeb/repos/ops-hls-batching-new/OPS/ops/hls/include/device/../../L1/include/ops_hls_datamover.hpp:456) [25]  (2.43 ns)

 <State 45>: 2.43ns
The critical path consists of the following:
	bus request operation ('empty', /home/x_thileeb/repos/ops-hls-batching-new/OPS/ops/hls/include/device/../../L1/include/ops_hls_datamover.hpp:456) on port 'gmem1' (/home/x_thileeb/repos/ops-hls-batching-new/OPS/ops/hls/include/device/../../L1/include/ops_hls_datamover.hpp:456) [25]  (2.43 ns)

 <State 46>: 2.43ns
The critical path consists of the following:
	bus request operation ('empty', /home/x_thileeb/repos/ops-hls-batching-new/OPS/ops/hls/include/device/../../L1/include/ops_hls_datamover.hpp:456) on port 'gmem1' (/home/x_thileeb/repos/ops-hls-batching-new/OPS/ops/hls/include/device/../../L1/include/ops_hls_datamover.hpp:456) [25]  (2.43 ns)

 <State 47>: 2.43ns
The critical path consists of the following:
	bus request operation ('empty', /home/x_thileeb/repos/ops-hls-batching-new/OPS/ops/hls/include/device/../../L1/include/ops_hls_datamover.hpp:456) on port 'gmem1' (/home/x_thileeb/repos/ops-hls-batching-new/OPS/ops/hls/include/device/../../L1/include/ops_hls_datamover.hpp:456) [25]  (2.43 ns)

 <State 48>: 1.17ns
The critical path consists of the following:
	'call' operation ('call_ln456', /home/x_thileeb/repos/ops-hls-batching-new/OPS/ops/hls/include/device/../../L1/include/ops_hls_datamover.hpp:456) to 'mem2stream<512u, 32u, 2u>.1_Pipeline_VITIS_LOOP_456_1' [27]  (1.17 ns)

 <State 49>: 0ns
The critical path consists of the following:

 <State 50>: 1.52ns
The critical path consists of the following:
	multiplexor before 'phi' operation ('burst_beats') with incoming values : ('burst_beats', /home/x_thileeb/repos/ops-hls-batching-new/OPS/ops/hls/include/device/../../L1/include/ops_hls_datamover.hpp:441) [31]  (0.468 ns)
	'phi' operation ('burst_beats') with incoming values : ('burst_beats', /home/x_thileeb/repos/ops-hls-batching-new/OPS/ops/hls/include/device/../../L1/include/ops_hls_datamover.hpp:441) [31]  (0 ns)
	'add' operation ('add_ln478', /home/x_thileeb/repos/ops-hls-batching-new/OPS/ops/hls/include/device/../../L1/include/ops_hls_datamover.hpp:478) [37]  (1.05 ns)

 <State 51>: 2.43ns
The critical path consists of the following:
	'getelementptr' operation ('gmem1_addr_2', /home/x_thileeb/repos/ops-hls-batching-new/OPS/ops/hls/include/device/../../L1/include/ops_hls_datamover.hpp:478) [40]  (0 ns)
	bus request operation ('empty_87', /home/x_thileeb/repos/ops-hls-batching-new/OPS/ops/hls/include/device/../../L1/include/ops_hls_datamover.hpp:478) on port 'gmem1' (/home/x_thileeb/repos/ops-hls-batching-new/OPS/ops/hls/include/device/../../L1/include/ops_hls_datamover.hpp:478) [41]  (2.43 ns)

 <State 52>: 2.43ns
The critical path consists of the following:
	bus request operation ('empty_87', /home/x_thileeb/repos/ops-hls-batching-new/OPS/ops/hls/include/device/../../L1/include/ops_hls_datamover.hpp:478) on port 'gmem1' (/home/x_thileeb/repos/ops-hls-batching-new/OPS/ops/hls/include/device/../../L1/include/ops_hls_datamover.hpp:478) [41]  (2.43 ns)

 <State 53>: 2.43ns
The critical path consists of the following:
	bus request operation ('empty_87', /home/x_thileeb/repos/ops-hls-batching-new/OPS/ops/hls/include/device/../../L1/include/ops_hls_datamover.hpp:478) on port 'gmem1' (/home/x_thileeb/repos/ops-hls-batching-new/OPS/ops/hls/include/device/../../L1/include/ops_hls_datamover.hpp:478) [41]  (2.43 ns)

 <State 54>: 2.43ns
The critical path consists of the following:
	bus request operation ('empty_87', /home/x_thileeb/repos/ops-hls-batching-new/OPS/ops/hls/include/device/../../L1/include/ops_hls_datamover.hpp:478) on port 'gmem1' (/home/x_thileeb/repos/ops-hls-batching-new/OPS/ops/hls/include/device/../../L1/include/ops_hls_datamover.hpp:478) [41]  (2.43 ns)

 <State 55>: 2.43ns
The critical path consists of the following:
	bus request operation ('empty_87', /home/x_thileeb/repos/ops-hls-batching-new/OPS/ops/hls/include/device/../../L1/include/ops_hls_datamover.hpp:478) on port 'gmem1' (/home/x_thileeb/repos/ops-hls-batching-new/OPS/ops/hls/include/device/../../L1/include/ops_hls_datamover.hpp:478) [41]  (2.43 ns)

 <State 56>: 2.43ns
The critical path consists of the following:
	bus request operation ('empty_87', /home/x_thileeb/repos/ops-hls-batching-new/OPS/ops/hls/include/device/../../L1/include/ops_hls_datamover.hpp:478) on port 'gmem1' (/home/x_thileeb/repos/ops-hls-batching-new/OPS/ops/hls/include/device/../../L1/include/ops_hls_datamover.hpp:478) [41]  (2.43 ns)

 <State 57>: 2.43ns
The critical path consists of the following:
	bus request operation ('empty_87', /home/x_thileeb/repos/ops-hls-batching-new/OPS/ops/hls/include/device/../../L1/include/ops_hls_datamover.hpp:478) on port 'gmem1' (/home/x_thileeb/repos/ops-hls-batching-new/OPS/ops/hls/include/device/../../L1/include/ops_hls_datamover.hpp:478) [41]  (2.43 ns)

 <State 58>: 2.43ns
The critical path consists of the following:
	bus request operation ('empty_87', /home/x_thileeb/repos/ops-hls-batching-new/OPS/ops/hls/include/device/../../L1/include/ops_hls_datamover.hpp:478) on port 'gmem1' (/home/x_thileeb/repos/ops-hls-batching-new/OPS/ops/hls/include/device/../../L1/include/ops_hls_datamover.hpp:478) [41]  (2.43 ns)

 <State 59>: 2.43ns
The critical path consists of the following:
	bus request operation ('empty_87', /home/x_thileeb/repos/ops-hls-batching-new/OPS/ops/hls/include/device/../../L1/include/ops_hls_datamover.hpp:478) on port 'gmem1' (/home/x_thileeb/repos/ops-hls-batching-new/OPS/ops/hls/include/device/../../L1/include/ops_hls_datamover.hpp:478) [41]  (2.43 ns)

 <State 60>: 2.43ns
The critical path consists of the following:
	bus request operation ('empty_87', /home/x_thileeb/repos/ops-hls-batching-new/OPS/ops/hls/include/device/../../L1/include/ops_hls_datamover.hpp:478) on port 'gmem1' (/home/x_thileeb/repos/ops-hls-batching-new/OPS/ops/hls/include/device/../../L1/include/ops_hls_datamover.hpp:478) [41]  (2.43 ns)

 <State 61>: 2.43ns
The critical path consists of the following:
	bus request operation ('empty_87', /home/x_thileeb/repos/ops-hls-batching-new/OPS/ops/hls/include/device/../../L1/include/ops_hls_datamover.hpp:478) on port 'gmem1' (/home/x_thileeb/repos/ops-hls-batching-new/OPS/ops/hls/include/device/../../L1/include/ops_hls_datamover.hpp:478) [41]  (2.43 ns)

 <State 62>: 2.43ns
The critical path consists of the following:
	bus request operation ('empty_87', /home/x_thileeb/repos/ops-hls-batching-new/OPS/ops/hls/include/device/../../L1/include/ops_hls_datamover.hpp:478) on port 'gmem1' (/home/x_thileeb/repos/ops-hls-batching-new/OPS/ops/hls/include/device/../../L1/include/ops_hls_datamover.hpp:478) [41]  (2.43 ns)

 <State 63>: 2.43ns
The critical path consists of the following:
	bus request operation ('empty_87', /home/x_thileeb/repos/ops-hls-batching-new/OPS/ops/hls/include/device/../../L1/include/ops_hls_datamover.hpp:478) on port 'gmem1' (/home/x_thileeb/repos/ops-hls-batching-new/OPS/ops/hls/include/device/../../L1/include/ops_hls_datamover.hpp:478) [41]  (2.43 ns)

 <State 64>: 2.43ns
The critical path consists of the following:
	bus request operation ('empty_87', /home/x_thileeb/repos/ops-hls-batching-new/OPS/ops/hls/include/device/../../L1/include/ops_hls_datamover.hpp:478) on port 'gmem1' (/home/x_thileeb/repos/ops-hls-batching-new/OPS/ops/hls/include/device/../../L1/include/ops_hls_datamover.hpp:478) [41]  (2.43 ns)

 <State 65>: 2.43ns
The critical path consists of the following:
	bus request operation ('empty_87', /home/x_thileeb/repos/ops-hls-batching-new/OPS/ops/hls/include/device/../../L1/include/ops_hls_datamover.hpp:478) on port 'gmem1' (/home/x_thileeb/repos/ops-hls-batching-new/OPS/ops/hls/include/device/../../L1/include/ops_hls_datamover.hpp:478) [41]  (2.43 ns)

 <State 66>: 2.43ns
The critical path consists of the following:
	bus request operation ('empty_87', /home/x_thileeb/repos/ops-hls-batching-new/OPS/ops/hls/include/device/../../L1/include/ops_hls_datamover.hpp:478) on port 'gmem1' (/home/x_thileeb/repos/ops-hls-batching-new/OPS/ops/hls/include/device/../../L1/include/ops_hls_datamover.hpp:478) [41]  (2.43 ns)

 <State 67>: 2.43ns
The critical path consists of the following:
	bus request operation ('empty_87', /home/x_thileeb/repos/ops-hls-batching-new/OPS/ops/hls/include/device/../../L1/include/ops_hls_datamover.hpp:478) on port 'gmem1' (/home/x_thileeb/repos/ops-hls-batching-new/OPS/ops/hls/include/device/../../L1/include/ops_hls_datamover.hpp:478) [41]  (2.43 ns)

 <State 68>: 2.43ns
The critical path consists of the following:
	bus request operation ('empty_87', /home/x_thileeb/repos/ops-hls-batching-new/OPS/ops/hls/include/device/../../L1/include/ops_hls_datamover.hpp:478) on port 'gmem1' (/home/x_thileeb/repos/ops-hls-batching-new/OPS/ops/hls/include/device/../../L1/include/ops_hls_datamover.hpp:478) [41]  (2.43 ns)

 <State 69>: 2.43ns
The critical path consists of the following:
	bus request operation ('empty_87', /home/x_thileeb/repos/ops-hls-batching-new/OPS/ops/hls/include/device/../../L1/include/ops_hls_datamover.hpp:478) on port 'gmem1' (/home/x_thileeb/repos/ops-hls-batching-new/OPS/ops/hls/include/device/../../L1/include/ops_hls_datamover.hpp:478) [41]  (2.43 ns)

 <State 70>: 2.43ns
The critical path consists of the following:
	bus request operation ('empty_87', /home/x_thileeb/repos/ops-hls-batching-new/OPS/ops/hls/include/device/../../L1/include/ops_hls_datamover.hpp:478) on port 'gmem1' (/home/x_thileeb/repos/ops-hls-batching-new/OPS/ops/hls/include/device/../../L1/include/ops_hls_datamover.hpp:478) [41]  (2.43 ns)

 <State 71>: 2.43ns
The critical path consists of the following:
	bus request operation ('empty_87', /home/x_thileeb/repos/ops-hls-batching-new/OPS/ops/hls/include/device/../../L1/include/ops_hls_datamover.hpp:478) on port 'gmem1' (/home/x_thileeb/repos/ops-hls-batching-new/OPS/ops/hls/include/device/../../L1/include/ops_hls_datamover.hpp:478) [41]  (2.43 ns)

 <State 72>: 2.43ns
The critical path consists of the following:
	bus request operation ('empty_87', /home/x_thileeb/repos/ops-hls-batching-new/OPS/ops/hls/include/device/../../L1/include/ops_hls_datamover.hpp:478) on port 'gmem1' (/home/x_thileeb/repos/ops-hls-batching-new/OPS/ops/hls/include/device/../../L1/include/ops_hls_datamover.hpp:478) [41]  (2.43 ns)

 <State 73>: 2.43ns
The critical path consists of the following:
	bus request operation ('empty_87', /home/x_thileeb/repos/ops-hls-batching-new/OPS/ops/hls/include/device/../../L1/include/ops_hls_datamover.hpp:478) on port 'gmem1' (/home/x_thileeb/repos/ops-hls-batching-new/OPS/ops/hls/include/device/../../L1/include/ops_hls_datamover.hpp:478) [41]  (2.43 ns)

 <State 74>: 2.43ns
The critical path consists of the following:
	bus request operation ('empty_87', /home/x_thileeb/repos/ops-hls-batching-new/OPS/ops/hls/include/device/../../L1/include/ops_hls_datamover.hpp:478) on port 'gmem1' (/home/x_thileeb/repos/ops-hls-batching-new/OPS/ops/hls/include/device/../../L1/include/ops_hls_datamover.hpp:478) [41]  (2.43 ns)

 <State 75>: 2.43ns
The critical path consists of the following:
	bus request operation ('empty_87', /home/x_thileeb/repos/ops-hls-batching-new/OPS/ops/hls/include/device/../../L1/include/ops_hls_datamover.hpp:478) on port 'gmem1' (/home/x_thileeb/repos/ops-hls-batching-new/OPS/ops/hls/include/device/../../L1/include/ops_hls_datamover.hpp:478) [41]  (2.43 ns)

 <State 76>: 2.43ns
The critical path consists of the following:
	bus request operation ('empty_87', /home/x_thileeb/repos/ops-hls-batching-new/OPS/ops/hls/include/device/../../L1/include/ops_hls_datamover.hpp:478) on port 'gmem1' (/home/x_thileeb/repos/ops-hls-batching-new/OPS/ops/hls/include/device/../../L1/include/ops_hls_datamover.hpp:478) [41]  (2.43 ns)

 <State 77>: 2.43ns
The critical path consists of the following:
	bus request operation ('empty_87', /home/x_thileeb/repos/ops-hls-batching-new/OPS/ops/hls/include/device/../../L1/include/ops_hls_datamover.hpp:478) on port 'gmem1' (/home/x_thileeb/repos/ops-hls-batching-new/OPS/ops/hls/include/device/../../L1/include/ops_hls_datamover.hpp:478) [41]  (2.43 ns)

 <State 78>: 2.43ns
The critical path consists of the following:
	bus request operation ('empty_87', /home/x_thileeb/repos/ops-hls-batching-new/OPS/ops/hls/include/device/../../L1/include/ops_hls_datamover.hpp:478) on port 'gmem1' (/home/x_thileeb/repos/ops-hls-batching-new/OPS/ops/hls/include/device/../../L1/include/ops_hls_datamover.hpp:478) [41]  (2.43 ns)

 <State 79>: 2.43ns
The critical path consists of the following:
	bus request operation ('empty_87', /home/x_thileeb/repos/ops-hls-batching-new/OPS/ops/hls/include/device/../../L1/include/ops_hls_datamover.hpp:478) on port 'gmem1' (/home/x_thileeb/repos/ops-hls-batching-new/OPS/ops/hls/include/device/../../L1/include/ops_hls_datamover.hpp:478) [41]  (2.43 ns)

 <State 80>: 2.43ns
The critical path consists of the following:
	bus request operation ('empty_87', /home/x_thileeb/repos/ops-hls-batching-new/OPS/ops/hls/include/device/../../L1/include/ops_hls_datamover.hpp:478) on port 'gmem1' (/home/x_thileeb/repos/ops-hls-batching-new/OPS/ops/hls/include/device/../../L1/include/ops_hls_datamover.hpp:478) [41]  (2.43 ns)

 <State 81>: 2.43ns
The critical path consists of the following:
	bus request operation ('empty_87', /home/x_thileeb/repos/ops-hls-batching-new/OPS/ops/hls/include/device/../../L1/include/ops_hls_datamover.hpp:478) on port 'gmem1' (/home/x_thileeb/repos/ops-hls-batching-new/OPS/ops/hls/include/device/../../L1/include/ops_hls_datamover.hpp:478) [41]  (2.43 ns)

 <State 82>: 2.43ns
The critical path consists of the following:
	bus request operation ('empty_87', /home/x_thileeb/repos/ops-hls-batching-new/OPS/ops/hls/include/device/../../L1/include/ops_hls_datamover.hpp:478) on port 'gmem1' (/home/x_thileeb/repos/ops-hls-batching-new/OPS/ops/hls/include/device/../../L1/include/ops_hls_datamover.hpp:478) [41]  (2.43 ns)

 <State 83>: 2.43ns
The critical path consists of the following:
	bus request operation ('empty_87', /home/x_thileeb/repos/ops-hls-batching-new/OPS/ops/hls/include/device/../../L1/include/ops_hls_datamover.hpp:478) on port 'gmem1' (/home/x_thileeb/repos/ops-hls-batching-new/OPS/ops/hls/include/device/../../L1/include/ops_hls_datamover.hpp:478) [41]  (2.43 ns)

 <State 84>: 2.43ns
The critical path consists of the following:
	bus request operation ('empty_87', /home/x_thileeb/repos/ops-hls-batching-new/OPS/ops/hls/include/device/../../L1/include/ops_hls_datamover.hpp:478) on port 'gmem1' (/home/x_thileeb/repos/ops-hls-batching-new/OPS/ops/hls/include/device/../../L1/include/ops_hls_datamover.hpp:478) [41]  (2.43 ns)

 <State 85>: 2.43ns
The critical path consists of the following:
	bus request operation ('empty_87', /home/x_thileeb/repos/ops-hls-batching-new/OPS/ops/hls/include/device/../../L1/include/ops_hls_datamover.hpp:478) on port 'gmem1' (/home/x_thileeb/repos/ops-hls-batching-new/OPS/ops/hls/include/device/../../L1/include/ops_hls_datamover.hpp:478) [41]  (2.43 ns)

 <State 86>: 2.43ns
The critical path consists of the following:
	bus request operation ('empty_87', /home/x_thileeb/repos/ops-hls-batching-new/OPS/ops/hls/include/device/../../L1/include/ops_hls_datamover.hpp:478) on port 'gmem1' (/home/x_thileeb/repos/ops-hls-batching-new/OPS/ops/hls/include/device/../../L1/include/ops_hls_datamover.hpp:478) [41]  (2.43 ns)

 <State 87>: 2.43ns
The critical path consists of the following:
	bus request operation ('empty_87', /home/x_thileeb/repos/ops-hls-batching-new/OPS/ops/hls/include/device/../../L1/include/ops_hls_datamover.hpp:478) on port 'gmem1' (/home/x_thileeb/repos/ops-hls-batching-new/OPS/ops/hls/include/device/../../L1/include/ops_hls_datamover.hpp:478) [41]  (2.43 ns)

 <State 88>: 2.43ns
The critical path consists of the following:
	bus request operation ('empty_87', /home/x_thileeb/repos/ops-hls-batching-new/OPS/ops/hls/include/device/../../L1/include/ops_hls_datamover.hpp:478) on port 'gmem1' (/home/x_thileeb/repos/ops-hls-batching-new/OPS/ops/hls/include/device/../../L1/include/ops_hls_datamover.hpp:478) [41]  (2.43 ns)

 <State 89>: 2.43ns
The critical path consists of the following:
	bus request operation ('empty_87', /home/x_thileeb/repos/ops-hls-batching-new/OPS/ops/hls/include/device/../../L1/include/ops_hls_datamover.hpp:478) on port 'gmem1' (/home/x_thileeb/repos/ops-hls-batching-new/OPS/ops/hls/include/device/../../L1/include/ops_hls_datamover.hpp:478) [41]  (2.43 ns)

 <State 90>: 2.43ns
The critical path consists of the following:
	bus request operation ('empty_87', /home/x_thileeb/repos/ops-hls-batching-new/OPS/ops/hls/include/device/../../L1/include/ops_hls_datamover.hpp:478) on port 'gmem1' (/home/x_thileeb/repos/ops-hls-batching-new/OPS/ops/hls/include/device/../../L1/include/ops_hls_datamover.hpp:478) [41]  (2.43 ns)

 <State 91>: 2.43ns
The critical path consists of the following:
	bus request operation ('empty_87', /home/x_thileeb/repos/ops-hls-batching-new/OPS/ops/hls/include/device/../../L1/include/ops_hls_datamover.hpp:478) on port 'gmem1' (/home/x_thileeb/repos/ops-hls-batching-new/OPS/ops/hls/include/device/../../L1/include/ops_hls_datamover.hpp:478) [41]  (2.43 ns)

 <State 92>: 2.43ns
The critical path consists of the following:
	bus request operation ('empty_87', /home/x_thileeb/repos/ops-hls-batching-new/OPS/ops/hls/include/device/../../L1/include/ops_hls_datamover.hpp:478) on port 'gmem1' (/home/x_thileeb/repos/ops-hls-batching-new/OPS/ops/hls/include/device/../../L1/include/ops_hls_datamover.hpp:478) [41]  (2.43 ns)

 <State 93>: 2.43ns
The critical path consists of the following:
	bus request operation ('empty_87', /home/x_thileeb/repos/ops-hls-batching-new/OPS/ops/hls/include/device/../../L1/include/ops_hls_datamover.hpp:478) on port 'gmem1' (/home/x_thileeb/repos/ops-hls-batching-new/OPS/ops/hls/include/device/../../L1/include/ops_hls_datamover.hpp:478) [41]  (2.43 ns)

 <State 94>: 2.43ns
The critical path consists of the following:
	bus request operation ('empty_87', /home/x_thileeb/repos/ops-hls-batching-new/OPS/ops/hls/include/device/../../L1/include/ops_hls_datamover.hpp:478) on port 'gmem1' (/home/x_thileeb/repos/ops-hls-batching-new/OPS/ops/hls/include/device/../../L1/include/ops_hls_datamover.hpp:478) [41]  (2.43 ns)

 <State 95>: 2.43ns
The critical path consists of the following:
	bus request operation ('empty_87', /home/x_thileeb/repos/ops-hls-batching-new/OPS/ops/hls/include/device/../../L1/include/ops_hls_datamover.hpp:478) on port 'gmem1' (/home/x_thileeb/repos/ops-hls-batching-new/OPS/ops/hls/include/device/../../L1/include/ops_hls_datamover.hpp:478) [41]  (2.43 ns)

 <State 96>: 2.43ns
The critical path consists of the following:
	bus request operation ('empty_87', /home/x_thileeb/repos/ops-hls-batching-new/OPS/ops/hls/include/device/../../L1/include/ops_hls_datamover.hpp:478) on port 'gmem1' (/home/x_thileeb/repos/ops-hls-batching-new/OPS/ops/hls/include/device/../../L1/include/ops_hls_datamover.hpp:478) [41]  (2.43 ns)

 <State 97>: 1.83ns
The critical path consists of the following:
	'call' operation ('call_ln441', /home/x_thileeb/repos/ops-hls-batching-new/OPS/ops/hls/include/device/../../L1/include/ops_hls_datamover.hpp:441) to 'mem2stream<512u, 32u, 2u>.1_Pipeline_VITIS_LOOP_478_2' [45]  (1.83 ns)

 <State 98>: 0ns
The critical path consists of the following:


============================================================
+ Verbose Summary: Binding
============================================================
N/A
* FSMD analyzer results:
  - Output states:
 - Input state : 
  - Chain level:
	State 1
	State 2
	State 3
	State 4
	State 5
	State 6
	State 7
	State 8
	State 9
	State 10
	State 11
	State 12
	State 13
	State 14
	State 15
	State 16
	State 17
	State 18
	State 19
	State 20
	State 21
	State 22
	State 23
	State 24
	State 25
	State 26
	State 27
	State 28
	State 29
	State 30
	State 31
	State 32
	State 33
	State 34
	State 35
	State 36
	State 37
	State 38
	State 39
	State 40
	State 41
	State 42
	State 43
	State 44
	State 45
	State 46
	State 47
	State 48
	State 49
	State 50
	State 51
	State 52
	State 53
	State 54
	State 55
	State 56
	State 57
	State 58
	State 59
	State 60
	State 61
	State 62
	State 63
	State 64
	State 65
	State 66
	State 67
	State 68
	State 69
	State 70
	State 71
	State 72
	State 73
	State 74
	State 75
	State 76
	State 77
	State 78
	State 79
	State 80
	State 81
	State 82
	State 83
	State 84
	State 85
	State 86
	State 87
	State 88
	State 89
	State 90
	State 91
	State 92
	State 93
	State 94
	State 95
	State 96
	State 97
	State 98


============================================================
+ Verbose Summary: Datapath Resource usage 
============================================================
N/A
