

================================================================
== Vitis HLS Report for 'stencilRun_Pipeline_VITIS_LOOP_171_2'
================================================================
* Date:           Fri Jul 24 21:25:08 2026

* Version:        2022.2 (Build 3670227 on Oct 13 2022)
* Project:        kernel_outerloop_0
* Solution:       solution (Vitis Kernel Flow Target)
* Product family: virtexuplus
* Target device:  xcu280-fsvh2892-2L-e


================================================================
== Performance Estimates
================================================================
+ Timing: 
    * Summary: 
    +--------+---------+----------+------------+
    |  Clock |  Target | Estimated| Uncertainty|
    +--------+---------+----------+------------+
    |ap_clk  |  3.33 ns|  2.342 ns|     0.90 ns|
    +--------+---------+----------+------------+

+ Latency: 
    * Summary: 
    +---------+---------+----------+----------+-----+-----+---------+
    |  Latency (cycles) |  Latency (absolute) |  Interval | Pipeline|
    |   min   |   max   |    min   |    max   | min | max |   Type  |
    +---------+---------+----------+----------+-----+-----+---------+
    |        ?|        ?|         ?|         ?|    ?|    ?|       no|
    +---------+---------+----------+----------+-----+-----+---------+

    + Detail: 
        * Instance: 
        N/A

        * Loop: 
        +--------------------+---------+---------+----------+-----------+-----------+------+----------+
        |                    |  Latency (cycles) | Iteration|  Initiation Interval  | Trip |          |
        |      Loop Name     |   min   |   max   |  Latency |  achieved |   target  | Count| Pipelined|
        +--------------------+---------+---------+----------+-----------+-----------+------+----------+
        |- VITIS_LOOP_171_2  |        ?|        ?|        30|          1|          1|     ?|       yes|
        +--------------------+---------+---------+----------+-----------+-----------+------+----------+

============================================================
+ Verbose Summary: Synthesis Manager
============================================================
InlineROM: 1
ExposeGlobal: 0
============================================================
+ Verbose Summary: CDFG Model
============================================================
IsTopModel: 0
ResetActiveHigh: 1
IsCombinational: 0
IsDatapathOnly: 0
HasWiredReturn: 1
HasMFsm: 2
HasVarLatency: 1
IsPipeline: 0
IsRtlPipelined: 0
IsInstanceOverlapped: 0
IsDontTouch: 0
HasImplIP: 0
IsGatedGlobalClock: 0

+ Individual pipeline summary: 
  * Pipeline-0: initiation interval (II) = 1, depth = 30


============================================================
+ Verbose Summary: Schedule
============================================================
* Number of FSM states : 30
* Pipeline : 1
  Pipeline-0 : II = 1, D = 30, States = { 1 2 3 4 5 6 7 8 9 10 11 12 13 14 15 16 17 18 19 20 21 22 23 24 25 26 27 28 29 30 }
* Dataflow Pipeline: 0

* FSM state transitions: 
1 --> 2 
2 --> 3 
3 --> 4 
4 --> 5 
5 --> 6 
6 --> 7 
7 --> 8 
8 --> 9 
9 --> 10 
10 --> 11 
11 --> 12 
12 --> 13 
13 --> 14 
14 --> 15 
15 --> 16 
16 --> 17 
17 --> 18 
18 --> 19 
19 --> 20 
20 --> 21 
21 --> 22 
22 --> 23 
23 --> 24 
24 --> 25 
25 --> 26 
26 --> 27 
27 --> 28 
28 --> 29 
29 --> 30 
30 --> 

* FSM state operations: 

State 1 <SV = 0> <Delay = 1.26>
ST_1 : Operation 33 [1/1] (0.00ns)   --->   "%p_Val2_s = alloca i32 1"   --->   Operation 33 'alloca' 'p_Val2_s' <Predicate = true> <Delay = 0.00>
ST_1 : Operation 34 [1/1] (0.00ns)   --->   "%S2D_00_P10_M10_0P1_0M1_buf_r1_2_p0_rd = alloca i32 1"   --->   Operation 34 'alloca' 'S2D_00_P10_M10_0P1_0M1_buf_r1_2_p0_rd' <Predicate = true> <Delay = 0.00>
ST_1 : Operation 35 [1/1] (0.00ns)   --->   "%S2D_00_P10_M10_0P1_0M1_buf_r0_1_p0_wr = alloca i32 1"   --->   Operation 35 'alloca' 'S2D_00_P10_M10_0P1_0M1_buf_r0_1_p0_wr' <Predicate = true> <Delay = 0.00>
ST_1 : Operation 36 [1/1] (0.00ns)   --->   "%S2D_00_P10_M10_0P1_0M1_buf_r0_1_p0_rd = alloca i32 1"   --->   Operation 36 'alloca' 'S2D_00_P10_M10_0P1_0M1_buf_r0_1_p0_rd' <Predicate = true> <Delay = 0.00>
ST_1 : Operation 37 [1/1] (0.00ns)   --->   "%j = alloca i32 1"   --->   Operation 37 'alloca' 'j' <Predicate = true> <Delay = 0.00>
ST_1 : Operation 38 [1/1] (0.00ns)   --->   "%i = alloca i32 1"   --->   Operation 38 'alloca' 'i' <Predicate = true> <Delay = 0.00>
ST_1 : Operation 39 [1/1] (0.00ns)   --->   "%S2D_00_P10_M10_0P1_0M1_buf_r1_2_p0_wr = alloca i32 1"   --->   Operation 39 'alloca' 'S2D_00_P10_M10_0P1_0M1_buf_r1_2_p0_wr' <Predicate = true> <Delay = 0.00>
ST_1 : Operation 40 [1/1] (0.00ns)   --->   "%reg_itr = alloca i32 1"   --->   Operation 40 'alloca' 'reg_itr' <Predicate = true> <Delay = 0.00>
ST_1 : Operation 41 [1/1] (0.00ns)   --->   "%p_Val2_1 = alloca i32 1"   --->   Operation 41 'alloca' 'p_Val2_1' <Predicate = true> <Delay = 0.00>
ST_1 : Operation 42 [1/1] (0.00ns)   --->   "%arg0_read_val_V = alloca i32 1"   --->   Operation 42 'alloca' 'arg0_read_val_V' <Predicate = true> <Delay = 0.00>
ST_1 : Operation 43 [1/1] (0.00ns)   --->   "%S2D_00_P10_M10_0P1_0M1_read_ub_itr_read = read i32 @_ssdm_op_Read.ap_auto.i32, i32 %S2D_00_P10_M10_0P1_0M1_read_ub_itr"   --->   Operation 43 'read' 'S2D_00_P10_M10_0P1_0M1_read_ub_itr_read' <Predicate = true> <Delay = 0.00>
ST_1 : Operation 44 [1/1] (0.00ns)   --->   "%cond_y_val_read = read i16 @_ssdm_op_Read.ap_auto.i16, i16 %cond_y_val"   --->   Operation 44 'read' 'cond_y_val_read' <Predicate = true> <Delay = 0.00>
ST_1 : Operation 45 [1/1] (0.00ns)   --->   "%cond_x_val_read = read i16 @_ssdm_op_Read.ap_auto.i16, i16 %cond_x_val"   --->   Operation 45 'read' 'cond_x_val_read' <Predicate = true> <Delay = 0.00>
ST_1 : Operation 46 [1/1] (0.00ns)   --->   "%zext_ln94_read = read i16 @_ssdm_op_Read.ap_auto.i16, i16 %zext_ln94"   --->   Operation 46 'read' 'zext_ln94_read' <Predicate = true> <Delay = 0.00>
ST_1 : Operation 47 [1/1] (0.00ns)   --->   "%zext_ln315_read = read i16 @_ssdm_op_Read.ap_auto.i16, i16 %zext_ln315"   --->   Operation 47 'read' 'zext_ln315_read' <Predicate = true> <Delay = 0.00>
ST_1 : Operation 48 [1/1] (0.00ns)   --->   "%zext_ln314_read = read i16 @_ssdm_op_Read.ap_auto.i16, i16 %zext_ln314"   --->   Operation 48 'read' 'zext_ln314_read' <Predicate = true> <Delay = 0.00>
ST_1 : Operation 49 [1/1] (0.00ns)   --->   "%zext_ln313_read = read i16 @_ssdm_op_Read.ap_auto.i16, i16 %zext_ln313"   --->   Operation 49 'read' 'zext_ln313_read' <Predicate = true> <Delay = 0.00>
ST_1 : Operation 50 [1/1] (0.00ns)   --->   "%sub_read = read i17 @_ssdm_op_Read.ap_auto.i17, i17 %sub"   --->   Operation 50 'read' 'sub_read' <Predicate = true> <Delay = 0.00>
ST_1 : Operation 51 [1/1] (0.00ns)   --->   "%mul_ln94_read = read i32 @_ssdm_op_Read.ap_auto.i32, i32 %mul_ln94"   --->   Operation 51 'read' 'mul_ln94_read' <Predicate = true> <Delay = 0.00>
ST_1 : Operation 52 [1/1] (0.00ns)   --->   "%zext_ln94_cast = zext i16 %zext_ln94_read"   --->   Operation 52 'zext' 'zext_ln94_cast' <Predicate = true> <Delay = 0.00>
ST_1 : Operation 53 [1/1] (0.00ns)   --->   "%zext_ln315_cast = zext i16 %zext_ln315_read"   --->   Operation 53 'zext' 'zext_ln315_cast' <Predicate = true> <Delay = 0.00>
ST_1 : Operation 54 [1/1] (0.00ns)   --->   "%zext_ln314_cast = zext i16 %zext_ln314_read"   --->   Operation 54 'zext' 'zext_ln314_cast' <Predicate = true> <Delay = 0.00>
ST_1 : Operation 55 [1/1] (0.00ns)   --->   "%zext_ln313_cast = zext i16 %zext_ln313_read"   --->   Operation 55 'zext' 'zext_ln313_cast' <Predicate = true> <Delay = 0.00>
ST_1 : Operation 56 [1/1] (0.00ns)   --->   "%specmemcore_ln0 = specmemcore void @_ssdm_op_SpecMemCore, i256 %arg0_buf_r1_2_p0_V, i64 666, i64 25, i64 2"   --->   Operation 56 'specmemcore' 'specmemcore_ln0' <Predicate = true> <Delay = 0.00>
ST_1 : Operation 57 [1/1] (0.00ns)   --->   "%specmemcore_ln0 = specmemcore void @_ssdm_op_SpecMemCore, i256 %arg0_buf_r0_1_p0_V, i64 666, i64 28, i64 2"   --->   Operation 57 'specmemcore' 'specmemcore_ln0' <Predicate = true> <Delay = 0.00>
ST_1 : Operation 58 [1/1] (0.00ns)   --->   "%specinterface_ln0 = specinterface void @_ssdm_op_SpecInterface, i256 %arg0_arg1_streams_27, void @empty_25, i32 0, i32 0, void @empty_18, i32 0, i32 0, void @empty_18, void @empty_18, void @empty_18, i32 0, i32 0, i32 0, i32 0, void @empty_18, void @empty_18, i32 4294967295, i32 0"   --->   Operation 58 'specinterface' 'specinterface_ln0' <Predicate = true> <Delay = 0.00>
ST_1 : Operation 59 [1/1] (0.00ns)   --->   "%specinterface_ln0 = specinterface void @_ssdm_op_SpecInterface, i256 %arg0_arg1_streams_2626, void @empty_25, i32 0, i32 0, void @empty_18, i32 0, i32 0, void @empty_18, void @empty_18, void @empty_18, i32 0, i32 0, i32 0, i32 0, void @empty_18, void @empty_18, i32 4294967295, i32 0"   --->   Operation 59 'specinterface' 'specinterface_ln0' <Predicate = true> <Delay = 0.00>
ST_1 : Operation 60 [1/1] (0.38ns)   --->   "%store_ln0 = store i256 0, i256 %arg0_read_val_V"   --->   Operation 60 'store' 'store_ln0' <Predicate = true> <Delay = 0.38>
ST_1 : Operation 61 [1/1] (0.38ns)   --->   "%store_ln0 = store i32 0, i32 %reg_itr"   --->   Operation 61 'store' 'store_ln0' <Predicate = true> <Delay = 0.38>
ST_1 : Operation 62 [1/1] (0.38ns)   --->   "%store_ln0 = store i16 1, i16 %S2D_00_P10_M10_0P1_0M1_buf_r1_2_p0_wr"   --->   Operation 62 'store' 'store_ln0' <Predicate = true> <Delay = 0.38>
ST_1 : Operation 63 [1/1] (0.38ns)   --->   "%store_ln0 = store i16 65535, i16 %i"   --->   Operation 63 'store' 'store_ln0' <Predicate = true> <Delay = 0.38>
ST_1 : Operation 64 [1/1] (0.38ns)   --->   "%store_ln0 = store i16 65535, i16 %j"   --->   Operation 64 'store' 'store_ln0' <Predicate = true> <Delay = 0.38>
ST_1 : Operation 65 [1/1] (0.38ns)   --->   "%store_ln0 = store i16 0, i16 %S2D_00_P10_M10_0P1_0M1_buf_r0_1_p0_rd"   --->   Operation 65 'store' 'store_ln0' <Predicate = true> <Delay = 0.38>
ST_1 : Operation 66 [1/1] (0.38ns)   --->   "%store_ln0 = store i16 1, i16 %S2D_00_P10_M10_0P1_0M1_buf_r0_1_p0_wr"   --->   Operation 66 'store' 'store_ln0' <Predicate = true> <Delay = 0.38>
ST_1 : Operation 67 [1/1] (0.38ns)   --->   "%store_ln0 = store i16 0, i16 %S2D_00_P10_M10_0P1_0M1_buf_r1_2_p0_rd"   --->   Operation 67 'store' 'store_ln0' <Predicate = true> <Delay = 0.38>
ST_1 : Operation 68 [1/1] (0.00ns)   --->   "%br_ln0 = br void %spc_temp_blocking_read"   --->   Operation 68 'br' 'br_ln0' <Predicate = true> <Delay = 0.00>
ST_1 : Operation 69 [1/1] (0.00ns)   --->   "%itr_3 = load i32 %reg_itr" [/home/x_thileeb/repos/ops-hls-batching-new/codegen_apps/batching/poisson2d/u280_loopback_project/hls/device/include/PE_poisson_kernel_stencil.hpp:171]   --->   Operation 69 'load' 'itr_3' <Predicate = true> <Delay = 0.00>
ST_1 : Operation 70 [1/1] (0.85ns)   --->   "%icmp_ln171 = icmp_eq  i32 %itr_3, i32 %mul_ln94_read" [/home/x_thileeb/repos/ops-hls-batching-new/codegen_apps/batching/poisson2d/u280_loopback_project/hls/device/include/PE_poisson_kernel_stencil.hpp:171]   --->   Operation 70 'icmp' 'icmp_ln171' <Predicate = true> <Delay = 0.85> <CoreInst = "Cmp">   --->   Core 9 'Cmp' <Latency = 0> <II = 1> <Delay = 0.85> <FuncUnit> <Opcode : 'icmp'> <InPorts = 2> <OutPorts = 1>
ST_1 : Operation 71 [1/1] (0.88ns)   --->   "%itr = add i32 %itr_3, i32 1" [/home/x_thileeb/repos/ops-hls-batching-new/codegen_apps/batching/poisson2d/u280_loopback_project/hls/device/include/PE_poisson_kernel_stencil.hpp:171]   --->   Operation 71 'add' 'itr' <Predicate = true> <Delay = 0.88> <CoreInst = "Adder">   --->   Core 1 'Adder' <Latency = 0> <II = 1> <Delay = 0.88> <FuncUnit> <Opcode : 'add' 'sub'> <InPorts = 2> <OutPorts = 1>
ST_1 : Operation 72 [1/1] (0.00ns)   --->   "%br_ln171 = br i1 %icmp_ln171, void %spc_temp_blocking_read.split, void %for.end273.loopexit.exitStub" [/home/x_thileeb/repos/ops-hls-batching-new/codegen_apps/batching/poisson2d/u280_loopback_project/hls/device/include/PE_poisson_kernel_stencil.hpp:171]   --->   Operation 72 'br' 'br_ln171' <Predicate = true> <Delay = 0.00>
ST_1 : Operation 73 [1/1] (0.85ns)   --->   "%S2D_00_P10_M10_0P1_0M1_read_cond = icmp_ult  i32 %itr_3, i32 %S2D_00_P10_M10_0P1_0M1_read_ub_itr_read" [/home/x_thileeb/repos/ops-hls-batching-new/codegen_apps/batching/poisson2d/u280_loopback_project/hls/device/include/PE_poisson_kernel_stencil.hpp:205]   --->   Operation 73 'icmp' 'S2D_00_P10_M10_0P1_0M1_read_cond' <Predicate = (!icmp_ln171)> <Delay = 0.85> <CoreInst = "Cmp">   --->   Core 9 'Cmp' <Latency = 0> <II = 1> <Delay = 0.85> <FuncUnit> <Opcode : 'icmp'> <InPorts = 2> <OutPorts = 1>
ST_1 : Operation 74 [1/1] (0.00ns)   --->   "%br_ln208 = br i1 %S2D_00_P10_M10_0P1_0M1_read_cond, void %if.end64_ifconv, void %if.then63" [/home/x_thileeb/repos/ops-hls-batching-new/codegen_apps/batching/poisson2d/u280_loopback_project/hls/device/include/PE_poisson_kernel_stencil.hpp:208]   --->   Operation 74 'br' 'br_ln208' <Predicate = (!icmp_ln171)> <Delay = 0.00>
ST_1 : Operation 75 [1/1] (0.38ns)   --->   "%store_ln171 = store i32 %itr, i32 %reg_itr" [/home/x_thileeb/repos/ops-hls-batching-new/codegen_apps/batching/poisson2d/u280_loopback_project/hls/device/include/PE_poisson_kernel_stencil.hpp:171]   --->   Operation 75 'store' 'store_ln171' <Predicate = (!icmp_ln171)> <Delay = 0.38>

State 2 <SV = 1> <Delay = 1.52>
ST_2 : Operation 76 [1/1] (1.13ns)   --->   "%arg0_read_val_V_1 = read i256 @_ssdm_op_Read.ap_fifo.volatile.i256P0A, i256 %arg0_arg1_streams_2626" [/home/x_thileeb/repos/ops-hls-batching-new/codegen_apps/batching/poisson2d/u280_loopback_project/hls/device/include/PE_poisson_kernel_stencil.hpp:210]   --->   Operation 76 'read' 'arg0_read_val_V_1' <Predicate = (!icmp_ln171 & S2D_00_P10_M10_0P1_0M1_read_cond)> <Delay = 1.13> <CoreInst = "FIFO">   --->   Core 78 'FIFO' <Latency = 0> <II = 1> <Delay = 1.13> <Storage> <Opcode : 'read' 'write' 'nbread' 'nbwrite'> <Ports = 0> <Width = 256> <Depth = 10> <FIFO>
ST_2 : Operation 77 [1/1] (0.38ns)   --->   "%store_ln211 = store i256 %arg0_read_val_V_1, i256 %arg0_read_val_V" [/home/x_thileeb/repos/ops-hls-batching-new/codegen_apps/batching/poisson2d/u280_loopback_project/hls/device/include/PE_poisson_kernel_stencil.hpp:211]   --->   Operation 77 'store' 'store_ln211' <Predicate = (!icmp_ln171 & S2D_00_P10_M10_0P1_0M1_read_cond)> <Delay = 0.38>
ST_2 : Operation 78 [1/1] (0.00ns)   --->   "%br_ln211 = br void %if.end64_ifconv" [/home/x_thileeb/repos/ops-hls-batching-new/codegen_apps/batching/poisson2d/u280_loopback_project/hls/device/include/PE_poisson_kernel_stencil.hpp:211]   --->   Operation 78 'br' 'br_ln211' <Predicate = (!icmp_ln171 & S2D_00_P10_M10_0P1_0M1_read_cond)> <Delay = 0.00>

State 3 <SV = 2> <Delay = 1.41>
ST_3 : Operation 79 [1/1] (0.00ns)   --->   "%S2D_00_P10_M10_0P1_0M1_buf_r1_2_p0_rd_load = load i16 %S2D_00_P10_M10_0P1_0M1_buf_r1_2_p0_rd" [/home/x_thileeb/repos/ops-hls-batching-new/codegen_apps/batching/poisson2d/u280_loopback_project/hls/device/include/PE_poisson_kernel_stencil.hpp:245]   --->   Operation 79 'load' 'S2D_00_P10_M10_0P1_0M1_buf_r1_2_p0_rd_load' <Predicate = (!icmp_ln171)> <Delay = 0.00>
ST_3 : Operation 80 [1/1] (0.00ns)   --->   "%S2D_00_P10_M10_0P1_0M1_buf_r1_2_p0_wr_load = load i16 %S2D_00_P10_M10_0P1_0M1_buf_r1_2_p0_wr" [/home/x_thileeb/repos/ops-hls-batching-new/codegen_apps/batching/poisson2d/u280_loopback_project/hls/device/include/PE_poisson_kernel_stencil.hpp:250]   --->   Operation 80 'load' 'S2D_00_P10_M10_0P1_0M1_buf_r1_2_p0_wr_load' <Predicate = (!icmp_ln171)> <Delay = 0.00>
ST_3 : Operation 81 [1/1] (0.00ns)   --->   "%arg0_read_val_V_2 = load i256 %arg0_read_val_V"   --->   Operation 81 'load' 'arg0_read_val_V_2' <Predicate = (!icmp_ln171)> <Delay = 0.00>
ST_3 : Operation 82 [1/1] (0.00ns)   --->   "%zext_ln221 = zext i16 %S2D_00_P10_M10_0P1_0M1_buf_r1_2_p0_wr_load" [/home/x_thileeb/repos/ops-hls-batching-new/codegen_apps/batching/poisson2d/u280_loopback_project/hls/device/include/PE_poisson_kernel_stencil.hpp:221]   --->   Operation 82 'zext' 'zext_ln221' <Predicate = (!icmp_ln171)> <Delay = 0.00>
ST_3 : Operation 83 [1/1] (0.00ns)   --->   "%arg0_buf_r1_2_p0_V_addr = getelementptr i256 %arg0_buf_r1_2_p0_V, i64 0, i64 %zext_ln221" [/home/x_thileeb/repos/ops-hls-batching-new/codegen_apps/batching/poisson2d/u280_loopback_project/hls/device/include/PE_poisson_kernel_stencil.hpp:221]   --->   Operation 83 'getelementptr' 'arg0_buf_r1_2_p0_V_addr' <Predicate = (!icmp_ln171)> <Delay = 0.00>
ST_3 : Operation 84 [3/3] (1.20ns)   --->   "%t_2 = load i6 %arg0_buf_r1_2_p0_V_addr" [/home/x_thileeb/repos/ops-hls-batching-new/codegen_apps/batching/poisson2d/u280_loopback_project/hls/device/include/PE_poisson_kernel_stencil.hpp:221]   --->   Operation 84 'load' 't_2' <Predicate = (!icmp_ln171)> <Delay = 1.20> <CoreInst = "RAM_S2P_BRAM">   --->   Core 97 'RAM_S2P_BRAM' <Latency = 2> <II = 1> <Delay = 1.20> <Storage> <Opcode : 'load' 'store'> <Ports = 2> <Width = 256> <Depth = 38> <RAM>
ST_3 : Operation 85 [1/1] (0.00ns)   --->   "%zext_ln224 = zext i16 %S2D_00_P10_M10_0P1_0M1_buf_r1_2_p0_rd_load" [/home/x_thileeb/repos/ops-hls-batching-new/codegen_apps/batching/poisson2d/u280_loopback_project/hls/device/include/PE_poisson_kernel_stencil.hpp:224]   --->   Operation 85 'zext' 'zext_ln224' <Predicate = (!icmp_ln171)> <Delay = 0.00>
ST_3 : Operation 86 [1/1] (0.00ns)   --->   "%arg0_buf_r1_2_p0_V_addr_1 = getelementptr i256 %arg0_buf_r1_2_p0_V, i64 0, i64 %zext_ln224" [/home/x_thileeb/repos/ops-hls-batching-new/codegen_apps/batching/poisson2d/u280_loopback_project/hls/device/include/PE_poisson_kernel_stencil.hpp:224]   --->   Operation 86 'getelementptr' 'arg0_buf_r1_2_p0_V_addr_1' <Predicate = (!icmp_ln171)> <Delay = 0.00>
ST_3 : Operation 87 [1/1] (1.20ns)   --->   "%store_ln224 = store i256 %arg0_read_val_V_2, i6 %arg0_buf_r1_2_p0_V_addr_1" [/home/x_thileeb/repos/ops-hls-batching-new/codegen_apps/batching/poisson2d/u280_loopback_project/hls/device/include/PE_poisson_kernel_stencil.hpp:224]   --->   Operation 87 'store' 'store_ln224' <Predicate = (!icmp_ln171)> <Delay = 1.20> <CoreInst = "RAM_S2P_BRAM">   --->   Core 97 'RAM_S2P_BRAM' <Latency = 2> <II = 1> <Delay = 1.20> <Storage> <Opcode : 'load' 'store'> <Ports = 2> <Width = 256> <Depth = 38> <RAM>
ST_3 : Operation 88 [1/1] (0.00ns)   --->   "%zext_ln239 = zext i16 %S2D_00_P10_M10_0P1_0M1_buf_r1_2_p0_rd_load" [/home/x_thileeb/repos/ops-hls-batching-new/codegen_apps/batching/poisson2d/u280_loopback_project/hls/device/include/PE_poisson_kernel_stencil.hpp:239]   --->   Operation 88 'zext' 'zext_ln239' <Predicate = (!icmp_ln171)> <Delay = 0.00>
ST_3 : Operation 89 [1/1] (0.68ns)   --->   "%icmp_ln239 = icmp_slt  i17 %zext_ln239, i17 %sub_read" [/home/x_thileeb/repos/ops-hls-batching-new/codegen_apps/batching/poisson2d/u280_loopback_project/hls/device/include/PE_poisson_kernel_stencil.hpp:239]   --->   Operation 89 'icmp' 'icmp_ln239' <Predicate = (!icmp_ln171)> <Delay = 0.68> <CoreInst = "Cmp">   --->   Core 9 'Cmp' <Latency = 0> <II = 1> <Delay = 0.68> <FuncUnit> <Opcode : 'icmp'> <InPorts = 2> <OutPorts = 1>
ST_3 : Operation 90 [1/1] (0.00ns) (grouped into LUT with out node S2D_00_P10_M10_0P1_0M1_buf_r1_2_p0_rd_2)   --->   "%cond_end_of_line_buff_S2D_00_P10_M10_0P1_0M1_buf_r1_2_p0_rd = xor i1 %icmp_ln239, i1 1" [/home/x_thileeb/repos/ops-hls-batching-new/codegen_apps/batching/poisson2d/u280_loopback_project/hls/device/include/PE_poisson_kernel_stencil.hpp:239]   --->   Operation 90 'xor' 'cond_end_of_line_buff_S2D_00_P10_M10_0P1_0M1_buf_r1_2_p0_rd' <Predicate = (!icmp_ln171)> <Delay = 0.00> <CoreInst = "LogicGate">   --->   Core 74 'LogicGate' <Latency = 0> <II = 1> <Delay = 0.12> <FuncUnit> <Opcode : 'and' 'or' 'xor'> <InPorts = 2> <OutPorts = 1>
ST_3 : Operation 91 [1/1] (0.00ns)   --->   "%zext_ln240 = zext i16 %S2D_00_P10_M10_0P1_0M1_buf_r1_2_p0_wr_load" [/home/x_thileeb/repos/ops-hls-batching-new/codegen_apps/batching/poisson2d/u280_loopback_project/hls/device/include/PE_poisson_kernel_stencil.hpp:240]   --->   Operation 91 'zext' 'zext_ln240' <Predicate = (!icmp_ln171)> <Delay = 0.00>
ST_3 : Operation 92 [1/1] (0.68ns)   --->   "%icmp_ln240 = icmp_slt  i17 %zext_ln240, i17 %sub_read" [/home/x_thileeb/repos/ops-hls-batching-new/codegen_apps/batching/poisson2d/u280_loopback_project/hls/device/include/PE_poisson_kernel_stencil.hpp:240]   --->   Operation 92 'icmp' 'icmp_ln240' <Predicate = (!icmp_ln171)> <Delay = 0.68> <CoreInst = "Cmp">   --->   Core 9 'Cmp' <Latency = 0> <II = 1> <Delay = 0.68> <FuncUnit> <Opcode : 'icmp'> <InPorts = 2> <OutPorts = 1>
ST_3 : Operation 93 [1/1] (0.00ns) (grouped into LUT with out node S2D_00_P10_M10_0P1_0M1_buf_r1_2_p0_wr_2)   --->   "%cond_end_of_line_buff_S2D_00_P10_M10_0P1_0M1_buf_r1_2_p0_wr = xor i1 %icmp_ln240, i1 1" [/home/x_thileeb/repos/ops-hls-batching-new/codegen_apps/batching/poisson2d/u280_loopback_project/hls/device/include/PE_poisson_kernel_stencil.hpp:240]   --->   Operation 93 'xor' 'cond_end_of_line_buff_S2D_00_P10_M10_0P1_0M1_buf_r1_2_p0_wr' <Predicate = (!icmp_ln171)> <Delay = 0.00> <CoreInst = "LogicGate">   --->   Core 74 'LogicGate' <Latency = 0> <II = 1> <Delay = 0.12> <FuncUnit> <Opcode : 'and' 'or' 'xor'> <InPorts = 2> <OutPorts = 1>
ST_3 : Operation 94 [1/1] (0.78ns)   --->   "%S2D_00_P10_M10_0P1_0M1_buf_r1_2_p0_rd_1 = add i16 %S2D_00_P10_M10_0P1_0M1_buf_r1_2_p0_rd_load, i16 1" [/home/x_thileeb/repos/ops-hls-batching-new/codegen_apps/batching/poisson2d/u280_loopback_project/hls/device/include/PE_poisson_kernel_stencil.hpp:245]   --->   Operation 94 'add' 'S2D_00_P10_M10_0P1_0M1_buf_r1_2_p0_rd_1' <Predicate = (!icmp_ln171)> <Delay = 0.78> <CoreInst = "Adder">   --->   Core 1 'Adder' <Latency = 0> <II = 1> <Delay = 0.78> <FuncUnit> <Opcode : 'add' 'sub'> <InPorts = 2> <OutPorts = 1>
ST_3 : Operation 95 [1/1] (0.24ns) (out node of the LUT)   --->   "%S2D_00_P10_M10_0P1_0M1_buf_r1_2_p0_rd_2 = select i1 %cond_end_of_line_buff_S2D_00_P10_M10_0P1_0M1_buf_r1_2_p0_rd, i16 0, i16 %S2D_00_P10_M10_0P1_0M1_buf_r1_2_p0_rd_1" [/home/x_thileeb/repos/ops-hls-batching-new/codegen_apps/batching/poisson2d/u280_loopback_project/hls/device/include/PE_poisson_kernel_stencil.hpp:242]   --->   Operation 95 'select' 'S2D_00_P10_M10_0P1_0M1_buf_r1_2_p0_rd_2' <Predicate = (!icmp_ln171)> <Delay = 0.24> <CoreInst = "Sel">   --->   Core 73 'Sel' <Latency = 0> <II = 1> <Delay = 0.24> <FuncUnit> <Opcode : 'select'> <InPorts = 3> <OutPorts = 1>
ST_3 : Operation 96 [1/1] (0.78ns)   --->   "%S2D_00_P10_M10_0P1_0M1_buf_r1_2_p0_wr_1 = add i16 %S2D_00_P10_M10_0P1_0M1_buf_r1_2_p0_wr_load, i16 1" [/home/x_thileeb/repos/ops-hls-batching-new/codegen_apps/batching/poisson2d/u280_loopback_project/hls/device/include/PE_poisson_kernel_stencil.hpp:250]   --->   Operation 96 'add' 'S2D_00_P10_M10_0P1_0M1_buf_r1_2_p0_wr_1' <Predicate = (!icmp_ln171)> <Delay = 0.78> <CoreInst = "Adder">   --->   Core 1 'Adder' <Latency = 0> <II = 1> <Delay = 0.78> <FuncUnit> <Opcode : 'add' 'sub'> <InPorts = 2> <OutPorts = 1>
ST_3 : Operation 97 [1/1] (0.24ns) (out node of the LUT)   --->   "%S2D_00_P10_M10_0P1_0M1_buf_r1_2_p0_wr_2 = select i1 %cond_end_of_line_buff_S2D_00_P10_M10_0P1_0M1_buf_r1_2_p0_wr, i16 0, i16 %S2D_00_P10_M10_0P1_0M1_buf_r1_2_p0_wr_1" [/home/x_thileeb/repos/ops-hls-batching-new/codegen_apps/batching/poisson2d/u280_loopback_project/hls/device/include/PE_poisson_kernel_stencil.hpp:247]   --->   Operation 97 'select' 'S2D_00_P10_M10_0P1_0M1_buf_r1_2_p0_wr_2' <Predicate = (!icmp_ln171)> <Delay = 0.24> <CoreInst = "Sel">   --->   Core 73 'Sel' <Latency = 0> <II = 1> <Delay = 0.24> <FuncUnit> <Opcode : 'select'> <InPorts = 3> <OutPorts = 1>
ST_3 : Operation 98 [1/1] (0.00ns)   --->   "%arg0_tmpConverter_2_0 = trunc i256 %arg0_read_val_V_2"   --->   Operation 98 'trunc' 'arg0_tmpConverter_2_0' <Predicate = (!icmp_ln171)> <Delay = 0.00>
ST_3 : Operation 99 [1/1] (0.00ns)   --->   "%arg0_tmpConverter_2_0_1 = partselect i32 @_ssdm_op_PartSelect.i32.i256.i32.i32, i256 %arg0_read_val_V_2, i32 32, i32 63"   --->   Operation 99 'partselect' 'arg0_tmpConverter_2_0_1' <Predicate = (!icmp_ln171)> <Delay = 0.00>
ST_3 : Operation 100 [1/1] (0.00ns)   --->   "%arg0_tmpConverter_2_0_2 = partselect i32 @_ssdm_op_PartSelect.i32.i256.i32.i32, i256 %arg0_read_val_V_2, i32 64, i32 95"   --->   Operation 100 'partselect' 'arg0_tmpConverter_2_0_2' <Predicate = (!icmp_ln171)> <Delay = 0.00>
ST_3 : Operation 101 [1/1] (0.00ns)   --->   "%arg0_tmpConverter_2_0_3 = partselect i32 @_ssdm_op_PartSelect.i32.i256.i32.i32, i256 %arg0_read_val_V_2, i32 96, i32 127"   --->   Operation 101 'partselect' 'arg0_tmpConverter_2_0_3' <Predicate = (!icmp_ln171)> <Delay = 0.00>
ST_3 : Operation 102 [1/1] (0.00ns)   --->   "%arg0_tmpConverter_2_0_4 = partselect i32 @_ssdm_op_PartSelect.i32.i256.i32.i32, i256 %arg0_read_val_V_2, i32 128, i32 159"   --->   Operation 102 'partselect' 'arg0_tmpConverter_2_0_4' <Predicate = (!icmp_ln171)> <Delay = 0.00>
ST_3 : Operation 103 [1/1] (0.00ns)   --->   "%arg0_tmpConverter_2_0_5 = partselect i32 @_ssdm_op_PartSelect.i32.i256.i32.i32, i256 %arg0_read_val_V_2, i32 160, i32 191"   --->   Operation 103 'partselect' 'arg0_tmpConverter_2_0_5' <Predicate = (!icmp_ln171)> <Delay = 0.00>
ST_3 : Operation 104 [1/1] (0.00ns)   --->   "%arg0_tmpConverter_2_0_6 = partselect i32 @_ssdm_op_PartSelect.i32.i256.i32.i32, i256 %arg0_read_val_V_2, i32 192, i32 223"   --->   Operation 104 'partselect' 'arg0_tmpConverter_2_0_6' <Predicate = (!icmp_ln171)> <Delay = 0.00>
ST_3 : Operation 105 [1/1] (0.00ns)   --->   "%arg0_tmpConverter_2_0_7 = partselect i32 @_ssdm_op_PartSelect.i32.i256.i32.i32, i256 %arg0_read_val_V_2, i32 224, i32 255"   --->   Operation 105 'partselect' 'arg0_tmpConverter_2_0_7' <Predicate = (!icmp_ln171)> <Delay = 0.00>
ST_3 : Operation 106 [1/1] (0.38ns)   --->   "%store_ln171 = store i16 %S2D_00_P10_M10_0P1_0M1_buf_r1_2_p0_wr_2, i16 %S2D_00_P10_M10_0P1_0M1_buf_r1_2_p0_wr" [/home/x_thileeb/repos/ops-hls-batching-new/codegen_apps/batching/poisson2d/u280_loopback_project/hls/device/include/PE_poisson_kernel_stencil.hpp:171]   --->   Operation 106 'store' 'store_ln171' <Predicate = (!icmp_ln171)> <Delay = 0.38>
ST_3 : Operation 107 [1/1] (0.38ns)   --->   "%store_ln171 = store i16 %S2D_00_P10_M10_0P1_0M1_buf_r1_2_p0_rd_2, i16 %S2D_00_P10_M10_0P1_0M1_buf_r1_2_p0_rd" [/home/x_thileeb/repos/ops-hls-batching-new/codegen_apps/batching/poisson2d/u280_loopback_project/hls/device/include/PE_poisson_kernel_stencil.hpp:171]   --->   Operation 107 'store' 'store_ln171' <Predicate = (!icmp_ln171)> <Delay = 0.38>

State 4 <SV = 3> <Delay = 1.20>
ST_4 : Operation 108 [2/3] (1.20ns)   --->   "%t_2 = load i6 %arg0_buf_r1_2_p0_V_addr" [/home/x_thileeb/repos/ops-hls-batching-new/codegen_apps/batching/poisson2d/u280_loopback_project/hls/device/include/PE_poisson_kernel_stencil.hpp:221]   --->   Operation 108 'load' 't_2' <Predicate = (!icmp_ln171)> <Delay = 1.20> <CoreInst = "RAM_S2P_BRAM">   --->   Core 97 'RAM_S2P_BRAM' <Latency = 2> <II = 1> <Delay = 1.20> <Storage> <Opcode : 'load' 'store'> <Ports = 2> <Width = 256> <Depth = 38> <RAM>

State 5 <SV = 4> <Delay = 1.64>
ST_5 : Operation 109 [1/1] (0.00ns)   --->   "%t_1 = load i256 %p_Val2_1"   --->   Operation 109 'load' 't_1' <Predicate = true> <Delay = 0.00>
ST_5 : Operation 110 [1/1] (0.00ns)   --->   "%p_Val2_load = load i256 %p_Val2_s"   --->   Operation 110 'load' 'p_Val2_load' <Predicate = (!icmp_ln171)> <Delay = 0.00>
ST_5 : Operation 111 [1/1] (0.00ns)   --->   "%S2D_00_P10_M10_0P1_0M1_buf_r0_1_p0_wr_load = load i16 %S2D_00_P10_M10_0P1_0M1_buf_r0_1_p0_wr" [/home/x_thileeb/repos/ops-hls-batching-new/codegen_apps/batching/poisson2d/u280_loopback_project/hls/device/include/PE_poisson_kernel_stencil.hpp:237]   --->   Operation 111 'load' 'S2D_00_P10_M10_0P1_0M1_buf_r0_1_p0_wr_load' <Predicate = (!icmp_ln171)> <Delay = 0.00>
ST_5 : Operation 112 [1/1] (0.00ns)   --->   "%S2D_00_P10_M10_0P1_0M1_buf_r0_1_p0_rd_load = load i16 %S2D_00_P10_M10_0P1_0M1_buf_r0_1_p0_rd" [/home/x_thileeb/repos/ops-hls-batching-new/codegen_apps/batching/poisson2d/u280_loopback_project/hls/device/include/PE_poisson_kernel_stencil.hpp:232]   --->   Operation 112 'load' 'S2D_00_P10_M10_0P1_0M1_buf_r0_1_p0_rd_load' <Predicate = (!icmp_ln171)> <Delay = 0.00>
ST_5 : Operation 113 [1/1] (0.00ns)   --->   "%zext_ln218 = zext i16 %S2D_00_P10_M10_0P1_0M1_buf_r0_1_p0_wr_load" [/home/x_thileeb/repos/ops-hls-batching-new/codegen_apps/batching/poisson2d/u280_loopback_project/hls/device/include/PE_poisson_kernel_stencil.hpp:218]   --->   Operation 113 'zext' 'zext_ln218' <Predicate = (!icmp_ln171)> <Delay = 0.00>
ST_5 : Operation 114 [1/1] (0.00ns)   --->   "%arg0_buf_r0_1_p0_V_addr = getelementptr i256 %arg0_buf_r0_1_p0_V, i64 0, i64 %zext_ln218" [/home/x_thileeb/repos/ops-hls-batching-new/codegen_apps/batching/poisson2d/u280_loopback_project/hls/device/include/PE_poisson_kernel_stencil.hpp:218]   --->   Operation 114 'getelementptr' 'arg0_buf_r0_1_p0_V_addr' <Predicate = (!icmp_ln171)> <Delay = 0.00>
ST_5 : Operation 115 [3/3] (1.64ns)   --->   "%t = load i6 %arg0_buf_r0_1_p0_V_addr" [/home/x_thileeb/repos/ops-hls-batching-new/codegen_apps/batching/poisson2d/u280_loopback_project/hls/device/include/PE_poisson_kernel_stencil.hpp:218]   --->   Operation 115 'load' 't' <Predicate = (!icmp_ln171)> <Delay = 1.64> <CoreInst = "RAM_S2P_URAM">   --->   Core 98 'RAM_S2P_URAM' <Latency = 2> <II = 1> <Delay = 1.64> <Storage> <Opcode : 'load' 'store'> <Ports = 2> <Width = 256> <Depth = 38> <RAM>
ST_5 : Operation 116 [1/3] (1.20ns)   --->   "%t_2 = load i6 %arg0_buf_r1_2_p0_V_addr" [/home/x_thileeb/repos/ops-hls-batching-new/codegen_apps/batching/poisson2d/u280_loopback_project/hls/device/include/PE_poisson_kernel_stencil.hpp:221]   --->   Operation 116 'load' 't_2' <Predicate = (!icmp_ln171)> <Delay = 1.20> <CoreInst = "RAM_S2P_BRAM">   --->   Core 97 'RAM_S2P_BRAM' <Latency = 2> <II = 1> <Delay = 1.20> <Storage> <Opcode : 'load' 'store'> <Ports = 2> <Width = 256> <Depth = 38> <RAM>
ST_5 : Operation 117 [1/1] (0.00ns)   --->   "%zext_ln222 = zext i16 %S2D_00_P10_M10_0P1_0M1_buf_r0_1_p0_rd_load" [/home/x_thileeb/repos/ops-hls-batching-new/codegen_apps/batching/poisson2d/u280_loopback_project/hls/device/include/PE_poisson_kernel_stencil.hpp:222]   --->   Operation 117 'zext' 'zext_ln222' <Predicate = (!icmp_ln171)> <Delay = 0.00>
ST_5 : Operation 118 [1/1] (0.00ns)   --->   "%arg0_buf_r0_1_p0_V_addr_1 = getelementptr i256 %arg0_buf_r0_1_p0_V, i64 0, i64 %zext_ln222" [/home/x_thileeb/repos/ops-hls-batching-new/codegen_apps/batching/poisson2d/u280_loopback_project/hls/device/include/PE_poisson_kernel_stencil.hpp:222]   --->   Operation 118 'getelementptr' 'arg0_buf_r0_1_p0_V_addr_1' <Predicate = (!icmp_ln171)> <Delay = 0.00>
ST_5 : Operation 119 [1/1] (1.64ns)   --->   "%store_ln222 = store i256 %p_Val2_load, i6 %arg0_buf_r0_1_p0_V_addr_1" [/home/x_thileeb/repos/ops-hls-batching-new/codegen_apps/batching/poisson2d/u280_loopback_project/hls/device/include/PE_poisson_kernel_stencil.hpp:222]   --->   Operation 119 'store' 'store_ln222' <Predicate = (!icmp_ln171)> <Delay = 1.64> <CoreInst = "RAM_S2P_URAM">   --->   Core 98 'RAM_S2P_URAM' <Latency = 2> <II = 1> <Delay = 1.64> <Storage> <Opcode : 'load' 'store'> <Ports = 2> <Width = 256> <Depth = 38> <RAM>
ST_5 : Operation 120 [1/1] (0.00ns)   --->   "%zext_ln226 = zext i16 %S2D_00_P10_M10_0P1_0M1_buf_r0_1_p0_rd_load" [/home/x_thileeb/repos/ops-hls-batching-new/codegen_apps/batching/poisson2d/u280_loopback_project/hls/device/include/PE_poisson_kernel_stencil.hpp:226]   --->   Operation 120 'zext' 'zext_ln226' <Predicate = (!icmp_ln171)> <Delay = 0.00>
ST_5 : Operation 121 [1/1] (0.68ns)   --->   "%icmp_ln226 = icmp_slt  i17 %zext_ln226, i17 %sub_read" [/home/x_thileeb/repos/ops-hls-batching-new/codegen_apps/batching/poisson2d/u280_loopback_project/hls/device/include/PE_poisson_kernel_stencil.hpp:226]   --->   Operation 121 'icmp' 'icmp_ln226' <Predicate = (!icmp_ln171)> <Delay = 0.68> <CoreInst = "Cmp">   --->   Core 9 'Cmp' <Latency = 0> <II = 1> <Delay = 0.68> <FuncUnit> <Opcode : 'icmp'> <InPorts = 2> <OutPorts = 1>
ST_5 : Operation 122 [1/1] (0.00ns) (grouped into LUT with out node S2D_00_P10_M10_0P1_0M1_buf_r0_1_p0_rd_2)   --->   "%cond_end_of_line_buff_S2D_00_P10_M10_0P1_0M1_buf_r0_1_p0_rd = xor i1 %icmp_ln226, i1 1" [/home/x_thileeb/repos/ops-hls-batching-new/codegen_apps/batching/poisson2d/u280_loopback_project/hls/device/include/PE_poisson_kernel_stencil.hpp:226]   --->   Operation 122 'xor' 'cond_end_of_line_buff_S2D_00_P10_M10_0P1_0M1_buf_r0_1_p0_rd' <Predicate = (!icmp_ln171)> <Delay = 0.00> <CoreInst = "LogicGate">   --->   Core 74 'LogicGate' <Latency = 0> <II = 1> <Delay = 0.12> <FuncUnit> <Opcode : 'and' 'or' 'xor'> <InPorts = 2> <OutPorts = 1>
ST_5 : Operation 123 [1/1] (0.00ns)   --->   "%zext_ln227 = zext i16 %S2D_00_P10_M10_0P1_0M1_buf_r0_1_p0_wr_load" [/home/x_thileeb/repos/ops-hls-batching-new/codegen_apps/batching/poisson2d/u280_loopback_project/hls/device/include/PE_poisson_kernel_stencil.hpp:227]   --->   Operation 123 'zext' 'zext_ln227' <Predicate = (!icmp_ln171)> <Delay = 0.00>
ST_5 : Operation 124 [1/1] (0.68ns)   --->   "%icmp_ln227 = icmp_slt  i17 %zext_ln227, i17 %sub_read" [/home/x_thileeb/repos/ops-hls-batching-new/codegen_apps/batching/poisson2d/u280_loopback_project/hls/device/include/PE_poisson_kernel_stencil.hpp:227]   --->   Operation 124 'icmp' 'icmp_ln227' <Predicate = (!icmp_ln171)> <Delay = 0.68> <CoreInst = "Cmp">   --->   Core 9 'Cmp' <Latency = 0> <II = 1> <Delay = 0.68> <FuncUnit> <Opcode : 'icmp'> <InPorts = 2> <OutPorts = 1>
ST_5 : Operation 125 [1/1] (0.00ns) (grouped into LUT with out node S2D_00_P10_M10_0P1_0M1_buf_r0_1_p0_wr_2)   --->   "%cond_end_of_line_buff_S2D_00_P10_M10_0P1_0M1_buf_r0_1_p0_wr = xor i1 %icmp_ln227, i1 1" [/home/x_thileeb/repos/ops-hls-batching-new/codegen_apps/batching/poisson2d/u280_loopback_project/hls/device/include/PE_poisson_kernel_stencil.hpp:227]   --->   Operation 125 'xor' 'cond_end_of_line_buff_S2D_00_P10_M10_0P1_0M1_buf_r0_1_p0_wr' <Predicate = (!icmp_ln171)> <Delay = 0.00> <CoreInst = "LogicGate">   --->   Core 74 'LogicGate' <Latency = 0> <II = 1> <Delay = 0.12> <FuncUnit> <Opcode : 'and' 'or' 'xor'> <InPorts = 2> <OutPorts = 1>
ST_5 : Operation 126 [1/1] (0.78ns)   --->   "%S2D_00_P10_M10_0P1_0M1_buf_r0_1_p0_rd_1 = add i16 %S2D_00_P10_M10_0P1_0M1_buf_r0_1_p0_rd_load, i16 1" [/home/x_thileeb/repos/ops-hls-batching-new/codegen_apps/batching/poisson2d/u280_loopback_project/hls/device/include/PE_poisson_kernel_stencil.hpp:232]   --->   Operation 126 'add' 'S2D_00_P10_M10_0P1_0M1_buf_r0_1_p0_rd_1' <Predicate = (!icmp_ln171)> <Delay = 0.78> <CoreInst = "Adder">   --->   Core 1 'Adder' <Latency = 0> <II = 1> <Delay = 0.78> <FuncUnit> <Opcode : 'add' 'sub'> <InPorts = 2> <OutPorts = 1>
ST_5 : Operation 127 [1/1] (0.24ns) (out node of the LUT)   --->   "%S2D_00_P10_M10_0P1_0M1_buf_r0_1_p0_rd_2 = select i1 %cond_end_of_line_buff_S2D_00_P10_M10_0P1_0M1_buf_r0_1_p0_rd, i16 0, i16 %S2D_00_P10_M10_0P1_0M1_buf_r0_1_p0_rd_1" [/home/x_thileeb/repos/ops-hls-batching-new/codegen_apps/batching/poisson2d/u280_loopback_project/hls/device/include/PE_poisson_kernel_stencil.hpp:229]   --->   Operation 127 'select' 'S2D_00_P10_M10_0P1_0M1_buf_r0_1_p0_rd_2' <Predicate = (!icmp_ln171)> <Delay = 0.24> <CoreInst = "Sel">   --->   Core 73 'Sel' <Latency = 0> <II = 1> <Delay = 0.24> <FuncUnit> <Opcode : 'select'> <InPorts = 3> <OutPorts = 1>
ST_5 : Operation 128 [1/1] (0.78ns)   --->   "%S2D_00_P10_M10_0P1_0M1_buf_r0_1_p0_wr_1 = add i16 %S2D_00_P10_M10_0P1_0M1_buf_r0_1_p0_wr_load, i16 1" [/home/x_thileeb/repos/ops-hls-batching-new/codegen_apps/batching/poisson2d/u280_loopback_project/hls/device/include/PE_poisson_kernel_stencil.hpp:237]   --->   Operation 128 'add' 'S2D_00_P10_M10_0P1_0M1_buf_r0_1_p0_wr_1' <Predicate = (!icmp_ln171)> <Delay = 0.78> <CoreInst = "Adder">   --->   Core 1 'Adder' <Latency = 0> <II = 1> <Delay = 0.78> <FuncUnit> <Opcode : 'add' 'sub'> <InPorts = 2> <OutPorts = 1>
ST_5 : Operation 129 [1/1] (0.24ns) (out node of the LUT)   --->   "%S2D_00_P10_M10_0P1_0M1_buf_r0_1_p0_wr_2 = select i1 %cond_end_of_line_buff_S2D_00_P10_M10_0P1_0M1_buf_r0_1_p0_wr, i16 0, i16 %S2D_00_P10_M10_0P1_0M1_buf_r0_1_p0_wr_1" [/home/x_thileeb/repos/ops-hls-batching-new/codegen_apps/batching/poisson2d/u280_loopback_project/hls/device/include/PE_poisson_kernel_stencil.hpp:234]   --->   Operation 129 'select' 'S2D_00_P10_M10_0P1_0M1_buf_r0_1_p0_wr_2' <Predicate = (!icmp_ln171)> <Delay = 0.24> <CoreInst = "Sel">   --->   Core 73 'Sel' <Latency = 0> <II = 1> <Delay = 0.24> <FuncUnit> <Opcode : 'select'> <InPorts = 3> <OutPorts = 1>
ST_5 : Operation 130 [1/1] (0.00ns)   --->   "%arg0_tmpConverter_0_1_0_7 = partselect i32 @_ssdm_op_PartSelect.i32.i256.i32.i32, i256 %p_Val2_load, i32 224, i32 255"   --->   Operation 130 'partselect' 'arg0_tmpConverter_0_1_0_7' <Predicate = (!icmp_ln171)> <Delay = 0.00>
ST_5 : Operation 131 [1/1] (0.00ns)   --->   "%arg0_tmpConverter_2_1_0_0 = trunc i256 %t_2"   --->   Operation 131 'trunc' 'arg0_tmpConverter_2_1_0_0' <Predicate = (!icmp_ln171)> <Delay = 0.00>
ST_5 : Operation 132 [1/1] (0.00ns)   --->   "%store_ln171 = store i256 %t_2, i256 %p_Val2_1" [/home/x_thileeb/repos/ops-hls-batching-new/codegen_apps/batching/poisson2d/u280_loopback_project/hls/device/include/PE_poisson_kernel_stencil.hpp:171]   --->   Operation 132 'store' 'store_ln171' <Predicate = (!icmp_ln171)> <Delay = 0.00>
ST_5 : Operation 133 [1/1] (0.38ns)   --->   "%store_ln171 = store i16 %S2D_00_P10_M10_0P1_0M1_buf_r0_1_p0_rd_2, i16 %S2D_00_P10_M10_0P1_0M1_buf_r0_1_p0_rd" [/home/x_thileeb/repos/ops-hls-batching-new/codegen_apps/batching/poisson2d/u280_loopback_project/hls/device/include/PE_poisson_kernel_stencil.hpp:171]   --->   Operation 133 'store' 'store_ln171' <Predicate = (!icmp_ln171)> <Delay = 0.38>
ST_5 : Operation 134 [1/1] (0.38ns)   --->   "%store_ln171 = store i16 %S2D_00_P10_M10_0P1_0M1_buf_r0_1_p0_wr_2, i16 %S2D_00_P10_M10_0P1_0M1_buf_r0_1_p0_wr" [/home/x_thileeb/repos/ops-hls-batching-new/codegen_apps/batching/poisson2d/u280_loopback_project/hls/device/include/PE_poisson_kernel_stencil.hpp:171]   --->   Operation 134 'store' 'store_ln171' <Predicate = (!icmp_ln171)> <Delay = 0.38>
ST_5 : Operation 135 [1/1] (0.00ns)   --->   "%store_ln171 = store i256 %t_1, i256 %p_Val2_s" [/home/x_thileeb/repos/ops-hls-batching-new/codegen_apps/batching/poisson2d/u280_loopback_project/hls/device/include/PE_poisson_kernel_stencil.hpp:171]   --->   Operation 135 'store' 'store_ln171' <Predicate = (!icmp_ln171)> <Delay = 0.00>

State 6 <SV = 5> <Delay = 1.64>
ST_6 : Operation 136 [2/3] (1.64ns)   --->   "%t = load i6 %arg0_buf_r0_1_p0_V_addr" [/home/x_thileeb/repos/ops-hls-batching-new/codegen_apps/batching/poisson2d/u280_loopback_project/hls/device/include/PE_poisson_kernel_stencil.hpp:218]   --->   Operation 136 'load' 't' <Predicate = true> <Delay = 1.64> <CoreInst = "RAM_S2P_URAM">   --->   Core 98 'RAM_S2P_URAM' <Latency = 2> <II = 1> <Delay = 1.64> <Storage> <Opcode : 'load' 'store'> <Ports = 2> <Width = 256> <Depth = 38> <RAM>

State 7 <SV = 6> <Delay = 1.64>
ST_7 : Operation 137 [1/3] (1.64ns)   --->   "%t = load i6 %arg0_buf_r0_1_p0_V_addr" [/home/x_thileeb/repos/ops-hls-batching-new/codegen_apps/batching/poisson2d/u280_loopback_project/hls/device/include/PE_poisson_kernel_stencil.hpp:218]   --->   Operation 137 'load' 't' <Predicate = true> <Delay = 1.64> <CoreInst = "RAM_S2P_URAM">   --->   Core 98 'RAM_S2P_URAM' <Latency = 2> <II = 1> <Delay = 1.64> <Storage> <Opcode : 'load' 'store'> <Ports = 2> <Width = 256> <Depth = 38> <RAM>
ST_7 : Operation 138 [1/1] (0.00ns)   --->   "%arg0_tmpConverter_0_0 = trunc i256 %t"   --->   Operation 138 'trunc' 'arg0_tmpConverter_0_0' <Predicate = true> <Delay = 0.00>
ST_7 : Operation 139 [1/1] (0.00ns)   --->   "%arg0_tmpConverter_0_0_1 = partselect i32 @_ssdm_op_PartSelect.i32.i256.i32.i32, i256 %t, i32 32, i32 63"   --->   Operation 139 'partselect' 'arg0_tmpConverter_0_0_1' <Predicate = true> <Delay = 0.00>
ST_7 : Operation 140 [1/1] (0.00ns)   --->   "%arg0_tmpConverter_0_0_2 = partselect i32 @_ssdm_op_PartSelect.i32.i256.i32.i32, i256 %t, i32 64, i32 95"   --->   Operation 140 'partselect' 'arg0_tmpConverter_0_0_2' <Predicate = true> <Delay = 0.00>
ST_7 : Operation 141 [1/1] (0.00ns)   --->   "%arg0_tmpConverter_0_0_3 = partselect i32 @_ssdm_op_PartSelect.i32.i256.i32.i32, i256 %t, i32 96, i32 127"   --->   Operation 141 'partselect' 'arg0_tmpConverter_0_0_3' <Predicate = true> <Delay = 0.00>
ST_7 : Operation 142 [1/1] (0.00ns)   --->   "%arg0_tmpConverter_0_0_4 = partselect i32 @_ssdm_op_PartSelect.i32.i256.i32.i32, i256 %t, i32 128, i32 159"   --->   Operation 142 'partselect' 'arg0_tmpConverter_0_0_4' <Predicate = true> <Delay = 0.00>
ST_7 : Operation 143 [1/1] (0.00ns)   --->   "%arg0_tmpConverter_0_0_5 = partselect i32 @_ssdm_op_PartSelect.i32.i256.i32.i32, i256 %t, i32 160, i32 191"   --->   Operation 143 'partselect' 'arg0_tmpConverter_0_0_5' <Predicate = true> <Delay = 0.00>
ST_7 : Operation 144 [1/1] (0.00ns)   --->   "%arg0_tmpConverter_0_0_6 = partselect i32 @_ssdm_op_PartSelect.i32.i256.i32.i32, i256 %t, i32 192, i32 223"   --->   Operation 144 'partselect' 'arg0_tmpConverter_0_0_6' <Predicate = true> <Delay = 0.00>
ST_7 : Operation 145 [1/1] (0.00ns)   --->   "%arg0_tmpConverter_0_0_7 = partselect i32 @_ssdm_op_PartSelect.i32.i256.i32.i32, i256 %t, i32 224, i32 255"   --->   Operation 145 'partselect' 'arg0_tmpConverter_0_0_7' <Predicate = true> <Delay = 0.00>

State 8 <SV = 7> <Delay = 2.34>
ST_8 : Operation 146 [1/1] (0.00ns)   --->   "%arg0_rowArr_0_0 = bitcast i32 %arg0_tmpConverter_0_0" [/home/x_thileeb/repos/ops-hls-batching-new/codegen_apps/batching/poisson2d/u280_loopback_project/hls/device/include/PE_poisson_kernel_stencil.hpp:285]   --->   Operation 146 'bitcast' 'arg0_rowArr_0_0' <Predicate = true> <Delay = 0.00>
ST_8 : Operation 147 [1/1] (0.00ns)   --->   "%arg1_tmpConvWrite_24 = trunc i256 %t_1"   --->   Operation 147 'trunc' 'arg1_tmpConvWrite_24' <Predicate = true> <Delay = 0.00>
ST_8 : Operation 148 [1/1] (0.00ns)   --->   "%arg0_rowArr_1_0 = bitcast i32 %arg1_tmpConvWrite_24" [/home/x_thileeb/repos/ops-hls-batching-new/codegen_apps/batching/poisson2d/u280_loopback_project/hls/device/include/PE_poisson_kernel_stencil.hpp:288]   --->   Operation 148 'bitcast' 'arg0_rowArr_1_0' <Predicate = true> <Delay = 0.00>
ST_8 : Operation 149 [1/1] (0.00ns)   --->   "%arg0_rowArr_2_0 = bitcast i32 %arg0_tmpConverter_2_0" [/home/x_thileeb/repos/ops-hls-batching-new/codegen_apps/batching/poisson2d/u280_loopback_project/hls/device/include/PE_poisson_kernel_stencil.hpp:291]   --->   Operation 149 'bitcast' 'arg0_rowArr_2_0' <Predicate = true> <Delay = 0.00>
ST_8 : Operation 150 [1/1] (0.00ns)   --->   "%arg0_rowArr_0_0_1 = bitcast i32 %arg0_tmpConverter_0_0_1" [/home/x_thileeb/repos/ops-hls-batching-new/codegen_apps/batching/poisson2d/u280_loopback_project/hls/device/include/PE_poisson_kernel_stencil.hpp:285]   --->   Operation 150 'bitcast' 'arg0_rowArr_0_0_1' <Predicate = true> <Delay = 0.00>
ST_8 : Operation 151 [1/1] (0.00ns)   --->   "%arg1_tmpConvWrite_25 = partselect i32 @_ssdm_op_PartSelect.i32.i256.i32.i32, i256 %t_1, i32 32, i32 63"   --->   Operation 151 'partselect' 'arg1_tmpConvWrite_25' <Predicate = true> <Delay = 0.00>
ST_8 : Operation 152 [1/1] (0.00ns)   --->   "%arg0_rowArr_1_0_1 = bitcast i32 %arg1_tmpConvWrite_25" [/home/x_thileeb/repos/ops-hls-batching-new/codegen_apps/batching/poisson2d/u280_loopback_project/hls/device/include/PE_poisson_kernel_stencil.hpp:288]   --->   Operation 152 'bitcast' 'arg0_rowArr_1_0_1' <Predicate = true> <Delay = 0.00>
ST_8 : Operation 153 [1/1] (0.00ns)   --->   "%arg0_rowArr_2_0_1 = bitcast i32 %arg0_tmpConverter_2_0_1" [/home/x_thileeb/repos/ops-hls-batching-new/codegen_apps/batching/poisson2d/u280_loopback_project/hls/device/include/PE_poisson_kernel_stencil.hpp:291]   --->   Operation 153 'bitcast' 'arg0_rowArr_2_0_1' <Predicate = true> <Delay = 0.00>
ST_8 : Operation 154 [1/1] (0.00ns)   --->   "%arg0_rowArr_0_0_2 = bitcast i32 %arg0_tmpConverter_0_0_2" [/home/x_thileeb/repos/ops-hls-batching-new/codegen_apps/batching/poisson2d/u280_loopback_project/hls/device/include/PE_poisson_kernel_stencil.hpp:285]   --->   Operation 154 'bitcast' 'arg0_rowArr_0_0_2' <Predicate = true> <Delay = 0.00>
ST_8 : Operation 155 [1/1] (0.00ns)   --->   "%arg1_tmpConvWrite_26 = partselect i32 @_ssdm_op_PartSelect.i32.i256.i32.i32, i256 %t_1, i32 64, i32 95"   --->   Operation 155 'partselect' 'arg1_tmpConvWrite_26' <Predicate = true> <Delay = 0.00>
ST_8 : Operation 156 [1/1] (0.00ns)   --->   "%arg0_rowArr_1_0_2 = bitcast i32 %arg1_tmpConvWrite_26" [/home/x_thileeb/repos/ops-hls-batching-new/codegen_apps/batching/poisson2d/u280_loopback_project/hls/device/include/PE_poisson_kernel_stencil.hpp:288]   --->   Operation 156 'bitcast' 'arg0_rowArr_1_0_2' <Predicate = true> <Delay = 0.00>
ST_8 : Operation 157 [1/1] (0.00ns)   --->   "%arg0_rowArr_2_0_2 = bitcast i32 %arg0_tmpConverter_2_0_2" [/home/x_thileeb/repos/ops-hls-batching-new/codegen_apps/batching/poisson2d/u280_loopback_project/hls/device/include/PE_poisson_kernel_stencil.hpp:291]   --->   Operation 157 'bitcast' 'arg0_rowArr_2_0_2' <Predicate = true> <Delay = 0.00>
ST_8 : Operation 158 [1/1] (0.00ns)   --->   "%arg0_rowArr_0_0_3 = bitcast i32 %arg0_tmpConverter_0_0_3" [/home/x_thileeb/repos/ops-hls-batching-new/codegen_apps/batching/poisson2d/u280_loopback_project/hls/device/include/PE_poisson_kernel_stencil.hpp:285]   --->   Operation 158 'bitcast' 'arg0_rowArr_0_0_3' <Predicate = true> <Delay = 0.00>
ST_8 : Operation 159 [1/1] (0.00ns)   --->   "%arg1_tmpConvWrite_27 = partselect i32 @_ssdm_op_PartSelect.i32.i256.i32.i32, i256 %t_1, i32 96, i32 127"   --->   Operation 159 'partselect' 'arg1_tmpConvWrite_27' <Predicate = true> <Delay = 0.00>
ST_8 : Operation 160 [1/1] (0.00ns)   --->   "%arg0_rowArr_1_0_3 = bitcast i32 %arg1_tmpConvWrite_27" [/home/x_thileeb/repos/ops-hls-batching-new/codegen_apps/batching/poisson2d/u280_loopback_project/hls/device/include/PE_poisson_kernel_stencil.hpp:288]   --->   Operation 160 'bitcast' 'arg0_rowArr_1_0_3' <Predicate = true> <Delay = 0.00>
ST_8 : Operation 161 [1/1] (0.00ns)   --->   "%arg0_rowArr_2_0_3 = bitcast i32 %arg0_tmpConverter_2_0_3" [/home/x_thileeb/repos/ops-hls-batching-new/codegen_apps/batching/poisson2d/u280_loopback_project/hls/device/include/PE_poisson_kernel_stencil.hpp:291]   --->   Operation 161 'bitcast' 'arg0_rowArr_2_0_3' <Predicate = true> <Delay = 0.00>
ST_8 : Operation 162 [1/1] (0.00ns)   --->   "%arg0_rowArr_0_0_4 = bitcast i32 %arg0_tmpConverter_0_0_4" [/home/x_thileeb/repos/ops-hls-batching-new/codegen_apps/batching/poisson2d/u280_loopback_project/hls/device/include/PE_poisson_kernel_stencil.hpp:285]   --->   Operation 162 'bitcast' 'arg0_rowArr_0_0_4' <Predicate = true> <Delay = 0.00>
ST_8 : Operation 163 [1/1] (0.00ns)   --->   "%arg1_tmpConvWrite_28 = partselect i32 @_ssdm_op_PartSelect.i32.i256.i32.i32, i256 %t_1, i32 128, i32 159"   --->   Operation 163 'partselect' 'arg1_tmpConvWrite_28' <Predicate = true> <Delay = 0.00>
ST_8 : Operation 164 [1/1] (0.00ns)   --->   "%arg0_rowArr_1_0_4 = bitcast i32 %arg1_tmpConvWrite_28" [/home/x_thileeb/repos/ops-hls-batching-new/codegen_apps/batching/poisson2d/u280_loopback_project/hls/device/include/PE_poisson_kernel_stencil.hpp:288]   --->   Operation 164 'bitcast' 'arg0_rowArr_1_0_4' <Predicate = true> <Delay = 0.00>
ST_8 : Operation 165 [1/1] (0.00ns)   --->   "%arg0_rowArr_2_0_4 = bitcast i32 %arg0_tmpConverter_2_0_4" [/home/x_thileeb/repos/ops-hls-batching-new/codegen_apps/batching/poisson2d/u280_loopback_project/hls/device/include/PE_poisson_kernel_stencil.hpp:291]   --->   Operation 165 'bitcast' 'arg0_rowArr_2_0_4' <Predicate = true> <Delay = 0.00>
ST_8 : Operation 166 [1/1] (0.00ns)   --->   "%arg0_rowArr_0_0_5 = bitcast i32 %arg0_tmpConverter_0_0_5" [/home/x_thileeb/repos/ops-hls-batching-new/codegen_apps/batching/poisson2d/u280_loopback_project/hls/device/include/PE_poisson_kernel_stencil.hpp:285]   --->   Operation 166 'bitcast' 'arg0_rowArr_0_0_5' <Predicate = true> <Delay = 0.00>
ST_8 : Operation 167 [1/1] (0.00ns)   --->   "%arg1_tmpConvWrite_29 = partselect i32 @_ssdm_op_PartSelect.i32.i256.i32.i32, i256 %t_1, i32 160, i32 191"   --->   Operation 167 'partselect' 'arg1_tmpConvWrite_29' <Predicate = true> <Delay = 0.00>
ST_8 : Operation 168 [1/1] (0.00ns)   --->   "%arg0_rowArr_1_0_5 = bitcast i32 %arg1_tmpConvWrite_29" [/home/x_thileeb/repos/ops-hls-batching-new/codegen_apps/batching/poisson2d/u280_loopback_project/hls/device/include/PE_poisson_kernel_stencil.hpp:288]   --->   Operation 168 'bitcast' 'arg0_rowArr_1_0_5' <Predicate = true> <Delay = 0.00>
ST_8 : Operation 169 [1/1] (0.00ns)   --->   "%arg0_rowArr_2_0_5 = bitcast i32 %arg0_tmpConverter_2_0_5" [/home/x_thileeb/repos/ops-hls-batching-new/codegen_apps/batching/poisson2d/u280_loopback_project/hls/device/include/PE_poisson_kernel_stencil.hpp:291]   --->   Operation 169 'bitcast' 'arg0_rowArr_2_0_5' <Predicate = true> <Delay = 0.00>
ST_8 : Operation 170 [1/1] (0.00ns)   --->   "%arg0_rowArr_0_0_6 = bitcast i32 %arg0_tmpConverter_0_0_6" [/home/x_thileeb/repos/ops-hls-batching-new/codegen_apps/batching/poisson2d/u280_loopback_project/hls/device/include/PE_poisson_kernel_stencil.hpp:285]   --->   Operation 170 'bitcast' 'arg0_rowArr_0_0_6' <Predicate = true> <Delay = 0.00>
ST_8 : Operation 171 [1/1] (0.00ns)   --->   "%arg1_tmpConvWrite_30 = partselect i32 @_ssdm_op_PartSelect.i32.i256.i32.i32, i256 %t_1, i32 192, i32 223"   --->   Operation 171 'partselect' 'arg1_tmpConvWrite_30' <Predicate = true> <Delay = 0.00>
ST_8 : Operation 172 [1/1] (0.00ns)   --->   "%arg0_rowArr_1_0_6 = bitcast i32 %arg1_tmpConvWrite_30" [/home/x_thileeb/repos/ops-hls-batching-new/codegen_apps/batching/poisson2d/u280_loopback_project/hls/device/include/PE_poisson_kernel_stencil.hpp:288]   --->   Operation 172 'bitcast' 'arg0_rowArr_1_0_6' <Predicate = true> <Delay = 0.00>
ST_8 : Operation 173 [1/1] (0.00ns)   --->   "%arg0_rowArr_2_0_6 = bitcast i32 %arg0_tmpConverter_2_0_6" [/home/x_thileeb/repos/ops-hls-batching-new/codegen_apps/batching/poisson2d/u280_loopback_project/hls/device/include/PE_poisson_kernel_stencil.hpp:291]   --->   Operation 173 'bitcast' 'arg0_rowArr_2_0_6' <Predicate = true> <Delay = 0.00>
ST_8 : Operation 174 [1/1] (0.00ns)   --->   "%arg0_rowArr_0_0_7 = bitcast i32 %arg0_tmpConverter_0_0_7" [/home/x_thileeb/repos/ops-hls-batching-new/codegen_apps/batching/poisson2d/u280_loopback_project/hls/device/include/PE_poisson_kernel_stencil.hpp:285]   --->   Operation 174 'bitcast' 'arg0_rowArr_0_0_7' <Predicate = true> <Delay = 0.00>
ST_8 : Operation 175 [1/1] (0.00ns)   --->   "%arg1_tmpConvWrite_31 = partselect i32 @_ssdm_op_PartSelect.i32.i256.i32.i32, i256 %t_1, i32 224, i32 255"   --->   Operation 175 'partselect' 'arg1_tmpConvWrite_31' <Predicate = true> <Delay = 0.00>
ST_8 : Operation 176 [1/1] (0.00ns)   --->   "%arg0_rowArr_1_0_7 = bitcast i32 %arg1_tmpConvWrite_31" [/home/x_thileeb/repos/ops-hls-batching-new/codegen_apps/batching/poisson2d/u280_loopback_project/hls/device/include/PE_poisson_kernel_stencil.hpp:288]   --->   Operation 176 'bitcast' 'arg0_rowArr_1_0_7' <Predicate = true> <Delay = 0.00>
ST_8 : Operation 177 [1/1] (0.00ns)   --->   "%arg0_rowArr_2_0_7 = bitcast i32 %arg0_tmpConverter_2_0_7" [/home/x_thileeb/repos/ops-hls-batching-new/codegen_apps/batching/poisson2d/u280_loopback_project/hls/device/include/PE_poisson_kernel_stencil.hpp:291]   --->   Operation 177 'bitcast' 'arg0_rowArr_2_0_7' <Predicate = true> <Delay = 0.00>
ST_8 : Operation 178 [1/1] (0.00ns)   --->   "%arg0_rowArr_1_0_8 = bitcast i32 %arg0_tmpConverter_0_1_0_7" [/home/x_thileeb/repos/ops-hls-batching-new/codegen_apps/batching/poisson2d/u280_loopback_project/hls/device/include/PE_poisson_kernel_stencil.hpp:300]   --->   Operation 178 'bitcast' 'arg0_rowArr_1_0_8' <Predicate = true> <Delay = 0.00>
ST_8 : Operation 179 [1/1] (0.00ns)   --->   "%arg0_rowArr_1_0_9 = bitcast i32 %arg0_tmpConverter_2_1_0_0" [/home/x_thileeb/repos/ops-hls-batching-new/codegen_apps/batching/poisson2d/u280_loopback_project/hls/device/include/PE_poisson_kernel_stencil.hpp:305]   --->   Operation 179 'bitcast' 'arg0_rowArr_1_0_9' <Predicate = true> <Delay = 0.00>
ST_8 : Operation 180 [7/7] (2.34ns)   --->   "%tmp1_1 = fadd i32 %arg0_rowArr_1_0_8, i32 %arg0_rowArr_1_0_1" [/home/x_thileeb/repos/ops-hls-batching-new/codegen_apps/batching/poisson2d/u280_loopback_project/hls/device/include/PE_poisson_kernel_stencil.hpp:44]   --->   Operation 180 'fadd' 'tmp1_1' <Predicate = true> <Delay = 2.34> <CoreInst = "FAddSub_fulldsp">   --->   Core 18 'FAddSub_fulldsp' <Latency = 6> <II = 1> <Delay = 2.34> <FuncUnit> <Opcode : 'fadd' 'fsub'> <InPorts = 2> <OutPorts = 1>
ST_8 : Operation 181 [7/7] (2.34ns)   --->   "%tmp1_2 = fadd i32 %arg0_rowArr_2_0, i32 %arg0_rowArr_0_0" [/home/x_thileeb/repos/ops-hls-batching-new/codegen_apps/batching/poisson2d/u280_loopback_project/hls/device/include/PE_poisson_kernel_stencil.hpp:45]   --->   Operation 181 'fadd' 'tmp1_2' <Predicate = true> <Delay = 2.34> <CoreInst = "FAddSub_fulldsp">   --->   Core 18 'FAddSub_fulldsp' <Latency = 6> <II = 1> <Delay = 2.34> <FuncUnit> <Opcode : 'fadd' 'fsub'> <InPorts = 2> <OutPorts = 1>
ST_8 : Operation 182 [7/7] (2.34ns)   --->   "%tmp1_1_1 = fadd i32 %arg0_rowArr_1_0, i32 %arg0_rowArr_1_0_2" [/home/x_thileeb/repos/ops-hls-batching-new/codegen_apps/batching/poisson2d/u280_loopback_project/hls/device/include/PE_poisson_kernel_stencil.hpp:44]   --->   Operation 182 'fadd' 'tmp1_1_1' <Predicate = true> <Delay = 2.34> <CoreInst = "FAddSub_fulldsp">   --->   Core 18 'FAddSub_fulldsp' <Latency = 6> <II = 1> <Delay = 2.34> <FuncUnit> <Opcode : 'fadd' 'fsub'> <InPorts = 2> <OutPorts = 1>
ST_8 : Operation 183 [7/7] (2.34ns)   --->   "%tmp1_2_1 = fadd i32 %arg0_rowArr_2_0_1, i32 %arg0_rowArr_0_0_1" [/home/x_thileeb/repos/ops-hls-batching-new/codegen_apps/batching/poisson2d/u280_loopback_project/hls/device/include/PE_poisson_kernel_stencil.hpp:45]   --->   Operation 183 'fadd' 'tmp1_2_1' <Predicate = true> <Delay = 2.34> <CoreInst = "FAddSub_fulldsp">   --->   Core 18 'FAddSub_fulldsp' <Latency = 6> <II = 1> <Delay = 2.34> <FuncUnit> <Opcode : 'fadd' 'fsub'> <InPorts = 2> <OutPorts = 1>
ST_8 : Operation 184 [7/7] (2.34ns)   --->   "%tmp1_1_2 = fadd i32 %arg0_rowArr_1_0_1, i32 %arg0_rowArr_1_0_3" [/home/x_thileeb/repos/ops-hls-batching-new/codegen_apps/batching/poisson2d/u280_loopback_project/hls/device/include/PE_poisson_kernel_stencil.hpp:44]   --->   Operation 184 'fadd' 'tmp1_1_2' <Predicate = true> <Delay = 2.34> <CoreInst = "FAddSub_fulldsp">   --->   Core 18 'FAddSub_fulldsp' <Latency = 6> <II = 1> <Delay = 2.34> <FuncUnit> <Opcode : 'fadd' 'fsub'> <InPorts = 2> <OutPorts = 1>
ST_8 : Operation 185 [7/7] (2.34ns)   --->   "%tmp1_2_2 = fadd i32 %arg0_rowArr_2_0_2, i32 %arg0_rowArr_0_0_2" [/home/x_thileeb/repos/ops-hls-batching-new/codegen_apps/batching/poisson2d/u280_loopback_project/hls/device/include/PE_poisson_kernel_stencil.hpp:45]   --->   Operation 185 'fadd' 'tmp1_2_2' <Predicate = true> <Delay = 2.34> <CoreInst = "FAddSub_fulldsp">   --->   Core 18 'FAddSub_fulldsp' <Latency = 6> <II = 1> <Delay = 2.34> <FuncUnit> <Opcode : 'fadd' 'fsub'> <InPorts = 2> <OutPorts = 1>
ST_8 : Operation 186 [7/7] (2.34ns)   --->   "%tmp1_1_3 = fadd i32 %arg0_rowArr_1_0_2, i32 %arg0_rowArr_1_0_4" [/home/x_thileeb/repos/ops-hls-batching-new/codegen_apps/batching/poisson2d/u280_loopback_project/hls/device/include/PE_poisson_kernel_stencil.hpp:44]   --->   Operation 186 'fadd' 'tmp1_1_3' <Predicate = true> <Delay = 2.34> <CoreInst = "FAddSub_fulldsp">   --->   Core 18 'FAddSub_fulldsp' <Latency = 6> <II = 1> <Delay = 2.34> <FuncUnit> <Opcode : 'fadd' 'fsub'> <InPorts = 2> <OutPorts = 1>
ST_8 : Operation 187 [7/7] (2.34ns)   --->   "%tmp1_2_3 = fadd i32 %arg0_rowArr_2_0_3, i32 %arg0_rowArr_0_0_3" [/home/x_thileeb/repos/ops-hls-batching-new/codegen_apps/batching/poisson2d/u280_loopback_project/hls/device/include/PE_poisson_kernel_stencil.hpp:45]   --->   Operation 187 'fadd' 'tmp1_2_3' <Predicate = true> <Delay = 2.34> <CoreInst = "FAddSub_fulldsp">   --->   Core 18 'FAddSub_fulldsp' <Latency = 6> <II = 1> <Delay = 2.34> <FuncUnit> <Opcode : 'fadd' 'fsub'> <InPorts = 2> <OutPorts = 1>
ST_8 : Operation 188 [7/7] (2.34ns)   --->   "%tmp1_1_4 = fadd i32 %arg0_rowArr_1_0_3, i32 %arg0_rowArr_1_0_5" [/home/x_thileeb/repos/ops-hls-batching-new/codegen_apps/batching/poisson2d/u280_loopback_project/hls/device/include/PE_poisson_kernel_stencil.hpp:44]   --->   Operation 188 'fadd' 'tmp1_1_4' <Predicate = true> <Delay = 2.34> <CoreInst = "FAddSub_fulldsp">   --->   Core 18 'FAddSub_fulldsp' <Latency = 6> <II = 1> <Delay = 2.34> <FuncUnit> <Opcode : 'fadd' 'fsub'> <InPorts = 2> <OutPorts = 1>
ST_8 : Operation 189 [7/7] (2.34ns)   --->   "%tmp1_2_4 = fadd i32 %arg0_rowArr_2_0_4, i32 %arg0_rowArr_0_0_4" [/home/x_thileeb/repos/ops-hls-batching-new/codegen_apps/batching/poisson2d/u280_loopback_project/hls/device/include/PE_poisson_kernel_stencil.hpp:45]   --->   Operation 189 'fadd' 'tmp1_2_4' <Predicate = true> <Delay = 2.34> <CoreInst = "FAddSub_fulldsp">   --->   Core 18 'FAddSub_fulldsp' <Latency = 6> <II = 1> <Delay = 2.34> <FuncUnit> <Opcode : 'fadd' 'fsub'> <InPorts = 2> <OutPorts = 1>
ST_8 : Operation 190 [7/7] (2.34ns)   --->   "%tmp1_1_5 = fadd i32 %arg0_rowArr_1_0_4, i32 %arg0_rowArr_1_0_6" [/home/x_thileeb/repos/ops-hls-batching-new/codegen_apps/batching/poisson2d/u280_loopback_project/hls/device/include/PE_poisson_kernel_stencil.hpp:44]   --->   Operation 190 'fadd' 'tmp1_1_5' <Predicate = true> <Delay = 2.34> <CoreInst = "FAddSub_fulldsp">   --->   Core 18 'FAddSub_fulldsp' <Latency = 6> <II = 1> <Delay = 2.34> <FuncUnit> <Opcode : 'fadd' 'fsub'> <InPorts = 2> <OutPorts = 1>
ST_8 : Operation 191 [7/7] (2.34ns)   --->   "%tmp1_2_5 = fadd i32 %arg0_rowArr_2_0_5, i32 %arg0_rowArr_0_0_5" [/home/x_thileeb/repos/ops-hls-batching-new/codegen_apps/batching/poisson2d/u280_loopback_project/hls/device/include/PE_poisson_kernel_stencil.hpp:45]   --->   Operation 191 'fadd' 'tmp1_2_5' <Predicate = true> <Delay = 2.34> <CoreInst = "FAddSub_fulldsp">   --->   Core 18 'FAddSub_fulldsp' <Latency = 6> <II = 1> <Delay = 2.34> <FuncUnit> <Opcode : 'fadd' 'fsub'> <InPorts = 2> <OutPorts = 1>
ST_8 : Operation 192 [7/7] (2.34ns)   --->   "%tmp1_1_6 = fadd i32 %arg0_rowArr_1_0_5, i32 %arg0_rowArr_1_0_7" [/home/x_thileeb/repos/ops-hls-batching-new/codegen_apps/batching/poisson2d/u280_loopback_project/hls/device/include/PE_poisson_kernel_stencil.hpp:44]   --->   Operation 192 'fadd' 'tmp1_1_6' <Predicate = true> <Delay = 2.34> <CoreInst = "FAddSub_fulldsp">   --->   Core 18 'FAddSub_fulldsp' <Latency = 6> <II = 1> <Delay = 2.34> <FuncUnit> <Opcode : 'fadd' 'fsub'> <InPorts = 2> <OutPorts = 1>
ST_8 : Operation 193 [7/7] (2.34ns)   --->   "%tmp1_2_6 = fadd i32 %arg0_rowArr_2_0_6, i32 %arg0_rowArr_0_0_6" [/home/x_thileeb/repos/ops-hls-batching-new/codegen_apps/batching/poisson2d/u280_loopback_project/hls/device/include/PE_poisson_kernel_stencil.hpp:45]   --->   Operation 193 'fadd' 'tmp1_2_6' <Predicate = true> <Delay = 2.34> <CoreInst = "FAddSub_fulldsp">   --->   Core 18 'FAddSub_fulldsp' <Latency = 6> <II = 1> <Delay = 2.34> <FuncUnit> <Opcode : 'fadd' 'fsub'> <InPorts = 2> <OutPorts = 1>
ST_8 : Operation 194 [7/7] (2.34ns)   --->   "%tmp1_1_7 = fadd i32 %arg0_rowArr_1_0_6, i32 %arg0_rowArr_1_0_9" [/home/x_thileeb/repos/ops-hls-batching-new/codegen_apps/batching/poisson2d/u280_loopback_project/hls/device/include/PE_poisson_kernel_stencil.hpp:44]   --->   Operation 194 'fadd' 'tmp1_1_7' <Predicate = true> <Delay = 2.34> <CoreInst = "FAddSub_fulldsp">   --->   Core 18 'FAddSub_fulldsp' <Latency = 6> <II = 1> <Delay = 2.34> <FuncUnit> <Opcode : 'fadd' 'fsub'> <InPorts = 2> <OutPorts = 1>
ST_8 : Operation 195 [7/7] (2.34ns)   --->   "%tmp1_2_7 = fadd i32 %arg0_rowArr_2_0_7, i32 %arg0_rowArr_0_0_7" [/home/x_thileeb/repos/ops-hls-batching-new/codegen_apps/batching/poisson2d/u280_loopback_project/hls/device/include/PE_poisson_kernel_stencil.hpp:45]   --->   Operation 195 'fadd' 'tmp1_2_7' <Predicate = true> <Delay = 2.34> <CoreInst = "FAddSub_fulldsp">   --->   Core 18 'FAddSub_fulldsp' <Latency = 6> <II = 1> <Delay = 2.34> <FuncUnit> <Opcode : 'fadd' 'fsub'> <InPorts = 2> <OutPorts = 1>

State 9 <SV = 8> <Delay = 2.34>
ST_9 : Operation 196 [6/7] (2.34ns)   --->   "%tmp1_1 = fadd i32 %arg0_rowArr_1_0_8, i32 %arg0_rowArr_1_0_1" [/home/x_thileeb/repos/ops-hls-batching-new/codegen_apps/batching/poisson2d/u280_loopback_project/hls/device/include/PE_poisson_kernel_stencil.hpp:44]   --->   Operation 196 'fadd' 'tmp1_1' <Predicate = true> <Delay = 2.34> <CoreInst = "FAddSub_fulldsp">   --->   Core 18 'FAddSub_fulldsp' <Latency = 6> <II = 1> <Delay = 2.34> <FuncUnit> <Opcode : 'fadd' 'fsub'> <InPorts = 2> <OutPorts = 1>
ST_9 : Operation 197 [6/7] (2.34ns)   --->   "%tmp1_2 = fadd i32 %arg0_rowArr_2_0, i32 %arg0_rowArr_0_0" [/home/x_thileeb/repos/ops-hls-batching-new/codegen_apps/batching/poisson2d/u280_loopback_project/hls/device/include/PE_poisson_kernel_stencil.hpp:45]   --->   Operation 197 'fadd' 'tmp1_2' <Predicate = true> <Delay = 2.34> <CoreInst = "FAddSub_fulldsp">   --->   Core 18 'FAddSub_fulldsp' <Latency = 6> <II = 1> <Delay = 2.34> <FuncUnit> <Opcode : 'fadd' 'fsub'> <InPorts = 2> <OutPorts = 1>
ST_9 : Operation 198 [6/7] (2.34ns)   --->   "%tmp1_1_1 = fadd i32 %arg0_rowArr_1_0, i32 %arg0_rowArr_1_0_2" [/home/x_thileeb/repos/ops-hls-batching-new/codegen_apps/batching/poisson2d/u280_loopback_project/hls/device/include/PE_poisson_kernel_stencil.hpp:44]   --->   Operation 198 'fadd' 'tmp1_1_1' <Predicate = true> <Delay = 2.34> <CoreInst = "FAddSub_fulldsp">   --->   Core 18 'FAddSub_fulldsp' <Latency = 6> <II = 1> <Delay = 2.34> <FuncUnit> <Opcode : 'fadd' 'fsub'> <InPorts = 2> <OutPorts = 1>
ST_9 : Operation 199 [6/7] (2.34ns)   --->   "%tmp1_2_1 = fadd i32 %arg0_rowArr_2_0_1, i32 %arg0_rowArr_0_0_1" [/home/x_thileeb/repos/ops-hls-batching-new/codegen_apps/batching/poisson2d/u280_loopback_project/hls/device/include/PE_poisson_kernel_stencil.hpp:45]   --->   Operation 199 'fadd' 'tmp1_2_1' <Predicate = true> <Delay = 2.34> <CoreInst = "FAddSub_fulldsp">   --->   Core 18 'FAddSub_fulldsp' <Latency = 6> <II = 1> <Delay = 2.34> <FuncUnit> <Opcode : 'fadd' 'fsub'> <InPorts = 2> <OutPorts = 1>
ST_9 : Operation 200 [6/7] (2.34ns)   --->   "%tmp1_1_2 = fadd i32 %arg0_rowArr_1_0_1, i32 %arg0_rowArr_1_0_3" [/home/x_thileeb/repos/ops-hls-batching-new/codegen_apps/batching/poisson2d/u280_loopback_project/hls/device/include/PE_poisson_kernel_stencil.hpp:44]   --->   Operation 200 'fadd' 'tmp1_1_2' <Predicate = true> <Delay = 2.34> <CoreInst = "FAddSub_fulldsp">   --->   Core 18 'FAddSub_fulldsp' <Latency = 6> <II = 1> <Delay = 2.34> <FuncUnit> <Opcode : 'fadd' 'fsub'> <InPorts = 2> <OutPorts = 1>
ST_9 : Operation 201 [6/7] (2.34ns)   --->   "%tmp1_2_2 = fadd i32 %arg0_rowArr_2_0_2, i32 %arg0_rowArr_0_0_2" [/home/x_thileeb/repos/ops-hls-batching-new/codegen_apps/batching/poisson2d/u280_loopback_project/hls/device/include/PE_poisson_kernel_stencil.hpp:45]   --->   Operation 201 'fadd' 'tmp1_2_2' <Predicate = true> <Delay = 2.34> <CoreInst = "FAddSub_fulldsp">   --->   Core 18 'FAddSub_fulldsp' <Latency = 6> <II = 1> <Delay = 2.34> <FuncUnit> <Opcode : 'fadd' 'fsub'> <InPorts = 2> <OutPorts = 1>
ST_9 : Operation 202 [6/7] (2.34ns)   --->   "%tmp1_1_3 = fadd i32 %arg0_rowArr_1_0_2, i32 %arg0_rowArr_1_0_4" [/home/x_thileeb/repos/ops-hls-batching-new/codegen_apps/batching/poisson2d/u280_loopback_project/hls/device/include/PE_poisson_kernel_stencil.hpp:44]   --->   Operation 202 'fadd' 'tmp1_1_3' <Predicate = true> <Delay = 2.34> <CoreInst = "FAddSub_fulldsp">   --->   Core 18 'FAddSub_fulldsp' <Latency = 6> <II = 1> <Delay = 2.34> <FuncUnit> <Opcode : 'fadd' 'fsub'> <InPorts = 2> <OutPorts = 1>
ST_9 : Operation 203 [6/7] (2.34ns)   --->   "%tmp1_2_3 = fadd i32 %arg0_rowArr_2_0_3, i32 %arg0_rowArr_0_0_3" [/home/x_thileeb/repos/ops-hls-batching-new/codegen_apps/batching/poisson2d/u280_loopback_project/hls/device/include/PE_poisson_kernel_stencil.hpp:45]   --->   Operation 203 'fadd' 'tmp1_2_3' <Predicate = true> <Delay = 2.34> <CoreInst = "FAddSub_fulldsp">   --->   Core 18 'FAddSub_fulldsp' <Latency = 6> <II = 1> <Delay = 2.34> <FuncUnit> <Opcode : 'fadd' 'fsub'> <InPorts = 2> <OutPorts = 1>
ST_9 : Operation 204 [6/7] (2.34ns)   --->   "%tmp1_1_4 = fadd i32 %arg0_rowArr_1_0_3, i32 %arg0_rowArr_1_0_5" [/home/x_thileeb/repos/ops-hls-batching-new/codegen_apps/batching/poisson2d/u280_loopback_project/hls/device/include/PE_poisson_kernel_stencil.hpp:44]   --->   Operation 204 'fadd' 'tmp1_1_4' <Predicate = true> <Delay = 2.34> <CoreInst = "FAddSub_fulldsp">   --->   Core 18 'FAddSub_fulldsp' <Latency = 6> <II = 1> <Delay = 2.34> <FuncUnit> <Opcode : 'fadd' 'fsub'> <InPorts = 2> <OutPorts = 1>
ST_9 : Operation 205 [6/7] (2.34ns)   --->   "%tmp1_2_4 = fadd i32 %arg0_rowArr_2_0_4, i32 %arg0_rowArr_0_0_4" [/home/x_thileeb/repos/ops-hls-batching-new/codegen_apps/batching/poisson2d/u280_loopback_project/hls/device/include/PE_poisson_kernel_stencil.hpp:45]   --->   Operation 205 'fadd' 'tmp1_2_4' <Predicate = true> <Delay = 2.34> <CoreInst = "FAddSub_fulldsp">   --->   Core 18 'FAddSub_fulldsp' <Latency = 6> <II = 1> <Delay = 2.34> <FuncUnit> <Opcode : 'fadd' 'fsub'> <InPorts = 2> <OutPorts = 1>
ST_9 : Operation 206 [6/7] (2.34ns)   --->   "%tmp1_1_5 = fadd i32 %arg0_rowArr_1_0_4, i32 %arg0_rowArr_1_0_6" [/home/x_thileeb/repos/ops-hls-batching-new/codegen_apps/batching/poisson2d/u280_loopback_project/hls/device/include/PE_poisson_kernel_stencil.hpp:44]   --->   Operation 206 'fadd' 'tmp1_1_5' <Predicate = true> <Delay = 2.34> <CoreInst = "FAddSub_fulldsp">   --->   Core 18 'FAddSub_fulldsp' <Latency = 6> <II = 1> <Delay = 2.34> <FuncUnit> <Opcode : 'fadd' 'fsub'> <InPorts = 2> <OutPorts = 1>
ST_9 : Operation 207 [6/7] (2.34ns)   --->   "%tmp1_2_5 = fadd i32 %arg0_rowArr_2_0_5, i32 %arg0_rowArr_0_0_5" [/home/x_thileeb/repos/ops-hls-batching-new/codegen_apps/batching/poisson2d/u280_loopback_project/hls/device/include/PE_poisson_kernel_stencil.hpp:45]   --->   Operation 207 'fadd' 'tmp1_2_5' <Predicate = true> <Delay = 2.34> <CoreInst = "FAddSub_fulldsp">   --->   Core 18 'FAddSub_fulldsp' <Latency = 6> <II = 1> <Delay = 2.34> <FuncUnit> <Opcode : 'fadd' 'fsub'> <InPorts = 2> <OutPorts = 1>
ST_9 : Operation 208 [6/7] (2.34ns)   --->   "%tmp1_1_6 = fadd i32 %arg0_rowArr_1_0_5, i32 %arg0_rowArr_1_0_7" [/home/x_thileeb/repos/ops-hls-batching-new/codegen_apps/batching/poisson2d/u280_loopback_project/hls/device/include/PE_poisson_kernel_stencil.hpp:44]   --->   Operation 208 'fadd' 'tmp1_1_6' <Predicate = true> <Delay = 2.34> <CoreInst = "FAddSub_fulldsp">   --->   Core 18 'FAddSub_fulldsp' <Latency = 6> <II = 1> <Delay = 2.34> <FuncUnit> <Opcode : 'fadd' 'fsub'> <InPorts = 2> <OutPorts = 1>
ST_9 : Operation 209 [6/7] (2.34ns)   --->   "%tmp1_2_6 = fadd i32 %arg0_rowArr_2_0_6, i32 %arg0_rowArr_0_0_6" [/home/x_thileeb/repos/ops-hls-batching-new/codegen_apps/batching/poisson2d/u280_loopback_project/hls/device/include/PE_poisson_kernel_stencil.hpp:45]   --->   Operation 209 'fadd' 'tmp1_2_6' <Predicate = true> <Delay = 2.34> <CoreInst = "FAddSub_fulldsp">   --->   Core 18 'FAddSub_fulldsp' <Latency = 6> <II = 1> <Delay = 2.34> <FuncUnit> <Opcode : 'fadd' 'fsub'> <InPorts = 2> <OutPorts = 1>
ST_9 : Operation 210 [6/7] (2.34ns)   --->   "%tmp1_1_7 = fadd i32 %arg0_rowArr_1_0_6, i32 %arg0_rowArr_1_0_9" [/home/x_thileeb/repos/ops-hls-batching-new/codegen_apps/batching/poisson2d/u280_loopback_project/hls/device/include/PE_poisson_kernel_stencil.hpp:44]   --->   Operation 210 'fadd' 'tmp1_1_7' <Predicate = true> <Delay = 2.34> <CoreInst = "FAddSub_fulldsp">   --->   Core 18 'FAddSub_fulldsp' <Latency = 6> <II = 1> <Delay = 2.34> <FuncUnit> <Opcode : 'fadd' 'fsub'> <InPorts = 2> <OutPorts = 1>
ST_9 : Operation 211 [6/7] (2.34ns)   --->   "%tmp1_2_7 = fadd i32 %arg0_rowArr_2_0_7, i32 %arg0_rowArr_0_0_7" [/home/x_thileeb/repos/ops-hls-batching-new/codegen_apps/batching/poisson2d/u280_loopback_project/hls/device/include/PE_poisson_kernel_stencil.hpp:45]   --->   Operation 211 'fadd' 'tmp1_2_7' <Predicate = true> <Delay = 2.34> <CoreInst = "FAddSub_fulldsp">   --->   Core 18 'FAddSub_fulldsp' <Latency = 6> <II = 1> <Delay = 2.34> <FuncUnit> <Opcode : 'fadd' 'fsub'> <InPorts = 2> <OutPorts = 1>

State 10 <SV = 9> <Delay = 2.34>
ST_10 : Operation 212 [5/7] (2.34ns)   --->   "%tmp1_1 = fadd i32 %arg0_rowArr_1_0_8, i32 %arg0_rowArr_1_0_1" [/home/x_thileeb/repos/ops-hls-batching-new/codegen_apps/batching/poisson2d/u280_loopback_project/hls/device/include/PE_poisson_kernel_stencil.hpp:44]   --->   Operation 212 'fadd' 'tmp1_1' <Predicate = true> <Delay = 2.34> <CoreInst = "FAddSub_fulldsp">   --->   Core 18 'FAddSub_fulldsp' <Latency = 6> <II = 1> <Delay = 2.34> <FuncUnit> <Opcode : 'fadd' 'fsub'> <InPorts = 2> <OutPorts = 1>
ST_10 : Operation 213 [5/7] (2.34ns)   --->   "%tmp1_2 = fadd i32 %arg0_rowArr_2_0, i32 %arg0_rowArr_0_0" [/home/x_thileeb/repos/ops-hls-batching-new/codegen_apps/batching/poisson2d/u280_loopback_project/hls/device/include/PE_poisson_kernel_stencil.hpp:45]   --->   Operation 213 'fadd' 'tmp1_2' <Predicate = true> <Delay = 2.34> <CoreInst = "FAddSub_fulldsp">   --->   Core 18 'FAddSub_fulldsp' <Latency = 6> <II = 1> <Delay = 2.34> <FuncUnit> <Opcode : 'fadd' 'fsub'> <InPorts = 2> <OutPorts = 1>
ST_10 : Operation 214 [5/7] (2.34ns)   --->   "%tmp1_1_1 = fadd i32 %arg0_rowArr_1_0, i32 %arg0_rowArr_1_0_2" [/home/x_thileeb/repos/ops-hls-batching-new/codegen_apps/batching/poisson2d/u280_loopback_project/hls/device/include/PE_poisson_kernel_stencil.hpp:44]   --->   Operation 214 'fadd' 'tmp1_1_1' <Predicate = true> <Delay = 2.34> <CoreInst = "FAddSub_fulldsp">   --->   Core 18 'FAddSub_fulldsp' <Latency = 6> <II = 1> <Delay = 2.34> <FuncUnit> <Opcode : 'fadd' 'fsub'> <InPorts = 2> <OutPorts = 1>
ST_10 : Operation 215 [5/7] (2.34ns)   --->   "%tmp1_2_1 = fadd i32 %arg0_rowArr_2_0_1, i32 %arg0_rowArr_0_0_1" [/home/x_thileeb/repos/ops-hls-batching-new/codegen_apps/batching/poisson2d/u280_loopback_project/hls/device/include/PE_poisson_kernel_stencil.hpp:45]   --->   Operation 215 'fadd' 'tmp1_2_1' <Predicate = true> <Delay = 2.34> <CoreInst = "FAddSub_fulldsp">   --->   Core 18 'FAddSub_fulldsp' <Latency = 6> <II = 1> <Delay = 2.34> <FuncUnit> <Opcode : 'fadd' 'fsub'> <InPorts = 2> <OutPorts = 1>
ST_10 : Operation 216 [5/7] (2.34ns)   --->   "%tmp1_1_2 = fadd i32 %arg0_rowArr_1_0_1, i32 %arg0_rowArr_1_0_3" [/home/x_thileeb/repos/ops-hls-batching-new/codegen_apps/batching/poisson2d/u280_loopback_project/hls/device/include/PE_poisson_kernel_stencil.hpp:44]   --->   Operation 216 'fadd' 'tmp1_1_2' <Predicate = true> <Delay = 2.34> <CoreInst = "FAddSub_fulldsp">   --->   Core 18 'FAddSub_fulldsp' <Latency = 6> <II = 1> <Delay = 2.34> <FuncUnit> <Opcode : 'fadd' 'fsub'> <InPorts = 2> <OutPorts = 1>
ST_10 : Operation 217 [5/7] (2.34ns)   --->   "%tmp1_2_2 = fadd i32 %arg0_rowArr_2_0_2, i32 %arg0_rowArr_0_0_2" [/home/x_thileeb/repos/ops-hls-batching-new/codegen_apps/batching/poisson2d/u280_loopback_project/hls/device/include/PE_poisson_kernel_stencil.hpp:45]   --->   Operation 217 'fadd' 'tmp1_2_2' <Predicate = true> <Delay = 2.34> <CoreInst = "FAddSub_fulldsp">   --->   Core 18 'FAddSub_fulldsp' <Latency = 6> <II = 1> <Delay = 2.34> <FuncUnit> <Opcode : 'fadd' 'fsub'> <InPorts = 2> <OutPorts = 1>
ST_10 : Operation 218 [5/7] (2.34ns)   --->   "%tmp1_1_3 = fadd i32 %arg0_rowArr_1_0_2, i32 %arg0_rowArr_1_0_4" [/home/x_thileeb/repos/ops-hls-batching-new/codegen_apps/batching/poisson2d/u280_loopback_project/hls/device/include/PE_poisson_kernel_stencil.hpp:44]   --->   Operation 218 'fadd' 'tmp1_1_3' <Predicate = true> <Delay = 2.34> <CoreInst = "FAddSub_fulldsp">   --->   Core 18 'FAddSub_fulldsp' <Latency = 6> <II = 1> <Delay = 2.34> <FuncUnit> <Opcode : 'fadd' 'fsub'> <InPorts = 2> <OutPorts = 1>
ST_10 : Operation 219 [5/7] (2.34ns)   --->   "%tmp1_2_3 = fadd i32 %arg0_rowArr_2_0_3, i32 %arg0_rowArr_0_0_3" [/home/x_thileeb/repos/ops-hls-batching-new/codegen_apps/batching/poisson2d/u280_loopback_project/hls/device/include/PE_poisson_kernel_stencil.hpp:45]   --->   Operation 219 'fadd' 'tmp1_2_3' <Predicate = true> <Delay = 2.34> <CoreInst = "FAddSub_fulldsp">   --->   Core 18 'FAddSub_fulldsp' <Latency = 6> <II = 1> <Delay = 2.34> <FuncUnit> <Opcode : 'fadd' 'fsub'> <InPorts = 2> <OutPorts = 1>
ST_10 : Operation 220 [5/7] (2.34ns)   --->   "%tmp1_1_4 = fadd i32 %arg0_rowArr_1_0_3, i32 %arg0_rowArr_1_0_5" [/home/x_thileeb/repos/ops-hls-batching-new/codegen_apps/batching/poisson2d/u280_loopback_project/hls/device/include/PE_poisson_kernel_stencil.hpp:44]   --->   Operation 220 'fadd' 'tmp1_1_4' <Predicate = true> <Delay = 2.34> <CoreInst = "FAddSub_fulldsp">   --->   Core 18 'FAddSub_fulldsp' <Latency = 6> <II = 1> <Delay = 2.34> <FuncUnit> <Opcode : 'fadd' 'fsub'> <InPorts = 2> <OutPorts = 1>
ST_10 : Operation 221 [5/7] (2.34ns)   --->   "%tmp1_2_4 = fadd i32 %arg0_rowArr_2_0_4, i32 %arg0_rowArr_0_0_4" [/home/x_thileeb/repos/ops-hls-batching-new/codegen_apps/batching/poisson2d/u280_loopback_project/hls/device/include/PE_poisson_kernel_stencil.hpp:45]   --->   Operation 221 'fadd' 'tmp1_2_4' <Predicate = true> <Delay = 2.34> <CoreInst = "FAddSub_fulldsp">   --->   Core 18 'FAddSub_fulldsp' <Latency = 6> <II = 1> <Delay = 2.34> <FuncUnit> <Opcode : 'fadd' 'fsub'> <InPorts = 2> <OutPorts = 1>
ST_10 : Operation 222 [5/7] (2.34ns)   --->   "%tmp1_1_5 = fadd i32 %arg0_rowArr_1_0_4, i32 %arg0_rowArr_1_0_6" [/home/x_thileeb/repos/ops-hls-batching-new/codegen_apps/batching/poisson2d/u280_loopback_project/hls/device/include/PE_poisson_kernel_stencil.hpp:44]   --->   Operation 222 'fadd' 'tmp1_1_5' <Predicate = true> <Delay = 2.34> <CoreInst = "FAddSub_fulldsp">   --->   Core 18 'FAddSub_fulldsp' <Latency = 6> <II = 1> <Delay = 2.34> <FuncUnit> <Opcode : 'fadd' 'fsub'> <InPorts = 2> <OutPorts = 1>
ST_10 : Operation 223 [5/7] (2.34ns)   --->   "%tmp1_2_5 = fadd i32 %arg0_rowArr_2_0_5, i32 %arg0_rowArr_0_0_5" [/home/x_thileeb/repos/ops-hls-batching-new/codegen_apps/batching/poisson2d/u280_loopback_project/hls/device/include/PE_poisson_kernel_stencil.hpp:45]   --->   Operation 223 'fadd' 'tmp1_2_5' <Predicate = true> <Delay = 2.34> <CoreInst = "FAddSub_fulldsp">   --->   Core 18 'FAddSub_fulldsp' <Latency = 6> <II = 1> <Delay = 2.34> <FuncUnit> <Opcode : 'fadd' 'fsub'> <InPorts = 2> <OutPorts = 1>
ST_10 : Operation 224 [5/7] (2.34ns)   --->   "%tmp1_1_6 = fadd i32 %arg0_rowArr_1_0_5, i32 %arg0_rowArr_1_0_7" [/home/x_thileeb/repos/ops-hls-batching-new/codegen_apps/batching/poisson2d/u280_loopback_project/hls/device/include/PE_poisson_kernel_stencil.hpp:44]   --->   Operation 224 'fadd' 'tmp1_1_6' <Predicate = true> <Delay = 2.34> <CoreInst = "FAddSub_fulldsp">   --->   Core 18 'FAddSub_fulldsp' <Latency = 6> <II = 1> <Delay = 2.34> <FuncUnit> <Opcode : 'fadd' 'fsub'> <InPorts = 2> <OutPorts = 1>
ST_10 : Operation 225 [5/7] (2.34ns)   --->   "%tmp1_2_6 = fadd i32 %arg0_rowArr_2_0_6, i32 %arg0_rowArr_0_0_6" [/home/x_thileeb/repos/ops-hls-batching-new/codegen_apps/batching/poisson2d/u280_loopback_project/hls/device/include/PE_poisson_kernel_stencil.hpp:45]   --->   Operation 225 'fadd' 'tmp1_2_6' <Predicate = true> <Delay = 2.34> <CoreInst = "FAddSub_fulldsp">   --->   Core 18 'FAddSub_fulldsp' <Latency = 6> <II = 1> <Delay = 2.34> <FuncUnit> <Opcode : 'fadd' 'fsub'> <InPorts = 2> <OutPorts = 1>
ST_10 : Operation 226 [5/7] (2.34ns)   --->   "%tmp1_1_7 = fadd i32 %arg0_rowArr_1_0_6, i32 %arg0_rowArr_1_0_9" [/home/x_thileeb/repos/ops-hls-batching-new/codegen_apps/batching/poisson2d/u280_loopback_project/hls/device/include/PE_poisson_kernel_stencil.hpp:44]   --->   Operation 226 'fadd' 'tmp1_1_7' <Predicate = true> <Delay = 2.34> <CoreInst = "FAddSub_fulldsp">   --->   Core 18 'FAddSub_fulldsp' <Latency = 6> <II = 1> <Delay = 2.34> <FuncUnit> <Opcode : 'fadd' 'fsub'> <InPorts = 2> <OutPorts = 1>
ST_10 : Operation 227 [5/7] (2.34ns)   --->   "%tmp1_2_7 = fadd i32 %arg0_rowArr_2_0_7, i32 %arg0_rowArr_0_0_7" [/home/x_thileeb/repos/ops-hls-batching-new/codegen_apps/batching/poisson2d/u280_loopback_project/hls/device/include/PE_poisson_kernel_stencil.hpp:45]   --->   Operation 227 'fadd' 'tmp1_2_7' <Predicate = true> <Delay = 2.34> <CoreInst = "FAddSub_fulldsp">   --->   Core 18 'FAddSub_fulldsp' <Latency = 6> <II = 1> <Delay = 2.34> <FuncUnit> <Opcode : 'fadd' 'fsub'> <InPorts = 2> <OutPorts = 1>

State 11 <SV = 10> <Delay = 2.34>
ST_11 : Operation 228 [4/7] (2.34ns)   --->   "%tmp1_1 = fadd i32 %arg0_rowArr_1_0_8, i32 %arg0_rowArr_1_0_1" [/home/x_thileeb/repos/ops-hls-batching-new/codegen_apps/batching/poisson2d/u280_loopback_project/hls/device/include/PE_poisson_kernel_stencil.hpp:44]   --->   Operation 228 'fadd' 'tmp1_1' <Predicate = true> <Delay = 2.34> <CoreInst = "FAddSub_fulldsp">   --->   Core 18 'FAddSub_fulldsp' <Latency = 6> <II = 1> <Delay = 2.34> <FuncUnit> <Opcode : 'fadd' 'fsub'> <InPorts = 2> <OutPorts = 1>
ST_11 : Operation 229 [4/7] (2.34ns)   --->   "%tmp1_2 = fadd i32 %arg0_rowArr_2_0, i32 %arg0_rowArr_0_0" [/home/x_thileeb/repos/ops-hls-batching-new/codegen_apps/batching/poisson2d/u280_loopback_project/hls/device/include/PE_poisson_kernel_stencil.hpp:45]   --->   Operation 229 'fadd' 'tmp1_2' <Predicate = true> <Delay = 2.34> <CoreInst = "FAddSub_fulldsp">   --->   Core 18 'FAddSub_fulldsp' <Latency = 6> <II = 1> <Delay = 2.34> <FuncUnit> <Opcode : 'fadd' 'fsub'> <InPorts = 2> <OutPorts = 1>
ST_11 : Operation 230 [4/7] (2.34ns)   --->   "%tmp1_1_1 = fadd i32 %arg0_rowArr_1_0, i32 %arg0_rowArr_1_0_2" [/home/x_thileeb/repos/ops-hls-batching-new/codegen_apps/batching/poisson2d/u280_loopback_project/hls/device/include/PE_poisson_kernel_stencil.hpp:44]   --->   Operation 230 'fadd' 'tmp1_1_1' <Predicate = true> <Delay = 2.34> <CoreInst = "FAddSub_fulldsp">   --->   Core 18 'FAddSub_fulldsp' <Latency = 6> <II = 1> <Delay = 2.34> <FuncUnit> <Opcode : 'fadd' 'fsub'> <InPorts = 2> <OutPorts = 1>
ST_11 : Operation 231 [4/7] (2.34ns)   --->   "%tmp1_2_1 = fadd i32 %arg0_rowArr_2_0_1, i32 %arg0_rowArr_0_0_1" [/home/x_thileeb/repos/ops-hls-batching-new/codegen_apps/batching/poisson2d/u280_loopback_project/hls/device/include/PE_poisson_kernel_stencil.hpp:45]   --->   Operation 231 'fadd' 'tmp1_2_1' <Predicate = true> <Delay = 2.34> <CoreInst = "FAddSub_fulldsp">   --->   Core 18 'FAddSub_fulldsp' <Latency = 6> <II = 1> <Delay = 2.34> <FuncUnit> <Opcode : 'fadd' 'fsub'> <InPorts = 2> <OutPorts = 1>
ST_11 : Operation 232 [4/7] (2.34ns)   --->   "%tmp1_1_2 = fadd i32 %arg0_rowArr_1_0_1, i32 %arg0_rowArr_1_0_3" [/home/x_thileeb/repos/ops-hls-batching-new/codegen_apps/batching/poisson2d/u280_loopback_project/hls/device/include/PE_poisson_kernel_stencil.hpp:44]   --->   Operation 232 'fadd' 'tmp1_1_2' <Predicate = true> <Delay = 2.34> <CoreInst = "FAddSub_fulldsp">   --->   Core 18 'FAddSub_fulldsp' <Latency = 6> <II = 1> <Delay = 2.34> <FuncUnit> <Opcode : 'fadd' 'fsub'> <InPorts = 2> <OutPorts = 1>
ST_11 : Operation 233 [4/7] (2.34ns)   --->   "%tmp1_2_2 = fadd i32 %arg0_rowArr_2_0_2, i32 %arg0_rowArr_0_0_2" [/home/x_thileeb/repos/ops-hls-batching-new/codegen_apps/batching/poisson2d/u280_loopback_project/hls/device/include/PE_poisson_kernel_stencil.hpp:45]   --->   Operation 233 'fadd' 'tmp1_2_2' <Predicate = true> <Delay = 2.34> <CoreInst = "FAddSub_fulldsp">   --->   Core 18 'FAddSub_fulldsp' <Latency = 6> <II = 1> <Delay = 2.34> <FuncUnit> <Opcode : 'fadd' 'fsub'> <InPorts = 2> <OutPorts = 1>
ST_11 : Operation 234 [4/7] (2.34ns)   --->   "%tmp1_1_3 = fadd i32 %arg0_rowArr_1_0_2, i32 %arg0_rowArr_1_0_4" [/home/x_thileeb/repos/ops-hls-batching-new/codegen_apps/batching/poisson2d/u280_loopback_project/hls/device/include/PE_poisson_kernel_stencil.hpp:44]   --->   Operation 234 'fadd' 'tmp1_1_3' <Predicate = true> <Delay = 2.34> <CoreInst = "FAddSub_fulldsp">   --->   Core 18 'FAddSub_fulldsp' <Latency = 6> <II = 1> <Delay = 2.34> <FuncUnit> <Opcode : 'fadd' 'fsub'> <InPorts = 2> <OutPorts = 1>
ST_11 : Operation 235 [4/7] (2.34ns)   --->   "%tmp1_2_3 = fadd i32 %arg0_rowArr_2_0_3, i32 %arg0_rowArr_0_0_3" [/home/x_thileeb/repos/ops-hls-batching-new/codegen_apps/batching/poisson2d/u280_loopback_project/hls/device/include/PE_poisson_kernel_stencil.hpp:45]   --->   Operation 235 'fadd' 'tmp1_2_3' <Predicate = true> <Delay = 2.34> <CoreInst = "FAddSub_fulldsp">   --->   Core 18 'FAddSub_fulldsp' <Latency = 6> <II = 1> <Delay = 2.34> <FuncUnit> <Opcode : 'fadd' 'fsub'> <InPorts = 2> <OutPorts = 1>
ST_11 : Operation 236 [4/7] (2.34ns)   --->   "%tmp1_1_4 = fadd i32 %arg0_rowArr_1_0_3, i32 %arg0_rowArr_1_0_5" [/home/x_thileeb/repos/ops-hls-batching-new/codegen_apps/batching/poisson2d/u280_loopback_project/hls/device/include/PE_poisson_kernel_stencil.hpp:44]   --->   Operation 236 'fadd' 'tmp1_1_4' <Predicate = true> <Delay = 2.34> <CoreInst = "FAddSub_fulldsp">   --->   Core 18 'FAddSub_fulldsp' <Latency = 6> <II = 1> <Delay = 2.34> <FuncUnit> <Opcode : 'fadd' 'fsub'> <InPorts = 2> <OutPorts = 1>
ST_11 : Operation 237 [4/7] (2.34ns)   --->   "%tmp1_2_4 = fadd i32 %arg0_rowArr_2_0_4, i32 %arg0_rowArr_0_0_4" [/home/x_thileeb/repos/ops-hls-batching-new/codegen_apps/batching/poisson2d/u280_loopback_project/hls/device/include/PE_poisson_kernel_stencil.hpp:45]   --->   Operation 237 'fadd' 'tmp1_2_4' <Predicate = true> <Delay = 2.34> <CoreInst = "FAddSub_fulldsp">   --->   Core 18 'FAddSub_fulldsp' <Latency = 6> <II = 1> <Delay = 2.34> <FuncUnit> <Opcode : 'fadd' 'fsub'> <InPorts = 2> <OutPorts = 1>
ST_11 : Operation 238 [4/7] (2.34ns)   --->   "%tmp1_1_5 = fadd i32 %arg0_rowArr_1_0_4, i32 %arg0_rowArr_1_0_6" [/home/x_thileeb/repos/ops-hls-batching-new/codegen_apps/batching/poisson2d/u280_loopback_project/hls/device/include/PE_poisson_kernel_stencil.hpp:44]   --->   Operation 238 'fadd' 'tmp1_1_5' <Predicate = true> <Delay = 2.34> <CoreInst = "FAddSub_fulldsp">   --->   Core 18 'FAddSub_fulldsp' <Latency = 6> <II = 1> <Delay = 2.34> <FuncUnit> <Opcode : 'fadd' 'fsub'> <InPorts = 2> <OutPorts = 1>
ST_11 : Operation 239 [4/7] (2.34ns)   --->   "%tmp1_2_5 = fadd i32 %arg0_rowArr_2_0_5, i32 %arg0_rowArr_0_0_5" [/home/x_thileeb/repos/ops-hls-batching-new/codegen_apps/batching/poisson2d/u280_loopback_project/hls/device/include/PE_poisson_kernel_stencil.hpp:45]   --->   Operation 239 'fadd' 'tmp1_2_5' <Predicate = true> <Delay = 2.34> <CoreInst = "FAddSub_fulldsp">   --->   Core 18 'FAddSub_fulldsp' <Latency = 6> <II = 1> <Delay = 2.34> <FuncUnit> <Opcode : 'fadd' 'fsub'> <InPorts = 2> <OutPorts = 1>
ST_11 : Operation 240 [4/7] (2.34ns)   --->   "%tmp1_1_6 = fadd i32 %arg0_rowArr_1_0_5, i32 %arg0_rowArr_1_0_7" [/home/x_thileeb/repos/ops-hls-batching-new/codegen_apps/batching/poisson2d/u280_loopback_project/hls/device/include/PE_poisson_kernel_stencil.hpp:44]   --->   Operation 240 'fadd' 'tmp1_1_6' <Predicate = true> <Delay = 2.34> <CoreInst = "FAddSub_fulldsp">   --->   Core 18 'FAddSub_fulldsp' <Latency = 6> <II = 1> <Delay = 2.34> <FuncUnit> <Opcode : 'fadd' 'fsub'> <InPorts = 2> <OutPorts = 1>
ST_11 : Operation 241 [4/7] (2.34ns)   --->   "%tmp1_2_6 = fadd i32 %arg0_rowArr_2_0_6, i32 %arg0_rowArr_0_0_6" [/home/x_thileeb/repos/ops-hls-batching-new/codegen_apps/batching/poisson2d/u280_loopback_project/hls/device/include/PE_poisson_kernel_stencil.hpp:45]   --->   Operation 241 'fadd' 'tmp1_2_6' <Predicate = true> <Delay = 2.34> <CoreInst = "FAddSub_fulldsp">   --->   Core 18 'FAddSub_fulldsp' <Latency = 6> <II = 1> <Delay = 2.34> <FuncUnit> <Opcode : 'fadd' 'fsub'> <InPorts = 2> <OutPorts = 1>
ST_11 : Operation 242 [4/7] (2.34ns)   --->   "%tmp1_1_7 = fadd i32 %arg0_rowArr_1_0_6, i32 %arg0_rowArr_1_0_9" [/home/x_thileeb/repos/ops-hls-batching-new/codegen_apps/batching/poisson2d/u280_loopback_project/hls/device/include/PE_poisson_kernel_stencil.hpp:44]   --->   Operation 242 'fadd' 'tmp1_1_7' <Predicate = true> <Delay = 2.34> <CoreInst = "FAddSub_fulldsp">   --->   Core 18 'FAddSub_fulldsp' <Latency = 6> <II = 1> <Delay = 2.34> <FuncUnit> <Opcode : 'fadd' 'fsub'> <InPorts = 2> <OutPorts = 1>
ST_11 : Operation 243 [4/7] (2.34ns)   --->   "%tmp1_2_7 = fadd i32 %arg0_rowArr_2_0_7, i32 %arg0_rowArr_0_0_7" [/home/x_thileeb/repos/ops-hls-batching-new/codegen_apps/batching/poisson2d/u280_loopback_project/hls/device/include/PE_poisson_kernel_stencil.hpp:45]   --->   Operation 243 'fadd' 'tmp1_2_7' <Predicate = true> <Delay = 2.34> <CoreInst = "FAddSub_fulldsp">   --->   Core 18 'FAddSub_fulldsp' <Latency = 6> <II = 1> <Delay = 2.34> <FuncUnit> <Opcode : 'fadd' 'fsub'> <InPorts = 2> <OutPorts = 1>

State 12 <SV = 11> <Delay = 2.34>
ST_12 : Operation 244 [3/7] (2.34ns)   --->   "%tmp1_1 = fadd i32 %arg0_rowArr_1_0_8, i32 %arg0_rowArr_1_0_1" [/home/x_thileeb/repos/ops-hls-batching-new/codegen_apps/batching/poisson2d/u280_loopback_project/hls/device/include/PE_poisson_kernel_stencil.hpp:44]   --->   Operation 244 'fadd' 'tmp1_1' <Predicate = true> <Delay = 2.34> <CoreInst = "FAddSub_fulldsp">   --->   Core 18 'FAddSub_fulldsp' <Latency = 6> <II = 1> <Delay = 2.34> <FuncUnit> <Opcode : 'fadd' 'fsub'> <InPorts = 2> <OutPorts = 1>
ST_12 : Operation 245 [3/7] (2.34ns)   --->   "%tmp1_2 = fadd i32 %arg0_rowArr_2_0, i32 %arg0_rowArr_0_0" [/home/x_thileeb/repos/ops-hls-batching-new/codegen_apps/batching/poisson2d/u280_loopback_project/hls/device/include/PE_poisson_kernel_stencil.hpp:45]   --->   Operation 245 'fadd' 'tmp1_2' <Predicate = true> <Delay = 2.34> <CoreInst = "FAddSub_fulldsp">   --->   Core 18 'FAddSub_fulldsp' <Latency = 6> <II = 1> <Delay = 2.34> <FuncUnit> <Opcode : 'fadd' 'fsub'> <InPorts = 2> <OutPorts = 1>
ST_12 : Operation 246 [3/7] (2.34ns)   --->   "%tmp1_1_1 = fadd i32 %arg0_rowArr_1_0, i32 %arg0_rowArr_1_0_2" [/home/x_thileeb/repos/ops-hls-batching-new/codegen_apps/batching/poisson2d/u280_loopback_project/hls/device/include/PE_poisson_kernel_stencil.hpp:44]   --->   Operation 246 'fadd' 'tmp1_1_1' <Predicate = true> <Delay = 2.34> <CoreInst = "FAddSub_fulldsp">   --->   Core 18 'FAddSub_fulldsp' <Latency = 6> <II = 1> <Delay = 2.34> <FuncUnit> <Opcode : 'fadd' 'fsub'> <InPorts = 2> <OutPorts = 1>
ST_12 : Operation 247 [3/7] (2.34ns)   --->   "%tmp1_2_1 = fadd i32 %arg0_rowArr_2_0_1, i32 %arg0_rowArr_0_0_1" [/home/x_thileeb/repos/ops-hls-batching-new/codegen_apps/batching/poisson2d/u280_loopback_project/hls/device/include/PE_poisson_kernel_stencil.hpp:45]   --->   Operation 247 'fadd' 'tmp1_2_1' <Predicate = true> <Delay = 2.34> <CoreInst = "FAddSub_fulldsp">   --->   Core 18 'FAddSub_fulldsp' <Latency = 6> <II = 1> <Delay = 2.34> <FuncUnit> <Opcode : 'fadd' 'fsub'> <InPorts = 2> <OutPorts = 1>
ST_12 : Operation 248 [3/7] (2.34ns)   --->   "%tmp1_1_2 = fadd i32 %arg0_rowArr_1_0_1, i32 %arg0_rowArr_1_0_3" [/home/x_thileeb/repos/ops-hls-batching-new/codegen_apps/batching/poisson2d/u280_loopback_project/hls/device/include/PE_poisson_kernel_stencil.hpp:44]   --->   Operation 248 'fadd' 'tmp1_1_2' <Predicate = true> <Delay = 2.34> <CoreInst = "FAddSub_fulldsp">   --->   Core 18 'FAddSub_fulldsp' <Latency = 6> <II = 1> <Delay = 2.34> <FuncUnit> <Opcode : 'fadd' 'fsub'> <InPorts = 2> <OutPorts = 1>
ST_12 : Operation 249 [3/7] (2.34ns)   --->   "%tmp1_2_2 = fadd i32 %arg0_rowArr_2_0_2, i32 %arg0_rowArr_0_0_2" [/home/x_thileeb/repos/ops-hls-batching-new/codegen_apps/batching/poisson2d/u280_loopback_project/hls/device/include/PE_poisson_kernel_stencil.hpp:45]   --->   Operation 249 'fadd' 'tmp1_2_2' <Predicate = true> <Delay = 2.34> <CoreInst = "FAddSub_fulldsp">   --->   Core 18 'FAddSub_fulldsp' <Latency = 6> <II = 1> <Delay = 2.34> <FuncUnit> <Opcode : 'fadd' 'fsub'> <InPorts = 2> <OutPorts = 1>
ST_12 : Operation 250 [3/7] (2.34ns)   --->   "%tmp1_1_3 = fadd i32 %arg0_rowArr_1_0_2, i32 %arg0_rowArr_1_0_4" [/home/x_thileeb/repos/ops-hls-batching-new/codegen_apps/batching/poisson2d/u280_loopback_project/hls/device/include/PE_poisson_kernel_stencil.hpp:44]   --->   Operation 250 'fadd' 'tmp1_1_3' <Predicate = true> <Delay = 2.34> <CoreInst = "FAddSub_fulldsp">   --->   Core 18 'FAddSub_fulldsp' <Latency = 6> <II = 1> <Delay = 2.34> <FuncUnit> <Opcode : 'fadd' 'fsub'> <InPorts = 2> <OutPorts = 1>
ST_12 : Operation 251 [3/7] (2.34ns)   --->   "%tmp1_2_3 = fadd i32 %arg0_rowArr_2_0_3, i32 %arg0_rowArr_0_0_3" [/home/x_thileeb/repos/ops-hls-batching-new/codegen_apps/batching/poisson2d/u280_loopback_project/hls/device/include/PE_poisson_kernel_stencil.hpp:45]   --->   Operation 251 'fadd' 'tmp1_2_3' <Predicate = true> <Delay = 2.34> <CoreInst = "FAddSub_fulldsp">   --->   Core 18 'FAddSub_fulldsp' <Latency = 6> <II = 1> <Delay = 2.34> <FuncUnit> <Opcode : 'fadd' 'fsub'> <InPorts = 2> <OutPorts = 1>
ST_12 : Operation 252 [3/7] (2.34ns)   --->   "%tmp1_1_4 = fadd i32 %arg0_rowArr_1_0_3, i32 %arg0_rowArr_1_0_5" [/home/x_thileeb/repos/ops-hls-batching-new/codegen_apps/batching/poisson2d/u280_loopback_project/hls/device/include/PE_poisson_kernel_stencil.hpp:44]   --->   Operation 252 'fadd' 'tmp1_1_4' <Predicate = true> <Delay = 2.34> <CoreInst = "FAddSub_fulldsp">   --->   Core 18 'FAddSub_fulldsp' <Latency = 6> <II = 1> <Delay = 2.34> <FuncUnit> <Opcode : 'fadd' 'fsub'> <InPorts = 2> <OutPorts = 1>
ST_12 : Operation 253 [3/7] (2.34ns)   --->   "%tmp1_2_4 = fadd i32 %arg0_rowArr_2_0_4, i32 %arg0_rowArr_0_0_4" [/home/x_thileeb/repos/ops-hls-batching-new/codegen_apps/batching/poisson2d/u280_loopback_project/hls/device/include/PE_poisson_kernel_stencil.hpp:45]   --->   Operation 253 'fadd' 'tmp1_2_4' <Predicate = true> <Delay = 2.34> <CoreInst = "FAddSub_fulldsp">   --->   Core 18 'FAddSub_fulldsp' <Latency = 6> <II = 1> <Delay = 2.34> <FuncUnit> <Opcode : 'fadd' 'fsub'> <InPorts = 2> <OutPorts = 1>
ST_12 : Operation 254 [3/7] (2.34ns)   --->   "%tmp1_1_5 = fadd i32 %arg0_rowArr_1_0_4, i32 %arg0_rowArr_1_0_6" [/home/x_thileeb/repos/ops-hls-batching-new/codegen_apps/batching/poisson2d/u280_loopback_project/hls/device/include/PE_poisson_kernel_stencil.hpp:44]   --->   Operation 254 'fadd' 'tmp1_1_5' <Predicate = true> <Delay = 2.34> <CoreInst = "FAddSub_fulldsp">   --->   Core 18 'FAddSub_fulldsp' <Latency = 6> <II = 1> <Delay = 2.34> <FuncUnit> <Opcode : 'fadd' 'fsub'> <InPorts = 2> <OutPorts = 1>
ST_12 : Operation 255 [3/7] (2.34ns)   --->   "%tmp1_2_5 = fadd i32 %arg0_rowArr_2_0_5, i32 %arg0_rowArr_0_0_5" [/home/x_thileeb/repos/ops-hls-batching-new/codegen_apps/batching/poisson2d/u280_loopback_project/hls/device/include/PE_poisson_kernel_stencil.hpp:45]   --->   Operation 255 'fadd' 'tmp1_2_5' <Predicate = true> <Delay = 2.34> <CoreInst = "FAddSub_fulldsp">   --->   Core 18 'FAddSub_fulldsp' <Latency = 6> <II = 1> <Delay = 2.34> <FuncUnit> <Opcode : 'fadd' 'fsub'> <InPorts = 2> <OutPorts = 1>
ST_12 : Operation 256 [3/7] (2.34ns)   --->   "%tmp1_1_6 = fadd i32 %arg0_rowArr_1_0_5, i32 %arg0_rowArr_1_0_7" [/home/x_thileeb/repos/ops-hls-batching-new/codegen_apps/batching/poisson2d/u280_loopback_project/hls/device/include/PE_poisson_kernel_stencil.hpp:44]   --->   Operation 256 'fadd' 'tmp1_1_6' <Predicate = true> <Delay = 2.34> <CoreInst = "FAddSub_fulldsp">   --->   Core 18 'FAddSub_fulldsp' <Latency = 6> <II = 1> <Delay = 2.34> <FuncUnit> <Opcode : 'fadd' 'fsub'> <InPorts = 2> <OutPorts = 1>
ST_12 : Operation 257 [3/7] (2.34ns)   --->   "%tmp1_2_6 = fadd i32 %arg0_rowArr_2_0_6, i32 %arg0_rowArr_0_0_6" [/home/x_thileeb/repos/ops-hls-batching-new/codegen_apps/batching/poisson2d/u280_loopback_project/hls/device/include/PE_poisson_kernel_stencil.hpp:45]   --->   Operation 257 'fadd' 'tmp1_2_6' <Predicate = true> <Delay = 2.34> <CoreInst = "FAddSub_fulldsp">   --->   Core 18 'FAddSub_fulldsp' <Latency = 6> <II = 1> <Delay = 2.34> <FuncUnit> <Opcode : 'fadd' 'fsub'> <InPorts = 2> <OutPorts = 1>
ST_12 : Operation 258 [3/7] (2.34ns)   --->   "%tmp1_1_7 = fadd i32 %arg0_rowArr_1_0_6, i32 %arg0_rowArr_1_0_9" [/home/x_thileeb/repos/ops-hls-batching-new/codegen_apps/batching/poisson2d/u280_loopback_project/hls/device/include/PE_poisson_kernel_stencil.hpp:44]   --->   Operation 258 'fadd' 'tmp1_1_7' <Predicate = true> <Delay = 2.34> <CoreInst = "FAddSub_fulldsp">   --->   Core 18 'FAddSub_fulldsp' <Latency = 6> <II = 1> <Delay = 2.34> <FuncUnit> <Opcode : 'fadd' 'fsub'> <InPorts = 2> <OutPorts = 1>
ST_12 : Operation 259 [3/7] (2.34ns)   --->   "%tmp1_2_7 = fadd i32 %arg0_rowArr_2_0_7, i32 %arg0_rowArr_0_0_7" [/home/x_thileeb/repos/ops-hls-batching-new/codegen_apps/batching/poisson2d/u280_loopback_project/hls/device/include/PE_poisson_kernel_stencil.hpp:45]   --->   Operation 259 'fadd' 'tmp1_2_7' <Predicate = true> <Delay = 2.34> <CoreInst = "FAddSub_fulldsp">   --->   Core 18 'FAddSub_fulldsp' <Latency = 6> <II = 1> <Delay = 2.34> <FuncUnit> <Opcode : 'fadd' 'fsub'> <InPorts = 2> <OutPorts = 1>

State 13 <SV = 12> <Delay = 2.34>
ST_13 : Operation 260 [2/7] (2.34ns)   --->   "%tmp1_1 = fadd i32 %arg0_rowArr_1_0_8, i32 %arg0_rowArr_1_0_1" [/home/x_thileeb/repos/ops-hls-batching-new/codegen_apps/batching/poisson2d/u280_loopback_project/hls/device/include/PE_poisson_kernel_stencil.hpp:44]   --->   Operation 260 'fadd' 'tmp1_1' <Predicate = true> <Delay = 2.34> <CoreInst = "FAddSub_fulldsp">   --->   Core 18 'FAddSub_fulldsp' <Latency = 6> <II = 1> <Delay = 2.34> <FuncUnit> <Opcode : 'fadd' 'fsub'> <InPorts = 2> <OutPorts = 1>
ST_13 : Operation 261 [2/7] (2.34ns)   --->   "%tmp1_2 = fadd i32 %arg0_rowArr_2_0, i32 %arg0_rowArr_0_0" [/home/x_thileeb/repos/ops-hls-batching-new/codegen_apps/batching/poisson2d/u280_loopback_project/hls/device/include/PE_poisson_kernel_stencil.hpp:45]   --->   Operation 261 'fadd' 'tmp1_2' <Predicate = true> <Delay = 2.34> <CoreInst = "FAddSub_fulldsp">   --->   Core 18 'FAddSub_fulldsp' <Latency = 6> <II = 1> <Delay = 2.34> <FuncUnit> <Opcode : 'fadd' 'fsub'> <InPorts = 2> <OutPorts = 1>
ST_13 : Operation 262 [2/7] (2.34ns)   --->   "%tmp1_1_1 = fadd i32 %arg0_rowArr_1_0, i32 %arg0_rowArr_1_0_2" [/home/x_thileeb/repos/ops-hls-batching-new/codegen_apps/batching/poisson2d/u280_loopback_project/hls/device/include/PE_poisson_kernel_stencil.hpp:44]   --->   Operation 262 'fadd' 'tmp1_1_1' <Predicate = true> <Delay = 2.34> <CoreInst = "FAddSub_fulldsp">   --->   Core 18 'FAddSub_fulldsp' <Latency = 6> <II = 1> <Delay = 2.34> <FuncUnit> <Opcode : 'fadd' 'fsub'> <InPorts = 2> <OutPorts = 1>
ST_13 : Operation 263 [2/7] (2.34ns)   --->   "%tmp1_2_1 = fadd i32 %arg0_rowArr_2_0_1, i32 %arg0_rowArr_0_0_1" [/home/x_thileeb/repos/ops-hls-batching-new/codegen_apps/batching/poisson2d/u280_loopback_project/hls/device/include/PE_poisson_kernel_stencil.hpp:45]   --->   Operation 263 'fadd' 'tmp1_2_1' <Predicate = true> <Delay = 2.34> <CoreInst = "FAddSub_fulldsp">   --->   Core 18 'FAddSub_fulldsp' <Latency = 6> <II = 1> <Delay = 2.34> <FuncUnit> <Opcode : 'fadd' 'fsub'> <InPorts = 2> <OutPorts = 1>
ST_13 : Operation 264 [2/7] (2.34ns)   --->   "%tmp1_1_2 = fadd i32 %arg0_rowArr_1_0_1, i32 %arg0_rowArr_1_0_3" [/home/x_thileeb/repos/ops-hls-batching-new/codegen_apps/batching/poisson2d/u280_loopback_project/hls/device/include/PE_poisson_kernel_stencil.hpp:44]   --->   Operation 264 'fadd' 'tmp1_1_2' <Predicate = true> <Delay = 2.34> <CoreInst = "FAddSub_fulldsp">   --->   Core 18 'FAddSub_fulldsp' <Latency = 6> <II = 1> <Delay = 2.34> <FuncUnit> <Opcode : 'fadd' 'fsub'> <InPorts = 2> <OutPorts = 1>
ST_13 : Operation 265 [2/7] (2.34ns)   --->   "%tmp1_2_2 = fadd i32 %arg0_rowArr_2_0_2, i32 %arg0_rowArr_0_0_2" [/home/x_thileeb/repos/ops-hls-batching-new/codegen_apps/batching/poisson2d/u280_loopback_project/hls/device/include/PE_poisson_kernel_stencil.hpp:45]   --->   Operation 265 'fadd' 'tmp1_2_2' <Predicate = true> <Delay = 2.34> <CoreInst = "FAddSub_fulldsp">   --->   Core 18 'FAddSub_fulldsp' <Latency = 6> <II = 1> <Delay = 2.34> <FuncUnit> <Opcode : 'fadd' 'fsub'> <InPorts = 2> <OutPorts = 1>
ST_13 : Operation 266 [2/7] (2.34ns)   --->   "%tmp1_1_3 = fadd i32 %arg0_rowArr_1_0_2, i32 %arg0_rowArr_1_0_4" [/home/x_thileeb/repos/ops-hls-batching-new/codegen_apps/batching/poisson2d/u280_loopback_project/hls/device/include/PE_poisson_kernel_stencil.hpp:44]   --->   Operation 266 'fadd' 'tmp1_1_3' <Predicate = true> <Delay = 2.34> <CoreInst = "FAddSub_fulldsp">   --->   Core 18 'FAddSub_fulldsp' <Latency = 6> <II = 1> <Delay = 2.34> <FuncUnit> <Opcode : 'fadd' 'fsub'> <InPorts = 2> <OutPorts = 1>
ST_13 : Operation 267 [2/7] (2.34ns)   --->   "%tmp1_2_3 = fadd i32 %arg0_rowArr_2_0_3, i32 %arg0_rowArr_0_0_3" [/home/x_thileeb/repos/ops-hls-batching-new/codegen_apps/batching/poisson2d/u280_loopback_project/hls/device/include/PE_poisson_kernel_stencil.hpp:45]   --->   Operation 267 'fadd' 'tmp1_2_3' <Predicate = true> <Delay = 2.34> <CoreInst = "FAddSub_fulldsp">   --->   Core 18 'FAddSub_fulldsp' <Latency = 6> <II = 1> <Delay = 2.34> <FuncUnit> <Opcode : 'fadd' 'fsub'> <InPorts = 2> <OutPorts = 1>
ST_13 : Operation 268 [2/7] (2.34ns)   --->   "%tmp1_1_4 = fadd i32 %arg0_rowArr_1_0_3, i32 %arg0_rowArr_1_0_5" [/home/x_thileeb/repos/ops-hls-batching-new/codegen_apps/batching/poisson2d/u280_loopback_project/hls/device/include/PE_poisson_kernel_stencil.hpp:44]   --->   Operation 268 'fadd' 'tmp1_1_4' <Predicate = true> <Delay = 2.34> <CoreInst = "FAddSub_fulldsp">   --->   Core 18 'FAddSub_fulldsp' <Latency = 6> <II = 1> <Delay = 2.34> <FuncUnit> <Opcode : 'fadd' 'fsub'> <InPorts = 2> <OutPorts = 1>
ST_13 : Operation 269 [2/7] (2.34ns)   --->   "%tmp1_2_4 = fadd i32 %arg0_rowArr_2_0_4, i32 %arg0_rowArr_0_0_4" [/home/x_thileeb/repos/ops-hls-batching-new/codegen_apps/batching/poisson2d/u280_loopback_project/hls/device/include/PE_poisson_kernel_stencil.hpp:45]   --->   Operation 269 'fadd' 'tmp1_2_4' <Predicate = true> <Delay = 2.34> <CoreInst = "FAddSub_fulldsp">   --->   Core 18 'FAddSub_fulldsp' <Latency = 6> <II = 1> <Delay = 2.34> <FuncUnit> <Opcode : 'fadd' 'fsub'> <InPorts = 2> <OutPorts = 1>
ST_13 : Operation 270 [2/7] (2.34ns)   --->   "%tmp1_1_5 = fadd i32 %arg0_rowArr_1_0_4, i32 %arg0_rowArr_1_0_6" [/home/x_thileeb/repos/ops-hls-batching-new/codegen_apps/batching/poisson2d/u280_loopback_project/hls/device/include/PE_poisson_kernel_stencil.hpp:44]   --->   Operation 270 'fadd' 'tmp1_1_5' <Predicate = true> <Delay = 2.34> <CoreInst = "FAddSub_fulldsp">   --->   Core 18 'FAddSub_fulldsp' <Latency = 6> <II = 1> <Delay = 2.34> <FuncUnit> <Opcode : 'fadd' 'fsub'> <InPorts = 2> <OutPorts = 1>
ST_13 : Operation 271 [2/7] (2.34ns)   --->   "%tmp1_2_5 = fadd i32 %arg0_rowArr_2_0_5, i32 %arg0_rowArr_0_0_5" [/home/x_thileeb/repos/ops-hls-batching-new/codegen_apps/batching/poisson2d/u280_loopback_project/hls/device/include/PE_poisson_kernel_stencil.hpp:45]   --->   Operation 271 'fadd' 'tmp1_2_5' <Predicate = true> <Delay = 2.34> <CoreInst = "FAddSub_fulldsp">   --->   Core 18 'FAddSub_fulldsp' <Latency = 6> <II = 1> <Delay = 2.34> <FuncUnit> <Opcode : 'fadd' 'fsub'> <InPorts = 2> <OutPorts = 1>
ST_13 : Operation 272 [2/7] (2.34ns)   --->   "%tmp1_1_6 = fadd i32 %arg0_rowArr_1_0_5, i32 %arg0_rowArr_1_0_7" [/home/x_thileeb/repos/ops-hls-batching-new/codegen_apps/batching/poisson2d/u280_loopback_project/hls/device/include/PE_poisson_kernel_stencil.hpp:44]   --->   Operation 272 'fadd' 'tmp1_1_6' <Predicate = true> <Delay = 2.34> <CoreInst = "FAddSub_fulldsp">   --->   Core 18 'FAddSub_fulldsp' <Latency = 6> <II = 1> <Delay = 2.34> <FuncUnit> <Opcode : 'fadd' 'fsub'> <InPorts = 2> <OutPorts = 1>
ST_13 : Operation 273 [2/7] (2.34ns)   --->   "%tmp1_2_6 = fadd i32 %arg0_rowArr_2_0_6, i32 %arg0_rowArr_0_0_6" [/home/x_thileeb/repos/ops-hls-batching-new/codegen_apps/batching/poisson2d/u280_loopback_project/hls/device/include/PE_poisson_kernel_stencil.hpp:45]   --->   Operation 273 'fadd' 'tmp1_2_6' <Predicate = true> <Delay = 2.34> <CoreInst = "FAddSub_fulldsp">   --->   Core 18 'FAddSub_fulldsp' <Latency = 6> <II = 1> <Delay = 2.34> <FuncUnit> <Opcode : 'fadd' 'fsub'> <InPorts = 2> <OutPorts = 1>
ST_13 : Operation 274 [2/7] (2.34ns)   --->   "%tmp1_1_7 = fadd i32 %arg0_rowArr_1_0_6, i32 %arg0_rowArr_1_0_9" [/home/x_thileeb/repos/ops-hls-batching-new/codegen_apps/batching/poisson2d/u280_loopback_project/hls/device/include/PE_poisson_kernel_stencil.hpp:44]   --->   Operation 274 'fadd' 'tmp1_1_7' <Predicate = true> <Delay = 2.34> <CoreInst = "FAddSub_fulldsp">   --->   Core 18 'FAddSub_fulldsp' <Latency = 6> <II = 1> <Delay = 2.34> <FuncUnit> <Opcode : 'fadd' 'fsub'> <InPorts = 2> <OutPorts = 1>
ST_13 : Operation 275 [2/7] (2.34ns)   --->   "%tmp1_2_7 = fadd i32 %arg0_rowArr_2_0_7, i32 %arg0_rowArr_0_0_7" [/home/x_thileeb/repos/ops-hls-batching-new/codegen_apps/batching/poisson2d/u280_loopback_project/hls/device/include/PE_poisson_kernel_stencil.hpp:45]   --->   Operation 275 'fadd' 'tmp1_2_7' <Predicate = true> <Delay = 2.34> <CoreInst = "FAddSub_fulldsp">   --->   Core 18 'FAddSub_fulldsp' <Latency = 6> <II = 1> <Delay = 2.34> <FuncUnit> <Opcode : 'fadd' 'fsub'> <InPorts = 2> <OutPorts = 1>

State 14 <SV = 13> <Delay = 2.34>
ST_14 : Operation 276 [1/7] (2.34ns)   --->   "%tmp1_1 = fadd i32 %arg0_rowArr_1_0_8, i32 %arg0_rowArr_1_0_1" [/home/x_thileeb/repos/ops-hls-batching-new/codegen_apps/batching/poisson2d/u280_loopback_project/hls/device/include/PE_poisson_kernel_stencil.hpp:44]   --->   Operation 276 'fadd' 'tmp1_1' <Predicate = true> <Delay = 2.34> <CoreInst = "FAddSub_fulldsp">   --->   Core 18 'FAddSub_fulldsp' <Latency = 6> <II = 1> <Delay = 2.34> <FuncUnit> <Opcode : 'fadd' 'fsub'> <InPorts = 2> <OutPorts = 1>
ST_14 : Operation 277 [1/7] (2.34ns)   --->   "%tmp1_2 = fadd i32 %arg0_rowArr_2_0, i32 %arg0_rowArr_0_0" [/home/x_thileeb/repos/ops-hls-batching-new/codegen_apps/batching/poisson2d/u280_loopback_project/hls/device/include/PE_poisson_kernel_stencil.hpp:45]   --->   Operation 277 'fadd' 'tmp1_2' <Predicate = true> <Delay = 2.34> <CoreInst = "FAddSub_fulldsp">   --->   Core 18 'FAddSub_fulldsp' <Latency = 6> <II = 1> <Delay = 2.34> <FuncUnit> <Opcode : 'fadd' 'fsub'> <InPorts = 2> <OutPorts = 1>
ST_14 : Operation 278 [1/7] (2.34ns)   --->   "%tmp1_1_1 = fadd i32 %arg0_rowArr_1_0, i32 %arg0_rowArr_1_0_2" [/home/x_thileeb/repos/ops-hls-batching-new/codegen_apps/batching/poisson2d/u280_loopback_project/hls/device/include/PE_poisson_kernel_stencil.hpp:44]   --->   Operation 278 'fadd' 'tmp1_1_1' <Predicate = true> <Delay = 2.34> <CoreInst = "FAddSub_fulldsp">   --->   Core 18 'FAddSub_fulldsp' <Latency = 6> <II = 1> <Delay = 2.34> <FuncUnit> <Opcode : 'fadd' 'fsub'> <InPorts = 2> <OutPorts = 1>
ST_14 : Operation 279 [1/7] (2.34ns)   --->   "%tmp1_2_1 = fadd i32 %arg0_rowArr_2_0_1, i32 %arg0_rowArr_0_0_1" [/home/x_thileeb/repos/ops-hls-batching-new/codegen_apps/batching/poisson2d/u280_loopback_project/hls/device/include/PE_poisson_kernel_stencil.hpp:45]   --->   Operation 279 'fadd' 'tmp1_2_1' <Predicate = true> <Delay = 2.34> <CoreInst = "FAddSub_fulldsp">   --->   Core 18 'FAddSub_fulldsp' <Latency = 6> <II = 1> <Delay = 2.34> <FuncUnit> <Opcode : 'fadd' 'fsub'> <InPorts = 2> <OutPorts = 1>
ST_14 : Operation 280 [1/7] (2.34ns)   --->   "%tmp1_1_2 = fadd i32 %arg0_rowArr_1_0_1, i32 %arg0_rowArr_1_0_3" [/home/x_thileeb/repos/ops-hls-batching-new/codegen_apps/batching/poisson2d/u280_loopback_project/hls/device/include/PE_poisson_kernel_stencil.hpp:44]   --->   Operation 280 'fadd' 'tmp1_1_2' <Predicate = true> <Delay = 2.34> <CoreInst = "FAddSub_fulldsp">   --->   Core 18 'FAddSub_fulldsp' <Latency = 6> <II = 1> <Delay = 2.34> <FuncUnit> <Opcode : 'fadd' 'fsub'> <InPorts = 2> <OutPorts = 1>
ST_14 : Operation 281 [1/7] (2.34ns)   --->   "%tmp1_2_2 = fadd i32 %arg0_rowArr_2_0_2, i32 %arg0_rowArr_0_0_2" [/home/x_thileeb/repos/ops-hls-batching-new/codegen_apps/batching/poisson2d/u280_loopback_project/hls/device/include/PE_poisson_kernel_stencil.hpp:45]   --->   Operation 281 'fadd' 'tmp1_2_2' <Predicate = true> <Delay = 2.34> <CoreInst = "FAddSub_fulldsp">   --->   Core 18 'FAddSub_fulldsp' <Latency = 6> <II = 1> <Delay = 2.34> <FuncUnit> <Opcode : 'fadd' 'fsub'> <InPorts = 2> <OutPorts = 1>
ST_14 : Operation 282 [1/7] (2.34ns)   --->   "%tmp1_1_3 = fadd i32 %arg0_rowArr_1_0_2, i32 %arg0_rowArr_1_0_4" [/home/x_thileeb/repos/ops-hls-batching-new/codegen_apps/batching/poisson2d/u280_loopback_project/hls/device/include/PE_poisson_kernel_stencil.hpp:44]   --->   Operation 282 'fadd' 'tmp1_1_3' <Predicate = true> <Delay = 2.34> <CoreInst = "FAddSub_fulldsp">   --->   Core 18 'FAddSub_fulldsp' <Latency = 6> <II = 1> <Delay = 2.34> <FuncUnit> <Opcode : 'fadd' 'fsub'> <InPorts = 2> <OutPorts = 1>
ST_14 : Operation 283 [1/7] (2.34ns)   --->   "%tmp1_2_3 = fadd i32 %arg0_rowArr_2_0_3, i32 %arg0_rowArr_0_0_3" [/home/x_thileeb/repos/ops-hls-batching-new/codegen_apps/batching/poisson2d/u280_loopback_project/hls/device/include/PE_poisson_kernel_stencil.hpp:45]   --->   Operation 283 'fadd' 'tmp1_2_3' <Predicate = true> <Delay = 2.34> <CoreInst = "FAddSub_fulldsp">   --->   Core 18 'FAddSub_fulldsp' <Latency = 6> <II = 1> <Delay = 2.34> <FuncUnit> <Opcode : 'fadd' 'fsub'> <InPorts = 2> <OutPorts = 1>
ST_14 : Operation 284 [1/7] (2.34ns)   --->   "%tmp1_1_4 = fadd i32 %arg0_rowArr_1_0_3, i32 %arg0_rowArr_1_0_5" [/home/x_thileeb/repos/ops-hls-batching-new/codegen_apps/batching/poisson2d/u280_loopback_project/hls/device/include/PE_poisson_kernel_stencil.hpp:44]   --->   Operation 284 'fadd' 'tmp1_1_4' <Predicate = true> <Delay = 2.34> <CoreInst = "FAddSub_fulldsp">   --->   Core 18 'FAddSub_fulldsp' <Latency = 6> <II = 1> <Delay = 2.34> <FuncUnit> <Opcode : 'fadd' 'fsub'> <InPorts = 2> <OutPorts = 1>
ST_14 : Operation 285 [1/7] (2.34ns)   --->   "%tmp1_2_4 = fadd i32 %arg0_rowArr_2_0_4, i32 %arg0_rowArr_0_0_4" [/home/x_thileeb/repos/ops-hls-batching-new/codegen_apps/batching/poisson2d/u280_loopback_project/hls/device/include/PE_poisson_kernel_stencil.hpp:45]   --->   Operation 285 'fadd' 'tmp1_2_4' <Predicate = true> <Delay = 2.34> <CoreInst = "FAddSub_fulldsp">   --->   Core 18 'FAddSub_fulldsp' <Latency = 6> <II = 1> <Delay = 2.34> <FuncUnit> <Opcode : 'fadd' 'fsub'> <InPorts = 2> <OutPorts = 1>
ST_14 : Operation 286 [1/7] (2.34ns)   --->   "%tmp1_1_5 = fadd i32 %arg0_rowArr_1_0_4, i32 %arg0_rowArr_1_0_6" [/home/x_thileeb/repos/ops-hls-batching-new/codegen_apps/batching/poisson2d/u280_loopback_project/hls/device/include/PE_poisson_kernel_stencil.hpp:44]   --->   Operation 286 'fadd' 'tmp1_1_5' <Predicate = true> <Delay = 2.34> <CoreInst = "FAddSub_fulldsp">   --->   Core 18 'FAddSub_fulldsp' <Latency = 6> <II = 1> <Delay = 2.34> <FuncUnit> <Opcode : 'fadd' 'fsub'> <InPorts = 2> <OutPorts = 1>
ST_14 : Operation 287 [1/7] (2.34ns)   --->   "%tmp1_2_5 = fadd i32 %arg0_rowArr_2_0_5, i32 %arg0_rowArr_0_0_5" [/home/x_thileeb/repos/ops-hls-batching-new/codegen_apps/batching/poisson2d/u280_loopback_project/hls/device/include/PE_poisson_kernel_stencil.hpp:45]   --->   Operation 287 'fadd' 'tmp1_2_5' <Predicate = true> <Delay = 2.34> <CoreInst = "FAddSub_fulldsp">   --->   Core 18 'FAddSub_fulldsp' <Latency = 6> <II = 1> <Delay = 2.34> <FuncUnit> <Opcode : 'fadd' 'fsub'> <InPorts = 2> <OutPorts = 1>
ST_14 : Operation 288 [1/7] (2.34ns)   --->   "%tmp1_1_6 = fadd i32 %arg0_rowArr_1_0_5, i32 %arg0_rowArr_1_0_7" [/home/x_thileeb/repos/ops-hls-batching-new/codegen_apps/batching/poisson2d/u280_loopback_project/hls/device/include/PE_poisson_kernel_stencil.hpp:44]   --->   Operation 288 'fadd' 'tmp1_1_6' <Predicate = true> <Delay = 2.34> <CoreInst = "FAddSub_fulldsp">   --->   Core 18 'FAddSub_fulldsp' <Latency = 6> <II = 1> <Delay = 2.34> <FuncUnit> <Opcode : 'fadd' 'fsub'> <InPorts = 2> <OutPorts = 1>
ST_14 : Operation 289 [1/7] (2.34ns)   --->   "%tmp1_2_6 = fadd i32 %arg0_rowArr_2_0_6, i32 %arg0_rowArr_0_0_6" [/home/x_thileeb/repos/ops-hls-batching-new/codegen_apps/batching/poisson2d/u280_loopback_project/hls/device/include/PE_poisson_kernel_stencil.hpp:45]   --->   Operation 289 'fadd' 'tmp1_2_6' <Predicate = true> <Delay = 2.34> <CoreInst = "FAddSub_fulldsp">   --->   Core 18 'FAddSub_fulldsp' <Latency = 6> <II = 1> <Delay = 2.34> <FuncUnit> <Opcode : 'fadd' 'fsub'> <InPorts = 2> <OutPorts = 1>
ST_14 : Operation 290 [1/7] (2.34ns)   --->   "%tmp1_1_7 = fadd i32 %arg0_rowArr_1_0_6, i32 %arg0_rowArr_1_0_9" [/home/x_thileeb/repos/ops-hls-batching-new/codegen_apps/batching/poisson2d/u280_loopback_project/hls/device/include/PE_poisson_kernel_stencil.hpp:44]   --->   Operation 290 'fadd' 'tmp1_1_7' <Predicate = true> <Delay = 2.34> <CoreInst = "FAddSub_fulldsp">   --->   Core 18 'FAddSub_fulldsp' <Latency = 6> <II = 1> <Delay = 2.34> <FuncUnit> <Opcode : 'fadd' 'fsub'> <InPorts = 2> <OutPorts = 1>
ST_14 : Operation 291 [1/7] (2.34ns)   --->   "%tmp1_2_7 = fadd i32 %arg0_rowArr_2_0_7, i32 %arg0_rowArr_0_0_7" [/home/x_thileeb/repos/ops-hls-batching-new/codegen_apps/batching/poisson2d/u280_loopback_project/hls/device/include/PE_poisson_kernel_stencil.hpp:45]   --->   Operation 291 'fadd' 'tmp1_2_7' <Predicate = true> <Delay = 2.34> <CoreInst = "FAddSub_fulldsp">   --->   Core 18 'FAddSub_fulldsp' <Latency = 6> <II = 1> <Delay = 2.34> <FuncUnit> <Opcode : 'fadd' 'fsub'> <InPorts = 2> <OutPorts = 1>

State 15 <SV = 14> <Delay = 2.34>
ST_15 : Operation 292 [7/7] (2.34ns)   --->   "%tmp1 = fadd i32 %tmp1_1, i32 %tmp1_2" [/home/x_thileeb/repos/ops-hls-batching-new/codegen_apps/batching/poisson2d/u280_loopback_project/hls/device/include/PE_poisson_kernel_stencil.hpp:46]   --->   Operation 292 'fadd' 'tmp1' <Predicate = true> <Delay = 2.34> <CoreInst = "FAddSub_fulldsp">   --->   Core 18 'FAddSub_fulldsp' <Latency = 6> <II = 1> <Delay = 2.34> <FuncUnit> <Opcode : 'fadd' 'fsub'> <InPorts = 2> <OutPorts = 1>
ST_15 : Operation 293 [7/7] (2.34ns)   --->   "%tmp1_1_37 = fadd i32 %tmp1_1_1, i32 %tmp1_2_1" [/home/x_thileeb/repos/ops-hls-batching-new/codegen_apps/batching/poisson2d/u280_loopback_project/hls/device/include/PE_poisson_kernel_stencil.hpp:46]   --->   Operation 293 'fadd' 'tmp1_1_37' <Predicate = true> <Delay = 2.34> <CoreInst = "FAddSub_fulldsp">   --->   Core 18 'FAddSub_fulldsp' <Latency = 6> <II = 1> <Delay = 2.34> <FuncUnit> <Opcode : 'fadd' 'fsub'> <InPorts = 2> <OutPorts = 1>
ST_15 : Operation 294 [7/7] (2.34ns)   --->   "%tmp1_2_38 = fadd i32 %tmp1_1_2, i32 %tmp1_2_2" [/home/x_thileeb/repos/ops-hls-batching-new/codegen_apps/batching/poisson2d/u280_loopback_project/hls/device/include/PE_poisson_kernel_stencil.hpp:46]   --->   Operation 294 'fadd' 'tmp1_2_38' <Predicate = true> <Delay = 2.34> <CoreInst = "FAddSub_fulldsp">   --->   Core 18 'FAddSub_fulldsp' <Latency = 6> <II = 1> <Delay = 2.34> <FuncUnit> <Opcode : 'fadd' 'fsub'> <InPorts = 2> <OutPorts = 1>
ST_15 : Operation 295 [7/7] (2.34ns)   --->   "%tmp1_3 = fadd i32 %tmp1_1_3, i32 %tmp1_2_3" [/home/x_thileeb/repos/ops-hls-batching-new/codegen_apps/batching/poisson2d/u280_loopback_project/hls/device/include/PE_poisson_kernel_stencil.hpp:46]   --->   Operation 295 'fadd' 'tmp1_3' <Predicate = true> <Delay = 2.34> <CoreInst = "FAddSub_fulldsp">   --->   Core 18 'FAddSub_fulldsp' <Latency = 6> <II = 1> <Delay = 2.34> <FuncUnit> <Opcode : 'fadd' 'fsub'> <InPorts = 2> <OutPorts = 1>
ST_15 : Operation 296 [7/7] (2.34ns)   --->   "%tmp1_4 = fadd i32 %tmp1_1_4, i32 %tmp1_2_4" [/home/x_thileeb/repos/ops-hls-batching-new/codegen_apps/batching/poisson2d/u280_loopback_project/hls/device/include/PE_poisson_kernel_stencil.hpp:46]   --->   Operation 296 'fadd' 'tmp1_4' <Predicate = true> <Delay = 2.34> <CoreInst = "FAddSub_fulldsp">   --->   Core 18 'FAddSub_fulldsp' <Latency = 6> <II = 1> <Delay = 2.34> <FuncUnit> <Opcode : 'fadd' 'fsub'> <InPorts = 2> <OutPorts = 1>
ST_15 : Operation 297 [7/7] (2.34ns)   --->   "%tmp1_5 = fadd i32 %tmp1_1_5, i32 %tmp1_2_5" [/home/x_thileeb/repos/ops-hls-batching-new/codegen_apps/batching/poisson2d/u280_loopback_project/hls/device/include/PE_poisson_kernel_stencil.hpp:46]   --->   Operation 297 'fadd' 'tmp1_5' <Predicate = true> <Delay = 2.34> <CoreInst = "FAddSub_fulldsp">   --->   Core 18 'FAddSub_fulldsp' <Latency = 6> <II = 1> <Delay = 2.34> <FuncUnit> <Opcode : 'fadd' 'fsub'> <InPorts = 2> <OutPorts = 1>
ST_15 : Operation 298 [7/7] (2.34ns)   --->   "%tmp1_6 = fadd i32 %tmp1_1_6, i32 %tmp1_2_6" [/home/x_thileeb/repos/ops-hls-batching-new/codegen_apps/batching/poisson2d/u280_loopback_project/hls/device/include/PE_poisson_kernel_stencil.hpp:46]   --->   Operation 298 'fadd' 'tmp1_6' <Predicate = true> <Delay = 2.34> <CoreInst = "FAddSub_fulldsp">   --->   Core 18 'FAddSub_fulldsp' <Latency = 6> <II = 1> <Delay = 2.34> <FuncUnit> <Opcode : 'fadd' 'fsub'> <InPorts = 2> <OutPorts = 1>
ST_15 : Operation 299 [7/7] (2.34ns)   --->   "%tmp1_7 = fadd i32 %tmp1_1_7, i32 %tmp1_2_7" [/home/x_thileeb/repos/ops-hls-batching-new/codegen_apps/batching/poisson2d/u280_loopback_project/hls/device/include/PE_poisson_kernel_stencil.hpp:46]   --->   Operation 299 'fadd' 'tmp1_7' <Predicate = true> <Delay = 2.34> <CoreInst = "FAddSub_fulldsp">   --->   Core 18 'FAddSub_fulldsp' <Latency = 6> <II = 1> <Delay = 2.34> <FuncUnit> <Opcode : 'fadd' 'fsub'> <InPorts = 2> <OutPorts = 1>

State 16 <SV = 15> <Delay = 2.34>
ST_16 : Operation 300 [6/7] (2.34ns)   --->   "%tmp1 = fadd i32 %tmp1_1, i32 %tmp1_2" [/home/x_thileeb/repos/ops-hls-batching-new/codegen_apps/batching/poisson2d/u280_loopback_project/hls/device/include/PE_poisson_kernel_stencil.hpp:46]   --->   Operation 300 'fadd' 'tmp1' <Predicate = true> <Delay = 2.34> <CoreInst = "FAddSub_fulldsp">   --->   Core 18 'FAddSub_fulldsp' <Latency = 6> <II = 1> <Delay = 2.34> <FuncUnit> <Opcode : 'fadd' 'fsub'> <InPorts = 2> <OutPorts = 1>
ST_16 : Operation 301 [6/7] (2.34ns)   --->   "%tmp1_1_37 = fadd i32 %tmp1_1_1, i32 %tmp1_2_1" [/home/x_thileeb/repos/ops-hls-batching-new/codegen_apps/batching/poisson2d/u280_loopback_project/hls/device/include/PE_poisson_kernel_stencil.hpp:46]   --->   Operation 301 'fadd' 'tmp1_1_37' <Predicate = true> <Delay = 2.34> <CoreInst = "FAddSub_fulldsp">   --->   Core 18 'FAddSub_fulldsp' <Latency = 6> <II = 1> <Delay = 2.34> <FuncUnit> <Opcode : 'fadd' 'fsub'> <InPorts = 2> <OutPorts = 1>
ST_16 : Operation 302 [6/7] (2.34ns)   --->   "%tmp1_2_38 = fadd i32 %tmp1_1_2, i32 %tmp1_2_2" [/home/x_thileeb/repos/ops-hls-batching-new/codegen_apps/batching/poisson2d/u280_loopback_project/hls/device/include/PE_poisson_kernel_stencil.hpp:46]   --->   Operation 302 'fadd' 'tmp1_2_38' <Predicate = true> <Delay = 2.34> <CoreInst = "FAddSub_fulldsp">   --->   Core 18 'FAddSub_fulldsp' <Latency = 6> <II = 1> <Delay = 2.34> <FuncUnit> <Opcode : 'fadd' 'fsub'> <InPorts = 2> <OutPorts = 1>
ST_16 : Operation 303 [6/7] (2.34ns)   --->   "%tmp1_3 = fadd i32 %tmp1_1_3, i32 %tmp1_2_3" [/home/x_thileeb/repos/ops-hls-batching-new/codegen_apps/batching/poisson2d/u280_loopback_project/hls/device/include/PE_poisson_kernel_stencil.hpp:46]   --->   Operation 303 'fadd' 'tmp1_3' <Predicate = true> <Delay = 2.34> <CoreInst = "FAddSub_fulldsp">   --->   Core 18 'FAddSub_fulldsp' <Latency = 6> <II = 1> <Delay = 2.34> <FuncUnit> <Opcode : 'fadd' 'fsub'> <InPorts = 2> <OutPorts = 1>
ST_16 : Operation 304 [6/7] (2.34ns)   --->   "%tmp1_4 = fadd i32 %tmp1_1_4, i32 %tmp1_2_4" [/home/x_thileeb/repos/ops-hls-batching-new/codegen_apps/batching/poisson2d/u280_loopback_project/hls/device/include/PE_poisson_kernel_stencil.hpp:46]   --->   Operation 304 'fadd' 'tmp1_4' <Predicate = true> <Delay = 2.34> <CoreInst = "FAddSub_fulldsp">   --->   Core 18 'FAddSub_fulldsp' <Latency = 6> <II = 1> <Delay = 2.34> <FuncUnit> <Opcode : 'fadd' 'fsub'> <InPorts = 2> <OutPorts = 1>
ST_16 : Operation 305 [6/7] (2.34ns)   --->   "%tmp1_5 = fadd i32 %tmp1_1_5, i32 %tmp1_2_5" [/home/x_thileeb/repos/ops-hls-batching-new/codegen_apps/batching/poisson2d/u280_loopback_project/hls/device/include/PE_poisson_kernel_stencil.hpp:46]   --->   Operation 305 'fadd' 'tmp1_5' <Predicate = true> <Delay = 2.34> <CoreInst = "FAddSub_fulldsp">   --->   Core 18 'FAddSub_fulldsp' <Latency = 6> <II = 1> <Delay = 2.34> <FuncUnit> <Opcode : 'fadd' 'fsub'> <InPorts = 2> <OutPorts = 1>
ST_16 : Operation 306 [6/7] (2.34ns)   --->   "%tmp1_6 = fadd i32 %tmp1_1_6, i32 %tmp1_2_6" [/home/x_thileeb/repos/ops-hls-batching-new/codegen_apps/batching/poisson2d/u280_loopback_project/hls/device/include/PE_poisson_kernel_stencil.hpp:46]   --->   Operation 306 'fadd' 'tmp1_6' <Predicate = true> <Delay = 2.34> <CoreInst = "FAddSub_fulldsp">   --->   Core 18 'FAddSub_fulldsp' <Latency = 6> <II = 1> <Delay = 2.34> <FuncUnit> <Opcode : 'fadd' 'fsub'> <InPorts = 2> <OutPorts = 1>
ST_16 : Operation 307 [6/7] (2.34ns)   --->   "%tmp1_7 = fadd i32 %tmp1_1_7, i32 %tmp1_2_7" [/home/x_thileeb/repos/ops-hls-batching-new/codegen_apps/batching/poisson2d/u280_loopback_project/hls/device/include/PE_poisson_kernel_stencil.hpp:46]   --->   Operation 307 'fadd' 'tmp1_7' <Predicate = true> <Delay = 2.34> <CoreInst = "FAddSub_fulldsp">   --->   Core 18 'FAddSub_fulldsp' <Latency = 6> <II = 1> <Delay = 2.34> <FuncUnit> <Opcode : 'fadd' 'fsub'> <InPorts = 2> <OutPorts = 1>

State 17 <SV = 16> <Delay = 2.34>
ST_17 : Operation 308 [5/7] (2.34ns)   --->   "%tmp1 = fadd i32 %tmp1_1, i32 %tmp1_2" [/home/x_thileeb/repos/ops-hls-batching-new/codegen_apps/batching/poisson2d/u280_loopback_project/hls/device/include/PE_poisson_kernel_stencil.hpp:46]   --->   Operation 308 'fadd' 'tmp1' <Predicate = true> <Delay = 2.34> <CoreInst = "FAddSub_fulldsp">   --->   Core 18 'FAddSub_fulldsp' <Latency = 6> <II = 1> <Delay = 2.34> <FuncUnit> <Opcode : 'fadd' 'fsub'> <InPorts = 2> <OutPorts = 1>
ST_17 : Operation 309 [5/7] (2.34ns)   --->   "%tmp1_1_37 = fadd i32 %tmp1_1_1, i32 %tmp1_2_1" [/home/x_thileeb/repos/ops-hls-batching-new/codegen_apps/batching/poisson2d/u280_loopback_project/hls/device/include/PE_poisson_kernel_stencil.hpp:46]   --->   Operation 309 'fadd' 'tmp1_1_37' <Predicate = true> <Delay = 2.34> <CoreInst = "FAddSub_fulldsp">   --->   Core 18 'FAddSub_fulldsp' <Latency = 6> <II = 1> <Delay = 2.34> <FuncUnit> <Opcode : 'fadd' 'fsub'> <InPorts = 2> <OutPorts = 1>
ST_17 : Operation 310 [5/7] (2.34ns)   --->   "%tmp1_2_38 = fadd i32 %tmp1_1_2, i32 %tmp1_2_2" [/home/x_thileeb/repos/ops-hls-batching-new/codegen_apps/batching/poisson2d/u280_loopback_project/hls/device/include/PE_poisson_kernel_stencil.hpp:46]   --->   Operation 310 'fadd' 'tmp1_2_38' <Predicate = true> <Delay = 2.34> <CoreInst = "FAddSub_fulldsp">   --->   Core 18 'FAddSub_fulldsp' <Latency = 6> <II = 1> <Delay = 2.34> <FuncUnit> <Opcode : 'fadd' 'fsub'> <InPorts = 2> <OutPorts = 1>
ST_17 : Operation 311 [5/7] (2.34ns)   --->   "%tmp1_3 = fadd i32 %tmp1_1_3, i32 %tmp1_2_3" [/home/x_thileeb/repos/ops-hls-batching-new/codegen_apps/batching/poisson2d/u280_loopback_project/hls/device/include/PE_poisson_kernel_stencil.hpp:46]   --->   Operation 311 'fadd' 'tmp1_3' <Predicate = true> <Delay = 2.34> <CoreInst = "FAddSub_fulldsp">   --->   Core 18 'FAddSub_fulldsp' <Latency = 6> <II = 1> <Delay = 2.34> <FuncUnit> <Opcode : 'fadd' 'fsub'> <InPorts = 2> <OutPorts = 1>
ST_17 : Operation 312 [5/7] (2.34ns)   --->   "%tmp1_4 = fadd i32 %tmp1_1_4, i32 %tmp1_2_4" [/home/x_thileeb/repos/ops-hls-batching-new/codegen_apps/batching/poisson2d/u280_loopback_project/hls/device/include/PE_poisson_kernel_stencil.hpp:46]   --->   Operation 312 'fadd' 'tmp1_4' <Predicate = true> <Delay = 2.34> <CoreInst = "FAddSub_fulldsp">   --->   Core 18 'FAddSub_fulldsp' <Latency = 6> <II = 1> <Delay = 2.34> <FuncUnit> <Opcode : 'fadd' 'fsub'> <InPorts = 2> <OutPorts = 1>
ST_17 : Operation 313 [5/7] (2.34ns)   --->   "%tmp1_5 = fadd i32 %tmp1_1_5, i32 %tmp1_2_5" [/home/x_thileeb/repos/ops-hls-batching-new/codegen_apps/batching/poisson2d/u280_loopback_project/hls/device/include/PE_poisson_kernel_stencil.hpp:46]   --->   Operation 313 'fadd' 'tmp1_5' <Predicate = true> <Delay = 2.34> <CoreInst = "FAddSub_fulldsp">   --->   Core 18 'FAddSub_fulldsp' <Latency = 6> <II = 1> <Delay = 2.34> <FuncUnit> <Opcode : 'fadd' 'fsub'> <InPorts = 2> <OutPorts = 1>
ST_17 : Operation 314 [5/7] (2.34ns)   --->   "%tmp1_6 = fadd i32 %tmp1_1_6, i32 %tmp1_2_6" [/home/x_thileeb/repos/ops-hls-batching-new/codegen_apps/batching/poisson2d/u280_loopback_project/hls/device/include/PE_poisson_kernel_stencil.hpp:46]   --->   Operation 314 'fadd' 'tmp1_6' <Predicate = true> <Delay = 2.34> <CoreInst = "FAddSub_fulldsp">   --->   Core 18 'FAddSub_fulldsp' <Latency = 6> <II = 1> <Delay = 2.34> <FuncUnit> <Opcode : 'fadd' 'fsub'> <InPorts = 2> <OutPorts = 1>
ST_17 : Operation 315 [5/7] (2.34ns)   --->   "%tmp1_7 = fadd i32 %tmp1_1_7, i32 %tmp1_2_7" [/home/x_thileeb/repos/ops-hls-batching-new/codegen_apps/batching/poisson2d/u280_loopback_project/hls/device/include/PE_poisson_kernel_stencil.hpp:46]   --->   Operation 315 'fadd' 'tmp1_7' <Predicate = true> <Delay = 2.34> <CoreInst = "FAddSub_fulldsp">   --->   Core 18 'FAddSub_fulldsp' <Latency = 6> <II = 1> <Delay = 2.34> <FuncUnit> <Opcode : 'fadd' 'fsub'> <InPorts = 2> <OutPorts = 1>

State 18 <SV = 17> <Delay = 2.34>
ST_18 : Operation 316 [4/7] (2.34ns)   --->   "%tmp1 = fadd i32 %tmp1_1, i32 %tmp1_2" [/home/x_thileeb/repos/ops-hls-batching-new/codegen_apps/batching/poisson2d/u280_loopback_project/hls/device/include/PE_poisson_kernel_stencil.hpp:46]   --->   Operation 316 'fadd' 'tmp1' <Predicate = true> <Delay = 2.34> <CoreInst = "FAddSub_fulldsp">   --->   Core 18 'FAddSub_fulldsp' <Latency = 6> <II = 1> <Delay = 2.34> <FuncUnit> <Opcode : 'fadd' 'fsub'> <InPorts = 2> <OutPorts = 1>
ST_18 : Operation 317 [4/7] (2.34ns)   --->   "%tmp1_1_37 = fadd i32 %tmp1_1_1, i32 %tmp1_2_1" [/home/x_thileeb/repos/ops-hls-batching-new/codegen_apps/batching/poisson2d/u280_loopback_project/hls/device/include/PE_poisson_kernel_stencil.hpp:46]   --->   Operation 317 'fadd' 'tmp1_1_37' <Predicate = true> <Delay = 2.34> <CoreInst = "FAddSub_fulldsp">   --->   Core 18 'FAddSub_fulldsp' <Latency = 6> <II = 1> <Delay = 2.34> <FuncUnit> <Opcode : 'fadd' 'fsub'> <InPorts = 2> <OutPorts = 1>
ST_18 : Operation 318 [4/7] (2.34ns)   --->   "%tmp1_2_38 = fadd i32 %tmp1_1_2, i32 %tmp1_2_2" [/home/x_thileeb/repos/ops-hls-batching-new/codegen_apps/batching/poisson2d/u280_loopback_project/hls/device/include/PE_poisson_kernel_stencil.hpp:46]   --->   Operation 318 'fadd' 'tmp1_2_38' <Predicate = true> <Delay = 2.34> <CoreInst = "FAddSub_fulldsp">   --->   Core 18 'FAddSub_fulldsp' <Latency = 6> <II = 1> <Delay = 2.34> <FuncUnit> <Opcode : 'fadd' 'fsub'> <InPorts = 2> <OutPorts = 1>
ST_18 : Operation 319 [4/7] (2.34ns)   --->   "%tmp1_3 = fadd i32 %tmp1_1_3, i32 %tmp1_2_3" [/home/x_thileeb/repos/ops-hls-batching-new/codegen_apps/batching/poisson2d/u280_loopback_project/hls/device/include/PE_poisson_kernel_stencil.hpp:46]   --->   Operation 319 'fadd' 'tmp1_3' <Predicate = true> <Delay = 2.34> <CoreInst = "FAddSub_fulldsp">   --->   Core 18 'FAddSub_fulldsp' <Latency = 6> <II = 1> <Delay = 2.34> <FuncUnit> <Opcode : 'fadd' 'fsub'> <InPorts = 2> <OutPorts = 1>
ST_18 : Operation 320 [4/7] (2.34ns)   --->   "%tmp1_4 = fadd i32 %tmp1_1_4, i32 %tmp1_2_4" [/home/x_thileeb/repos/ops-hls-batching-new/codegen_apps/batching/poisson2d/u280_loopback_project/hls/device/include/PE_poisson_kernel_stencil.hpp:46]   --->   Operation 320 'fadd' 'tmp1_4' <Predicate = true> <Delay = 2.34> <CoreInst = "FAddSub_fulldsp">   --->   Core 18 'FAddSub_fulldsp' <Latency = 6> <II = 1> <Delay = 2.34> <FuncUnit> <Opcode : 'fadd' 'fsub'> <InPorts = 2> <OutPorts = 1>
ST_18 : Operation 321 [4/7] (2.34ns)   --->   "%tmp1_5 = fadd i32 %tmp1_1_5, i32 %tmp1_2_5" [/home/x_thileeb/repos/ops-hls-batching-new/codegen_apps/batching/poisson2d/u280_loopback_project/hls/device/include/PE_poisson_kernel_stencil.hpp:46]   --->   Operation 321 'fadd' 'tmp1_5' <Predicate = true> <Delay = 2.34> <CoreInst = "FAddSub_fulldsp">   --->   Core 18 'FAddSub_fulldsp' <Latency = 6> <II = 1> <Delay = 2.34> <FuncUnit> <Opcode : 'fadd' 'fsub'> <InPorts = 2> <OutPorts = 1>
ST_18 : Operation 322 [4/7] (2.34ns)   --->   "%tmp1_6 = fadd i32 %tmp1_1_6, i32 %tmp1_2_6" [/home/x_thileeb/repos/ops-hls-batching-new/codegen_apps/batching/poisson2d/u280_loopback_project/hls/device/include/PE_poisson_kernel_stencil.hpp:46]   --->   Operation 322 'fadd' 'tmp1_6' <Predicate = true> <Delay = 2.34> <CoreInst = "FAddSub_fulldsp">   --->   Core 18 'FAddSub_fulldsp' <Latency = 6> <II = 1> <Delay = 2.34> <FuncUnit> <Opcode : 'fadd' 'fsub'> <InPorts = 2> <OutPorts = 1>
ST_18 : Operation 323 [4/7] (2.34ns)   --->   "%tmp1_7 = fadd i32 %tmp1_1_7, i32 %tmp1_2_7" [/home/x_thileeb/repos/ops-hls-batching-new/codegen_apps/batching/poisson2d/u280_loopback_project/hls/device/include/PE_poisson_kernel_stencil.hpp:46]   --->   Operation 323 'fadd' 'tmp1_7' <Predicate = true> <Delay = 2.34> <CoreInst = "FAddSub_fulldsp">   --->   Core 18 'FAddSub_fulldsp' <Latency = 6> <II = 1> <Delay = 2.34> <FuncUnit> <Opcode : 'fadd' 'fsub'> <InPorts = 2> <OutPorts = 1>

State 19 <SV = 18> <Delay = 2.34>
ST_19 : Operation 324 [3/7] (2.34ns)   --->   "%tmp1 = fadd i32 %tmp1_1, i32 %tmp1_2" [/home/x_thileeb/repos/ops-hls-batching-new/codegen_apps/batching/poisson2d/u280_loopback_project/hls/device/include/PE_poisson_kernel_stencil.hpp:46]   --->   Operation 324 'fadd' 'tmp1' <Predicate = true> <Delay = 2.34> <CoreInst = "FAddSub_fulldsp">   --->   Core 18 'FAddSub_fulldsp' <Latency = 6> <II = 1> <Delay = 2.34> <FuncUnit> <Opcode : 'fadd' 'fsub'> <InPorts = 2> <OutPorts = 1>
ST_19 : Operation 325 [3/7] (2.34ns)   --->   "%tmp1_1_37 = fadd i32 %tmp1_1_1, i32 %tmp1_2_1" [/home/x_thileeb/repos/ops-hls-batching-new/codegen_apps/batching/poisson2d/u280_loopback_project/hls/device/include/PE_poisson_kernel_stencil.hpp:46]   --->   Operation 325 'fadd' 'tmp1_1_37' <Predicate = true> <Delay = 2.34> <CoreInst = "FAddSub_fulldsp">   --->   Core 18 'FAddSub_fulldsp' <Latency = 6> <II = 1> <Delay = 2.34> <FuncUnit> <Opcode : 'fadd' 'fsub'> <InPorts = 2> <OutPorts = 1>
ST_19 : Operation 326 [3/7] (2.34ns)   --->   "%tmp1_2_38 = fadd i32 %tmp1_1_2, i32 %tmp1_2_2" [/home/x_thileeb/repos/ops-hls-batching-new/codegen_apps/batching/poisson2d/u280_loopback_project/hls/device/include/PE_poisson_kernel_stencil.hpp:46]   --->   Operation 326 'fadd' 'tmp1_2_38' <Predicate = true> <Delay = 2.34> <CoreInst = "FAddSub_fulldsp">   --->   Core 18 'FAddSub_fulldsp' <Latency = 6> <II = 1> <Delay = 2.34> <FuncUnit> <Opcode : 'fadd' 'fsub'> <InPorts = 2> <OutPorts = 1>
ST_19 : Operation 327 [3/7] (2.34ns)   --->   "%tmp1_3 = fadd i32 %tmp1_1_3, i32 %tmp1_2_3" [/home/x_thileeb/repos/ops-hls-batching-new/codegen_apps/batching/poisson2d/u280_loopback_project/hls/device/include/PE_poisson_kernel_stencil.hpp:46]   --->   Operation 327 'fadd' 'tmp1_3' <Predicate = true> <Delay = 2.34> <CoreInst = "FAddSub_fulldsp">   --->   Core 18 'FAddSub_fulldsp' <Latency = 6> <II = 1> <Delay = 2.34> <FuncUnit> <Opcode : 'fadd' 'fsub'> <InPorts = 2> <OutPorts = 1>
ST_19 : Operation 328 [3/7] (2.34ns)   --->   "%tmp1_4 = fadd i32 %tmp1_1_4, i32 %tmp1_2_4" [/home/x_thileeb/repos/ops-hls-batching-new/codegen_apps/batching/poisson2d/u280_loopback_project/hls/device/include/PE_poisson_kernel_stencil.hpp:46]   --->   Operation 328 'fadd' 'tmp1_4' <Predicate = true> <Delay = 2.34> <CoreInst = "FAddSub_fulldsp">   --->   Core 18 'FAddSub_fulldsp' <Latency = 6> <II = 1> <Delay = 2.34> <FuncUnit> <Opcode : 'fadd' 'fsub'> <InPorts = 2> <OutPorts = 1>
ST_19 : Operation 329 [3/7] (2.34ns)   --->   "%tmp1_5 = fadd i32 %tmp1_1_5, i32 %tmp1_2_5" [/home/x_thileeb/repos/ops-hls-batching-new/codegen_apps/batching/poisson2d/u280_loopback_project/hls/device/include/PE_poisson_kernel_stencil.hpp:46]   --->   Operation 329 'fadd' 'tmp1_5' <Predicate = true> <Delay = 2.34> <CoreInst = "FAddSub_fulldsp">   --->   Core 18 'FAddSub_fulldsp' <Latency = 6> <II = 1> <Delay = 2.34> <FuncUnit> <Opcode : 'fadd' 'fsub'> <InPorts = 2> <OutPorts = 1>
ST_19 : Operation 330 [3/7] (2.34ns)   --->   "%tmp1_6 = fadd i32 %tmp1_1_6, i32 %tmp1_2_6" [/home/x_thileeb/repos/ops-hls-batching-new/codegen_apps/batching/poisson2d/u280_loopback_project/hls/device/include/PE_poisson_kernel_stencil.hpp:46]   --->   Operation 330 'fadd' 'tmp1_6' <Predicate = true> <Delay = 2.34> <CoreInst = "FAddSub_fulldsp">   --->   Core 18 'FAddSub_fulldsp' <Latency = 6> <II = 1> <Delay = 2.34> <FuncUnit> <Opcode : 'fadd' 'fsub'> <InPorts = 2> <OutPorts = 1>
ST_19 : Operation 331 [3/7] (2.34ns)   --->   "%tmp1_7 = fadd i32 %tmp1_1_7, i32 %tmp1_2_7" [/home/x_thileeb/repos/ops-hls-batching-new/codegen_apps/batching/poisson2d/u280_loopback_project/hls/device/include/PE_poisson_kernel_stencil.hpp:46]   --->   Operation 331 'fadd' 'tmp1_7' <Predicate = true> <Delay = 2.34> <CoreInst = "FAddSub_fulldsp">   --->   Core 18 'FAddSub_fulldsp' <Latency = 6> <II = 1> <Delay = 2.34> <FuncUnit> <Opcode : 'fadd' 'fsub'> <InPorts = 2> <OutPorts = 1>

State 20 <SV = 19> <Delay = 2.34>
ST_20 : Operation 332 [2/7] (2.34ns)   --->   "%tmp1 = fadd i32 %tmp1_1, i32 %tmp1_2" [/home/x_thileeb/repos/ops-hls-batching-new/codegen_apps/batching/poisson2d/u280_loopback_project/hls/device/include/PE_poisson_kernel_stencil.hpp:46]   --->   Operation 332 'fadd' 'tmp1' <Predicate = true> <Delay = 2.34> <CoreInst = "FAddSub_fulldsp">   --->   Core 18 'FAddSub_fulldsp' <Latency = 6> <II = 1> <Delay = 2.34> <FuncUnit> <Opcode : 'fadd' 'fsub'> <InPorts = 2> <OutPorts = 1>
ST_20 : Operation 333 [2/7] (2.34ns)   --->   "%tmp1_1_37 = fadd i32 %tmp1_1_1, i32 %tmp1_2_1" [/home/x_thileeb/repos/ops-hls-batching-new/codegen_apps/batching/poisson2d/u280_loopback_project/hls/device/include/PE_poisson_kernel_stencil.hpp:46]   --->   Operation 333 'fadd' 'tmp1_1_37' <Predicate = true> <Delay = 2.34> <CoreInst = "FAddSub_fulldsp">   --->   Core 18 'FAddSub_fulldsp' <Latency = 6> <II = 1> <Delay = 2.34> <FuncUnit> <Opcode : 'fadd' 'fsub'> <InPorts = 2> <OutPorts = 1>
ST_20 : Operation 334 [2/7] (2.34ns)   --->   "%tmp1_2_38 = fadd i32 %tmp1_1_2, i32 %tmp1_2_2" [/home/x_thileeb/repos/ops-hls-batching-new/codegen_apps/batching/poisson2d/u280_loopback_project/hls/device/include/PE_poisson_kernel_stencil.hpp:46]   --->   Operation 334 'fadd' 'tmp1_2_38' <Predicate = true> <Delay = 2.34> <CoreInst = "FAddSub_fulldsp">   --->   Core 18 'FAddSub_fulldsp' <Latency = 6> <II = 1> <Delay = 2.34> <FuncUnit> <Opcode : 'fadd' 'fsub'> <InPorts = 2> <OutPorts = 1>
ST_20 : Operation 335 [2/7] (2.34ns)   --->   "%tmp1_3 = fadd i32 %tmp1_1_3, i32 %tmp1_2_3" [/home/x_thileeb/repos/ops-hls-batching-new/codegen_apps/batching/poisson2d/u280_loopback_project/hls/device/include/PE_poisson_kernel_stencil.hpp:46]   --->   Operation 335 'fadd' 'tmp1_3' <Predicate = true> <Delay = 2.34> <CoreInst = "FAddSub_fulldsp">   --->   Core 18 'FAddSub_fulldsp' <Latency = 6> <II = 1> <Delay = 2.34> <FuncUnit> <Opcode : 'fadd' 'fsub'> <InPorts = 2> <OutPorts = 1>
ST_20 : Operation 336 [2/7] (2.34ns)   --->   "%tmp1_4 = fadd i32 %tmp1_1_4, i32 %tmp1_2_4" [/home/x_thileeb/repos/ops-hls-batching-new/codegen_apps/batching/poisson2d/u280_loopback_project/hls/device/include/PE_poisson_kernel_stencil.hpp:46]   --->   Operation 336 'fadd' 'tmp1_4' <Predicate = true> <Delay = 2.34> <CoreInst = "FAddSub_fulldsp">   --->   Core 18 'FAddSub_fulldsp' <Latency = 6> <II = 1> <Delay = 2.34> <FuncUnit> <Opcode : 'fadd' 'fsub'> <InPorts = 2> <OutPorts = 1>
ST_20 : Operation 337 [2/7] (2.34ns)   --->   "%tmp1_5 = fadd i32 %tmp1_1_5, i32 %tmp1_2_5" [/home/x_thileeb/repos/ops-hls-batching-new/codegen_apps/batching/poisson2d/u280_loopback_project/hls/device/include/PE_poisson_kernel_stencil.hpp:46]   --->   Operation 337 'fadd' 'tmp1_5' <Predicate = true> <Delay = 2.34> <CoreInst = "FAddSub_fulldsp">   --->   Core 18 'FAddSub_fulldsp' <Latency = 6> <II = 1> <Delay = 2.34> <FuncUnit> <Opcode : 'fadd' 'fsub'> <InPorts = 2> <OutPorts = 1>
ST_20 : Operation 338 [2/7] (2.34ns)   --->   "%tmp1_6 = fadd i32 %tmp1_1_6, i32 %tmp1_2_6" [/home/x_thileeb/repos/ops-hls-batching-new/codegen_apps/batching/poisson2d/u280_loopback_project/hls/device/include/PE_poisson_kernel_stencil.hpp:46]   --->   Operation 338 'fadd' 'tmp1_6' <Predicate = true> <Delay = 2.34> <CoreInst = "FAddSub_fulldsp">   --->   Core 18 'FAddSub_fulldsp' <Latency = 6> <II = 1> <Delay = 2.34> <FuncUnit> <Opcode : 'fadd' 'fsub'> <InPorts = 2> <OutPorts = 1>
ST_20 : Operation 339 [2/7] (2.34ns)   --->   "%tmp1_7 = fadd i32 %tmp1_1_7, i32 %tmp1_2_7" [/home/x_thileeb/repos/ops-hls-batching-new/codegen_apps/batching/poisson2d/u280_loopback_project/hls/device/include/PE_poisson_kernel_stencil.hpp:46]   --->   Operation 339 'fadd' 'tmp1_7' <Predicate = true> <Delay = 2.34> <CoreInst = "FAddSub_fulldsp">   --->   Core 18 'FAddSub_fulldsp' <Latency = 6> <II = 1> <Delay = 2.34> <FuncUnit> <Opcode : 'fadd' 'fsub'> <InPorts = 2> <OutPorts = 1>

State 21 <SV = 20> <Delay = 2.34>
ST_21 : Operation 340 [1/7] (2.34ns)   --->   "%tmp1 = fadd i32 %tmp1_1, i32 %tmp1_2" [/home/x_thileeb/repos/ops-hls-batching-new/codegen_apps/batching/poisson2d/u280_loopback_project/hls/device/include/PE_poisson_kernel_stencil.hpp:46]   --->   Operation 340 'fadd' 'tmp1' <Predicate = true> <Delay = 2.34> <CoreInst = "FAddSub_fulldsp">   --->   Core 18 'FAddSub_fulldsp' <Latency = 6> <II = 1> <Delay = 2.34> <FuncUnit> <Opcode : 'fadd' 'fsub'> <InPorts = 2> <OutPorts = 1>
ST_21 : Operation 341 [1/7] (2.34ns)   --->   "%tmp1_1_37 = fadd i32 %tmp1_1_1, i32 %tmp1_2_1" [/home/x_thileeb/repos/ops-hls-batching-new/codegen_apps/batching/poisson2d/u280_loopback_project/hls/device/include/PE_poisson_kernel_stencil.hpp:46]   --->   Operation 341 'fadd' 'tmp1_1_37' <Predicate = true> <Delay = 2.34> <CoreInst = "FAddSub_fulldsp">   --->   Core 18 'FAddSub_fulldsp' <Latency = 6> <II = 1> <Delay = 2.34> <FuncUnit> <Opcode : 'fadd' 'fsub'> <InPorts = 2> <OutPorts = 1>
ST_21 : Operation 342 [1/7] (2.34ns)   --->   "%tmp1_2_38 = fadd i32 %tmp1_1_2, i32 %tmp1_2_2" [/home/x_thileeb/repos/ops-hls-batching-new/codegen_apps/batching/poisson2d/u280_loopback_project/hls/device/include/PE_poisson_kernel_stencil.hpp:46]   --->   Operation 342 'fadd' 'tmp1_2_38' <Predicate = true> <Delay = 2.34> <CoreInst = "FAddSub_fulldsp">   --->   Core 18 'FAddSub_fulldsp' <Latency = 6> <II = 1> <Delay = 2.34> <FuncUnit> <Opcode : 'fadd' 'fsub'> <InPorts = 2> <OutPorts = 1>
ST_21 : Operation 343 [1/7] (2.34ns)   --->   "%tmp1_3 = fadd i32 %tmp1_1_3, i32 %tmp1_2_3" [/home/x_thileeb/repos/ops-hls-batching-new/codegen_apps/batching/poisson2d/u280_loopback_project/hls/device/include/PE_poisson_kernel_stencil.hpp:46]   --->   Operation 343 'fadd' 'tmp1_3' <Predicate = true> <Delay = 2.34> <CoreInst = "FAddSub_fulldsp">   --->   Core 18 'FAddSub_fulldsp' <Latency = 6> <II = 1> <Delay = 2.34> <FuncUnit> <Opcode : 'fadd' 'fsub'> <InPorts = 2> <OutPorts = 1>
ST_21 : Operation 344 [1/7] (2.34ns)   --->   "%tmp1_4 = fadd i32 %tmp1_1_4, i32 %tmp1_2_4" [/home/x_thileeb/repos/ops-hls-batching-new/codegen_apps/batching/poisson2d/u280_loopback_project/hls/device/include/PE_poisson_kernel_stencil.hpp:46]   --->   Operation 344 'fadd' 'tmp1_4' <Predicate = true> <Delay = 2.34> <CoreInst = "FAddSub_fulldsp">   --->   Core 18 'FAddSub_fulldsp' <Latency = 6> <II = 1> <Delay = 2.34> <FuncUnit> <Opcode : 'fadd' 'fsub'> <InPorts = 2> <OutPorts = 1>
ST_21 : Operation 345 [1/7] (2.34ns)   --->   "%tmp1_5 = fadd i32 %tmp1_1_5, i32 %tmp1_2_5" [/home/x_thileeb/repos/ops-hls-batching-new/codegen_apps/batching/poisson2d/u280_loopback_project/hls/device/include/PE_poisson_kernel_stencil.hpp:46]   --->   Operation 345 'fadd' 'tmp1_5' <Predicate = true> <Delay = 2.34> <CoreInst = "FAddSub_fulldsp">   --->   Core 18 'FAddSub_fulldsp' <Latency = 6> <II = 1> <Delay = 2.34> <FuncUnit> <Opcode : 'fadd' 'fsub'> <InPorts = 2> <OutPorts = 1>
ST_21 : Operation 346 [1/7] (2.34ns)   --->   "%tmp1_6 = fadd i32 %tmp1_1_6, i32 %tmp1_2_6" [/home/x_thileeb/repos/ops-hls-batching-new/codegen_apps/batching/poisson2d/u280_loopback_project/hls/device/include/PE_poisson_kernel_stencil.hpp:46]   --->   Operation 346 'fadd' 'tmp1_6' <Predicate = true> <Delay = 2.34> <CoreInst = "FAddSub_fulldsp">   --->   Core 18 'FAddSub_fulldsp' <Latency = 6> <II = 1> <Delay = 2.34> <FuncUnit> <Opcode : 'fadd' 'fsub'> <InPorts = 2> <OutPorts = 1>
ST_21 : Operation 347 [1/7] (2.34ns)   --->   "%tmp1_7 = fadd i32 %tmp1_1_7, i32 %tmp1_2_7" [/home/x_thileeb/repos/ops-hls-batching-new/codegen_apps/batching/poisson2d/u280_loopback_project/hls/device/include/PE_poisson_kernel_stencil.hpp:46]   --->   Operation 347 'fadd' 'tmp1_7' <Predicate = true> <Delay = 2.34> <CoreInst = "FAddSub_fulldsp">   --->   Core 18 'FAddSub_fulldsp' <Latency = 6> <II = 1> <Delay = 2.34> <FuncUnit> <Opcode : 'fadd' 'fsub'> <InPorts = 2> <OutPorts = 1>

State 22 <SV = 21> <Delay = 1.77>
ST_22 : Operation 348 [1/1] (1.77ns)   --->   "%tmp2 = call i32 @generic_ldexp<float>, i32 %arg0_rowArr_1_0, i3 7" [/wrk/ci/prod/2022.2/hls_product/continuous/608/2022.2/src/shared/hls/clib/hlsmath/src/c/ldexpfloat.cpp:10]   --->   Operation 348 'call' 'tmp2' <Predicate = true> <Delay = 1.77> <CoreType = "Generic">   --->   Core 0 '' <Latency = 0> <II = 1> <Delay = 1.00> <Generic> <Opcode : >
ST_22 : Operation 349 [1/1] (1.77ns)   --->   "%tmp3 = call i32 @generic_ldexp<float>, i32 %tmp1, i3 5" [/wrk/ci/prod/2022.2/hls_product/continuous/608/2022.2/src/shared/hls/clib/hlsmath/src/c/ldexpfloat.cpp:10]   --->   Operation 349 'call' 'tmp3' <Predicate = true> <Delay = 1.77> <CoreType = "Generic">   --->   Core 0 '' <Latency = 0> <II = 1> <Delay = 1.00> <Generic> <Opcode : >
ST_22 : Operation 350 [1/1] (1.77ns)   --->   "%tmp2_1 = call i32 @generic_ldexp<float>, i32 %arg0_rowArr_1_0_1, i3 7" [/wrk/ci/prod/2022.2/hls_product/continuous/608/2022.2/src/shared/hls/clib/hlsmath/src/c/ldexpfloat.cpp:10]   --->   Operation 350 'call' 'tmp2_1' <Predicate = true> <Delay = 1.77> <CoreType = "Generic">   --->   Core 0 '' <Latency = 0> <II = 1> <Delay = 1.00> <Generic> <Opcode : >
ST_22 : Operation 351 [1/1] (1.77ns)   --->   "%tmp3_1 = call i32 @generic_ldexp<float>, i32 %tmp1_1_37, i3 5" [/wrk/ci/prod/2022.2/hls_product/continuous/608/2022.2/src/shared/hls/clib/hlsmath/src/c/ldexpfloat.cpp:10]   --->   Operation 351 'call' 'tmp3_1' <Predicate = true> <Delay = 1.77> <CoreType = "Generic">   --->   Core 0 '' <Latency = 0> <II = 1> <Delay = 1.00> <Generic> <Opcode : >
ST_22 : Operation 352 [1/1] (1.77ns)   --->   "%tmp2_2 = call i32 @generic_ldexp<float>, i32 %arg0_rowArr_1_0_2, i3 7" [/wrk/ci/prod/2022.2/hls_product/continuous/608/2022.2/src/shared/hls/clib/hlsmath/src/c/ldexpfloat.cpp:10]   --->   Operation 352 'call' 'tmp2_2' <Predicate = true> <Delay = 1.77> <CoreType = "Generic">   --->   Core 0 '' <Latency = 0> <II = 1> <Delay = 1.00> <Generic> <Opcode : >
ST_22 : Operation 353 [1/1] (1.77ns)   --->   "%tmp3_2 = call i32 @generic_ldexp<float>, i32 %tmp1_2_38, i3 5" [/wrk/ci/prod/2022.2/hls_product/continuous/608/2022.2/src/shared/hls/clib/hlsmath/src/c/ldexpfloat.cpp:10]   --->   Operation 353 'call' 'tmp3_2' <Predicate = true> <Delay = 1.77> <CoreType = "Generic">   --->   Core 0 '' <Latency = 0> <II = 1> <Delay = 1.00> <Generic> <Opcode : >
ST_22 : Operation 354 [1/1] (1.77ns)   --->   "%tmp2_3 = call i32 @generic_ldexp<float>, i32 %arg0_rowArr_1_0_3, i3 7" [/wrk/ci/prod/2022.2/hls_product/continuous/608/2022.2/src/shared/hls/clib/hlsmath/src/c/ldexpfloat.cpp:10]   --->   Operation 354 'call' 'tmp2_3' <Predicate = true> <Delay = 1.77> <CoreType = "Generic">   --->   Core 0 '' <Latency = 0> <II = 1> <Delay = 1.00> <Generic> <Opcode : >
ST_22 : Operation 355 [1/1] (1.77ns)   --->   "%tmp3_3 = call i32 @generic_ldexp<float>, i32 %tmp1_3, i3 5" [/wrk/ci/prod/2022.2/hls_product/continuous/608/2022.2/src/shared/hls/clib/hlsmath/src/c/ldexpfloat.cpp:10]   --->   Operation 355 'call' 'tmp3_3' <Predicate = true> <Delay = 1.77> <CoreType = "Generic">   --->   Core 0 '' <Latency = 0> <II = 1> <Delay = 1.00> <Generic> <Opcode : >
ST_22 : Operation 356 [1/1] (1.77ns)   --->   "%tmp2_4 = call i32 @generic_ldexp<float>, i32 %arg0_rowArr_1_0_4, i3 7" [/wrk/ci/prod/2022.2/hls_product/continuous/608/2022.2/src/shared/hls/clib/hlsmath/src/c/ldexpfloat.cpp:10]   --->   Operation 356 'call' 'tmp2_4' <Predicate = true> <Delay = 1.77> <CoreType = "Generic">   --->   Core 0 '' <Latency = 0> <II = 1> <Delay = 1.00> <Generic> <Opcode : >
ST_22 : Operation 357 [1/1] (1.77ns)   --->   "%tmp3_4 = call i32 @generic_ldexp<float>, i32 %tmp1_4, i3 5" [/wrk/ci/prod/2022.2/hls_product/continuous/608/2022.2/src/shared/hls/clib/hlsmath/src/c/ldexpfloat.cpp:10]   --->   Operation 357 'call' 'tmp3_4' <Predicate = true> <Delay = 1.77> <CoreType = "Generic">   --->   Core 0 '' <Latency = 0> <II = 1> <Delay = 1.00> <Generic> <Opcode : >
ST_22 : Operation 358 [1/1] (1.77ns)   --->   "%tmp2_5 = call i32 @generic_ldexp<float>, i32 %arg0_rowArr_1_0_5, i3 7" [/wrk/ci/prod/2022.2/hls_product/continuous/608/2022.2/src/shared/hls/clib/hlsmath/src/c/ldexpfloat.cpp:10]   --->   Operation 358 'call' 'tmp2_5' <Predicate = true> <Delay = 1.77> <CoreType = "Generic">   --->   Core 0 '' <Latency = 0> <II = 1> <Delay = 1.00> <Generic> <Opcode : >
ST_22 : Operation 359 [1/1] (1.77ns)   --->   "%tmp3_5 = call i32 @generic_ldexp<float>, i32 %tmp1_5, i3 5" [/wrk/ci/prod/2022.2/hls_product/continuous/608/2022.2/src/shared/hls/clib/hlsmath/src/c/ldexpfloat.cpp:10]   --->   Operation 359 'call' 'tmp3_5' <Predicate = true> <Delay = 1.77> <CoreType = "Generic">   --->   Core 0 '' <Latency = 0> <II = 1> <Delay = 1.00> <Generic> <Opcode : >
ST_22 : Operation 360 [1/1] (1.77ns)   --->   "%tmp2_6 = call i32 @generic_ldexp<float>, i32 %arg0_rowArr_1_0_6, i3 7" [/wrk/ci/prod/2022.2/hls_product/continuous/608/2022.2/src/shared/hls/clib/hlsmath/src/c/ldexpfloat.cpp:10]   --->   Operation 360 'call' 'tmp2_6' <Predicate = true> <Delay = 1.77> <CoreType = "Generic">   --->   Core 0 '' <Latency = 0> <II = 1> <Delay = 1.00> <Generic> <Opcode : >
ST_22 : Operation 361 [1/1] (1.77ns)   --->   "%tmp3_6 = call i32 @generic_ldexp<float>, i32 %tmp1_6, i3 5" [/wrk/ci/prod/2022.2/hls_product/continuous/608/2022.2/src/shared/hls/clib/hlsmath/src/c/ldexpfloat.cpp:10]   --->   Operation 361 'call' 'tmp3_6' <Predicate = true> <Delay = 1.77> <CoreType = "Generic">   --->   Core 0 '' <Latency = 0> <II = 1> <Delay = 1.00> <Generic> <Opcode : >
ST_22 : Operation 362 [1/1] (1.77ns)   --->   "%tmp2_7 = call i32 @generic_ldexp<float>, i32 %arg0_rowArr_1_0_7, i3 7" [/wrk/ci/prod/2022.2/hls_product/continuous/608/2022.2/src/shared/hls/clib/hlsmath/src/c/ldexpfloat.cpp:10]   --->   Operation 362 'call' 'tmp2_7' <Predicate = true> <Delay = 1.77> <CoreType = "Generic">   --->   Core 0 '' <Latency = 0> <II = 1> <Delay = 1.00> <Generic> <Opcode : >
ST_22 : Operation 363 [1/1] (1.77ns)   --->   "%tmp3_7 = call i32 @generic_ldexp<float>, i32 %tmp1_7, i3 5" [/wrk/ci/prod/2022.2/hls_product/continuous/608/2022.2/src/shared/hls/clib/hlsmath/src/c/ldexpfloat.cpp:10]   --->   Operation 363 'call' 'tmp3_7' <Predicate = true> <Delay = 1.77> <CoreType = "Generic">   --->   Core 0 '' <Latency = 0> <II = 1> <Delay = 1.00> <Generic> <Opcode : >

State 23 <SV = 22> <Delay = 2.34>
ST_23 : Operation 364 [7/7] (2.34ns)   --->   "%arg1_result = fadd i32 %tmp2, i32 %tmp3" [/home/x_thileeb/repos/ops-hls-batching-new/codegen_apps/batching/poisson2d/u280_loopback_project/hls/device/include/PE_poisson_kernel_stencil.hpp:49]   --->   Operation 364 'fadd' 'arg1_result' <Predicate = true> <Delay = 2.34> <CoreInst = "FAddSub_fulldsp">   --->   Core 18 'FAddSub_fulldsp' <Latency = 6> <II = 1> <Delay = 2.34> <FuncUnit> <Opcode : 'fadd' 'fsub'> <InPorts = 2> <OutPorts = 1>
ST_23 : Operation 365 [7/7] (2.34ns)   --->   "%arg1_result_1 = fadd i32 %tmp2_1, i32 %tmp3_1" [/home/x_thileeb/repos/ops-hls-batching-new/codegen_apps/batching/poisson2d/u280_loopback_project/hls/device/include/PE_poisson_kernel_stencil.hpp:49]   --->   Operation 365 'fadd' 'arg1_result_1' <Predicate = true> <Delay = 2.34> <CoreInst = "FAddSub_fulldsp">   --->   Core 18 'FAddSub_fulldsp' <Latency = 6> <II = 1> <Delay = 2.34> <FuncUnit> <Opcode : 'fadd' 'fsub'> <InPorts = 2> <OutPorts = 1>
ST_23 : Operation 366 [7/7] (2.34ns)   --->   "%arg1_result_2 = fadd i32 %tmp2_2, i32 %tmp3_2" [/home/x_thileeb/repos/ops-hls-batching-new/codegen_apps/batching/poisson2d/u280_loopback_project/hls/device/include/PE_poisson_kernel_stencil.hpp:49]   --->   Operation 366 'fadd' 'arg1_result_2' <Predicate = true> <Delay = 2.34> <CoreInst = "FAddSub_fulldsp">   --->   Core 18 'FAddSub_fulldsp' <Latency = 6> <II = 1> <Delay = 2.34> <FuncUnit> <Opcode : 'fadd' 'fsub'> <InPorts = 2> <OutPorts = 1>
ST_23 : Operation 367 [7/7] (2.34ns)   --->   "%arg1_result_3 = fadd i32 %tmp2_3, i32 %tmp3_3" [/home/x_thileeb/repos/ops-hls-batching-new/codegen_apps/batching/poisson2d/u280_loopback_project/hls/device/include/PE_poisson_kernel_stencil.hpp:49]   --->   Operation 367 'fadd' 'arg1_result_3' <Predicate = true> <Delay = 2.34> <CoreInst = "FAddSub_fulldsp">   --->   Core 18 'FAddSub_fulldsp' <Latency = 6> <II = 1> <Delay = 2.34> <FuncUnit> <Opcode : 'fadd' 'fsub'> <InPorts = 2> <OutPorts = 1>
ST_23 : Operation 368 [7/7] (2.34ns)   --->   "%arg1_result_4 = fadd i32 %tmp2_4, i32 %tmp3_4" [/home/x_thileeb/repos/ops-hls-batching-new/codegen_apps/batching/poisson2d/u280_loopback_project/hls/device/include/PE_poisson_kernel_stencil.hpp:49]   --->   Operation 368 'fadd' 'arg1_result_4' <Predicate = true> <Delay = 2.34> <CoreInst = "FAddSub_fulldsp">   --->   Core 18 'FAddSub_fulldsp' <Latency = 6> <II = 1> <Delay = 2.34> <FuncUnit> <Opcode : 'fadd' 'fsub'> <InPorts = 2> <OutPorts = 1>
ST_23 : Operation 369 [7/7] (2.34ns)   --->   "%arg1_result_5 = fadd i32 %tmp2_5, i32 %tmp3_5" [/home/x_thileeb/repos/ops-hls-batching-new/codegen_apps/batching/poisson2d/u280_loopback_project/hls/device/include/PE_poisson_kernel_stencil.hpp:49]   --->   Operation 369 'fadd' 'arg1_result_5' <Predicate = true> <Delay = 2.34> <CoreInst = "FAddSub_fulldsp">   --->   Core 18 'FAddSub_fulldsp' <Latency = 6> <II = 1> <Delay = 2.34> <FuncUnit> <Opcode : 'fadd' 'fsub'> <InPorts = 2> <OutPorts = 1>
ST_23 : Operation 370 [7/7] (2.34ns)   --->   "%arg1_result_6 = fadd i32 %tmp2_6, i32 %tmp3_6" [/home/x_thileeb/repos/ops-hls-batching-new/codegen_apps/batching/poisson2d/u280_loopback_project/hls/device/include/PE_poisson_kernel_stencil.hpp:49]   --->   Operation 370 'fadd' 'arg1_result_6' <Predicate = true> <Delay = 2.34> <CoreInst = "FAddSub_fulldsp">   --->   Core 18 'FAddSub_fulldsp' <Latency = 6> <II = 1> <Delay = 2.34> <FuncUnit> <Opcode : 'fadd' 'fsub'> <InPorts = 2> <OutPorts = 1>
ST_23 : Operation 371 [7/7] (2.34ns)   --->   "%arg1_result_7 = fadd i32 %tmp2_7, i32 %tmp3_7" [/home/x_thileeb/repos/ops-hls-batching-new/codegen_apps/batching/poisson2d/u280_loopback_project/hls/device/include/PE_poisson_kernel_stencil.hpp:49]   --->   Operation 371 'fadd' 'arg1_result_7' <Predicate = true> <Delay = 2.34> <CoreInst = "FAddSub_fulldsp">   --->   Core 18 'FAddSub_fulldsp' <Latency = 6> <II = 1> <Delay = 2.34> <FuncUnit> <Opcode : 'fadd' 'fsub'> <InPorts = 2> <OutPorts = 1>

State 24 <SV = 23> <Delay = 2.34>
ST_24 : Operation 372 [6/7] (2.34ns)   --->   "%arg1_result = fadd i32 %tmp2, i32 %tmp3" [/home/x_thileeb/repos/ops-hls-batching-new/codegen_apps/batching/poisson2d/u280_loopback_project/hls/device/include/PE_poisson_kernel_stencil.hpp:49]   --->   Operation 372 'fadd' 'arg1_result' <Predicate = true> <Delay = 2.34> <CoreInst = "FAddSub_fulldsp">   --->   Core 18 'FAddSub_fulldsp' <Latency = 6> <II = 1> <Delay = 2.34> <FuncUnit> <Opcode : 'fadd' 'fsub'> <InPorts = 2> <OutPorts = 1>
ST_24 : Operation 373 [6/7] (2.34ns)   --->   "%arg1_result_1 = fadd i32 %tmp2_1, i32 %tmp3_1" [/home/x_thileeb/repos/ops-hls-batching-new/codegen_apps/batching/poisson2d/u280_loopback_project/hls/device/include/PE_poisson_kernel_stencil.hpp:49]   --->   Operation 373 'fadd' 'arg1_result_1' <Predicate = true> <Delay = 2.34> <CoreInst = "FAddSub_fulldsp">   --->   Core 18 'FAddSub_fulldsp' <Latency = 6> <II = 1> <Delay = 2.34> <FuncUnit> <Opcode : 'fadd' 'fsub'> <InPorts = 2> <OutPorts = 1>
ST_24 : Operation 374 [6/7] (2.34ns)   --->   "%arg1_result_2 = fadd i32 %tmp2_2, i32 %tmp3_2" [/home/x_thileeb/repos/ops-hls-batching-new/codegen_apps/batching/poisson2d/u280_loopback_project/hls/device/include/PE_poisson_kernel_stencil.hpp:49]   --->   Operation 374 'fadd' 'arg1_result_2' <Predicate = true> <Delay = 2.34> <CoreInst = "FAddSub_fulldsp">   --->   Core 18 'FAddSub_fulldsp' <Latency = 6> <II = 1> <Delay = 2.34> <FuncUnit> <Opcode : 'fadd' 'fsub'> <InPorts = 2> <OutPorts = 1>
ST_24 : Operation 375 [6/7] (2.34ns)   --->   "%arg1_result_3 = fadd i32 %tmp2_3, i32 %tmp3_3" [/home/x_thileeb/repos/ops-hls-batching-new/codegen_apps/batching/poisson2d/u280_loopback_project/hls/device/include/PE_poisson_kernel_stencil.hpp:49]   --->   Operation 375 'fadd' 'arg1_result_3' <Predicate = true> <Delay = 2.34> <CoreInst = "FAddSub_fulldsp">   --->   Core 18 'FAddSub_fulldsp' <Latency = 6> <II = 1> <Delay = 2.34> <FuncUnit> <Opcode : 'fadd' 'fsub'> <InPorts = 2> <OutPorts = 1>
ST_24 : Operation 376 [6/7] (2.34ns)   --->   "%arg1_result_4 = fadd i32 %tmp2_4, i32 %tmp3_4" [/home/x_thileeb/repos/ops-hls-batching-new/codegen_apps/batching/poisson2d/u280_loopback_project/hls/device/include/PE_poisson_kernel_stencil.hpp:49]   --->   Operation 376 'fadd' 'arg1_result_4' <Predicate = true> <Delay = 2.34> <CoreInst = "FAddSub_fulldsp">   --->   Core 18 'FAddSub_fulldsp' <Latency = 6> <II = 1> <Delay = 2.34> <FuncUnit> <Opcode : 'fadd' 'fsub'> <InPorts = 2> <OutPorts = 1>
ST_24 : Operation 377 [6/7] (2.34ns)   --->   "%arg1_result_5 = fadd i32 %tmp2_5, i32 %tmp3_5" [/home/x_thileeb/repos/ops-hls-batching-new/codegen_apps/batching/poisson2d/u280_loopback_project/hls/device/include/PE_poisson_kernel_stencil.hpp:49]   --->   Operation 377 'fadd' 'arg1_result_5' <Predicate = true> <Delay = 2.34> <CoreInst = "FAddSub_fulldsp">   --->   Core 18 'FAddSub_fulldsp' <Latency = 6> <II = 1> <Delay = 2.34> <FuncUnit> <Opcode : 'fadd' 'fsub'> <InPorts = 2> <OutPorts = 1>
ST_24 : Operation 378 [6/7] (2.34ns)   --->   "%arg1_result_6 = fadd i32 %tmp2_6, i32 %tmp3_6" [/home/x_thileeb/repos/ops-hls-batching-new/codegen_apps/batching/poisson2d/u280_loopback_project/hls/device/include/PE_poisson_kernel_stencil.hpp:49]   --->   Operation 378 'fadd' 'arg1_result_6' <Predicate = true> <Delay = 2.34> <CoreInst = "FAddSub_fulldsp">   --->   Core 18 'FAddSub_fulldsp' <Latency = 6> <II = 1> <Delay = 2.34> <FuncUnit> <Opcode : 'fadd' 'fsub'> <InPorts = 2> <OutPorts = 1>
ST_24 : Operation 379 [6/7] (2.34ns)   --->   "%arg1_result_7 = fadd i32 %tmp2_7, i32 %tmp3_7" [/home/x_thileeb/repos/ops-hls-batching-new/codegen_apps/batching/poisson2d/u280_loopback_project/hls/device/include/PE_poisson_kernel_stencil.hpp:49]   --->   Operation 379 'fadd' 'arg1_result_7' <Predicate = true> <Delay = 2.34> <CoreInst = "FAddSub_fulldsp">   --->   Core 18 'FAddSub_fulldsp' <Latency = 6> <II = 1> <Delay = 2.34> <FuncUnit> <Opcode : 'fadd' 'fsub'> <InPorts = 2> <OutPorts = 1>

State 25 <SV = 24> <Delay = 2.34>
ST_25 : Operation 380 [5/7] (2.34ns)   --->   "%arg1_result = fadd i32 %tmp2, i32 %tmp3" [/home/x_thileeb/repos/ops-hls-batching-new/codegen_apps/batching/poisson2d/u280_loopback_project/hls/device/include/PE_poisson_kernel_stencil.hpp:49]   --->   Operation 380 'fadd' 'arg1_result' <Predicate = true> <Delay = 2.34> <CoreInst = "FAddSub_fulldsp">   --->   Core 18 'FAddSub_fulldsp' <Latency = 6> <II = 1> <Delay = 2.34> <FuncUnit> <Opcode : 'fadd' 'fsub'> <InPorts = 2> <OutPorts = 1>
ST_25 : Operation 381 [5/7] (2.34ns)   --->   "%arg1_result_1 = fadd i32 %tmp2_1, i32 %tmp3_1" [/home/x_thileeb/repos/ops-hls-batching-new/codegen_apps/batching/poisson2d/u280_loopback_project/hls/device/include/PE_poisson_kernel_stencil.hpp:49]   --->   Operation 381 'fadd' 'arg1_result_1' <Predicate = true> <Delay = 2.34> <CoreInst = "FAddSub_fulldsp">   --->   Core 18 'FAddSub_fulldsp' <Latency = 6> <II = 1> <Delay = 2.34> <FuncUnit> <Opcode : 'fadd' 'fsub'> <InPorts = 2> <OutPorts = 1>
ST_25 : Operation 382 [5/7] (2.34ns)   --->   "%arg1_result_2 = fadd i32 %tmp2_2, i32 %tmp3_2" [/home/x_thileeb/repos/ops-hls-batching-new/codegen_apps/batching/poisson2d/u280_loopback_project/hls/device/include/PE_poisson_kernel_stencil.hpp:49]   --->   Operation 382 'fadd' 'arg1_result_2' <Predicate = true> <Delay = 2.34> <CoreInst = "FAddSub_fulldsp">   --->   Core 18 'FAddSub_fulldsp' <Latency = 6> <II = 1> <Delay = 2.34> <FuncUnit> <Opcode : 'fadd' 'fsub'> <InPorts = 2> <OutPorts = 1>
ST_25 : Operation 383 [5/7] (2.34ns)   --->   "%arg1_result_3 = fadd i32 %tmp2_3, i32 %tmp3_3" [/home/x_thileeb/repos/ops-hls-batching-new/codegen_apps/batching/poisson2d/u280_loopback_project/hls/device/include/PE_poisson_kernel_stencil.hpp:49]   --->   Operation 383 'fadd' 'arg1_result_3' <Predicate = true> <Delay = 2.34> <CoreInst = "FAddSub_fulldsp">   --->   Core 18 'FAddSub_fulldsp' <Latency = 6> <II = 1> <Delay = 2.34> <FuncUnit> <Opcode : 'fadd' 'fsub'> <InPorts = 2> <OutPorts = 1>
ST_25 : Operation 384 [5/7] (2.34ns)   --->   "%arg1_result_4 = fadd i32 %tmp2_4, i32 %tmp3_4" [/home/x_thileeb/repos/ops-hls-batching-new/codegen_apps/batching/poisson2d/u280_loopback_project/hls/device/include/PE_poisson_kernel_stencil.hpp:49]   --->   Operation 384 'fadd' 'arg1_result_4' <Predicate = true> <Delay = 2.34> <CoreInst = "FAddSub_fulldsp">   --->   Core 18 'FAddSub_fulldsp' <Latency = 6> <II = 1> <Delay = 2.34> <FuncUnit> <Opcode : 'fadd' 'fsub'> <InPorts = 2> <OutPorts = 1>
ST_25 : Operation 385 [5/7] (2.34ns)   --->   "%arg1_result_5 = fadd i32 %tmp2_5, i32 %tmp3_5" [/home/x_thileeb/repos/ops-hls-batching-new/codegen_apps/batching/poisson2d/u280_loopback_project/hls/device/include/PE_poisson_kernel_stencil.hpp:49]   --->   Operation 385 'fadd' 'arg1_result_5' <Predicate = true> <Delay = 2.34> <CoreInst = "FAddSub_fulldsp">   --->   Core 18 'FAddSub_fulldsp' <Latency = 6> <II = 1> <Delay = 2.34> <FuncUnit> <Opcode : 'fadd' 'fsub'> <InPorts = 2> <OutPorts = 1>
ST_25 : Operation 386 [5/7] (2.34ns)   --->   "%arg1_result_6 = fadd i32 %tmp2_6, i32 %tmp3_6" [/home/x_thileeb/repos/ops-hls-batching-new/codegen_apps/batching/poisson2d/u280_loopback_project/hls/device/include/PE_poisson_kernel_stencil.hpp:49]   --->   Operation 386 'fadd' 'arg1_result_6' <Predicate = true> <Delay = 2.34> <CoreInst = "FAddSub_fulldsp">   --->   Core 18 'FAddSub_fulldsp' <Latency = 6> <II = 1> <Delay = 2.34> <FuncUnit> <Opcode : 'fadd' 'fsub'> <InPorts = 2> <OutPorts = 1>
ST_25 : Operation 387 [5/7] (2.34ns)   --->   "%arg1_result_7 = fadd i32 %tmp2_7, i32 %tmp3_7" [/home/x_thileeb/repos/ops-hls-batching-new/codegen_apps/batching/poisson2d/u280_loopback_project/hls/device/include/PE_poisson_kernel_stencil.hpp:49]   --->   Operation 387 'fadd' 'arg1_result_7' <Predicate = true> <Delay = 2.34> <CoreInst = "FAddSub_fulldsp">   --->   Core 18 'FAddSub_fulldsp' <Latency = 6> <II = 1> <Delay = 2.34> <FuncUnit> <Opcode : 'fadd' 'fsub'> <InPorts = 2> <OutPorts = 1>

State 26 <SV = 25> <Delay = 2.34>
ST_26 : Operation 388 [4/7] (2.34ns)   --->   "%arg1_result = fadd i32 %tmp2, i32 %tmp3" [/home/x_thileeb/repos/ops-hls-batching-new/codegen_apps/batching/poisson2d/u280_loopback_project/hls/device/include/PE_poisson_kernel_stencil.hpp:49]   --->   Operation 388 'fadd' 'arg1_result' <Predicate = true> <Delay = 2.34> <CoreInst = "FAddSub_fulldsp">   --->   Core 18 'FAddSub_fulldsp' <Latency = 6> <II = 1> <Delay = 2.34> <FuncUnit> <Opcode : 'fadd' 'fsub'> <InPorts = 2> <OutPorts = 1>
ST_26 : Operation 389 [4/7] (2.34ns)   --->   "%arg1_result_1 = fadd i32 %tmp2_1, i32 %tmp3_1" [/home/x_thileeb/repos/ops-hls-batching-new/codegen_apps/batching/poisson2d/u280_loopback_project/hls/device/include/PE_poisson_kernel_stencil.hpp:49]   --->   Operation 389 'fadd' 'arg1_result_1' <Predicate = true> <Delay = 2.34> <CoreInst = "FAddSub_fulldsp">   --->   Core 18 'FAddSub_fulldsp' <Latency = 6> <II = 1> <Delay = 2.34> <FuncUnit> <Opcode : 'fadd' 'fsub'> <InPorts = 2> <OutPorts = 1>
ST_26 : Operation 390 [4/7] (2.34ns)   --->   "%arg1_result_2 = fadd i32 %tmp2_2, i32 %tmp3_2" [/home/x_thileeb/repos/ops-hls-batching-new/codegen_apps/batching/poisson2d/u280_loopback_project/hls/device/include/PE_poisson_kernel_stencil.hpp:49]   --->   Operation 390 'fadd' 'arg1_result_2' <Predicate = true> <Delay = 2.34> <CoreInst = "FAddSub_fulldsp">   --->   Core 18 'FAddSub_fulldsp' <Latency = 6> <II = 1> <Delay = 2.34> <FuncUnit> <Opcode : 'fadd' 'fsub'> <InPorts = 2> <OutPorts = 1>
ST_26 : Operation 391 [4/7] (2.34ns)   --->   "%arg1_result_3 = fadd i32 %tmp2_3, i32 %tmp3_3" [/home/x_thileeb/repos/ops-hls-batching-new/codegen_apps/batching/poisson2d/u280_loopback_project/hls/device/include/PE_poisson_kernel_stencil.hpp:49]   --->   Operation 391 'fadd' 'arg1_result_3' <Predicate = true> <Delay = 2.34> <CoreInst = "FAddSub_fulldsp">   --->   Core 18 'FAddSub_fulldsp' <Latency = 6> <II = 1> <Delay = 2.34> <FuncUnit> <Opcode : 'fadd' 'fsub'> <InPorts = 2> <OutPorts = 1>
ST_26 : Operation 392 [4/7] (2.34ns)   --->   "%arg1_result_4 = fadd i32 %tmp2_4, i32 %tmp3_4" [/home/x_thileeb/repos/ops-hls-batching-new/codegen_apps/batching/poisson2d/u280_loopback_project/hls/device/include/PE_poisson_kernel_stencil.hpp:49]   --->   Operation 392 'fadd' 'arg1_result_4' <Predicate = true> <Delay = 2.34> <CoreInst = "FAddSub_fulldsp">   --->   Core 18 'FAddSub_fulldsp' <Latency = 6> <II = 1> <Delay = 2.34> <FuncUnit> <Opcode : 'fadd' 'fsub'> <InPorts = 2> <OutPorts = 1>
ST_26 : Operation 393 [4/7] (2.34ns)   --->   "%arg1_result_5 = fadd i32 %tmp2_5, i32 %tmp3_5" [/home/x_thileeb/repos/ops-hls-batching-new/codegen_apps/batching/poisson2d/u280_loopback_project/hls/device/include/PE_poisson_kernel_stencil.hpp:49]   --->   Operation 393 'fadd' 'arg1_result_5' <Predicate = true> <Delay = 2.34> <CoreInst = "FAddSub_fulldsp">   --->   Core 18 'FAddSub_fulldsp' <Latency = 6> <II = 1> <Delay = 2.34> <FuncUnit> <Opcode : 'fadd' 'fsub'> <InPorts = 2> <OutPorts = 1>
ST_26 : Operation 394 [4/7] (2.34ns)   --->   "%arg1_result_6 = fadd i32 %tmp2_6, i32 %tmp3_6" [/home/x_thileeb/repos/ops-hls-batching-new/codegen_apps/batching/poisson2d/u280_loopback_project/hls/device/include/PE_poisson_kernel_stencil.hpp:49]   --->   Operation 394 'fadd' 'arg1_result_6' <Predicate = true> <Delay = 2.34> <CoreInst = "FAddSub_fulldsp">   --->   Core 18 'FAddSub_fulldsp' <Latency = 6> <II = 1> <Delay = 2.34> <FuncUnit> <Opcode : 'fadd' 'fsub'> <InPorts = 2> <OutPorts = 1>
ST_26 : Operation 395 [4/7] (2.34ns)   --->   "%arg1_result_7 = fadd i32 %tmp2_7, i32 %tmp3_7" [/home/x_thileeb/repos/ops-hls-batching-new/codegen_apps/batching/poisson2d/u280_loopback_project/hls/device/include/PE_poisson_kernel_stencil.hpp:49]   --->   Operation 395 'fadd' 'arg1_result_7' <Predicate = true> <Delay = 2.34> <CoreInst = "FAddSub_fulldsp">   --->   Core 18 'FAddSub_fulldsp' <Latency = 6> <II = 1> <Delay = 2.34> <FuncUnit> <Opcode : 'fadd' 'fsub'> <InPorts = 2> <OutPorts = 1>

State 27 <SV = 26> <Delay = 2.34>
ST_27 : Operation 396 [3/7] (2.34ns)   --->   "%arg1_result = fadd i32 %tmp2, i32 %tmp3" [/home/x_thileeb/repos/ops-hls-batching-new/codegen_apps/batching/poisson2d/u280_loopback_project/hls/device/include/PE_poisson_kernel_stencil.hpp:49]   --->   Operation 396 'fadd' 'arg1_result' <Predicate = true> <Delay = 2.34> <CoreInst = "FAddSub_fulldsp">   --->   Core 18 'FAddSub_fulldsp' <Latency = 6> <II = 1> <Delay = 2.34> <FuncUnit> <Opcode : 'fadd' 'fsub'> <InPorts = 2> <OutPorts = 1>
ST_27 : Operation 397 [3/7] (2.34ns)   --->   "%arg1_result_1 = fadd i32 %tmp2_1, i32 %tmp3_1" [/home/x_thileeb/repos/ops-hls-batching-new/codegen_apps/batching/poisson2d/u280_loopback_project/hls/device/include/PE_poisson_kernel_stencil.hpp:49]   --->   Operation 397 'fadd' 'arg1_result_1' <Predicate = true> <Delay = 2.34> <CoreInst = "FAddSub_fulldsp">   --->   Core 18 'FAddSub_fulldsp' <Latency = 6> <II = 1> <Delay = 2.34> <FuncUnit> <Opcode : 'fadd' 'fsub'> <InPorts = 2> <OutPorts = 1>
ST_27 : Operation 398 [3/7] (2.34ns)   --->   "%arg1_result_2 = fadd i32 %tmp2_2, i32 %tmp3_2" [/home/x_thileeb/repos/ops-hls-batching-new/codegen_apps/batching/poisson2d/u280_loopback_project/hls/device/include/PE_poisson_kernel_stencil.hpp:49]   --->   Operation 398 'fadd' 'arg1_result_2' <Predicate = true> <Delay = 2.34> <CoreInst = "FAddSub_fulldsp">   --->   Core 18 'FAddSub_fulldsp' <Latency = 6> <II = 1> <Delay = 2.34> <FuncUnit> <Opcode : 'fadd' 'fsub'> <InPorts = 2> <OutPorts = 1>
ST_27 : Operation 399 [3/7] (2.34ns)   --->   "%arg1_result_3 = fadd i32 %tmp2_3, i32 %tmp3_3" [/home/x_thileeb/repos/ops-hls-batching-new/codegen_apps/batching/poisson2d/u280_loopback_project/hls/device/include/PE_poisson_kernel_stencil.hpp:49]   --->   Operation 399 'fadd' 'arg1_result_3' <Predicate = true> <Delay = 2.34> <CoreInst = "FAddSub_fulldsp">   --->   Core 18 'FAddSub_fulldsp' <Latency = 6> <II = 1> <Delay = 2.34> <FuncUnit> <Opcode : 'fadd' 'fsub'> <InPorts = 2> <OutPorts = 1>
ST_27 : Operation 400 [3/7] (2.34ns)   --->   "%arg1_result_4 = fadd i32 %tmp2_4, i32 %tmp3_4" [/home/x_thileeb/repos/ops-hls-batching-new/codegen_apps/batching/poisson2d/u280_loopback_project/hls/device/include/PE_poisson_kernel_stencil.hpp:49]   --->   Operation 400 'fadd' 'arg1_result_4' <Predicate = true> <Delay = 2.34> <CoreInst = "FAddSub_fulldsp">   --->   Core 18 'FAddSub_fulldsp' <Latency = 6> <II = 1> <Delay = 2.34> <FuncUnit> <Opcode : 'fadd' 'fsub'> <InPorts = 2> <OutPorts = 1>
ST_27 : Operation 401 [3/7] (2.34ns)   --->   "%arg1_result_5 = fadd i32 %tmp2_5, i32 %tmp3_5" [/home/x_thileeb/repos/ops-hls-batching-new/codegen_apps/batching/poisson2d/u280_loopback_project/hls/device/include/PE_poisson_kernel_stencil.hpp:49]   --->   Operation 401 'fadd' 'arg1_result_5' <Predicate = true> <Delay = 2.34> <CoreInst = "FAddSub_fulldsp">   --->   Core 18 'FAddSub_fulldsp' <Latency = 6> <II = 1> <Delay = 2.34> <FuncUnit> <Opcode : 'fadd' 'fsub'> <InPorts = 2> <OutPorts = 1>
ST_27 : Operation 402 [3/7] (2.34ns)   --->   "%arg1_result_6 = fadd i32 %tmp2_6, i32 %tmp3_6" [/home/x_thileeb/repos/ops-hls-batching-new/codegen_apps/batching/poisson2d/u280_loopback_project/hls/device/include/PE_poisson_kernel_stencil.hpp:49]   --->   Operation 402 'fadd' 'arg1_result_6' <Predicate = true> <Delay = 2.34> <CoreInst = "FAddSub_fulldsp">   --->   Core 18 'FAddSub_fulldsp' <Latency = 6> <II = 1> <Delay = 2.34> <FuncUnit> <Opcode : 'fadd' 'fsub'> <InPorts = 2> <OutPorts = 1>
ST_27 : Operation 403 [3/7] (2.34ns)   --->   "%arg1_result_7 = fadd i32 %tmp2_7, i32 %tmp3_7" [/home/x_thileeb/repos/ops-hls-batching-new/codegen_apps/batching/poisson2d/u280_loopback_project/hls/device/include/PE_poisson_kernel_stencil.hpp:49]   --->   Operation 403 'fadd' 'arg1_result_7' <Predicate = true> <Delay = 2.34> <CoreInst = "FAddSub_fulldsp">   --->   Core 18 'FAddSub_fulldsp' <Latency = 6> <II = 1> <Delay = 2.34> <FuncUnit> <Opcode : 'fadd' 'fsub'> <InPorts = 2> <OutPorts = 1>

State 28 <SV = 27> <Delay = 2.34>
ST_28 : Operation 404 [2/7] (2.34ns)   --->   "%arg1_result = fadd i32 %tmp2, i32 %tmp3" [/home/x_thileeb/repos/ops-hls-batching-new/codegen_apps/batching/poisson2d/u280_loopback_project/hls/device/include/PE_poisson_kernel_stencil.hpp:49]   --->   Operation 404 'fadd' 'arg1_result' <Predicate = true> <Delay = 2.34> <CoreInst = "FAddSub_fulldsp">   --->   Core 18 'FAddSub_fulldsp' <Latency = 6> <II = 1> <Delay = 2.34> <FuncUnit> <Opcode : 'fadd' 'fsub'> <InPorts = 2> <OutPorts = 1>
ST_28 : Operation 405 [2/7] (2.34ns)   --->   "%arg1_result_1 = fadd i32 %tmp2_1, i32 %tmp3_1" [/home/x_thileeb/repos/ops-hls-batching-new/codegen_apps/batching/poisson2d/u280_loopback_project/hls/device/include/PE_poisson_kernel_stencil.hpp:49]   --->   Operation 405 'fadd' 'arg1_result_1' <Predicate = true> <Delay = 2.34> <CoreInst = "FAddSub_fulldsp">   --->   Core 18 'FAddSub_fulldsp' <Latency = 6> <II = 1> <Delay = 2.34> <FuncUnit> <Opcode : 'fadd' 'fsub'> <InPorts = 2> <OutPorts = 1>
ST_28 : Operation 406 [2/7] (2.34ns)   --->   "%arg1_result_2 = fadd i32 %tmp2_2, i32 %tmp3_2" [/home/x_thileeb/repos/ops-hls-batching-new/codegen_apps/batching/poisson2d/u280_loopback_project/hls/device/include/PE_poisson_kernel_stencil.hpp:49]   --->   Operation 406 'fadd' 'arg1_result_2' <Predicate = true> <Delay = 2.34> <CoreInst = "FAddSub_fulldsp">   --->   Core 18 'FAddSub_fulldsp' <Latency = 6> <II = 1> <Delay = 2.34> <FuncUnit> <Opcode : 'fadd' 'fsub'> <InPorts = 2> <OutPorts = 1>
ST_28 : Operation 407 [2/7] (2.34ns)   --->   "%arg1_result_3 = fadd i32 %tmp2_3, i32 %tmp3_3" [/home/x_thileeb/repos/ops-hls-batching-new/codegen_apps/batching/poisson2d/u280_loopback_project/hls/device/include/PE_poisson_kernel_stencil.hpp:49]   --->   Operation 407 'fadd' 'arg1_result_3' <Predicate = true> <Delay = 2.34> <CoreInst = "FAddSub_fulldsp">   --->   Core 18 'FAddSub_fulldsp' <Latency = 6> <II = 1> <Delay = 2.34> <FuncUnit> <Opcode : 'fadd' 'fsub'> <InPorts = 2> <OutPorts = 1>
ST_28 : Operation 408 [2/7] (2.34ns)   --->   "%arg1_result_4 = fadd i32 %tmp2_4, i32 %tmp3_4" [/home/x_thileeb/repos/ops-hls-batching-new/codegen_apps/batching/poisson2d/u280_loopback_project/hls/device/include/PE_poisson_kernel_stencil.hpp:49]   --->   Operation 408 'fadd' 'arg1_result_4' <Predicate = true> <Delay = 2.34> <CoreInst = "FAddSub_fulldsp">   --->   Core 18 'FAddSub_fulldsp' <Latency = 6> <II = 1> <Delay = 2.34> <FuncUnit> <Opcode : 'fadd' 'fsub'> <InPorts = 2> <OutPorts = 1>
ST_28 : Operation 409 [2/7] (2.34ns)   --->   "%arg1_result_5 = fadd i32 %tmp2_5, i32 %tmp3_5" [/home/x_thileeb/repos/ops-hls-batching-new/codegen_apps/batching/poisson2d/u280_loopback_project/hls/device/include/PE_poisson_kernel_stencil.hpp:49]   --->   Operation 409 'fadd' 'arg1_result_5' <Predicate = true> <Delay = 2.34> <CoreInst = "FAddSub_fulldsp">   --->   Core 18 'FAddSub_fulldsp' <Latency = 6> <II = 1> <Delay = 2.34> <FuncUnit> <Opcode : 'fadd' 'fsub'> <InPorts = 2> <OutPorts = 1>
ST_28 : Operation 410 [2/7] (2.34ns)   --->   "%arg1_result_6 = fadd i32 %tmp2_6, i32 %tmp3_6" [/home/x_thileeb/repos/ops-hls-batching-new/codegen_apps/batching/poisson2d/u280_loopback_project/hls/device/include/PE_poisson_kernel_stencil.hpp:49]   --->   Operation 410 'fadd' 'arg1_result_6' <Predicate = true> <Delay = 2.34> <CoreInst = "FAddSub_fulldsp">   --->   Core 18 'FAddSub_fulldsp' <Latency = 6> <II = 1> <Delay = 2.34> <FuncUnit> <Opcode : 'fadd' 'fsub'> <InPorts = 2> <OutPorts = 1>
ST_28 : Operation 411 [2/7] (2.34ns)   --->   "%arg1_result_7 = fadd i32 %tmp2_7, i32 %tmp3_7" [/home/x_thileeb/repos/ops-hls-batching-new/codegen_apps/batching/poisson2d/u280_loopback_project/hls/device/include/PE_poisson_kernel_stencil.hpp:49]   --->   Operation 411 'fadd' 'arg1_result_7' <Predicate = true> <Delay = 2.34> <CoreInst = "FAddSub_fulldsp">   --->   Core 18 'FAddSub_fulldsp' <Latency = 6> <II = 1> <Delay = 2.34> <FuncUnit> <Opcode : 'fadd' 'fsub'> <InPorts = 2> <OutPorts = 1>

State 29 <SV = 28> <Delay = 2.34>
ST_29 : Operation 412 [1/1] (0.00ns)   --->   "%j_load = load i16 %j" [/home/x_thileeb/repos/ops-hls-batching-new/codegen_apps/batching/poisson2d/u280_loopback_project/hls/device/include/PE_poisson_kernel_stencil.hpp:203]   --->   Operation 412 'load' 'j_load' <Predicate = true> <Delay = 0.00>
ST_29 : Operation 413 [1/1] (0.00ns)   --->   "%i_load = load i16 %i" [/home/x_thileeb/repos/ops-hls-batching-new/codegen_apps/batching/poisson2d/u280_loopback_project/hls/device/include/PE_poisson_kernel_stencil.hpp:199]   --->   Operation 413 'load' 'i_load' <Predicate = true> <Delay = 0.00>
ST_29 : Operation 414 [1/1] (0.00ns)   --->   "%specpipeline_ln173 = specpipeline void @_ssdm_op_SpecPipeline, i32 1, i32 0, i32 0, i32 0, void @empty_18" [/home/x_thileeb/repos/ops-hls-batching-new/codegen_apps/batching/poisson2d/u280_loopback_project/hls/device/include/PE_poisson_kernel_stencil.hpp:173]   --->   Operation 414 'specpipeline' 'specpipeline_ln173' <Predicate = true> <Delay = 0.00>
ST_29 : Operation 415 [1/1] (0.00ns)   --->   "%specloopname_ln131 = specloopname void @_ssdm_op_SpecLoopName, void @empty_7" [/home/x_thileeb/repos/ops-hls-batching-new/codegen_apps/batching/poisson2d/u280_loopback_project/hls/device/include/PE_poisson_kernel_stencil.hpp:131]   --->   Operation 415 'specloopname' 'specloopname_ln131' <Predicate = true> <Delay = 0.00>
ST_29 : Operation 416 [1/1] (0.67ns)   --->   "%cond_x_terminate = icmp_eq  i16 %i_load, i16 %cond_x_val_read" [/home/x_thileeb/repos/ops-hls-batching-new/codegen_apps/batching/poisson2d/u280_loopback_project/hls/device/include/PE_poisson_kernel_stencil.hpp:178]   --->   Operation 416 'icmp' 'cond_x_terminate' <Predicate = true> <Delay = 0.67> <CoreInst = "Cmp">   --->   Core 9 'Cmp' <Latency = 0> <II = 1> <Delay = 0.67> <FuncUnit> <Opcode : 'icmp'> <InPorts = 2> <OutPorts = 1>
ST_29 : Operation 417 [1/1] (0.67ns)   --->   "%cond_y_terminate = icmp_eq  i16 %j_load, i16 %cond_y_val_read" [/home/x_thileeb/repos/ops-hls-batching-new/codegen_apps/batching/poisson2d/u280_loopback_project/hls/device/include/PE_poisson_kernel_stencil.hpp:179]   --->   Operation 417 'icmp' 'cond_y_terminate' <Predicate = true> <Delay = 0.67> <CoreInst = "Cmp">   --->   Core 9 'Cmp' <Latency = 0> <II = 1> <Delay = 0.67> <FuncUnit> <Opcode : 'icmp'> <InPorts = 2> <OutPorts = 1>
ST_29 : Operation 418 [1/1] (0.78ns)   --->   "%i_1 = add i16 %i_load, i16 1" [/home/x_thileeb/repos/ops-hls-batching-new/codegen_apps/batching/poisson2d/u280_loopback_project/hls/device/include/PE_poisson_kernel_stencil.hpp:199]   --->   Operation 418 'add' 'i_1' <Predicate = true> <Delay = 0.78> <CoreInst = "Adder">   --->   Core 1 'Adder' <Latency = 0> <II = 1> <Delay = 0.78> <FuncUnit> <Opcode : 'add' 'sub'> <InPorts = 2> <OutPorts = 1>
ST_29 : Operation 419 [1/1] (0.24ns)   --->   "%i_2 = select i1 %cond_x_terminate, i16 0, i16 %i_1" [/home/x_thileeb/repos/ops-hls-batching-new/codegen_apps/batching/poisson2d/u280_loopback_project/hls/device/include/PE_poisson_kernel_stencil.hpp:196]   --->   Operation 419 'select' 'i_2' <Predicate = true> <Delay = 0.24> <CoreInst = "Sel">   --->   Core 73 'Sel' <Latency = 0> <II = 1> <Delay = 0.24> <FuncUnit> <Opcode : 'select'> <InPorts = 3> <OutPorts = 1>
ST_29 : Operation 420 [1/1] (0.00ns) (grouped into LUT with out node j_2)   --->   "%and_ln200 = and i1 %cond_x_terminate, i1 %cond_y_terminate" [/home/x_thileeb/repos/ops-hls-batching-new/codegen_apps/batching/poisson2d/u280_loopback_project/hls/device/include/PE_poisson_kernel_stencil.hpp:200]   --->   Operation 420 'and' 'and_ln200' <Predicate = true> <Delay = 0.00> <CoreInst = "LogicGate">   --->   Core 74 'LogicGate' <Latency = 0> <II = 1> <Delay = 0.12> <FuncUnit> <Opcode : 'and' 'or' 'xor'> <InPorts = 2> <OutPorts = 1>
ST_29 : Operation 421 [1/1] (0.78ns)   --->   "%add_ln203 = add i16 %j_load, i16 1" [/home/x_thileeb/repos/ops-hls-batching-new/codegen_apps/batching/poisson2d/u280_loopback_project/hls/device/include/PE_poisson_kernel_stencil.hpp:203]   --->   Operation 421 'add' 'add_ln203' <Predicate = true> <Delay = 0.78> <CoreInst = "Adder">   --->   Core 1 'Adder' <Latency = 0> <II = 1> <Delay = 0.78> <FuncUnit> <Opcode : 'add' 'sub'> <InPorts = 2> <OutPorts = 1>
ST_29 : Operation 422 [1/1] (0.00ns) (grouped into LUT with out node j_2)   --->   "%j_1 = select i1 %cond_x_terminate, i16 %add_ln203, i16 %j_load" [/home/x_thileeb/repos/ops-hls-batching-new/codegen_apps/batching/poisson2d/u280_loopback_project/hls/device/include/PE_poisson_kernel_stencil.hpp:202]   --->   Operation 422 'select' 'j_1' <Predicate = true> <Delay = 0.00> <CoreInst = "Sel">   --->   Core 73 'Sel' <Latency = 0> <II = 1> <Delay = 0.24> <FuncUnit> <Opcode : 'select'> <InPorts = 3> <OutPorts = 1>
ST_29 : Operation 423 [1/1] (0.24ns) (out node of the LUT)   --->   "%j_2 = select i1 %and_ln200, i16 0, i16 %j_1" [/home/x_thileeb/repos/ops-hls-batching-new/codegen_apps/batching/poisson2d/u280_loopback_project/hls/device/include/PE_poisson_kernel_stencil.hpp:200]   --->   Operation 423 'select' 'j_2' <Predicate = true> <Delay = 0.24> <CoreInst = "Sel">   --->   Core 73 'Sel' <Latency = 0> <II = 1> <Delay = 0.24> <FuncUnit> <Opcode : 'select'> <InPorts = 3> <OutPorts = 1>
ST_29 : Operation 424 [1/1] (0.00ns)   --->   "%index = shl i16 %i_2, i16 3" [/home/x_thileeb/repos/ops-hls-batching-new/codegen_apps/batching/poisson2d/u280_loopback_project/hls/device/include/PE_poisson_kernel_stencil.hpp:310]   --->   Operation 424 'shl' 'index' <Predicate = true> <Delay = 0.00>
ST_29 : Operation 425 [1/1] (0.00ns)   --->   "%sext_ln310 = sext i16 %j_2" [/home/x_thileeb/repos/ops-hls-batching-new/codegen_apps/batching/poisson2d/u280_loopback_project/hls/device/include/PE_poisson_kernel_stencil.hpp:310]   --->   Operation 425 'sext' 'sext_ln310' <Predicate = true> <Delay = 0.00>
ST_29 : Operation 426 [1/1] (0.00ns)   --->   "%sext_ln313 = sext i16 %index" [/home/x_thileeb/repos/ops-hls-batching-new/codegen_apps/batching/poisson2d/u280_loopback_project/hls/device/include/PE_poisson_kernel_stencil.hpp:313]   --->   Operation 426 'sext' 'sext_ln313' <Predicate = true> <Delay = 0.00>
ST_29 : Operation 427 [1/1] (0.67ns)   --->   "%icmp_ln313 = icmp_slt  i17 %sext_ln313, i17 %zext_ln313_cast" [/home/x_thileeb/repos/ops-hls-batching-new/codegen_apps/batching/poisson2d/u280_loopback_project/hls/device/include/PE_poisson_kernel_stencil.hpp:313]   --->   Operation 427 'icmp' 'icmp_ln313' <Predicate = true> <Delay = 0.67> <CoreInst = "Cmp">   --->   Core 9 'Cmp' <Latency = 0> <II = 1> <Delay = 0.67> <FuncUnit> <Opcode : 'icmp'> <InPorts = 2> <OutPorts = 1>
ST_29 : Operation 428 [1/1] (0.67ns)   --->   "%icmp_ln313_1 = icmp_slt  i17 %sext_ln313, i17 %zext_ln314_cast" [/home/x_thileeb/repos/ops-hls-batching-new/codegen_apps/batching/poisson2d/u280_loopback_project/hls/device/include/PE_poisson_kernel_stencil.hpp:313]   --->   Operation 428 'icmp' 'icmp_ln313_1' <Predicate = true> <Delay = 0.67> <CoreInst = "Cmp">   --->   Core 9 'Cmp' <Latency = 0> <II = 1> <Delay = 0.67> <FuncUnit> <Opcode : 'icmp'> <InPorts = 2> <OutPorts = 1>
ST_29 : Operation 429 [1/1] (0.67ns)   --->   "%icmp_ln314 = icmp_slt  i17 %sext_ln310, i17 %zext_ln315_cast" [/home/x_thileeb/repos/ops-hls-batching-new/codegen_apps/batching/poisson2d/u280_loopback_project/hls/device/include/PE_poisson_kernel_stencil.hpp:314]   --->   Operation 429 'icmp' 'icmp_ln314' <Predicate = true> <Delay = 0.67> <CoreInst = "Cmp">   --->   Core 9 'Cmp' <Latency = 0> <II = 1> <Delay = 0.67> <FuncUnit> <Opcode : 'icmp'> <InPorts = 2> <OutPorts = 1>
ST_29 : Operation 430 [1/1] (0.67ns)   --->   "%icmp_ln315 = icmp_slt  i17 %sext_ln310, i17 %zext_ln94_cast" [/home/x_thileeb/repos/ops-hls-batching-new/codegen_apps/batching/poisson2d/u280_loopback_project/hls/device/include/PE_poisson_kernel_stencil.hpp:315]   --->   Operation 430 'icmp' 'icmp_ln315' <Predicate = true> <Delay = 0.67> <CoreInst = "Cmp">   --->   Core 9 'Cmp' <Latency = 0> <II = 1> <Delay = 0.67> <FuncUnit> <Opcode : 'icmp'> <InPorts = 2> <OutPorts = 1>
ST_29 : Operation 431 [1/1] (0.00ns) (grouped into LUT with out node or_ln315_1)   --->   "%xor_ln315 = xor i1 %icmp_ln315, i1 1" [/home/x_thileeb/repos/ops-hls-batching-new/codegen_apps/batching/poisson2d/u280_loopback_project/hls/device/include/PE_poisson_kernel_stencil.hpp:315]   --->   Operation 431 'xor' 'xor_ln315' <Predicate = true> <Delay = 0.00> <CoreInst = "LogicGate">   --->   Core 74 'LogicGate' <Latency = 0> <II = 1> <Delay = 0.12> <FuncUnit> <Opcode : 'and' 'or' 'xor'> <InPorts = 2> <OutPorts = 1>
ST_29 : Operation 432 [1/1] (0.12ns) (out node of the LUT)   --->   "%or_ln315_1 = or i1 %icmp_ln314, i1 %xor_ln315" [/home/x_thileeb/repos/ops-hls-batching-new/codegen_apps/batching/poisson2d/u280_loopback_project/hls/device/include/PE_poisson_kernel_stencil.hpp:315]   --->   Operation 432 'or' 'or_ln315_1' <Predicate = true> <Delay = 0.12> <CoreInst = "LogicGate">   --->   Core 74 'LogicGate' <Latency = 0> <II = 1> <Delay = 0.12> <FuncUnit> <Opcode : 'and' 'or' 'xor'> <InPorts = 2> <OutPorts = 1>
ST_29 : Operation 433 [1/7] (2.34ns)   --->   "%arg1_result = fadd i32 %tmp2, i32 %tmp3" [/home/x_thileeb/repos/ops-hls-batching-new/codegen_apps/batching/poisson2d/u280_loopback_project/hls/device/include/PE_poisson_kernel_stencil.hpp:49]   --->   Operation 433 'fadd' 'arg1_result' <Predicate = true> <Delay = 2.34> <CoreInst = "FAddSub_fulldsp">   --->   Core 18 'FAddSub_fulldsp' <Latency = 6> <II = 1> <Delay = 2.34> <FuncUnit> <Opcode : 'fadd' 'fsub'> <InPorts = 2> <OutPorts = 1>
ST_29 : Operation 434 [1/1] (0.00ns)   --->   "%index_1 = or i16 %index, i16 1" [/home/x_thileeb/repos/ops-hls-batching-new/codegen_apps/batching/poisson2d/u280_loopback_project/hls/device/include/PE_poisson_kernel_stencil.hpp:310]   --->   Operation 434 'or' 'index_1' <Predicate = true> <Delay = 0.00>
ST_29 : Operation 435 [1/1] (0.00ns)   --->   "%sext_ln313_1 = sext i16 %index_1" [/home/x_thileeb/repos/ops-hls-batching-new/codegen_apps/batching/poisson2d/u280_loopback_project/hls/device/include/PE_poisson_kernel_stencil.hpp:313]   --->   Operation 435 'sext' 'sext_ln313_1' <Predicate = true> <Delay = 0.00>
ST_29 : Operation 436 [1/1] (0.67ns)   --->   "%icmp_ln313_2 = icmp_slt  i17 %sext_ln313_1, i17 %zext_ln313_cast" [/home/x_thileeb/repos/ops-hls-batching-new/codegen_apps/batching/poisson2d/u280_loopback_project/hls/device/include/PE_poisson_kernel_stencil.hpp:313]   --->   Operation 436 'icmp' 'icmp_ln313_2' <Predicate = true> <Delay = 0.67> <CoreInst = "Cmp">   --->   Core 9 'Cmp' <Latency = 0> <II = 1> <Delay = 0.67> <FuncUnit> <Opcode : 'icmp'> <InPorts = 2> <OutPorts = 1>
ST_29 : Operation 437 [1/1] (0.67ns)   --->   "%icmp_ln313_3 = icmp_slt  i17 %sext_ln313_1, i17 %zext_ln314_cast" [/home/x_thileeb/repos/ops-hls-batching-new/codegen_apps/batching/poisson2d/u280_loopback_project/hls/device/include/PE_poisson_kernel_stencil.hpp:313]   --->   Operation 437 'icmp' 'icmp_ln313_3' <Predicate = true> <Delay = 0.67> <CoreInst = "Cmp">   --->   Core 9 'Cmp' <Latency = 0> <II = 1> <Delay = 0.67> <FuncUnit> <Opcode : 'icmp'> <InPorts = 2> <OutPorts = 1>
ST_29 : Operation 438 [1/7] (2.34ns)   --->   "%arg1_result_1 = fadd i32 %tmp2_1, i32 %tmp3_1" [/home/x_thileeb/repos/ops-hls-batching-new/codegen_apps/batching/poisson2d/u280_loopback_project/hls/device/include/PE_poisson_kernel_stencil.hpp:49]   --->   Operation 438 'fadd' 'arg1_result_1' <Predicate = true> <Delay = 2.34> <CoreInst = "FAddSub_fulldsp">   --->   Core 18 'FAddSub_fulldsp' <Latency = 6> <II = 1> <Delay = 2.34> <FuncUnit> <Opcode : 'fadd' 'fsub'> <InPorts = 2> <OutPorts = 1>
ST_29 : Operation 439 [1/1] (0.00ns)   --->   "%index_2 = or i16 %index, i16 2" [/home/x_thileeb/repos/ops-hls-batching-new/codegen_apps/batching/poisson2d/u280_loopback_project/hls/device/include/PE_poisson_kernel_stencil.hpp:310]   --->   Operation 439 'or' 'index_2' <Predicate = true> <Delay = 0.00>
ST_29 : Operation 440 [1/1] (0.00ns)   --->   "%sext_ln313_2 = sext i16 %index_2" [/home/x_thileeb/repos/ops-hls-batching-new/codegen_apps/batching/poisson2d/u280_loopback_project/hls/device/include/PE_poisson_kernel_stencil.hpp:313]   --->   Operation 440 'sext' 'sext_ln313_2' <Predicate = true> <Delay = 0.00>
ST_29 : Operation 441 [1/1] (0.67ns)   --->   "%icmp_ln313_4 = icmp_slt  i17 %sext_ln313_2, i17 %zext_ln313_cast" [/home/x_thileeb/repos/ops-hls-batching-new/codegen_apps/batching/poisson2d/u280_loopback_project/hls/device/include/PE_poisson_kernel_stencil.hpp:313]   --->   Operation 441 'icmp' 'icmp_ln313_4' <Predicate = true> <Delay = 0.67> <CoreInst = "Cmp">   --->   Core 9 'Cmp' <Latency = 0> <II = 1> <Delay = 0.67> <FuncUnit> <Opcode : 'icmp'> <InPorts = 2> <OutPorts = 1>
ST_29 : Operation 442 [1/1] (0.67ns)   --->   "%icmp_ln313_5 = icmp_slt  i17 %sext_ln313_2, i17 %zext_ln314_cast" [/home/x_thileeb/repos/ops-hls-batching-new/codegen_apps/batching/poisson2d/u280_loopback_project/hls/device/include/PE_poisson_kernel_stencil.hpp:313]   --->   Operation 442 'icmp' 'icmp_ln313_5' <Predicate = true> <Delay = 0.67> <CoreInst = "Cmp">   --->   Core 9 'Cmp' <Latency = 0> <II = 1> <Delay = 0.67> <FuncUnit> <Opcode : 'icmp'> <InPorts = 2> <OutPorts = 1>
ST_29 : Operation 443 [1/7] (2.34ns)   --->   "%arg1_result_2 = fadd i32 %tmp2_2, i32 %tmp3_2" [/home/x_thileeb/repos/ops-hls-batching-new/codegen_apps/batching/poisson2d/u280_loopback_project/hls/device/include/PE_poisson_kernel_stencil.hpp:49]   --->   Operation 443 'fadd' 'arg1_result_2' <Predicate = true> <Delay = 2.34> <CoreInst = "FAddSub_fulldsp">   --->   Core 18 'FAddSub_fulldsp' <Latency = 6> <II = 1> <Delay = 2.34> <FuncUnit> <Opcode : 'fadd' 'fsub'> <InPorts = 2> <OutPorts = 1>
ST_29 : Operation 444 [1/1] (0.00ns)   --->   "%index_3 = or i16 %index, i16 3" [/home/x_thileeb/repos/ops-hls-batching-new/codegen_apps/batching/poisson2d/u280_loopback_project/hls/device/include/PE_poisson_kernel_stencil.hpp:310]   --->   Operation 444 'or' 'index_3' <Predicate = true> <Delay = 0.00>
ST_29 : Operation 445 [1/1] (0.00ns)   --->   "%sext_ln313_3 = sext i16 %index_3" [/home/x_thileeb/repos/ops-hls-batching-new/codegen_apps/batching/poisson2d/u280_loopback_project/hls/device/include/PE_poisson_kernel_stencil.hpp:313]   --->   Operation 445 'sext' 'sext_ln313_3' <Predicate = true> <Delay = 0.00>
ST_29 : Operation 446 [1/1] (0.67ns)   --->   "%icmp_ln313_6 = icmp_slt  i17 %sext_ln313_3, i17 %zext_ln313_cast" [/home/x_thileeb/repos/ops-hls-batching-new/codegen_apps/batching/poisson2d/u280_loopback_project/hls/device/include/PE_poisson_kernel_stencil.hpp:313]   --->   Operation 446 'icmp' 'icmp_ln313_6' <Predicate = true> <Delay = 0.67> <CoreInst = "Cmp">   --->   Core 9 'Cmp' <Latency = 0> <II = 1> <Delay = 0.67> <FuncUnit> <Opcode : 'icmp'> <InPorts = 2> <OutPorts = 1>
ST_29 : Operation 447 [1/1] (0.67ns)   --->   "%icmp_ln313_7 = icmp_slt  i17 %sext_ln313_3, i17 %zext_ln314_cast" [/home/x_thileeb/repos/ops-hls-batching-new/codegen_apps/batching/poisson2d/u280_loopback_project/hls/device/include/PE_poisson_kernel_stencil.hpp:313]   --->   Operation 447 'icmp' 'icmp_ln313_7' <Predicate = true> <Delay = 0.67> <CoreInst = "Cmp">   --->   Core 9 'Cmp' <Latency = 0> <II = 1> <Delay = 0.67> <FuncUnit> <Opcode : 'icmp'> <InPorts = 2> <OutPorts = 1>
ST_29 : Operation 448 [1/7] (2.34ns)   --->   "%arg1_result_3 = fadd i32 %tmp2_3, i32 %tmp3_3" [/home/x_thileeb/repos/ops-hls-batching-new/codegen_apps/batching/poisson2d/u280_loopback_project/hls/device/include/PE_poisson_kernel_stencil.hpp:49]   --->   Operation 448 'fadd' 'arg1_result_3' <Predicate = true> <Delay = 2.34> <CoreInst = "FAddSub_fulldsp">   --->   Core 18 'FAddSub_fulldsp' <Latency = 6> <II = 1> <Delay = 2.34> <FuncUnit> <Opcode : 'fadd' 'fsub'> <InPorts = 2> <OutPorts = 1>
ST_29 : Operation 449 [1/1] (0.00ns)   --->   "%index_4 = or i16 %index, i16 4" [/home/x_thileeb/repos/ops-hls-batching-new/codegen_apps/batching/poisson2d/u280_loopback_project/hls/device/include/PE_poisson_kernel_stencil.hpp:310]   --->   Operation 449 'or' 'index_4' <Predicate = true> <Delay = 0.00>
ST_29 : Operation 450 [1/1] (0.00ns)   --->   "%sext_ln313_4 = sext i16 %index_4" [/home/x_thileeb/repos/ops-hls-batching-new/codegen_apps/batching/poisson2d/u280_loopback_project/hls/device/include/PE_poisson_kernel_stencil.hpp:313]   --->   Operation 450 'sext' 'sext_ln313_4' <Predicate = true> <Delay = 0.00>
ST_29 : Operation 451 [1/1] (0.67ns)   --->   "%icmp_ln313_8 = icmp_slt  i17 %sext_ln313_4, i17 %zext_ln313_cast" [/home/x_thileeb/repos/ops-hls-batching-new/codegen_apps/batching/poisson2d/u280_loopback_project/hls/device/include/PE_poisson_kernel_stencil.hpp:313]   --->   Operation 451 'icmp' 'icmp_ln313_8' <Predicate = true> <Delay = 0.67> <CoreInst = "Cmp">   --->   Core 9 'Cmp' <Latency = 0> <II = 1> <Delay = 0.67> <FuncUnit> <Opcode : 'icmp'> <InPorts = 2> <OutPorts = 1>
ST_29 : Operation 452 [1/1] (0.67ns)   --->   "%icmp_ln313_9 = icmp_slt  i17 %sext_ln313_4, i17 %zext_ln314_cast" [/home/x_thileeb/repos/ops-hls-batching-new/codegen_apps/batching/poisson2d/u280_loopback_project/hls/device/include/PE_poisson_kernel_stencil.hpp:313]   --->   Operation 452 'icmp' 'icmp_ln313_9' <Predicate = true> <Delay = 0.67> <CoreInst = "Cmp">   --->   Core 9 'Cmp' <Latency = 0> <II = 1> <Delay = 0.67> <FuncUnit> <Opcode : 'icmp'> <InPorts = 2> <OutPorts = 1>
ST_29 : Operation 453 [1/7] (2.34ns)   --->   "%arg1_result_4 = fadd i32 %tmp2_4, i32 %tmp3_4" [/home/x_thileeb/repos/ops-hls-batching-new/codegen_apps/batching/poisson2d/u280_loopback_project/hls/device/include/PE_poisson_kernel_stencil.hpp:49]   --->   Operation 453 'fadd' 'arg1_result_4' <Predicate = true> <Delay = 2.34> <CoreInst = "FAddSub_fulldsp">   --->   Core 18 'FAddSub_fulldsp' <Latency = 6> <II = 1> <Delay = 2.34> <FuncUnit> <Opcode : 'fadd' 'fsub'> <InPorts = 2> <OutPorts = 1>
ST_29 : Operation 454 [1/1] (0.00ns)   --->   "%index_5 = or i16 %index, i16 5" [/home/x_thileeb/repos/ops-hls-batching-new/codegen_apps/batching/poisson2d/u280_loopback_project/hls/device/include/PE_poisson_kernel_stencil.hpp:310]   --->   Operation 454 'or' 'index_5' <Predicate = true> <Delay = 0.00>
ST_29 : Operation 455 [1/1] (0.00ns)   --->   "%sext_ln313_5 = sext i16 %index_5" [/home/x_thileeb/repos/ops-hls-batching-new/codegen_apps/batching/poisson2d/u280_loopback_project/hls/device/include/PE_poisson_kernel_stencil.hpp:313]   --->   Operation 455 'sext' 'sext_ln313_5' <Predicate = true> <Delay = 0.00>
ST_29 : Operation 456 [1/1] (0.67ns)   --->   "%icmp_ln313_10 = icmp_slt  i17 %sext_ln313_5, i17 %zext_ln313_cast" [/home/x_thileeb/repos/ops-hls-batching-new/codegen_apps/batching/poisson2d/u280_loopback_project/hls/device/include/PE_poisson_kernel_stencil.hpp:313]   --->   Operation 456 'icmp' 'icmp_ln313_10' <Predicate = true> <Delay = 0.67> <CoreInst = "Cmp">   --->   Core 9 'Cmp' <Latency = 0> <II = 1> <Delay = 0.67> <FuncUnit> <Opcode : 'icmp'> <InPorts = 2> <OutPorts = 1>
ST_29 : Operation 457 [1/1] (0.67ns)   --->   "%icmp_ln313_11 = icmp_slt  i17 %sext_ln313_5, i17 %zext_ln314_cast" [/home/x_thileeb/repos/ops-hls-batching-new/codegen_apps/batching/poisson2d/u280_loopback_project/hls/device/include/PE_poisson_kernel_stencil.hpp:313]   --->   Operation 457 'icmp' 'icmp_ln313_11' <Predicate = true> <Delay = 0.67> <CoreInst = "Cmp">   --->   Core 9 'Cmp' <Latency = 0> <II = 1> <Delay = 0.67> <FuncUnit> <Opcode : 'icmp'> <InPorts = 2> <OutPorts = 1>
ST_29 : Operation 458 [1/7] (2.34ns)   --->   "%arg1_result_5 = fadd i32 %tmp2_5, i32 %tmp3_5" [/home/x_thileeb/repos/ops-hls-batching-new/codegen_apps/batching/poisson2d/u280_loopback_project/hls/device/include/PE_poisson_kernel_stencil.hpp:49]   --->   Operation 458 'fadd' 'arg1_result_5' <Predicate = true> <Delay = 2.34> <CoreInst = "FAddSub_fulldsp">   --->   Core 18 'FAddSub_fulldsp' <Latency = 6> <II = 1> <Delay = 2.34> <FuncUnit> <Opcode : 'fadd' 'fsub'> <InPorts = 2> <OutPorts = 1>
ST_29 : Operation 459 [1/1] (0.00ns)   --->   "%index_6 = or i16 %index, i16 6" [/home/x_thileeb/repos/ops-hls-batching-new/codegen_apps/batching/poisson2d/u280_loopback_project/hls/device/include/PE_poisson_kernel_stencil.hpp:310]   --->   Operation 459 'or' 'index_6' <Predicate = true> <Delay = 0.00>
ST_29 : Operation 460 [1/1] (0.00ns)   --->   "%sext_ln313_6 = sext i16 %index_6" [/home/x_thileeb/repos/ops-hls-batching-new/codegen_apps/batching/poisson2d/u280_loopback_project/hls/device/include/PE_poisson_kernel_stencil.hpp:313]   --->   Operation 460 'sext' 'sext_ln313_6' <Predicate = true> <Delay = 0.00>
ST_29 : Operation 461 [1/1] (0.67ns)   --->   "%icmp_ln313_12 = icmp_slt  i17 %sext_ln313_6, i17 %zext_ln313_cast" [/home/x_thileeb/repos/ops-hls-batching-new/codegen_apps/batching/poisson2d/u280_loopback_project/hls/device/include/PE_poisson_kernel_stencil.hpp:313]   --->   Operation 461 'icmp' 'icmp_ln313_12' <Predicate = true> <Delay = 0.67> <CoreInst = "Cmp">   --->   Core 9 'Cmp' <Latency = 0> <II = 1> <Delay = 0.67> <FuncUnit> <Opcode : 'icmp'> <InPorts = 2> <OutPorts = 1>
ST_29 : Operation 462 [1/1] (0.67ns)   --->   "%icmp_ln313_13 = icmp_slt  i17 %sext_ln313_6, i17 %zext_ln314_cast" [/home/x_thileeb/repos/ops-hls-batching-new/codegen_apps/batching/poisson2d/u280_loopback_project/hls/device/include/PE_poisson_kernel_stencil.hpp:313]   --->   Operation 462 'icmp' 'icmp_ln313_13' <Predicate = true> <Delay = 0.67> <CoreInst = "Cmp">   --->   Core 9 'Cmp' <Latency = 0> <II = 1> <Delay = 0.67> <FuncUnit> <Opcode : 'icmp'> <InPorts = 2> <OutPorts = 1>
ST_29 : Operation 463 [1/7] (2.34ns)   --->   "%arg1_result_6 = fadd i32 %tmp2_6, i32 %tmp3_6" [/home/x_thileeb/repos/ops-hls-batching-new/codegen_apps/batching/poisson2d/u280_loopback_project/hls/device/include/PE_poisson_kernel_stencil.hpp:49]   --->   Operation 463 'fadd' 'arg1_result_6' <Predicate = true> <Delay = 2.34> <CoreInst = "FAddSub_fulldsp">   --->   Core 18 'FAddSub_fulldsp' <Latency = 6> <II = 1> <Delay = 2.34> <FuncUnit> <Opcode : 'fadd' 'fsub'> <InPorts = 2> <OutPorts = 1>
ST_29 : Operation 464 [1/1] (0.00ns)   --->   "%index_7 = or i16 %index, i16 7" [/home/x_thileeb/repos/ops-hls-batching-new/codegen_apps/batching/poisson2d/u280_loopback_project/hls/device/include/PE_poisson_kernel_stencil.hpp:310]   --->   Operation 464 'or' 'index_7' <Predicate = true> <Delay = 0.00>
ST_29 : Operation 465 [1/1] (0.00ns)   --->   "%sext_ln313_7 = sext i16 %index_7" [/home/x_thileeb/repos/ops-hls-batching-new/codegen_apps/batching/poisson2d/u280_loopback_project/hls/device/include/PE_poisson_kernel_stencil.hpp:313]   --->   Operation 465 'sext' 'sext_ln313_7' <Predicate = true> <Delay = 0.00>
ST_29 : Operation 466 [1/1] (0.67ns)   --->   "%icmp_ln313_14 = icmp_slt  i17 %sext_ln313_7, i17 %zext_ln313_cast" [/home/x_thileeb/repos/ops-hls-batching-new/codegen_apps/batching/poisson2d/u280_loopback_project/hls/device/include/PE_poisson_kernel_stencil.hpp:313]   --->   Operation 466 'icmp' 'icmp_ln313_14' <Predicate = true> <Delay = 0.67> <CoreInst = "Cmp">   --->   Core 9 'Cmp' <Latency = 0> <II = 1> <Delay = 0.67> <FuncUnit> <Opcode : 'icmp'> <InPorts = 2> <OutPorts = 1>
ST_29 : Operation 467 [1/1] (0.67ns)   --->   "%icmp_ln313_15 = icmp_slt  i17 %sext_ln313_7, i17 %zext_ln314_cast" [/home/x_thileeb/repos/ops-hls-batching-new/codegen_apps/batching/poisson2d/u280_loopback_project/hls/device/include/PE_poisson_kernel_stencil.hpp:313]   --->   Operation 467 'icmp' 'icmp_ln313_15' <Predicate = true> <Delay = 0.67> <CoreInst = "Cmp">   --->   Core 9 'Cmp' <Latency = 0> <II = 1> <Delay = 0.67> <FuncUnit> <Opcode : 'icmp'> <InPorts = 2> <OutPorts = 1>
ST_29 : Operation 468 [1/7] (2.34ns)   --->   "%arg1_result_7 = fadd i32 %tmp2_7, i32 %tmp3_7" [/home/x_thileeb/repos/ops-hls-batching-new/codegen_apps/batching/poisson2d/u280_loopback_project/hls/device/include/PE_poisson_kernel_stencil.hpp:49]   --->   Operation 468 'fadd' 'arg1_result_7' <Predicate = true> <Delay = 2.34> <CoreInst = "FAddSub_fulldsp">   --->   Core 18 'FAddSub_fulldsp' <Latency = 6> <II = 1> <Delay = 2.34> <FuncUnit> <Opcode : 'fadd' 'fsub'> <InPorts = 2> <OutPorts = 1>
ST_29 : Operation 469 [1/1] (0.00ns)   --->   "%tmp = bitselect i1 @_ssdm_op_BitSelect.i1.i16.i32, i16 %j_2, i32 15" [/home/x_thileeb/repos/ops-hls-batching-new/codegen_apps/batching/poisson2d/u280_loopback_project/hls/device/include/PE_poisson_kernel_stencil.hpp:355]   --->   Operation 469 'bitselect' 'tmp' <Predicate = true> <Delay = 0.00>
ST_29 : Operation 470 [1/1] (0.00ns)   --->   "%br_ln357 = br i1 %tmp, void %if.then269, void %for.inc271" [/home/x_thileeb/repos/ops-hls-batching-new/codegen_apps/batching/poisson2d/u280_loopback_project/hls/device/include/PE_poisson_kernel_stencil.hpp:357]   --->   Operation 470 'br' 'br_ln357' <Predicate = true> <Delay = 0.00>
ST_29 : Operation 471 [1/1] (0.38ns)   --->   "%store_ln171 = store i16 %i_2, i16 %i" [/home/x_thileeb/repos/ops-hls-batching-new/codegen_apps/batching/poisson2d/u280_loopback_project/hls/device/include/PE_poisson_kernel_stencil.hpp:171]   --->   Operation 471 'store' 'store_ln171' <Predicate = true> <Delay = 0.38>
ST_29 : Operation 472 [1/1] (0.38ns)   --->   "%store_ln171 = store i16 %j_2, i16 %j" [/home/x_thileeb/repos/ops-hls-batching-new/codegen_apps/batching/poisson2d/u280_loopback_project/hls/device/include/PE_poisson_kernel_stencil.hpp:171]   --->   Operation 472 'store' 'store_ln171' <Predicate = true> <Delay = 0.38>
ST_29 : Operation 473 [1/1] (0.00ns)   --->   "%br_ln171 = br void %spc_temp_blocking_read" [/home/x_thileeb/repos/ops-hls-batching-new/codegen_apps/batching/poisson2d/u280_loopback_project/hls/device/include/PE_poisson_kernel_stencil.hpp:171]   --->   Operation 473 'br' 'br_ln171' <Predicate = true> <Delay = 0.00>
ST_29 : Operation 517 [1/1] (0.00ns)   --->   "%ret_ln0 = ret"   --->   Operation 517 'ret' 'ret_ln0' <Predicate = (icmp_ln171)> <Delay = 0.00>

State 30 <SV = 29> <Delay = 1.36>
ST_30 : Operation 474 [1/1] (0.00ns) (grouped into LUT with out node arg1_tmpConvWrite_9)   --->   "%xor_ln313 = xor i1 %icmp_ln313_1, i1 1" [/home/x_thileeb/repos/ops-hls-batching-new/codegen_apps/batching/poisson2d/u280_loopback_project/hls/device/include/PE_poisson_kernel_stencil.hpp:313]   --->   Operation 474 'xor' 'xor_ln313' <Predicate = true> <Delay = 0.00> <CoreInst = "LogicGate">   --->   Core 74 'LogicGate' <Latency = 0> <II = 1> <Delay = 0.12> <FuncUnit> <Opcode : 'and' 'or' 'xor'> <InPorts = 2> <OutPorts = 1>
ST_30 : Operation 475 [1/1] (0.00ns) (grouped into LUT with out node arg1_tmpConvWrite_9)   --->   "%or_ln315 = or i1 %xor_ln313, i1 %icmp_ln313" [/home/x_thileeb/repos/ops-hls-batching-new/codegen_apps/batching/poisson2d/u280_loopback_project/hls/device/include/PE_poisson_kernel_stencil.hpp:315]   --->   Operation 475 'or' 'or_ln315' <Predicate = true> <Delay = 0.00> <CoreInst = "LogicGate">   --->   Core 74 'LogicGate' <Latency = 0> <II = 1> <Delay = 0.12> <FuncUnit> <Opcode : 'and' 'or' 'xor'> <InPorts = 2> <OutPorts = 1>
ST_30 : Operation 476 [1/1] (0.00ns) (grouped into LUT with out node arg1_tmpConvWrite_9)   --->   "%neg_cond = or i1 %or_ln315_1, i1 %or_ln315" [/home/x_thileeb/repos/ops-hls-batching-new/codegen_apps/batching/poisson2d/u280_loopback_project/hls/device/include/PE_poisson_kernel_stencil.hpp:315]   --->   Operation 476 'or' 'neg_cond' <Predicate = true> <Delay = 0.00> <CoreInst = "LogicGate">   --->   Core 74 'LogicGate' <Latency = 0> <II = 1> <Delay = 0.12> <FuncUnit> <Opcode : 'and' 'or' 'xor'> <InPorts = 2> <OutPorts = 1>
ST_30 : Operation 477 [1/1] (0.00ns) (grouped into LUT with out node arg1_tmpConvWrite_9)   --->   "%arg1_tmpConvWrite = bitcast i32 %arg1_result" [/home/x_thileeb/repos/ops-hls-batching-new/codegen_apps/batching/poisson2d/u280_loopback_project/hls/device/include/PE_poisson_kernel_stencil.hpp:339]   --->   Operation 477 'bitcast' 'arg1_tmpConvWrite' <Predicate = true> <Delay = 0.00>
ST_30 : Operation 478 [1/1] (0.22ns) (out node of the LUT)   --->   "%arg1_tmpConvWrite_9 = select i1 %neg_cond, i32 %arg1_tmpConvWrite_24, i32 %arg1_tmpConvWrite" [/home/x_thileeb/repos/ops-hls-batching-new/codegen_apps/batching/poisson2d/u280_loopback_project/hls/device/include/PE_poisson_kernel_stencil.hpp:315]   --->   Operation 478 'select' 'arg1_tmpConvWrite_9' <Predicate = true> <Delay = 0.22> <CoreInst = "Sel">   --->   Core 73 'Sel' <Latency = 0> <II = 1> <Delay = 0.22> <FuncUnit> <Opcode : 'select'> <InPorts = 3> <OutPorts = 1>
ST_30 : Operation 479 [1/1] (0.00ns) (grouped into LUT with out node arg1_tmpConvWrite_11)   --->   "%xor_ln313_1 = xor i1 %icmp_ln313_3, i1 1" [/home/x_thileeb/repos/ops-hls-batching-new/codegen_apps/batching/poisson2d/u280_loopback_project/hls/device/include/PE_poisson_kernel_stencil.hpp:313]   --->   Operation 479 'xor' 'xor_ln313_1' <Predicate = true> <Delay = 0.00> <CoreInst = "LogicGate">   --->   Core 74 'LogicGate' <Latency = 0> <II = 1> <Delay = 0.12> <FuncUnit> <Opcode : 'and' 'or' 'xor'> <InPorts = 2> <OutPorts = 1>
ST_30 : Operation 480 [1/1] (0.00ns) (grouped into LUT with out node arg1_tmpConvWrite_11)   --->   "%or_ln313 = or i1 %xor_ln313_1, i1 %icmp_ln313_2" [/home/x_thileeb/repos/ops-hls-batching-new/codegen_apps/batching/poisson2d/u280_loopback_project/hls/device/include/PE_poisson_kernel_stencil.hpp:313]   --->   Operation 480 'or' 'or_ln313' <Predicate = true> <Delay = 0.00> <CoreInst = "LogicGate">   --->   Core 74 'LogicGate' <Latency = 0> <II = 1> <Delay = 0.12> <FuncUnit> <Opcode : 'and' 'or' 'xor'> <InPorts = 2> <OutPorts = 1>
ST_30 : Operation 481 [1/1] (0.00ns) (grouped into LUT with out node arg1_tmpConvWrite_11)   --->   "%neg_cond_1 = or i1 %or_ln315_1, i1 %or_ln313" [/home/x_thileeb/repos/ops-hls-batching-new/codegen_apps/batching/poisson2d/u280_loopback_project/hls/device/include/PE_poisson_kernel_stencil.hpp:313]   --->   Operation 481 'or' 'neg_cond_1' <Predicate = true> <Delay = 0.00> <CoreInst = "LogicGate">   --->   Core 74 'LogicGate' <Latency = 0> <II = 1> <Delay = 0.12> <FuncUnit> <Opcode : 'and' 'or' 'xor'> <InPorts = 2> <OutPorts = 1>
ST_30 : Operation 482 [1/1] (0.00ns) (grouped into LUT with out node arg1_tmpConvWrite_11)   --->   "%arg1_tmpConvWrite_10 = bitcast i32 %arg1_result_1" [/home/x_thileeb/repos/ops-hls-batching-new/codegen_apps/batching/poisson2d/u280_loopback_project/hls/device/include/PE_poisson_kernel_stencil.hpp:339]   --->   Operation 482 'bitcast' 'arg1_tmpConvWrite_10' <Predicate = true> <Delay = 0.00>
ST_30 : Operation 483 [1/1] (0.22ns) (out node of the LUT)   --->   "%arg1_tmpConvWrite_11 = select i1 %neg_cond_1, i32 %arg1_tmpConvWrite_25, i32 %arg1_tmpConvWrite_10" [/home/x_thileeb/repos/ops-hls-batching-new/codegen_apps/batching/poisson2d/u280_loopback_project/hls/device/include/PE_poisson_kernel_stencil.hpp:313]   --->   Operation 483 'select' 'arg1_tmpConvWrite_11' <Predicate = true> <Delay = 0.22> <CoreInst = "Sel">   --->   Core 73 'Sel' <Latency = 0> <II = 1> <Delay = 0.22> <FuncUnit> <Opcode : 'select'> <InPorts = 3> <OutPorts = 1>
ST_30 : Operation 484 [1/1] (0.00ns) (grouped into LUT with out node arg1_tmpConvWrite_13)   --->   "%xor_ln313_2 = xor i1 %icmp_ln313_5, i1 1" [/home/x_thileeb/repos/ops-hls-batching-new/codegen_apps/batching/poisson2d/u280_loopback_project/hls/device/include/PE_poisson_kernel_stencil.hpp:313]   --->   Operation 484 'xor' 'xor_ln313_2' <Predicate = true> <Delay = 0.00> <CoreInst = "LogicGate">   --->   Core 74 'LogicGate' <Latency = 0> <II = 1> <Delay = 0.12> <FuncUnit> <Opcode : 'and' 'or' 'xor'> <InPorts = 2> <OutPorts = 1>
ST_30 : Operation 485 [1/1] (0.00ns) (grouped into LUT with out node arg1_tmpConvWrite_13)   --->   "%or_ln313_2 = or i1 %xor_ln313_2, i1 %icmp_ln313_4" [/home/x_thileeb/repos/ops-hls-batching-new/codegen_apps/batching/poisson2d/u280_loopback_project/hls/device/include/PE_poisson_kernel_stencil.hpp:313]   --->   Operation 485 'or' 'or_ln313_2' <Predicate = true> <Delay = 0.00> <CoreInst = "LogicGate">   --->   Core 74 'LogicGate' <Latency = 0> <II = 1> <Delay = 0.12> <FuncUnit> <Opcode : 'and' 'or' 'xor'> <InPorts = 2> <OutPorts = 1>
ST_30 : Operation 486 [1/1] (0.00ns) (grouped into LUT with out node arg1_tmpConvWrite_13)   --->   "%neg_cond_2 = or i1 %or_ln315_1, i1 %or_ln313_2" [/home/x_thileeb/repos/ops-hls-batching-new/codegen_apps/batching/poisson2d/u280_loopback_project/hls/device/include/PE_poisson_kernel_stencil.hpp:313]   --->   Operation 486 'or' 'neg_cond_2' <Predicate = true> <Delay = 0.00> <CoreInst = "LogicGate">   --->   Core 74 'LogicGate' <Latency = 0> <II = 1> <Delay = 0.12> <FuncUnit> <Opcode : 'and' 'or' 'xor'> <InPorts = 2> <OutPorts = 1>
ST_30 : Operation 487 [1/1] (0.00ns) (grouped into LUT with out node arg1_tmpConvWrite_13)   --->   "%arg1_tmpConvWrite_12 = bitcast i32 %arg1_result_2" [/home/x_thileeb/repos/ops-hls-batching-new/codegen_apps/batching/poisson2d/u280_loopback_project/hls/device/include/PE_poisson_kernel_stencil.hpp:339]   --->   Operation 487 'bitcast' 'arg1_tmpConvWrite_12' <Predicate = true> <Delay = 0.00>
ST_30 : Operation 488 [1/1] (0.22ns) (out node of the LUT)   --->   "%arg1_tmpConvWrite_13 = select i1 %neg_cond_2, i32 %arg1_tmpConvWrite_26, i32 %arg1_tmpConvWrite_12" [/home/x_thileeb/repos/ops-hls-batching-new/codegen_apps/batching/poisson2d/u280_loopback_project/hls/device/include/PE_poisson_kernel_stencil.hpp:313]   --->   Operation 488 'select' 'arg1_tmpConvWrite_13' <Predicate = true> <Delay = 0.22> <CoreInst = "Sel">   --->   Core 73 'Sel' <Latency = 0> <II = 1> <Delay = 0.22> <FuncUnit> <Opcode : 'select'> <InPorts = 3> <OutPorts = 1>
ST_30 : Operation 489 [1/1] (0.00ns) (grouped into LUT with out node arg1_tmpConvWrite_15)   --->   "%xor_ln313_3 = xor i1 %icmp_ln313_7, i1 1" [/home/x_thileeb/repos/ops-hls-batching-new/codegen_apps/batching/poisson2d/u280_loopback_project/hls/device/include/PE_poisson_kernel_stencil.hpp:313]   --->   Operation 489 'xor' 'xor_ln313_3' <Predicate = true> <Delay = 0.00> <CoreInst = "LogicGate">   --->   Core 74 'LogicGate' <Latency = 0> <II = 1> <Delay = 0.12> <FuncUnit> <Opcode : 'and' 'or' 'xor'> <InPorts = 2> <OutPorts = 1>
ST_30 : Operation 490 [1/1] (0.00ns) (grouped into LUT with out node arg1_tmpConvWrite_15)   --->   "%or_ln313_4 = or i1 %xor_ln313_3, i1 %icmp_ln313_6" [/home/x_thileeb/repos/ops-hls-batching-new/codegen_apps/batching/poisson2d/u280_loopback_project/hls/device/include/PE_poisson_kernel_stencil.hpp:313]   --->   Operation 490 'or' 'or_ln313_4' <Predicate = true> <Delay = 0.00> <CoreInst = "LogicGate">   --->   Core 74 'LogicGate' <Latency = 0> <II = 1> <Delay = 0.12> <FuncUnit> <Opcode : 'and' 'or' 'xor'> <InPorts = 2> <OutPorts = 1>
ST_30 : Operation 491 [1/1] (0.00ns) (grouped into LUT with out node arg1_tmpConvWrite_15)   --->   "%neg_cond_3 = or i1 %or_ln315_1, i1 %or_ln313_4" [/home/x_thileeb/repos/ops-hls-batching-new/codegen_apps/batching/poisson2d/u280_loopback_project/hls/device/include/PE_poisson_kernel_stencil.hpp:313]   --->   Operation 491 'or' 'neg_cond_3' <Predicate = true> <Delay = 0.00> <CoreInst = "LogicGate">   --->   Core 74 'LogicGate' <Latency = 0> <II = 1> <Delay = 0.12> <FuncUnit> <Opcode : 'and' 'or' 'xor'> <InPorts = 2> <OutPorts = 1>
ST_30 : Operation 492 [1/1] (0.00ns) (grouped into LUT with out node arg1_tmpConvWrite_15)   --->   "%arg1_tmpConvWrite_14 = bitcast i32 %arg1_result_3" [/home/x_thileeb/repos/ops-hls-batching-new/codegen_apps/batching/poisson2d/u280_loopback_project/hls/device/include/PE_poisson_kernel_stencil.hpp:339]   --->   Operation 492 'bitcast' 'arg1_tmpConvWrite_14' <Predicate = true> <Delay = 0.00>
ST_30 : Operation 493 [1/1] (0.22ns) (out node of the LUT)   --->   "%arg1_tmpConvWrite_15 = select i1 %neg_cond_3, i32 %arg1_tmpConvWrite_27, i32 %arg1_tmpConvWrite_14" [/home/x_thileeb/repos/ops-hls-batching-new/codegen_apps/batching/poisson2d/u280_loopback_project/hls/device/include/PE_poisson_kernel_stencil.hpp:313]   --->   Operation 493 'select' 'arg1_tmpConvWrite_15' <Predicate = true> <Delay = 0.22> <CoreInst = "Sel">   --->   Core 73 'Sel' <Latency = 0> <II = 1> <Delay = 0.22> <FuncUnit> <Opcode : 'select'> <InPorts = 3> <OutPorts = 1>
ST_30 : Operation 494 [1/1] (0.00ns) (grouped into LUT with out node arg1_tmpConvWrite_17)   --->   "%xor_ln313_4 = xor i1 %icmp_ln313_9, i1 1" [/home/x_thileeb/repos/ops-hls-batching-new/codegen_apps/batching/poisson2d/u280_loopback_project/hls/device/include/PE_poisson_kernel_stencil.hpp:313]   --->   Operation 494 'xor' 'xor_ln313_4' <Predicate = true> <Delay = 0.00> <CoreInst = "LogicGate">   --->   Core 74 'LogicGate' <Latency = 0> <II = 1> <Delay = 0.12> <FuncUnit> <Opcode : 'and' 'or' 'xor'> <InPorts = 2> <OutPorts = 1>
ST_30 : Operation 495 [1/1] (0.00ns) (grouped into LUT with out node arg1_tmpConvWrite_17)   --->   "%or_ln313_6 = or i1 %xor_ln313_4, i1 %icmp_ln313_8" [/home/x_thileeb/repos/ops-hls-batching-new/codegen_apps/batching/poisson2d/u280_loopback_project/hls/device/include/PE_poisson_kernel_stencil.hpp:313]   --->   Operation 495 'or' 'or_ln313_6' <Predicate = true> <Delay = 0.00> <CoreInst = "LogicGate">   --->   Core 74 'LogicGate' <Latency = 0> <II = 1> <Delay = 0.12> <FuncUnit> <Opcode : 'and' 'or' 'xor'> <InPorts = 2> <OutPorts = 1>
ST_30 : Operation 496 [1/1] (0.00ns) (grouped into LUT with out node arg1_tmpConvWrite_17)   --->   "%neg_cond_4 = or i1 %or_ln315_1, i1 %or_ln313_6" [/home/x_thileeb/repos/ops-hls-batching-new/codegen_apps/batching/poisson2d/u280_loopback_project/hls/device/include/PE_poisson_kernel_stencil.hpp:313]   --->   Operation 496 'or' 'neg_cond_4' <Predicate = true> <Delay = 0.00> <CoreInst = "LogicGate">   --->   Core 74 'LogicGate' <Latency = 0> <II = 1> <Delay = 0.12> <FuncUnit> <Opcode : 'and' 'or' 'xor'> <InPorts = 2> <OutPorts = 1>
ST_30 : Operation 497 [1/1] (0.00ns) (grouped into LUT with out node arg1_tmpConvWrite_17)   --->   "%arg1_tmpConvWrite_16 = bitcast i32 %arg1_result_4" [/home/x_thileeb/repos/ops-hls-batching-new/codegen_apps/batching/poisson2d/u280_loopback_project/hls/device/include/PE_poisson_kernel_stencil.hpp:339]   --->   Operation 497 'bitcast' 'arg1_tmpConvWrite_16' <Predicate = true> <Delay = 0.00>
ST_30 : Operation 498 [1/1] (0.22ns) (out node of the LUT)   --->   "%arg1_tmpConvWrite_17 = select i1 %neg_cond_4, i32 %arg1_tmpConvWrite_28, i32 %arg1_tmpConvWrite_16" [/home/x_thileeb/repos/ops-hls-batching-new/codegen_apps/batching/poisson2d/u280_loopback_project/hls/device/include/PE_poisson_kernel_stencil.hpp:313]   --->   Operation 498 'select' 'arg1_tmpConvWrite_17' <Predicate = true> <Delay = 0.22> <CoreInst = "Sel">   --->   Core 73 'Sel' <Latency = 0> <II = 1> <Delay = 0.22> <FuncUnit> <Opcode : 'select'> <InPorts = 3> <OutPorts = 1>
ST_30 : Operation 499 [1/1] (0.00ns) (grouped into LUT with out node arg1_tmpConvWrite_19)   --->   "%xor_ln313_5 = xor i1 %icmp_ln313_11, i1 1" [/home/x_thileeb/repos/ops-hls-batching-new/codegen_apps/batching/poisson2d/u280_loopback_project/hls/device/include/PE_poisson_kernel_stencil.hpp:313]   --->   Operation 499 'xor' 'xor_ln313_5' <Predicate = true> <Delay = 0.00> <CoreInst = "LogicGate">   --->   Core 74 'LogicGate' <Latency = 0> <II = 1> <Delay = 0.12> <FuncUnit> <Opcode : 'and' 'or' 'xor'> <InPorts = 2> <OutPorts = 1>
ST_30 : Operation 500 [1/1] (0.00ns) (grouped into LUT with out node arg1_tmpConvWrite_19)   --->   "%or_ln313_8 = or i1 %xor_ln313_5, i1 %icmp_ln313_10" [/home/x_thileeb/repos/ops-hls-batching-new/codegen_apps/batching/poisson2d/u280_loopback_project/hls/device/include/PE_poisson_kernel_stencil.hpp:313]   --->   Operation 500 'or' 'or_ln313_8' <Predicate = true> <Delay = 0.00> <CoreInst = "LogicGate">   --->   Core 74 'LogicGate' <Latency = 0> <II = 1> <Delay = 0.12> <FuncUnit> <Opcode : 'and' 'or' 'xor'> <InPorts = 2> <OutPorts = 1>
ST_30 : Operation 501 [1/1] (0.00ns) (grouped into LUT with out node arg1_tmpConvWrite_19)   --->   "%neg_cond_5 = or i1 %or_ln315_1, i1 %or_ln313_8" [/home/x_thileeb/repos/ops-hls-batching-new/codegen_apps/batching/poisson2d/u280_loopback_project/hls/device/include/PE_poisson_kernel_stencil.hpp:313]   --->   Operation 501 'or' 'neg_cond_5' <Predicate = true> <Delay = 0.00> <CoreInst = "LogicGate">   --->   Core 74 'LogicGate' <Latency = 0> <II = 1> <Delay = 0.12> <FuncUnit> <Opcode : 'and' 'or' 'xor'> <InPorts = 2> <OutPorts = 1>
ST_30 : Operation 502 [1/1] (0.00ns) (grouped into LUT with out node arg1_tmpConvWrite_19)   --->   "%arg1_tmpConvWrite_18 = bitcast i32 %arg1_result_5" [/home/x_thileeb/repos/ops-hls-batching-new/codegen_apps/batching/poisson2d/u280_loopback_project/hls/device/include/PE_poisson_kernel_stencil.hpp:339]   --->   Operation 502 'bitcast' 'arg1_tmpConvWrite_18' <Predicate = true> <Delay = 0.00>
ST_30 : Operation 503 [1/1] (0.22ns) (out node of the LUT)   --->   "%arg1_tmpConvWrite_19 = select i1 %neg_cond_5, i32 %arg1_tmpConvWrite_29, i32 %arg1_tmpConvWrite_18" [/home/x_thileeb/repos/ops-hls-batching-new/codegen_apps/batching/poisson2d/u280_loopback_project/hls/device/include/PE_poisson_kernel_stencil.hpp:313]   --->   Operation 503 'select' 'arg1_tmpConvWrite_19' <Predicate = true> <Delay = 0.22> <CoreInst = "Sel">   --->   Core 73 'Sel' <Latency = 0> <II = 1> <Delay = 0.22> <FuncUnit> <Opcode : 'select'> <InPorts = 3> <OutPorts = 1>
ST_30 : Operation 504 [1/1] (0.00ns) (grouped into LUT with out node arg1_tmpConvWrite_21)   --->   "%xor_ln313_6 = xor i1 %icmp_ln313_13, i1 1" [/home/x_thileeb/repos/ops-hls-batching-new/codegen_apps/batching/poisson2d/u280_loopback_project/hls/device/include/PE_poisson_kernel_stencil.hpp:313]   --->   Operation 504 'xor' 'xor_ln313_6' <Predicate = true> <Delay = 0.00> <CoreInst = "LogicGate">   --->   Core 74 'LogicGate' <Latency = 0> <II = 1> <Delay = 0.12> <FuncUnit> <Opcode : 'and' 'or' 'xor'> <InPorts = 2> <OutPorts = 1>
ST_30 : Operation 505 [1/1] (0.00ns) (grouped into LUT with out node arg1_tmpConvWrite_21)   --->   "%or_ln313_10 = or i1 %xor_ln313_6, i1 %icmp_ln313_12" [/home/x_thileeb/repos/ops-hls-batching-new/codegen_apps/batching/poisson2d/u280_loopback_project/hls/device/include/PE_poisson_kernel_stencil.hpp:313]   --->   Operation 505 'or' 'or_ln313_10' <Predicate = true> <Delay = 0.00> <CoreInst = "LogicGate">   --->   Core 74 'LogicGate' <Latency = 0> <II = 1> <Delay = 0.12> <FuncUnit> <Opcode : 'and' 'or' 'xor'> <InPorts = 2> <OutPorts = 1>
ST_30 : Operation 506 [1/1] (0.00ns) (grouped into LUT with out node arg1_tmpConvWrite_21)   --->   "%neg_cond_6 = or i1 %or_ln315_1, i1 %or_ln313_10" [/home/x_thileeb/repos/ops-hls-batching-new/codegen_apps/batching/poisson2d/u280_loopback_project/hls/device/include/PE_poisson_kernel_stencil.hpp:313]   --->   Operation 506 'or' 'neg_cond_6' <Predicate = true> <Delay = 0.00> <CoreInst = "LogicGate">   --->   Core 74 'LogicGate' <Latency = 0> <II = 1> <Delay = 0.12> <FuncUnit> <Opcode : 'and' 'or' 'xor'> <InPorts = 2> <OutPorts = 1>
ST_30 : Operation 507 [1/1] (0.00ns) (grouped into LUT with out node arg1_tmpConvWrite_21)   --->   "%arg1_tmpConvWrite_20 = bitcast i32 %arg1_result_6" [/home/x_thileeb/repos/ops-hls-batching-new/codegen_apps/batching/poisson2d/u280_loopback_project/hls/device/include/PE_poisson_kernel_stencil.hpp:339]   --->   Operation 507 'bitcast' 'arg1_tmpConvWrite_20' <Predicate = true> <Delay = 0.00>
ST_30 : Operation 508 [1/1] (0.22ns) (out node of the LUT)   --->   "%arg1_tmpConvWrite_21 = select i1 %neg_cond_6, i32 %arg1_tmpConvWrite_30, i32 %arg1_tmpConvWrite_20" [/home/x_thileeb/repos/ops-hls-batching-new/codegen_apps/batching/poisson2d/u280_loopback_project/hls/device/include/PE_poisson_kernel_stencil.hpp:313]   --->   Operation 508 'select' 'arg1_tmpConvWrite_21' <Predicate = true> <Delay = 0.22> <CoreInst = "Sel">   --->   Core 73 'Sel' <Latency = 0> <II = 1> <Delay = 0.22> <FuncUnit> <Opcode : 'select'> <InPorts = 3> <OutPorts = 1>
ST_30 : Operation 509 [1/1] (0.00ns) (grouped into LUT with out node arg1_tmpConvWrite_23)   --->   "%xor_ln313_7 = xor i1 %icmp_ln313_15, i1 1" [/home/x_thileeb/repos/ops-hls-batching-new/codegen_apps/batching/poisson2d/u280_loopback_project/hls/device/include/PE_poisson_kernel_stencil.hpp:313]   --->   Operation 509 'xor' 'xor_ln313_7' <Predicate = true> <Delay = 0.00> <CoreInst = "LogicGate">   --->   Core 74 'LogicGate' <Latency = 0> <II = 1> <Delay = 0.12> <FuncUnit> <Opcode : 'and' 'or' 'xor'> <InPorts = 2> <OutPorts = 1>
ST_30 : Operation 510 [1/1] (0.00ns) (grouped into LUT with out node arg1_tmpConvWrite_23)   --->   "%or_ln313_12 = or i1 %xor_ln313_7, i1 %icmp_ln313_14" [/home/x_thileeb/repos/ops-hls-batching-new/codegen_apps/batching/poisson2d/u280_loopback_project/hls/device/include/PE_poisson_kernel_stencil.hpp:313]   --->   Operation 510 'or' 'or_ln313_12' <Predicate = true> <Delay = 0.00> <CoreInst = "LogicGate">   --->   Core 74 'LogicGate' <Latency = 0> <II = 1> <Delay = 0.12> <FuncUnit> <Opcode : 'and' 'or' 'xor'> <InPorts = 2> <OutPorts = 1>
ST_30 : Operation 511 [1/1] (0.00ns) (grouped into LUT with out node arg1_tmpConvWrite_23)   --->   "%neg_cond_7 = or i1 %or_ln315_1, i1 %or_ln313_12" [/home/x_thileeb/repos/ops-hls-batching-new/codegen_apps/batching/poisson2d/u280_loopback_project/hls/device/include/PE_poisson_kernel_stencil.hpp:313]   --->   Operation 511 'or' 'neg_cond_7' <Predicate = true> <Delay = 0.00> <CoreInst = "LogicGate">   --->   Core 74 'LogicGate' <Latency = 0> <II = 1> <Delay = 0.12> <FuncUnit> <Opcode : 'and' 'or' 'xor'> <InPorts = 2> <OutPorts = 1>
ST_30 : Operation 512 [1/1] (0.00ns) (grouped into LUT with out node arg1_tmpConvWrite_23)   --->   "%arg1_tmpConvWrite_22 = bitcast i32 %arg1_result_7" [/home/x_thileeb/repos/ops-hls-batching-new/codegen_apps/batching/poisson2d/u280_loopback_project/hls/device/include/PE_poisson_kernel_stencil.hpp:339]   --->   Operation 512 'bitcast' 'arg1_tmpConvWrite_22' <Predicate = true> <Delay = 0.00>
ST_30 : Operation 513 [1/1] (0.22ns) (out node of the LUT)   --->   "%arg1_tmpConvWrite_23 = select i1 %neg_cond_7, i32 %arg1_tmpConvWrite_31, i32 %arg1_tmpConvWrite_22" [/home/x_thileeb/repos/ops-hls-batching-new/codegen_apps/batching/poisson2d/u280_loopback_project/hls/device/include/PE_poisson_kernel_stencil.hpp:313]   --->   Operation 513 'select' 'arg1_tmpConvWrite_23' <Predicate = true> <Delay = 0.22> <CoreInst = "Sel">   --->   Core 73 'Sel' <Latency = 0> <II = 1> <Delay = 0.22> <FuncUnit> <Opcode : 'select'> <InPorts = 3> <OutPorts = 1>
ST_30 : Operation 514 [1/1] (0.00ns)   --->   "%arg1_update_val_V = bitconcatenate i256 @_ssdm_op_BitConcatenate.i256.i32.i32.i32.i32.i32.i32.i32.i32, i32 %arg1_tmpConvWrite_23, i32 %arg1_tmpConvWrite_21, i32 %arg1_tmpConvWrite_19, i32 %arg1_tmpConvWrite_17, i32 %arg1_tmpConvWrite_15, i32 %arg1_tmpConvWrite_13, i32 %arg1_tmpConvWrite_11, i32 %arg1_tmpConvWrite_9"   --->   Operation 514 'bitconcatenate' 'arg1_update_val_V' <Predicate = true> <Delay = 0.00>
ST_30 : Operation 515 [1/1] (1.13ns)   --->   "%write_ln371 = write void @_ssdm_op_Write.ap_fifo.volatile.i256P0A, i256 %arg0_arg1_streams_27, i256 %arg1_update_val_V" [/home/x_thileeb/repos/ops-hls-batching-new/codegen_apps/batching/poisson2d/u280_loopback_project/hls/device/include/PE_poisson_kernel_stencil.hpp:371]   --->   Operation 515 'write' 'write_ln371' <Predicate = (!tmp)> <Delay = 1.13> <CoreInst = "FIFO">   --->   Core 78 'FIFO' <Latency = 0> <II = 1> <Delay = 1.13> <Storage> <Opcode : 'read' 'write' 'nbread' 'nbwrite'> <Ports = 0> <Width = 256> <Depth = 10> <FIFO>
ST_30 : Operation 516 [1/1] (0.00ns)   --->   "%br_ln372 = br void %for.inc271" [/home/x_thileeb/repos/ops-hls-batching-new/codegen_apps/batching/poisson2d/u280_loopback_project/hls/device/include/PE_poisson_kernel_stencil.hpp:372]   --->   Operation 516 'br' 'br_ln372' <Predicate = (!tmp)> <Delay = 0.00>


============================================================
+ Verbose Summary: Timing violations
============================================================
Target clock period: 3.33ns, clock uncertainty: 0.9ns.

 <State 1>: 1.27ns
The critical path consists of the following:
	'alloca' operation ('reg_itr') [21]  (0 ns)
	'load' operation ('itr', /home/x_thileeb/repos/ops-hls-batching-new/codegen_apps/batching/poisson2d/u280_loopback_project/hls/device/include/PE_poisson_kernel_stencil.hpp:171) on local variable 'reg_itr' [51]  (0 ns)
	'add' operation ('itr', /home/x_thileeb/repos/ops-hls-batching-new/codegen_apps/batching/poisson2d/u280_loopback_project/hls/device/include/PE_poisson_kernel_stencil.hpp:171) [54]  (0.88 ns)
	'store' operation ('store_ln171', /home/x_thileeb/repos/ops-hls-batching-new/codegen_apps/batching/poisson2d/u280_loopback_project/hls/device/include/PE_poisson_kernel_stencil.hpp:171) of variable 'itr', /home/x_thileeb/repos/ops-hls-batching-new/codegen_apps/batching/poisson2d/u280_loopback_project/hls/device/include/PE_poisson_kernel_stencil.hpp:171 on local variable 'reg_itr' [299]  (0.387 ns)

 <State 2>: 1.53ns
The critical path consists of the following:
	fifo read operation ('arg0_read_val.V', /home/x_thileeb/repos/ops-hls-batching-new/codegen_apps/batching/poisson2d/u280_loopback_project/hls/device/include/PE_poisson_kernel_stencil.hpp:210) on port 'arg0_arg1_streams_2626' (/home/x_thileeb/repos/ops-hls-batching-new/codegen_apps/batching/poisson2d/u280_loopback_project/hls/device/include/PE_poisson_kernel_stencil.hpp:210) [72]  (1.14 ns)
	'store' operation ('store_ln211', /home/x_thileeb/repos/ops-hls-batching-new/codegen_apps/batching/poisson2d/u280_loopback_project/hls/device/include/PE_poisson_kernel_stencil.hpp:211) of variable 'arg0_read_val.V', /home/x_thileeb/repos/ops-hls-batching-new/codegen_apps/batching/poisson2d/u280_loopback_project/hls/device/include/PE_poisson_kernel_stencil.hpp:210 on local variable 'arg0_read_val.V' [73]  (0.387 ns)

 <State 3>: 1.42ns
The critical path consists of the following:
	'load' operation ('S2D_00_P10_M10_0P1_0M1_buf_r1_2_p0_wr_load', /home/x_thileeb/repos/ops-hls-batching-new/codegen_apps/batching/poisson2d/u280_loopback_project/hls/device/include/PE_poisson_kernel_stencil.hpp:250) on local variable 'S2D_00_P10_M10_0P1_0M1_buf_r1_2_p0_wr' [80]  (0 ns)
	'add' operation ('S2D_00_P10_M10_0P1_0M1_buf_r1_2_p0_wr', /home/x_thileeb/repos/ops-hls-batching-new/codegen_apps/batching/poisson2d/u280_loopback_project/hls/device/include/PE_poisson_kernel_stencil.hpp:250) [112]  (0.785 ns)
	'select' operation ('S2D_00_P10_M10_0P1_0M1_buf_r1_2_p0_wr', /home/x_thileeb/repos/ops-hls-batching-new/codegen_apps/batching/poisson2d/u280_loopback_project/hls/device/include/PE_poisson_kernel_stencil.hpp:247) [113]  (0.243 ns)
	'store' operation ('store_ln171', /home/x_thileeb/repos/ops-hls-batching-new/codegen_apps/batching/poisson2d/u280_loopback_project/hls/device/include/PE_poisson_kernel_stencil.hpp:171) of variable 'S2D_00_P10_M10_0P1_0M1_buf_r1_2_p0_wr', /home/x_thileeb/repos/ops-hls-batching-new/codegen_apps/batching/poisson2d/u280_loopback_project/hls/device/include/PE_poisson_kernel_stencil.hpp:247 on local variable 'S2D_00_P10_M10_0P1_0M1_buf_r1_2_p0_wr' [300]  (0.387 ns)

 <State 4>: 1.2ns
The critical path consists of the following:
	'load' operation ('t', /home/x_thileeb/repos/ops-hls-batching-new/codegen_apps/batching/poisson2d/u280_loopback_project/hls/device/include/PE_poisson_kernel_stencil.hpp:221) on array 'arg0_buf_r1_2_p0_V' [87]  (1.2 ns)

 <State 5>: 1.65ns
The critical path consists of the following:
	'load' operation ('S2D_00_P10_M10_0P1_0M1_buf_r0_1_p0_wr_load', /home/x_thileeb/repos/ops-hls-batching-new/codegen_apps/batching/poisson2d/u280_loopback_project/hls/device/include/PE_poisson_kernel_stencil.hpp:237) on local variable 'S2D_00_P10_M10_0P1_0M1_buf_r0_1_p0_wr' [78]  (0 ns)
	'getelementptr' operation ('arg0_buf_r0_1_p0_V_addr', /home/x_thileeb/repos/ops-hls-batching-new/codegen_apps/batching/poisson2d/u280_loopback_project/hls/device/include/PE_poisson_kernel_stencil.hpp:218) [83]  (0 ns)
	'load' operation ('t', /home/x_thileeb/repos/ops-hls-batching-new/codegen_apps/batching/poisson2d/u280_loopback_project/hls/device/include/PE_poisson_kernel_stencil.hpp:218) on array 'arg0_buf_r0_1_p0_V' [84]  (1.65 ns)

 <State 6>: 1.65ns
The critical path consists of the following:
	'load' operation ('t', /home/x_thileeb/repos/ops-hls-batching-new/codegen_apps/batching/poisson2d/u280_loopback_project/hls/device/include/PE_poisson_kernel_stencil.hpp:218) on array 'arg0_buf_r0_1_p0_V' [84]  (1.65 ns)

 <State 7>: 1.65ns
The critical path consists of the following:
	'load' operation ('t', /home/x_thileeb/repos/ops-hls-batching-new/codegen_apps/batching/poisson2d/u280_loopback_project/hls/device/include/PE_poisson_kernel_stencil.hpp:218) on array 'arg0_buf_r0_1_p0_V' [84]  (1.65 ns)

 <State 8>: 2.34ns
The critical path consists of the following:
	'fadd' operation ('tmp1_1', /home/x_thileeb/repos/ops-hls-batching-new/codegen_apps/batching/poisson2d/u280_loopback_project/hls/device/include/PE_poisson_kernel_stencil.hpp:44) [178]  (2.34 ns)

 <State 9>: 2.34ns
The critical path consists of the following:
	'fadd' operation ('tmp1_1', /home/x_thileeb/repos/ops-hls-batching-new/codegen_apps/batching/poisson2d/u280_loopback_project/hls/device/include/PE_poisson_kernel_stencil.hpp:44) [178]  (2.34 ns)

 <State 10>: 2.34ns
The critical path consists of the following:
	'fadd' operation ('tmp1_1', /home/x_thileeb/repos/ops-hls-batching-new/codegen_apps/batching/poisson2d/u280_loopback_project/hls/device/include/PE_poisson_kernel_stencil.hpp:44) [178]  (2.34 ns)

 <State 11>: 2.34ns
The critical path consists of the following:
	'fadd' operation ('tmp1_1', /home/x_thileeb/repos/ops-hls-batching-new/codegen_apps/batching/poisson2d/u280_loopback_project/hls/device/include/PE_poisson_kernel_stencil.hpp:44) [178]  (2.34 ns)

 <State 12>: 2.34ns
The critical path consists of the following:
	'fadd' operation ('tmp1_1', /home/x_thileeb/repos/ops-hls-batching-new/codegen_apps/batching/poisson2d/u280_loopback_project/hls/device/include/PE_poisson_kernel_stencil.hpp:44) [178]  (2.34 ns)

 <State 13>: 2.34ns
The critical path consists of the following:
	'fadd' operation ('tmp1_1', /home/x_thileeb/repos/ops-hls-batching-new/codegen_apps/batching/poisson2d/u280_loopback_project/hls/device/include/PE_poisson_kernel_stencil.hpp:44) [178]  (2.34 ns)

 <State 14>: 2.34ns
The critical path consists of the following:
	'fadd' operation ('tmp1_1', /home/x_thileeb/repos/ops-hls-batching-new/codegen_apps/batching/poisson2d/u280_loopback_project/hls/device/include/PE_poisson_kernel_stencil.hpp:44) [178]  (2.34 ns)

 <State 15>: 2.34ns
The critical path consists of the following:
	'fadd' operation ('tmp1', /home/x_thileeb/repos/ops-hls-batching-new/codegen_apps/batching/poisson2d/u280_loopback_project/hls/device/include/PE_poisson_kernel_stencil.hpp:46) [180]  (2.34 ns)

 <State 16>: 2.34ns
The critical path consists of the following:
	'fadd' operation ('tmp1', /home/x_thileeb/repos/ops-hls-batching-new/codegen_apps/batching/poisson2d/u280_loopback_project/hls/device/include/PE_poisson_kernel_stencil.hpp:46) [180]  (2.34 ns)

 <State 17>: 2.34ns
The critical path consists of the following:
	'fadd' operation ('tmp1', /home/x_thileeb/repos/ops-hls-batching-new/codegen_apps/batching/poisson2d/u280_loopback_project/hls/device/include/PE_poisson_kernel_stencil.hpp:46) [180]  (2.34 ns)

 <State 18>: 2.34ns
The critical path consists of the following:
	'fadd' operation ('tmp1', /home/x_thileeb/repos/ops-hls-batching-new/codegen_apps/batching/poisson2d/u280_loopback_project/hls/device/include/PE_poisson_kernel_stencil.hpp:46) [180]  (2.34 ns)

 <State 19>: 2.34ns
The critical path consists of the following:
	'fadd' operation ('tmp1', /home/x_thileeb/repos/ops-hls-batching-new/codegen_apps/batching/poisson2d/u280_loopback_project/hls/device/include/PE_poisson_kernel_stencil.hpp:46) [180]  (2.34 ns)

 <State 20>: 2.34ns
The critical path consists of the following:
	'fadd' operation ('tmp1', /home/x_thileeb/repos/ops-hls-batching-new/codegen_apps/batching/poisson2d/u280_loopback_project/hls/device/include/PE_poisson_kernel_stencil.hpp:46) [180]  (2.34 ns)

 <State 21>: 2.34ns
The critical path consists of the following:
	'fadd' operation ('tmp1', /home/x_thileeb/repos/ops-hls-batching-new/codegen_apps/batching/poisson2d/u280_loopback_project/hls/device/include/PE_poisson_kernel_stencil.hpp:46) [180]  (2.34 ns)

 <State 22>: 1.78ns
The critical path consists of the following:
	'call' operation ('tmp2', /wrk/ci/prod/2022.2/hls_product/continuous/608/2022.2/src/shared/hls/clib/hlsmath/src/c/ldexpfloat.cpp:10) to 'generic_ldexp<float>' [181]  (1.78 ns)

 <State 23>: 2.34ns
The critical path consists of the following:
	'fadd' operation ('arg1_result', /home/x_thileeb/repos/ops-hls-batching-new/codegen_apps/batching/poisson2d/u280_loopback_project/hls/device/include/PE_poisson_kernel_stencil.hpp:49) [183]  (2.34 ns)

 <State 24>: 2.34ns
The critical path consists of the following:
	'fadd' operation ('arg1_result', /home/x_thileeb/repos/ops-hls-batching-new/codegen_apps/batching/poisson2d/u280_loopback_project/hls/device/include/PE_poisson_kernel_stencil.hpp:49) [183]  (2.34 ns)

 <State 25>: 2.34ns
The critical path consists of the following:
	'fadd' operation ('arg1_result', /home/x_thileeb/repos/ops-hls-batching-new/codegen_apps/batching/poisson2d/u280_loopback_project/hls/device/include/PE_poisson_kernel_stencil.hpp:49) [183]  (2.34 ns)

 <State 26>: 2.34ns
The critical path consists of the following:
	'fadd' operation ('arg1_result', /home/x_thileeb/repos/ops-hls-batching-new/codegen_apps/batching/poisson2d/u280_loopback_project/hls/device/include/PE_poisson_kernel_stencil.hpp:49) [183]  (2.34 ns)

 <State 27>: 2.34ns
The critical path consists of the following:
	'fadd' operation ('arg1_result', /home/x_thileeb/repos/ops-hls-batching-new/codegen_apps/batching/poisson2d/u280_loopback_project/hls/device/include/PE_poisson_kernel_stencil.hpp:49) [183]  (2.34 ns)

 <State 28>: 2.34ns
The critical path consists of the following:
	'fadd' operation ('arg1_result', /home/x_thileeb/repos/ops-hls-batching-new/codegen_apps/batching/poisson2d/u280_loopback_project/hls/device/include/PE_poisson_kernel_stencil.hpp:49) [183]  (2.34 ns)

 <State 29>: 2.34ns
The critical path consists of the following:
	'fadd' operation ('arg1_result', /home/x_thileeb/repos/ops-hls-batching-new/codegen_apps/batching/poisson2d/u280_loopback_project/hls/device/include/PE_poisson_kernel_stencil.hpp:49) [183]  (2.34 ns)

 <State 30>: 1.37ns
The critical path consists of the following:
	'xor' operation ('xor_ln313', /home/x_thileeb/repos/ops-hls-batching-new/codegen_apps/batching/poisson2d/u280_loopback_project/hls/device/include/PE_poisson_kernel_stencil.hpp:313) [171]  (0 ns)
	'or' operation ('or_ln315', /home/x_thileeb/repos/ops-hls-batching-new/codegen_apps/batching/poisson2d/u280_loopback_project/hls/device/include/PE_poisson_kernel_stencil.hpp:315) [175]  (0 ns)
	'or' operation ('neg_cond', /home/x_thileeb/repos/ops-hls-batching-new/codegen_apps/batching/poisson2d/u280_loopback_project/hls/device/include/PE_poisson_kernel_stencil.hpp:315) [177]  (0 ns)
	'select' operation ('arg1_tmpConvWrite', /home/x_thileeb/repos/ops-hls-batching-new/codegen_apps/batching/poisson2d/u280_loopback_project/hls/device/include/PE_poisson_kernel_stencil.hpp:315) [185]  (0.227 ns)
	fifo write operation ('write_ln371', /home/x_thileeb/repos/ops-hls-batching-new/codegen_apps/batching/poisson2d/u280_loopback_project/hls/device/include/PE_poisson_kernel_stencil.hpp:371) on port 'arg0_arg1_streams_27' (/home/x_thileeb/repos/ops-hls-batching-new/codegen_apps/batching/poisson2d/u280_loopback_project/hls/device/include/PE_poisson_kernel_stencil.hpp:371) [295]  (1.14 ns)


============================================================
+ Verbose Summary: Binding
============================================================
N/A
* FSMD analyzer results:
  - Output states:
 - Input state : 
  - Chain level:
	State 1
	State 2
	State 3
	State 4
	State 5
	State 6
	State 7
	State 8
	State 9
	State 10
	State 11
	State 12
	State 13
	State 14
	State 15
	State 16
	State 17
	State 18
	State 19
	State 20
	State 21
	State 22
	State 23
	State 24
	State 25
	State 26
	State 27
	State 28
	State 29
	State 30


============================================================
+ Verbose Summary: Datapath Resource usage 
============================================================
N/A
