

================================================================
== Vitis HLS Report for 'kernel_outerloop_0_dataflow_region'
================================================================
* Date:           Thu Aug 13 05:35:59 2026

* Version:        2022.2 (Build 3670227 on Oct 13 2022)
* Project:        kernel_outerloop_0_0
* Solution:       solution (Vitis Kernel Flow Target)
* Product family: virtexuplus
* Target device:  xcu280-fsvh2892-2L-e


================================================================
== Performance Estimates
================================================================
+ Timing: 
    * Summary: 
    +--------+---------+----------+------------+
    |  Clock |  Target | Estimated| Uncertainty|
    +--------+---------+----------+------------+
    |ap_clk  |  3.33 ns|  2.433 ns|     0.90 ns|
    +--------+---------+----------+------------+

+ Latency: 
    * Summary: 
    +---------+---------+----------+----------+-----+-----+----------+
    |  Latency (cycles) |  Latency (absolute) |  Interval | Pipeline |
    |   min   |   max   |    min   |    max   | min | max |   Type   |
    +---------+---------+----------+----------+-----+-----+----------+
    |        ?|        ?|         ?|         ?|    ?|    ?|  dataflow|
    +---------+---------+----------+----------+-----+-----+----------+

    + Detail: 
        * Instance: 
        +-----------------------------------------------------------------------+----------------------------------------------------------------------+---------+-----------+-----------+-----------+-----+-----------+---------+
        |                                                                       |                                                                      |   Latency (cycles)  |   Latency (absolute)  |     Interval    | Pipeline|
        |                                Instance                               |                                Module                                |   min   |    max    |    min    |    max    | min |    max    |   Type  |
        +-----------------------------------------------------------------------+----------------------------------------------------------------------+---------+-----------+-----------+-----------+-----+-----------+---------+
        |axis2stream_256u_U0                                                    |axis2stream_256u_s                                                    |        4|  536862724|  13.332 ns|  1.789 sec|    4|  536862724|       no|
        |axis2stream_256u_1_U0                                                  |axis2stream_256u_1                                                    |        2|  536862722|   6.666 ns|  1.789 sec|    2|  536862722|       no|
        |axis2stream_256u_2_U0                                                  |axis2stream_256u_2                                                    |        2|  536862722|   6.666 ns|  1.789 sec|    2|  536862722|       no|
        |axis2stream_256u_3_U0                                                  |axis2stream_256u_3                                                    |        2|  536862722|   6.666 ns|  1.789 sec|    2|  536862722|       no|
        |axis2stream_256u_4_U0                                                  |axis2stream_256u_4                                                    |        2|  536862722|   6.666 ns|  1.789 sec|    2|  536862722|       no|
        |axis2stream_256u_5_U0                                                  |axis2stream_256u_5                                                    |        2|  536862722|   6.666 ns|  1.789 sec|    2|  536862722|       no|
        |axis2stream_256u_6_U0                                                  |axis2stream_256u_6                                                    |        2|  536862722|   6.666 ns|  1.789 sec|    2|  536862722|       no|
        |axis2stream_256u_7_U0                                                  |axis2stream_256u_7                                                    |        2|  536862722|   6.666 ns|  1.789 sec|    2|  536862722|       no|
        |stream2interleave_U0                                                   |stream2interleave                                                     |        ?|          ?|          ?|          ?|    ?|          ?|       no|
        |entry_proc_U0                                                          |entry_proc                                                            |        0|          0|       0 ns|       0 ns|    0|          0|       no|
        |kernel_poisson_kernel_stencil_PE_unsigned_short_4_unsigned_short_0_U0  |kernel_poisson_kernel_stencil_PE_unsigned_short_4_unsigned_short_0_s  |        ?|          ?|          ?|          ?|    ?|          ?|       no|
        |kernel_poisson_kernel_stencil_PE_unsigned_short_4_unsigned_short_1_U0  |kernel_poisson_kernel_stencil_PE_unsigned_short_4_unsigned_short_1_s  |        ?|          ?|          ?|          ?|    ?|          ?|       no|
        |kernel_poisson_kernel_stencil_PE_unsigned_short_4_unsigned_short_2_U0  |kernel_poisson_kernel_stencil_PE_unsigned_short_4_unsigned_short_2_s  |        ?|          ?|          ?|          ?|    ?|          ?|       no|
        |kernel_poisson_kernel_stencil_PE_unsigned_short_4_unsigned_short_3_U0  |kernel_poisson_kernel_stencil_PE_unsigned_short_4_unsigned_short_3_s  |        ?|          ?|          ?|          ?|    ?|          ?|       no|
        |interleave2stream_U0                                                   |interleave2stream                                                     |        ?|          ?|          ?|          ?|    ?|          ?|       no|
        |stream2axis_256u_U0                                                    |stream2axis_256u_s                                                    |        ?|          ?|          ?|          ?|    ?|          ?|       no|
        |stream2axis_256u_8_U0                                                  |stream2axis_256u_8                                                    |        ?|          ?|          ?|          ?|    ?|          ?|       no|
        |stream2axis_256u_9_U0                                                  |stream2axis_256u_9                                                    |        ?|          ?|          ?|          ?|    ?|          ?|       no|
        |stream2axis_256u_10_U0                                                 |stream2axis_256u_10                                                   |        ?|          ?|          ?|          ?|    ?|          ?|       no|
        |stream2axis_256u_11_U0                                                 |stream2axis_256u_11                                                   |        ?|          ?|          ?|          ?|    ?|          ?|       no|
        |stream2axis_256u_12_U0                                                 |stream2axis_256u_12                                                   |        ?|          ?|          ?|          ?|    ?|          ?|       no|
        |stream2axis_256u_13_U0                                                 |stream2axis_256u_13                                                   |        ?|          ?|          ?|          ?|    ?|          ?|       no|
        |stream2axis_256u_14_U0                                                 |stream2axis_256u_14                                                   |        ?|          ?|          ?|          ?|    ?|          ?|       no|
        +-----------------------------------------------------------------------+----------------------------------------------------------------------+---------+-----------+-----------+-----------+-----+-----------+---------+

        * Loop: 
        N/A



================================================================
== Utilization Estimates
================================================================
* Summary: 
+---------------------+---------+------+---------+---------+-----+
|         Name        | BRAM_18K|  DSP |    FF   |   LUT   | URAM|
+---------------------+---------+------+---------+---------+-----+
|DSP                  |        -|     -|        -|        -|    -|
|Expression           |        -|     -|        0|       48|    -|
|FIFO                 |        0|     -|    29729|    15986|    -|
|Instance             |       32|   520|   138546|    97193|   32|
|Memory               |        -|     -|        -|        -|    -|
|Multiplexer          |        -|     -|        -|       81|    -|
|Register             |        -|     -|        9|        -|    -|
+---------------------+---------+------+---------+---------+-----+
|Total                |       32|   520|   168284|   113308|   32|
+---------------------+---------+------+---------+---------+-----+
|Available SLR        |     1344|  3008|   869120|   434560|  320|
+---------------------+---------+------+---------+---------+-----+
|Utilization SLR (%)  |        2|    17|       19|       26|   10|
+---------------------+---------+------+---------+---------+-----+
|Available            |     4032|  9024|  2607360|  1303680|  960|
+---------------------+---------+------+---------+---------+-----+
|Utilization (%)      |       ~0|     5|        6|        8|    3|
+---------------------+---------+------+---------+---------+-----+

+ Detail: 
    * Instance: 
    +-----------------------------------------------------------------------+----------------------------------------------------------------------+---------+-----+-------+-------+-----+
    |                                Instance                               |                                Module                                | BRAM_18K| DSP |   FF  |  LUT  | URAM|
    +-----------------------------------------------------------------------+----------------------------------------------------------------------+---------+-----+-------+-------+-----+
    |axis2stream_256u_1_U0                                                  |axis2stream_256u_1                                                    |        0|    0|    288|    116|    0|
    |axis2stream_256u_2_U0                                                  |axis2stream_256u_2                                                    |        0|    0|    288|    116|    0|
    |axis2stream_256u_3_U0                                                  |axis2stream_256u_3                                                    |        0|    0|    288|    116|    0|
    |axis2stream_256u_4_U0                                                  |axis2stream_256u_4                                                    |        0|    0|    288|    116|    0|
    |axis2stream_256u_5_U0                                                  |axis2stream_256u_5                                                    |        0|    0|    288|    116|    0|
    |axis2stream_256u_6_U0                                                  |axis2stream_256u_6                                                    |        0|    0|    288|    116|    0|
    |axis2stream_256u_7_U0                                                  |axis2stream_256u_7                                                    |        0|    0|    288|    116|    0|
    |axis2stream_256u_U0                                                    |axis2stream_256u_s                                                    |        0|    0|    294|    181|    0|
    |entry_proc_U0                                                          |entry_proc                                                            |        0|    0|      3|    236|    0|
    |interleave2stream_U0                                                   |interleave2stream                                                     |        0|    0|     67|    505|    0|
    |kernel_poisson_kernel_stencil_PE_unsigned_short_4_unsigned_short_0_U0  |kernel_poisson_kernel_stencil_PE_unsigned_short_4_unsigned_short_0_s  |        8|  130|  33308|  23374|    8|
    |kernel_poisson_kernel_stencil_PE_unsigned_short_4_unsigned_short_1_U0  |kernel_poisson_kernel_stencil_PE_unsigned_short_4_unsigned_short_1_s  |        8|  130|  33308|  23390|    8|
    |kernel_poisson_kernel_stencil_PE_unsigned_short_4_unsigned_short_2_U0  |kernel_poisson_kernel_stencil_PE_unsigned_short_4_unsigned_short_2_s  |        8|  130|  33308|  23390|    8|
    |kernel_poisson_kernel_stencil_PE_unsigned_short_4_unsigned_short_3_U0  |kernel_poisson_kernel_stencil_PE_unsigned_short_4_unsigned_short_3_s  |        8|  130|  33308|  23390|    8|
    |stream2axis_256u_10_U0                                                 |stream2axis_256u_10                                                   |        0|    0|     66|    165|    0|
    |stream2axis_256u_11_U0                                                 |stream2axis_256u_11                                                   |        0|    0|     66|    165|    0|
    |stream2axis_256u_12_U0                                                 |stream2axis_256u_12                                                   |        0|    0|     66|    165|    0|
    |stream2axis_256u_13_U0                                                 |stream2axis_256u_13                                                   |        0|    0|     66|    165|    0|
    |stream2axis_256u_14_U0                                                 |stream2axis_256u_14                                                   |        0|    0|     66|    165|    0|
    |stream2axis_256u_8_U0                                                  |stream2axis_256u_8                                                    |        0|    0|     66|    165|    0|
    |stream2axis_256u_9_U0                                                  |stream2axis_256u_9                                                    |        0|    0|     66|    165|    0|
    |stream2axis_256u_U0                                                    |stream2axis_256u_s                                                    |        0|    0|     66|    165|    0|
    |stream2interleave_U0                                                   |stream2interleave                                                     |        0|    0|   2406|    595|    0|
    +-----------------------------------------------------------------------+----------------------------------------------------------------------+---------+-----+-------+-------+-----+
    |Total                                                                  |                                                                      |       32|  520| 138546|  97193|   32|
    +-----------------------------------------------------------------------+----------------------------------------------------------------------+---------+-----+-------+-------+-----+

    * DSP: 
    N/A

    * Memory: 
    N/A

    * FIFO: 
    +----------------------------------------------------+---------+------+----+-----+------+-----+---------+
    |                        Name                        | BRAM_18K|  FF  | LUT| URAM| Depth| Bits| Size:D*B|
    +----------------------------------------------------+---------+------+----+-----+------+-----+---------+
    |arg0_arg1_streams_0_0_U                             |        0|   784|   0|    -|    10|  256|     2560|
    |arg0_arg1_streams_0_1_U                             |        0|   784|   0|    -|    10|  256|     2560|
    |arg0_arg1_streams_0_2_U                             |        0|   784|   0|    -|    10|  256|     2560|
    |arg0_arg1_streams_0_3_U                             |        0|   784|   0|    -|    10|  256|     2560|
    |arg0_arg1_streams_0_4_U                             |        0|   784|   0|    -|    10|  256|     2560|
    |arg0_arg1_streams_0_5_U                             |        0|   784|   0|    -|    10|  256|     2560|
    |arg0_arg1_streams_0_6_U                             |        0|   784|   0|    -|    10|  256|     2560|
    |arg0_arg1_streams_0_7_U                             |        0|   784|   0|    -|    10|  256|     2560|
    |arg0_arg1_streams_1_0_U                             |        0|   784|   0|    -|    10|  256|     2560|
    |arg0_arg1_streams_1_1_U                             |        0|   784|   0|    -|    10|  256|     2560|
    |arg0_arg1_streams_1_2_U                             |        0|   784|   0|    -|    10|  256|     2560|
    |arg0_arg1_streams_1_3_U                             |        0|   784|   0|    -|    10|  256|     2560|
    |arg0_arg1_streams_1_4_U                             |        0|   784|   0|    -|    10|  256|     2560|
    |arg0_arg1_streams_1_5_U                             |        0|   784|   0|    -|    10|  256|     2560|
    |arg0_arg1_streams_1_6_U                             |        0|   784|   0|    -|    10|  256|     2560|
    |arg0_arg1_streams_1_7_U                             |        0|   784|   0|    -|    10|  256|     2560|
    |arg0_poisson_kernel_stencil_in_subtile_stream_0_U   |        0|  1028|   0|    -|     2|  288|      576|
    |arg0_poisson_kernel_stencil_in_subtile_stream_1_U   |        0|  1028|   0|    -|     2|  288|      576|
    |arg0_poisson_kernel_stencil_in_subtile_stream_2_U   |        0|  1028|   0|    -|     2|  288|      576|
    |arg0_poisson_kernel_stencil_in_subtile_stream_3_U   |        0|  1028|   0|    -|     2|  288|      576|
    |arg0_poisson_kernel_stencil_in_subtile_stream_4_U   |        0|  1028|   0|    -|     2|  288|      576|
    |arg0_poisson_kernel_stencil_in_subtile_stream_5_U   |        0|  1028|   0|    -|     2|  288|      576|
    |arg0_poisson_kernel_stencil_in_subtile_stream_6_U   |        0|  1028|   0|    -|     2|  288|      576|
    |arg0_poisson_kernel_stencil_in_subtile_stream_7_U   |        0|  1028|   0|    -|     2|  288|      576|
    |arg1_poisson_kernel_stencil_out_subtile_stream_0_U  |        0|  1028|   0|    -|     2|  288|      576|
    |arg1_poisson_kernel_stencil_out_subtile_stream_1_U  |        0|  1028|   0|    -|     2|  288|      576|
    |arg1_poisson_kernel_stencil_out_subtile_stream_2_U  |        0|  1028|   0|    -|     2|  288|      576|
    |arg1_poisson_kernel_stencil_out_subtile_stream_3_U  |        0|  1028|   0|    -|     2|  288|      576|
    |arg1_poisson_kernel_stencil_out_subtile_stream_4_U  |        0|  1028|   0|    -|     2|  288|      576|
    |arg1_poisson_kernel_stencil_out_subtile_stream_5_U  |        0|  1028|   0|    -|     2|  288|      576|
    |arg1_poisson_kernel_stencil_out_subtile_stream_6_U  |        0|  1028|   0|    -|     2|  288|      576|
    |arg1_poisson_kernel_stencil_out_subtile_stream_7_U  |        0|  1028|   0|    -|     2|  288|      576|
    |num_pkts_c19_U                                      |        0|    68|   0|    -|     2|   29|       58|
    |num_pkts_c20_U                                      |        0|    68|   0|    -|     2|   29|       58|
    |num_pkts_c21_U                                      |        0|    68|   0|    -|     2|   29|       58|
    |num_pkts_c22_U                                      |        0|    68|   0|    -|     2|   29|       58|
    |num_pkts_c23_U                                      |        0|    68|   0|    -|     2|   29|       58|
    |num_pkts_c24_U                                      |        0|    68|   0|    -|     2|   29|       58|
    |num_pkts_c25_U                                      |        0|    68|   0|    -|     2|   29|       58|
    |num_pkts_c26_U                                      |        0|     5|   0|    -|     3|   29|       87|
    |num_pkts_c27_U                                      |        0|    68|   0|    -|     2|   29|       58|
    |num_pkts_c_U                                        |        0|    68|   0|    -|     2|   29|       58|
    |stencilConfig_0_0_c1_U                              |        0|     5|   0|    -|     4|   14|       56|
    |stencilConfig_0_0_c2_U                              |        0|     5|   0|    -|     4|   14|       56|
    |stencilConfig_0_0_c3_U                              |        0|     5|   0|    -|     4|   14|       56|
    |stencilConfig_0_0_c_U                               |        0|     5|   0|    -|     4|   14|       56|
    |stencilConfig_0_1_c4_U                              |        0|     5|   0|    -|     4|   16|       64|
    |stencilConfig_0_1_c5_U                              |        0|     5|   0|    -|     4|   16|       64|
    |stencilConfig_0_1_c6_U                              |        0|     5|   0|    -|     4|   16|       64|
    |stencilConfig_0_1_c_U                               |        0|     5|   0|    -|     4|   16|       64|
    |stencilConfig_2_c7_U                                |        0|     5|   0|    -|     4|   16|       64|
    |stencilConfig_2_c8_U                                |        0|     5|   0|    -|     4|   16|       64|
    |stencilConfig_2_c9_U                                |        0|     5|   0|    -|     4|   16|       64|
    |stencilConfig_2_c_U                                 |        0|     5|   0|    -|     4|   16|       64|
    |stencilConfig_3_c10_U                               |        0|     5|   0|    -|     4|   16|       64|
    |stencilConfig_3_c11_U                               |        0|     5|   0|    -|     4|   16|       64|
    |stencilConfig_3_c12_U                               |        0|     5|   0|    -|     4|   16|       64|
    |stencilConfig_3_c_U                                 |        0|     5|   0|    -|     4|   16|       64|
    |stencilConfig_5_0_c13_U                             |        0|     5|   0|    -|     4|    1|        4|
    |stencilConfig_5_0_c14_U                             |        0|     5|   0|    -|     4|    1|        4|
    |stencilConfig_5_0_c15_U                             |        0|     5|   0|    -|     4|    1|        4|
    |stencilConfig_5_0_c_U                               |        0|     5|   0|    -|     4|    1|        4|
    |stencilConfig_6_c16_U                               |        0|     5|   0|    -|     4|   14|       56|
    |stencilConfig_6_c17_U                               |        0|     5|   0|    -|     4|   14|       56|
    |stencilConfig_6_c18_U                               |        0|     5|   0|    -|     4|   14|       56|
    |stencilConfig_6_c_U                                 |        0|     5|   0|    -|     4|   14|       56|
    +----------------------------------------------------+---------+------+----+-----+------+-----+---------+
    |Total                                               |        0| 29729|   0|    0|   309| 9302|    52017|
    +----------------------------------------------------+---------+------+----+-----+------+-----+---------+

    * Expression: 
    +----------------------------------------+----------+----+---+----+------------+------------+
    |              Variable Name             | Operation| DSP| FF| LUT| Bitwidth P0| Bitwidth P1|
    +----------------------------------------+----------+----+---+----+------------+------------+
    |ap_idle                                 |       and|   0|  0|   2|           1|           1|
    |ap_sync_continue                        |       and|   0|  0|   2|           1|           1|
    |ap_sync_done                            |       and|   0|  0|   2|           1|           1|
    |ap_sync_ready                           |       and|   0|  0|   2|           1|           1|
    |axis2stream_256u_1_U0_ap_start          |       and|   0|  0|   2|           1|           1|
    |axis2stream_256u_2_U0_ap_start          |       and|   0|  0|   2|           1|           1|
    |axis2stream_256u_3_U0_ap_start          |       and|   0|  0|   2|           1|           1|
    |axis2stream_256u_4_U0_ap_start          |       and|   0|  0|   2|           1|           1|
    |axis2stream_256u_5_U0_ap_start          |       and|   0|  0|   2|           1|           1|
    |axis2stream_256u_6_U0_ap_start          |       and|   0|  0|   2|           1|           1|
    |axis2stream_256u_7_U0_ap_start          |       and|   0|  0|   2|           1|           1|
    |axis2stream_256u_U0_ap_start            |       and|   0|  0|   2|           1|           1|
    |entry_proc_U0_ap_start                  |       and|   0|  0|   2|           1|           1|
    |entry_proc_U0_start_full_n              |       and|   0|  0|   2|           1|           1|
    |interleave2stream_U0_start_full_n       |       and|   0|  0|   2|           1|           1|
    |ap_sync_axis2stream_256u_1_U0_ap_ready  |        or|   0|  0|   2|           1|           1|
    |ap_sync_axis2stream_256u_2_U0_ap_ready  |        or|   0|  0|   2|           1|           1|
    |ap_sync_axis2stream_256u_3_U0_ap_ready  |        or|   0|  0|   2|           1|           1|
    |ap_sync_axis2stream_256u_4_U0_ap_ready  |        or|   0|  0|   2|           1|           1|
    |ap_sync_axis2stream_256u_5_U0_ap_ready  |        or|   0|  0|   2|           1|           1|
    |ap_sync_axis2stream_256u_6_U0_ap_ready  |        or|   0|  0|   2|           1|           1|
    |ap_sync_axis2stream_256u_7_U0_ap_ready  |        or|   0|  0|   2|           1|           1|
    |ap_sync_axis2stream_256u_U0_ap_ready    |        or|   0|  0|   2|           1|           1|
    |ap_sync_entry_proc_U0_ap_ready          |        or|   0|  0|   2|           1|           1|
    +----------------------------------------+----------+----+---+----+------------+------------+
    |Total                                   |          |   0|  0|  48|          24|          24|
    +----------------------------------------+----------+----+---+----+------------+------------+

    * Multiplexer: 
    +--------------------------------------------+----+-----------+-----+-----------+
    |                    Name                    | LUT| Input Size| Bits| Total Bits|
    +--------------------------------------------+----+-----------+-----+-----------+
    |ap_sync_reg_axis2stream_256u_1_U0_ap_ready  |   9|          2|    1|          2|
    |ap_sync_reg_axis2stream_256u_2_U0_ap_ready  |   9|          2|    1|          2|
    |ap_sync_reg_axis2stream_256u_3_U0_ap_ready  |   9|          2|    1|          2|
    |ap_sync_reg_axis2stream_256u_4_U0_ap_ready  |   9|          2|    1|          2|
    |ap_sync_reg_axis2stream_256u_5_U0_ap_ready  |   9|          2|    1|          2|
    |ap_sync_reg_axis2stream_256u_6_U0_ap_ready  |   9|          2|    1|          2|
    |ap_sync_reg_axis2stream_256u_7_U0_ap_ready  |   9|          2|    1|          2|
    |ap_sync_reg_axis2stream_256u_U0_ap_ready    |   9|          2|    1|          2|
    |ap_sync_reg_entry_proc_U0_ap_ready          |   9|          2|    1|          2|
    +--------------------------------------------+----+-----------+-----+-----------+
    |Total                                       |  81|         18|    9|         18|
    +--------------------------------------------+----+-----------+-----+-----------+

    * Register: 
    +--------------------------------------------+---+----+-----+-----------+
    |                    Name                    | FF| LUT| Bits| Const Bits|
    +--------------------------------------------+---+----+-----+-----------+
    |ap_sync_reg_axis2stream_256u_1_U0_ap_ready  |  1|   0|    1|          0|
    |ap_sync_reg_axis2stream_256u_2_U0_ap_ready  |  1|   0|    1|          0|
    |ap_sync_reg_axis2stream_256u_3_U0_ap_ready  |  1|   0|    1|          0|
    |ap_sync_reg_axis2stream_256u_4_U0_ap_ready  |  1|   0|    1|          0|
    |ap_sync_reg_axis2stream_256u_5_U0_ap_ready  |  1|   0|    1|          0|
    |ap_sync_reg_axis2stream_256u_6_U0_ap_ready  |  1|   0|    1|          0|
    |ap_sync_reg_axis2stream_256u_7_U0_ap_ready  |  1|   0|    1|          0|
    |ap_sync_reg_axis2stream_256u_U0_ap_ready    |  1|   0|    1|          0|
    |ap_sync_reg_entry_proc_U0_ap_ready          |  1|   0|    1|          0|
    +--------------------------------------------+---+----+-----+-----------+
    |Total                                       |  9|   0|    9|          0|
    +--------------------------------------------+---+----+-----+-----------+



================================================================
== Interface
================================================================
* Summary: 
+------------------------+-----+-----+------------+------------------------------------+--------------+
|        RTL Ports       | Dir | Bits|  Protocol  |            Source Object           |    C Type    |
+------------------------+-----+-----+------------+------------------------------------+--------------+
|p_read                  |   in|   14|     ap_none|                              p_read|        scalar|
|p_read_ap_vld           |   in|    1|     ap_none|                              p_read|        scalar|
|p_read1                 |   in|   16|     ap_none|                             p_read1|        scalar|
|p_read1_ap_vld          |   in|    1|     ap_none|                             p_read1|        scalar|
|p_read2                 |   in|   16|     ap_none|                             p_read2|        scalar|
|p_read2_ap_vld          |   in|    1|     ap_none|                             p_read2|        scalar|
|p_read3                 |   in|   16|     ap_none|                             p_read3|        scalar|
|p_read3_ap_vld          |   in|    1|     ap_none|                             p_read3|        scalar|
|p_read4                 |   in|    1|     ap_none|                             p_read4|        scalar|
|p_read4_ap_vld          |   in|    1|     ap_none|                             p_read4|        scalar|
|p_read5                 |   in|   14|     ap_none|                             p_read5|        scalar|
|p_read5_ap_vld          |   in|    1|     ap_none|                             p_read5|        scalar|
|num_pkts                |   in|   29|     ap_none|                            num_pkts|        scalar|
|num_pkts_ap_vld         |   in|    1|     ap_none|                            num_pkts|        scalar|
|arg0_0_axis_in_TDATA    |   in|  256|        axis|             arg0_0_axis_in_V_data_V|       pointer|
|arg0_0_axis_in_TKEEP    |   in|   32|        axis|             arg0_0_axis_in_V_keep_V|       pointer|
|arg0_0_axis_in_TSTRB    |   in|   32|        axis|             arg0_0_axis_in_V_strb_V|       pointer|
|arg0_0_axis_in_TLAST    |   in|    1|        axis|             arg0_0_axis_in_V_last_V|       pointer|
|arg0_0_axis_in_TVALID   |   in|    1|        axis|             arg0_0_axis_in_V_last_V|       pointer|
|arg0_0_axis_in_TREADY   |  out|    1|        axis|             arg0_0_axis_in_V_last_V|       pointer|
|arg0_1_axis_in_TDATA    |   in|  256|        axis|             arg0_1_axis_in_V_data_V|       pointer|
|arg0_1_axis_in_TKEEP    |   in|   32|        axis|             arg0_1_axis_in_V_keep_V|       pointer|
|arg0_1_axis_in_TSTRB    |   in|   32|        axis|             arg0_1_axis_in_V_strb_V|       pointer|
|arg0_1_axis_in_TLAST    |   in|    1|        axis|             arg0_1_axis_in_V_last_V|       pointer|
|arg0_1_axis_in_TVALID   |   in|    1|        axis|             arg0_1_axis_in_V_last_V|       pointer|
|arg0_1_axis_in_TREADY   |  out|    1|        axis|             arg0_1_axis_in_V_last_V|       pointer|
|arg0_2_axis_in_TDATA    |   in|  256|        axis|             arg0_2_axis_in_V_data_V|       pointer|
|arg0_2_axis_in_TKEEP    |   in|   32|        axis|             arg0_2_axis_in_V_keep_V|       pointer|
|arg0_2_axis_in_TSTRB    |   in|   32|        axis|             arg0_2_axis_in_V_strb_V|       pointer|
|arg0_2_axis_in_TLAST    |   in|    1|        axis|             arg0_2_axis_in_V_last_V|       pointer|
|arg0_2_axis_in_TVALID   |   in|    1|        axis|             arg0_2_axis_in_V_last_V|       pointer|
|arg0_2_axis_in_TREADY   |  out|    1|        axis|             arg0_2_axis_in_V_last_V|       pointer|
|arg0_3_axis_in_TDATA    |   in|  256|        axis|             arg0_3_axis_in_V_data_V|       pointer|
|arg0_3_axis_in_TKEEP    |   in|   32|        axis|             arg0_3_axis_in_V_keep_V|       pointer|
|arg0_3_axis_in_TSTRB    |   in|   32|        axis|             arg0_3_axis_in_V_strb_V|       pointer|
|arg0_3_axis_in_TLAST    |   in|    1|        axis|             arg0_3_axis_in_V_last_V|       pointer|
|arg0_3_axis_in_TVALID   |   in|    1|        axis|             arg0_3_axis_in_V_last_V|       pointer|
|arg0_3_axis_in_TREADY   |  out|    1|        axis|             arg0_3_axis_in_V_last_V|       pointer|
|arg0_4_axis_in_TDATA    |   in|  256|        axis|             arg0_4_axis_in_V_data_V|       pointer|
|arg0_4_axis_in_TKEEP    |   in|   32|        axis|             arg0_4_axis_in_V_keep_V|       pointer|
|arg0_4_axis_in_TSTRB    |   in|   32|        axis|             arg0_4_axis_in_V_strb_V|       pointer|
|arg0_4_axis_in_TLAST    |   in|    1|        axis|             arg0_4_axis_in_V_last_V|       pointer|
|arg0_4_axis_in_TVALID   |   in|    1|        axis|             arg0_4_axis_in_V_last_V|       pointer|
|arg0_4_axis_in_TREADY   |  out|    1|        axis|             arg0_4_axis_in_V_last_V|       pointer|
|arg0_5_axis_in_TDATA    |   in|  256|        axis|             arg0_5_axis_in_V_data_V|       pointer|
|arg0_5_axis_in_TKEEP    |   in|   32|        axis|             arg0_5_axis_in_V_keep_V|       pointer|
|arg0_5_axis_in_TSTRB    |   in|   32|        axis|             arg0_5_axis_in_V_strb_V|       pointer|
|arg0_5_axis_in_TLAST    |   in|    1|        axis|             arg0_5_axis_in_V_last_V|       pointer|
|arg0_5_axis_in_TVALID   |   in|    1|        axis|             arg0_5_axis_in_V_last_V|       pointer|
|arg0_5_axis_in_TREADY   |  out|    1|        axis|             arg0_5_axis_in_V_last_V|       pointer|
|arg0_6_axis_in_TDATA    |   in|  256|        axis|             arg0_6_axis_in_V_data_V|       pointer|
|arg0_6_axis_in_TKEEP    |   in|   32|        axis|             arg0_6_axis_in_V_keep_V|       pointer|
|arg0_6_axis_in_TSTRB    |   in|   32|        axis|             arg0_6_axis_in_V_strb_V|       pointer|
|arg0_6_axis_in_TLAST    |   in|    1|        axis|             arg0_6_axis_in_V_last_V|       pointer|
|arg0_6_axis_in_TVALID   |   in|    1|        axis|             arg0_6_axis_in_V_last_V|       pointer|
|arg0_6_axis_in_TREADY   |  out|    1|        axis|             arg0_6_axis_in_V_last_V|       pointer|
|arg0_7_axis_in_TDATA    |   in|  256|        axis|             arg0_7_axis_in_V_data_V|       pointer|
|arg0_7_axis_in_TKEEP    |   in|   32|        axis|             arg0_7_axis_in_V_keep_V|       pointer|
|arg0_7_axis_in_TSTRB    |   in|   32|        axis|             arg0_7_axis_in_V_strb_V|       pointer|
|arg0_7_axis_in_TLAST    |   in|    1|        axis|             arg0_7_axis_in_V_last_V|       pointer|
|arg0_7_axis_in_TVALID   |   in|    1|        axis|             arg0_7_axis_in_V_last_V|       pointer|
|arg0_7_axis_in_TREADY   |  out|    1|        axis|             arg0_7_axis_in_V_last_V|       pointer|
|arg1_0_axis_out_TDATA   |  out|  256|        axis|            arg1_0_axis_out_V_data_V|       pointer|
|arg1_0_axis_out_TKEEP   |  out|   32|        axis|            arg1_0_axis_out_V_keep_V|       pointer|
|arg1_0_axis_out_TSTRB   |  out|   32|        axis|            arg1_0_axis_out_V_strb_V|       pointer|
|arg1_0_axis_out_TLAST   |  out|    1|        axis|            arg1_0_axis_out_V_last_V|       pointer|
|arg1_0_axis_out_TVALID  |  out|    1|        axis|            arg1_0_axis_out_V_last_V|       pointer|
|arg1_0_axis_out_TREADY  |   in|    1|        axis|            arg1_0_axis_out_V_last_V|       pointer|
|arg1_1_axis_out_TDATA   |  out|  256|        axis|            arg1_1_axis_out_V_data_V|       pointer|
|arg1_1_axis_out_TKEEP   |  out|   32|        axis|            arg1_1_axis_out_V_keep_V|       pointer|
|arg1_1_axis_out_TSTRB   |  out|   32|        axis|            arg1_1_axis_out_V_strb_V|       pointer|
|arg1_1_axis_out_TLAST   |  out|    1|        axis|            arg1_1_axis_out_V_last_V|       pointer|
|arg1_1_axis_out_TVALID  |  out|    1|        axis|            arg1_1_axis_out_V_last_V|       pointer|
|arg1_1_axis_out_TREADY  |   in|    1|        axis|            arg1_1_axis_out_V_last_V|       pointer|
|arg1_2_axis_out_TDATA   |  out|  256|        axis|            arg1_2_axis_out_V_data_V|       pointer|
|arg1_2_axis_out_TKEEP   |  out|   32|        axis|            arg1_2_axis_out_V_keep_V|       pointer|
|arg1_2_axis_out_TSTRB   |  out|   32|        axis|            arg1_2_axis_out_V_strb_V|       pointer|
|arg1_2_axis_out_TLAST   |  out|    1|        axis|            arg1_2_axis_out_V_last_V|       pointer|
|arg1_2_axis_out_TVALID  |  out|    1|        axis|            arg1_2_axis_out_V_last_V|       pointer|
|arg1_2_axis_out_TREADY  |   in|    1|        axis|            arg1_2_axis_out_V_last_V|       pointer|
|arg1_3_axis_out_TDATA   |  out|  256|        axis|            arg1_3_axis_out_V_data_V|       pointer|
|arg1_3_axis_out_TKEEP   |  out|   32|        axis|            arg1_3_axis_out_V_keep_V|       pointer|
|arg1_3_axis_out_TSTRB   |  out|   32|        axis|            arg1_3_axis_out_V_strb_V|       pointer|
|arg1_3_axis_out_TLAST   |  out|    1|        axis|            arg1_3_axis_out_V_last_V|       pointer|
|arg1_3_axis_out_TVALID  |  out|    1|        axis|            arg1_3_axis_out_V_last_V|       pointer|
|arg1_3_axis_out_TREADY  |   in|    1|        axis|            arg1_3_axis_out_V_last_V|       pointer|
|arg1_4_axis_out_TDATA   |  out|  256|        axis|            arg1_4_axis_out_V_data_V|       pointer|
|arg1_4_axis_out_TKEEP   |  out|   32|        axis|            arg1_4_axis_out_V_keep_V|       pointer|
|arg1_4_axis_out_TSTRB   |  out|   32|        axis|            arg1_4_axis_out_V_strb_V|       pointer|
|arg1_4_axis_out_TLAST   |  out|    1|        axis|            arg1_4_axis_out_V_last_V|       pointer|
|arg1_4_axis_out_TVALID  |  out|    1|        axis|            arg1_4_axis_out_V_last_V|       pointer|
|arg1_4_axis_out_TREADY  |   in|    1|        axis|            arg1_4_axis_out_V_last_V|       pointer|
|arg1_5_axis_out_TDATA   |  out|  256|        axis|            arg1_5_axis_out_V_data_V|       pointer|
|arg1_5_axis_out_TKEEP   |  out|   32|        axis|            arg1_5_axis_out_V_keep_V|       pointer|
|arg1_5_axis_out_TSTRB   |  out|   32|        axis|            arg1_5_axis_out_V_strb_V|       pointer|
|arg1_5_axis_out_TLAST   |  out|    1|        axis|            arg1_5_axis_out_V_last_V|       pointer|
|arg1_5_axis_out_TVALID  |  out|    1|        axis|            arg1_5_axis_out_V_last_V|       pointer|
|arg1_5_axis_out_TREADY  |   in|    1|        axis|            arg1_5_axis_out_V_last_V|       pointer|
|arg1_6_axis_out_TDATA   |  out|  256|        axis|            arg1_6_axis_out_V_data_V|       pointer|
|arg1_6_axis_out_TKEEP   |  out|   32|        axis|            arg1_6_axis_out_V_keep_V|       pointer|
|arg1_6_axis_out_TSTRB   |  out|   32|        axis|            arg1_6_axis_out_V_strb_V|       pointer|
|arg1_6_axis_out_TLAST   |  out|    1|        axis|            arg1_6_axis_out_V_last_V|       pointer|
|arg1_6_axis_out_TVALID  |  out|    1|        axis|            arg1_6_axis_out_V_last_V|       pointer|
|arg1_6_axis_out_TREADY  |   in|    1|        axis|            arg1_6_axis_out_V_last_V|       pointer|
|arg1_7_axis_out_TDATA   |  out|  256|        axis|            arg1_7_axis_out_V_data_V|       pointer|
|arg1_7_axis_out_TKEEP   |  out|   32|        axis|            arg1_7_axis_out_V_keep_V|       pointer|
|arg1_7_axis_out_TSTRB   |  out|   32|        axis|            arg1_7_axis_out_V_strb_V|       pointer|
|arg1_7_axis_out_TLAST   |  out|    1|        axis|            arg1_7_axis_out_V_last_V|       pointer|
|arg1_7_axis_out_TVALID  |  out|    1|        axis|            arg1_7_axis_out_V_last_V|       pointer|
|arg1_7_axis_out_TREADY  |   in|    1|        axis|            arg1_7_axis_out_V_last_V|       pointer|
|ap_clk                  |   in|    1|  ap_ctrl_hs|  kernel_outerloop_0_dataflow_region|  return value|
|ap_rst                  |   in|    1|  ap_ctrl_hs|  kernel_outerloop_0_dataflow_region|  return value|
|ap_start                |   in|    1|  ap_ctrl_hs|  kernel_outerloop_0_dataflow_region|  return value|
|ap_done                 |  out|    1|  ap_ctrl_hs|  kernel_outerloop_0_dataflow_region|  return value|
|ap_ready                |  out|    1|  ap_ctrl_hs|  kernel_outerloop_0_dataflow_region|  return value|
|ap_idle                 |  out|    1|  ap_ctrl_hs|  kernel_outerloop_0_dataflow_region|  return value|
|ap_continue             |   in|    1|  ap_ctrl_hs|  kernel_outerloop_0_dataflow_region|  return value|
+------------------------+-----+-----+------------+------------------------------------+--------------+

============================================================
+ Verbose Summary: Synthesis Manager
============================================================
InlineROM: 1
ExposeGlobal: 0
============================================================
+ Verbose Summary: CDFG Model
============================================================
IsTopModel: 0
ResetActiveHigh: 1
IsCombinational: 2
IsDatapathOnly: 2
HasWiredReturn: 1
HasMFsm: 0
HasVarLatency: 1
IsPipeline: 0
IsRtlPipelined: 0
IsInstanceOverlapped: 0
IsDontTouch: 0
HasImplIP: 0
IsGatedGlobalClock: 0


============================================================
+ Verbose Summary: Schedule
============================================================
* Number of FSM states : 10
* Pipeline : 0
* Dataflow Pipeline: 1
  DF-Pipeline-0: Size = 10, States = { 1 2 3 4 5 6 7 8 9 10 }

* FSM state transitions: 
1 --> 2 
2 --> 3 
3 --> 4 
4 --> 5 
5 --> 6 
6 --> 7 
7 --> 8 
8 --> 9 
9 --> 10 
10 --> 

* FSM state operations: 

State 1 <SV = 0> <Delay = 1.21>
ST_1 : Operation 11 [1/1] (0.00ns)   --->   "%num_pkts_read = read i29 @_ssdm_op_Read.ap_auto.i29, i29 %num_pkts"   --->   Operation 11 'read' 'num_pkts_read' <Predicate = true> <Delay = 0.00>
ST_1 : Operation 12 [1/1] (0.00ns)   --->   "%num_pkts_c27 = alloca i64 1"   --->   Operation 12 'alloca' 'num_pkts_c27' <Predicate = true> <Delay = 0.00> <CoreInst = "FIFO_SRL">   --->   Core 81 'FIFO_SRL' <Latency = 0> <II = 1> <Delay = 1.39> <Storage> <Opcode : 'read' 'write' 'nbread' 'nbwrite'> <Ports = 0> <Width = 29> <Depth = 2> <FIFO>
ST_1 : Operation 13 [1/1] (0.00ns)   --->   "%num_pkts_c26 = alloca i64 1"   --->   Operation 13 'alloca' 'num_pkts_c26' <Predicate = true> <Delay = 0.00> <CoreInst = "FIFO_SRL">   --->   Core 81 'FIFO_SRL' <Latency = 0> <II = 1> <Delay = 1.46> <Storage> <Opcode : 'read' 'write' 'nbread' 'nbwrite'> <Ports = 0> <Width = 29> <Depth = 3> <FIFO>
ST_1 : Operation 14 [1/1] (0.00ns)   --->   "%num_pkts_c25 = alloca i64 1"   --->   Operation 14 'alloca' 'num_pkts_c25' <Predicate = true> <Delay = 0.00> <CoreInst = "FIFO_SRL">   --->   Core 81 'FIFO_SRL' <Latency = 0> <II = 1> <Delay = 1.39> <Storage> <Opcode : 'read' 'write' 'nbread' 'nbwrite'> <Ports = 0> <Width = 29> <Depth = 2> <FIFO>
ST_1 : Operation 15 [1/1] (0.00ns)   --->   "%num_pkts_c24 = alloca i64 1"   --->   Operation 15 'alloca' 'num_pkts_c24' <Predicate = true> <Delay = 0.00> <CoreInst = "FIFO_SRL">   --->   Core 81 'FIFO_SRL' <Latency = 0> <II = 1> <Delay = 1.39> <Storage> <Opcode : 'read' 'write' 'nbread' 'nbwrite'> <Ports = 0> <Width = 29> <Depth = 2> <FIFO>
ST_1 : Operation 16 [1/1] (0.00ns)   --->   "%num_pkts_c23 = alloca i64 1"   --->   Operation 16 'alloca' 'num_pkts_c23' <Predicate = true> <Delay = 0.00> <CoreInst = "FIFO_SRL">   --->   Core 81 'FIFO_SRL' <Latency = 0> <II = 1> <Delay = 1.39> <Storage> <Opcode : 'read' 'write' 'nbread' 'nbwrite'> <Ports = 0> <Width = 29> <Depth = 2> <FIFO>
ST_1 : Operation 17 [1/1] (0.00ns)   --->   "%num_pkts_c22 = alloca i64 1"   --->   Operation 17 'alloca' 'num_pkts_c22' <Predicate = true> <Delay = 0.00> <CoreInst = "FIFO_SRL">   --->   Core 81 'FIFO_SRL' <Latency = 0> <II = 1> <Delay = 1.39> <Storage> <Opcode : 'read' 'write' 'nbread' 'nbwrite'> <Ports = 0> <Width = 29> <Depth = 2> <FIFO>
ST_1 : Operation 18 [1/1] (0.00ns)   --->   "%num_pkts_c21 = alloca i64 1"   --->   Operation 18 'alloca' 'num_pkts_c21' <Predicate = true> <Delay = 0.00> <CoreInst = "FIFO_SRL">   --->   Core 81 'FIFO_SRL' <Latency = 0> <II = 1> <Delay = 1.39> <Storage> <Opcode : 'read' 'write' 'nbread' 'nbwrite'> <Ports = 0> <Width = 29> <Depth = 2> <FIFO>
ST_1 : Operation 19 [1/1] (0.00ns)   --->   "%num_pkts_c20 = alloca i64 1"   --->   Operation 19 'alloca' 'num_pkts_c20' <Predicate = true> <Delay = 0.00> <CoreInst = "FIFO_SRL">   --->   Core 81 'FIFO_SRL' <Latency = 0> <II = 1> <Delay = 1.39> <Storage> <Opcode : 'read' 'write' 'nbread' 'nbwrite'> <Ports = 0> <Width = 29> <Depth = 2> <FIFO>
ST_1 : Operation 20 [1/1] (0.00ns)   --->   "%num_pkts_c19 = alloca i64 1"   --->   Operation 20 'alloca' 'num_pkts_c19' <Predicate = true> <Delay = 0.00> <CoreInst = "FIFO_SRL">   --->   Core 81 'FIFO_SRL' <Latency = 0> <II = 1> <Delay = 1.39> <Storage> <Opcode : 'read' 'write' 'nbread' 'nbwrite'> <Ports = 0> <Width = 29> <Depth = 2> <FIFO>
ST_1 : Operation 21 [1/1] (0.00ns)   --->   "%num_pkts_c = alloca i64 1"   --->   Operation 21 'alloca' 'num_pkts_c' <Predicate = true> <Delay = 0.00> <CoreInst = "FIFO_SRL">   --->   Core 81 'FIFO_SRL' <Latency = 0> <II = 1> <Delay = 1.39> <Storage> <Opcode : 'read' 'write' 'nbread' 'nbwrite'> <Ports = 0> <Width = 29> <Depth = 2> <FIFO>
ST_1 : Operation 22 [1/1] (0.00ns)   --->   "%stencilConfig_6_c18 = alloca i64 1"   --->   Operation 22 'alloca' 'stencilConfig_6_c18' <Predicate = true> <Delay = 0.00> <CoreInst = "FIFO_SRL">   --->   Core 81 'FIFO_SRL' <Latency = 0> <II = 1> <Delay = 1.33> <Storage> <Opcode : 'read' 'write' 'nbread' 'nbwrite'> <Ports = 0> <Width = 14> <Depth = 4> <FIFO>
ST_1 : Operation 23 [1/1] (0.00ns)   --->   "%stencilConfig_6_c17 = alloca i64 1"   --->   Operation 23 'alloca' 'stencilConfig_6_c17' <Predicate = true> <Delay = 0.00> <CoreInst = "FIFO_SRL">   --->   Core 81 'FIFO_SRL' <Latency = 0> <II = 1> <Delay = 1.33> <Storage> <Opcode : 'read' 'write' 'nbread' 'nbwrite'> <Ports = 0> <Width = 14> <Depth = 4> <FIFO>
ST_1 : Operation 24 [1/1] (0.00ns)   --->   "%stencilConfig_6_c16 = alloca i64 1"   --->   Operation 24 'alloca' 'stencilConfig_6_c16' <Predicate = true> <Delay = 0.00> <CoreInst = "FIFO_SRL">   --->   Core 81 'FIFO_SRL' <Latency = 0> <II = 1> <Delay = 1.33> <Storage> <Opcode : 'read' 'write' 'nbread' 'nbwrite'> <Ports = 0> <Width = 14> <Depth = 4> <FIFO>
ST_1 : Operation 25 [1/1] (0.00ns)   --->   "%stencilConfig_6_c = alloca i64 1"   --->   Operation 25 'alloca' 'stencilConfig_6_c' <Predicate = true> <Delay = 0.00> <CoreInst = "FIFO_SRL">   --->   Core 81 'FIFO_SRL' <Latency = 0> <II = 1> <Delay = 1.33> <Storage> <Opcode : 'read' 'write' 'nbread' 'nbwrite'> <Ports = 0> <Width = 14> <Depth = 4> <FIFO>
ST_1 : Operation 26 [1/1] (0.00ns)   --->   "%stencilConfig_5_0_c15 = alloca i64 1"   --->   Operation 26 'alloca' 'stencilConfig_5_0_c15' <Predicate = true> <Delay = 0.00> <CoreInst = "FIFO_SRL">   --->   Core 81 'FIFO_SRL' <Latency = 0> <II = 1> <Delay = 1.35> <Storage> <Opcode : 'read' 'write' 'nbread' 'nbwrite'> <Ports = 0> <Width = 1> <Depth = 4> <FIFO>
ST_1 : Operation 27 [1/1] (0.00ns)   --->   "%stencilConfig_5_0_c14 = alloca i64 1"   --->   Operation 27 'alloca' 'stencilConfig_5_0_c14' <Predicate = true> <Delay = 0.00> <CoreInst = "FIFO_SRL">   --->   Core 81 'FIFO_SRL' <Latency = 0> <II = 1> <Delay = 1.35> <Storage> <Opcode : 'read' 'write' 'nbread' 'nbwrite'> <Ports = 0> <Width = 1> <Depth = 4> <FIFO>
ST_1 : Operation 28 [1/1] (0.00ns)   --->   "%stencilConfig_5_0_c13 = alloca i64 1"   --->   Operation 28 'alloca' 'stencilConfig_5_0_c13' <Predicate = true> <Delay = 0.00> <CoreInst = "FIFO_SRL">   --->   Core 81 'FIFO_SRL' <Latency = 0> <II = 1> <Delay = 1.35> <Storage> <Opcode : 'read' 'write' 'nbread' 'nbwrite'> <Ports = 0> <Width = 1> <Depth = 4> <FIFO>
ST_1 : Operation 29 [1/1] (0.00ns)   --->   "%stencilConfig_5_0_c = alloca i64 1"   --->   Operation 29 'alloca' 'stencilConfig_5_0_c' <Predicate = true> <Delay = 0.00> <CoreInst = "FIFO_SRL">   --->   Core 81 'FIFO_SRL' <Latency = 0> <II = 1> <Delay = 1.35> <Storage> <Opcode : 'read' 'write' 'nbread' 'nbwrite'> <Ports = 0> <Width = 1> <Depth = 4> <FIFO>
ST_1 : Operation 30 [1/1] (0.00ns)   --->   "%stencilConfig_3_c12 = alloca i64 1"   --->   Operation 30 'alloca' 'stencilConfig_3_c12' <Predicate = true> <Delay = 0.00> <CoreInst = "FIFO_SRL">   --->   Core 81 'FIFO_SRL' <Latency = 0> <II = 1> <Delay = 1.33> <Storage> <Opcode : 'read' 'write' 'nbread' 'nbwrite'> <Ports = 0> <Width = 16> <Depth = 4> <FIFO>
ST_1 : Operation 31 [1/1] (0.00ns)   --->   "%stencilConfig_3_c11 = alloca i64 1"   --->   Operation 31 'alloca' 'stencilConfig_3_c11' <Predicate = true> <Delay = 0.00> <CoreInst = "FIFO_SRL">   --->   Core 81 'FIFO_SRL' <Latency = 0> <II = 1> <Delay = 1.33> <Storage> <Opcode : 'read' 'write' 'nbread' 'nbwrite'> <Ports = 0> <Width = 16> <Depth = 4> <FIFO>
ST_1 : Operation 32 [1/1] (0.00ns)   --->   "%stencilConfig_3_c10 = alloca i64 1"   --->   Operation 32 'alloca' 'stencilConfig_3_c10' <Predicate = true> <Delay = 0.00> <CoreInst = "FIFO_SRL">   --->   Core 81 'FIFO_SRL' <Latency = 0> <II = 1> <Delay = 1.33> <Storage> <Opcode : 'read' 'write' 'nbread' 'nbwrite'> <Ports = 0> <Width = 16> <Depth = 4> <FIFO>
ST_1 : Operation 33 [1/1] (0.00ns)   --->   "%stencilConfig_3_c = alloca i64 1"   --->   Operation 33 'alloca' 'stencilConfig_3_c' <Predicate = true> <Delay = 0.00> <CoreInst = "FIFO_SRL">   --->   Core 81 'FIFO_SRL' <Latency = 0> <II = 1> <Delay = 1.33> <Storage> <Opcode : 'read' 'write' 'nbread' 'nbwrite'> <Ports = 0> <Width = 16> <Depth = 4> <FIFO>
ST_1 : Operation 34 [1/1] (0.00ns)   --->   "%stencilConfig_2_c9 = alloca i64 1"   --->   Operation 34 'alloca' 'stencilConfig_2_c9' <Predicate = true> <Delay = 0.00> <CoreInst = "FIFO_SRL">   --->   Core 81 'FIFO_SRL' <Latency = 0> <II = 1> <Delay = 1.33> <Storage> <Opcode : 'read' 'write' 'nbread' 'nbwrite'> <Ports = 0> <Width = 16> <Depth = 4> <FIFO>
ST_1 : Operation 35 [1/1] (0.00ns)   --->   "%stencilConfig_2_c8 = alloca i64 1"   --->   Operation 35 'alloca' 'stencilConfig_2_c8' <Predicate = true> <Delay = 0.00> <CoreInst = "FIFO_SRL">   --->   Core 81 'FIFO_SRL' <Latency = 0> <II = 1> <Delay = 1.33> <Storage> <Opcode : 'read' 'write' 'nbread' 'nbwrite'> <Ports = 0> <Width = 16> <Depth = 4> <FIFO>
ST_1 : Operation 36 [1/1] (0.00ns)   --->   "%stencilConfig_2_c7 = alloca i64 1"   --->   Operation 36 'alloca' 'stencilConfig_2_c7' <Predicate = true> <Delay = 0.00> <CoreInst = "FIFO_SRL">   --->   Core 81 'FIFO_SRL' <Latency = 0> <II = 1> <Delay = 1.33> <Storage> <Opcode : 'read' 'write' 'nbread' 'nbwrite'> <Ports = 0> <Width = 16> <Depth = 4> <FIFO>
ST_1 : Operation 37 [1/1] (0.00ns)   --->   "%stencilConfig_2_c = alloca i64 1"   --->   Operation 37 'alloca' 'stencilConfig_2_c' <Predicate = true> <Delay = 0.00> <CoreInst = "FIFO_SRL">   --->   Core 81 'FIFO_SRL' <Latency = 0> <II = 1> <Delay = 1.33> <Storage> <Opcode : 'read' 'write' 'nbread' 'nbwrite'> <Ports = 0> <Width = 16> <Depth = 4> <FIFO>
ST_1 : Operation 38 [1/1] (0.00ns)   --->   "%stencilConfig_0_1_c6 = alloca i64 1"   --->   Operation 38 'alloca' 'stencilConfig_0_1_c6' <Predicate = true> <Delay = 0.00> <CoreInst = "FIFO_SRL">   --->   Core 81 'FIFO_SRL' <Latency = 0> <II = 1> <Delay = 1.33> <Storage> <Opcode : 'read' 'write' 'nbread' 'nbwrite'> <Ports = 0> <Width = 16> <Depth = 4> <FIFO>
ST_1 : Operation 39 [1/1] (0.00ns)   --->   "%stencilConfig_0_1_c5 = alloca i64 1"   --->   Operation 39 'alloca' 'stencilConfig_0_1_c5' <Predicate = true> <Delay = 0.00> <CoreInst = "FIFO_SRL">   --->   Core 81 'FIFO_SRL' <Latency = 0> <II = 1> <Delay = 1.33> <Storage> <Opcode : 'read' 'write' 'nbread' 'nbwrite'> <Ports = 0> <Width = 16> <Depth = 4> <FIFO>
ST_1 : Operation 40 [1/1] (0.00ns)   --->   "%stencilConfig_0_1_c4 = alloca i64 1"   --->   Operation 40 'alloca' 'stencilConfig_0_1_c4' <Predicate = true> <Delay = 0.00> <CoreInst = "FIFO_SRL">   --->   Core 81 'FIFO_SRL' <Latency = 0> <II = 1> <Delay = 1.33> <Storage> <Opcode : 'read' 'write' 'nbread' 'nbwrite'> <Ports = 0> <Width = 16> <Depth = 4> <FIFO>
ST_1 : Operation 41 [1/1] (0.00ns)   --->   "%stencilConfig_0_1_c = alloca i64 1"   --->   Operation 41 'alloca' 'stencilConfig_0_1_c' <Predicate = true> <Delay = 0.00> <CoreInst = "FIFO_SRL">   --->   Core 81 'FIFO_SRL' <Latency = 0> <II = 1> <Delay = 1.33> <Storage> <Opcode : 'read' 'write' 'nbread' 'nbwrite'> <Ports = 0> <Width = 16> <Depth = 4> <FIFO>
ST_1 : Operation 42 [1/1] (0.00ns)   --->   "%stencilConfig_0_0_c3 = alloca i64 1"   --->   Operation 42 'alloca' 'stencilConfig_0_0_c3' <Predicate = true> <Delay = 0.00> <CoreInst = "FIFO_SRL">   --->   Core 81 'FIFO_SRL' <Latency = 0> <II = 1> <Delay = 1.33> <Storage> <Opcode : 'read' 'write' 'nbread' 'nbwrite'> <Ports = 0> <Width = 14> <Depth = 4> <FIFO>
ST_1 : Operation 43 [1/1] (0.00ns)   --->   "%stencilConfig_0_0_c2 = alloca i64 1"   --->   Operation 43 'alloca' 'stencilConfig_0_0_c2' <Predicate = true> <Delay = 0.00> <CoreInst = "FIFO_SRL">   --->   Core 81 'FIFO_SRL' <Latency = 0> <II = 1> <Delay = 1.33> <Storage> <Opcode : 'read' 'write' 'nbread' 'nbwrite'> <Ports = 0> <Width = 14> <Depth = 4> <FIFO>
ST_1 : Operation 44 [1/1] (0.00ns)   --->   "%stencilConfig_0_0_c1 = alloca i64 1"   --->   Operation 44 'alloca' 'stencilConfig_0_0_c1' <Predicate = true> <Delay = 0.00> <CoreInst = "FIFO_SRL">   --->   Core 81 'FIFO_SRL' <Latency = 0> <II = 1> <Delay = 1.33> <Storage> <Opcode : 'read' 'write' 'nbread' 'nbwrite'> <Ports = 0> <Width = 14> <Depth = 4> <FIFO>
ST_1 : Operation 45 [1/1] (0.00ns)   --->   "%stencilConfig_0_0_c = alloca i64 1"   --->   Operation 45 'alloca' 'stencilConfig_0_0_c' <Predicate = true> <Delay = 0.00> <CoreInst = "FIFO_SRL">   --->   Core 81 'FIFO_SRL' <Latency = 0> <II = 1> <Delay = 1.33> <Storage> <Opcode : 'read' 'write' 'nbread' 'nbwrite'> <Ports = 0> <Width = 14> <Depth = 4> <FIFO>
ST_1 : Operation 46 [1/1] (0.00ns)   --->   "%arg0_arg1_streams_0_0 = alloca i64 1"   --->   Operation 46 'alloca' 'arg0_arg1_streams_0_0' <Predicate = true> <Delay = 0.00> <CoreInst = "FIFO">   --->   Core 78 'FIFO' <Latency = 0> <II = 1> <Delay = 1.13> <Storage> <Opcode : 'read' 'write' 'nbread' 'nbwrite'> <Ports = 0> <Width = 256> <Depth = 10> <FIFO>
ST_1 : Operation 47 [1/1] (0.00ns)   --->   "%arg0_arg1_streams_0_1 = alloca i64 1"   --->   Operation 47 'alloca' 'arg0_arg1_streams_0_1' <Predicate = true> <Delay = 0.00> <CoreInst = "FIFO">   --->   Core 78 'FIFO' <Latency = 0> <II = 1> <Delay = 1.13> <Storage> <Opcode : 'read' 'write' 'nbread' 'nbwrite'> <Ports = 0> <Width = 256> <Depth = 10> <FIFO>
ST_1 : Operation 48 [1/1] (0.00ns)   --->   "%arg0_arg1_streams_0_2 = alloca i64 1"   --->   Operation 48 'alloca' 'arg0_arg1_streams_0_2' <Predicate = true> <Delay = 0.00> <CoreInst = "FIFO">   --->   Core 78 'FIFO' <Latency = 0> <II = 1> <Delay = 1.13> <Storage> <Opcode : 'read' 'write' 'nbread' 'nbwrite'> <Ports = 0> <Width = 256> <Depth = 10> <FIFO>
ST_1 : Operation 49 [1/1] (0.00ns)   --->   "%arg0_arg1_streams_0_3 = alloca i64 1"   --->   Operation 49 'alloca' 'arg0_arg1_streams_0_3' <Predicate = true> <Delay = 0.00> <CoreInst = "FIFO">   --->   Core 78 'FIFO' <Latency = 0> <II = 1> <Delay = 1.13> <Storage> <Opcode : 'read' 'write' 'nbread' 'nbwrite'> <Ports = 0> <Width = 256> <Depth = 10> <FIFO>
ST_1 : Operation 50 [1/1] (0.00ns)   --->   "%arg0_arg1_streams_0_4 = alloca i64 1"   --->   Operation 50 'alloca' 'arg0_arg1_streams_0_4' <Predicate = true> <Delay = 0.00> <CoreInst = "FIFO">   --->   Core 78 'FIFO' <Latency = 0> <II = 1> <Delay = 1.13> <Storage> <Opcode : 'read' 'write' 'nbread' 'nbwrite'> <Ports = 0> <Width = 256> <Depth = 10> <FIFO>
ST_1 : Operation 51 [1/1] (0.00ns)   --->   "%arg0_arg1_streams_0_5 = alloca i64 1"   --->   Operation 51 'alloca' 'arg0_arg1_streams_0_5' <Predicate = true> <Delay = 0.00> <CoreInst = "FIFO">   --->   Core 78 'FIFO' <Latency = 0> <II = 1> <Delay = 1.13> <Storage> <Opcode : 'read' 'write' 'nbread' 'nbwrite'> <Ports = 0> <Width = 256> <Depth = 10> <FIFO>
ST_1 : Operation 52 [1/1] (0.00ns)   --->   "%arg0_arg1_streams_0_6 = alloca i64 1"   --->   Operation 52 'alloca' 'arg0_arg1_streams_0_6' <Predicate = true> <Delay = 0.00> <CoreInst = "FIFO">   --->   Core 78 'FIFO' <Latency = 0> <II = 1> <Delay = 1.13> <Storage> <Opcode : 'read' 'write' 'nbread' 'nbwrite'> <Ports = 0> <Width = 256> <Depth = 10> <FIFO>
ST_1 : Operation 53 [1/1] (0.00ns)   --->   "%arg0_arg1_streams_0_7 = alloca i64 1"   --->   Operation 53 'alloca' 'arg0_arg1_streams_0_7' <Predicate = true> <Delay = 0.00> <CoreInst = "FIFO">   --->   Core 78 'FIFO' <Latency = 0> <II = 1> <Delay = 1.13> <Storage> <Opcode : 'read' 'write' 'nbread' 'nbwrite'> <Ports = 0> <Width = 256> <Depth = 10> <FIFO>
ST_1 : Operation 54 [1/1] (0.00ns)   --->   "%arg0_arg1_streams_1_0 = alloca i64 1"   --->   Operation 54 'alloca' 'arg0_arg1_streams_1_0' <Predicate = true> <Delay = 0.00> <CoreInst = "FIFO">   --->   Core 78 'FIFO' <Latency = 0> <II = 1> <Delay = 1.13> <Storage> <Opcode : 'read' 'write' 'nbread' 'nbwrite'> <Ports = 0> <Width = 256> <Depth = 10> <FIFO>
ST_1 : Operation 55 [1/1] (0.00ns)   --->   "%arg0_arg1_streams_1_1 = alloca i64 1"   --->   Operation 55 'alloca' 'arg0_arg1_streams_1_1' <Predicate = true> <Delay = 0.00> <CoreInst = "FIFO">   --->   Core 78 'FIFO' <Latency = 0> <II = 1> <Delay = 1.13> <Storage> <Opcode : 'read' 'write' 'nbread' 'nbwrite'> <Ports = 0> <Width = 256> <Depth = 10> <FIFO>
ST_1 : Operation 56 [1/1] (0.00ns)   --->   "%arg0_arg1_streams_1_2 = alloca i64 1"   --->   Operation 56 'alloca' 'arg0_arg1_streams_1_2' <Predicate = true> <Delay = 0.00> <CoreInst = "FIFO">   --->   Core 78 'FIFO' <Latency = 0> <II = 1> <Delay = 1.13> <Storage> <Opcode : 'read' 'write' 'nbread' 'nbwrite'> <Ports = 0> <Width = 256> <Depth = 10> <FIFO>
ST_1 : Operation 57 [1/1] (0.00ns)   --->   "%arg0_arg1_streams_1_3 = alloca i64 1"   --->   Operation 57 'alloca' 'arg0_arg1_streams_1_3' <Predicate = true> <Delay = 0.00> <CoreInst = "FIFO">   --->   Core 78 'FIFO' <Latency = 0> <II = 1> <Delay = 1.13> <Storage> <Opcode : 'read' 'write' 'nbread' 'nbwrite'> <Ports = 0> <Width = 256> <Depth = 10> <FIFO>
ST_1 : Operation 58 [1/1] (0.00ns)   --->   "%arg0_arg1_streams_1_4 = alloca i64 1"   --->   Operation 58 'alloca' 'arg0_arg1_streams_1_4' <Predicate = true> <Delay = 0.00> <CoreInst = "FIFO">   --->   Core 78 'FIFO' <Latency = 0> <II = 1> <Delay = 1.13> <Storage> <Opcode : 'read' 'write' 'nbread' 'nbwrite'> <Ports = 0> <Width = 256> <Depth = 10> <FIFO>
ST_1 : Operation 59 [1/1] (0.00ns)   --->   "%arg0_arg1_streams_1_5 = alloca i64 1"   --->   Operation 59 'alloca' 'arg0_arg1_streams_1_5' <Predicate = true> <Delay = 0.00> <CoreInst = "FIFO">   --->   Core 78 'FIFO' <Latency = 0> <II = 1> <Delay = 1.13> <Storage> <Opcode : 'read' 'write' 'nbread' 'nbwrite'> <Ports = 0> <Width = 256> <Depth = 10> <FIFO>
ST_1 : Operation 60 [1/1] (0.00ns)   --->   "%arg0_arg1_streams_1_6 = alloca i64 1"   --->   Operation 60 'alloca' 'arg0_arg1_streams_1_6' <Predicate = true> <Delay = 0.00> <CoreInst = "FIFO">   --->   Core 78 'FIFO' <Latency = 0> <II = 1> <Delay = 1.13> <Storage> <Opcode : 'read' 'write' 'nbread' 'nbwrite'> <Ports = 0> <Width = 256> <Depth = 10> <FIFO>
ST_1 : Operation 61 [1/1] (0.00ns)   --->   "%arg0_arg1_streams_1_7 = alloca i64 1"   --->   Operation 61 'alloca' 'arg0_arg1_streams_1_7' <Predicate = true> <Delay = 0.00> <CoreInst = "FIFO">   --->   Core 78 'FIFO' <Latency = 0> <II = 1> <Delay = 1.13> <Storage> <Opcode : 'read' 'write' 'nbread' 'nbwrite'> <Ports = 0> <Width = 256> <Depth = 10> <FIFO>
ST_1 : Operation 62 [1/1] (0.00ns)   --->   "%arg0_poisson_kernel_stencil_in_subtile_stream_0 = alloca i64 1"   --->   Operation 62 'alloca' 'arg0_poisson_kernel_stencil_in_subtile_stream_0' <Predicate = true> <Delay = 0.00> <CoreInst = "FIFO_SRL">   --->   Core 81 'FIFO_SRL' <Latency = 0> <II = 1> <Delay = 1.41> <Storage> <Opcode : 'read' 'write' 'nbread' 'nbwrite'> <Ports = 0> <Width = 288> <Depth = 2> <FIFO>
ST_1 : Operation 63 [1/1] (0.00ns)   --->   "%arg0_poisson_kernel_stencil_in_subtile_stream_1 = alloca i64 1"   --->   Operation 63 'alloca' 'arg0_poisson_kernel_stencil_in_subtile_stream_1' <Predicate = true> <Delay = 0.00> <CoreInst = "FIFO_SRL">   --->   Core 81 'FIFO_SRL' <Latency = 0> <II = 1> <Delay = 1.41> <Storage> <Opcode : 'read' 'write' 'nbread' 'nbwrite'> <Ports = 0> <Width = 288> <Depth = 2> <FIFO>
ST_1 : Operation 64 [1/1] (0.00ns)   --->   "%arg0_poisson_kernel_stencil_in_subtile_stream_2 = alloca i64 1"   --->   Operation 64 'alloca' 'arg0_poisson_kernel_stencil_in_subtile_stream_2' <Predicate = true> <Delay = 0.00> <CoreInst = "FIFO_SRL">   --->   Core 81 'FIFO_SRL' <Latency = 0> <II = 1> <Delay = 1.41> <Storage> <Opcode : 'read' 'write' 'nbread' 'nbwrite'> <Ports = 0> <Width = 288> <Depth = 2> <FIFO>
ST_1 : Operation 65 [1/1] (0.00ns)   --->   "%arg0_poisson_kernel_stencil_in_subtile_stream_3 = alloca i64 1"   --->   Operation 65 'alloca' 'arg0_poisson_kernel_stencil_in_subtile_stream_3' <Predicate = true> <Delay = 0.00> <CoreInst = "FIFO_SRL">   --->   Core 81 'FIFO_SRL' <Latency = 0> <II = 1> <Delay = 1.41> <Storage> <Opcode : 'read' 'write' 'nbread' 'nbwrite'> <Ports = 0> <Width = 288> <Depth = 2> <FIFO>
ST_1 : Operation 66 [1/1] (0.00ns)   --->   "%arg0_poisson_kernel_stencil_in_subtile_stream_4 = alloca i64 1"   --->   Operation 66 'alloca' 'arg0_poisson_kernel_stencil_in_subtile_stream_4' <Predicate = true> <Delay = 0.00> <CoreInst = "FIFO_SRL">   --->   Core 81 'FIFO_SRL' <Latency = 0> <II = 1> <Delay = 1.41> <Storage> <Opcode : 'read' 'write' 'nbread' 'nbwrite'> <Ports = 0> <Width = 288> <Depth = 2> <FIFO>
ST_1 : Operation 67 [1/1] (0.00ns)   --->   "%arg0_poisson_kernel_stencil_in_subtile_stream_5 = alloca i64 1"   --->   Operation 67 'alloca' 'arg0_poisson_kernel_stencil_in_subtile_stream_5' <Predicate = true> <Delay = 0.00> <CoreInst = "FIFO_SRL">   --->   Core 81 'FIFO_SRL' <Latency = 0> <II = 1> <Delay = 1.41> <Storage> <Opcode : 'read' 'write' 'nbread' 'nbwrite'> <Ports = 0> <Width = 288> <Depth = 2> <FIFO>
ST_1 : Operation 68 [1/1] (0.00ns)   --->   "%arg0_poisson_kernel_stencil_in_subtile_stream_6 = alloca i64 1"   --->   Operation 68 'alloca' 'arg0_poisson_kernel_stencil_in_subtile_stream_6' <Predicate = true> <Delay = 0.00> <CoreInst = "FIFO_SRL">   --->   Core 81 'FIFO_SRL' <Latency = 0> <II = 1> <Delay = 1.41> <Storage> <Opcode : 'read' 'write' 'nbread' 'nbwrite'> <Ports = 0> <Width = 288> <Depth = 2> <FIFO>
ST_1 : Operation 69 [1/1] (0.00ns)   --->   "%arg0_poisson_kernel_stencil_in_subtile_stream_7 = alloca i64 1"   --->   Operation 69 'alloca' 'arg0_poisson_kernel_stencil_in_subtile_stream_7' <Predicate = true> <Delay = 0.00> <CoreInst = "FIFO_SRL">   --->   Core 81 'FIFO_SRL' <Latency = 0> <II = 1> <Delay = 1.41> <Storage> <Opcode : 'read' 'write' 'nbread' 'nbwrite'> <Ports = 0> <Width = 288> <Depth = 2> <FIFO>
ST_1 : Operation 70 [1/1] (0.00ns)   --->   "%arg1_poisson_kernel_stencil_out_subtile_stream_0 = alloca i64 1"   --->   Operation 70 'alloca' 'arg1_poisson_kernel_stencil_out_subtile_stream_0' <Predicate = true> <Delay = 0.00> <CoreInst = "FIFO_SRL">   --->   Core 81 'FIFO_SRL' <Latency = 0> <II = 1> <Delay = 1.41> <Storage> <Opcode : 'read' 'write' 'nbread' 'nbwrite'> <Ports = 0> <Width = 288> <Depth = 2> <FIFO>
ST_1 : Operation 71 [1/1] (0.00ns)   --->   "%arg1_poisson_kernel_stencil_out_subtile_stream_1 = alloca i64 1"   --->   Operation 71 'alloca' 'arg1_poisson_kernel_stencil_out_subtile_stream_1' <Predicate = true> <Delay = 0.00> <CoreInst = "FIFO_SRL">   --->   Core 81 'FIFO_SRL' <Latency = 0> <II = 1> <Delay = 1.41> <Storage> <Opcode : 'read' 'write' 'nbread' 'nbwrite'> <Ports = 0> <Width = 288> <Depth = 2> <FIFO>
ST_1 : Operation 72 [1/1] (0.00ns)   --->   "%arg1_poisson_kernel_stencil_out_subtile_stream_2 = alloca i64 1"   --->   Operation 72 'alloca' 'arg1_poisson_kernel_stencil_out_subtile_stream_2' <Predicate = true> <Delay = 0.00> <CoreInst = "FIFO_SRL">   --->   Core 81 'FIFO_SRL' <Latency = 0> <II = 1> <Delay = 1.41> <Storage> <Opcode : 'read' 'write' 'nbread' 'nbwrite'> <Ports = 0> <Width = 288> <Depth = 2> <FIFO>
ST_1 : Operation 73 [1/1] (0.00ns)   --->   "%arg1_poisson_kernel_stencil_out_subtile_stream_3 = alloca i64 1"   --->   Operation 73 'alloca' 'arg1_poisson_kernel_stencil_out_subtile_stream_3' <Predicate = true> <Delay = 0.00> <CoreInst = "FIFO_SRL">   --->   Core 81 'FIFO_SRL' <Latency = 0> <II = 1> <Delay = 1.41> <Storage> <Opcode : 'read' 'write' 'nbread' 'nbwrite'> <Ports = 0> <Width = 288> <Depth = 2> <FIFO>
ST_1 : Operation 74 [1/1] (0.00ns)   --->   "%arg1_poisson_kernel_stencil_out_subtile_stream_4 = alloca i64 1"   --->   Operation 74 'alloca' 'arg1_poisson_kernel_stencil_out_subtile_stream_4' <Predicate = true> <Delay = 0.00> <CoreInst = "FIFO_SRL">   --->   Core 81 'FIFO_SRL' <Latency = 0> <II = 1> <Delay = 1.41> <Storage> <Opcode : 'read' 'write' 'nbread' 'nbwrite'> <Ports = 0> <Width = 288> <Depth = 2> <FIFO>
ST_1 : Operation 75 [1/1] (0.00ns)   --->   "%arg1_poisson_kernel_stencil_out_subtile_stream_5 = alloca i64 1"   --->   Operation 75 'alloca' 'arg1_poisson_kernel_stencil_out_subtile_stream_5' <Predicate = true> <Delay = 0.00> <CoreInst = "FIFO_SRL">   --->   Core 81 'FIFO_SRL' <Latency = 0> <II = 1> <Delay = 1.41> <Storage> <Opcode : 'read' 'write' 'nbread' 'nbwrite'> <Ports = 0> <Width = 288> <Depth = 2> <FIFO>
ST_1 : Operation 76 [1/1] (0.00ns)   --->   "%arg1_poisson_kernel_stencil_out_subtile_stream_6 = alloca i64 1"   --->   Operation 76 'alloca' 'arg1_poisson_kernel_stencil_out_subtile_stream_6' <Predicate = true> <Delay = 0.00> <CoreInst = "FIFO_SRL">   --->   Core 81 'FIFO_SRL' <Latency = 0> <II = 1> <Delay = 1.41> <Storage> <Opcode : 'read' 'write' 'nbread' 'nbwrite'> <Ports = 0> <Width = 288> <Depth = 2> <FIFO>
ST_1 : Operation 77 [1/1] (0.00ns)   --->   "%arg1_poisson_kernel_stencil_out_subtile_stream_7 = alloca i64 1"   --->   Operation 77 'alloca' 'arg1_poisson_kernel_stencil_out_subtile_stream_7' <Predicate = true> <Delay = 0.00> <CoreInst = "FIFO_SRL">   --->   Core 81 'FIFO_SRL' <Latency = 0> <II = 1> <Delay = 1.41> <Storage> <Opcode : 'read' 'write' 'nbread' 'nbwrite'> <Ports = 0> <Width = 288> <Depth = 2> <FIFO>
ST_1 : Operation 78 [2/2] (1.21ns)   --->   "%call_ln111 = call void @axis2stream<256u>, i256 %arg0_0_axis_in_V_data_V, i32 %arg0_0_axis_in_V_keep_V, i32 %arg0_0_axis_in_V_strb_V, i1 %arg0_0_axis_in_V_last_V, i256 %arg0_arg1_streams_0_0, i29 %num_pkts_read, i29 %num_pkts_c27" [/home/x_thileeb/repos/ops-hls-batching-new/codegen_apps/tiling/poisson2d/u280_project/maxtile_8192_unalign_interleave_p7/hls/device/src/kernel_outerloop_0_0.cpp:111]   --->   Operation 78 'call' 'call_ln111' <Predicate = true> <Delay = 1.21> <CoreType = "Generic">   --->   Core 0 '' <Latency = 0> <II = 1> <Delay = 1.00> <Generic> <Opcode : >
ST_1 : Operation 79 [2/2] (1.21ns)   --->   "%call_ln112 = call void @axis2stream<256u>.1, i256 %arg0_1_axis_in_V_data_V, i32 %arg0_1_axis_in_V_keep_V, i32 %arg0_1_axis_in_V_strb_V, i1 %arg0_1_axis_in_V_last_V, i256 %arg0_arg1_streams_0_1, i29 %num_pkts_read" [/home/x_thileeb/repos/ops-hls-batching-new/codegen_apps/tiling/poisson2d/u280_project/maxtile_8192_unalign_interleave_p7/hls/device/src/kernel_outerloop_0_0.cpp:112]   --->   Operation 79 'call' 'call_ln112' <Predicate = true> <Delay = 1.21> <CoreType = "Generic">   --->   Core 0 '' <Latency = 0> <II = 1> <Delay = 1.00> <Generic> <Opcode : >
ST_1 : Operation 80 [2/2] (1.21ns)   --->   "%call_ln113 = call void @axis2stream<256u>.2, i256 %arg0_2_axis_in_V_data_V, i32 %arg0_2_axis_in_V_keep_V, i32 %arg0_2_axis_in_V_strb_V, i1 %arg0_2_axis_in_V_last_V, i256 %arg0_arg1_streams_0_2, i29 %num_pkts_read" [/home/x_thileeb/repos/ops-hls-batching-new/codegen_apps/tiling/poisson2d/u280_project/maxtile_8192_unalign_interleave_p7/hls/device/src/kernel_outerloop_0_0.cpp:113]   --->   Operation 80 'call' 'call_ln113' <Predicate = true> <Delay = 1.21> <CoreType = "Generic">   --->   Core 0 '' <Latency = 0> <II = 1> <Delay = 1.00> <Generic> <Opcode : >
ST_1 : Operation 81 [2/2] (1.21ns)   --->   "%call_ln114 = call void @axis2stream<256u>.3, i256 %arg0_3_axis_in_V_data_V, i32 %arg0_3_axis_in_V_keep_V, i32 %arg0_3_axis_in_V_strb_V, i1 %arg0_3_axis_in_V_last_V, i256 %arg0_arg1_streams_0_3, i29 %num_pkts_read" [/home/x_thileeb/repos/ops-hls-batching-new/codegen_apps/tiling/poisson2d/u280_project/maxtile_8192_unalign_interleave_p7/hls/device/src/kernel_outerloop_0_0.cpp:114]   --->   Operation 81 'call' 'call_ln114' <Predicate = true> <Delay = 1.21> <CoreType = "Generic">   --->   Core 0 '' <Latency = 0> <II = 1> <Delay = 1.00> <Generic> <Opcode : >
ST_1 : Operation 82 [2/2] (1.21ns)   --->   "%call_ln115 = call void @axis2stream<256u>.4, i256 %arg0_4_axis_in_V_data_V, i32 %arg0_4_axis_in_V_keep_V, i32 %arg0_4_axis_in_V_strb_V, i1 %arg0_4_axis_in_V_last_V, i256 %arg0_arg1_streams_0_4, i29 %num_pkts_read" [/home/x_thileeb/repos/ops-hls-batching-new/codegen_apps/tiling/poisson2d/u280_project/maxtile_8192_unalign_interleave_p7/hls/device/src/kernel_outerloop_0_0.cpp:115]   --->   Operation 82 'call' 'call_ln115' <Predicate = true> <Delay = 1.21> <CoreType = "Generic">   --->   Core 0 '' <Latency = 0> <II = 1> <Delay = 1.00> <Generic> <Opcode : >
ST_1 : Operation 83 [2/2] (1.21ns)   --->   "%call_ln116 = call void @axis2stream<256u>.5, i256 %arg0_5_axis_in_V_data_V, i32 %arg0_5_axis_in_V_keep_V, i32 %arg0_5_axis_in_V_strb_V, i1 %arg0_5_axis_in_V_last_V, i256 %arg0_arg1_streams_0_5, i29 %num_pkts_read" [/home/x_thileeb/repos/ops-hls-batching-new/codegen_apps/tiling/poisson2d/u280_project/maxtile_8192_unalign_interleave_p7/hls/device/src/kernel_outerloop_0_0.cpp:116]   --->   Operation 83 'call' 'call_ln116' <Predicate = true> <Delay = 1.21> <CoreType = "Generic">   --->   Core 0 '' <Latency = 0> <II = 1> <Delay = 1.00> <Generic> <Opcode : >
ST_1 : Operation 84 [2/2] (1.21ns)   --->   "%call_ln117 = call void @axis2stream<256u>.6, i256 %arg0_6_axis_in_V_data_V, i32 %arg0_6_axis_in_V_keep_V, i32 %arg0_6_axis_in_V_strb_V, i1 %arg0_6_axis_in_V_last_V, i256 %arg0_arg1_streams_0_6, i29 %num_pkts_read" [/home/x_thileeb/repos/ops-hls-batching-new/codegen_apps/tiling/poisson2d/u280_project/maxtile_8192_unalign_interleave_p7/hls/device/src/kernel_outerloop_0_0.cpp:117]   --->   Operation 84 'call' 'call_ln117' <Predicate = true> <Delay = 1.21> <CoreType = "Generic">   --->   Core 0 '' <Latency = 0> <II = 1> <Delay = 1.00> <Generic> <Opcode : >
ST_1 : Operation 85 [2/2] (1.21ns)   --->   "%call_ln118 = call void @axis2stream<256u>.7, i256 %arg0_7_axis_in_V_data_V, i32 %arg0_7_axis_in_V_keep_V, i32 %arg0_7_axis_in_V_strb_V, i1 %arg0_7_axis_in_V_last_V, i256 %arg0_arg1_streams_0_7, i29 %num_pkts_read" [/home/x_thileeb/repos/ops-hls-batching-new/codegen_apps/tiling/poisson2d/u280_project/maxtile_8192_unalign_interleave_p7/hls/device/src/kernel_outerloop_0_0.cpp:118]   --->   Operation 85 'call' 'call_ln118' <Predicate = true> <Delay = 1.21> <CoreType = "Generic">   --->   Core 0 '' <Latency = 0> <II = 1> <Delay = 1.00> <Generic> <Opcode : >

State 2 <SV = 1> <Delay = 0.00>
ST_2 : Operation 86 [1/2] (0.00ns)   --->   "%call_ln111 = call void @axis2stream<256u>, i256 %arg0_0_axis_in_V_data_V, i32 %arg0_0_axis_in_V_keep_V, i32 %arg0_0_axis_in_V_strb_V, i1 %arg0_0_axis_in_V_last_V, i256 %arg0_arg1_streams_0_0, i29 %num_pkts_read, i29 %num_pkts_c27" [/home/x_thileeb/repos/ops-hls-batching-new/codegen_apps/tiling/poisson2d/u280_project/maxtile_8192_unalign_interleave_p7/hls/device/src/kernel_outerloop_0_0.cpp:111]   --->   Operation 86 'call' 'call_ln111' <Predicate = true> <Delay = 0.00> <CoreType = "Generic">   --->   Core 0 '' <Latency = 0> <II = 1> <Delay = 1.00> <Generic> <Opcode : >
ST_2 : Operation 87 [1/2] (0.00ns)   --->   "%call_ln112 = call void @axis2stream<256u>.1, i256 %arg0_1_axis_in_V_data_V, i32 %arg0_1_axis_in_V_keep_V, i32 %arg0_1_axis_in_V_strb_V, i1 %arg0_1_axis_in_V_last_V, i256 %arg0_arg1_streams_0_1, i29 %num_pkts_read" [/home/x_thileeb/repos/ops-hls-batching-new/codegen_apps/tiling/poisson2d/u280_project/maxtile_8192_unalign_interleave_p7/hls/device/src/kernel_outerloop_0_0.cpp:112]   --->   Operation 87 'call' 'call_ln112' <Predicate = true> <Delay = 0.00> <CoreType = "Generic">   --->   Core 0 '' <Latency = 0> <II = 1> <Delay = 1.00> <Generic> <Opcode : >
ST_2 : Operation 88 [1/2] (0.00ns)   --->   "%call_ln113 = call void @axis2stream<256u>.2, i256 %arg0_2_axis_in_V_data_V, i32 %arg0_2_axis_in_V_keep_V, i32 %arg0_2_axis_in_V_strb_V, i1 %arg0_2_axis_in_V_last_V, i256 %arg0_arg1_streams_0_2, i29 %num_pkts_read" [/home/x_thileeb/repos/ops-hls-batching-new/codegen_apps/tiling/poisson2d/u280_project/maxtile_8192_unalign_interleave_p7/hls/device/src/kernel_outerloop_0_0.cpp:113]   --->   Operation 88 'call' 'call_ln113' <Predicate = true> <Delay = 0.00> <CoreType = "Generic">   --->   Core 0 '' <Latency = 0> <II = 1> <Delay = 1.00> <Generic> <Opcode : >
ST_2 : Operation 89 [1/2] (0.00ns)   --->   "%call_ln114 = call void @axis2stream<256u>.3, i256 %arg0_3_axis_in_V_data_V, i32 %arg0_3_axis_in_V_keep_V, i32 %arg0_3_axis_in_V_strb_V, i1 %arg0_3_axis_in_V_last_V, i256 %arg0_arg1_streams_0_3, i29 %num_pkts_read" [/home/x_thileeb/repos/ops-hls-batching-new/codegen_apps/tiling/poisson2d/u280_project/maxtile_8192_unalign_interleave_p7/hls/device/src/kernel_outerloop_0_0.cpp:114]   --->   Operation 89 'call' 'call_ln114' <Predicate = true> <Delay = 0.00> <CoreType = "Generic">   --->   Core 0 '' <Latency = 0> <II = 1> <Delay = 1.00> <Generic> <Opcode : >
ST_2 : Operation 90 [1/2] (0.00ns)   --->   "%call_ln115 = call void @axis2stream<256u>.4, i256 %arg0_4_axis_in_V_data_V, i32 %arg0_4_axis_in_V_keep_V, i32 %arg0_4_axis_in_V_strb_V, i1 %arg0_4_axis_in_V_last_V, i256 %arg0_arg1_streams_0_4, i29 %num_pkts_read" [/home/x_thileeb/repos/ops-hls-batching-new/codegen_apps/tiling/poisson2d/u280_project/maxtile_8192_unalign_interleave_p7/hls/device/src/kernel_outerloop_0_0.cpp:115]   --->   Operation 90 'call' 'call_ln115' <Predicate = true> <Delay = 0.00> <CoreType = "Generic">   --->   Core 0 '' <Latency = 0> <II = 1> <Delay = 1.00> <Generic> <Opcode : >
ST_2 : Operation 91 [1/2] (0.00ns)   --->   "%call_ln116 = call void @axis2stream<256u>.5, i256 %arg0_5_axis_in_V_data_V, i32 %arg0_5_axis_in_V_keep_V, i32 %arg0_5_axis_in_V_strb_V, i1 %arg0_5_axis_in_V_last_V, i256 %arg0_arg1_streams_0_5, i29 %num_pkts_read" [/home/x_thileeb/repos/ops-hls-batching-new/codegen_apps/tiling/poisson2d/u280_project/maxtile_8192_unalign_interleave_p7/hls/device/src/kernel_outerloop_0_0.cpp:116]   --->   Operation 91 'call' 'call_ln116' <Predicate = true> <Delay = 0.00> <CoreType = "Generic">   --->   Core 0 '' <Latency = 0> <II = 1> <Delay = 1.00> <Generic> <Opcode : >
ST_2 : Operation 92 [1/2] (0.00ns)   --->   "%call_ln117 = call void @axis2stream<256u>.6, i256 %arg0_6_axis_in_V_data_V, i32 %arg0_6_axis_in_V_keep_V, i32 %arg0_6_axis_in_V_strb_V, i1 %arg0_6_axis_in_V_last_V, i256 %arg0_arg1_streams_0_6, i29 %num_pkts_read" [/home/x_thileeb/repos/ops-hls-batching-new/codegen_apps/tiling/poisson2d/u280_project/maxtile_8192_unalign_interleave_p7/hls/device/src/kernel_outerloop_0_0.cpp:117]   --->   Operation 92 'call' 'call_ln117' <Predicate = true> <Delay = 0.00> <CoreType = "Generic">   --->   Core 0 '' <Latency = 0> <II = 1> <Delay = 1.00> <Generic> <Opcode : >
ST_2 : Operation 93 [1/2] (0.00ns)   --->   "%call_ln118 = call void @axis2stream<256u>.7, i256 %arg0_7_axis_in_V_data_V, i32 %arg0_7_axis_in_V_keep_V, i32 %arg0_7_axis_in_V_strb_V, i1 %arg0_7_axis_in_V_last_V, i256 %arg0_arg1_streams_0_7, i29 %num_pkts_read" [/home/x_thileeb/repos/ops-hls-batching-new/codegen_apps/tiling/poisson2d/u280_project/maxtile_8192_unalign_interleave_p7/hls/device/src/kernel_outerloop_0_0.cpp:118]   --->   Operation 93 'call' 'call_ln118' <Predicate = true> <Delay = 0.00> <CoreType = "Generic">   --->   Core 0 '' <Latency = 0> <II = 1> <Delay = 1.00> <Generic> <Opcode : >

State 3 <SV = 2> <Delay = 0.00>
ST_3 : Operation 94 [2/2] (0.00ns)   --->   "%call_ln124 = call void @stream2interleave, i256 %arg0_arg1_streams_0_0, i256 %arg0_arg1_streams_0_1, i256 %arg0_arg1_streams_0_2, i256 %arg0_arg1_streams_0_3, i256 %arg0_arg1_streams_0_4, i256 %arg0_arg1_streams_0_5, i256 %arg0_arg1_streams_0_6, i256 %arg0_arg1_streams_0_7, i288 %arg0_poisson_kernel_stencil_in_subtile_stream_0, i288 %arg0_poisson_kernel_stencil_in_subtile_stream_1, i288 %arg0_poisson_kernel_stencil_in_subtile_stream_2, i288 %arg0_poisson_kernel_stencil_in_subtile_stream_3, i288 %arg0_poisson_kernel_stencil_in_subtile_stream_4, i288 %arg0_poisson_kernel_stencil_in_subtile_stream_5, i288 %arg0_poisson_kernel_stencil_in_subtile_stream_6, i288 %arg0_poisson_kernel_stencil_in_subtile_stream_7, i29 %num_pkts_c27, i29 %num_pkts_c26" [/home/x_thileeb/repos/ops-hls-batching-new/codegen_apps/tiling/poisson2d/u280_project/maxtile_8192_unalign_interleave_p7/hls/device/src/kernel_outerloop_0_0.cpp:124]   --->   Operation 94 'call' 'call_ln124' <Predicate = true> <Delay = 0.00> <CoreType = "Generic">   --->   Core 0 '' <Latency = 0> <II = 1> <Delay = 1.00> <Generic> <Opcode : >

State 4 <SV = 3> <Delay = 1.21>
ST_4 : Operation 95 [1/1] (0.00ns)   --->   "%p_read511 = read i14 @_ssdm_op_Read.ap_auto.i14, i14 %p_read5"   --->   Operation 95 'read' 'p_read511' <Predicate = true> <Delay = 0.00>
ST_4 : Operation 96 [1/1] (0.00ns)   --->   "%p_read410 = read i1 @_ssdm_op_Read.ap_auto.i1, i1 %p_read4"   --->   Operation 96 'read' 'p_read410' <Predicate = true> <Delay = 0.00>
ST_4 : Operation 97 [1/1] (0.00ns)   --->   "%p_read39 = read i16 @_ssdm_op_Read.ap_auto.i16, i16 %p_read3"   --->   Operation 97 'read' 'p_read39' <Predicate = true> <Delay = 0.00>
ST_4 : Operation 98 [1/1] (0.00ns)   --->   "%p_read28 = read i16 @_ssdm_op_Read.ap_auto.i16, i16 %p_read2"   --->   Operation 98 'read' 'p_read28' <Predicate = true> <Delay = 0.00>
ST_4 : Operation 99 [1/1] (0.00ns)   --->   "%p_read17 = read i16 @_ssdm_op_Read.ap_auto.i16, i16 %p_read1"   --->   Operation 99 'read' 'p_read17' <Predicate = true> <Delay = 0.00>
ST_4 : Operation 100 [1/1] (0.00ns)   --->   "%p_read_21 = read i14 @_ssdm_op_Read.ap_auto.i14, i14 %p_read"   --->   Operation 100 'read' 'p_read_21' <Predicate = true> <Delay = 0.00>
ST_4 : Operation 101 [1/1] (1.21ns)   --->   "%call_ln0 = call void @entry_proc, i14 %p_read_21, i14 %stencilConfig_0_0_c, i14 %stencilConfig_0_0_c1, i14 %stencilConfig_0_0_c2, i14 %stencilConfig_0_0_c3, i16 %p_read17, i16 %stencilConfig_0_1_c, i16 %stencilConfig_0_1_c4, i16 %stencilConfig_0_1_c5, i16 %stencilConfig_0_1_c6, i16 %p_read28, i16 %stencilConfig_2_c, i16 %stencilConfig_2_c7, i16 %stencilConfig_2_c8, i16 %stencilConfig_2_c9, i16 %p_read39, i16 %stencilConfig_3_c, i16 %stencilConfig_3_c10, i16 %stencilConfig_3_c11, i16 %stencilConfig_3_c12, i1 %p_read410, i1 %stencilConfig_5_0_c, i1 %stencilConfig_5_0_c13, i1 %stencilConfig_5_0_c14, i1 %stencilConfig_5_0_c15, i14 %p_read511, i14 %stencilConfig_6_c, i14 %stencilConfig_6_c16, i14 %stencilConfig_6_c17, i14 %stencilConfig_6_c18"   --->   Operation 101 'call' 'call_ln0' <Predicate = true> <Delay = 1.21> <CoreType = "Generic">   --->   Core 0 '' <Latency = 0> <II = 1> <Delay = 1.00> <Generic> <Opcode : >
ST_4 : Operation 102 [1/2] (0.00ns)   --->   "%call_ln124 = call void @stream2interleave, i256 %arg0_arg1_streams_0_0, i256 %arg0_arg1_streams_0_1, i256 %arg0_arg1_streams_0_2, i256 %arg0_arg1_streams_0_3, i256 %arg0_arg1_streams_0_4, i256 %arg0_arg1_streams_0_5, i256 %arg0_arg1_streams_0_6, i256 %arg0_arg1_streams_0_7, i288 %arg0_poisson_kernel_stencil_in_subtile_stream_0, i288 %arg0_poisson_kernel_stencil_in_subtile_stream_1, i288 %arg0_poisson_kernel_stencil_in_subtile_stream_2, i288 %arg0_poisson_kernel_stencil_in_subtile_stream_3, i288 %arg0_poisson_kernel_stencil_in_subtile_stream_4, i288 %arg0_poisson_kernel_stencil_in_subtile_stream_5, i288 %arg0_poisson_kernel_stencil_in_subtile_stream_6, i288 %arg0_poisson_kernel_stencil_in_subtile_stream_7, i29 %num_pkts_c27, i29 %num_pkts_c26" [/home/x_thileeb/repos/ops-hls-batching-new/codegen_apps/tiling/poisson2d/u280_project/maxtile_8192_unalign_interleave_p7/hls/device/src/kernel_outerloop_0_0.cpp:124]   --->   Operation 102 'call' 'call_ln124' <Predicate = true> <Delay = 0.00> <CoreType = "Generic">   --->   Core 0 '' <Latency = 0> <II = 1> <Delay = 1.00> <Generic> <Opcode : >

State 5 <SV = 4> <Delay = 0.00>
ST_5 : Operation 103 [2/2] (0.00ns)   --->   "%call_ln125 = call void @kernel_poisson_kernel_stencil_PE<(unsigned short)4, (unsigned short)0>, i14 %stencilConfig_0_0_c3, i16 %stencilConfig_0_1_c6, i16 %stencilConfig_2_c9, i16 %stencilConfig_3_c12, i1 %stencilConfig_5_0_c15, i14 %stencilConfig_6_c18, i288 %arg0_poisson_kernel_stencil_in_subtile_stream_0, i288 %arg0_poisson_kernel_stencil_in_subtile_stream_1, i288 %arg1_poisson_kernel_stencil_out_subtile_stream_0, i288 %arg1_poisson_kernel_stencil_out_subtile_stream_1" [/home/x_thileeb/repos/ops-hls-batching-new/codegen_apps/tiling/poisson2d/u280_project/maxtile_8192_unalign_interleave_p7/hls/device/src/kernel_outerloop_0_0.cpp:125]   --->   Operation 103 'call' 'call_ln125' <Predicate = true> <Delay = 0.00> <CoreType = "Generic">   --->   Core 0 '' <Latency = 0> <II = 1> <Delay = 1.00> <Generic> <Opcode : >
ST_5 : Operation 104 [2/2] (0.00ns)   --->   "%call_ln134 = call void @kernel_poisson_kernel_stencil_PE<(unsigned short)4, (unsigned short)1>, i14 %stencilConfig_0_0_c2, i16 %stencilConfig_0_1_c5, i16 %stencilConfig_2_c8, i16 %stencilConfig_3_c11, i1 %stencilConfig_5_0_c14, i14 %stencilConfig_6_c17, i288 %arg0_poisson_kernel_stencil_in_subtile_stream_2, i288 %arg0_poisson_kernel_stencil_in_subtile_stream_3, i288 %arg1_poisson_kernel_stencil_out_subtile_stream_2, i288 %arg1_poisson_kernel_stencil_out_subtile_stream_3" [/home/x_thileeb/repos/ops-hls-batching-new/codegen_apps/tiling/poisson2d/u280_project/maxtile_8192_unalign_interleave_p7/hls/device/src/kernel_outerloop_0_0.cpp:134]   --->   Operation 104 'call' 'call_ln134' <Predicate = true> <Delay = 0.00> <CoreType = "Generic">   --->   Core 0 '' <Latency = 0> <II = 1> <Delay = 1.00> <Generic> <Opcode : >
ST_5 : Operation 105 [2/2] (0.00ns)   --->   "%call_ln143 = call void @kernel_poisson_kernel_stencil_PE<(unsigned short)4, (unsigned short)2>, i14 %stencilConfig_0_0_c1, i16 %stencilConfig_0_1_c4, i16 %stencilConfig_2_c7, i16 %stencilConfig_3_c10, i1 %stencilConfig_5_0_c13, i14 %stencilConfig_6_c16, i288 %arg0_poisson_kernel_stencil_in_subtile_stream_4, i288 %arg0_poisson_kernel_stencil_in_subtile_stream_5, i288 %arg1_poisson_kernel_stencil_out_subtile_stream_4, i288 %arg1_poisson_kernel_stencil_out_subtile_stream_5" [/home/x_thileeb/repos/ops-hls-batching-new/codegen_apps/tiling/poisson2d/u280_project/maxtile_8192_unalign_interleave_p7/hls/device/src/kernel_outerloop_0_0.cpp:143]   --->   Operation 105 'call' 'call_ln143' <Predicate = true> <Delay = 0.00> <CoreType = "Generic">   --->   Core 0 '' <Latency = 0> <II = 1> <Delay = 1.00> <Generic> <Opcode : >
ST_5 : Operation 106 [2/2] (0.00ns)   --->   "%call_ln152 = call void @kernel_poisson_kernel_stencil_PE<(unsigned short)4, (unsigned short)3>, i14 %stencilConfig_0_0_c, i16 %stencilConfig_0_1_c, i16 %stencilConfig_2_c, i16 %stencilConfig_3_c, i1 %stencilConfig_5_0_c, i14 %stencilConfig_6_c, i288 %arg0_poisson_kernel_stencil_in_subtile_stream_6, i288 %arg0_poisson_kernel_stencil_in_subtile_stream_7, i288 %arg1_poisson_kernel_stencil_out_subtile_stream_6, i288 %arg1_poisson_kernel_stencil_out_subtile_stream_7" [/home/x_thileeb/repos/ops-hls-batching-new/codegen_apps/tiling/poisson2d/u280_project/maxtile_8192_unalign_interleave_p7/hls/device/src/kernel_outerloop_0_0.cpp:152]   --->   Operation 106 'call' 'call_ln152' <Predicate = true> <Delay = 0.00> <CoreType = "Generic">   --->   Core 0 '' <Latency = 0> <II = 1> <Delay = 1.00> <Generic> <Opcode : >

State 6 <SV = 5> <Delay = 0.00>
ST_6 : Operation 107 [1/2] (0.00ns)   --->   "%call_ln125 = call void @kernel_poisson_kernel_stencil_PE<(unsigned short)4, (unsigned short)0>, i14 %stencilConfig_0_0_c3, i16 %stencilConfig_0_1_c6, i16 %stencilConfig_2_c9, i16 %stencilConfig_3_c12, i1 %stencilConfig_5_0_c15, i14 %stencilConfig_6_c18, i288 %arg0_poisson_kernel_stencil_in_subtile_stream_0, i288 %arg0_poisson_kernel_stencil_in_subtile_stream_1, i288 %arg1_poisson_kernel_stencil_out_subtile_stream_0, i288 %arg1_poisson_kernel_stencil_out_subtile_stream_1" [/home/x_thileeb/repos/ops-hls-batching-new/codegen_apps/tiling/poisson2d/u280_project/maxtile_8192_unalign_interleave_p7/hls/device/src/kernel_outerloop_0_0.cpp:125]   --->   Operation 107 'call' 'call_ln125' <Predicate = true> <Delay = 0.00> <CoreType = "Generic">   --->   Core 0 '' <Latency = 0> <II = 1> <Delay = 1.00> <Generic> <Opcode : >
ST_6 : Operation 108 [1/2] (0.00ns)   --->   "%call_ln134 = call void @kernel_poisson_kernel_stencil_PE<(unsigned short)4, (unsigned short)1>, i14 %stencilConfig_0_0_c2, i16 %stencilConfig_0_1_c5, i16 %stencilConfig_2_c8, i16 %stencilConfig_3_c11, i1 %stencilConfig_5_0_c14, i14 %stencilConfig_6_c17, i288 %arg0_poisson_kernel_stencil_in_subtile_stream_2, i288 %arg0_poisson_kernel_stencil_in_subtile_stream_3, i288 %arg1_poisson_kernel_stencil_out_subtile_stream_2, i288 %arg1_poisson_kernel_stencil_out_subtile_stream_3" [/home/x_thileeb/repos/ops-hls-batching-new/codegen_apps/tiling/poisson2d/u280_project/maxtile_8192_unalign_interleave_p7/hls/device/src/kernel_outerloop_0_0.cpp:134]   --->   Operation 108 'call' 'call_ln134' <Predicate = true> <Delay = 0.00> <CoreType = "Generic">   --->   Core 0 '' <Latency = 0> <II = 1> <Delay = 1.00> <Generic> <Opcode : >
ST_6 : Operation 109 [1/2] (0.00ns)   --->   "%call_ln143 = call void @kernel_poisson_kernel_stencil_PE<(unsigned short)4, (unsigned short)2>, i14 %stencilConfig_0_0_c1, i16 %stencilConfig_0_1_c4, i16 %stencilConfig_2_c7, i16 %stencilConfig_3_c10, i1 %stencilConfig_5_0_c13, i14 %stencilConfig_6_c16, i288 %arg0_poisson_kernel_stencil_in_subtile_stream_4, i288 %arg0_poisson_kernel_stencil_in_subtile_stream_5, i288 %arg1_poisson_kernel_stencil_out_subtile_stream_4, i288 %arg1_poisson_kernel_stencil_out_subtile_stream_5" [/home/x_thileeb/repos/ops-hls-batching-new/codegen_apps/tiling/poisson2d/u280_project/maxtile_8192_unalign_interleave_p7/hls/device/src/kernel_outerloop_0_0.cpp:143]   --->   Operation 109 'call' 'call_ln143' <Predicate = true> <Delay = 0.00> <CoreType = "Generic">   --->   Core 0 '' <Latency = 0> <II = 1> <Delay = 1.00> <Generic> <Opcode : >
ST_6 : Operation 110 [1/2] (0.00ns)   --->   "%call_ln152 = call void @kernel_poisson_kernel_stencil_PE<(unsigned short)4, (unsigned short)3>, i14 %stencilConfig_0_0_c, i16 %stencilConfig_0_1_c, i16 %stencilConfig_2_c, i16 %stencilConfig_3_c, i1 %stencilConfig_5_0_c, i14 %stencilConfig_6_c, i288 %arg0_poisson_kernel_stencil_in_subtile_stream_6, i288 %arg0_poisson_kernel_stencil_in_subtile_stream_7, i288 %arg1_poisson_kernel_stencil_out_subtile_stream_6, i288 %arg1_poisson_kernel_stencil_out_subtile_stream_7" [/home/x_thileeb/repos/ops-hls-batching-new/codegen_apps/tiling/poisson2d/u280_project/maxtile_8192_unalign_interleave_p7/hls/device/src/kernel_outerloop_0_0.cpp:152]   --->   Operation 110 'call' 'call_ln152' <Predicate = true> <Delay = 0.00> <CoreType = "Generic">   --->   Core 0 '' <Latency = 0> <II = 1> <Delay = 1.00> <Generic> <Opcode : >

State 7 <SV = 6> <Delay = 0.00>
ST_7 : Operation 111 [2/2] (0.00ns)   --->   "%call_ln161 = call void @interleave2stream, i288 %arg1_poisson_kernel_stencil_out_subtile_stream_0, i288 %arg1_poisson_kernel_stencil_out_subtile_stream_1, i288 %arg1_poisson_kernel_stencil_out_subtile_stream_2, i288 %arg1_poisson_kernel_stencil_out_subtile_stream_3, i288 %arg1_poisson_kernel_stencil_out_subtile_stream_4, i288 %arg1_poisson_kernel_stencil_out_subtile_stream_5, i288 %arg1_poisson_kernel_stencil_out_subtile_stream_6, i288 %arg1_poisson_kernel_stencil_out_subtile_stream_7, i256 %arg0_arg1_streams_1_0, i256 %arg0_arg1_streams_1_1, i256 %arg0_arg1_streams_1_2, i256 %arg0_arg1_streams_1_3, i256 %arg0_arg1_streams_1_4, i256 %arg0_arg1_streams_1_5, i256 %arg0_arg1_streams_1_6, i256 %arg0_arg1_streams_1_7, i29 %num_pkts_c26, i29 %num_pkts_c, i29 %num_pkts_c19, i29 %num_pkts_c20, i29 %num_pkts_c21, i29 %num_pkts_c22, i29 %num_pkts_c23, i29 %num_pkts_c24, i29 %num_pkts_c25" [/home/x_thileeb/repos/ops-hls-batching-new/codegen_apps/tiling/poisson2d/u280_project/maxtile_8192_unalign_interleave_p7/hls/device/src/kernel_outerloop_0_0.cpp:161]   --->   Operation 111 'call' 'call_ln161' <Predicate = true> <Delay = 0.00> <CoreType = "Generic">   --->   Core 0 '' <Latency = 0> <II = 1> <Delay = 1.00> <Generic> <Opcode : >

State 8 <SV = 7> <Delay = 0.00>
ST_8 : Operation 112 [1/2] (0.00ns)   --->   "%call_ln161 = call void @interleave2stream, i288 %arg1_poisson_kernel_stencil_out_subtile_stream_0, i288 %arg1_poisson_kernel_stencil_out_subtile_stream_1, i288 %arg1_poisson_kernel_stencil_out_subtile_stream_2, i288 %arg1_poisson_kernel_stencil_out_subtile_stream_3, i288 %arg1_poisson_kernel_stencil_out_subtile_stream_4, i288 %arg1_poisson_kernel_stencil_out_subtile_stream_5, i288 %arg1_poisson_kernel_stencil_out_subtile_stream_6, i288 %arg1_poisson_kernel_stencil_out_subtile_stream_7, i256 %arg0_arg1_streams_1_0, i256 %arg0_arg1_streams_1_1, i256 %arg0_arg1_streams_1_2, i256 %arg0_arg1_streams_1_3, i256 %arg0_arg1_streams_1_4, i256 %arg0_arg1_streams_1_5, i256 %arg0_arg1_streams_1_6, i256 %arg0_arg1_streams_1_7, i29 %num_pkts_c26, i29 %num_pkts_c, i29 %num_pkts_c19, i29 %num_pkts_c20, i29 %num_pkts_c21, i29 %num_pkts_c22, i29 %num_pkts_c23, i29 %num_pkts_c24, i29 %num_pkts_c25" [/home/x_thileeb/repos/ops-hls-batching-new/codegen_apps/tiling/poisson2d/u280_project/maxtile_8192_unalign_interleave_p7/hls/device/src/kernel_outerloop_0_0.cpp:161]   --->   Operation 112 'call' 'call_ln161' <Predicate = true> <Delay = 0.00> <CoreType = "Generic">   --->   Core 0 '' <Latency = 0> <II = 1> <Delay = 1.00> <Generic> <Opcode : >

State 9 <SV = 8> <Delay = 0.00>
ST_9 : Operation 113 [2/2] (0.00ns)   --->   "%call_ln164 = call void @stream2axis<256u>, i256 %arg0_arg1_streams_1_0, i256 %arg1_0_axis_out_V_data_V, i32 %arg1_0_axis_out_V_keep_V, i32 %arg1_0_axis_out_V_strb_V, i1 %arg1_0_axis_out_V_last_V, i29 %num_pkts_c25" [/home/x_thileeb/repos/ops-hls-batching-new/codegen_apps/tiling/poisson2d/u280_project/maxtile_8192_unalign_interleave_p7/hls/device/src/kernel_outerloop_0_0.cpp:164]   --->   Operation 113 'call' 'call_ln164' <Predicate = true> <Delay = 0.00> <CoreType = "Generic">   --->   Core 0 '' <Latency = 0> <II = 1> <Delay = 1.00> <Generic> <Opcode : >
ST_9 : Operation 114 [2/2] (0.00ns)   --->   "%call_ln165 = call void @stream2axis<256u>.8, i256 %arg0_arg1_streams_1_1, i256 %arg1_1_axis_out_V_data_V, i32 %arg1_1_axis_out_V_keep_V, i32 %arg1_1_axis_out_V_strb_V, i1 %arg1_1_axis_out_V_last_V, i29 %num_pkts_c24" [/home/x_thileeb/repos/ops-hls-batching-new/codegen_apps/tiling/poisson2d/u280_project/maxtile_8192_unalign_interleave_p7/hls/device/src/kernel_outerloop_0_0.cpp:165]   --->   Operation 114 'call' 'call_ln165' <Predicate = true> <Delay = 0.00> <CoreType = "Generic">   --->   Core 0 '' <Latency = 0> <II = 1> <Delay = 1.00> <Generic> <Opcode : >
ST_9 : Operation 115 [2/2] (0.00ns)   --->   "%call_ln166 = call void @stream2axis<256u>.9, i256 %arg0_arg1_streams_1_2, i256 %arg1_2_axis_out_V_data_V, i32 %arg1_2_axis_out_V_keep_V, i32 %arg1_2_axis_out_V_strb_V, i1 %arg1_2_axis_out_V_last_V, i29 %num_pkts_c23" [/home/x_thileeb/repos/ops-hls-batching-new/codegen_apps/tiling/poisson2d/u280_project/maxtile_8192_unalign_interleave_p7/hls/device/src/kernel_outerloop_0_0.cpp:166]   --->   Operation 115 'call' 'call_ln166' <Predicate = true> <Delay = 0.00> <CoreType = "Generic">   --->   Core 0 '' <Latency = 0> <II = 1> <Delay = 1.00> <Generic> <Opcode : >
ST_9 : Operation 116 [2/2] (0.00ns)   --->   "%call_ln167 = call void @stream2axis<256u>.10, i256 %arg0_arg1_streams_1_3, i256 %arg1_3_axis_out_V_data_V, i32 %arg1_3_axis_out_V_keep_V, i32 %arg1_3_axis_out_V_strb_V, i1 %arg1_3_axis_out_V_last_V, i29 %num_pkts_c22" [/home/x_thileeb/repos/ops-hls-batching-new/codegen_apps/tiling/poisson2d/u280_project/maxtile_8192_unalign_interleave_p7/hls/device/src/kernel_outerloop_0_0.cpp:167]   --->   Operation 116 'call' 'call_ln167' <Predicate = true> <Delay = 0.00> <CoreType = "Generic">   --->   Core 0 '' <Latency = 0> <II = 1> <Delay = 1.00> <Generic> <Opcode : >
ST_9 : Operation 117 [2/2] (0.00ns)   --->   "%call_ln168 = call void @stream2axis<256u>.11, i256 %arg0_arg1_streams_1_4, i256 %arg1_4_axis_out_V_data_V, i32 %arg1_4_axis_out_V_keep_V, i32 %arg1_4_axis_out_V_strb_V, i1 %arg1_4_axis_out_V_last_V, i29 %num_pkts_c21" [/home/x_thileeb/repos/ops-hls-batching-new/codegen_apps/tiling/poisson2d/u280_project/maxtile_8192_unalign_interleave_p7/hls/device/src/kernel_outerloop_0_0.cpp:168]   --->   Operation 117 'call' 'call_ln168' <Predicate = true> <Delay = 0.00> <CoreType = "Generic">   --->   Core 0 '' <Latency = 0> <II = 1> <Delay = 1.00> <Generic> <Opcode : >
ST_9 : Operation 118 [2/2] (0.00ns)   --->   "%call_ln169 = call void @stream2axis<256u>.12, i256 %arg0_arg1_streams_1_5, i256 %arg1_5_axis_out_V_data_V, i32 %arg1_5_axis_out_V_keep_V, i32 %arg1_5_axis_out_V_strb_V, i1 %arg1_5_axis_out_V_last_V, i29 %num_pkts_c20" [/home/x_thileeb/repos/ops-hls-batching-new/codegen_apps/tiling/poisson2d/u280_project/maxtile_8192_unalign_interleave_p7/hls/device/src/kernel_outerloop_0_0.cpp:169]   --->   Operation 118 'call' 'call_ln169' <Predicate = true> <Delay = 0.00> <CoreType = "Generic">   --->   Core 0 '' <Latency = 0> <II = 1> <Delay = 1.00> <Generic> <Opcode : >
ST_9 : Operation 119 [2/2] (0.00ns)   --->   "%call_ln170 = call void @stream2axis<256u>.13, i256 %arg0_arg1_streams_1_6, i256 %arg1_6_axis_out_V_data_V, i32 %arg1_6_axis_out_V_keep_V, i32 %arg1_6_axis_out_V_strb_V, i1 %arg1_6_axis_out_V_last_V, i29 %num_pkts_c19" [/home/x_thileeb/repos/ops-hls-batching-new/codegen_apps/tiling/poisson2d/u280_project/maxtile_8192_unalign_interleave_p7/hls/device/src/kernel_outerloop_0_0.cpp:170]   --->   Operation 119 'call' 'call_ln170' <Predicate = true> <Delay = 0.00> <CoreType = "Generic">   --->   Core 0 '' <Latency = 0> <II = 1> <Delay = 1.00> <Generic> <Opcode : >
ST_9 : Operation 120 [2/2] (0.00ns)   --->   "%call_ln171 = call void @stream2axis<256u>.14, i256 %arg0_arg1_streams_1_7, i256 %arg1_7_axis_out_V_data_V, i32 %arg1_7_axis_out_V_keep_V, i32 %arg1_7_axis_out_V_strb_V, i1 %arg1_7_axis_out_V_last_V, i29 %num_pkts_c" [/home/x_thileeb/repos/ops-hls-batching-new/codegen_apps/tiling/poisson2d/u280_project/maxtile_8192_unalign_interleave_p7/hls/device/src/kernel_outerloop_0_0.cpp:171]   --->   Operation 120 'call' 'call_ln171' <Predicate = true> <Delay = 0.00> <CoreType = "Generic">   --->   Core 0 '' <Latency = 0> <II = 1> <Delay = 1.00> <Generic> <Opcode : >

State 10 <SV = 9> <Delay = 0.00>
ST_10 : Operation 121 [1/1] (0.00ns)   --->   "%empty = specchannel i32 @_ssdm_op_SpecChannel, void @num_pkts_c27_str, i32 1, void @p_str, void @p_str, i32 2, i32 0, i29 %num_pkts_c27, i29 %num_pkts_c27"   --->   Operation 121 'specchannel' 'empty' <Predicate = true> <Delay = 0.00>
ST_10 : Operation 122 [1/1] (0.00ns)   --->   "%specinterface_ln0 = specinterface void @_ssdm_op_SpecInterface, i29 %num_pkts_c27, void @ap_fifo_str, i32 0, i32 0, void @p_str, i32 0, i32 0, void @p_str, void @p_str, void @p_str, i32 2, i32 2, i32 16, i32 16, void @p_str, void @p_str, i32 4294967295, i32 0"   --->   Operation 122 'specinterface' 'specinterface_ln0' <Predicate = true> <Delay = 0.00>
ST_10 : Operation 123 [1/1] (0.00ns)   --->   "%empty_68 = specchannel i32 @_ssdm_op_SpecChannel, void @num_pkts_c26_str, i32 1, void @p_str, void @p_str, i32 3, i32 0, i29 %num_pkts_c26, i29 %num_pkts_c26"   --->   Operation 123 'specchannel' 'empty_68' <Predicate = true> <Delay = 0.00>
ST_10 : Operation 124 [1/1] (0.00ns)   --->   "%specinterface_ln0 = specinterface void @_ssdm_op_SpecInterface, i29 %num_pkts_c26, void @ap_fifo_str, i32 0, i32 0, void @p_str, i32 0, i32 0, void @p_str, void @p_str, void @p_str, i32 2, i32 2, i32 16, i32 16, void @p_str, void @p_str, i32 4294967295, i32 0"   --->   Operation 124 'specinterface' 'specinterface_ln0' <Predicate = true> <Delay = 0.00>
ST_10 : Operation 125 [1/1] (0.00ns)   --->   "%empty_69 = specchannel i32 @_ssdm_op_SpecChannel, void @num_pkts_c25_str, i32 1, void @p_str, void @p_str, i32 2, i32 0, i29 %num_pkts_c25, i29 %num_pkts_c25"   --->   Operation 125 'specchannel' 'empty_69' <Predicate = true> <Delay = 0.00>
ST_10 : Operation 126 [1/1] (0.00ns)   --->   "%specinterface_ln0 = specinterface void @_ssdm_op_SpecInterface, i29 %num_pkts_c25, void @ap_fifo_str, i32 0, i32 0, void @p_str, i32 0, i32 0, void @p_str, void @p_str, void @p_str, i32 2, i32 2, i32 16, i32 16, void @p_str, void @p_str, i32 4294967295, i32 0"   --->   Operation 126 'specinterface' 'specinterface_ln0' <Predicate = true> <Delay = 0.00>
ST_10 : Operation 127 [1/1] (0.00ns)   --->   "%empty_70 = specchannel i32 @_ssdm_op_SpecChannel, void @num_pkts_c24_str, i32 1, void @p_str, void @p_str, i32 2, i32 0, i29 %num_pkts_c24, i29 %num_pkts_c24"   --->   Operation 127 'specchannel' 'empty_70' <Predicate = true> <Delay = 0.00>
ST_10 : Operation 128 [1/1] (0.00ns)   --->   "%specinterface_ln0 = specinterface void @_ssdm_op_SpecInterface, i29 %num_pkts_c24, void @ap_fifo_str, i32 0, i32 0, void @p_str, i32 0, i32 0, void @p_str, void @p_str, void @p_str, i32 2, i32 2, i32 16, i32 16, void @p_str, void @p_str, i32 4294967295, i32 0"   --->   Operation 128 'specinterface' 'specinterface_ln0' <Predicate = true> <Delay = 0.00>
ST_10 : Operation 129 [1/1] (0.00ns)   --->   "%empty_71 = specchannel i32 @_ssdm_op_SpecChannel, void @num_pkts_c23_str, i32 1, void @p_str, void @p_str, i32 2, i32 0, i29 %num_pkts_c23, i29 %num_pkts_c23"   --->   Operation 129 'specchannel' 'empty_71' <Predicate = true> <Delay = 0.00>
ST_10 : Operation 130 [1/1] (0.00ns)   --->   "%specinterface_ln0 = specinterface void @_ssdm_op_SpecInterface, i29 %num_pkts_c23, void @ap_fifo_str, i32 0, i32 0, void @p_str, i32 0, i32 0, void @p_str, void @p_str, void @p_str, i32 2, i32 2, i32 16, i32 16, void @p_str, void @p_str, i32 4294967295, i32 0"   --->   Operation 130 'specinterface' 'specinterface_ln0' <Predicate = true> <Delay = 0.00>
ST_10 : Operation 131 [1/1] (0.00ns)   --->   "%empty_72 = specchannel i32 @_ssdm_op_SpecChannel, void @num_pkts_c22_str, i32 1, void @p_str, void @p_str, i32 2, i32 0, i29 %num_pkts_c22, i29 %num_pkts_c22"   --->   Operation 131 'specchannel' 'empty_72' <Predicate = true> <Delay = 0.00>
ST_10 : Operation 132 [1/1] (0.00ns)   --->   "%specinterface_ln0 = specinterface void @_ssdm_op_SpecInterface, i29 %num_pkts_c22, void @ap_fifo_str, i32 0, i32 0, void @p_str, i32 0, i32 0, void @p_str, void @p_str, void @p_str, i32 2, i32 2, i32 16, i32 16, void @p_str, void @p_str, i32 4294967295, i32 0"   --->   Operation 132 'specinterface' 'specinterface_ln0' <Predicate = true> <Delay = 0.00>
ST_10 : Operation 133 [1/1] (0.00ns)   --->   "%empty_73 = specchannel i32 @_ssdm_op_SpecChannel, void @num_pkts_c21_str, i32 1, void @p_str, void @p_str, i32 2, i32 0, i29 %num_pkts_c21, i29 %num_pkts_c21"   --->   Operation 133 'specchannel' 'empty_73' <Predicate = true> <Delay = 0.00>
ST_10 : Operation 134 [1/1] (0.00ns)   --->   "%specinterface_ln0 = specinterface void @_ssdm_op_SpecInterface, i29 %num_pkts_c21, void @ap_fifo_str, i32 0, i32 0, void @p_str, i32 0, i32 0, void @p_str, void @p_str, void @p_str, i32 2, i32 2, i32 16, i32 16, void @p_str, void @p_str, i32 4294967295, i32 0"   --->   Operation 134 'specinterface' 'specinterface_ln0' <Predicate = true> <Delay = 0.00>
ST_10 : Operation 135 [1/1] (0.00ns)   --->   "%empty_74 = specchannel i32 @_ssdm_op_SpecChannel, void @num_pkts_c20_str, i32 1, void @p_str, void @p_str, i32 2, i32 0, i29 %num_pkts_c20, i29 %num_pkts_c20"   --->   Operation 135 'specchannel' 'empty_74' <Predicate = true> <Delay = 0.00>
ST_10 : Operation 136 [1/1] (0.00ns)   --->   "%specinterface_ln0 = specinterface void @_ssdm_op_SpecInterface, i29 %num_pkts_c20, void @ap_fifo_str, i32 0, i32 0, void @p_str, i32 0, i32 0, void @p_str, void @p_str, void @p_str, i32 2, i32 2, i32 16, i32 16, void @p_str, void @p_str, i32 4294967295, i32 0"   --->   Operation 136 'specinterface' 'specinterface_ln0' <Predicate = true> <Delay = 0.00>
ST_10 : Operation 137 [1/1] (0.00ns)   --->   "%empty_75 = specchannel i32 @_ssdm_op_SpecChannel, void @num_pkts_c19_str, i32 1, void @p_str, void @p_str, i32 2, i32 0, i29 %num_pkts_c19, i29 %num_pkts_c19"   --->   Operation 137 'specchannel' 'empty_75' <Predicate = true> <Delay = 0.00>
ST_10 : Operation 138 [1/1] (0.00ns)   --->   "%specinterface_ln0 = specinterface void @_ssdm_op_SpecInterface, i29 %num_pkts_c19, void @ap_fifo_str, i32 0, i32 0, void @p_str, i32 0, i32 0, void @p_str, void @p_str, void @p_str, i32 2, i32 2, i32 16, i32 16, void @p_str, void @p_str, i32 4294967295, i32 0"   --->   Operation 138 'specinterface' 'specinterface_ln0' <Predicate = true> <Delay = 0.00>
ST_10 : Operation 139 [1/1] (0.00ns)   --->   "%empty_76 = specchannel i32 @_ssdm_op_SpecChannel, void @num_pkts_c_str, i32 1, void @p_str, void @p_str, i32 2, i32 0, i29 %num_pkts_c, i29 %num_pkts_c"   --->   Operation 139 'specchannel' 'empty_76' <Predicate = true> <Delay = 0.00>
ST_10 : Operation 140 [1/1] (0.00ns)   --->   "%specinterface_ln0 = specinterface void @_ssdm_op_SpecInterface, i29 %num_pkts_c, void @ap_fifo_str, i32 0, i32 0, void @p_str, i32 0, i32 0, void @p_str, void @p_str, void @p_str, i32 2, i32 2, i32 16, i32 16, void @p_str, void @p_str, i32 4294967295, i32 0"   --->   Operation 140 'specinterface' 'specinterface_ln0' <Predicate = true> <Delay = 0.00>
ST_10 : Operation 141 [1/1] (0.00ns)   --->   "%empty_77 = specchannel i32 @_ssdm_op_SpecChannel, void @stencilConfig_OC_6_c18_str, i32 1, void @p_str, void @p_str, i32 4, i32 0, i14 %stencilConfig_6_c18, i14 %stencilConfig_6_c18"   --->   Operation 141 'specchannel' 'empty_77' <Predicate = true> <Delay = 0.00>
ST_10 : Operation 142 [1/1] (0.00ns)   --->   "%specinterface_ln0 = specinterface void @_ssdm_op_SpecInterface, i14 %stencilConfig_6_c18, void @ap_fifo_str, i32 0, i32 0, void @p_str, i32 0, i32 0, void @p_str, void @p_str, void @p_str, i32 2, i32 2, i32 16, i32 16, void @p_str, void @p_str, i32 4294967295, i32 0"   --->   Operation 142 'specinterface' 'specinterface_ln0' <Predicate = true> <Delay = 0.00>
ST_10 : Operation 143 [1/1] (0.00ns)   --->   "%empty_78 = specchannel i32 @_ssdm_op_SpecChannel, void @stencilConfig_OC_6_c17_str, i32 1, void @p_str, void @p_str, i32 4, i32 0, i14 %stencilConfig_6_c17, i14 %stencilConfig_6_c17"   --->   Operation 143 'specchannel' 'empty_78' <Predicate = true> <Delay = 0.00>
ST_10 : Operation 144 [1/1] (0.00ns)   --->   "%specinterface_ln0 = specinterface void @_ssdm_op_SpecInterface, i14 %stencilConfig_6_c17, void @ap_fifo_str, i32 0, i32 0, void @p_str, i32 0, i32 0, void @p_str, void @p_str, void @p_str, i32 2, i32 2, i32 16, i32 16, void @p_str, void @p_str, i32 4294967295, i32 0"   --->   Operation 144 'specinterface' 'specinterface_ln0' <Predicate = true> <Delay = 0.00>
ST_10 : Operation 145 [1/1] (0.00ns)   --->   "%empty_79 = specchannel i32 @_ssdm_op_SpecChannel, void @stencilConfig_OC_6_c16_str, i32 1, void @p_str, void @p_str, i32 4, i32 0, i14 %stencilConfig_6_c16, i14 %stencilConfig_6_c16"   --->   Operation 145 'specchannel' 'empty_79' <Predicate = true> <Delay = 0.00>
ST_10 : Operation 146 [1/1] (0.00ns)   --->   "%specinterface_ln0 = specinterface void @_ssdm_op_SpecInterface, i14 %stencilConfig_6_c16, void @ap_fifo_str, i32 0, i32 0, void @p_str, i32 0, i32 0, void @p_str, void @p_str, void @p_str, i32 2, i32 2, i32 16, i32 16, void @p_str, void @p_str, i32 4294967295, i32 0"   --->   Operation 146 'specinterface' 'specinterface_ln0' <Predicate = true> <Delay = 0.00>
ST_10 : Operation 147 [1/1] (0.00ns)   --->   "%empty_80 = specchannel i32 @_ssdm_op_SpecChannel, void @stencilConfig_OC_6_c_str, i32 1, void @p_str, void @p_str, i32 4, i32 0, i14 %stencilConfig_6_c, i14 %stencilConfig_6_c"   --->   Operation 147 'specchannel' 'empty_80' <Predicate = true> <Delay = 0.00>
ST_10 : Operation 148 [1/1] (0.00ns)   --->   "%specinterface_ln0 = specinterface void @_ssdm_op_SpecInterface, i14 %stencilConfig_6_c, void @ap_fifo_str, i32 0, i32 0, void @p_str, i32 0, i32 0, void @p_str, void @p_str, void @p_str, i32 2, i32 2, i32 16, i32 16, void @p_str, void @p_str, i32 4294967295, i32 0"   --->   Operation 148 'specinterface' 'specinterface_ln0' <Predicate = true> <Delay = 0.00>
ST_10 : Operation 149 [1/1] (0.00ns)   --->   "%empty_81 = specchannel i32 @_ssdm_op_SpecChannel, void @stencilConfig_OC_5_OC_0_c15_str, i32 1, void @p_str, void @p_str, i32 4, i32 0, i1 %stencilConfig_5_0_c15, i1 %stencilConfig_5_0_c15"   --->   Operation 149 'specchannel' 'empty_81' <Predicate = true> <Delay = 0.00>
ST_10 : Operation 150 [1/1] (0.00ns)   --->   "%specinterface_ln0 = specinterface void @_ssdm_op_SpecInterface, i1 %stencilConfig_5_0_c15, void @ap_fifo_str, i32 0, i32 0, void @p_str, i32 0, i32 0, void @p_str, void @p_str, void @p_str, i32 2, i32 2, i32 16, i32 16, void @p_str, void @p_str, i32 4294967295, i32 0"   --->   Operation 150 'specinterface' 'specinterface_ln0' <Predicate = true> <Delay = 0.00>
ST_10 : Operation 151 [1/1] (0.00ns)   --->   "%empty_82 = specchannel i32 @_ssdm_op_SpecChannel, void @stencilConfig_OC_5_OC_0_c14_str, i32 1, void @p_str, void @p_str, i32 4, i32 0, i1 %stencilConfig_5_0_c14, i1 %stencilConfig_5_0_c14"   --->   Operation 151 'specchannel' 'empty_82' <Predicate = true> <Delay = 0.00>
ST_10 : Operation 152 [1/1] (0.00ns)   --->   "%specinterface_ln0 = specinterface void @_ssdm_op_SpecInterface, i1 %stencilConfig_5_0_c14, void @ap_fifo_str, i32 0, i32 0, void @p_str, i32 0, i32 0, void @p_str, void @p_str, void @p_str, i32 2, i32 2, i32 16, i32 16, void @p_str, void @p_str, i32 4294967295, i32 0"   --->   Operation 152 'specinterface' 'specinterface_ln0' <Predicate = true> <Delay = 0.00>
ST_10 : Operation 153 [1/1] (0.00ns)   --->   "%empty_83 = specchannel i32 @_ssdm_op_SpecChannel, void @stencilConfig_OC_5_OC_0_c13_str, i32 1, void @p_str, void @p_str, i32 4, i32 0, i1 %stencilConfig_5_0_c13, i1 %stencilConfig_5_0_c13"   --->   Operation 153 'specchannel' 'empty_83' <Predicate = true> <Delay = 0.00>
ST_10 : Operation 154 [1/1] (0.00ns)   --->   "%specinterface_ln0 = specinterface void @_ssdm_op_SpecInterface, i1 %stencilConfig_5_0_c13, void @ap_fifo_str, i32 0, i32 0, void @p_str, i32 0, i32 0, void @p_str, void @p_str, void @p_str, i32 2, i32 2, i32 16, i32 16, void @p_str, void @p_str, i32 4294967295, i32 0"   --->   Operation 154 'specinterface' 'specinterface_ln0' <Predicate = true> <Delay = 0.00>
ST_10 : Operation 155 [1/1] (0.00ns)   --->   "%empty_84 = specchannel i32 @_ssdm_op_SpecChannel, void @stencilConfig_OC_5_OC_0_c_str, i32 1, void @p_str, void @p_str, i32 4, i32 0, i1 %stencilConfig_5_0_c, i1 %stencilConfig_5_0_c"   --->   Operation 155 'specchannel' 'empty_84' <Predicate = true> <Delay = 0.00>
ST_10 : Operation 156 [1/1] (0.00ns)   --->   "%specinterface_ln0 = specinterface void @_ssdm_op_SpecInterface, i1 %stencilConfig_5_0_c, void @ap_fifo_str, i32 0, i32 0, void @p_str, i32 0, i32 0, void @p_str, void @p_str, void @p_str, i32 2, i32 2, i32 16, i32 16, void @p_str, void @p_str, i32 4294967295, i32 0"   --->   Operation 156 'specinterface' 'specinterface_ln0' <Predicate = true> <Delay = 0.00>
ST_10 : Operation 157 [1/1] (0.00ns)   --->   "%empty_85 = specchannel i32 @_ssdm_op_SpecChannel, void @stencilConfig_OC_3_c12_str, i32 1, void @p_str, void @p_str, i32 4, i32 0, i16 %stencilConfig_3_c12, i16 %stencilConfig_3_c12"   --->   Operation 157 'specchannel' 'empty_85' <Predicate = true> <Delay = 0.00>
ST_10 : Operation 158 [1/1] (0.00ns)   --->   "%specinterface_ln0 = specinterface void @_ssdm_op_SpecInterface, i16 %stencilConfig_3_c12, void @ap_fifo_str, i32 0, i32 0, void @p_str, i32 0, i32 0, void @p_str, void @p_str, void @p_str, i32 2, i32 2, i32 16, i32 16, void @p_str, void @p_str, i32 4294967295, i32 0"   --->   Operation 158 'specinterface' 'specinterface_ln0' <Predicate = true> <Delay = 0.00>
ST_10 : Operation 159 [1/1] (0.00ns)   --->   "%empty_86 = specchannel i32 @_ssdm_op_SpecChannel, void @stencilConfig_OC_3_c11_str, i32 1, void @p_str, void @p_str, i32 4, i32 0, i16 %stencilConfig_3_c11, i16 %stencilConfig_3_c11"   --->   Operation 159 'specchannel' 'empty_86' <Predicate = true> <Delay = 0.00>
ST_10 : Operation 160 [1/1] (0.00ns)   --->   "%specinterface_ln0 = specinterface void @_ssdm_op_SpecInterface, i16 %stencilConfig_3_c11, void @ap_fifo_str, i32 0, i32 0, void @p_str, i32 0, i32 0, void @p_str, void @p_str, void @p_str, i32 2, i32 2, i32 16, i32 16, void @p_str, void @p_str, i32 4294967295, i32 0"   --->   Operation 160 'specinterface' 'specinterface_ln0' <Predicate = true> <Delay = 0.00>
ST_10 : Operation 161 [1/1] (0.00ns)   --->   "%empty_87 = specchannel i32 @_ssdm_op_SpecChannel, void @stencilConfig_OC_3_c10_str, i32 1, void @p_str, void @p_str, i32 4, i32 0, i16 %stencilConfig_3_c10, i16 %stencilConfig_3_c10"   --->   Operation 161 'specchannel' 'empty_87' <Predicate = true> <Delay = 0.00>
ST_10 : Operation 162 [1/1] (0.00ns)   --->   "%specinterface_ln0 = specinterface void @_ssdm_op_SpecInterface, i16 %stencilConfig_3_c10, void @ap_fifo_str, i32 0, i32 0, void @p_str, i32 0, i32 0, void @p_str, void @p_str, void @p_str, i32 2, i32 2, i32 16, i32 16, void @p_str, void @p_str, i32 4294967295, i32 0"   --->   Operation 162 'specinterface' 'specinterface_ln0' <Predicate = true> <Delay = 0.00>
ST_10 : Operation 163 [1/1] (0.00ns)   --->   "%empty_88 = specchannel i32 @_ssdm_op_SpecChannel, void @stencilConfig_OC_3_c_str, i32 1, void @p_str, void @p_str, i32 4, i32 0, i16 %stencilConfig_3_c, i16 %stencilConfig_3_c"   --->   Operation 163 'specchannel' 'empty_88' <Predicate = true> <Delay = 0.00>
ST_10 : Operation 164 [1/1] (0.00ns)   --->   "%specinterface_ln0 = specinterface void @_ssdm_op_SpecInterface, i16 %stencilConfig_3_c, void @ap_fifo_str, i32 0, i32 0, void @p_str, i32 0, i32 0, void @p_str, void @p_str, void @p_str, i32 2, i32 2, i32 16, i32 16, void @p_str, void @p_str, i32 4294967295, i32 0"   --->   Operation 164 'specinterface' 'specinterface_ln0' <Predicate = true> <Delay = 0.00>
ST_10 : Operation 165 [1/1] (0.00ns)   --->   "%empty_89 = specchannel i32 @_ssdm_op_SpecChannel, void @stencilConfig_OC_2_c9_str, i32 1, void @p_str, void @p_str, i32 4, i32 0, i16 %stencilConfig_2_c9, i16 %stencilConfig_2_c9"   --->   Operation 165 'specchannel' 'empty_89' <Predicate = true> <Delay = 0.00>
ST_10 : Operation 166 [1/1] (0.00ns)   --->   "%specinterface_ln0 = specinterface void @_ssdm_op_SpecInterface, i16 %stencilConfig_2_c9, void @ap_fifo_str, i32 0, i32 0, void @p_str, i32 0, i32 0, void @p_str, void @p_str, void @p_str, i32 2, i32 2, i32 16, i32 16, void @p_str, void @p_str, i32 4294967295, i32 0"   --->   Operation 166 'specinterface' 'specinterface_ln0' <Predicate = true> <Delay = 0.00>
ST_10 : Operation 167 [1/1] (0.00ns)   --->   "%empty_90 = specchannel i32 @_ssdm_op_SpecChannel, void @stencilConfig_OC_2_c8_str, i32 1, void @p_str, void @p_str, i32 4, i32 0, i16 %stencilConfig_2_c8, i16 %stencilConfig_2_c8"   --->   Operation 167 'specchannel' 'empty_90' <Predicate = true> <Delay = 0.00>
ST_10 : Operation 168 [1/1] (0.00ns)   --->   "%specinterface_ln0 = specinterface void @_ssdm_op_SpecInterface, i16 %stencilConfig_2_c8, void @ap_fifo_str, i32 0, i32 0, void @p_str, i32 0, i32 0, void @p_str, void @p_str, void @p_str, i32 2, i32 2, i32 16, i32 16, void @p_str, void @p_str, i32 4294967295, i32 0"   --->   Operation 168 'specinterface' 'specinterface_ln0' <Predicate = true> <Delay = 0.00>
ST_10 : Operation 169 [1/1] (0.00ns)   --->   "%empty_91 = specchannel i32 @_ssdm_op_SpecChannel, void @stencilConfig_OC_2_c7_str, i32 1, void @p_str, void @p_str, i32 4, i32 0, i16 %stencilConfig_2_c7, i16 %stencilConfig_2_c7"   --->   Operation 169 'specchannel' 'empty_91' <Predicate = true> <Delay = 0.00>
ST_10 : Operation 170 [1/1] (0.00ns)   --->   "%specinterface_ln0 = specinterface void @_ssdm_op_SpecInterface, i16 %stencilConfig_2_c7, void @ap_fifo_str, i32 0, i32 0, void @p_str, i32 0, i32 0, void @p_str, void @p_str, void @p_str, i32 2, i32 2, i32 16, i32 16, void @p_str, void @p_str, i32 4294967295, i32 0"   --->   Operation 170 'specinterface' 'specinterface_ln0' <Predicate = true> <Delay = 0.00>
ST_10 : Operation 171 [1/1] (0.00ns)   --->   "%empty_92 = specchannel i32 @_ssdm_op_SpecChannel, void @stencilConfig_OC_2_c_str, i32 1, void @p_str, void @p_str, i32 4, i32 0, i16 %stencilConfig_2_c, i16 %stencilConfig_2_c"   --->   Operation 171 'specchannel' 'empty_92' <Predicate = true> <Delay = 0.00>
ST_10 : Operation 172 [1/1] (0.00ns)   --->   "%specinterface_ln0 = specinterface void @_ssdm_op_SpecInterface, i16 %stencilConfig_2_c, void @ap_fifo_str, i32 0, i32 0, void @p_str, i32 0, i32 0, void @p_str, void @p_str, void @p_str, i32 2, i32 2, i32 16, i32 16, void @p_str, void @p_str, i32 4294967295, i32 0"   --->   Operation 172 'specinterface' 'specinterface_ln0' <Predicate = true> <Delay = 0.00>
ST_10 : Operation 173 [1/1] (0.00ns)   --->   "%empty_93 = specchannel i32 @_ssdm_op_SpecChannel, void @stencilConfig_OC_0_OC_1_c6_str, i32 1, void @p_str, void @p_str, i32 4, i32 0, i16 %stencilConfig_0_1_c6, i16 %stencilConfig_0_1_c6"   --->   Operation 173 'specchannel' 'empty_93' <Predicate = true> <Delay = 0.00>
ST_10 : Operation 174 [1/1] (0.00ns)   --->   "%specinterface_ln0 = specinterface void @_ssdm_op_SpecInterface, i16 %stencilConfig_0_1_c6, void @ap_fifo_str, i32 0, i32 0, void @p_str, i32 0, i32 0, void @p_str, void @p_str, void @p_str, i32 2, i32 2, i32 16, i32 16, void @p_str, void @p_str, i32 4294967295, i32 0"   --->   Operation 174 'specinterface' 'specinterface_ln0' <Predicate = true> <Delay = 0.00>
ST_10 : Operation 175 [1/1] (0.00ns)   --->   "%empty_94 = specchannel i32 @_ssdm_op_SpecChannel, void @stencilConfig_OC_0_OC_1_c5_str, i32 1, void @p_str, void @p_str, i32 4, i32 0, i16 %stencilConfig_0_1_c5, i16 %stencilConfig_0_1_c5"   --->   Operation 175 'specchannel' 'empty_94' <Predicate = true> <Delay = 0.00>
ST_10 : Operation 176 [1/1] (0.00ns)   --->   "%specinterface_ln0 = specinterface void @_ssdm_op_SpecInterface, i16 %stencilConfig_0_1_c5, void @ap_fifo_str, i32 0, i32 0, void @p_str, i32 0, i32 0, void @p_str, void @p_str, void @p_str, i32 2, i32 2, i32 16, i32 16, void @p_str, void @p_str, i32 4294967295, i32 0"   --->   Operation 176 'specinterface' 'specinterface_ln0' <Predicate = true> <Delay = 0.00>
ST_10 : Operation 177 [1/1] (0.00ns)   --->   "%empty_95 = specchannel i32 @_ssdm_op_SpecChannel, void @stencilConfig_OC_0_OC_1_c4_str, i32 1, void @p_str, void @p_str, i32 4, i32 0, i16 %stencilConfig_0_1_c4, i16 %stencilConfig_0_1_c4"   --->   Operation 177 'specchannel' 'empty_95' <Predicate = true> <Delay = 0.00>
ST_10 : Operation 178 [1/1] (0.00ns)   --->   "%specinterface_ln0 = specinterface void @_ssdm_op_SpecInterface, i16 %stencilConfig_0_1_c4, void @ap_fifo_str, i32 0, i32 0, void @p_str, i32 0, i32 0, void @p_str, void @p_str, void @p_str, i32 2, i32 2, i32 16, i32 16, void @p_str, void @p_str, i32 4294967295, i32 0"   --->   Operation 178 'specinterface' 'specinterface_ln0' <Predicate = true> <Delay = 0.00>
ST_10 : Operation 179 [1/1] (0.00ns)   --->   "%empty_96 = specchannel i32 @_ssdm_op_SpecChannel, void @stencilConfig_OC_0_OC_1_c_str, i32 1, void @p_str, void @p_str, i32 4, i32 0, i16 %stencilConfig_0_1_c, i16 %stencilConfig_0_1_c"   --->   Operation 179 'specchannel' 'empty_96' <Predicate = true> <Delay = 0.00>
ST_10 : Operation 180 [1/1] (0.00ns)   --->   "%specinterface_ln0 = specinterface void @_ssdm_op_SpecInterface, i16 %stencilConfig_0_1_c, void @ap_fifo_str, i32 0, i32 0, void @p_str, i32 0, i32 0, void @p_str, void @p_str, void @p_str, i32 2, i32 2, i32 16, i32 16, void @p_str, void @p_str, i32 4294967295, i32 0"   --->   Operation 180 'specinterface' 'specinterface_ln0' <Predicate = true> <Delay = 0.00>
ST_10 : Operation 181 [1/1] (0.00ns)   --->   "%empty_97 = specchannel i32 @_ssdm_op_SpecChannel, void @stencilConfig_OC_0_OC_0_c3_str, i32 1, void @p_str, void @p_str, i32 4, i32 0, i14 %stencilConfig_0_0_c3, i14 %stencilConfig_0_0_c3"   --->   Operation 181 'specchannel' 'empty_97' <Predicate = true> <Delay = 0.00>
ST_10 : Operation 182 [1/1] (0.00ns)   --->   "%specinterface_ln0 = specinterface void @_ssdm_op_SpecInterface, i14 %stencilConfig_0_0_c3, void @ap_fifo_str, i32 0, i32 0, void @p_str, i32 0, i32 0, void @p_str, void @p_str, void @p_str, i32 2, i32 2, i32 16, i32 16, void @p_str, void @p_str, i32 4294967295, i32 0"   --->   Operation 182 'specinterface' 'specinterface_ln0' <Predicate = true> <Delay = 0.00>
ST_10 : Operation 183 [1/1] (0.00ns)   --->   "%empty_98 = specchannel i32 @_ssdm_op_SpecChannel, void @stencilConfig_OC_0_OC_0_c2_str, i32 1, void @p_str, void @p_str, i32 4, i32 0, i14 %stencilConfig_0_0_c2, i14 %stencilConfig_0_0_c2"   --->   Operation 183 'specchannel' 'empty_98' <Predicate = true> <Delay = 0.00>
ST_10 : Operation 184 [1/1] (0.00ns)   --->   "%specinterface_ln0 = specinterface void @_ssdm_op_SpecInterface, i14 %stencilConfig_0_0_c2, void @ap_fifo_str, i32 0, i32 0, void @p_str, i32 0, i32 0, void @p_str, void @p_str, void @p_str, i32 2, i32 2, i32 16, i32 16, void @p_str, void @p_str, i32 4294967295, i32 0"   --->   Operation 184 'specinterface' 'specinterface_ln0' <Predicate = true> <Delay = 0.00>
ST_10 : Operation 185 [1/1] (0.00ns)   --->   "%empty_99 = specchannel i32 @_ssdm_op_SpecChannel, void @stencilConfig_OC_0_OC_0_c1_str, i32 1, void @p_str, void @p_str, i32 4, i32 0, i14 %stencilConfig_0_0_c1, i14 %stencilConfig_0_0_c1"   --->   Operation 185 'specchannel' 'empty_99' <Predicate = true> <Delay = 0.00>
ST_10 : Operation 186 [1/1] (0.00ns)   --->   "%specinterface_ln0 = specinterface void @_ssdm_op_SpecInterface, i14 %stencilConfig_0_0_c1, void @ap_fifo_str, i32 0, i32 0, void @p_str, i32 0, i32 0, void @p_str, void @p_str, void @p_str, i32 2, i32 2, i32 16, i32 16, void @p_str, void @p_str, i32 4294967295, i32 0"   --->   Operation 186 'specinterface' 'specinterface_ln0' <Predicate = true> <Delay = 0.00>
ST_10 : Operation 187 [1/1] (0.00ns)   --->   "%empty_100 = specchannel i32 @_ssdm_op_SpecChannel, void @stencilConfig_OC_0_OC_0_c_str, i32 1, void @p_str, void @p_str, i32 4, i32 0, i14 %stencilConfig_0_0_c, i14 %stencilConfig_0_0_c"   --->   Operation 187 'specchannel' 'empty_100' <Predicate = true> <Delay = 0.00>
ST_10 : Operation 188 [1/1] (0.00ns)   --->   "%specinterface_ln0 = specinterface void @_ssdm_op_SpecInterface, i14 %stencilConfig_0_0_c, void @ap_fifo_str, i32 0, i32 0, void @p_str, i32 0, i32 0, void @p_str, void @p_str, void @p_str, i32 2, i32 2, i32 16, i32 16, void @p_str, void @p_str, i32 4294967295, i32 0"   --->   Operation 188 'specinterface' 'specinterface_ln0' <Predicate = true> <Delay = 0.00>
ST_10 : Operation 189 [1/1] (0.00ns)   --->   "%specdataflowpipeline_ln0 = specdataflowpipeline void @_ssdm_op_SpecDataflowPipeline, i32 4294967295, i32 0, void @empty_5"   --->   Operation 189 'specdataflowpipeline' 'specdataflowpipeline_ln0' <Predicate = true> <Delay = 0.00>
ST_10 : Operation 190 [1/1] (0.00ns)   --->   "%specaxissidechannel_ln0 = specaxissidechannel void @_ssdm_op_SpecAXISSideChannel, i256 %arg1_6_axis_out_V_data_V, i32 %arg1_6_axis_out_V_keep_V, i32 %arg1_6_axis_out_V_strb_V, i1 0, i1 %arg1_6_axis_out_V_last_V, i1 0, i1 0, void @empty_38"   --->   Operation 190 'specaxissidechannel' 'specaxissidechannel_ln0' <Predicate = true> <Delay = 0.00>
ST_10 : Operation 191 [1/1] (0.00ns)   --->   "%specaxissidechannel_ln0 = specaxissidechannel void @_ssdm_op_SpecAXISSideChannel, i256 %arg1_5_axis_out_V_data_V, i32 %arg1_5_axis_out_V_keep_V, i32 %arg1_5_axis_out_V_strb_V, i1 0, i1 %arg1_5_axis_out_V_last_V, i1 0, i1 0, void @empty_36"   --->   Operation 191 'specaxissidechannel' 'specaxissidechannel_ln0' <Predicate = true> <Delay = 0.00>
ST_10 : Operation 192 [1/1] (0.00ns)   --->   "%specaxissidechannel_ln0 = specaxissidechannel void @_ssdm_op_SpecAXISSideChannel, i256 %arg1_4_axis_out_V_data_V, i32 %arg1_4_axis_out_V_keep_V, i32 %arg1_4_axis_out_V_strb_V, i1 0, i1 %arg1_4_axis_out_V_last_V, i1 0, i1 0, void @empty_21"   --->   Operation 192 'specaxissidechannel' 'specaxissidechannel_ln0' <Predicate = true> <Delay = 0.00>
ST_10 : Operation 193 [1/1] (0.00ns)   --->   "%specaxissidechannel_ln0 = specaxissidechannel void @_ssdm_op_SpecAXISSideChannel, i256 %arg1_3_axis_out_V_data_V, i32 %arg1_3_axis_out_V_keep_V, i32 %arg1_3_axis_out_V_strb_V, i1 0, i1 %arg1_3_axis_out_V_last_V, i1 0, i1 0, void @empty_16"   --->   Operation 193 'specaxissidechannel' 'specaxissidechannel_ln0' <Predicate = true> <Delay = 0.00>
ST_10 : Operation 194 [1/1] (0.00ns)   --->   "%specaxissidechannel_ln0 = specaxissidechannel void @_ssdm_op_SpecAXISSideChannel, i256 %arg1_2_axis_out_V_data_V, i32 %arg1_2_axis_out_V_keep_V, i32 %arg1_2_axis_out_V_strb_V, i1 0, i1 %arg1_2_axis_out_V_last_V, i1 0, i1 0, void @empty_37"   --->   Operation 194 'specaxissidechannel' 'specaxissidechannel_ln0' <Predicate = true> <Delay = 0.00>
ST_10 : Operation 195 [1/1] (0.00ns)   --->   "%specaxissidechannel_ln0 = specaxissidechannel void @_ssdm_op_SpecAXISSideChannel, i256 %arg1_1_axis_out_V_data_V, i32 %arg1_1_axis_out_V_keep_V, i32 %arg1_1_axis_out_V_strb_V, i1 0, i1 %arg1_1_axis_out_V_last_V, i1 0, i1 0, void @empty_12"   --->   Operation 195 'specaxissidechannel' 'specaxissidechannel_ln0' <Predicate = true> <Delay = 0.00>
ST_10 : Operation 196 [1/1] (0.00ns)   --->   "%specaxissidechannel_ln0 = specaxissidechannel void @_ssdm_op_SpecAXISSideChannel, i256 %arg1_0_axis_out_V_data_V, i32 %arg1_0_axis_out_V_keep_V, i32 %arg1_0_axis_out_V_strb_V, i1 0, i1 %arg1_0_axis_out_V_last_V, i1 0, i1 0, void @empty_11"   --->   Operation 196 'specaxissidechannel' 'specaxissidechannel_ln0' <Predicate = true> <Delay = 0.00>
ST_10 : Operation 197 [1/1] (0.00ns)   --->   "%specaxissidechannel_ln0 = specaxissidechannel void @_ssdm_op_SpecAXISSideChannel, i256 %arg1_7_axis_out_V_data_V, i32 %arg1_7_axis_out_V_keep_V, i32 %arg1_7_axis_out_V_strb_V, i1 0, i1 %arg1_7_axis_out_V_last_V, i1 0, i1 0, void @empty_10"   --->   Operation 197 'specaxissidechannel' 'specaxissidechannel_ln0' <Predicate = true> <Delay = 0.00>
ST_10 : Operation 198 [1/1] (0.00ns)   --->   "%specaxissidechannel_ln0 = specaxissidechannel void @_ssdm_op_SpecAXISSideChannel, i256 %arg0_6_axis_in_V_data_V, i32 %arg0_6_axis_in_V_keep_V, i32 %arg0_6_axis_in_V_strb_V, i1 0, i1 %arg0_6_axis_in_V_last_V, i1 0, i1 0, void @empty_9"   --->   Operation 198 'specaxissidechannel' 'specaxissidechannel_ln0' <Predicate = true> <Delay = 0.00>
ST_10 : Operation 199 [1/1] (0.00ns)   --->   "%specaxissidechannel_ln0 = specaxissidechannel void @_ssdm_op_SpecAXISSideChannel, i256 %arg0_5_axis_in_V_data_V, i32 %arg0_5_axis_in_V_keep_V, i32 %arg0_5_axis_in_V_strb_V, i1 0, i1 %arg0_5_axis_in_V_last_V, i1 0, i1 0, void @empty"   --->   Operation 199 'specaxissidechannel' 'specaxissidechannel_ln0' <Predicate = true> <Delay = 0.00>
ST_10 : Operation 200 [1/1] (0.00ns)   --->   "%specaxissidechannel_ln0 = specaxissidechannel void @_ssdm_op_SpecAXISSideChannel, i256 %arg0_4_axis_in_V_data_V, i32 %arg0_4_axis_in_V_keep_V, i32 %arg0_4_axis_in_V_strb_V, i1 0, i1 %arg0_4_axis_in_V_last_V, i1 0, i1 0, void @empty_30"   --->   Operation 200 'specaxissidechannel' 'specaxissidechannel_ln0' <Predicate = true> <Delay = 0.00>
ST_10 : Operation 201 [1/1] (0.00ns)   --->   "%specaxissidechannel_ln0 = specaxissidechannel void @_ssdm_op_SpecAXISSideChannel, i256 %arg0_3_axis_in_V_data_V, i32 %arg0_3_axis_in_V_keep_V, i32 %arg0_3_axis_in_V_strb_V, i1 0, i1 %arg0_3_axis_in_V_last_V, i1 0, i1 0, void @empty_41"   --->   Operation 201 'specaxissidechannel' 'specaxissidechannel_ln0' <Predicate = true> <Delay = 0.00>
ST_10 : Operation 202 [1/1] (0.00ns)   --->   "%specaxissidechannel_ln0 = specaxissidechannel void @_ssdm_op_SpecAXISSideChannel, i256 %arg0_2_axis_in_V_data_V, i32 %arg0_2_axis_in_V_keep_V, i32 %arg0_2_axis_in_V_strb_V, i1 0, i1 %arg0_2_axis_in_V_last_V, i1 0, i1 0, void @empty_29"   --->   Operation 202 'specaxissidechannel' 'specaxissidechannel_ln0' <Predicate = true> <Delay = 0.00>
ST_10 : Operation 203 [1/1] (0.00ns)   --->   "%specaxissidechannel_ln0 = specaxissidechannel void @_ssdm_op_SpecAXISSideChannel, i256 %arg0_1_axis_in_V_data_V, i32 %arg0_1_axis_in_V_keep_V, i32 %arg0_1_axis_in_V_strb_V, i1 0, i1 %arg0_1_axis_in_V_last_V, i1 0, i1 0, void @empty_39"   --->   Operation 203 'specaxissidechannel' 'specaxissidechannel_ln0' <Predicate = true> <Delay = 0.00>
ST_10 : Operation 204 [1/1] (0.00ns)   --->   "%specaxissidechannel_ln0 = specaxissidechannel void @_ssdm_op_SpecAXISSideChannel, i256 %arg0_0_axis_in_V_data_V, i32 %arg0_0_axis_in_V_keep_V, i32 %arg0_0_axis_in_V_strb_V, i1 0, i1 %arg0_0_axis_in_V_last_V, i1 0, i1 0, void @empty_0"   --->   Operation 204 'specaxissidechannel' 'specaxissidechannel_ln0' <Predicate = true> <Delay = 0.00>
ST_10 : Operation 205 [1/1] (0.00ns)   --->   "%specaxissidechannel_ln0 = specaxissidechannel void @_ssdm_op_SpecAXISSideChannel, i256 %arg0_7_axis_in_V_data_V, i32 %arg0_7_axis_in_V_keep_V, i32 %arg0_7_axis_in_V_strb_V, i1 0, i1 %arg0_7_axis_in_V_last_V, i1 0, i1 0, void @empty_14"   --->   Operation 205 'specaxissidechannel' 'specaxissidechannel_ln0' <Predicate = true> <Delay = 0.00>
ST_10 : Operation 206 [1/1] (0.00ns)   --->   "%specinterface_ln0 = specinterface void @_ssdm_op_SpecInterface, i1 %arg1_7_axis_out_V_last_V, i32 %arg1_7_axis_out_V_strb_V, i32 %arg1_7_axis_out_V_keep_V, i256 %arg1_7_axis_out_V_data_V, void @empty_22, i32 0, i32 0, void @empty_40, i32 0, i32 0, void @empty_5, void @empty_5, void @empty_5, i32 0, i32 0, i32 0, i32 0, void @empty_5, void @empty_5, i32 4294967295, i32 0"   --->   Operation 206 'specinterface' 'specinterface_ln0' <Predicate = true> <Delay = 0.00>
ST_10 : Operation 207 [1/1] (0.00ns)   --->   "%specinterface_ln0 = specinterface void @_ssdm_op_SpecInterface, i1 %arg1_6_axis_out_V_last_V, i32 %arg1_6_axis_out_V_strb_V, i32 %arg1_6_axis_out_V_keep_V, i256 %arg1_6_axis_out_V_data_V, void @empty_22, i32 0, i32 0, void @empty_40, i32 0, i32 0, void @empty_5, void @empty_5, void @empty_5, i32 0, i32 0, i32 0, i32 0, void @empty_5, void @empty_5, i32 4294967295, i32 0"   --->   Operation 207 'specinterface' 'specinterface_ln0' <Predicate = true> <Delay = 0.00>
ST_10 : Operation 208 [1/1] (0.00ns)   --->   "%specinterface_ln0 = specinterface void @_ssdm_op_SpecInterface, i1 %arg1_5_axis_out_V_last_V, i32 %arg1_5_axis_out_V_strb_V, i32 %arg1_5_axis_out_V_keep_V, i256 %arg1_5_axis_out_V_data_V, void @empty_22, i32 0, i32 0, void @empty_40, i32 0, i32 0, void @empty_5, void @empty_5, void @empty_5, i32 0, i32 0, i32 0, i32 0, void @empty_5, void @empty_5, i32 4294967295, i32 0"   --->   Operation 208 'specinterface' 'specinterface_ln0' <Predicate = true> <Delay = 0.00>
ST_10 : Operation 209 [1/1] (0.00ns)   --->   "%specinterface_ln0 = specinterface void @_ssdm_op_SpecInterface, i1 %arg1_4_axis_out_V_last_V, i32 %arg1_4_axis_out_V_strb_V, i32 %arg1_4_axis_out_V_keep_V, i256 %arg1_4_axis_out_V_data_V, void @empty_22, i32 0, i32 0, void @empty_40, i32 0, i32 0, void @empty_5, void @empty_5, void @empty_5, i32 0, i32 0, i32 0, i32 0, void @empty_5, void @empty_5, i32 4294967295, i32 0"   --->   Operation 209 'specinterface' 'specinterface_ln0' <Predicate = true> <Delay = 0.00>
ST_10 : Operation 210 [1/1] (0.00ns)   --->   "%specinterface_ln0 = specinterface void @_ssdm_op_SpecInterface, i1 %arg1_3_axis_out_V_last_V, i32 %arg1_3_axis_out_V_strb_V, i32 %arg1_3_axis_out_V_keep_V, i256 %arg1_3_axis_out_V_data_V, void @empty_22, i32 0, i32 0, void @empty_40, i32 0, i32 0, void @empty_5, void @empty_5, void @empty_5, i32 0, i32 0, i32 0, i32 0, void @empty_5, void @empty_5, i32 4294967295, i32 0"   --->   Operation 210 'specinterface' 'specinterface_ln0' <Predicate = true> <Delay = 0.00>
ST_10 : Operation 211 [1/1] (0.00ns)   --->   "%specinterface_ln0 = specinterface void @_ssdm_op_SpecInterface, i1 %arg1_2_axis_out_V_last_V, i32 %arg1_2_axis_out_V_strb_V, i32 %arg1_2_axis_out_V_keep_V, i256 %arg1_2_axis_out_V_data_V, void @empty_22, i32 0, i32 0, void @empty_40, i32 0, i32 0, void @empty_5, void @empty_5, void @empty_5, i32 0, i32 0, i32 0, i32 0, void @empty_5, void @empty_5, i32 4294967295, i32 0"   --->   Operation 211 'specinterface' 'specinterface_ln0' <Predicate = true> <Delay = 0.00>
ST_10 : Operation 212 [1/1] (0.00ns)   --->   "%specinterface_ln0 = specinterface void @_ssdm_op_SpecInterface, i1 %arg1_1_axis_out_V_last_V, i32 %arg1_1_axis_out_V_strb_V, i32 %arg1_1_axis_out_V_keep_V, i256 %arg1_1_axis_out_V_data_V, void @empty_22, i32 0, i32 0, void @empty_40, i32 0, i32 0, void @empty_5, void @empty_5, void @empty_5, i32 0, i32 0, i32 0, i32 0, void @empty_5, void @empty_5, i32 4294967295, i32 0"   --->   Operation 212 'specinterface' 'specinterface_ln0' <Predicate = true> <Delay = 0.00>
ST_10 : Operation 213 [1/1] (0.00ns)   --->   "%specinterface_ln0 = specinterface void @_ssdm_op_SpecInterface, i1 %arg1_0_axis_out_V_last_V, i32 %arg1_0_axis_out_V_strb_V, i32 %arg1_0_axis_out_V_keep_V, i256 %arg1_0_axis_out_V_data_V, void @empty_22, i32 0, i32 0, void @empty_40, i32 0, i32 0, void @empty_5, void @empty_5, void @empty_5, i32 0, i32 0, i32 0, i32 0, void @empty_5, void @empty_5, i32 4294967295, i32 0"   --->   Operation 213 'specinterface' 'specinterface_ln0' <Predicate = true> <Delay = 0.00>
ST_10 : Operation 214 [1/1] (0.00ns)   --->   "%specinterface_ln0 = specinterface void @_ssdm_op_SpecInterface, i1 %arg0_7_axis_in_V_last_V, i32 %arg0_7_axis_in_V_strb_V, i32 %arg0_7_axis_in_V_keep_V, i256 %arg0_7_axis_in_V_data_V, void @empty_22, i32 0, i32 0, void @empty_40, i32 0, i32 0, void @empty_5, void @empty_5, void @empty_5, i32 0, i32 0, i32 0, i32 0, void @empty_5, void @empty_5, i32 4294967295, i32 0"   --->   Operation 214 'specinterface' 'specinterface_ln0' <Predicate = true> <Delay = 0.00>
ST_10 : Operation 215 [1/1] (0.00ns)   --->   "%specinterface_ln0 = specinterface void @_ssdm_op_SpecInterface, i1 %arg0_6_axis_in_V_last_V, i32 %arg0_6_axis_in_V_strb_V, i32 %arg0_6_axis_in_V_keep_V, i256 %arg0_6_axis_in_V_data_V, void @empty_22, i32 0, i32 0, void @empty_40, i32 0, i32 0, void @empty_5, void @empty_5, void @empty_5, i32 0, i32 0, i32 0, i32 0, void @empty_5, void @empty_5, i32 4294967295, i32 0"   --->   Operation 215 'specinterface' 'specinterface_ln0' <Predicate = true> <Delay = 0.00>
ST_10 : Operation 216 [1/1] (0.00ns)   --->   "%specinterface_ln0 = specinterface void @_ssdm_op_SpecInterface, i1 %arg0_5_axis_in_V_last_V, i32 %arg0_5_axis_in_V_strb_V, i32 %arg0_5_axis_in_V_keep_V, i256 %arg0_5_axis_in_V_data_V, void @empty_22, i32 0, i32 0, void @empty_40, i32 0, i32 0, void @empty_5, void @empty_5, void @empty_5, i32 0, i32 0, i32 0, i32 0, void @empty_5, void @empty_5, i32 4294967295, i32 0"   --->   Operation 216 'specinterface' 'specinterface_ln0' <Predicate = true> <Delay = 0.00>
ST_10 : Operation 217 [1/1] (0.00ns)   --->   "%specinterface_ln0 = specinterface void @_ssdm_op_SpecInterface, i1 %arg0_4_axis_in_V_last_V, i32 %arg0_4_axis_in_V_strb_V, i32 %arg0_4_axis_in_V_keep_V, i256 %arg0_4_axis_in_V_data_V, void @empty_22, i32 0, i32 0, void @empty_40, i32 0, i32 0, void @empty_5, void @empty_5, void @empty_5, i32 0, i32 0, i32 0, i32 0, void @empty_5, void @empty_5, i32 4294967295, i32 0"   --->   Operation 217 'specinterface' 'specinterface_ln0' <Predicate = true> <Delay = 0.00>
ST_10 : Operation 218 [1/1] (0.00ns)   --->   "%specinterface_ln0 = specinterface void @_ssdm_op_SpecInterface, i1 %arg0_3_axis_in_V_last_V, i32 %arg0_3_axis_in_V_strb_V, i32 %arg0_3_axis_in_V_keep_V, i256 %arg0_3_axis_in_V_data_V, void @empty_22, i32 0, i32 0, void @empty_40, i32 0, i32 0, void @empty_5, void @empty_5, void @empty_5, i32 0, i32 0, i32 0, i32 0, void @empty_5, void @empty_5, i32 4294967295, i32 0"   --->   Operation 218 'specinterface' 'specinterface_ln0' <Predicate = true> <Delay = 0.00>
ST_10 : Operation 219 [1/1] (0.00ns)   --->   "%specinterface_ln0 = specinterface void @_ssdm_op_SpecInterface, i1 %arg0_2_axis_in_V_last_V, i32 %arg0_2_axis_in_V_strb_V, i32 %arg0_2_axis_in_V_keep_V, i256 %arg0_2_axis_in_V_data_V, void @empty_22, i32 0, i32 0, void @empty_40, i32 0, i32 0, void @empty_5, void @empty_5, void @empty_5, i32 0, i32 0, i32 0, i32 0, void @empty_5, void @empty_5, i32 4294967295, i32 0"   --->   Operation 219 'specinterface' 'specinterface_ln0' <Predicate = true> <Delay = 0.00>
ST_10 : Operation 220 [1/1] (0.00ns)   --->   "%specinterface_ln0 = specinterface void @_ssdm_op_SpecInterface, i1 %arg0_1_axis_in_V_last_V, i32 %arg0_1_axis_in_V_strb_V, i32 %arg0_1_axis_in_V_keep_V, i256 %arg0_1_axis_in_V_data_V, void @empty_22, i32 0, i32 0, void @empty_40, i32 0, i32 0, void @empty_5, void @empty_5, void @empty_5, i32 0, i32 0, i32 0, i32 0, void @empty_5, void @empty_5, i32 4294967295, i32 0"   --->   Operation 220 'specinterface' 'specinterface_ln0' <Predicate = true> <Delay = 0.00>
ST_10 : Operation 221 [1/1] (0.00ns)   --->   "%specinterface_ln0 = specinterface void @_ssdm_op_SpecInterface, i1 %arg0_0_axis_in_V_last_V, i32 %arg0_0_axis_in_V_strb_V, i32 %arg0_0_axis_in_V_keep_V, i256 %arg0_0_axis_in_V_data_V, void @empty_22, i32 0, i32 0, void @empty_40, i32 0, i32 0, void @empty_5, void @empty_5, void @empty_5, i32 0, i32 0, i32 0, i32 0, void @empty_5, void @empty_5, i32 4294967295, i32 0"   --->   Operation 221 'specinterface' 'specinterface_ln0' <Predicate = true> <Delay = 0.00>
ST_10 : Operation 222 [1/1] (0.00ns)   --->   "%empty_101 = specchannel i32 @_ssdm_op_SpecChannel, void @arg0_arg1_streams_0_0_str, i32 1, void @p_str, void @p_str, i32 10, i32 10, i256 %arg0_arg1_streams_0_0, i256 %arg0_arg1_streams_0_0"   --->   Operation 222 'specchannel' 'empty_101' <Predicate = true> <Delay = 0.00>
ST_10 : Operation 223 [1/1] (0.00ns)   --->   "%specinterface_ln0 = specinterface void @_ssdm_op_SpecInterface, i256 %arg0_arg1_streams_0_0, void @empty_27, i32 0, i32 0, void @empty_5, i32 0, i32 0, void @empty_5, void @empty_5, void @empty_5, i32 0, i32 0, i32 0, i32 0, void @empty_5, void @empty_5, i32 4294967295, i32 0"   --->   Operation 223 'specinterface' 'specinterface_ln0' <Predicate = true> <Delay = 0.00>
ST_10 : Operation 224 [1/1] (0.00ns)   --->   "%empty_102 = specchannel i32 @_ssdm_op_SpecChannel, void @arg0_arg1_streams_0_1_str, i32 1, void @p_str, void @p_str, i32 10, i32 10, i256 %arg0_arg1_streams_0_1, i256 %arg0_arg1_streams_0_1"   --->   Operation 224 'specchannel' 'empty_102' <Predicate = true> <Delay = 0.00>
ST_10 : Operation 225 [1/1] (0.00ns)   --->   "%specinterface_ln0 = specinterface void @_ssdm_op_SpecInterface, i256 %arg0_arg1_streams_0_1, void @empty_27, i32 0, i32 0, void @empty_5, i32 0, i32 0, void @empty_5, void @empty_5, void @empty_5, i32 0, i32 0, i32 0, i32 0, void @empty_5, void @empty_5, i32 4294967295, i32 0"   --->   Operation 225 'specinterface' 'specinterface_ln0' <Predicate = true> <Delay = 0.00>
ST_10 : Operation 226 [1/1] (0.00ns)   --->   "%empty_103 = specchannel i32 @_ssdm_op_SpecChannel, void @arg0_arg1_streams_0_2_str, i32 1, void @p_str, void @p_str, i32 10, i32 10, i256 %arg0_arg1_streams_0_2, i256 %arg0_arg1_streams_0_2"   --->   Operation 226 'specchannel' 'empty_103' <Predicate = true> <Delay = 0.00>
ST_10 : Operation 227 [1/1] (0.00ns)   --->   "%specinterface_ln0 = specinterface void @_ssdm_op_SpecInterface, i256 %arg0_arg1_streams_0_2, void @empty_27, i32 0, i32 0, void @empty_5, i32 0, i32 0, void @empty_5, void @empty_5, void @empty_5, i32 0, i32 0, i32 0, i32 0, void @empty_5, void @empty_5, i32 4294967295, i32 0"   --->   Operation 227 'specinterface' 'specinterface_ln0' <Predicate = true> <Delay = 0.00>
ST_10 : Operation 228 [1/1] (0.00ns)   --->   "%empty_104 = specchannel i32 @_ssdm_op_SpecChannel, void @arg0_arg1_streams_0_3_str, i32 1, void @p_str, void @p_str, i32 10, i32 10, i256 %arg0_arg1_streams_0_3, i256 %arg0_arg1_streams_0_3"   --->   Operation 228 'specchannel' 'empty_104' <Predicate = true> <Delay = 0.00>
ST_10 : Operation 229 [1/1] (0.00ns)   --->   "%specinterface_ln0 = specinterface void @_ssdm_op_SpecInterface, i256 %arg0_arg1_streams_0_3, void @empty_27, i32 0, i32 0, void @empty_5, i32 0, i32 0, void @empty_5, void @empty_5, void @empty_5, i32 0, i32 0, i32 0, i32 0, void @empty_5, void @empty_5, i32 4294967295, i32 0"   --->   Operation 229 'specinterface' 'specinterface_ln0' <Predicate = true> <Delay = 0.00>
ST_10 : Operation 230 [1/1] (0.00ns)   --->   "%empty_105 = specchannel i32 @_ssdm_op_SpecChannel, void @arg0_arg1_streams_0_4_str, i32 1, void @p_str, void @p_str, i32 10, i32 10, i256 %arg0_arg1_streams_0_4, i256 %arg0_arg1_streams_0_4"   --->   Operation 230 'specchannel' 'empty_105' <Predicate = true> <Delay = 0.00>
ST_10 : Operation 231 [1/1] (0.00ns)   --->   "%specinterface_ln0 = specinterface void @_ssdm_op_SpecInterface, i256 %arg0_arg1_streams_0_4, void @empty_27, i32 0, i32 0, void @empty_5, i32 0, i32 0, void @empty_5, void @empty_5, void @empty_5, i32 0, i32 0, i32 0, i32 0, void @empty_5, void @empty_5, i32 4294967295, i32 0"   --->   Operation 231 'specinterface' 'specinterface_ln0' <Predicate = true> <Delay = 0.00>
ST_10 : Operation 232 [1/1] (0.00ns)   --->   "%empty_106 = specchannel i32 @_ssdm_op_SpecChannel, void @arg0_arg1_streams_0_5_str, i32 1, void @p_str, void @p_str, i32 10, i32 10, i256 %arg0_arg1_streams_0_5, i256 %arg0_arg1_streams_0_5"   --->   Operation 232 'specchannel' 'empty_106' <Predicate = true> <Delay = 0.00>
ST_10 : Operation 233 [1/1] (0.00ns)   --->   "%specinterface_ln0 = specinterface void @_ssdm_op_SpecInterface, i256 %arg0_arg1_streams_0_5, void @empty_27, i32 0, i32 0, void @empty_5, i32 0, i32 0, void @empty_5, void @empty_5, void @empty_5, i32 0, i32 0, i32 0, i32 0, void @empty_5, void @empty_5, i32 4294967295, i32 0"   --->   Operation 233 'specinterface' 'specinterface_ln0' <Predicate = true> <Delay = 0.00>
ST_10 : Operation 234 [1/1] (0.00ns)   --->   "%empty_107 = specchannel i32 @_ssdm_op_SpecChannel, void @arg0_arg1_streams_0_6_str, i32 1, void @p_str, void @p_str, i32 10, i32 10, i256 %arg0_arg1_streams_0_6, i256 %arg0_arg1_streams_0_6"   --->   Operation 234 'specchannel' 'empty_107' <Predicate = true> <Delay = 0.00>
ST_10 : Operation 235 [1/1] (0.00ns)   --->   "%specinterface_ln0 = specinterface void @_ssdm_op_SpecInterface, i256 %arg0_arg1_streams_0_6, void @empty_27, i32 0, i32 0, void @empty_5, i32 0, i32 0, void @empty_5, void @empty_5, void @empty_5, i32 0, i32 0, i32 0, i32 0, void @empty_5, void @empty_5, i32 4294967295, i32 0"   --->   Operation 235 'specinterface' 'specinterface_ln0' <Predicate = true> <Delay = 0.00>
ST_10 : Operation 236 [1/1] (0.00ns)   --->   "%empty_108 = specchannel i32 @_ssdm_op_SpecChannel, void @arg0_arg1_streams_0_7_str, i32 1, void @p_str, void @p_str, i32 10, i32 10, i256 %arg0_arg1_streams_0_7, i256 %arg0_arg1_streams_0_7"   --->   Operation 236 'specchannel' 'empty_108' <Predicate = true> <Delay = 0.00>
ST_10 : Operation 237 [1/1] (0.00ns)   --->   "%specinterface_ln0 = specinterface void @_ssdm_op_SpecInterface, i256 %arg0_arg1_streams_0_7, void @empty_27, i32 0, i32 0, void @empty_5, i32 0, i32 0, void @empty_5, void @empty_5, void @empty_5, i32 0, i32 0, i32 0, i32 0, void @empty_5, void @empty_5, i32 4294967295, i32 0"   --->   Operation 237 'specinterface' 'specinterface_ln0' <Predicate = true> <Delay = 0.00>
ST_10 : Operation 238 [1/1] (0.00ns)   --->   "%empty_109 = specchannel i32 @_ssdm_op_SpecChannel, void @arg0_arg1_streams_1_0_str, i32 1, void @p_str, void @p_str, i32 10, i32 10, i256 %arg0_arg1_streams_1_0, i256 %arg0_arg1_streams_1_0"   --->   Operation 238 'specchannel' 'empty_109' <Predicate = true> <Delay = 0.00>
ST_10 : Operation 239 [1/1] (0.00ns)   --->   "%specinterface_ln0 = specinterface void @_ssdm_op_SpecInterface, i256 %arg0_arg1_streams_1_0, void @empty_27, i32 0, i32 0, void @empty_5, i32 0, i32 0, void @empty_5, void @empty_5, void @empty_5, i32 0, i32 0, i32 0, i32 0, void @empty_5, void @empty_5, i32 4294967295, i32 0"   --->   Operation 239 'specinterface' 'specinterface_ln0' <Predicate = true> <Delay = 0.00>
ST_10 : Operation 240 [1/1] (0.00ns)   --->   "%empty_110 = specchannel i32 @_ssdm_op_SpecChannel, void @arg0_arg1_streams_1_1_str, i32 1, void @p_str, void @p_str, i32 10, i32 10, i256 %arg0_arg1_streams_1_1, i256 %arg0_arg1_streams_1_1"   --->   Operation 240 'specchannel' 'empty_110' <Predicate = true> <Delay = 0.00>
ST_10 : Operation 241 [1/1] (0.00ns)   --->   "%specinterface_ln0 = specinterface void @_ssdm_op_SpecInterface, i256 %arg0_arg1_streams_1_1, void @empty_27, i32 0, i32 0, void @empty_5, i32 0, i32 0, void @empty_5, void @empty_5, void @empty_5, i32 0, i32 0, i32 0, i32 0, void @empty_5, void @empty_5, i32 4294967295, i32 0"   --->   Operation 241 'specinterface' 'specinterface_ln0' <Predicate = true> <Delay = 0.00>
ST_10 : Operation 242 [1/1] (0.00ns)   --->   "%empty_111 = specchannel i32 @_ssdm_op_SpecChannel, void @arg0_arg1_streams_1_2_str, i32 1, void @p_str, void @p_str, i32 10, i32 10, i256 %arg0_arg1_streams_1_2, i256 %arg0_arg1_streams_1_2"   --->   Operation 242 'specchannel' 'empty_111' <Predicate = true> <Delay = 0.00>
ST_10 : Operation 243 [1/1] (0.00ns)   --->   "%specinterface_ln0 = specinterface void @_ssdm_op_SpecInterface, i256 %arg0_arg1_streams_1_2, void @empty_27, i32 0, i32 0, void @empty_5, i32 0, i32 0, void @empty_5, void @empty_5, void @empty_5, i32 0, i32 0, i32 0, i32 0, void @empty_5, void @empty_5, i32 4294967295, i32 0"   --->   Operation 243 'specinterface' 'specinterface_ln0' <Predicate = true> <Delay = 0.00>
ST_10 : Operation 244 [1/1] (0.00ns)   --->   "%empty_112 = specchannel i32 @_ssdm_op_SpecChannel, void @arg0_arg1_streams_1_3_str, i32 1, void @p_str, void @p_str, i32 10, i32 10, i256 %arg0_arg1_streams_1_3, i256 %arg0_arg1_streams_1_3"   --->   Operation 244 'specchannel' 'empty_112' <Predicate = true> <Delay = 0.00>
ST_10 : Operation 245 [1/1] (0.00ns)   --->   "%specinterface_ln0 = specinterface void @_ssdm_op_SpecInterface, i256 %arg0_arg1_streams_1_3, void @empty_27, i32 0, i32 0, void @empty_5, i32 0, i32 0, void @empty_5, void @empty_5, void @empty_5, i32 0, i32 0, i32 0, i32 0, void @empty_5, void @empty_5, i32 4294967295, i32 0"   --->   Operation 245 'specinterface' 'specinterface_ln0' <Predicate = true> <Delay = 0.00>
ST_10 : Operation 246 [1/1] (0.00ns)   --->   "%empty_113 = specchannel i32 @_ssdm_op_SpecChannel, void @arg0_arg1_streams_1_4_str, i32 1, void @p_str, void @p_str, i32 10, i32 10, i256 %arg0_arg1_streams_1_4, i256 %arg0_arg1_streams_1_4"   --->   Operation 246 'specchannel' 'empty_113' <Predicate = true> <Delay = 0.00>
ST_10 : Operation 247 [1/1] (0.00ns)   --->   "%specinterface_ln0 = specinterface void @_ssdm_op_SpecInterface, i256 %arg0_arg1_streams_1_4, void @empty_27, i32 0, i32 0, void @empty_5, i32 0, i32 0, void @empty_5, void @empty_5, void @empty_5, i32 0, i32 0, i32 0, i32 0, void @empty_5, void @empty_5, i32 4294967295, i32 0"   --->   Operation 247 'specinterface' 'specinterface_ln0' <Predicate = true> <Delay = 0.00>
ST_10 : Operation 248 [1/1] (0.00ns)   --->   "%empty_114 = specchannel i32 @_ssdm_op_SpecChannel, void @arg0_arg1_streams_1_5_str, i32 1, void @p_str, void @p_str, i32 10, i32 10, i256 %arg0_arg1_streams_1_5, i256 %arg0_arg1_streams_1_5"   --->   Operation 248 'specchannel' 'empty_114' <Predicate = true> <Delay = 0.00>
ST_10 : Operation 249 [1/1] (0.00ns)   --->   "%specinterface_ln0 = specinterface void @_ssdm_op_SpecInterface, i256 %arg0_arg1_streams_1_5, void @empty_27, i32 0, i32 0, void @empty_5, i32 0, i32 0, void @empty_5, void @empty_5, void @empty_5, i32 0, i32 0, i32 0, i32 0, void @empty_5, void @empty_5, i32 4294967295, i32 0"   --->   Operation 249 'specinterface' 'specinterface_ln0' <Predicate = true> <Delay = 0.00>
ST_10 : Operation 250 [1/1] (0.00ns)   --->   "%empty_115 = specchannel i32 @_ssdm_op_SpecChannel, void @arg0_arg1_streams_1_6_str, i32 1, void @p_str, void @p_str, i32 10, i32 10, i256 %arg0_arg1_streams_1_6, i256 %arg0_arg1_streams_1_6"   --->   Operation 250 'specchannel' 'empty_115' <Predicate = true> <Delay = 0.00>
ST_10 : Operation 251 [1/1] (0.00ns)   --->   "%specinterface_ln0 = specinterface void @_ssdm_op_SpecInterface, i256 %arg0_arg1_streams_1_6, void @empty_27, i32 0, i32 0, void @empty_5, i32 0, i32 0, void @empty_5, void @empty_5, void @empty_5, i32 0, i32 0, i32 0, i32 0, void @empty_5, void @empty_5, i32 4294967295, i32 0"   --->   Operation 251 'specinterface' 'specinterface_ln0' <Predicate = true> <Delay = 0.00>
ST_10 : Operation 252 [1/1] (0.00ns)   --->   "%empty_116 = specchannel i32 @_ssdm_op_SpecChannel, void @arg0_arg1_streams_1_7_str, i32 1, void @p_str, void @p_str, i32 10, i32 10, i256 %arg0_arg1_streams_1_7, i256 %arg0_arg1_streams_1_7"   --->   Operation 252 'specchannel' 'empty_116' <Predicate = true> <Delay = 0.00>
ST_10 : Operation 253 [1/1] (0.00ns)   --->   "%specinterface_ln0 = specinterface void @_ssdm_op_SpecInterface, i256 %arg0_arg1_streams_1_7, void @empty_27, i32 0, i32 0, void @empty_5, i32 0, i32 0, void @empty_5, void @empty_5, void @empty_5, i32 0, i32 0, i32 0, i32 0, void @empty_5, void @empty_5, i32 4294967295, i32 0"   --->   Operation 253 'specinterface' 'specinterface_ln0' <Predicate = true> <Delay = 0.00>
ST_10 : Operation 254 [1/1] (0.00ns)   --->   "%empty_117 = specchannel i32 @_ssdm_op_SpecChannel, void @arg0_poisson_kernel_stencil_in_subtile_stream_0_str, i32 1, void @p_str, void @p_str, i32 2, i32 2, i288 %arg0_poisson_kernel_stencil_in_subtile_stream_0, i288 %arg0_poisson_kernel_stencil_in_subtile_stream_0"   --->   Operation 254 'specchannel' 'empty_117' <Predicate = true> <Delay = 0.00>
ST_10 : Operation 255 [1/1] (0.00ns)   --->   "%specinterface_ln0 = specinterface void @_ssdm_op_SpecInterface, i288 %arg0_poisson_kernel_stencil_in_subtile_stream_0, void @empty_27, i32 0, i32 0, void @empty_5, i32 0, i32 0, void @empty_5, void @empty_5, void @empty_5, i32 0, i32 0, i32 0, i32 0, void @empty_5, void @empty_5, i32 4294967295, i32 0"   --->   Operation 255 'specinterface' 'specinterface_ln0' <Predicate = true> <Delay = 0.00>
ST_10 : Operation 256 [1/1] (0.00ns)   --->   "%empty_118 = specchannel i32 @_ssdm_op_SpecChannel, void @arg0_poisson_kernel_stencil_in_subtile_stream_1_str, i32 1, void @p_str, void @p_str, i32 2, i32 2, i288 %arg0_poisson_kernel_stencil_in_subtile_stream_1, i288 %arg0_poisson_kernel_stencil_in_subtile_stream_1"   --->   Operation 256 'specchannel' 'empty_118' <Predicate = true> <Delay = 0.00>
ST_10 : Operation 257 [1/1] (0.00ns)   --->   "%specinterface_ln0 = specinterface void @_ssdm_op_SpecInterface, i288 %arg0_poisson_kernel_stencil_in_subtile_stream_1, void @empty_27, i32 0, i32 0, void @empty_5, i32 0, i32 0, void @empty_5, void @empty_5, void @empty_5, i32 0, i32 0, i32 0, i32 0, void @empty_5, void @empty_5, i32 4294967295, i32 0"   --->   Operation 257 'specinterface' 'specinterface_ln0' <Predicate = true> <Delay = 0.00>
ST_10 : Operation 258 [1/1] (0.00ns)   --->   "%empty_119 = specchannel i32 @_ssdm_op_SpecChannel, void @arg0_poisson_kernel_stencil_in_subtile_stream_2_str, i32 1, void @p_str, void @p_str, i32 2, i32 2, i288 %arg0_poisson_kernel_stencil_in_subtile_stream_2, i288 %arg0_poisson_kernel_stencil_in_subtile_stream_2"   --->   Operation 258 'specchannel' 'empty_119' <Predicate = true> <Delay = 0.00>
ST_10 : Operation 259 [1/1] (0.00ns)   --->   "%specinterface_ln0 = specinterface void @_ssdm_op_SpecInterface, i288 %arg0_poisson_kernel_stencil_in_subtile_stream_2, void @empty_27, i32 0, i32 0, void @empty_5, i32 0, i32 0, void @empty_5, void @empty_5, void @empty_5, i32 0, i32 0, i32 0, i32 0, void @empty_5, void @empty_5, i32 4294967295, i32 0"   --->   Operation 259 'specinterface' 'specinterface_ln0' <Predicate = true> <Delay = 0.00>
ST_10 : Operation 260 [1/1] (0.00ns)   --->   "%empty_120 = specchannel i32 @_ssdm_op_SpecChannel, void @arg0_poisson_kernel_stencil_in_subtile_stream_3_str, i32 1, void @p_str, void @p_str, i32 2, i32 2, i288 %arg0_poisson_kernel_stencil_in_subtile_stream_3, i288 %arg0_poisson_kernel_stencil_in_subtile_stream_3"   --->   Operation 260 'specchannel' 'empty_120' <Predicate = true> <Delay = 0.00>
ST_10 : Operation 261 [1/1] (0.00ns)   --->   "%specinterface_ln0 = specinterface void @_ssdm_op_SpecInterface, i288 %arg0_poisson_kernel_stencil_in_subtile_stream_3, void @empty_27, i32 0, i32 0, void @empty_5, i32 0, i32 0, void @empty_5, void @empty_5, void @empty_5, i32 0, i32 0, i32 0, i32 0, void @empty_5, void @empty_5, i32 4294967295, i32 0"   --->   Operation 261 'specinterface' 'specinterface_ln0' <Predicate = true> <Delay = 0.00>
ST_10 : Operation 262 [1/1] (0.00ns)   --->   "%empty_121 = specchannel i32 @_ssdm_op_SpecChannel, void @arg0_poisson_kernel_stencil_in_subtile_stream_4_str, i32 1, void @p_str, void @p_str, i32 2, i32 2, i288 %arg0_poisson_kernel_stencil_in_subtile_stream_4, i288 %arg0_poisson_kernel_stencil_in_subtile_stream_4"   --->   Operation 262 'specchannel' 'empty_121' <Predicate = true> <Delay = 0.00>
ST_10 : Operation 263 [1/1] (0.00ns)   --->   "%specinterface_ln0 = specinterface void @_ssdm_op_SpecInterface, i288 %arg0_poisson_kernel_stencil_in_subtile_stream_4, void @empty_27, i32 0, i32 0, void @empty_5, i32 0, i32 0, void @empty_5, void @empty_5, void @empty_5, i32 0, i32 0, i32 0, i32 0, void @empty_5, void @empty_5, i32 4294967295, i32 0"   --->   Operation 263 'specinterface' 'specinterface_ln0' <Predicate = true> <Delay = 0.00>
ST_10 : Operation 264 [1/1] (0.00ns)   --->   "%empty_122 = specchannel i32 @_ssdm_op_SpecChannel, void @arg0_poisson_kernel_stencil_in_subtile_stream_5_str, i32 1, void @p_str, void @p_str, i32 2, i32 2, i288 %arg0_poisson_kernel_stencil_in_subtile_stream_5, i288 %arg0_poisson_kernel_stencil_in_subtile_stream_5"   --->   Operation 264 'specchannel' 'empty_122' <Predicate = true> <Delay = 0.00>
ST_10 : Operation 265 [1/1] (0.00ns)   --->   "%specinterface_ln0 = specinterface void @_ssdm_op_SpecInterface, i288 %arg0_poisson_kernel_stencil_in_subtile_stream_5, void @empty_27, i32 0, i32 0, void @empty_5, i32 0, i32 0, void @empty_5, void @empty_5, void @empty_5, i32 0, i32 0, i32 0, i32 0, void @empty_5, void @empty_5, i32 4294967295, i32 0"   --->   Operation 265 'specinterface' 'specinterface_ln0' <Predicate = true> <Delay = 0.00>
ST_10 : Operation 266 [1/1] (0.00ns)   --->   "%empty_123 = specchannel i32 @_ssdm_op_SpecChannel, void @arg0_poisson_kernel_stencil_in_subtile_stream_6_str, i32 1, void @p_str, void @p_str, i32 2, i32 2, i288 %arg0_poisson_kernel_stencil_in_subtile_stream_6, i288 %arg0_poisson_kernel_stencil_in_subtile_stream_6"   --->   Operation 266 'specchannel' 'empty_123' <Predicate = true> <Delay = 0.00>
ST_10 : Operation 267 [1/1] (0.00ns)   --->   "%specinterface_ln0 = specinterface void @_ssdm_op_SpecInterface, i288 %arg0_poisson_kernel_stencil_in_subtile_stream_6, void @empty_27, i32 0, i32 0, void @empty_5, i32 0, i32 0, void @empty_5, void @empty_5, void @empty_5, i32 0, i32 0, i32 0, i32 0, void @empty_5, void @empty_5, i32 4294967295, i32 0"   --->   Operation 267 'specinterface' 'specinterface_ln0' <Predicate = true> <Delay = 0.00>
ST_10 : Operation 268 [1/1] (0.00ns)   --->   "%empty_124 = specchannel i32 @_ssdm_op_SpecChannel, void @arg0_poisson_kernel_stencil_in_subtile_stream_7_str, i32 1, void @p_str, void @p_str, i32 2, i32 2, i288 %arg0_poisson_kernel_stencil_in_subtile_stream_7, i288 %arg0_poisson_kernel_stencil_in_subtile_stream_7"   --->   Operation 268 'specchannel' 'empty_124' <Predicate = true> <Delay = 0.00>
ST_10 : Operation 269 [1/1] (0.00ns)   --->   "%specinterface_ln0 = specinterface void @_ssdm_op_SpecInterface, i288 %arg0_poisson_kernel_stencil_in_subtile_stream_7, void @empty_27, i32 0, i32 0, void @empty_5, i32 0, i32 0, void @empty_5, void @empty_5, void @empty_5, i32 0, i32 0, i32 0, i32 0, void @empty_5, void @empty_5, i32 4294967295, i32 0"   --->   Operation 269 'specinterface' 'specinterface_ln0' <Predicate = true> <Delay = 0.00>
ST_10 : Operation 270 [1/1] (0.00ns)   --->   "%empty_125 = specchannel i32 @_ssdm_op_SpecChannel, void @arg1_poisson_kernel_stencil_out_subtile_stream_0_str, i32 1, void @p_str, void @p_str, i32 2, i32 2, i288 %arg1_poisson_kernel_stencil_out_subtile_stream_0, i288 %arg1_poisson_kernel_stencil_out_subtile_stream_0"   --->   Operation 270 'specchannel' 'empty_125' <Predicate = true> <Delay = 0.00>
ST_10 : Operation 271 [1/1] (0.00ns)   --->   "%specinterface_ln0 = specinterface void @_ssdm_op_SpecInterface, i288 %arg1_poisson_kernel_stencil_out_subtile_stream_0, void @empty_27, i32 0, i32 0, void @empty_5, i32 0, i32 0, void @empty_5, void @empty_5, void @empty_5, i32 0, i32 0, i32 0, i32 0, void @empty_5, void @empty_5, i32 4294967295, i32 0"   --->   Operation 271 'specinterface' 'specinterface_ln0' <Predicate = true> <Delay = 0.00>
ST_10 : Operation 272 [1/1] (0.00ns)   --->   "%empty_126 = specchannel i32 @_ssdm_op_SpecChannel, void @arg1_poisson_kernel_stencil_out_subtile_stream_1_str, i32 1, void @p_str, void @p_str, i32 2, i32 2, i288 %arg1_poisson_kernel_stencil_out_subtile_stream_1, i288 %arg1_poisson_kernel_stencil_out_subtile_stream_1"   --->   Operation 272 'specchannel' 'empty_126' <Predicate = true> <Delay = 0.00>
ST_10 : Operation 273 [1/1] (0.00ns)   --->   "%specinterface_ln0 = specinterface void @_ssdm_op_SpecInterface, i288 %arg1_poisson_kernel_stencil_out_subtile_stream_1, void @empty_27, i32 0, i32 0, void @empty_5, i32 0, i32 0, void @empty_5, void @empty_5, void @empty_5, i32 0, i32 0, i32 0, i32 0, void @empty_5, void @empty_5, i32 4294967295, i32 0"   --->   Operation 273 'specinterface' 'specinterface_ln0' <Predicate = true> <Delay = 0.00>
ST_10 : Operation 274 [1/1] (0.00ns)   --->   "%empty_127 = specchannel i32 @_ssdm_op_SpecChannel, void @arg1_poisson_kernel_stencil_out_subtile_stream_2_str, i32 1, void @p_str, void @p_str, i32 2, i32 2, i288 %arg1_poisson_kernel_stencil_out_subtile_stream_2, i288 %arg1_poisson_kernel_stencil_out_subtile_stream_2"   --->   Operation 274 'specchannel' 'empty_127' <Predicate = true> <Delay = 0.00>
ST_10 : Operation 275 [1/1] (0.00ns)   --->   "%specinterface_ln0 = specinterface void @_ssdm_op_SpecInterface, i288 %arg1_poisson_kernel_stencil_out_subtile_stream_2, void @empty_27, i32 0, i32 0, void @empty_5, i32 0, i32 0, void @empty_5, void @empty_5, void @empty_5, i32 0, i32 0, i32 0, i32 0, void @empty_5, void @empty_5, i32 4294967295, i32 0"   --->   Operation 275 'specinterface' 'specinterface_ln0' <Predicate = true> <Delay = 0.00>
ST_10 : Operation 276 [1/1] (0.00ns)   --->   "%empty_128 = specchannel i32 @_ssdm_op_SpecChannel, void @arg1_poisson_kernel_stencil_out_subtile_stream_3_str, i32 1, void @p_str, void @p_str, i32 2, i32 2, i288 %arg1_poisson_kernel_stencil_out_subtile_stream_3, i288 %arg1_poisson_kernel_stencil_out_subtile_stream_3"   --->   Operation 276 'specchannel' 'empty_128' <Predicate = true> <Delay = 0.00>
ST_10 : Operation 277 [1/1] (0.00ns)   --->   "%specinterface_ln0 = specinterface void @_ssdm_op_SpecInterface, i288 %arg1_poisson_kernel_stencil_out_subtile_stream_3, void @empty_27, i32 0, i32 0, void @empty_5, i32 0, i32 0, void @empty_5, void @empty_5, void @empty_5, i32 0, i32 0, i32 0, i32 0, void @empty_5, void @empty_5, i32 4294967295, i32 0"   --->   Operation 277 'specinterface' 'specinterface_ln0' <Predicate = true> <Delay = 0.00>
ST_10 : Operation 278 [1/1] (0.00ns)   --->   "%empty_129 = specchannel i32 @_ssdm_op_SpecChannel, void @arg1_poisson_kernel_stencil_out_subtile_stream_4_str, i32 1, void @p_str, void @p_str, i32 2, i32 2, i288 %arg1_poisson_kernel_stencil_out_subtile_stream_4, i288 %arg1_poisson_kernel_stencil_out_subtile_stream_4"   --->   Operation 278 'specchannel' 'empty_129' <Predicate = true> <Delay = 0.00>
ST_10 : Operation 279 [1/1] (0.00ns)   --->   "%specinterface_ln0 = specinterface void @_ssdm_op_SpecInterface, i288 %arg1_poisson_kernel_stencil_out_subtile_stream_4, void @empty_27, i32 0, i32 0, void @empty_5, i32 0, i32 0, void @empty_5, void @empty_5, void @empty_5, i32 0, i32 0, i32 0, i32 0, void @empty_5, void @empty_5, i32 4294967295, i32 0"   --->   Operation 279 'specinterface' 'specinterface_ln0' <Predicate = true> <Delay = 0.00>
ST_10 : Operation 280 [1/1] (0.00ns)   --->   "%empty_130 = specchannel i32 @_ssdm_op_SpecChannel, void @arg1_poisson_kernel_stencil_out_subtile_stream_5_str, i32 1, void @p_str, void @p_str, i32 2, i32 2, i288 %arg1_poisson_kernel_stencil_out_subtile_stream_5, i288 %arg1_poisson_kernel_stencil_out_subtile_stream_5"   --->   Operation 280 'specchannel' 'empty_130' <Predicate = true> <Delay = 0.00>
ST_10 : Operation 281 [1/1] (0.00ns)   --->   "%specinterface_ln0 = specinterface void @_ssdm_op_SpecInterface, i288 %arg1_poisson_kernel_stencil_out_subtile_stream_5, void @empty_27, i32 0, i32 0, void @empty_5, i32 0, i32 0, void @empty_5, void @empty_5, void @empty_5, i32 0, i32 0, i32 0, i32 0, void @empty_5, void @empty_5, i32 4294967295, i32 0"   --->   Operation 281 'specinterface' 'specinterface_ln0' <Predicate = true> <Delay = 0.00>
ST_10 : Operation 282 [1/1] (0.00ns)   --->   "%empty_131 = specchannel i32 @_ssdm_op_SpecChannel, void @arg1_poisson_kernel_stencil_out_subtile_stream_6_str, i32 1, void @p_str, void @p_str, i32 2, i32 2, i288 %arg1_poisson_kernel_stencil_out_subtile_stream_6, i288 %arg1_poisson_kernel_stencil_out_subtile_stream_6"   --->   Operation 282 'specchannel' 'empty_131' <Predicate = true> <Delay = 0.00>
ST_10 : Operation 283 [1/1] (0.00ns)   --->   "%specinterface_ln0 = specinterface void @_ssdm_op_SpecInterface, i288 %arg1_poisson_kernel_stencil_out_subtile_stream_6, void @empty_27, i32 0, i32 0, void @empty_5, i32 0, i32 0, void @empty_5, void @empty_5, void @empty_5, i32 0, i32 0, i32 0, i32 0, void @empty_5, void @empty_5, i32 4294967295, i32 0"   --->   Operation 283 'specinterface' 'specinterface_ln0' <Predicate = true> <Delay = 0.00>
ST_10 : Operation 284 [1/1] (0.00ns)   --->   "%empty_132 = specchannel i32 @_ssdm_op_SpecChannel, void @arg1_poisson_kernel_stencil_out_subtile_stream_7_str, i32 1, void @p_str, void @p_str, i32 2, i32 2, i288 %arg1_poisson_kernel_stencil_out_subtile_stream_7, i288 %arg1_poisson_kernel_stencil_out_subtile_stream_7"   --->   Operation 284 'specchannel' 'empty_132' <Predicate = true> <Delay = 0.00>
ST_10 : Operation 285 [1/1] (0.00ns)   --->   "%specinterface_ln0 = specinterface void @_ssdm_op_SpecInterface, i288 %arg1_poisson_kernel_stencil_out_subtile_stream_7, void @empty_27, i32 0, i32 0, void @empty_5, i32 0, i32 0, void @empty_5, void @empty_5, void @empty_5, i32 0, i32 0, i32 0, i32 0, void @empty_5, void @empty_5, i32 4294967295, i32 0"   --->   Operation 285 'specinterface' 'specinterface_ln0' <Predicate = true> <Delay = 0.00>
ST_10 : Operation 286 [1/2] (0.00ns)   --->   "%call_ln164 = call void @stream2axis<256u>, i256 %arg0_arg1_streams_1_0, i256 %arg1_0_axis_out_V_data_V, i32 %arg1_0_axis_out_V_keep_V, i32 %arg1_0_axis_out_V_strb_V, i1 %arg1_0_axis_out_V_last_V, i29 %num_pkts_c25" [/home/x_thileeb/repos/ops-hls-batching-new/codegen_apps/tiling/poisson2d/u280_project/maxtile_8192_unalign_interleave_p7/hls/device/src/kernel_outerloop_0_0.cpp:164]   --->   Operation 286 'call' 'call_ln164' <Predicate = true> <Delay = 0.00> <CoreType = "Generic">   --->   Core 0 '' <Latency = 0> <II = 1> <Delay = 1.00> <Generic> <Opcode : >
ST_10 : Operation 287 [1/2] (0.00ns)   --->   "%call_ln165 = call void @stream2axis<256u>.8, i256 %arg0_arg1_streams_1_1, i256 %arg1_1_axis_out_V_data_V, i32 %arg1_1_axis_out_V_keep_V, i32 %arg1_1_axis_out_V_strb_V, i1 %arg1_1_axis_out_V_last_V, i29 %num_pkts_c24" [/home/x_thileeb/repos/ops-hls-batching-new/codegen_apps/tiling/poisson2d/u280_project/maxtile_8192_unalign_interleave_p7/hls/device/src/kernel_outerloop_0_0.cpp:165]   --->   Operation 287 'call' 'call_ln165' <Predicate = true> <Delay = 0.00> <CoreType = "Generic">   --->   Core 0 '' <Latency = 0> <II = 1> <Delay = 1.00> <Generic> <Opcode : >
ST_10 : Operation 288 [1/2] (0.00ns)   --->   "%call_ln166 = call void @stream2axis<256u>.9, i256 %arg0_arg1_streams_1_2, i256 %arg1_2_axis_out_V_data_V, i32 %arg1_2_axis_out_V_keep_V, i32 %arg1_2_axis_out_V_strb_V, i1 %arg1_2_axis_out_V_last_V, i29 %num_pkts_c23" [/home/x_thileeb/repos/ops-hls-batching-new/codegen_apps/tiling/poisson2d/u280_project/maxtile_8192_unalign_interleave_p7/hls/device/src/kernel_outerloop_0_0.cpp:166]   --->   Operation 288 'call' 'call_ln166' <Predicate = true> <Delay = 0.00> <CoreType = "Generic">   --->   Core 0 '' <Latency = 0> <II = 1> <Delay = 1.00> <Generic> <Opcode : >
ST_10 : Operation 289 [1/2] (0.00ns)   --->   "%call_ln167 = call void @stream2axis<256u>.10, i256 %arg0_arg1_streams_1_3, i256 %arg1_3_axis_out_V_data_V, i32 %arg1_3_axis_out_V_keep_V, i32 %arg1_3_axis_out_V_strb_V, i1 %arg1_3_axis_out_V_last_V, i29 %num_pkts_c22" [/home/x_thileeb/repos/ops-hls-batching-new/codegen_apps/tiling/poisson2d/u280_project/maxtile_8192_unalign_interleave_p7/hls/device/src/kernel_outerloop_0_0.cpp:167]   --->   Operation 289 'call' 'call_ln167' <Predicate = true> <Delay = 0.00> <CoreType = "Generic">   --->   Core 0 '' <Latency = 0> <II = 1> <Delay = 1.00> <Generic> <Opcode : >
ST_10 : Operation 290 [1/2] (0.00ns)   --->   "%call_ln168 = call void @stream2axis<256u>.11, i256 %arg0_arg1_streams_1_4, i256 %arg1_4_axis_out_V_data_V, i32 %arg1_4_axis_out_V_keep_V, i32 %arg1_4_axis_out_V_strb_V, i1 %arg1_4_axis_out_V_last_V, i29 %num_pkts_c21" [/home/x_thileeb/repos/ops-hls-batching-new/codegen_apps/tiling/poisson2d/u280_project/maxtile_8192_unalign_interleave_p7/hls/device/src/kernel_outerloop_0_0.cpp:168]   --->   Operation 290 'call' 'call_ln168' <Predicate = true> <Delay = 0.00> <CoreType = "Generic">   --->   Core 0 '' <Latency = 0> <II = 1> <Delay = 1.00> <Generic> <Opcode : >
ST_10 : Operation 291 [1/2] (0.00ns)   --->   "%call_ln169 = call void @stream2axis<256u>.12, i256 %arg0_arg1_streams_1_5, i256 %arg1_5_axis_out_V_data_V, i32 %arg1_5_axis_out_V_keep_V, i32 %arg1_5_axis_out_V_strb_V, i1 %arg1_5_axis_out_V_last_V, i29 %num_pkts_c20" [/home/x_thileeb/repos/ops-hls-batching-new/codegen_apps/tiling/poisson2d/u280_project/maxtile_8192_unalign_interleave_p7/hls/device/src/kernel_outerloop_0_0.cpp:169]   --->   Operation 291 'call' 'call_ln169' <Predicate = true> <Delay = 0.00> <CoreType = "Generic">   --->   Core 0 '' <Latency = 0> <II = 1> <Delay = 1.00> <Generic> <Opcode : >
ST_10 : Operation 292 [1/2] (0.00ns)   --->   "%call_ln170 = call void @stream2axis<256u>.13, i256 %arg0_arg1_streams_1_6, i256 %arg1_6_axis_out_V_data_V, i32 %arg1_6_axis_out_V_keep_V, i32 %arg1_6_axis_out_V_strb_V, i1 %arg1_6_axis_out_V_last_V, i29 %num_pkts_c19" [/home/x_thileeb/repos/ops-hls-batching-new/codegen_apps/tiling/poisson2d/u280_project/maxtile_8192_unalign_interleave_p7/hls/device/src/kernel_outerloop_0_0.cpp:170]   --->   Operation 292 'call' 'call_ln170' <Predicate = true> <Delay = 0.00> <CoreType = "Generic">   --->   Core 0 '' <Latency = 0> <II = 1> <Delay = 1.00> <Generic> <Opcode : >
ST_10 : Operation 293 [1/2] (0.00ns)   --->   "%call_ln171 = call void @stream2axis<256u>.14, i256 %arg0_arg1_streams_1_7, i256 %arg1_7_axis_out_V_data_V, i32 %arg1_7_axis_out_V_keep_V, i32 %arg1_7_axis_out_V_strb_V, i1 %arg1_7_axis_out_V_last_V, i29 %num_pkts_c" [/home/x_thileeb/repos/ops-hls-batching-new/codegen_apps/tiling/poisson2d/u280_project/maxtile_8192_unalign_interleave_p7/hls/device/src/kernel_outerloop_0_0.cpp:171]   --->   Operation 293 'call' 'call_ln171' <Predicate = true> <Delay = 0.00> <CoreType = "Generic">   --->   Core 0 '' <Latency = 0> <II = 1> <Delay = 1.00> <Generic> <Opcode : >
ST_10 : Operation 294 [1/1] (0.00ns)   --->   "%ret_ln173 = ret" [/home/x_thileeb/repos/ops-hls-batching-new/codegen_apps/tiling/poisson2d/u280_project/maxtile_8192_unalign_interleave_p7/hls/device/src/kernel_outerloop_0_0.cpp:173]   --->   Operation 294 'ret' 'ret_ln173' <Predicate = true> <Delay = 0.00>


============================================================
+ Verbose Summary: Binding
============================================================
STG Binding: 
---------------- STG Properties BEGIN ----------------
- Is combinational: 0
- Is one-state seq: 0
- Is datapath-only: 0
- Is pipelined: 0
- Is top level: 0
Port [ Return ] is wired: 1; IO mode=ap_ctrl_hs:ce=0
Port [ p_read]:  wired=1; compound=0; hidden=0; nouse=0; global=0; static=0; extern=0; dir=0; type=0; pingpong=0; private_global=0; IO mode=ap_none:ce=0
Port [ p_read1]:  wired=1; compound=0; hidden=0; nouse=0; global=0; static=0; extern=0; dir=0; type=0; pingpong=0; private_global=0; IO mode=ap_none:ce=0
Port [ p_read2]:  wired=1; compound=0; hidden=0; nouse=0; global=0; static=0; extern=0; dir=0; type=0; pingpong=0; private_global=0; IO mode=ap_none:ce=0
Port [ p_read3]:  wired=1; compound=0; hidden=0; nouse=0; global=0; static=0; extern=0; dir=0; type=0; pingpong=0; private_global=0; IO mode=ap_none:ce=0
Port [ p_read4]:  wired=1; compound=0; hidden=0; nouse=0; global=0; static=0; extern=0; dir=0; type=0; pingpong=0; private_global=0; IO mode=ap_none:ce=0
Port [ p_read5]:  wired=1; compound=0; hidden=0; nouse=0; global=0; static=0; extern=0; dir=0; type=0; pingpong=0; private_global=0; IO mode=ap_none:ce=0
Port [ num_pkts]:  wired=1; compound=0; hidden=0; nouse=0; global=0; static=0; extern=0; dir=0; type=0; pingpong=0; private_global=0; IO mode=ap_none:ce=0
Port [ arg0_0_axis_in_V_data_V]:  wired=1; compound=1; hidden=0; nouse=0; global=0; static=0; extern=0; dir=0; type=0; pingpong=0; private_global=0; IO mode=axis:ce=0
Port [ arg0_0_axis_in_V_keep_V]:  wired=1; compound=1; hidden=0; nouse=0; global=0; static=0; extern=0; dir=0; type=0; pingpong=0; private_global=0; IO mode=axis:ce=0
Port [ arg0_0_axis_in_V_strb_V]:  wired=1; compound=1; hidden=0; nouse=0; global=0; static=0; extern=0; dir=0; type=0; pingpong=0; private_global=0; IO mode=axis:ce=0
Port [ arg0_0_axis_in_V_last_V]:  wired=1; compound=1; hidden=0; nouse=0; global=0; static=0; extern=0; dir=0; type=0; pingpong=0; private_global=0; IO mode=axis:ce=0
Port [ arg0_1_axis_in_V_data_V]:  wired=1; compound=1; hidden=0; nouse=0; global=0; static=0; extern=0; dir=0; type=0; pingpong=0; private_global=0; IO mode=axis:ce=0
Port [ arg0_1_axis_in_V_keep_V]:  wired=1; compound=1; hidden=0; nouse=0; global=0; static=0; extern=0; dir=0; type=0; pingpong=0; private_global=0; IO mode=axis:ce=0
Port [ arg0_1_axis_in_V_strb_V]:  wired=1; compound=1; hidden=0; nouse=0; global=0; static=0; extern=0; dir=0; type=0; pingpong=0; private_global=0; IO mode=axis:ce=0
Port [ arg0_1_axis_in_V_last_V]:  wired=1; compound=1; hidden=0; nouse=0; global=0; static=0; extern=0; dir=0; type=0; pingpong=0; private_global=0; IO mode=axis:ce=0
Port [ arg0_2_axis_in_V_data_V]:  wired=1; compound=1; hidden=0; nouse=0; global=0; static=0; extern=0; dir=0; type=0; pingpong=0; private_global=0; IO mode=axis:ce=0
Port [ arg0_2_axis_in_V_keep_V]:  wired=1; compound=1; hidden=0; nouse=0; global=0; static=0; extern=0; dir=0; type=0; pingpong=0; private_global=0; IO mode=axis:ce=0
Port [ arg0_2_axis_in_V_strb_V]:  wired=1; compound=1; hidden=0; nouse=0; global=0; static=0; extern=0; dir=0; type=0; pingpong=0; private_global=0; IO mode=axis:ce=0
Port [ arg0_2_axis_in_V_last_V]:  wired=1; compound=1; hidden=0; nouse=0; global=0; static=0; extern=0; dir=0; type=0; pingpong=0; private_global=0; IO mode=axis:ce=0
Port [ arg0_3_axis_in_V_data_V]:  wired=1; compound=1; hidden=0; nouse=0; global=0; static=0; extern=0; dir=0; type=0; pingpong=0; private_global=0; IO mode=axis:ce=0
Port [ arg0_3_axis_in_V_keep_V]:  wired=1; compound=1; hidden=0; nouse=0; global=0; static=0; extern=0; dir=0; type=0; pingpong=0; private_global=0; IO mode=axis:ce=0
Port [ arg0_3_axis_in_V_strb_V]:  wired=1; compound=1; hidden=0; nouse=0; global=0; static=0; extern=0; dir=0; type=0; pingpong=0; private_global=0; IO mode=axis:ce=0
Port [ arg0_3_axis_in_V_last_V]:  wired=1; compound=1; hidden=0; nouse=0; global=0; static=0; extern=0; dir=0; type=0; pingpong=0; private_global=0; IO mode=axis:ce=0
Port [ arg0_4_axis_in_V_data_V]:  wired=1; compound=1; hidden=0; nouse=0; global=0; static=0; extern=0; dir=0; type=0; pingpong=0; private_global=0; IO mode=axis:ce=0
Port [ arg0_4_axis_in_V_keep_V]:  wired=1; compound=1; hidden=0; nouse=0; global=0; static=0; extern=0; dir=0; type=0; pingpong=0; private_global=0; IO mode=axis:ce=0
Port [ arg0_4_axis_in_V_strb_V]:  wired=1; compound=1; hidden=0; nouse=0; global=0; static=0; extern=0; dir=0; type=0; pingpong=0; private_global=0; IO mode=axis:ce=0
Port [ arg0_4_axis_in_V_last_V]:  wired=1; compound=1; hidden=0; nouse=0; global=0; static=0; extern=0; dir=0; type=0; pingpong=0; private_global=0; IO mode=axis:ce=0
Port [ arg0_5_axis_in_V_data_V]:  wired=1; compound=1; hidden=0; nouse=0; global=0; static=0; extern=0; dir=0; type=0; pingpong=0; private_global=0; IO mode=axis:ce=0
Port [ arg0_5_axis_in_V_keep_V]:  wired=1; compound=1; hidden=0; nouse=0; global=0; static=0; extern=0; dir=0; type=0; pingpong=0; private_global=0; IO mode=axis:ce=0
Port [ arg0_5_axis_in_V_strb_V]:  wired=1; compound=1; hidden=0; nouse=0; global=0; static=0; extern=0; dir=0; type=0; pingpong=0; private_global=0; IO mode=axis:ce=0
Port [ arg0_5_axis_in_V_last_V]:  wired=1; compound=1; hidden=0; nouse=0; global=0; static=0; extern=0; dir=0; type=0; pingpong=0; private_global=0; IO mode=axis:ce=0
Port [ arg0_6_axis_in_V_data_V]:  wired=1; compound=1; hidden=0; nouse=0; global=0; static=0; extern=0; dir=0; type=0; pingpong=0; private_global=0; IO mode=axis:ce=0
Port [ arg0_6_axis_in_V_keep_V]:  wired=1; compound=1; hidden=0; nouse=0; global=0; static=0; extern=0; dir=0; type=0; pingpong=0; private_global=0; IO mode=axis:ce=0
Port [ arg0_6_axis_in_V_strb_V]:  wired=1; compound=1; hidden=0; nouse=0; global=0; static=0; extern=0; dir=0; type=0; pingpong=0; private_global=0; IO mode=axis:ce=0
Port [ arg0_6_axis_in_V_last_V]:  wired=1; compound=1; hidden=0; nouse=0; global=0; static=0; extern=0; dir=0; type=0; pingpong=0; private_global=0; IO mode=axis:ce=0
Port [ arg0_7_axis_in_V_data_V]:  wired=1; compound=1; hidden=0; nouse=0; global=0; static=0; extern=0; dir=0; type=0; pingpong=0; private_global=0; IO mode=axis:ce=0
Port [ arg0_7_axis_in_V_keep_V]:  wired=1; compound=1; hidden=0; nouse=0; global=0; static=0; extern=0; dir=0; type=0; pingpong=0; private_global=0; IO mode=axis:ce=0
Port [ arg0_7_axis_in_V_strb_V]:  wired=1; compound=1; hidden=0; nouse=0; global=0; static=0; extern=0; dir=0; type=0; pingpong=0; private_global=0; IO mode=axis:ce=0
Port [ arg0_7_axis_in_V_last_V]:  wired=1; compound=1; hidden=0; nouse=0; global=0; static=0; extern=0; dir=0; type=0; pingpong=0; private_global=0; IO mode=axis:ce=0
Port [ arg1_0_axis_out_V_data_V]:  wired=1; compound=1; hidden=0; nouse=0; global=0; static=0; extern=0; dir=1; type=0; pingpong=0; private_global=0; IO mode=axis:ce=0
Port [ arg1_0_axis_out_V_keep_V]:  wired=1; compound=1; hidden=0; nouse=0; global=0; static=0; extern=0; dir=1; type=0; pingpong=0; private_global=0; IO mode=axis:ce=0
Port [ arg1_0_axis_out_V_strb_V]:  wired=1; compound=1; hidden=0; nouse=0; global=0; static=0; extern=0; dir=1; type=0; pingpong=0; private_global=0; IO mode=axis:ce=0
Port [ arg1_0_axis_out_V_last_V]:  wired=1; compound=1; hidden=0; nouse=0; global=0; static=0; extern=0; dir=1; type=0; pingpong=0; private_global=0; IO mode=axis:ce=0
Port [ arg1_1_axis_out_V_data_V]:  wired=1; compound=1; hidden=0; nouse=0; global=0; static=0; extern=0; dir=1; type=0; pingpong=0; private_global=0; IO mode=axis:ce=0
Port [ arg1_1_axis_out_V_keep_V]:  wired=1; compound=1; hidden=0; nouse=0; global=0; static=0; extern=0; dir=1; type=0; pingpong=0; private_global=0; IO mode=axis:ce=0
Port [ arg1_1_axis_out_V_strb_V]:  wired=1; compound=1; hidden=0; nouse=0; global=0; static=0; extern=0; dir=1; type=0; pingpong=0; private_global=0; IO mode=axis:ce=0
Port [ arg1_1_axis_out_V_last_V]:  wired=1; compound=1; hidden=0; nouse=0; global=0; static=0; extern=0; dir=1; type=0; pingpong=0; private_global=0; IO mode=axis:ce=0
Port [ arg1_2_axis_out_V_data_V]:  wired=1; compound=1; hidden=0; nouse=0; global=0; static=0; extern=0; dir=1; type=0; pingpong=0; private_global=0; IO mode=axis:ce=0
Port [ arg1_2_axis_out_V_keep_V]:  wired=1; compound=1; hidden=0; nouse=0; global=0; static=0; extern=0; dir=1; type=0; pingpong=0; private_global=0; IO mode=axis:ce=0
Port [ arg1_2_axis_out_V_strb_V]:  wired=1; compound=1; hidden=0; nouse=0; global=0; static=0; extern=0; dir=1; type=0; pingpong=0; private_global=0; IO mode=axis:ce=0
Port [ arg1_2_axis_out_V_last_V]:  wired=1; compound=1; hidden=0; nouse=0; global=0; static=0; extern=0; dir=1; type=0; pingpong=0; private_global=0; IO mode=axis:ce=0
Port [ arg1_3_axis_out_V_data_V]:  wired=1; compound=1; hidden=0; nouse=0; global=0; static=0; extern=0; dir=1; type=0; pingpong=0; private_global=0; IO mode=axis:ce=0
Port [ arg1_3_axis_out_V_keep_V]:  wired=1; compound=1; hidden=0; nouse=0; global=0; static=0; extern=0; dir=1; type=0; pingpong=0; private_global=0; IO mode=axis:ce=0
Port [ arg1_3_axis_out_V_strb_V]:  wired=1; compound=1; hidden=0; nouse=0; global=0; static=0; extern=0; dir=1; type=0; pingpong=0; private_global=0; IO mode=axis:ce=0
Port [ arg1_3_axis_out_V_last_V]:  wired=1; compound=1; hidden=0; nouse=0; global=0; static=0; extern=0; dir=1; type=0; pingpong=0; private_global=0; IO mode=axis:ce=0
Port [ arg1_4_axis_out_V_data_V]:  wired=1; compound=1; hidden=0; nouse=0; global=0; static=0; extern=0; dir=1; type=0; pingpong=0; private_global=0; IO mode=axis:ce=0
Port [ arg1_4_axis_out_V_keep_V]:  wired=1; compound=1; hidden=0; nouse=0; global=0; static=0; extern=0; dir=1; type=0; pingpong=0; private_global=0; IO mode=axis:ce=0
Port [ arg1_4_axis_out_V_strb_V]:  wired=1; compound=1; hidden=0; nouse=0; global=0; static=0; extern=0; dir=1; type=0; pingpong=0; private_global=0; IO mode=axis:ce=0
Port [ arg1_4_axis_out_V_last_V]:  wired=1; compound=1; hidden=0; nouse=0; global=0; static=0; extern=0; dir=1; type=0; pingpong=0; private_global=0; IO mode=axis:ce=0
Port [ arg1_5_axis_out_V_data_V]:  wired=1; compound=1; hidden=0; nouse=0; global=0; static=0; extern=0; dir=1; type=0; pingpong=0; private_global=0; IO mode=axis:ce=0
Port [ arg1_5_axis_out_V_keep_V]:  wired=1; compound=1; hidden=0; nouse=0; global=0; static=0; extern=0; dir=1; type=0; pingpong=0; private_global=0; IO mode=axis:ce=0
Port [ arg1_5_axis_out_V_strb_V]:  wired=1; compound=1; hidden=0; nouse=0; global=0; static=0; extern=0; dir=1; type=0; pingpong=0; private_global=0; IO mode=axis:ce=0
Port [ arg1_5_axis_out_V_last_V]:  wired=1; compound=1; hidden=0; nouse=0; global=0; static=0; extern=0; dir=1; type=0; pingpong=0; private_global=0; IO mode=axis:ce=0
Port [ arg1_6_axis_out_V_data_V]:  wired=1; compound=1; hidden=0; nouse=0; global=0; static=0; extern=0; dir=1; type=0; pingpong=0; private_global=0; IO mode=axis:ce=0
Port [ arg1_6_axis_out_V_keep_V]:  wired=1; compound=1; hidden=0; nouse=0; global=0; static=0; extern=0; dir=1; type=0; pingpong=0; private_global=0; IO mode=axis:ce=0
Port [ arg1_6_axis_out_V_strb_V]:  wired=1; compound=1; hidden=0; nouse=0; global=0; static=0; extern=0; dir=1; type=0; pingpong=0; private_global=0; IO mode=axis:ce=0
Port [ arg1_6_axis_out_V_last_V]:  wired=1; compound=1; hidden=0; nouse=0; global=0; static=0; extern=0; dir=1; type=0; pingpong=0; private_global=0; IO mode=axis:ce=0
Port [ arg1_7_axis_out_V_data_V]:  wired=1; compound=1; hidden=0; nouse=0; global=0; static=0; extern=0; dir=1; type=0; pingpong=0; private_global=0; IO mode=axis:ce=0
Port [ arg1_7_axis_out_V_keep_V]:  wired=1; compound=1; hidden=0; nouse=0; global=0; static=0; extern=0; dir=1; type=0; pingpong=0; private_global=0; IO mode=axis:ce=0
Port [ arg1_7_axis_out_V_strb_V]:  wired=1; compound=1; hidden=0; nouse=0; global=0; static=0; extern=0; dir=1; type=0; pingpong=0; private_global=0; IO mode=axis:ce=0
Port [ arg1_7_axis_out_V_last_V]:  wired=1; compound=1; hidden=0; nouse=0; global=0; static=0; extern=0; dir=1; type=0; pingpong=0; private_global=0; IO mode=axis:ce=0
---------------- STG Properties END ------------------

---------------- Datapath Model BEGIN ----------------

<LifeTime>
<method=bitvector/>
num_pkts_read                                    (read                ) [ 00100000000]
num_pkts_c27                                     (alloca              ) [ 01111111111]
num_pkts_c26                                     (alloca              ) [ 00111111111]
num_pkts_c25                                     (alloca              ) [ 00111111111]
num_pkts_c24                                     (alloca              ) [ 00111111111]
num_pkts_c23                                     (alloca              ) [ 00111111111]
num_pkts_c22                                     (alloca              ) [ 00111111111]
num_pkts_c21                                     (alloca              ) [ 00111111111]
num_pkts_c20                                     (alloca              ) [ 00111111111]
num_pkts_c19                                     (alloca              ) [ 00111111111]
num_pkts_c                                       (alloca              ) [ 00111111111]
stencilConfig_6_c18                              (alloca              ) [ 00111111111]
stencilConfig_6_c17                              (alloca              ) [ 00111111111]
stencilConfig_6_c16                              (alloca              ) [ 00111111111]
stencilConfig_6_c                                (alloca              ) [ 00111111111]
stencilConfig_5_0_c15                            (alloca              ) [ 00111111111]
stencilConfig_5_0_c14                            (alloca              ) [ 00111111111]
stencilConfig_5_0_c13                            (alloca              ) [ 00111111111]
stencilConfig_5_0_c                              (alloca              ) [ 00111111111]
stencilConfig_3_c12                              (alloca              ) [ 00111111111]
stencilConfig_3_c11                              (alloca              ) [ 00111111111]
stencilConfig_3_c10                              (alloca              ) [ 00111111111]
stencilConfig_3_c                                (alloca              ) [ 00111111111]
stencilConfig_2_c9                               (alloca              ) [ 00111111111]
stencilConfig_2_c8                               (alloca              ) [ 00111111111]
stencilConfig_2_c7                               (alloca              ) [ 00111111111]
stencilConfig_2_c                                (alloca              ) [ 00111111111]
stencilConfig_0_1_c6                             (alloca              ) [ 00111111111]
stencilConfig_0_1_c5                             (alloca              ) [ 00111111111]
stencilConfig_0_1_c4                             (alloca              ) [ 00111111111]
stencilConfig_0_1_c                              (alloca              ) [ 00111111111]
stencilConfig_0_0_c3                             (alloca              ) [ 00111111111]
stencilConfig_0_0_c2                             (alloca              ) [ 00111111111]
stencilConfig_0_0_c1                             (alloca              ) [ 00111111111]
stencilConfig_0_0_c                              (alloca              ) [ 00111111111]
arg0_arg1_streams_0_0                            (alloca              ) [ 01111111111]
arg0_arg1_streams_0_1                            (alloca              ) [ 01111111111]
arg0_arg1_streams_0_2                            (alloca              ) [ 01111111111]
arg0_arg1_streams_0_3                            (alloca              ) [ 01111111111]
arg0_arg1_streams_0_4                            (alloca              ) [ 01111111111]
arg0_arg1_streams_0_5                            (alloca              ) [ 01111111111]
arg0_arg1_streams_0_6                            (alloca              ) [ 01111111111]
arg0_arg1_streams_0_7                            (alloca              ) [ 01111111111]
arg0_arg1_streams_1_0                            (alloca              ) [ 00111111111]
arg0_arg1_streams_1_1                            (alloca              ) [ 00111111111]
arg0_arg1_streams_1_2                            (alloca              ) [ 00111111111]
arg0_arg1_streams_1_3                            (alloca              ) [ 00111111111]
arg0_arg1_streams_1_4                            (alloca              ) [ 00111111111]
arg0_arg1_streams_1_5                            (alloca              ) [ 00111111111]
arg0_arg1_streams_1_6                            (alloca              ) [ 00111111111]
arg0_arg1_streams_1_7                            (alloca              ) [ 00111111111]
arg0_poisson_kernel_stencil_in_subtile_stream_0  (alloca              ) [ 00111111111]
arg0_poisson_kernel_stencil_in_subtile_stream_1  (alloca              ) [ 00111111111]
arg0_poisson_kernel_stencil_in_subtile_stream_2  (alloca              ) [ 00111111111]
arg0_poisson_kernel_stencil_in_subtile_stream_3  (alloca              ) [ 00111111111]
arg0_poisson_kernel_stencil_in_subtile_stream_4  (alloca              ) [ 00111111111]
arg0_poisson_kernel_stencil_in_subtile_stream_5  (alloca              ) [ 00111111111]
arg0_poisson_kernel_stencil_in_subtile_stream_6  (alloca              ) [ 00111111111]
arg0_poisson_kernel_stencil_in_subtile_stream_7  (alloca              ) [ 00111111111]
arg1_poisson_kernel_stencil_out_subtile_stream_0 (alloca              ) [ 00111111111]
arg1_poisson_kernel_stencil_out_subtile_stream_1 (alloca              ) [ 00111111111]
arg1_poisson_kernel_stencil_out_subtile_stream_2 (alloca              ) [ 00111111111]
arg1_poisson_kernel_stencil_out_subtile_stream_3 (alloca              ) [ 00111111111]
arg1_poisson_kernel_stencil_out_subtile_stream_4 (alloca              ) [ 00111111111]
arg1_poisson_kernel_stencil_out_subtile_stream_5 (alloca              ) [ 00111111111]
arg1_poisson_kernel_stencil_out_subtile_stream_6 (alloca              ) [ 00111111111]
arg1_poisson_kernel_stencil_out_subtile_stream_7 (alloca              ) [ 00111111111]
call_ln111                                       (call                ) [ 00000000000]
call_ln112                                       (call                ) [ 00000000000]
call_ln113                                       (call                ) [ 00000000000]
call_ln114                                       (call                ) [ 00000000000]
call_ln115                                       (call                ) [ 00000000000]
call_ln116                                       (call                ) [ 00000000000]
call_ln117                                       (call                ) [ 00000000000]
call_ln118                                       (call                ) [ 00000000000]
p_read511                                        (read                ) [ 00000000000]
p_read410                                        (read                ) [ 00000000000]
p_read39                                         (read                ) [ 00000000000]
p_read28                                         (read                ) [ 00000000000]
p_read17                                         (read                ) [ 00000000000]
p_read_21                                        (read                ) [ 00000000000]
call_ln0                                         (call                ) [ 00000000000]
call_ln124                                       (call                ) [ 00000000000]
call_ln125                                       (call                ) [ 00000000000]
call_ln134                                       (call                ) [ 00000000000]
call_ln143                                       (call                ) [ 00000000000]
call_ln152                                       (call                ) [ 00000000000]
call_ln161                                       (call                ) [ 00000000000]
empty                                            (specchannel         ) [ 00000000000]
specinterface_ln0                                (specinterface       ) [ 00000000000]
empty_68                                         (specchannel         ) [ 00000000000]
specinterface_ln0                                (specinterface       ) [ 00000000000]
empty_69                                         (specchannel         ) [ 00000000000]
specinterface_ln0                                (specinterface       ) [ 00000000000]
empty_70                                         (specchannel         ) [ 00000000000]
specinterface_ln0                                (specinterface       ) [ 00000000000]
empty_71                                         (specchannel         ) [ 00000000000]
specinterface_ln0                                (specinterface       ) [ 00000000000]
empty_72                                         (specchannel         ) [ 00000000000]
specinterface_ln0                                (specinterface       ) [ 00000000000]
empty_73                                         (specchannel         ) [ 00000000000]
specinterface_ln0                                (specinterface       ) [ 00000000000]
empty_74                                         (specchannel         ) [ 00000000000]
specinterface_ln0                                (specinterface       ) [ 00000000000]
empty_75                                         (specchannel         ) [ 00000000000]
specinterface_ln0                                (specinterface       ) [ 00000000000]
empty_76                                         (specchannel         ) [ 00000000000]
specinterface_ln0                                (specinterface       ) [ 00000000000]
empty_77                                         (specchannel         ) [ 00000000000]
specinterface_ln0                                (specinterface       ) [ 00000000000]
empty_78                                         (specchannel         ) [ 00000000000]
specinterface_ln0                                (specinterface       ) [ 00000000000]
empty_79                                         (specchannel         ) [ 00000000000]
specinterface_ln0                                (specinterface       ) [ 00000000000]
empty_80                                         (specchannel         ) [ 00000000000]
specinterface_ln0                                (specinterface       ) [ 00000000000]
empty_81                                         (specchannel         ) [ 00000000000]
specinterface_ln0                                (specinterface       ) [ 00000000000]
empty_82                                         (specchannel         ) [ 00000000000]
specinterface_ln0                                (specinterface       ) [ 00000000000]
empty_83                                         (specchannel         ) [ 00000000000]
specinterface_ln0                                (specinterface       ) [ 00000000000]
empty_84                                         (specchannel         ) [ 00000000000]
specinterface_ln0                                (specinterface       ) [ 00000000000]
empty_85                                         (specchannel         ) [ 00000000000]
specinterface_ln0                                (specinterface       ) [ 00000000000]
empty_86                                         (specchannel         ) [ 00000000000]
specinterface_ln0                                (specinterface       ) [ 00000000000]
empty_87                                         (specchannel         ) [ 00000000000]
specinterface_ln0                                (specinterface       ) [ 00000000000]
empty_88                                         (specchannel         ) [ 00000000000]
specinterface_ln0                                (specinterface       ) [ 00000000000]
empty_89                                         (specchannel         ) [ 00000000000]
specinterface_ln0                                (specinterface       ) [ 00000000000]
empty_90                                         (specchannel         ) [ 00000000000]
specinterface_ln0                                (specinterface       ) [ 00000000000]
empty_91                                         (specchannel         ) [ 00000000000]
specinterface_ln0                                (specinterface       ) [ 00000000000]
empty_92                                         (specchannel         ) [ 00000000000]
specinterface_ln0                                (specinterface       ) [ 00000000000]
empty_93                                         (specchannel         ) [ 00000000000]
specinterface_ln0                                (specinterface       ) [ 00000000000]
empty_94                                         (specchannel         ) [ 00000000000]
specinterface_ln0                                (specinterface       ) [ 00000000000]
empty_95                                         (specchannel         ) [ 00000000000]
specinterface_ln0                                (specinterface       ) [ 00000000000]
empty_96                                         (specchannel         ) [ 00000000000]
specinterface_ln0                                (specinterface       ) [ 00000000000]
empty_97                                         (specchannel         ) [ 00000000000]
specinterface_ln0                                (specinterface       ) [ 00000000000]
empty_98                                         (specchannel         ) [ 00000000000]
specinterface_ln0                                (specinterface       ) [ 00000000000]
empty_99                                         (specchannel         ) [ 00000000000]
specinterface_ln0                                (specinterface       ) [ 00000000000]
empty_100                                        (specchannel         ) [ 00000000000]
specinterface_ln0                                (specinterface       ) [ 00000000000]
specdataflowpipeline_ln0                         (specdataflowpipeline) [ 00000000000]
specaxissidechannel_ln0                          (specaxissidechannel ) [ 00000000000]
specaxissidechannel_ln0                          (specaxissidechannel ) [ 00000000000]
specaxissidechannel_ln0                          (specaxissidechannel ) [ 00000000000]
specaxissidechannel_ln0                          (specaxissidechannel ) [ 00000000000]
specaxissidechannel_ln0                          (specaxissidechannel ) [ 00000000000]
specaxissidechannel_ln0                          (specaxissidechannel ) [ 00000000000]
specaxissidechannel_ln0                          (specaxissidechannel ) [ 00000000000]
specaxissidechannel_ln0                          (specaxissidechannel ) [ 00000000000]
specaxissidechannel_ln0                          (specaxissidechannel ) [ 00000000000]
specaxissidechannel_ln0                          (specaxissidechannel ) [ 00000000000]
specaxissidechannel_ln0                          (specaxissidechannel ) [ 00000000000]
specaxissidechannel_ln0                          (specaxissidechannel ) [ 00000000000]
specaxissidechannel_ln0                          (specaxissidechannel ) [ 00000000000]
specaxissidechannel_ln0                          (specaxissidechannel ) [ 00000000000]
specaxissidechannel_ln0                          (specaxissidechannel ) [ 00000000000]
specaxissidechannel_ln0                          (specaxissidechannel ) [ 00000000000]
specinterface_ln0                                (specinterface       ) [ 00000000000]
specinterface_ln0                                (specinterface       ) [ 00000000000]
specinterface_ln0                                (specinterface       ) [ 00000000000]
specinterface_ln0                                (specinterface       ) [ 00000000000]
specinterface_ln0                                (specinterface       ) [ 00000000000]
specinterface_ln0                                (specinterface       ) [ 00000000000]
specinterface_ln0                                (specinterface       ) [ 00000000000]
specinterface_ln0                                (specinterface       ) [ 00000000000]
specinterface_ln0                                (specinterface       ) [ 00000000000]
specinterface_ln0                                (specinterface       ) [ 00000000000]
specinterface_ln0                                (specinterface       ) [ 00000000000]
specinterface_ln0                                (specinterface       ) [ 00000000000]
specinterface_ln0                                (specinterface       ) [ 00000000000]
specinterface_ln0                                (specinterface       ) [ 00000000000]
specinterface_ln0                                (specinterface       ) [ 00000000000]
specinterface_ln0                                (specinterface       ) [ 00000000000]
empty_101                                        (specchannel         ) [ 00000000000]
specinterface_ln0                                (specinterface       ) [ 00000000000]
empty_102                                        (specchannel         ) [ 00000000000]
specinterface_ln0                                (specinterface       ) [ 00000000000]
empty_103                                        (specchannel         ) [ 00000000000]
specinterface_ln0                                (specinterface       ) [ 00000000000]
empty_104                                        (specchannel         ) [ 00000000000]
specinterface_ln0                                (specinterface       ) [ 00000000000]
empty_105                                        (specchannel         ) [ 00000000000]
specinterface_ln0                                (specinterface       ) [ 00000000000]
empty_106                                        (specchannel         ) [ 00000000000]
specinterface_ln0                                (specinterface       ) [ 00000000000]
empty_107                                        (specchannel         ) [ 00000000000]
specinterface_ln0                                (specinterface       ) [ 00000000000]
empty_108                                        (specchannel         ) [ 00000000000]
specinterface_ln0                                (specinterface       ) [ 00000000000]
empty_109                                        (specchannel         ) [ 00000000000]
specinterface_ln0                                (specinterface       ) [ 00000000000]
empty_110                                        (specchannel         ) [ 00000000000]
specinterface_ln0                                (specinterface       ) [ 00000000000]
empty_111                                        (specchannel         ) [ 00000000000]
specinterface_ln0                                (specinterface       ) [ 00000000000]
empty_112                                        (specchannel         ) [ 00000000000]
specinterface_ln0                                (specinterface       ) [ 00000000000]
empty_113                                        (specchannel         ) [ 00000000000]
specinterface_ln0                                (specinterface       ) [ 00000000000]
empty_114                                        (specchannel         ) [ 00000000000]
specinterface_ln0                                (specinterface       ) [ 00000000000]
empty_115                                        (specchannel         ) [ 00000000000]
specinterface_ln0                                (specinterface       ) [ 00000000000]
empty_116                                        (specchannel         ) [ 00000000000]
specinterface_ln0                                (specinterface       ) [ 00000000000]
empty_117                                        (specchannel         ) [ 00000000000]
specinterface_ln0                                (specinterface       ) [ 00000000000]
empty_118                                        (specchannel         ) [ 00000000000]
specinterface_ln0                                (specinterface       ) [ 00000000000]
empty_119                                        (specchannel         ) [ 00000000000]
specinterface_ln0                                (specinterface       ) [ 00000000000]
empty_120                                        (specchannel         ) [ 00000000000]
specinterface_ln0                                (specinterface       ) [ 00000000000]
empty_121                                        (specchannel         ) [ 00000000000]
specinterface_ln0                                (specinterface       ) [ 00000000000]
empty_122                                        (specchannel         ) [ 00000000000]
specinterface_ln0                                (specinterface       ) [ 00000000000]
empty_123                                        (specchannel         ) [ 00000000000]
specinterface_ln0                                (specinterface       ) [ 00000000000]
empty_124                                        (specchannel         ) [ 00000000000]
specinterface_ln0                                (specinterface       ) [ 00000000000]
empty_125                                        (specchannel         ) [ 00000000000]
specinterface_ln0                                (specinterface       ) [ 00000000000]
empty_126                                        (specchannel         ) [ 00000000000]
specinterface_ln0                                (specinterface       ) [ 00000000000]
empty_127                                        (specchannel         ) [ 00000000000]
specinterface_ln0                                (specinterface       ) [ 00000000000]
empty_128                                        (specchannel         ) [ 00000000000]
specinterface_ln0                                (specinterface       ) [ 00000000000]
empty_129                                        (specchannel         ) [ 00000000000]
specinterface_ln0                                (specinterface       ) [ 00000000000]
empty_130                                        (specchannel         ) [ 00000000000]
specinterface_ln0                                (specinterface       ) [ 00000000000]
empty_131                                        (specchannel         ) [ 00000000000]
specinterface_ln0                                (specinterface       ) [ 00000000000]
empty_132                                        (specchannel         ) [ 00000000000]
specinterface_ln0                                (specinterface       ) [ 00000000000]
call_ln164                                       (call                ) [ 00000000000]
call_ln165                                       (call                ) [ 00000000000]
call_ln166                                       (call                ) [ 00000000000]
call_ln167                                       (call                ) [ 00000000000]
call_ln168                                       (call                ) [ 00000000000]
call_ln169                                       (call                ) [ 00000000000]
call_ln170                                       (call                ) [ 00000000000]
call_ln171                                       (call                ) [ 00000000000]
ret_ln173                                        (ret                 ) [ 00000000000]
</LifeTime>

<model>

<comp_list>
<comp id="0" class="1000" name="p_read">
<pin_list>
<pin id="1" dir="1" index="0" bw="1" slack="0"/>
</pin_list>
<bind>
<StgValue><ssdm name="p_read"/></StgValue>
</bind>
</comp>

<comp id="2" class="1000" name="p_read1">
<pin_list>
<pin id="3" dir="1" index="0" bw="1" slack="0"/>
</pin_list>
<bind>
<StgValue><ssdm name="p_read1"/></StgValue>
</bind>
</comp>

<comp id="4" class="1000" name="p_read2">
<pin_list>
<pin id="5" dir="1" index="0" bw="1" slack="0"/>
</pin_list>
<bind>
<StgValue><ssdm name="p_read2"/></StgValue>
</bind>
</comp>

<comp id="6" class="1000" name="p_read3">
<pin_list>
<pin id="7" dir="1" index="0" bw="1" slack="0"/>
</pin_list>
<bind>
<StgValue><ssdm name="p_read3"/></StgValue>
</bind>
</comp>

<comp id="8" class="1000" name="p_read4">
<pin_list>
<pin id="9" dir="1" index="0" bw="1" slack="0"/>
</pin_list>
<bind>
<StgValue><ssdm name="p_read4"/></StgValue>
</bind>
</comp>

<comp id="10" class="1000" name="p_read5">
<pin_list>
<pin id="11" dir="1" index="0" bw="1" slack="0"/>
</pin_list>
<bind>
<StgValue><ssdm name="p_read5"/></StgValue>
</bind>
</comp>

<comp id="12" class="1000" name="num_pkts">
<pin_list>
<pin id="13" dir="1" index="0" bw="1" slack="0"/>
</pin_list>
<bind>
<StgValue><ssdm name="num_pkts"/></StgValue>
</bind>
</comp>

<comp id="14" class="1000" name="arg0_0_axis_in_V_data_V">
<pin_list>
<pin id="15" dir="1" index="0" bw="1" slack="0"/>
</pin_list>
<bind>
<StgValue><ssdm name="arg0_0_axis_in_V_data_V"/></StgValue>
</bind>
</comp>

<comp id="16" class="1000" name="arg0_0_axis_in_V_keep_V">
<pin_list>
<pin id="17" dir="1" index="0" bw="1" slack="0"/>
</pin_list>
<bind>
<StgValue><ssdm name="arg0_0_axis_in_V_keep_V"/></StgValue>
</bind>
</comp>

<comp id="18" class="1000" name="arg0_0_axis_in_V_strb_V">
<pin_list>
<pin id="19" dir="1" index="0" bw="1" slack="0"/>
</pin_list>
<bind>
<StgValue><ssdm name="arg0_0_axis_in_V_strb_V"/></StgValue>
</bind>
</comp>

<comp id="20" class="1000" name="arg0_0_axis_in_V_last_V">
<pin_list>
<pin id="21" dir="1" index="0" bw="1" slack="0"/>
</pin_list>
<bind>
<StgValue><ssdm name="arg0_0_axis_in_V_last_V"/></StgValue>
</bind>
</comp>

<comp id="22" class="1000" name="arg0_1_axis_in_V_data_V">
<pin_list>
<pin id="23" dir="1" index="0" bw="1" slack="0"/>
</pin_list>
<bind>
<StgValue><ssdm name="arg0_1_axis_in_V_data_V"/></StgValue>
</bind>
</comp>

<comp id="24" class="1000" name="arg0_1_axis_in_V_keep_V">
<pin_list>
<pin id="25" dir="1" index="0" bw="1" slack="0"/>
</pin_list>
<bind>
<StgValue><ssdm name="arg0_1_axis_in_V_keep_V"/></StgValue>
</bind>
</comp>

<comp id="26" class="1000" name="arg0_1_axis_in_V_strb_V">
<pin_list>
<pin id="27" dir="1" index="0" bw="1" slack="0"/>
</pin_list>
<bind>
<StgValue><ssdm name="arg0_1_axis_in_V_strb_V"/></StgValue>
</bind>
</comp>

<comp id="28" class="1000" name="arg0_1_axis_in_V_last_V">
<pin_list>
<pin id="29" dir="1" index="0" bw="1" slack="0"/>
</pin_list>
<bind>
<StgValue><ssdm name="arg0_1_axis_in_V_last_V"/></StgValue>
</bind>
</comp>

<comp id="30" class="1000" name="arg0_2_axis_in_V_data_V">
<pin_list>
<pin id="31" dir="1" index="0" bw="1" slack="0"/>
</pin_list>
<bind>
<StgValue><ssdm name="arg0_2_axis_in_V_data_V"/></StgValue>
</bind>
</comp>

<comp id="32" class="1000" name="arg0_2_axis_in_V_keep_V">
<pin_list>
<pin id="33" dir="1" index="0" bw="1" slack="0"/>
</pin_list>
<bind>
<StgValue><ssdm name="arg0_2_axis_in_V_keep_V"/></StgValue>
</bind>
</comp>

<comp id="34" class="1000" name="arg0_2_axis_in_V_strb_V">
<pin_list>
<pin id="35" dir="1" index="0" bw="1" slack="0"/>
</pin_list>
<bind>
<StgValue><ssdm name="arg0_2_axis_in_V_strb_V"/></StgValue>
</bind>
</comp>

<comp id="36" class="1000" name="arg0_2_axis_in_V_last_V">
<pin_list>
<pin id="37" dir="1" index="0" bw="1" slack="0"/>
</pin_list>
<bind>
<StgValue><ssdm name="arg0_2_axis_in_V_last_V"/></StgValue>
</bind>
</comp>

<comp id="38" class="1000" name="arg0_3_axis_in_V_data_V">
<pin_list>
<pin id="39" dir="1" index="0" bw="1" slack="0"/>
</pin_list>
<bind>
<StgValue><ssdm name="arg0_3_axis_in_V_data_V"/></StgValue>
</bind>
</comp>

<comp id="40" class="1000" name="arg0_3_axis_in_V_keep_V">
<pin_list>
<pin id="41" dir="1" index="0" bw="1" slack="0"/>
</pin_list>
<bind>
<StgValue><ssdm name="arg0_3_axis_in_V_keep_V"/></StgValue>
</bind>
</comp>

<comp id="42" class="1000" name="arg0_3_axis_in_V_strb_V">
<pin_list>
<pin id="43" dir="1" index="0" bw="1" slack="0"/>
</pin_list>
<bind>
<StgValue><ssdm name="arg0_3_axis_in_V_strb_V"/></StgValue>
</bind>
</comp>

<comp id="44" class="1000" name="arg0_3_axis_in_V_last_V">
<pin_list>
<pin id="45" dir="1" index="0" bw="1" slack="0"/>
</pin_list>
<bind>
<StgValue><ssdm name="arg0_3_axis_in_V_last_V"/></StgValue>
</bind>
</comp>

<comp id="46" class="1000" name="arg0_4_axis_in_V_data_V">
<pin_list>
<pin id="47" dir="1" index="0" bw="1" slack="0"/>
</pin_list>
<bind>
<StgValue><ssdm name="arg0_4_axis_in_V_data_V"/></StgValue>
</bind>
</comp>

<comp id="48" class="1000" name="arg0_4_axis_in_V_keep_V">
<pin_list>
<pin id="49" dir="1" index="0" bw="1" slack="0"/>
</pin_list>
<bind>
<StgValue><ssdm name="arg0_4_axis_in_V_keep_V"/></StgValue>
</bind>
</comp>

<comp id="50" class="1000" name="arg0_4_axis_in_V_strb_V">
<pin_list>
<pin id="51" dir="1" index="0" bw="1" slack="0"/>
</pin_list>
<bind>
<StgValue><ssdm name="arg0_4_axis_in_V_strb_V"/></StgValue>
</bind>
</comp>

<comp id="52" class="1000" name="arg0_4_axis_in_V_last_V">
<pin_list>
<pin id="53" dir="1" index="0" bw="1" slack="0"/>
</pin_list>
<bind>
<StgValue><ssdm name="arg0_4_axis_in_V_last_V"/></StgValue>
</bind>
</comp>

<comp id="54" class="1000" name="arg0_5_axis_in_V_data_V">
<pin_list>
<pin id="55" dir="1" index="0" bw="1" slack="0"/>
</pin_list>
<bind>
<StgValue><ssdm name="arg0_5_axis_in_V_data_V"/></StgValue>
</bind>
</comp>

<comp id="56" class="1000" name="arg0_5_axis_in_V_keep_V">
<pin_list>
<pin id="57" dir="1" index="0" bw="1" slack="0"/>
</pin_list>
<bind>
<StgValue><ssdm name="arg0_5_axis_in_V_keep_V"/></StgValue>
</bind>
</comp>

<comp id="58" class="1000" name="arg0_5_axis_in_V_strb_V">
<pin_list>
<pin id="59" dir="1" index="0" bw="1" slack="0"/>
</pin_list>
<bind>
<StgValue><ssdm name="arg0_5_axis_in_V_strb_V"/></StgValue>
</bind>
</comp>

<comp id="60" class="1000" name="arg0_5_axis_in_V_last_V">
<pin_list>
<pin id="61" dir="1" index="0" bw="1" slack="0"/>
</pin_list>
<bind>
<StgValue><ssdm name="arg0_5_axis_in_V_last_V"/></StgValue>
</bind>
</comp>

<comp id="62" class="1000" name="arg0_6_axis_in_V_data_V">
<pin_list>
<pin id="63" dir="1" index="0" bw="1" slack="0"/>
</pin_list>
<bind>
<StgValue><ssdm name="arg0_6_axis_in_V_data_V"/></StgValue>
</bind>
</comp>

<comp id="64" class="1000" name="arg0_6_axis_in_V_keep_V">
<pin_list>
<pin id="65" dir="1" index="0" bw="1" slack="0"/>
</pin_list>
<bind>
<StgValue><ssdm name="arg0_6_axis_in_V_keep_V"/></StgValue>
</bind>
</comp>

<comp id="66" class="1000" name="arg0_6_axis_in_V_strb_V">
<pin_list>
<pin id="67" dir="1" index="0" bw="1" slack="0"/>
</pin_list>
<bind>
<StgValue><ssdm name="arg0_6_axis_in_V_strb_V"/></StgValue>
</bind>
</comp>

<comp id="68" class="1000" name="arg0_6_axis_in_V_last_V">
<pin_list>
<pin id="69" dir="1" index="0" bw="1" slack="0"/>
</pin_list>
<bind>
<StgValue><ssdm name="arg0_6_axis_in_V_last_V"/></StgValue>
</bind>
</comp>

<comp id="70" class="1000" name="arg0_7_axis_in_V_data_V">
<pin_list>
<pin id="71" dir="1" index="0" bw="1" slack="0"/>
</pin_list>
<bind>
<StgValue><ssdm name="arg0_7_axis_in_V_data_V"/></StgValue>
</bind>
</comp>

<comp id="72" class="1000" name="arg0_7_axis_in_V_keep_V">
<pin_list>
<pin id="73" dir="1" index="0" bw="1" slack="0"/>
</pin_list>
<bind>
<StgValue><ssdm name="arg0_7_axis_in_V_keep_V"/></StgValue>
</bind>
</comp>

<comp id="74" class="1000" name="arg0_7_axis_in_V_strb_V">
<pin_list>
<pin id="75" dir="1" index="0" bw="1" slack="0"/>
</pin_list>
<bind>
<StgValue><ssdm name="arg0_7_axis_in_V_strb_V"/></StgValue>
</bind>
</comp>

<comp id="76" class="1000" name="arg0_7_axis_in_V_last_V">
<pin_list>
<pin id="77" dir="1" index="0" bw="1" slack="0"/>
</pin_list>
<bind>
<StgValue><ssdm name="arg0_7_axis_in_V_last_V"/></StgValue>
</bind>
</comp>

<comp id="78" class="1000" name="arg1_0_axis_out_V_data_V">
<pin_list>
<pin id="79" dir="1" index="0" bw="1" slack="0"/>
</pin_list>
<bind>
<StgValue><ssdm name="arg1_0_axis_out_V_data_V"/></StgValue>
</bind>
</comp>

<comp id="80" class="1000" name="arg1_0_axis_out_V_keep_V">
<pin_list>
<pin id="81" dir="1" index="0" bw="1" slack="0"/>
</pin_list>
<bind>
<StgValue><ssdm name="arg1_0_axis_out_V_keep_V"/></StgValue>
</bind>
</comp>

<comp id="82" class="1000" name="arg1_0_axis_out_V_strb_V">
<pin_list>
<pin id="83" dir="1" index="0" bw="1" slack="0"/>
</pin_list>
<bind>
<StgValue><ssdm name="arg1_0_axis_out_V_strb_V"/></StgValue>
</bind>
</comp>

<comp id="84" class="1000" name="arg1_0_axis_out_V_last_V">
<pin_list>
<pin id="85" dir="1" index="0" bw="1" slack="0"/>
</pin_list>
<bind>
<StgValue><ssdm name="arg1_0_axis_out_V_last_V"/></StgValue>
</bind>
</comp>

<comp id="86" class="1000" name="arg1_1_axis_out_V_data_V">
<pin_list>
<pin id="87" dir="1" index="0" bw="1" slack="0"/>
</pin_list>
<bind>
<StgValue><ssdm name="arg1_1_axis_out_V_data_V"/></StgValue>
</bind>
</comp>

<comp id="88" class="1000" name="arg1_1_axis_out_V_keep_V">
<pin_list>
<pin id="89" dir="1" index="0" bw="1" slack="0"/>
</pin_list>
<bind>
<StgValue><ssdm name="arg1_1_axis_out_V_keep_V"/></StgValue>
</bind>
</comp>

<comp id="90" class="1000" name="arg1_1_axis_out_V_strb_V">
<pin_list>
<pin id="91" dir="1" index="0" bw="1" slack="0"/>
</pin_list>
<bind>
<StgValue><ssdm name="arg1_1_axis_out_V_strb_V"/></StgValue>
</bind>
</comp>

<comp id="92" class="1000" name="arg1_1_axis_out_V_last_V">
<pin_list>
<pin id="93" dir="1" index="0" bw="1" slack="0"/>
</pin_list>
<bind>
<StgValue><ssdm name="arg1_1_axis_out_V_last_V"/></StgValue>
</bind>
</comp>

<comp id="94" class="1000" name="arg1_2_axis_out_V_data_V">
<pin_list>
<pin id="95" dir="1" index="0" bw="1" slack="0"/>
</pin_list>
<bind>
<StgValue><ssdm name="arg1_2_axis_out_V_data_V"/></StgValue>
</bind>
</comp>

<comp id="96" class="1000" name="arg1_2_axis_out_V_keep_V">
<pin_list>
<pin id="97" dir="1" index="0" bw="1" slack="0"/>
</pin_list>
<bind>
<StgValue><ssdm name="arg1_2_axis_out_V_keep_V"/></StgValue>
</bind>
</comp>

<comp id="98" class="1000" name="arg1_2_axis_out_V_strb_V">
<pin_list>
<pin id="99" dir="1" index="0" bw="1" slack="0"/>
</pin_list>
<bind>
<StgValue><ssdm name="arg1_2_axis_out_V_strb_V"/></StgValue>
</bind>
</comp>

<comp id="100" class="1000" name="arg1_2_axis_out_V_last_V">
<pin_list>
<pin id="101" dir="1" index="0" bw="1" slack="0"/>
</pin_list>
<bind>
<StgValue><ssdm name="arg1_2_axis_out_V_last_V"/></StgValue>
</bind>
</comp>

<comp id="102" class="1000" name="arg1_3_axis_out_V_data_V">
<pin_list>
<pin id="103" dir="1" index="0" bw="1" slack="0"/>
</pin_list>
<bind>
<StgValue><ssdm name="arg1_3_axis_out_V_data_V"/></StgValue>
</bind>
</comp>

<comp id="104" class="1000" name="arg1_3_axis_out_V_keep_V">
<pin_list>
<pin id="105" dir="1" index="0" bw="1" slack="0"/>
</pin_list>
<bind>
<StgValue><ssdm name="arg1_3_axis_out_V_keep_V"/></StgValue>
</bind>
</comp>

<comp id="106" class="1000" name="arg1_3_axis_out_V_strb_V">
<pin_list>
<pin id="107" dir="1" index="0" bw="1" slack="0"/>
</pin_list>
<bind>
<StgValue><ssdm name="arg1_3_axis_out_V_strb_V"/></StgValue>
</bind>
</comp>

<comp id="108" class="1000" name="arg1_3_axis_out_V_last_V">
<pin_list>
<pin id="109" dir="1" index="0" bw="1" slack="0"/>
</pin_list>
<bind>
<StgValue><ssdm name="arg1_3_axis_out_V_last_V"/></StgValue>
</bind>
</comp>

<comp id="110" class="1000" name="arg1_4_axis_out_V_data_V">
<pin_list>
<pin id="111" dir="1" index="0" bw="1" slack="0"/>
</pin_list>
<bind>
<StgValue><ssdm name="arg1_4_axis_out_V_data_V"/></StgValue>
</bind>
</comp>

<comp id="112" class="1000" name="arg1_4_axis_out_V_keep_V">
<pin_list>
<pin id="113" dir="1" index="0" bw="1" slack="0"/>
</pin_list>
<bind>
<StgValue><ssdm name="arg1_4_axis_out_V_keep_V"/></StgValue>
</bind>
</comp>

<comp id="114" class="1000" name="arg1_4_axis_out_V_strb_V">
<pin_list>
<pin id="115" dir="1" index="0" bw="1" slack="0"/>
</pin_list>
<bind>
<StgValue><ssdm name="arg1_4_axis_out_V_strb_V"/></StgValue>
</bind>
</comp>

<comp id="116" class="1000" name="arg1_4_axis_out_V_last_V">
<pin_list>
<pin id="117" dir="1" index="0" bw="1" slack="0"/>
</pin_list>
<bind>
<StgValue><ssdm name="arg1_4_axis_out_V_last_V"/></StgValue>
</bind>
</comp>

<comp id="118" class="1000" name="arg1_5_axis_out_V_data_V">
<pin_list>
<pin id="119" dir="1" index="0" bw="1" slack="0"/>
</pin_list>
<bind>
<StgValue><ssdm name="arg1_5_axis_out_V_data_V"/></StgValue>
</bind>
</comp>

<comp id="120" class="1000" name="arg1_5_axis_out_V_keep_V">
<pin_list>
<pin id="121" dir="1" index="0" bw="1" slack="0"/>
</pin_list>
<bind>
<StgValue><ssdm name="arg1_5_axis_out_V_keep_V"/></StgValue>
</bind>
</comp>

<comp id="122" class="1000" name="arg1_5_axis_out_V_strb_V">
<pin_list>
<pin id="123" dir="1" index="0" bw="1" slack="0"/>
</pin_list>
<bind>
<StgValue><ssdm name="arg1_5_axis_out_V_strb_V"/></StgValue>
</bind>
</comp>

<comp id="124" class="1000" name="arg1_5_axis_out_V_last_V">
<pin_list>
<pin id="125" dir="1" index="0" bw="1" slack="0"/>
</pin_list>
<bind>
<StgValue><ssdm name="arg1_5_axis_out_V_last_V"/></StgValue>
</bind>
</comp>

<comp id="126" class="1000" name="arg1_6_axis_out_V_data_V">
<pin_list>
<pin id="127" dir="1" index="0" bw="1" slack="0"/>
</pin_list>
<bind>
<StgValue><ssdm name="arg1_6_axis_out_V_data_V"/></StgValue>
</bind>
</comp>

<comp id="128" class="1000" name="arg1_6_axis_out_V_keep_V">
<pin_list>
<pin id="129" dir="1" index="0" bw="1" slack="0"/>
</pin_list>
<bind>
<StgValue><ssdm name="arg1_6_axis_out_V_keep_V"/></StgValue>
</bind>
</comp>

<comp id="130" class="1000" name="arg1_6_axis_out_V_strb_V">
<pin_list>
<pin id="131" dir="1" index="0" bw="1" slack="0"/>
</pin_list>
<bind>
<StgValue><ssdm name="arg1_6_axis_out_V_strb_V"/></StgValue>
</bind>
</comp>

<comp id="132" class="1000" name="arg1_6_axis_out_V_last_V">
<pin_list>
<pin id="133" dir="1" index="0" bw="1" slack="0"/>
</pin_list>
<bind>
<StgValue><ssdm name="arg1_6_axis_out_V_last_V"/></StgValue>
</bind>
</comp>

<comp id="134" class="1000" name="arg1_7_axis_out_V_data_V">
<pin_list>
<pin id="135" dir="1" index="0" bw="1" slack="0"/>
</pin_list>
<bind>
<StgValue><ssdm name="arg1_7_axis_out_V_data_V"/></StgValue>
</bind>
</comp>

<comp id="136" class="1000" name="arg1_7_axis_out_V_keep_V">
<pin_list>
<pin id="137" dir="1" index="0" bw="1" slack="0"/>
</pin_list>
<bind>
<StgValue><ssdm name="arg1_7_axis_out_V_keep_V"/></StgValue>
</bind>
</comp>

<comp id="138" class="1000" name="arg1_7_axis_out_V_strb_V">
<pin_list>
<pin id="139" dir="1" index="0" bw="1" slack="0"/>
</pin_list>
<bind>
<StgValue><ssdm name="arg1_7_axis_out_V_strb_V"/></StgValue>
</bind>
</comp>

<comp id="140" class="1000" name="arg1_7_axis_out_V_last_V">
<pin_list>
<pin id="141" dir="1" index="0" bw="1" slack="0"/>
</pin_list>
<bind>
<StgValue><ssdm name="arg1_7_axis_out_V_last_V"/></StgValue>
</bind>
</comp>

<comp id="142" class="1001" name="const_142">
<pin_list>
<pin id="143" dir="1" index="0" bw="1" slack="0"/>
</pin_list>
<bind>
<StgValue><ssdm name="_ssdm_op_Read.ap_auto.i29"/></StgValue>
</bind>
</comp>

<comp id="144" class="1001" name="const_144">
<pin_list>
<pin id="145" dir="1" index="0" bw="1" slack="0"/>
</pin_list>
<bind>
<StgValue><ssdm name=""/></StgValue>
</bind>
</comp>

<comp id="146" class="1001" name="const_146">
<pin_list>
<pin id="147" dir="1" index="0" bw="1" slack="0"/>
</pin_list>
<bind>
<StgValue><ssdm name="axis2stream<256u>"/></StgValue>
</bind>
</comp>

<comp id="148" class="1001" name="const_148">
<pin_list>
<pin id="149" dir="1" index="0" bw="1" slack="0"/>
</pin_list>
<bind>
<StgValue><ssdm name="axis2stream<256u>.1"/></StgValue>
</bind>
</comp>

<comp id="150" class="1001" name="const_150">
<pin_list>
<pin id="151" dir="1" index="0" bw="1" slack="0"/>
</pin_list>
<bind>
<StgValue><ssdm name="axis2stream<256u>.2"/></StgValue>
</bind>
</comp>

<comp id="152" class="1001" name="const_152">
<pin_list>
<pin id="153" dir="1" index="0" bw="1" slack="0"/>
</pin_list>
<bind>
<StgValue><ssdm name="axis2stream<256u>.3"/></StgValue>
</bind>
</comp>

<comp id="154" class="1001" name="const_154">
<pin_list>
<pin id="155" dir="1" index="0" bw="1" slack="0"/>
</pin_list>
<bind>
<StgValue><ssdm name="axis2stream<256u>.4"/></StgValue>
</bind>
</comp>

<comp id="156" class="1001" name="const_156">
<pin_list>
<pin id="157" dir="1" index="0" bw="1" slack="0"/>
</pin_list>
<bind>
<StgValue><ssdm name="axis2stream<256u>.5"/></StgValue>
</bind>
</comp>

<comp id="158" class="1001" name="const_158">
<pin_list>
<pin id="159" dir="1" index="0" bw="1" slack="0"/>
</pin_list>
<bind>
<StgValue><ssdm name="axis2stream<256u>.6"/></StgValue>
</bind>
</comp>

<comp id="160" class="1001" name="const_160">
<pin_list>
<pin id="161" dir="1" index="0" bw="1" slack="0"/>
</pin_list>
<bind>
<StgValue><ssdm name="axis2stream<256u>.7"/></StgValue>
</bind>
</comp>

<comp id="162" class="1001" name="const_162">
<pin_list>
<pin id="163" dir="1" index="0" bw="1" slack="0"/>
</pin_list>
<bind>
<StgValue><ssdm name="stream2interleave"/></StgValue>
</bind>
</comp>

<comp id="164" class="1001" name="const_164">
<pin_list>
<pin id="165" dir="1" index="0" bw="1" slack="0"/>
</pin_list>
<bind>
<StgValue><ssdm name="_ssdm_op_Read.ap_auto.i14"/></StgValue>
</bind>
</comp>

<comp id="166" class="1001" name="const_166">
<pin_list>
<pin id="167" dir="1" index="0" bw="1" slack="0"/>
</pin_list>
<bind>
<StgValue><ssdm name="_ssdm_op_Read.ap_auto.i1"/></StgValue>
</bind>
</comp>

<comp id="168" class="1001" name="const_168">
<pin_list>
<pin id="169" dir="1" index="0" bw="1" slack="0"/>
</pin_list>
<bind>
<StgValue><ssdm name="_ssdm_op_Read.ap_auto.i16"/></StgValue>
</bind>
</comp>

<comp id="170" class="1001" name="const_170">
<pin_list>
<pin id="171" dir="1" index="0" bw="1" slack="0"/>
</pin_list>
<bind>
<StgValue><ssdm name="entry_proc"/></StgValue>
</bind>
</comp>

<comp id="172" class="1001" name="const_172">
<pin_list>
<pin id="173" dir="1" index="0" bw="1" slack="0"/>
</pin_list>
<bind>
<StgValue><ssdm name="kernel_poisson_kernel_stencil_PE<(unsigned short)4, (unsigned short)0>"/></StgValue>
</bind>
</comp>

<comp id="174" class="1001" name="const_174">
<pin_list>
<pin id="175" dir="1" index="0" bw="1" slack="0"/>
</pin_list>
<bind>
<StgValue><ssdm name="kernel_poisson_kernel_stencil_PE<(unsigned short)4, (unsigned short)1>"/></StgValue>
</bind>
</comp>

<comp id="176" class="1001" name="const_176">
<pin_list>
<pin id="177" dir="1" index="0" bw="1" slack="0"/>
</pin_list>
<bind>
<StgValue><ssdm name="kernel_poisson_kernel_stencil_PE<(unsigned short)4, (unsigned short)2>"/></StgValue>
</bind>
</comp>

<comp id="178" class="1001" name="const_178">
<pin_list>
<pin id="179" dir="1" index="0" bw="1" slack="0"/>
</pin_list>
<bind>
<StgValue><ssdm name="kernel_poisson_kernel_stencil_PE<(unsigned short)4, (unsigned short)3>"/></StgValue>
</bind>
</comp>

<comp id="180" class="1001" name="const_180">
<pin_list>
<pin id="181" dir="1" index="0" bw="1" slack="0"/>
</pin_list>
<bind>
<StgValue><ssdm name="interleave2stream"/></StgValue>
</bind>
</comp>

<comp id="182" class="1001" name="const_182">
<pin_list>
<pin id="183" dir="1" index="0" bw="1" slack="0"/>
</pin_list>
<bind>
<StgValue><ssdm name="stream2axis<256u>"/></StgValue>
</bind>
</comp>

<comp id="184" class="1001" name="const_184">
<pin_list>
<pin id="185" dir="1" index="0" bw="1" slack="0"/>
</pin_list>
<bind>
<StgValue><ssdm name="stream2axis<256u>.8"/></StgValue>
</bind>
</comp>

<comp id="186" class="1001" name="const_186">
<pin_list>
<pin id="187" dir="1" index="0" bw="1" slack="0"/>
</pin_list>
<bind>
<StgValue><ssdm name="stream2axis<256u>.9"/></StgValue>
</bind>
</comp>

<comp id="188" class="1001" name="const_188">
<pin_list>
<pin id="189" dir="1" index="0" bw="1" slack="0"/>
</pin_list>
<bind>
<StgValue><ssdm name="stream2axis<256u>.10"/></StgValue>
</bind>
</comp>

<comp id="190" class="1001" name="const_190">
<pin_list>
<pin id="191" dir="1" index="0" bw="1" slack="0"/>
</pin_list>
<bind>
<StgValue><ssdm name="stream2axis<256u>.11"/></StgValue>
</bind>
</comp>

<comp id="192" class="1001" name="const_192">
<pin_list>
<pin id="193" dir="1" index="0" bw="1" slack="0"/>
</pin_list>
<bind>
<StgValue><ssdm name="stream2axis<256u>.12"/></StgValue>
</bind>
</comp>

<comp id="194" class="1001" name="const_194">
<pin_list>
<pin id="195" dir="1" index="0" bw="1" slack="0"/>
</pin_list>
<bind>
<StgValue><ssdm name="stream2axis<256u>.13"/></StgValue>
</bind>
</comp>

<comp id="196" class="1001" name="const_196">
<pin_list>
<pin id="197" dir="1" index="0" bw="1" slack="0"/>
</pin_list>
<bind>
<StgValue><ssdm name="stream2axis<256u>.14"/></StgValue>
</bind>
</comp>

<comp id="198" class="1001" name="const_198">
<pin_list>
<pin id="199" dir="1" index="0" bw="1" slack="2147483647"/>
</pin_list>
<bind>
<StgValue><ssdm name="_ssdm_op_SpecChannel"/></StgValue>
</bind>
</comp>

<comp id="200" class="1001" name="const_200">
<pin_list>
<pin id="201" dir="1" index="0" bw="1" slack="2147483647"/>
</pin_list>
<bind>
<StgValue><ssdm name="num_pkts_c27_str"/></StgValue>
</bind>
</comp>

<comp id="202" class="1001" name="const_202">
<pin_list>
<pin id="203" dir="1" index="0" bw="1" slack="2147483647"/>
</pin_list>
<bind>
<StgValue><ssdm name=""/></StgValue>
</bind>
</comp>

<comp id="204" class="1001" name="const_204">
<pin_list>
<pin id="205" dir="1" index="0" bw="1" slack="2147483647"/>
</pin_list>
<bind>
<StgValue><ssdm name="p_str"/></StgValue>
</bind>
</comp>

<comp id="206" class="1001" name="const_206">
<pin_list>
<pin id="207" dir="1" index="0" bw="1" slack="2147483647"/>
</pin_list>
<bind>
<StgValue><ssdm name=""/></StgValue>
</bind>
</comp>

<comp id="208" class="1001" name="const_208">
<pin_list>
<pin id="209" dir="1" index="0" bw="1" slack="2147483647"/>
</pin_list>
<bind>
<StgValue><ssdm name=""/></StgValue>
</bind>
</comp>

<comp id="210" class="1001" name="const_210">
<pin_list>
<pin id="211" dir="1" index="0" bw="1" slack="2147483647"/>
</pin_list>
<bind>
<StgValue><ssdm name="_ssdm_op_SpecInterface"/></StgValue>
</bind>
</comp>

<comp id="212" class="1001" name="const_212">
<pin_list>
<pin id="213" dir="1" index="0" bw="1" slack="2147483647"/>
</pin_list>
<bind>
<StgValue><ssdm name="ap_fifo_str"/></StgValue>
</bind>
</comp>

<comp id="214" class="1001" name="const_214">
<pin_list>
<pin id="215" dir="1" index="0" bw="1" slack="2147483647"/>
</pin_list>
<bind>
<StgValue><ssdm name=""/></StgValue>
</bind>
</comp>

<comp id="216" class="1001" name="const_216">
<pin_list>
<pin id="217" dir="1" index="0" bw="1" slack="2147483647"/>
</pin_list>
<bind>
<StgValue><ssdm name=""/></StgValue>
</bind>
</comp>

<comp id="218" class="1001" name="const_218">
<pin_list>
<pin id="219" dir="1" index="0" bw="1" slack="2147483647"/>
</pin_list>
<bind>
<StgValue><ssdm name="num_pkts_c26_str"/></StgValue>
</bind>
</comp>

<comp id="220" class="1001" name="const_220">
<pin_list>
<pin id="221" dir="1" index="0" bw="1" slack="2147483647"/>
</pin_list>
<bind>
<StgValue><ssdm name=""/></StgValue>
</bind>
</comp>

<comp id="222" class="1001" name="const_222">
<pin_list>
<pin id="223" dir="1" index="0" bw="1" slack="2147483647"/>
</pin_list>
<bind>
<StgValue><ssdm name="num_pkts_c25_str"/></StgValue>
</bind>
</comp>

<comp id="224" class="1001" name="const_224">
<pin_list>
<pin id="225" dir="1" index="0" bw="1" slack="2147483647"/>
</pin_list>
<bind>
<StgValue><ssdm name="num_pkts_c24_str"/></StgValue>
</bind>
</comp>

<comp id="226" class="1001" name="const_226">
<pin_list>
<pin id="227" dir="1" index="0" bw="1" slack="2147483647"/>
</pin_list>
<bind>
<StgValue><ssdm name="num_pkts_c23_str"/></StgValue>
</bind>
</comp>

<comp id="228" class="1001" name="const_228">
<pin_list>
<pin id="229" dir="1" index="0" bw="1" slack="2147483647"/>
</pin_list>
<bind>
<StgValue><ssdm name="num_pkts_c22_str"/></StgValue>
</bind>
</comp>

<comp id="230" class="1001" name="const_230">
<pin_list>
<pin id="231" dir="1" index="0" bw="1" slack="2147483647"/>
</pin_list>
<bind>
<StgValue><ssdm name="num_pkts_c21_str"/></StgValue>
</bind>
</comp>

<comp id="232" class="1001" name="const_232">
<pin_list>
<pin id="233" dir="1" index="0" bw="1" slack="2147483647"/>
</pin_list>
<bind>
<StgValue><ssdm name="num_pkts_c20_str"/></StgValue>
</bind>
</comp>

<comp id="234" class="1001" name="const_234">
<pin_list>
<pin id="235" dir="1" index="0" bw="1" slack="2147483647"/>
</pin_list>
<bind>
<StgValue><ssdm name="num_pkts_c19_str"/></StgValue>
</bind>
</comp>

<comp id="236" class="1001" name="const_236">
<pin_list>
<pin id="237" dir="1" index="0" bw="1" slack="2147483647"/>
</pin_list>
<bind>
<StgValue><ssdm name="num_pkts_c_str"/></StgValue>
</bind>
</comp>

<comp id="238" class="1001" name="const_238">
<pin_list>
<pin id="239" dir="1" index="0" bw="1" slack="2147483647"/>
</pin_list>
<bind>
<StgValue><ssdm name="stencilConfig_OC_6_c18_str"/></StgValue>
</bind>
</comp>

<comp id="240" class="1001" name="const_240">
<pin_list>
<pin id="241" dir="1" index="0" bw="1" slack="2147483647"/>
</pin_list>
<bind>
<StgValue><ssdm name=""/></StgValue>
</bind>
</comp>

<comp id="242" class="1001" name="const_242">
<pin_list>
<pin id="243" dir="1" index="0" bw="1" slack="2147483647"/>
</pin_list>
<bind>
<StgValue><ssdm name="stencilConfig_OC_6_c17_str"/></StgValue>
</bind>
</comp>

<comp id="244" class="1001" name="const_244">
<pin_list>
<pin id="245" dir="1" index="0" bw="1" slack="2147483647"/>
</pin_list>
<bind>
<StgValue><ssdm name="stencilConfig_OC_6_c16_str"/></StgValue>
</bind>
</comp>

<comp id="246" class="1001" name="const_246">
<pin_list>
<pin id="247" dir="1" index="0" bw="1" slack="2147483647"/>
</pin_list>
<bind>
<StgValue><ssdm name="stencilConfig_OC_6_c_str"/></StgValue>
</bind>
</comp>

<comp id="248" class="1001" name="const_248">
<pin_list>
<pin id="249" dir="1" index="0" bw="1" slack="2147483647"/>
</pin_list>
<bind>
<StgValue><ssdm name="stencilConfig_OC_5_OC_0_c15_str"/></StgValue>
</bind>
</comp>

<comp id="250" class="1001" name="const_250">
<pin_list>
<pin id="251" dir="1" index="0" bw="1" slack="2147483647"/>
</pin_list>
<bind>
<StgValue><ssdm name="stencilConfig_OC_5_OC_0_c14_str"/></StgValue>
</bind>
</comp>

<comp id="252" class="1001" name="const_252">
<pin_list>
<pin id="253" dir="1" index="0" bw="1" slack="2147483647"/>
</pin_list>
<bind>
<StgValue><ssdm name="stencilConfig_OC_5_OC_0_c13_str"/></StgValue>
</bind>
</comp>

<comp id="254" class="1001" name="const_254">
<pin_list>
<pin id="255" dir="1" index="0" bw="1" slack="2147483647"/>
</pin_list>
<bind>
<StgValue><ssdm name="stencilConfig_OC_5_OC_0_c_str"/></StgValue>
</bind>
</comp>

<comp id="256" class="1001" name="const_256">
<pin_list>
<pin id="257" dir="1" index="0" bw="1" slack="2147483647"/>
</pin_list>
<bind>
<StgValue><ssdm name="stencilConfig_OC_3_c12_str"/></StgValue>
</bind>
</comp>

<comp id="258" class="1001" name="const_258">
<pin_list>
<pin id="259" dir="1" index="0" bw="1" slack="2147483647"/>
</pin_list>
<bind>
<StgValue><ssdm name="stencilConfig_OC_3_c11_str"/></StgValue>
</bind>
</comp>

<comp id="260" class="1001" name="const_260">
<pin_list>
<pin id="261" dir="1" index="0" bw="1" slack="2147483647"/>
</pin_list>
<bind>
<StgValue><ssdm name="stencilConfig_OC_3_c10_str"/></StgValue>
</bind>
</comp>

<comp id="262" class="1001" name="const_262">
<pin_list>
<pin id="263" dir="1" index="0" bw="1" slack="2147483647"/>
</pin_list>
<bind>
<StgValue><ssdm name="stencilConfig_OC_3_c_str"/></StgValue>
</bind>
</comp>

<comp id="264" class="1001" name="const_264">
<pin_list>
<pin id="265" dir="1" index="0" bw="1" slack="2147483647"/>
</pin_list>
<bind>
<StgValue><ssdm name="stencilConfig_OC_2_c9_str"/></StgValue>
</bind>
</comp>

<comp id="266" class="1001" name="const_266">
<pin_list>
<pin id="267" dir="1" index="0" bw="1" slack="2147483647"/>
</pin_list>
<bind>
<StgValue><ssdm name="stencilConfig_OC_2_c8_str"/></StgValue>
</bind>
</comp>

<comp id="268" class="1001" name="const_268">
<pin_list>
<pin id="269" dir="1" index="0" bw="1" slack="2147483647"/>
</pin_list>
<bind>
<StgValue><ssdm name="stencilConfig_OC_2_c7_str"/></StgValue>
</bind>
</comp>

<comp id="270" class="1001" name="const_270">
<pin_list>
<pin id="271" dir="1" index="0" bw="1" slack="2147483647"/>
</pin_list>
<bind>
<StgValue><ssdm name="stencilConfig_OC_2_c_str"/></StgValue>
</bind>
</comp>

<comp id="272" class="1001" name="const_272">
<pin_list>
<pin id="273" dir="1" index="0" bw="1" slack="2147483647"/>
</pin_list>
<bind>
<StgValue><ssdm name="stencilConfig_OC_0_OC_1_c6_str"/></StgValue>
</bind>
</comp>

<comp id="274" class="1001" name="const_274">
<pin_list>
<pin id="275" dir="1" index="0" bw="1" slack="2147483647"/>
</pin_list>
<bind>
<StgValue><ssdm name="stencilConfig_OC_0_OC_1_c5_str"/></StgValue>
</bind>
</comp>

<comp id="276" class="1001" name="const_276">
<pin_list>
<pin id="277" dir="1" index="0" bw="1" slack="2147483647"/>
</pin_list>
<bind>
<StgValue><ssdm name="stencilConfig_OC_0_OC_1_c4_str"/></StgValue>
</bind>
</comp>

<comp id="278" class="1001" name="const_278">
<pin_list>
<pin id="279" dir="1" index="0" bw="1" slack="2147483647"/>
</pin_list>
<bind>
<StgValue><ssdm name="stencilConfig_OC_0_OC_1_c_str"/></StgValue>
</bind>
</comp>

<comp id="280" class="1001" name="const_280">
<pin_list>
<pin id="281" dir="1" index="0" bw="1" slack="2147483647"/>
</pin_list>
<bind>
<StgValue><ssdm name="stencilConfig_OC_0_OC_0_c3_str"/></StgValue>
</bind>
</comp>

<comp id="282" class="1001" name="const_282">
<pin_list>
<pin id="283" dir="1" index="0" bw="1" slack="2147483647"/>
</pin_list>
<bind>
<StgValue><ssdm name="stencilConfig_OC_0_OC_0_c2_str"/></StgValue>
</bind>
</comp>

<comp id="284" class="1001" name="const_284">
<pin_list>
<pin id="285" dir="1" index="0" bw="1" slack="2147483647"/>
</pin_list>
<bind>
<StgValue><ssdm name="stencilConfig_OC_0_OC_0_c1_str"/></StgValue>
</bind>
</comp>

<comp id="286" class="1001" name="const_286">
<pin_list>
<pin id="287" dir="1" index="0" bw="1" slack="2147483647"/>
</pin_list>
<bind>
<StgValue><ssdm name="stencilConfig_OC_0_OC_0_c_str"/></StgValue>
</bind>
</comp>

<comp id="288" class="1001" name="const_288">
<pin_list>
<pin id="289" dir="1" index="0" bw="1" slack="2147483647"/>
</pin_list>
<bind>
<StgValue><ssdm name="_ssdm_op_SpecDataflowPipeline"/></StgValue>
</bind>
</comp>

<comp id="290" class="1001" name="const_290">
<pin_list>
<pin id="291" dir="1" index="0" bw="1" slack="2147483647"/>
</pin_list>
<bind>
<StgValue><ssdm name="empty_5"/></StgValue>
</bind>
</comp>

<comp id="292" class="1001" name="const_292">
<pin_list>
<pin id="293" dir="1" index="0" bw="1" slack="2147483647"/>
</pin_list>
<bind>
<StgValue><ssdm name="_ssdm_op_SpecAXISSideChannel"/></StgValue>
</bind>
</comp>

<comp id="294" class="1001" name="const_294">
<pin_list>
<pin id="295" dir="1" index="0" bw="1" slack="2147483647"/>
</pin_list>
<bind>
<StgValue><ssdm name=""/></StgValue>
</bind>
</comp>

<comp id="296" class="1001" name="const_296">
<pin_list>
<pin id="297" dir="1" index="0" bw="1" slack="2147483647"/>
</pin_list>
<bind>
<StgValue><ssdm name="empty_38"/></StgValue>
</bind>
</comp>

<comp id="298" class="1001" name="const_298">
<pin_list>
<pin id="299" dir="1" index="0" bw="1" slack="2147483647"/>
</pin_list>
<bind>
<StgValue><ssdm name="empty_36"/></StgValue>
</bind>
</comp>

<comp id="300" class="1001" name="const_300">
<pin_list>
<pin id="301" dir="1" index="0" bw="1" slack="2147483647"/>
</pin_list>
<bind>
<StgValue><ssdm name="empty_21"/></StgValue>
</bind>
</comp>

<comp id="302" class="1001" name="const_302">
<pin_list>
<pin id="303" dir="1" index="0" bw="1" slack="2147483647"/>
</pin_list>
<bind>
<StgValue><ssdm name="empty_16"/></StgValue>
</bind>
</comp>

<comp id="304" class="1001" name="const_304">
<pin_list>
<pin id="305" dir="1" index="0" bw="1" slack="2147483647"/>
</pin_list>
<bind>
<StgValue><ssdm name="empty_37"/></StgValue>
</bind>
</comp>

<comp id="306" class="1001" name="const_306">
<pin_list>
<pin id="307" dir="1" index="0" bw="1" slack="2147483647"/>
</pin_list>
<bind>
<StgValue><ssdm name="empty_12"/></StgValue>
</bind>
</comp>

<comp id="308" class="1001" name="const_308">
<pin_list>
<pin id="309" dir="1" index="0" bw="1" slack="2147483647"/>
</pin_list>
<bind>
<StgValue><ssdm name="empty_11"/></StgValue>
</bind>
</comp>

<comp id="310" class="1001" name="const_310">
<pin_list>
<pin id="311" dir="1" index="0" bw="1" slack="2147483647"/>
</pin_list>
<bind>
<StgValue><ssdm name="empty_10"/></StgValue>
</bind>
</comp>

<comp id="312" class="1001" name="const_312">
<pin_list>
<pin id="313" dir="1" index="0" bw="1" slack="2147483647"/>
</pin_list>
<bind>
<StgValue><ssdm name="empty_9"/></StgValue>
</bind>
</comp>

<comp id="314" class="1001" name="const_314">
<pin_list>
<pin id="315" dir="1" index="0" bw="1" slack="2147483647"/>
</pin_list>
<bind>
<StgValue><ssdm name="empty"/></StgValue>
</bind>
</comp>

<comp id="316" class="1001" name="const_316">
<pin_list>
<pin id="317" dir="1" index="0" bw="1" slack="2147483647"/>
</pin_list>
<bind>
<StgValue><ssdm name="empty_30"/></StgValue>
</bind>
</comp>

<comp id="318" class="1001" name="const_318">
<pin_list>
<pin id="319" dir="1" index="0" bw="1" slack="2147483647"/>
</pin_list>
<bind>
<StgValue><ssdm name="empty_41"/></StgValue>
</bind>
</comp>

<comp id="320" class="1001" name="const_320">
<pin_list>
<pin id="321" dir="1" index="0" bw="1" slack="2147483647"/>
</pin_list>
<bind>
<StgValue><ssdm name="empty_29"/></StgValue>
</bind>
</comp>

<comp id="322" class="1001" name="const_322">
<pin_list>
<pin id="323" dir="1" index="0" bw="1" slack="2147483647"/>
</pin_list>
<bind>
<StgValue><ssdm name="empty_39"/></StgValue>
</bind>
</comp>

<comp id="324" class="1001" name="const_324">
<pin_list>
<pin id="325" dir="1" index="0" bw="1" slack="2147483647"/>
</pin_list>
<bind>
<StgValue><ssdm name="empty_0"/></StgValue>
</bind>
</comp>

<comp id="326" class="1001" name="const_326">
<pin_list>
<pin id="327" dir="1" index="0" bw="1" slack="2147483647"/>
</pin_list>
<bind>
<StgValue><ssdm name="empty_14"/></StgValue>
</bind>
</comp>

<comp id="328" class="1001" name="const_328">
<pin_list>
<pin id="329" dir="1" index="0" bw="1" slack="2147483647"/>
</pin_list>
<bind>
<StgValue><ssdm name="empty_22"/></StgValue>
</bind>
</comp>

<comp id="330" class="1001" name="const_330">
<pin_list>
<pin id="331" dir="1" index="0" bw="1" slack="2147483647"/>
</pin_list>
<bind>
<StgValue><ssdm name="empty_40"/></StgValue>
</bind>
</comp>

<comp id="332" class="1001" name="const_332">
<pin_list>
<pin id="333" dir="1" index="0" bw="1" slack="2147483647"/>
</pin_list>
<bind>
<StgValue><ssdm name="arg0_arg1_streams_0_0_str"/></StgValue>
</bind>
</comp>

<comp id="334" class="1001" name="const_334">
<pin_list>
<pin id="335" dir="1" index="0" bw="1" slack="2147483647"/>
</pin_list>
<bind>
<StgValue><ssdm name=""/></StgValue>
</bind>
</comp>

<comp id="336" class="1001" name="const_336">
<pin_list>
<pin id="337" dir="1" index="0" bw="1" slack="2147483647"/>
</pin_list>
<bind>
<StgValue><ssdm name="empty_27"/></StgValue>
</bind>
</comp>

<comp id="338" class="1001" name="const_338">
<pin_list>
<pin id="339" dir="1" index="0" bw="1" slack="2147483647"/>
</pin_list>
<bind>
<StgValue><ssdm name="arg0_arg1_streams_0_1_str"/></StgValue>
</bind>
</comp>

<comp id="340" class="1001" name="const_340">
<pin_list>
<pin id="341" dir="1" index="0" bw="1" slack="2147483647"/>
</pin_list>
<bind>
<StgValue><ssdm name="arg0_arg1_streams_0_2_str"/></StgValue>
</bind>
</comp>

<comp id="342" class="1001" name="const_342">
<pin_list>
<pin id="343" dir="1" index="0" bw="1" slack="2147483647"/>
</pin_list>
<bind>
<StgValue><ssdm name="arg0_arg1_streams_0_3_str"/></StgValue>
</bind>
</comp>

<comp id="344" class="1001" name="const_344">
<pin_list>
<pin id="345" dir="1" index="0" bw="1" slack="2147483647"/>
</pin_list>
<bind>
<StgValue><ssdm name="arg0_arg1_streams_0_4_str"/></StgValue>
</bind>
</comp>

<comp id="346" class="1001" name="const_346">
<pin_list>
<pin id="347" dir="1" index="0" bw="1" slack="2147483647"/>
</pin_list>
<bind>
<StgValue><ssdm name="arg0_arg1_streams_0_5_str"/></StgValue>
</bind>
</comp>

<comp id="348" class="1001" name="const_348">
<pin_list>
<pin id="349" dir="1" index="0" bw="1" slack="2147483647"/>
</pin_list>
<bind>
<StgValue><ssdm name="arg0_arg1_streams_0_6_str"/></StgValue>
</bind>
</comp>

<comp id="350" class="1001" name="const_350">
<pin_list>
<pin id="351" dir="1" index="0" bw="1" slack="2147483647"/>
</pin_list>
<bind>
<StgValue><ssdm name="arg0_arg1_streams_0_7_str"/></StgValue>
</bind>
</comp>

<comp id="352" class="1001" name="const_352">
<pin_list>
<pin id="353" dir="1" index="0" bw="1" slack="2147483647"/>
</pin_list>
<bind>
<StgValue><ssdm name="arg0_arg1_streams_1_0_str"/></StgValue>
</bind>
</comp>

<comp id="354" class="1001" name="const_354">
<pin_list>
<pin id="355" dir="1" index="0" bw="1" slack="2147483647"/>
</pin_list>
<bind>
<StgValue><ssdm name="arg0_arg1_streams_1_1_str"/></StgValue>
</bind>
</comp>

<comp id="356" class="1001" name="const_356">
<pin_list>
<pin id="357" dir="1" index="0" bw="1" slack="2147483647"/>
</pin_list>
<bind>
<StgValue><ssdm name="arg0_arg1_streams_1_2_str"/></StgValue>
</bind>
</comp>

<comp id="358" class="1001" name="const_358">
<pin_list>
<pin id="359" dir="1" index="0" bw="1" slack="2147483647"/>
</pin_list>
<bind>
<StgValue><ssdm name="arg0_arg1_streams_1_3_str"/></StgValue>
</bind>
</comp>

<comp id="360" class="1001" name="const_360">
<pin_list>
<pin id="361" dir="1" index="0" bw="1" slack="2147483647"/>
</pin_list>
<bind>
<StgValue><ssdm name="arg0_arg1_streams_1_4_str"/></StgValue>
</bind>
</comp>

<comp id="362" class="1001" name="const_362">
<pin_list>
<pin id="363" dir="1" index="0" bw="1" slack="2147483647"/>
</pin_list>
<bind>
<StgValue><ssdm name="arg0_arg1_streams_1_5_str"/></StgValue>
</bind>
</comp>

<comp id="364" class="1001" name="const_364">
<pin_list>
<pin id="365" dir="1" index="0" bw="1" slack="2147483647"/>
</pin_list>
<bind>
<StgValue><ssdm name="arg0_arg1_streams_1_6_str"/></StgValue>
</bind>
</comp>

<comp id="366" class="1001" name="const_366">
<pin_list>
<pin id="367" dir="1" index="0" bw="1" slack="2147483647"/>
</pin_list>
<bind>
<StgValue><ssdm name="arg0_arg1_streams_1_7_str"/></StgValue>
</bind>
</comp>

<comp id="368" class="1001" name="const_368">
<pin_list>
<pin id="369" dir="1" index="0" bw="1" slack="2147483647"/>
</pin_list>
<bind>
<StgValue><ssdm name="arg0_poisson_kernel_stencil_in_subtile_stream_0_str"/></StgValue>
</bind>
</comp>

<comp id="370" class="1001" name="const_370">
<pin_list>
<pin id="371" dir="1" index="0" bw="1" slack="2147483647"/>
</pin_list>
<bind>
<StgValue><ssdm name="arg0_poisson_kernel_stencil_in_subtile_stream_1_str"/></StgValue>
</bind>
</comp>

<comp id="372" class="1001" name="const_372">
<pin_list>
<pin id="373" dir="1" index="0" bw="1" slack="2147483647"/>
</pin_list>
<bind>
<StgValue><ssdm name="arg0_poisson_kernel_stencil_in_subtile_stream_2_str"/></StgValue>
</bind>
</comp>

<comp id="374" class="1001" name="const_374">
<pin_list>
<pin id="375" dir="1" index="0" bw="1" slack="2147483647"/>
</pin_list>
<bind>
<StgValue><ssdm name="arg0_poisson_kernel_stencil_in_subtile_stream_3_str"/></StgValue>
</bind>
</comp>

<comp id="376" class="1001" name="const_376">
<pin_list>
<pin id="377" dir="1" index="0" bw="1" slack="2147483647"/>
</pin_list>
<bind>
<StgValue><ssdm name="arg0_poisson_kernel_stencil_in_subtile_stream_4_str"/></StgValue>
</bind>
</comp>

<comp id="378" class="1001" name="const_378">
<pin_list>
<pin id="379" dir="1" index="0" bw="1" slack="2147483647"/>
</pin_list>
<bind>
<StgValue><ssdm name="arg0_poisson_kernel_stencil_in_subtile_stream_5_str"/></StgValue>
</bind>
</comp>

<comp id="380" class="1001" name="const_380">
<pin_list>
<pin id="381" dir="1" index="0" bw="1" slack="2147483647"/>
</pin_list>
<bind>
<StgValue><ssdm name="arg0_poisson_kernel_stencil_in_subtile_stream_6_str"/></StgValue>
</bind>
</comp>

<comp id="382" class="1001" name="const_382">
<pin_list>
<pin id="383" dir="1" index="0" bw="1" slack="2147483647"/>
</pin_list>
<bind>
<StgValue><ssdm name="arg0_poisson_kernel_stencil_in_subtile_stream_7_str"/></StgValue>
</bind>
</comp>

<comp id="384" class="1001" name="const_384">
<pin_list>
<pin id="385" dir="1" index="0" bw="1" slack="2147483647"/>
</pin_list>
<bind>
<StgValue><ssdm name="arg1_poisson_kernel_stencil_out_subtile_stream_0_str"/></StgValue>
</bind>
</comp>

<comp id="386" class="1001" name="const_386">
<pin_list>
<pin id="387" dir="1" index="0" bw="1" slack="2147483647"/>
</pin_list>
<bind>
<StgValue><ssdm name="arg1_poisson_kernel_stencil_out_subtile_stream_1_str"/></StgValue>
</bind>
</comp>

<comp id="388" class="1001" name="const_388">
<pin_list>
<pin id="389" dir="1" index="0" bw="1" slack="2147483647"/>
</pin_list>
<bind>
<StgValue><ssdm name="arg1_poisson_kernel_stencil_out_subtile_stream_2_str"/></StgValue>
</bind>
</comp>

<comp id="390" class="1001" name="const_390">
<pin_list>
<pin id="391" dir="1" index="0" bw="1" slack="2147483647"/>
</pin_list>
<bind>
<StgValue><ssdm name="arg1_poisson_kernel_stencil_out_subtile_stream_3_str"/></StgValue>
</bind>
</comp>

<comp id="392" class="1001" name="const_392">
<pin_list>
<pin id="393" dir="1" index="0" bw="1" slack="2147483647"/>
</pin_list>
<bind>
<StgValue><ssdm name="arg1_poisson_kernel_stencil_out_subtile_stream_4_str"/></StgValue>
</bind>
</comp>

<comp id="394" class="1001" name="const_394">
<pin_list>
<pin id="395" dir="1" index="0" bw="1" slack="2147483647"/>
</pin_list>
<bind>
<StgValue><ssdm name="arg1_poisson_kernel_stencil_out_subtile_stream_5_str"/></StgValue>
</bind>
</comp>

<comp id="396" class="1001" name="const_396">
<pin_list>
<pin id="397" dir="1" index="0" bw="1" slack="2147483647"/>
</pin_list>
<bind>
<StgValue><ssdm name="arg1_poisson_kernel_stencil_out_subtile_stream_6_str"/></StgValue>
</bind>
</comp>

<comp id="398" class="1001" name="const_398">
<pin_list>
<pin id="399" dir="1" index="0" bw="1" slack="2147483647"/>
</pin_list>
<bind>
<StgValue><ssdm name="arg1_poisson_kernel_stencil_out_subtile_stream_7_str"/></StgValue>
</bind>
</comp>

<comp id="400" class="1004" name="num_pkts_c27_fu_400">
<pin_list>
<pin id="401" dir="0" index="0" bw="1" slack="0"/>
<pin id="402" dir="1" index="1" bw="29" slack="0"/>
</pin_list>
<bind>
<opcode="alloca(26) " fcode="alloca"/>
<opset="num_pkts_c27/1 "/>
</bind>
</comp>

<comp id="404" class="1004" name="num_pkts_c26_fu_404">
<pin_list>
<pin id="405" dir="0" index="0" bw="1" slack="0"/>
<pin id="406" dir="1" index="1" bw="29" slack="2"/>
</pin_list>
<bind>
<opcode="alloca(26) " fcode="alloca"/>
<opset="num_pkts_c26/1 "/>
</bind>
</comp>

<comp id="408" class="1004" name="num_pkts_c25_fu_408">
<pin_list>
<pin id="409" dir="0" index="0" bw="1" slack="0"/>
<pin id="410" dir="1" index="1" bw="29" slack="6"/>
</pin_list>
<bind>
<opcode="alloca(26) " fcode="alloca"/>
<opset="num_pkts_c25/1 "/>
</bind>
</comp>

<comp id="412" class="1004" name="num_pkts_c24_fu_412">
<pin_list>
<pin id="413" dir="0" index="0" bw="1" slack="0"/>
<pin id="414" dir="1" index="1" bw="29" slack="6"/>
</pin_list>
<bind>
<opcode="alloca(26) " fcode="alloca"/>
<opset="num_pkts_c24/1 "/>
</bind>
</comp>

<comp id="416" class="1004" name="num_pkts_c23_fu_416">
<pin_list>
<pin id="417" dir="0" index="0" bw="1" slack="0"/>
<pin id="418" dir="1" index="1" bw="29" slack="6"/>
</pin_list>
<bind>
<opcode="alloca(26) " fcode="alloca"/>
<opset="num_pkts_c23/1 "/>
</bind>
</comp>

<comp id="420" class="1004" name="num_pkts_c22_fu_420">
<pin_list>
<pin id="421" dir="0" index="0" bw="1" slack="0"/>
<pin id="422" dir="1" index="1" bw="29" slack="6"/>
</pin_list>
<bind>
<opcode="alloca(26) " fcode="alloca"/>
<opset="num_pkts_c22/1 "/>
</bind>
</comp>

<comp id="424" class="1004" name="num_pkts_c21_fu_424">
<pin_list>
<pin id="425" dir="0" index="0" bw="1" slack="0"/>
<pin id="426" dir="1" index="1" bw="29" slack="6"/>
</pin_list>
<bind>
<opcode="alloca(26) " fcode="alloca"/>
<opset="num_pkts_c21/1 "/>
</bind>
</comp>

<comp id="428" class="1004" name="num_pkts_c20_fu_428">
<pin_list>
<pin id="429" dir="0" index="0" bw="1" slack="0"/>
<pin id="430" dir="1" index="1" bw="29" slack="6"/>
</pin_list>
<bind>
<opcode="alloca(26) " fcode="alloca"/>
<opset="num_pkts_c20/1 "/>
</bind>
</comp>

<comp id="432" class="1004" name="num_pkts_c19_fu_432">
<pin_list>
<pin id="433" dir="0" index="0" bw="1" slack="0"/>
<pin id="434" dir="1" index="1" bw="29" slack="6"/>
</pin_list>
<bind>
<opcode="alloca(26) " fcode="alloca"/>
<opset="num_pkts_c19/1 "/>
</bind>
</comp>

<comp id="436" class="1004" name="num_pkts_c_fu_436">
<pin_list>
<pin id="437" dir="0" index="0" bw="1" slack="0"/>
<pin id="438" dir="1" index="1" bw="29" slack="6"/>
</pin_list>
<bind>
<opcode="alloca(26) " fcode="alloca"/>
<opset="num_pkts_c/1 "/>
</bind>
</comp>

<comp id="440" class="1004" name="stencilConfig_6_c18_fu_440">
<pin_list>
<pin id="441" dir="0" index="0" bw="1" slack="0"/>
<pin id="442" dir="1" index="1" bw="14" slack="3"/>
</pin_list>
<bind>
<opcode="alloca(26) " fcode="alloca"/>
<opset="stencilConfig_6_c18/1 "/>
</bind>
</comp>

<comp id="444" class="1004" name="stencilConfig_6_c17_fu_444">
<pin_list>
<pin id="445" dir="0" index="0" bw="1" slack="0"/>
<pin id="446" dir="1" index="1" bw="14" slack="3"/>
</pin_list>
<bind>
<opcode="alloca(26) " fcode="alloca"/>
<opset="stencilConfig_6_c17/1 "/>
</bind>
</comp>

<comp id="448" class="1004" name="stencilConfig_6_c16_fu_448">
<pin_list>
<pin id="449" dir="0" index="0" bw="1" slack="0"/>
<pin id="450" dir="1" index="1" bw="14" slack="3"/>
</pin_list>
<bind>
<opcode="alloca(26) " fcode="alloca"/>
<opset="stencilConfig_6_c16/1 "/>
</bind>
</comp>

<comp id="452" class="1004" name="stencilConfig_6_c_fu_452">
<pin_list>
<pin id="453" dir="0" index="0" bw="1" slack="0"/>
<pin id="454" dir="1" index="1" bw="14" slack="3"/>
</pin_list>
<bind>
<opcode="alloca(26) " fcode="alloca"/>
<opset="stencilConfig_6_c/1 "/>
</bind>
</comp>

<comp id="456" class="1004" name="stencilConfig_5_0_c15_fu_456">
<pin_list>
<pin id="457" dir="0" index="0" bw="1" slack="0"/>
<pin id="458" dir="1" index="1" bw="1" slack="3"/>
</pin_list>
<bind>
<opcode="alloca(26) " fcode="alloca"/>
<opset="stencilConfig_5_0_c15/1 "/>
</bind>
</comp>

<comp id="460" class="1004" name="stencilConfig_5_0_c14_fu_460">
<pin_list>
<pin id="461" dir="0" index="0" bw="1" slack="0"/>
<pin id="462" dir="1" index="1" bw="1" slack="3"/>
</pin_list>
<bind>
<opcode="alloca(26) " fcode="alloca"/>
<opset="stencilConfig_5_0_c14/1 "/>
</bind>
</comp>

<comp id="464" class="1004" name="stencilConfig_5_0_c13_fu_464">
<pin_list>
<pin id="465" dir="0" index="0" bw="1" slack="0"/>
<pin id="466" dir="1" index="1" bw="1" slack="3"/>
</pin_list>
<bind>
<opcode="alloca(26) " fcode="alloca"/>
<opset="stencilConfig_5_0_c13/1 "/>
</bind>
</comp>

<comp id="468" class="1004" name="stencilConfig_5_0_c_fu_468">
<pin_list>
<pin id="469" dir="0" index="0" bw="1" slack="0"/>
<pin id="470" dir="1" index="1" bw="1" slack="3"/>
</pin_list>
<bind>
<opcode="alloca(26) " fcode="alloca"/>
<opset="stencilConfig_5_0_c/1 "/>
</bind>
</comp>

<comp id="472" class="1004" name="stencilConfig_3_c12_fu_472">
<pin_list>
<pin id="473" dir="0" index="0" bw="1" slack="0"/>
<pin id="474" dir="1" index="1" bw="16" slack="3"/>
</pin_list>
<bind>
<opcode="alloca(26) " fcode="alloca"/>
<opset="stencilConfig_3_c12/1 "/>
</bind>
</comp>

<comp id="476" class="1004" name="stencilConfig_3_c11_fu_476">
<pin_list>
<pin id="477" dir="0" index="0" bw="1" slack="0"/>
<pin id="478" dir="1" index="1" bw="16" slack="3"/>
</pin_list>
<bind>
<opcode="alloca(26) " fcode="alloca"/>
<opset="stencilConfig_3_c11/1 "/>
</bind>
</comp>

<comp id="480" class="1004" name="stencilConfig_3_c10_fu_480">
<pin_list>
<pin id="481" dir="0" index="0" bw="1" slack="0"/>
<pin id="482" dir="1" index="1" bw="16" slack="3"/>
</pin_list>
<bind>
<opcode="alloca(26) " fcode="alloca"/>
<opset="stencilConfig_3_c10/1 "/>
</bind>
</comp>

<comp id="484" class="1004" name="stencilConfig_3_c_fu_484">
<pin_list>
<pin id="485" dir="0" index="0" bw="1" slack="0"/>
<pin id="486" dir="1" index="1" bw="16" slack="3"/>
</pin_list>
<bind>
<opcode="alloca(26) " fcode="alloca"/>
<opset="stencilConfig_3_c/1 "/>
</bind>
</comp>

<comp id="488" class="1004" name="stencilConfig_2_c9_fu_488">
<pin_list>
<pin id="489" dir="0" index="0" bw="1" slack="0"/>
<pin id="490" dir="1" index="1" bw="16" slack="3"/>
</pin_list>
<bind>
<opcode="alloca(26) " fcode="alloca"/>
<opset="stencilConfig_2_c9/1 "/>
</bind>
</comp>

<comp id="492" class="1004" name="stencilConfig_2_c8_fu_492">
<pin_list>
<pin id="493" dir="0" index="0" bw="1" slack="0"/>
<pin id="494" dir="1" index="1" bw="16" slack="3"/>
</pin_list>
<bind>
<opcode="alloca(26) " fcode="alloca"/>
<opset="stencilConfig_2_c8/1 "/>
</bind>
</comp>

<comp id="496" class="1004" name="stencilConfig_2_c7_fu_496">
<pin_list>
<pin id="497" dir="0" index="0" bw="1" slack="0"/>
<pin id="498" dir="1" index="1" bw="16" slack="3"/>
</pin_list>
<bind>
<opcode="alloca(26) " fcode="alloca"/>
<opset="stencilConfig_2_c7/1 "/>
</bind>
</comp>

<comp id="500" class="1004" name="stencilConfig_2_c_fu_500">
<pin_list>
<pin id="501" dir="0" index="0" bw="1" slack="0"/>
<pin id="502" dir="1" index="1" bw="16" slack="3"/>
</pin_list>
<bind>
<opcode="alloca(26) " fcode="alloca"/>
<opset="stencilConfig_2_c/1 "/>
</bind>
</comp>

<comp id="504" class="1004" name="stencilConfig_0_1_c6_fu_504">
<pin_list>
<pin id="505" dir="0" index="0" bw="1" slack="0"/>
<pin id="506" dir="1" index="1" bw="16" slack="3"/>
</pin_list>
<bind>
<opcode="alloca(26) " fcode="alloca"/>
<opset="stencilConfig_0_1_c6/1 "/>
</bind>
</comp>

<comp id="508" class="1004" name="stencilConfig_0_1_c5_fu_508">
<pin_list>
<pin id="509" dir="0" index="0" bw="1" slack="0"/>
<pin id="510" dir="1" index="1" bw="16" slack="3"/>
</pin_list>
<bind>
<opcode="alloca(26) " fcode="alloca"/>
<opset="stencilConfig_0_1_c5/1 "/>
</bind>
</comp>

<comp id="512" class="1004" name="stencilConfig_0_1_c4_fu_512">
<pin_list>
<pin id="513" dir="0" index="0" bw="1" slack="0"/>
<pin id="514" dir="1" index="1" bw="16" slack="3"/>
</pin_list>
<bind>
<opcode="alloca(26) " fcode="alloca"/>
<opset="stencilConfig_0_1_c4/1 "/>
</bind>
</comp>

<comp id="516" class="1004" name="stencilConfig_0_1_c_fu_516">
<pin_list>
<pin id="517" dir="0" index="0" bw="1" slack="0"/>
<pin id="518" dir="1" index="1" bw="16" slack="3"/>
</pin_list>
<bind>
<opcode="alloca(26) " fcode="alloca"/>
<opset="stencilConfig_0_1_c/1 "/>
</bind>
</comp>

<comp id="520" class="1004" name="stencilConfig_0_0_c3_fu_520">
<pin_list>
<pin id="521" dir="0" index="0" bw="1" slack="0"/>
<pin id="522" dir="1" index="1" bw="14" slack="3"/>
</pin_list>
<bind>
<opcode="alloca(26) " fcode="alloca"/>
<opset="stencilConfig_0_0_c3/1 "/>
</bind>
</comp>

<comp id="524" class="1004" name="stencilConfig_0_0_c2_fu_524">
<pin_list>
<pin id="525" dir="0" index="0" bw="1" slack="0"/>
<pin id="526" dir="1" index="1" bw="14" slack="3"/>
</pin_list>
<bind>
<opcode="alloca(26) " fcode="alloca"/>
<opset="stencilConfig_0_0_c2/1 "/>
</bind>
</comp>

<comp id="528" class="1004" name="stencilConfig_0_0_c1_fu_528">
<pin_list>
<pin id="529" dir="0" index="0" bw="1" slack="0"/>
<pin id="530" dir="1" index="1" bw="14" slack="3"/>
</pin_list>
<bind>
<opcode="alloca(26) " fcode="alloca"/>
<opset="stencilConfig_0_0_c1/1 "/>
</bind>
</comp>

<comp id="532" class="1004" name="stencilConfig_0_0_c_fu_532">
<pin_list>
<pin id="533" dir="0" index="0" bw="1" slack="0"/>
<pin id="534" dir="1" index="1" bw="14" slack="3"/>
</pin_list>
<bind>
<opcode="alloca(26) " fcode="alloca"/>
<opset="stencilConfig_0_0_c/1 "/>
</bind>
</comp>

<comp id="536" class="1004" name="arg0_arg1_streams_0_0_fu_536">
<pin_list>
<pin id="537" dir="0" index="0" bw="1" slack="0"/>
<pin id="538" dir="1" index="1" bw="256" slack="0"/>
</pin_list>
<bind>
<opcode="alloca(26) " fcode="alloca"/>
<opset="arg0_arg1_streams_0_0/1 "/>
</bind>
</comp>

<comp id="540" class="1004" name="arg0_arg1_streams_0_1_fu_540">
<pin_list>
<pin id="541" dir="0" index="0" bw="1" slack="0"/>
<pin id="542" dir="1" index="1" bw="256" slack="0"/>
</pin_list>
<bind>
<opcode="alloca(26) " fcode="alloca"/>
<opset="arg0_arg1_streams_0_1/1 "/>
</bind>
</comp>

<comp id="544" class="1004" name="arg0_arg1_streams_0_2_fu_544">
<pin_list>
<pin id="545" dir="0" index="0" bw="1" slack="0"/>
<pin id="546" dir="1" index="1" bw="256" slack="0"/>
</pin_list>
<bind>
<opcode="alloca(26) " fcode="alloca"/>
<opset="arg0_arg1_streams_0_2/1 "/>
</bind>
</comp>

<comp id="548" class="1004" name="arg0_arg1_streams_0_3_fu_548">
<pin_list>
<pin id="549" dir="0" index="0" bw="1" slack="0"/>
<pin id="550" dir="1" index="1" bw="256" slack="0"/>
</pin_list>
<bind>
<opcode="alloca(26) " fcode="alloca"/>
<opset="arg0_arg1_streams_0_3/1 "/>
</bind>
</comp>

<comp id="552" class="1004" name="arg0_arg1_streams_0_4_fu_552">
<pin_list>
<pin id="553" dir="0" index="0" bw="1" slack="0"/>
<pin id="554" dir="1" index="1" bw="256" slack="0"/>
</pin_list>
<bind>
<opcode="alloca(26) " fcode="alloca"/>
<opset="arg0_arg1_streams_0_4/1 "/>
</bind>
</comp>

<comp id="556" class="1004" name="arg0_arg1_streams_0_5_fu_556">
<pin_list>
<pin id="557" dir="0" index="0" bw="1" slack="0"/>
<pin id="558" dir="1" index="1" bw="256" slack="0"/>
</pin_list>
<bind>
<opcode="alloca(26) " fcode="alloca"/>
<opset="arg0_arg1_streams_0_5/1 "/>
</bind>
</comp>

<comp id="560" class="1004" name="arg0_arg1_streams_0_6_fu_560">
<pin_list>
<pin id="561" dir="0" index="0" bw="1" slack="0"/>
<pin id="562" dir="1" index="1" bw="256" slack="0"/>
</pin_list>
<bind>
<opcode="alloca(26) " fcode="alloca"/>
<opset="arg0_arg1_streams_0_6/1 "/>
</bind>
</comp>

<comp id="564" class="1004" name="arg0_arg1_streams_0_7_fu_564">
<pin_list>
<pin id="565" dir="0" index="0" bw="1" slack="0"/>
<pin id="566" dir="1" index="1" bw="256" slack="0"/>
</pin_list>
<bind>
<opcode="alloca(26) " fcode="alloca"/>
<opset="arg0_arg1_streams_0_7/1 "/>
</bind>
</comp>

<comp id="568" class="1004" name="arg0_arg1_streams_1_0_fu_568">
<pin_list>
<pin id="569" dir="0" index="0" bw="1" slack="0"/>
<pin id="570" dir="1" index="1" bw="256" slack="6"/>
</pin_list>
<bind>
<opcode="alloca(26) " fcode="alloca"/>
<opset="arg0_arg1_streams_1_0/1 "/>
</bind>
</comp>

<comp id="572" class="1004" name="arg0_arg1_streams_1_1_fu_572">
<pin_list>
<pin id="573" dir="0" index="0" bw="1" slack="0"/>
<pin id="574" dir="1" index="1" bw="256" slack="6"/>
</pin_list>
<bind>
<opcode="alloca(26) " fcode="alloca"/>
<opset="arg0_arg1_streams_1_1/1 "/>
</bind>
</comp>

<comp id="576" class="1004" name="arg0_arg1_streams_1_2_fu_576">
<pin_list>
<pin id="577" dir="0" index="0" bw="1" slack="0"/>
<pin id="578" dir="1" index="1" bw="256" slack="6"/>
</pin_list>
<bind>
<opcode="alloca(26) " fcode="alloca"/>
<opset="arg0_arg1_streams_1_2/1 "/>
</bind>
</comp>

<comp id="580" class="1004" name="arg0_arg1_streams_1_3_fu_580">
<pin_list>
<pin id="581" dir="0" index="0" bw="1" slack="0"/>
<pin id="582" dir="1" index="1" bw="256" slack="6"/>
</pin_list>
<bind>
<opcode="alloca(26) " fcode="alloca"/>
<opset="arg0_arg1_streams_1_3/1 "/>
</bind>
</comp>

<comp id="584" class="1004" name="arg0_arg1_streams_1_4_fu_584">
<pin_list>
<pin id="585" dir="0" index="0" bw="1" slack="0"/>
<pin id="586" dir="1" index="1" bw="256" slack="6"/>
</pin_list>
<bind>
<opcode="alloca(26) " fcode="alloca"/>
<opset="arg0_arg1_streams_1_4/1 "/>
</bind>
</comp>

<comp id="588" class="1004" name="arg0_arg1_streams_1_5_fu_588">
<pin_list>
<pin id="589" dir="0" index="0" bw="1" slack="0"/>
<pin id="590" dir="1" index="1" bw="256" slack="6"/>
</pin_list>
<bind>
<opcode="alloca(26) " fcode="alloca"/>
<opset="arg0_arg1_streams_1_5/1 "/>
</bind>
</comp>

<comp id="592" class="1004" name="arg0_arg1_streams_1_6_fu_592">
<pin_list>
<pin id="593" dir="0" index="0" bw="1" slack="0"/>
<pin id="594" dir="1" index="1" bw="256" slack="6"/>
</pin_list>
<bind>
<opcode="alloca(26) " fcode="alloca"/>
<opset="arg0_arg1_streams_1_6/1 "/>
</bind>
</comp>

<comp id="596" class="1004" name="arg0_arg1_streams_1_7_fu_596">
<pin_list>
<pin id="597" dir="0" index="0" bw="1" slack="0"/>
<pin id="598" dir="1" index="1" bw="256" slack="6"/>
</pin_list>
<bind>
<opcode="alloca(26) " fcode="alloca"/>
<opset="arg0_arg1_streams_1_7/1 "/>
</bind>
</comp>

<comp id="600" class="1004" name="arg0_poisson_kernel_stencil_in_subtile_stream_0_fu_600">
<pin_list>
<pin id="601" dir="0" index="0" bw="1" slack="0"/>
<pin id="602" dir="1" index="1" bw="288" slack="2"/>
</pin_list>
<bind>
<opcode="alloca(26) " fcode="alloca"/>
<opset="arg0_poisson_kernel_stencil_in_subtile_stream_0/1 "/>
</bind>
</comp>

<comp id="604" class="1004" name="arg0_poisson_kernel_stencil_in_subtile_stream_1_fu_604">
<pin_list>
<pin id="605" dir="0" index="0" bw="1" slack="0"/>
<pin id="606" dir="1" index="1" bw="288" slack="2"/>
</pin_list>
<bind>
<opcode="alloca(26) " fcode="alloca"/>
<opset="arg0_poisson_kernel_stencil_in_subtile_stream_1/1 "/>
</bind>
</comp>

<comp id="608" class="1004" name="arg0_poisson_kernel_stencil_in_subtile_stream_2_fu_608">
<pin_list>
<pin id="609" dir="0" index="0" bw="1" slack="0"/>
<pin id="610" dir="1" index="1" bw="288" slack="2"/>
</pin_list>
<bind>
<opcode="alloca(26) " fcode="alloca"/>
<opset="arg0_poisson_kernel_stencil_in_subtile_stream_2/1 "/>
</bind>
</comp>

<comp id="612" class="1004" name="arg0_poisson_kernel_stencil_in_subtile_stream_3_fu_612">
<pin_list>
<pin id="613" dir="0" index="0" bw="1" slack="0"/>
<pin id="614" dir="1" index="1" bw="288" slack="2"/>
</pin_list>
<bind>
<opcode="alloca(26) " fcode="alloca"/>
<opset="arg0_poisson_kernel_stencil_in_subtile_stream_3/1 "/>
</bind>
</comp>

<comp id="616" class="1004" name="arg0_poisson_kernel_stencil_in_subtile_stream_4_fu_616">
<pin_list>
<pin id="617" dir="0" index="0" bw="1" slack="0"/>
<pin id="618" dir="1" index="1" bw="288" slack="2"/>
</pin_list>
<bind>
<opcode="alloca(26) " fcode="alloca"/>
<opset="arg0_poisson_kernel_stencil_in_subtile_stream_4/1 "/>
</bind>
</comp>

<comp id="620" class="1004" name="arg0_poisson_kernel_stencil_in_subtile_stream_5_fu_620">
<pin_list>
<pin id="621" dir="0" index="0" bw="1" slack="0"/>
<pin id="622" dir="1" index="1" bw="288" slack="2"/>
</pin_list>
<bind>
<opcode="alloca(26) " fcode="alloca"/>
<opset="arg0_poisson_kernel_stencil_in_subtile_stream_5/1 "/>
</bind>
</comp>

<comp id="624" class="1004" name="arg0_poisson_kernel_stencil_in_subtile_stream_6_fu_624">
<pin_list>
<pin id="625" dir="0" index="0" bw="1" slack="0"/>
<pin id="626" dir="1" index="1" bw="288" slack="2"/>
</pin_list>
<bind>
<opcode="alloca(26) " fcode="alloca"/>
<opset="arg0_poisson_kernel_stencil_in_subtile_stream_6/1 "/>
</bind>
</comp>

<comp id="628" class="1004" name="arg0_poisson_kernel_stencil_in_subtile_stream_7_fu_628">
<pin_list>
<pin id="629" dir="0" index="0" bw="1" slack="0"/>
<pin id="630" dir="1" index="1" bw="288" slack="2"/>
</pin_list>
<bind>
<opcode="alloca(26) " fcode="alloca"/>
<opset="arg0_poisson_kernel_stencil_in_subtile_stream_7/1 "/>
</bind>
</comp>

<comp id="632" class="1004" name="arg1_poisson_kernel_stencil_out_subtile_stream_0_fu_632">
<pin_list>
<pin id="633" dir="0" index="0" bw="1" slack="0"/>
<pin id="634" dir="1" index="1" bw="288" slack="4"/>
</pin_list>
<bind>
<opcode="alloca(26) " fcode="alloca"/>
<opset="arg1_poisson_kernel_stencil_out_subtile_stream_0/1 "/>
</bind>
</comp>

<comp id="636" class="1004" name="arg1_poisson_kernel_stencil_out_subtile_stream_1_fu_636">
<pin_list>
<pin id="637" dir="0" index="0" bw="1" slack="0"/>
<pin id="638" dir="1" index="1" bw="288" slack="4"/>
</pin_list>
<bind>
<opcode="alloca(26) " fcode="alloca"/>
<opset="arg1_poisson_kernel_stencil_out_subtile_stream_1/1 "/>
</bind>
</comp>

<comp id="640" class="1004" name="arg1_poisson_kernel_stencil_out_subtile_stream_2_fu_640">
<pin_list>
<pin id="641" dir="0" index="0" bw="1" slack="0"/>
<pin id="642" dir="1" index="1" bw="288" slack="4"/>
</pin_list>
<bind>
<opcode="alloca(26) " fcode="alloca"/>
<opset="arg1_poisson_kernel_stencil_out_subtile_stream_2/1 "/>
</bind>
</comp>

<comp id="644" class="1004" name="arg1_poisson_kernel_stencil_out_subtile_stream_3_fu_644">
<pin_list>
<pin id="645" dir="0" index="0" bw="1" slack="0"/>
<pin id="646" dir="1" index="1" bw="288" slack="4"/>
</pin_list>
<bind>
<opcode="alloca(26) " fcode="alloca"/>
<opset="arg1_poisson_kernel_stencil_out_subtile_stream_3/1 "/>
</bind>
</comp>

<comp id="648" class="1004" name="arg1_poisson_kernel_stencil_out_subtile_stream_4_fu_648">
<pin_list>
<pin id="649" dir="0" index="0" bw="1" slack="0"/>
<pin id="650" dir="1" index="1" bw="288" slack="4"/>
</pin_list>
<bind>
<opcode="alloca(26) " fcode="alloca"/>
<opset="arg1_poisson_kernel_stencil_out_subtile_stream_4/1 "/>
</bind>
</comp>

<comp id="652" class="1004" name="arg1_poisson_kernel_stencil_out_subtile_stream_5_fu_652">
<pin_list>
<pin id="653" dir="0" index="0" bw="1" slack="0"/>
<pin id="654" dir="1" index="1" bw="288" slack="4"/>
</pin_list>
<bind>
<opcode="alloca(26) " fcode="alloca"/>
<opset="arg1_poisson_kernel_stencil_out_subtile_stream_5/1 "/>
</bind>
</comp>

<comp id="656" class="1004" name="arg1_poisson_kernel_stencil_out_subtile_stream_6_fu_656">
<pin_list>
<pin id="657" dir="0" index="0" bw="1" slack="0"/>
<pin id="658" dir="1" index="1" bw="288" slack="4"/>
</pin_list>
<bind>
<opcode="alloca(26) " fcode="alloca"/>
<opset="arg1_poisson_kernel_stencil_out_subtile_stream_6/1 "/>
</bind>
</comp>

<comp id="660" class="1004" name="arg1_poisson_kernel_stencil_out_subtile_stream_7_fu_660">
<pin_list>
<pin id="661" dir="0" index="0" bw="1" slack="0"/>
<pin id="662" dir="1" index="1" bw="288" slack="4"/>
</pin_list>
<bind>
<opcode="alloca(26) " fcode="alloca"/>
<opset="arg1_poisson_kernel_stencil_out_subtile_stream_7/1 "/>
</bind>
</comp>

<comp id="664" class="1004" name="num_pkts_read_read_fu_664">
<pin_list>
<pin id="665" dir="0" index="0" bw="29" slack="0"/>
<pin id="666" dir="0" index="1" bw="29" slack="0"/>
<pin id="667" dir="1" index="2" bw="29" slack="0"/>
</pin_list>
<bind>
<opcode="read(1150) " fcode="read"/>
<opset="num_pkts_read/1 "/>
</bind>
</comp>

<comp id="670" class="1004" name="p_read511_read_fu_670">
<pin_list>
<pin id="671" dir="0" index="0" bw="14" slack="0"/>
<pin id="672" dir="0" index="1" bw="14" slack="0"/>
<pin id="673" dir="1" index="2" bw="14" slack="0"/>
</pin_list>
<bind>
<opcode="read(1150) " fcode="read"/>
<opset="p_read511/4 "/>
</bind>
</comp>

<comp id="676" class="1004" name="p_read410_read_fu_676">
<pin_list>
<pin id="677" dir="0" index="0" bw="1" slack="0"/>
<pin id="678" dir="0" index="1" bw="1" slack="0"/>
<pin id="679" dir="1" index="2" bw="1" slack="0"/>
</pin_list>
<bind>
<opcode="read(1150) " fcode="read"/>
<opset="p_read410/4 "/>
</bind>
</comp>

<comp id="682" class="1004" name="p_read39_read_fu_682">
<pin_list>
<pin id="683" dir="0" index="0" bw="16" slack="0"/>
<pin id="684" dir="0" index="1" bw="16" slack="0"/>
<pin id="685" dir="1" index="2" bw="16" slack="0"/>
</pin_list>
<bind>
<opcode="read(1150) " fcode="read"/>
<opset="p_read39/4 "/>
</bind>
</comp>

<comp id="688" class="1004" name="p_read28_read_fu_688">
<pin_list>
<pin id="689" dir="0" index="0" bw="16" slack="0"/>
<pin id="690" dir="0" index="1" bw="16" slack="0"/>
<pin id="691" dir="1" index="2" bw="16" slack="0"/>
</pin_list>
<bind>
<opcode="read(1150) " fcode="read"/>
<opset="p_read28/4 "/>
</bind>
</comp>

<comp id="694" class="1004" name="p_read17_read_fu_694">
<pin_list>
<pin id="695" dir="0" index="0" bw="16" slack="0"/>
<pin id="696" dir="0" index="1" bw="16" slack="0"/>
<pin id="697" dir="1" index="2" bw="16" slack="0"/>
</pin_list>
<bind>
<opcode="read(1150) " fcode="read"/>
<opset="p_read17/4 "/>
</bind>
</comp>

<comp id="700" class="1004" name="p_read_21_read_fu_700">
<pin_list>
<pin id="701" dir="0" index="0" bw="14" slack="0"/>
<pin id="702" dir="0" index="1" bw="14" slack="0"/>
<pin id="703" dir="1" index="2" bw="14" slack="0"/>
</pin_list>
<bind>
<opcode="read(1150) " fcode="read"/>
<opset="p_read_21/4 "/>
</bind>
</comp>

<comp id="706" class="1004" name="grp_axis2stream_256u_s_fu_706">
<pin_list>
<pin id="707" dir="0" index="0" bw="0" slack="0"/>
<pin id="708" dir="0" index="1" bw="256" slack="0"/>
<pin id="709" dir="0" index="2" bw="32" slack="0"/>
<pin id="710" dir="0" index="3" bw="32" slack="0"/>
<pin id="711" dir="0" index="4" bw="1" slack="0"/>
<pin id="712" dir="0" index="5" bw="256" slack="0"/>
<pin id="713" dir="0" index="6" bw="29" slack="0"/>
<pin id="714" dir="0" index="7" bw="29" slack="0"/>
<pin id="715" dir="1" index="8" bw="0" slack="2147483647"/>
</pin_list>
<bind>
<opcode="call(48) " fcode="call"/>
<opset="call_ln111/1 "/>
</bind>
</comp>

<comp id="722" class="1004" name="grp_axis2stream_256u_1_fu_722">
<pin_list>
<pin id="723" dir="0" index="0" bw="0" slack="0"/>
<pin id="724" dir="0" index="1" bw="256" slack="0"/>
<pin id="725" dir="0" index="2" bw="32" slack="0"/>
<pin id="726" dir="0" index="3" bw="32" slack="0"/>
<pin id="727" dir="0" index="4" bw="1" slack="0"/>
<pin id="728" dir="0" index="5" bw="256" slack="0"/>
<pin id="729" dir="0" index="6" bw="29" slack="0"/>
<pin id="730" dir="1" index="7" bw="0" slack="2147483647"/>
</pin_list>
<bind>
<opcode="call(48) " fcode="call"/>
<opset="call_ln112/1 "/>
</bind>
</comp>

<comp id="737" class="1004" name="grp_axis2stream_256u_2_fu_737">
<pin_list>
<pin id="738" dir="0" index="0" bw="0" slack="0"/>
<pin id="739" dir="0" index="1" bw="256" slack="0"/>
<pin id="740" dir="0" index="2" bw="32" slack="0"/>
<pin id="741" dir="0" index="3" bw="32" slack="0"/>
<pin id="742" dir="0" index="4" bw="1" slack="0"/>
<pin id="743" dir="0" index="5" bw="256" slack="0"/>
<pin id="744" dir="0" index="6" bw="29" slack="0"/>
<pin id="745" dir="1" index="7" bw="0" slack="2147483647"/>
</pin_list>
<bind>
<opcode="call(48) " fcode="call"/>
<opset="call_ln113/1 "/>
</bind>
</comp>

<comp id="752" class="1004" name="grp_axis2stream_256u_3_fu_752">
<pin_list>
<pin id="753" dir="0" index="0" bw="0" slack="0"/>
<pin id="754" dir="0" index="1" bw="256" slack="0"/>
<pin id="755" dir="0" index="2" bw="32" slack="0"/>
<pin id="756" dir="0" index="3" bw="32" slack="0"/>
<pin id="757" dir="0" index="4" bw="1" slack="0"/>
<pin id="758" dir="0" index="5" bw="256" slack="0"/>
<pin id="759" dir="0" index="6" bw="29" slack="0"/>
<pin id="760" dir="1" index="7" bw="0" slack="2147483647"/>
</pin_list>
<bind>
<opcode="call(48) " fcode="call"/>
<opset="call_ln114/1 "/>
</bind>
</comp>

<comp id="767" class="1004" name="grp_axis2stream_256u_4_fu_767">
<pin_list>
<pin id="768" dir="0" index="0" bw="0" slack="0"/>
<pin id="769" dir="0" index="1" bw="256" slack="0"/>
<pin id="770" dir="0" index="2" bw="32" slack="0"/>
<pin id="771" dir="0" index="3" bw="32" slack="0"/>
<pin id="772" dir="0" index="4" bw="1" slack="0"/>
<pin id="773" dir="0" index="5" bw="256" slack="0"/>
<pin id="774" dir="0" index="6" bw="29" slack="0"/>
<pin id="775" dir="1" index="7" bw="0" slack="2147483647"/>
</pin_list>
<bind>
<opcode="call(48) " fcode="call"/>
<opset="call_ln115/1 "/>
</bind>
</comp>

<comp id="782" class="1004" name="grp_axis2stream_256u_5_fu_782">
<pin_list>
<pin id="783" dir="0" index="0" bw="0" slack="0"/>
<pin id="784" dir="0" index="1" bw="256" slack="0"/>
<pin id="785" dir="0" index="2" bw="32" slack="0"/>
<pin id="786" dir="0" index="3" bw="32" slack="0"/>
<pin id="787" dir="0" index="4" bw="1" slack="0"/>
<pin id="788" dir="0" index="5" bw="256" slack="0"/>
<pin id="789" dir="0" index="6" bw="29" slack="0"/>
<pin id="790" dir="1" index="7" bw="0" slack="2147483647"/>
</pin_list>
<bind>
<opcode="call(48) " fcode="call"/>
<opset="call_ln116/1 "/>
</bind>
</comp>

<comp id="797" class="1004" name="grp_axis2stream_256u_6_fu_797">
<pin_list>
<pin id="798" dir="0" index="0" bw="0" slack="0"/>
<pin id="799" dir="0" index="1" bw="256" slack="0"/>
<pin id="800" dir="0" index="2" bw="32" slack="0"/>
<pin id="801" dir="0" index="3" bw="32" slack="0"/>
<pin id="802" dir="0" index="4" bw="1" slack="0"/>
<pin id="803" dir="0" index="5" bw="256" slack="0"/>
<pin id="804" dir="0" index="6" bw="29" slack="0"/>
<pin id="805" dir="1" index="7" bw="0" slack="2147483647"/>
</pin_list>
<bind>
<opcode="call(48) " fcode="call"/>
<opset="call_ln117/1 "/>
</bind>
</comp>

<comp id="812" class="1004" name="grp_axis2stream_256u_7_fu_812">
<pin_list>
<pin id="813" dir="0" index="0" bw="0" slack="0"/>
<pin id="814" dir="0" index="1" bw="256" slack="0"/>
<pin id="815" dir="0" index="2" bw="32" slack="0"/>
<pin id="816" dir="0" index="3" bw="32" slack="0"/>
<pin id="817" dir="0" index="4" bw="1" slack="0"/>
<pin id="818" dir="0" index="5" bw="256" slack="0"/>
<pin id="819" dir="0" index="6" bw="29" slack="0"/>
<pin id="820" dir="1" index="7" bw="0" slack="2147483647"/>
</pin_list>
<bind>
<opcode="call(48) " fcode="call"/>
<opset="call_ln118/1 "/>
</bind>
</comp>

<comp id="827" class="1004" name="grp_stream2interleave_fu_827">
<pin_list>
<pin id="828" dir="0" index="0" bw="0" slack="0"/>
<pin id="829" dir="0" index="1" bw="256" slack="2"/>
<pin id="830" dir="0" index="2" bw="256" slack="2"/>
<pin id="831" dir="0" index="3" bw="256" slack="2"/>
<pin id="832" dir="0" index="4" bw="256" slack="2"/>
<pin id="833" dir="0" index="5" bw="256" slack="2"/>
<pin id="834" dir="0" index="6" bw="256" slack="2"/>
<pin id="835" dir="0" index="7" bw="256" slack="2"/>
<pin id="836" dir="0" index="8" bw="256" slack="2"/>
<pin id="837" dir="0" index="9" bw="288" slack="2"/>
<pin id="838" dir="0" index="10" bw="288" slack="2"/>
<pin id="839" dir="0" index="11" bw="288" slack="2"/>
<pin id="840" dir="0" index="12" bw="288" slack="2"/>
<pin id="841" dir="0" index="13" bw="288" slack="2"/>
<pin id="842" dir="0" index="14" bw="288" slack="2"/>
<pin id="843" dir="0" index="15" bw="288" slack="2"/>
<pin id="844" dir="0" index="16" bw="288" slack="2"/>
<pin id="845" dir="0" index="17" bw="29" slack="2"/>
<pin id="846" dir="0" index="18" bw="29" slack="2"/>
<pin id="847" dir="1" index="19" bw="0" slack="2147483647"/>
</pin_list>
<bind>
<opcode="call(48) " fcode="call"/>
<opset="call_ln124/3 "/>
</bind>
</comp>

<comp id="849" class="1004" name="call_ln0_entry_proc_fu_849">
<pin_list>
<pin id="850" dir="0" index="0" bw="0" slack="0"/>
<pin id="851" dir="0" index="1" bw="14" slack="0"/>
<pin id="852" dir="0" index="2" bw="14" slack="3"/>
<pin id="853" dir="0" index="3" bw="14" slack="3"/>
<pin id="854" dir="0" index="4" bw="14" slack="3"/>
<pin id="855" dir="0" index="5" bw="14" slack="3"/>
<pin id="856" dir="0" index="6" bw="16" slack="0"/>
<pin id="857" dir="0" index="7" bw="16" slack="3"/>
<pin id="858" dir="0" index="8" bw="16" slack="3"/>
<pin id="859" dir="0" index="9" bw="16" slack="3"/>
<pin id="860" dir="0" index="10" bw="16" slack="3"/>
<pin id="861" dir="0" index="11" bw="16" slack="0"/>
<pin id="862" dir="0" index="12" bw="16" slack="3"/>
<pin id="863" dir="0" index="13" bw="16" slack="3"/>
<pin id="864" dir="0" index="14" bw="16" slack="3"/>
<pin id="865" dir="0" index="15" bw="16" slack="3"/>
<pin id="866" dir="0" index="16" bw="16" slack="0"/>
<pin id="867" dir="0" index="17" bw="16" slack="3"/>
<pin id="868" dir="0" index="18" bw="16" slack="3"/>
<pin id="869" dir="0" index="19" bw="16" slack="3"/>
<pin id="870" dir="0" index="20" bw="16" slack="3"/>
<pin id="871" dir="0" index="21" bw="1" slack="0"/>
<pin id="872" dir="0" index="22" bw="1" slack="3"/>
<pin id="873" dir="0" index="23" bw="1" slack="3"/>
<pin id="874" dir="0" index="24" bw="1" slack="3"/>
<pin id="875" dir="0" index="25" bw="1" slack="3"/>
<pin id="876" dir="0" index="26" bw="14" slack="0"/>
<pin id="877" dir="0" index="27" bw="14" slack="3"/>
<pin id="878" dir="0" index="28" bw="14" slack="3"/>
<pin id="879" dir="0" index="29" bw="14" slack="3"/>
<pin id="880" dir="0" index="30" bw="14" slack="3"/>
<pin id="881" dir="1" index="31" bw="0" slack="2147483647"/>
</pin_list>
<bind>
<opcode="call(48) " fcode="call"/>
<opset="call_ln0/4 "/>
</bind>
</comp>

<comp id="889" class="1004" name="grp_kernel_poisson_kernel_stencil_PE_unsigned_short_4_unsigned_short_0_s_fu_889">
<pin_list>
<pin id="890" dir="0" index="0" bw="0" slack="0"/>
<pin id="891" dir="0" index="1" bw="14" slack="4"/>
<pin id="892" dir="0" index="2" bw="16" slack="4"/>
<pin id="893" dir="0" index="3" bw="16" slack="4"/>
<pin id="894" dir="0" index="4" bw="16" slack="4"/>
<pin id="895" dir="0" index="5" bw="1" slack="4"/>
<pin id="896" dir="0" index="6" bw="14" slack="4"/>
<pin id="897" dir="0" index="7" bw="288" slack="4"/>
<pin id="898" dir="0" index="8" bw="288" slack="4"/>
<pin id="899" dir="0" index="9" bw="288" slack="4"/>
<pin id="900" dir="0" index="10" bw="288" slack="4"/>
<pin id="901" dir="1" index="11" bw="0" slack="2147483647"/>
</pin_list>
<bind>
<opcode="call(48) " fcode="call"/>
<opset="call_ln125/5 "/>
</bind>
</comp>

<comp id="903" class="1004" name="grp_kernel_poisson_kernel_stencil_PE_unsigned_short_4_unsigned_short_1_s_fu_903">
<pin_list>
<pin id="904" dir="0" index="0" bw="0" slack="0"/>
<pin id="905" dir="0" index="1" bw="14" slack="4"/>
<pin id="906" dir="0" index="2" bw="16" slack="4"/>
<pin id="907" dir="0" index="3" bw="16" slack="4"/>
<pin id="908" dir="0" index="4" bw="16" slack="4"/>
<pin id="909" dir="0" index="5" bw="1" slack="4"/>
<pin id="910" dir="0" index="6" bw="14" slack="4"/>
<pin id="911" dir="0" index="7" bw="288" slack="4"/>
<pin id="912" dir="0" index="8" bw="288" slack="4"/>
<pin id="913" dir="0" index="9" bw="288" slack="4"/>
<pin id="914" dir="0" index="10" bw="288" slack="4"/>
<pin id="915" dir="1" index="11" bw="0" slack="2147483647"/>
</pin_list>
<bind>
<opcode="call(48) " fcode="call"/>
<opset="call_ln134/5 "/>
</bind>
</comp>

<comp id="917" class="1004" name="grp_kernel_poisson_kernel_stencil_PE_unsigned_short_4_unsigned_short_2_s_fu_917">
<pin_list>
<pin id="918" dir="0" index="0" bw="0" slack="0"/>
<pin id="919" dir="0" index="1" bw="14" slack="4"/>
<pin id="920" dir="0" index="2" bw="16" slack="4"/>
<pin id="921" dir="0" index="3" bw="16" slack="4"/>
<pin id="922" dir="0" index="4" bw="16" slack="4"/>
<pin id="923" dir="0" index="5" bw="1" slack="4"/>
<pin id="924" dir="0" index="6" bw="14" slack="4"/>
<pin id="925" dir="0" index="7" bw="288" slack="4"/>
<pin id="926" dir="0" index="8" bw="288" slack="4"/>
<pin id="927" dir="0" index="9" bw="288" slack="4"/>
<pin id="928" dir="0" index="10" bw="288" slack="4"/>
<pin id="929" dir="1" index="11" bw="0" slack="2147483647"/>
</pin_list>
<bind>
<opcode="call(48) " fcode="call"/>
<opset="call_ln143/5 "/>
</bind>
</comp>

<comp id="931" class="1004" name="grp_kernel_poisson_kernel_stencil_PE_unsigned_short_4_unsigned_short_3_s_fu_931">
<pin_list>
<pin id="932" dir="0" index="0" bw="0" slack="0"/>
<pin id="933" dir="0" index="1" bw="14" slack="4"/>
<pin id="934" dir="0" index="2" bw="16" slack="4"/>
<pin id="935" dir="0" index="3" bw="16" slack="4"/>
<pin id="936" dir="0" index="4" bw="16" slack="4"/>
<pin id="937" dir="0" index="5" bw="1" slack="4"/>
<pin id="938" dir="0" index="6" bw="14" slack="4"/>
<pin id="939" dir="0" index="7" bw="288" slack="4"/>
<pin id="940" dir="0" index="8" bw="288" slack="4"/>
<pin id="941" dir="0" index="9" bw="288" slack="4"/>
<pin id="942" dir="0" index="10" bw="288" slack="4"/>
<pin id="943" dir="1" index="11" bw="0" slack="2147483647"/>
</pin_list>
<bind>
<opcode="call(48) " fcode="call"/>
<opset="call_ln152/5 "/>
</bind>
</comp>

<comp id="945" class="1004" name="grp_interleave2stream_fu_945">
<pin_list>
<pin id="946" dir="0" index="0" bw="0" slack="0"/>
<pin id="947" dir="0" index="1" bw="288" slack="6"/>
<pin id="948" dir="0" index="2" bw="288" slack="6"/>
<pin id="949" dir="0" index="3" bw="288" slack="6"/>
<pin id="950" dir="0" index="4" bw="288" slack="6"/>
<pin id="951" dir="0" index="5" bw="288" slack="6"/>
<pin id="952" dir="0" index="6" bw="288" slack="6"/>
<pin id="953" dir="0" index="7" bw="288" slack="6"/>
<pin id="954" dir="0" index="8" bw="288" slack="6"/>
<pin id="955" dir="0" index="9" bw="256" slack="6"/>
<pin id="956" dir="0" index="10" bw="256" slack="6"/>
<pin id="957" dir="0" index="11" bw="256" slack="6"/>
<pin id="958" dir="0" index="12" bw="256" slack="6"/>
<pin id="959" dir="0" index="13" bw="256" slack="6"/>
<pin id="960" dir="0" index="14" bw="256" slack="6"/>
<pin id="961" dir="0" index="15" bw="256" slack="6"/>
<pin id="962" dir="0" index="16" bw="256" slack="6"/>
<pin id="963" dir="0" index="17" bw="29" slack="6"/>
<pin id="964" dir="0" index="18" bw="29" slack="6"/>
<pin id="965" dir="0" index="19" bw="29" slack="6"/>
<pin id="966" dir="0" index="20" bw="29" slack="6"/>
<pin id="967" dir="0" index="21" bw="29" slack="6"/>
<pin id="968" dir="0" index="22" bw="29" slack="6"/>
<pin id="969" dir="0" index="23" bw="29" slack="6"/>
<pin id="970" dir="0" index="24" bw="29" slack="6"/>
<pin id="971" dir="0" index="25" bw="29" slack="6"/>
<pin id="972" dir="1" index="26" bw="0" slack="2147483647"/>
</pin_list>
<bind>
<opcode="call(48) " fcode="call"/>
<opset="call_ln161/7 "/>
</bind>
</comp>

<comp id="974" class="1004" name="grp_stream2axis_256u_s_fu_974">
<pin_list>
<pin id="975" dir="0" index="0" bw="0" slack="0"/>
<pin id="976" dir="0" index="1" bw="256" slack="8"/>
<pin id="977" dir="0" index="2" bw="256" slack="0"/>
<pin id="978" dir="0" index="3" bw="32" slack="0"/>
<pin id="979" dir="0" index="4" bw="32" slack="0"/>
<pin id="980" dir="0" index="5" bw="1" slack="0"/>
<pin id="981" dir="0" index="6" bw="29" slack="8"/>
<pin id="982" dir="1" index="7" bw="0" slack="2147483647"/>
</pin_list>
<bind>
<opcode="call(48) " fcode="call"/>
<opset="call_ln164/9 "/>
</bind>
</comp>

<comp id="988" class="1004" name="grp_stream2axis_256u_8_fu_988">
<pin_list>
<pin id="989" dir="0" index="0" bw="0" slack="0"/>
<pin id="990" dir="0" index="1" bw="256" slack="8"/>
<pin id="991" dir="0" index="2" bw="256" slack="0"/>
<pin id="992" dir="0" index="3" bw="32" slack="0"/>
<pin id="993" dir="0" index="4" bw="32" slack="0"/>
<pin id="994" dir="0" index="5" bw="1" slack="0"/>
<pin id="995" dir="0" index="6" bw="29" slack="8"/>
<pin id="996" dir="1" index="7" bw="0" slack="2147483647"/>
</pin_list>
<bind>
<opcode="call(48) " fcode="call"/>
<opset="call_ln165/9 "/>
</bind>
</comp>

<comp id="1002" class="1004" name="grp_stream2axis_256u_9_fu_1002">
<pin_list>
<pin id="1003" dir="0" index="0" bw="0" slack="0"/>
<pin id="1004" dir="0" index="1" bw="256" slack="8"/>
<pin id="1005" dir="0" index="2" bw="256" slack="0"/>
<pin id="1006" dir="0" index="3" bw="32" slack="0"/>
<pin id="1007" dir="0" index="4" bw="32" slack="0"/>
<pin id="1008" dir="0" index="5" bw="1" slack="0"/>
<pin id="1009" dir="0" index="6" bw="29" slack="8"/>
<pin id="1010" dir="1" index="7" bw="0" slack="2147483647"/>
</pin_list>
<bind>
<opcode="call(48) " fcode="call"/>
<opset="call_ln166/9 "/>
</bind>
</comp>

<comp id="1016" class="1004" name="grp_stream2axis_256u_10_fu_1016">
<pin_list>
<pin id="1017" dir="0" index="0" bw="0" slack="0"/>
<pin id="1018" dir="0" index="1" bw="256" slack="8"/>
<pin id="1019" dir="0" index="2" bw="256" slack="0"/>
<pin id="1020" dir="0" index="3" bw="32" slack="0"/>
<pin id="1021" dir="0" index="4" bw="32" slack="0"/>
<pin id="1022" dir="0" index="5" bw="1" slack="0"/>
<pin id="1023" dir="0" index="6" bw="29" slack="8"/>
<pin id="1024" dir="1" index="7" bw="0" slack="2147483647"/>
</pin_list>
<bind>
<opcode="call(48) " fcode="call"/>
<opset="call_ln167/9 "/>
</bind>
</comp>

<comp id="1030" class="1004" name="grp_stream2axis_256u_11_fu_1030">
<pin_list>
<pin id="1031" dir="0" index="0" bw="0" slack="0"/>
<pin id="1032" dir="0" index="1" bw="256" slack="8"/>
<pin id="1033" dir="0" index="2" bw="256" slack="0"/>
<pin id="1034" dir="0" index="3" bw="32" slack="0"/>
<pin id="1035" dir="0" index="4" bw="32" slack="0"/>
<pin id="1036" dir="0" index="5" bw="1" slack="0"/>
<pin id="1037" dir="0" index="6" bw="29" slack="8"/>
<pin id="1038" dir="1" index="7" bw="0" slack="2147483647"/>
</pin_list>
<bind>
<opcode="call(48) " fcode="call"/>
<opset="call_ln168/9 "/>
</bind>
</comp>

<comp id="1044" class="1004" name="grp_stream2axis_256u_12_fu_1044">
<pin_list>
<pin id="1045" dir="0" index="0" bw="0" slack="0"/>
<pin id="1046" dir="0" index="1" bw="256" slack="8"/>
<pin id="1047" dir="0" index="2" bw="256" slack="0"/>
<pin id="1048" dir="0" index="3" bw="32" slack="0"/>
<pin id="1049" dir="0" index="4" bw="32" slack="0"/>
<pin id="1050" dir="0" index="5" bw="1" slack="0"/>
<pin id="1051" dir="0" index="6" bw="29" slack="8"/>
<pin id="1052" dir="1" index="7" bw="0" slack="2147483647"/>
</pin_list>
<bind>
<opcode="call(48) " fcode="call"/>
<opset="call_ln169/9 "/>
</bind>
</comp>

<comp id="1058" class="1004" name="grp_stream2axis_256u_13_fu_1058">
<pin_list>
<pin id="1059" dir="0" index="0" bw="0" slack="0"/>
<pin id="1060" dir="0" index="1" bw="256" slack="8"/>
<pin id="1061" dir="0" index="2" bw="256" slack="0"/>
<pin id="1062" dir="0" index="3" bw="32" slack="0"/>
<pin id="1063" dir="0" index="4" bw="32" slack="0"/>
<pin id="1064" dir="0" index="5" bw="1" slack="0"/>
<pin id="1065" dir="0" index="6" bw="29" slack="8"/>
<pin id="1066" dir="1" index="7" bw="0" slack="2147483647"/>
</pin_list>
<bind>
<opcode="call(48) " fcode="call"/>
<opset="call_ln170/9 "/>
</bind>
</comp>

<comp id="1072" class="1004" name="grp_stream2axis_256u_14_fu_1072">
<pin_list>
<pin id="1073" dir="0" index="0" bw="0" slack="0"/>
<pin id="1074" dir="0" index="1" bw="256" slack="8"/>
<pin id="1075" dir="0" index="2" bw="256" slack="0"/>
<pin id="1076" dir="0" index="3" bw="32" slack="0"/>
<pin id="1077" dir="0" index="4" bw="32" slack="0"/>
<pin id="1078" dir="0" index="5" bw="1" slack="0"/>
<pin id="1079" dir="0" index="6" bw="29" slack="8"/>
<pin id="1080" dir="1" index="7" bw="0" slack="2147483647"/>
</pin_list>
<bind>
<opcode="call(48) " fcode="call"/>
<opset="call_ln171/9 "/>
</bind>
</comp>

<comp id="1086" class="1005" name="num_pkts_read_reg_1086">
<pin_list>
<pin id="1087" dir="0" index="0" bw="29" slack="1"/>
<pin id="1088" dir="1" index="1" bw="29" slack="1"/>
</pin_list>
<bind>
<opset="num_pkts_read "/>
</bind>
</comp>

<comp id="1098" class="1005" name="num_pkts_c27_reg_1098">
<pin_list>
<pin id="1099" dir="0" index="0" bw="29" slack="0"/>
<pin id="1100" dir="1" index="1" bw="29" slack="0"/>
</pin_list>
<bind>
<opset="num_pkts_c27 "/>
</bind>
</comp>

<comp id="1104" class="1005" name="num_pkts_c26_reg_1104">
<pin_list>
<pin id="1105" dir="0" index="0" bw="29" slack="2"/>
<pin id="1106" dir="1" index="1" bw="29" slack="2"/>
</pin_list>
<bind>
<opset="num_pkts_c26 "/>
</bind>
</comp>

<comp id="1110" class="1005" name="num_pkts_c25_reg_1110">
<pin_list>
<pin id="1111" dir="0" index="0" bw="29" slack="6"/>
<pin id="1112" dir="1" index="1" bw="29" slack="6"/>
</pin_list>
<bind>
<opset="num_pkts_c25 "/>
</bind>
</comp>

<comp id="1116" class="1005" name="num_pkts_c24_reg_1116">
<pin_list>
<pin id="1117" dir="0" index="0" bw="29" slack="6"/>
<pin id="1118" dir="1" index="1" bw="29" slack="6"/>
</pin_list>
<bind>
<opset="num_pkts_c24 "/>
</bind>
</comp>

<comp id="1122" class="1005" name="num_pkts_c23_reg_1122">
<pin_list>
<pin id="1123" dir="0" index="0" bw="29" slack="6"/>
<pin id="1124" dir="1" index="1" bw="29" slack="6"/>
</pin_list>
<bind>
<opset="num_pkts_c23 "/>
</bind>
</comp>

<comp id="1128" class="1005" name="num_pkts_c22_reg_1128">
<pin_list>
<pin id="1129" dir="0" index="0" bw="29" slack="6"/>
<pin id="1130" dir="1" index="1" bw="29" slack="6"/>
</pin_list>
<bind>
<opset="num_pkts_c22 "/>
</bind>
</comp>

<comp id="1134" class="1005" name="num_pkts_c21_reg_1134">
<pin_list>
<pin id="1135" dir="0" index="0" bw="29" slack="6"/>
<pin id="1136" dir="1" index="1" bw="29" slack="6"/>
</pin_list>
<bind>
<opset="num_pkts_c21 "/>
</bind>
</comp>

<comp id="1140" class="1005" name="num_pkts_c20_reg_1140">
<pin_list>
<pin id="1141" dir="0" index="0" bw="29" slack="6"/>
<pin id="1142" dir="1" index="1" bw="29" slack="6"/>
</pin_list>
<bind>
<opset="num_pkts_c20 "/>
</bind>
</comp>

<comp id="1146" class="1005" name="num_pkts_c19_reg_1146">
<pin_list>
<pin id="1147" dir="0" index="0" bw="29" slack="6"/>
<pin id="1148" dir="1" index="1" bw="29" slack="6"/>
</pin_list>
<bind>
<opset="num_pkts_c19 "/>
</bind>
</comp>

<comp id="1152" class="1005" name="num_pkts_c_reg_1152">
<pin_list>
<pin id="1153" dir="0" index="0" bw="29" slack="6"/>
<pin id="1154" dir="1" index="1" bw="29" slack="6"/>
</pin_list>
<bind>
<opset="num_pkts_c "/>
</bind>
</comp>

<comp id="1158" class="1005" name="stencilConfig_6_c18_reg_1158">
<pin_list>
<pin id="1159" dir="0" index="0" bw="14" slack="3"/>
<pin id="1160" dir="1" index="1" bw="14" slack="3"/>
</pin_list>
<bind>
<opset="stencilConfig_6_c18 "/>
</bind>
</comp>

<comp id="1164" class="1005" name="stencilConfig_6_c17_reg_1164">
<pin_list>
<pin id="1165" dir="0" index="0" bw="14" slack="3"/>
<pin id="1166" dir="1" index="1" bw="14" slack="3"/>
</pin_list>
<bind>
<opset="stencilConfig_6_c17 "/>
</bind>
</comp>

<comp id="1170" class="1005" name="stencilConfig_6_c16_reg_1170">
<pin_list>
<pin id="1171" dir="0" index="0" bw="14" slack="3"/>
<pin id="1172" dir="1" index="1" bw="14" slack="3"/>
</pin_list>
<bind>
<opset="stencilConfig_6_c16 "/>
</bind>
</comp>

<comp id="1176" class="1005" name="stencilConfig_6_c_reg_1176">
<pin_list>
<pin id="1177" dir="0" index="0" bw="14" slack="3"/>
<pin id="1178" dir="1" index="1" bw="14" slack="3"/>
</pin_list>
<bind>
<opset="stencilConfig_6_c "/>
</bind>
</comp>

<comp id="1182" class="1005" name="stencilConfig_5_0_c15_reg_1182">
<pin_list>
<pin id="1183" dir="0" index="0" bw="1" slack="3"/>
<pin id="1184" dir="1" index="1" bw="1" slack="3"/>
</pin_list>
<bind>
<opset="stencilConfig_5_0_c15 "/>
</bind>
</comp>

<comp id="1188" class="1005" name="stencilConfig_5_0_c14_reg_1188">
<pin_list>
<pin id="1189" dir="0" index="0" bw="1" slack="3"/>
<pin id="1190" dir="1" index="1" bw="1" slack="3"/>
</pin_list>
<bind>
<opset="stencilConfig_5_0_c14 "/>
</bind>
</comp>

<comp id="1194" class="1005" name="stencilConfig_5_0_c13_reg_1194">
<pin_list>
<pin id="1195" dir="0" index="0" bw="1" slack="3"/>
<pin id="1196" dir="1" index="1" bw="1" slack="3"/>
</pin_list>
<bind>
<opset="stencilConfig_5_0_c13 "/>
</bind>
</comp>

<comp id="1200" class="1005" name="stencilConfig_5_0_c_reg_1200">
<pin_list>
<pin id="1201" dir="0" index="0" bw="1" slack="3"/>
<pin id="1202" dir="1" index="1" bw="1" slack="3"/>
</pin_list>
<bind>
<opset="stencilConfig_5_0_c "/>
</bind>
</comp>

<comp id="1206" class="1005" name="stencilConfig_3_c12_reg_1206">
<pin_list>
<pin id="1207" dir="0" index="0" bw="16" slack="3"/>
<pin id="1208" dir="1" index="1" bw="16" slack="3"/>
</pin_list>
<bind>
<opset="stencilConfig_3_c12 "/>
</bind>
</comp>

<comp id="1212" class="1005" name="stencilConfig_3_c11_reg_1212">
<pin_list>
<pin id="1213" dir="0" index="0" bw="16" slack="3"/>
<pin id="1214" dir="1" index="1" bw="16" slack="3"/>
</pin_list>
<bind>
<opset="stencilConfig_3_c11 "/>
</bind>
</comp>

<comp id="1218" class="1005" name="stencilConfig_3_c10_reg_1218">
<pin_list>
<pin id="1219" dir="0" index="0" bw="16" slack="3"/>
<pin id="1220" dir="1" index="1" bw="16" slack="3"/>
</pin_list>
<bind>
<opset="stencilConfig_3_c10 "/>
</bind>
</comp>

<comp id="1224" class="1005" name="stencilConfig_3_c_reg_1224">
<pin_list>
<pin id="1225" dir="0" index="0" bw="16" slack="3"/>
<pin id="1226" dir="1" index="1" bw="16" slack="3"/>
</pin_list>
<bind>
<opset="stencilConfig_3_c "/>
</bind>
</comp>

<comp id="1230" class="1005" name="stencilConfig_2_c9_reg_1230">
<pin_list>
<pin id="1231" dir="0" index="0" bw="16" slack="3"/>
<pin id="1232" dir="1" index="1" bw="16" slack="3"/>
</pin_list>
<bind>
<opset="stencilConfig_2_c9 "/>
</bind>
</comp>

<comp id="1236" class="1005" name="stencilConfig_2_c8_reg_1236">
<pin_list>
<pin id="1237" dir="0" index="0" bw="16" slack="3"/>
<pin id="1238" dir="1" index="1" bw="16" slack="3"/>
</pin_list>
<bind>
<opset="stencilConfig_2_c8 "/>
</bind>
</comp>

<comp id="1242" class="1005" name="stencilConfig_2_c7_reg_1242">
<pin_list>
<pin id="1243" dir="0" index="0" bw="16" slack="3"/>
<pin id="1244" dir="1" index="1" bw="16" slack="3"/>
</pin_list>
<bind>
<opset="stencilConfig_2_c7 "/>
</bind>
</comp>

<comp id="1248" class="1005" name="stencilConfig_2_c_reg_1248">
<pin_list>
<pin id="1249" dir="0" index="0" bw="16" slack="3"/>
<pin id="1250" dir="1" index="1" bw="16" slack="3"/>
</pin_list>
<bind>
<opset="stencilConfig_2_c "/>
</bind>
</comp>

<comp id="1254" class="1005" name="stencilConfig_0_1_c6_reg_1254">
<pin_list>
<pin id="1255" dir="0" index="0" bw="16" slack="3"/>
<pin id="1256" dir="1" index="1" bw="16" slack="3"/>
</pin_list>
<bind>
<opset="stencilConfig_0_1_c6 "/>
</bind>
</comp>

<comp id="1260" class="1005" name="stencilConfig_0_1_c5_reg_1260">
<pin_list>
<pin id="1261" dir="0" index="0" bw="16" slack="3"/>
<pin id="1262" dir="1" index="1" bw="16" slack="3"/>
</pin_list>
<bind>
<opset="stencilConfig_0_1_c5 "/>
</bind>
</comp>

<comp id="1266" class="1005" name="stencilConfig_0_1_c4_reg_1266">
<pin_list>
<pin id="1267" dir="0" index="0" bw="16" slack="3"/>
<pin id="1268" dir="1" index="1" bw="16" slack="3"/>
</pin_list>
<bind>
<opset="stencilConfig_0_1_c4 "/>
</bind>
</comp>

<comp id="1272" class="1005" name="stencilConfig_0_1_c_reg_1272">
<pin_list>
<pin id="1273" dir="0" index="0" bw="16" slack="3"/>
<pin id="1274" dir="1" index="1" bw="16" slack="3"/>
</pin_list>
<bind>
<opset="stencilConfig_0_1_c "/>
</bind>
</comp>

<comp id="1278" class="1005" name="stencilConfig_0_0_c3_reg_1278">
<pin_list>
<pin id="1279" dir="0" index="0" bw="14" slack="3"/>
<pin id="1280" dir="1" index="1" bw="14" slack="3"/>
</pin_list>
<bind>
<opset="stencilConfig_0_0_c3 "/>
</bind>
</comp>

<comp id="1284" class="1005" name="stencilConfig_0_0_c2_reg_1284">
<pin_list>
<pin id="1285" dir="0" index="0" bw="14" slack="3"/>
<pin id="1286" dir="1" index="1" bw="14" slack="3"/>
</pin_list>
<bind>
<opset="stencilConfig_0_0_c2 "/>
</bind>
</comp>

<comp id="1290" class="1005" name="stencilConfig_0_0_c1_reg_1290">
<pin_list>
<pin id="1291" dir="0" index="0" bw="14" slack="3"/>
<pin id="1292" dir="1" index="1" bw="14" slack="3"/>
</pin_list>
<bind>
<opset="stencilConfig_0_0_c1 "/>
</bind>
</comp>

<comp id="1296" class="1005" name="stencilConfig_0_0_c_reg_1296">
<pin_list>
<pin id="1297" dir="0" index="0" bw="14" slack="3"/>
<pin id="1298" dir="1" index="1" bw="14" slack="3"/>
</pin_list>
<bind>
<opset="stencilConfig_0_0_c "/>
</bind>
</comp>

<comp id="1302" class="1005" name="arg0_arg1_streams_0_0_reg_1302">
<pin_list>
<pin id="1303" dir="0" index="0" bw="256" slack="0"/>
<pin id="1304" dir="1" index="1" bw="256" slack="0"/>
</pin_list>
<bind>
<opset="arg0_arg1_streams_0_0 "/>
</bind>
</comp>

<comp id="1308" class="1005" name="arg0_arg1_streams_0_1_reg_1308">
<pin_list>
<pin id="1309" dir="0" index="0" bw="256" slack="0"/>
<pin id="1310" dir="1" index="1" bw="256" slack="0"/>
</pin_list>
<bind>
<opset="arg0_arg1_streams_0_1 "/>
</bind>
</comp>

<comp id="1314" class="1005" name="arg0_arg1_streams_0_2_reg_1314">
<pin_list>
<pin id="1315" dir="0" index="0" bw="256" slack="0"/>
<pin id="1316" dir="1" index="1" bw="256" slack="0"/>
</pin_list>
<bind>
<opset="arg0_arg1_streams_0_2 "/>
</bind>
</comp>

<comp id="1320" class="1005" name="arg0_arg1_streams_0_3_reg_1320">
<pin_list>
<pin id="1321" dir="0" index="0" bw="256" slack="0"/>
<pin id="1322" dir="1" index="1" bw="256" slack="0"/>
</pin_list>
<bind>
<opset="arg0_arg1_streams_0_3 "/>
</bind>
</comp>

<comp id="1326" class="1005" name="arg0_arg1_streams_0_4_reg_1326">
<pin_list>
<pin id="1327" dir="0" index="0" bw="256" slack="0"/>
<pin id="1328" dir="1" index="1" bw="256" slack="0"/>
</pin_list>
<bind>
<opset="arg0_arg1_streams_0_4 "/>
</bind>
</comp>

<comp id="1332" class="1005" name="arg0_arg1_streams_0_5_reg_1332">
<pin_list>
<pin id="1333" dir="0" index="0" bw="256" slack="0"/>
<pin id="1334" dir="1" index="1" bw="256" slack="0"/>
</pin_list>
<bind>
<opset="arg0_arg1_streams_0_5 "/>
</bind>
</comp>

<comp id="1338" class="1005" name="arg0_arg1_streams_0_6_reg_1338">
<pin_list>
<pin id="1339" dir="0" index="0" bw="256" slack="0"/>
<pin id="1340" dir="1" index="1" bw="256" slack="0"/>
</pin_list>
<bind>
<opset="arg0_arg1_streams_0_6 "/>
</bind>
</comp>

<comp id="1344" class="1005" name="arg0_arg1_streams_0_7_reg_1344">
<pin_list>
<pin id="1345" dir="0" index="0" bw="256" slack="0"/>
<pin id="1346" dir="1" index="1" bw="256" slack="0"/>
</pin_list>
<bind>
<opset="arg0_arg1_streams_0_7 "/>
</bind>
</comp>

<comp id="1350" class="1005" name="arg0_arg1_streams_1_0_reg_1350">
<pin_list>
<pin id="1351" dir="0" index="0" bw="256" slack="6"/>
<pin id="1352" dir="1" index="1" bw="256" slack="6"/>
</pin_list>
<bind>
<opset="arg0_arg1_streams_1_0 "/>
</bind>
</comp>

<comp id="1356" class="1005" name="arg0_arg1_streams_1_1_reg_1356">
<pin_list>
<pin id="1357" dir="0" index="0" bw="256" slack="6"/>
<pin id="1358" dir="1" index="1" bw="256" slack="6"/>
</pin_list>
<bind>
<opset="arg0_arg1_streams_1_1 "/>
</bind>
</comp>

<comp id="1362" class="1005" name="arg0_arg1_streams_1_2_reg_1362">
<pin_list>
<pin id="1363" dir="0" index="0" bw="256" slack="6"/>
<pin id="1364" dir="1" index="1" bw="256" slack="6"/>
</pin_list>
<bind>
<opset="arg0_arg1_streams_1_2 "/>
</bind>
</comp>

<comp id="1368" class="1005" name="arg0_arg1_streams_1_3_reg_1368">
<pin_list>
<pin id="1369" dir="0" index="0" bw="256" slack="6"/>
<pin id="1370" dir="1" index="1" bw="256" slack="6"/>
</pin_list>
<bind>
<opset="arg0_arg1_streams_1_3 "/>
</bind>
</comp>

<comp id="1374" class="1005" name="arg0_arg1_streams_1_4_reg_1374">
<pin_list>
<pin id="1375" dir="0" index="0" bw="256" slack="6"/>
<pin id="1376" dir="1" index="1" bw="256" slack="6"/>
</pin_list>
<bind>
<opset="arg0_arg1_streams_1_4 "/>
</bind>
</comp>

<comp id="1380" class="1005" name="arg0_arg1_streams_1_5_reg_1380">
<pin_list>
<pin id="1381" dir="0" index="0" bw="256" slack="6"/>
<pin id="1382" dir="1" index="1" bw="256" slack="6"/>
</pin_list>
<bind>
<opset="arg0_arg1_streams_1_5 "/>
</bind>
</comp>

<comp id="1386" class="1005" name="arg0_arg1_streams_1_6_reg_1386">
<pin_list>
<pin id="1387" dir="0" index="0" bw="256" slack="6"/>
<pin id="1388" dir="1" index="1" bw="256" slack="6"/>
</pin_list>
<bind>
<opset="arg0_arg1_streams_1_6 "/>
</bind>
</comp>

<comp id="1392" class="1005" name="arg0_arg1_streams_1_7_reg_1392">
<pin_list>
<pin id="1393" dir="0" index="0" bw="256" slack="6"/>
<pin id="1394" dir="1" index="1" bw="256" slack="6"/>
</pin_list>
<bind>
<opset="arg0_arg1_streams_1_7 "/>
</bind>
</comp>

<comp id="1398" class="1005" name="arg0_poisson_kernel_stencil_in_subtile_stream_0_reg_1398">
<pin_list>
<pin id="1399" dir="0" index="0" bw="288" slack="2"/>
<pin id="1400" dir="1" index="1" bw="288" slack="2"/>
</pin_list>
<bind>
<opset="arg0_poisson_kernel_stencil_in_subtile_stream_0 "/>
</bind>
</comp>

<comp id="1404" class="1005" name="arg0_poisson_kernel_stencil_in_subtile_stream_1_reg_1404">
<pin_list>
<pin id="1405" dir="0" index="0" bw="288" slack="2"/>
<pin id="1406" dir="1" index="1" bw="288" slack="2"/>
</pin_list>
<bind>
<opset="arg0_poisson_kernel_stencil_in_subtile_stream_1 "/>
</bind>
</comp>

<comp id="1410" class="1005" name="arg0_poisson_kernel_stencil_in_subtile_stream_2_reg_1410">
<pin_list>
<pin id="1411" dir="0" index="0" bw="288" slack="2"/>
<pin id="1412" dir="1" index="1" bw="288" slack="2"/>
</pin_list>
<bind>
<opset="arg0_poisson_kernel_stencil_in_subtile_stream_2 "/>
</bind>
</comp>

<comp id="1416" class="1005" name="arg0_poisson_kernel_stencil_in_subtile_stream_3_reg_1416">
<pin_list>
<pin id="1417" dir="0" index="0" bw="288" slack="2"/>
<pin id="1418" dir="1" index="1" bw="288" slack="2"/>
</pin_list>
<bind>
<opset="arg0_poisson_kernel_stencil_in_subtile_stream_3 "/>
</bind>
</comp>

<comp id="1422" class="1005" name="arg0_poisson_kernel_stencil_in_subtile_stream_4_reg_1422">
<pin_list>
<pin id="1423" dir="0" index="0" bw="288" slack="2"/>
<pin id="1424" dir="1" index="1" bw="288" slack="2"/>
</pin_list>
<bind>
<opset="arg0_poisson_kernel_stencil_in_subtile_stream_4 "/>
</bind>
</comp>

<comp id="1428" class="1005" name="arg0_poisson_kernel_stencil_in_subtile_stream_5_reg_1428">
<pin_list>
<pin id="1429" dir="0" index="0" bw="288" slack="2"/>
<pin id="1430" dir="1" index="1" bw="288" slack="2"/>
</pin_list>
<bind>
<opset="arg0_poisson_kernel_stencil_in_subtile_stream_5 "/>
</bind>
</comp>

<comp id="1434" class="1005" name="arg0_poisson_kernel_stencil_in_subtile_stream_6_reg_1434">
<pin_list>
<pin id="1435" dir="0" index="0" bw="288" slack="2"/>
<pin id="1436" dir="1" index="1" bw="288" slack="2"/>
</pin_list>
<bind>
<opset="arg0_poisson_kernel_stencil_in_subtile_stream_6 "/>
</bind>
</comp>

<comp id="1440" class="1005" name="arg0_poisson_kernel_stencil_in_subtile_stream_7_reg_1440">
<pin_list>
<pin id="1441" dir="0" index="0" bw="288" slack="2"/>
<pin id="1442" dir="1" index="1" bw="288" slack="2"/>
</pin_list>
<bind>
<opset="arg0_poisson_kernel_stencil_in_subtile_stream_7 "/>
</bind>
</comp>

<comp id="1446" class="1005" name="arg1_poisson_kernel_stencil_out_subtile_stream_0_reg_1446">
<pin_list>
<pin id="1447" dir="0" index="0" bw="288" slack="4"/>
<pin id="1448" dir="1" index="1" bw="288" slack="4"/>
</pin_list>
<bind>
<opset="arg1_poisson_kernel_stencil_out_subtile_stream_0 "/>
</bind>
</comp>

<comp id="1452" class="1005" name="arg1_poisson_kernel_stencil_out_subtile_stream_1_reg_1452">
<pin_list>
<pin id="1453" dir="0" index="0" bw="288" slack="4"/>
<pin id="1454" dir="1" index="1" bw="288" slack="4"/>
</pin_list>
<bind>
<opset="arg1_poisson_kernel_stencil_out_subtile_stream_1 "/>
</bind>
</comp>

<comp id="1458" class="1005" name="arg1_poisson_kernel_stencil_out_subtile_stream_2_reg_1458">
<pin_list>
<pin id="1459" dir="0" index="0" bw="288" slack="4"/>
<pin id="1460" dir="1" index="1" bw="288" slack="4"/>
</pin_list>
<bind>
<opset="arg1_poisson_kernel_stencil_out_subtile_stream_2 "/>
</bind>
</comp>

<comp id="1464" class="1005" name="arg1_poisson_kernel_stencil_out_subtile_stream_3_reg_1464">
<pin_list>
<pin id="1465" dir="0" index="0" bw="288" slack="4"/>
<pin id="1466" dir="1" index="1" bw="288" slack="4"/>
</pin_list>
<bind>
<opset="arg1_poisson_kernel_stencil_out_subtile_stream_3 "/>
</bind>
</comp>

<comp id="1470" class="1005" name="arg1_poisson_kernel_stencil_out_subtile_stream_4_reg_1470">
<pin_list>
<pin id="1471" dir="0" index="0" bw="288" slack="4"/>
<pin id="1472" dir="1" index="1" bw="288" slack="4"/>
</pin_list>
<bind>
<opset="arg1_poisson_kernel_stencil_out_subtile_stream_4 "/>
</bind>
</comp>

<comp id="1476" class="1005" name="arg1_poisson_kernel_stencil_out_subtile_stream_5_reg_1476">
<pin_list>
<pin id="1477" dir="0" index="0" bw="288" slack="4"/>
<pin id="1478" dir="1" index="1" bw="288" slack="4"/>
</pin_list>
<bind>
<opset="arg1_poisson_kernel_stencil_out_subtile_stream_5 "/>
</bind>
</comp>

<comp id="1482" class="1005" name="arg1_poisson_kernel_stencil_out_subtile_stream_6_reg_1482">
<pin_list>
<pin id="1483" dir="0" index="0" bw="288" slack="4"/>
<pin id="1484" dir="1" index="1" bw="288" slack="4"/>
</pin_list>
<bind>
<opset="arg1_poisson_kernel_stencil_out_subtile_stream_6 "/>
</bind>
</comp>

<comp id="1488" class="1005" name="arg1_poisson_kernel_stencil_out_subtile_stream_7_reg_1488">
<pin_list>
<pin id="1489" dir="0" index="0" bw="288" slack="4"/>
<pin id="1490" dir="1" index="1" bw="288" slack="4"/>
</pin_list>
<bind>
<opset="arg1_poisson_kernel_stencil_out_subtile_stream_7 "/>
</bind>
</comp>

</comp_list>

<net_list>
<net id="403"><net_src comp="144" pin="0"/><net_sink comp="400" pin=0"/></net>

<net id="407"><net_src comp="144" pin="0"/><net_sink comp="404" pin=0"/></net>

<net id="411"><net_src comp="144" pin="0"/><net_sink comp="408" pin=0"/></net>

<net id="415"><net_src comp="144" pin="0"/><net_sink comp="412" pin=0"/></net>

<net id="419"><net_src comp="144" pin="0"/><net_sink comp="416" pin=0"/></net>

<net id="423"><net_src comp="144" pin="0"/><net_sink comp="420" pin=0"/></net>

<net id="427"><net_src comp="144" pin="0"/><net_sink comp="424" pin=0"/></net>

<net id="431"><net_src comp="144" pin="0"/><net_sink comp="428" pin=0"/></net>

<net id="435"><net_src comp="144" pin="0"/><net_sink comp="432" pin=0"/></net>

<net id="439"><net_src comp="144" pin="0"/><net_sink comp="436" pin=0"/></net>

<net id="443"><net_src comp="144" pin="0"/><net_sink comp="440" pin=0"/></net>

<net id="447"><net_src comp="144" pin="0"/><net_sink comp="444" pin=0"/></net>

<net id="451"><net_src comp="144" pin="0"/><net_sink comp="448" pin=0"/></net>

<net id="455"><net_src comp="144" pin="0"/><net_sink comp="452" pin=0"/></net>

<net id="459"><net_src comp="144" pin="0"/><net_sink comp="456" pin=0"/></net>

<net id="463"><net_src comp="144" pin="0"/><net_sink comp="460" pin=0"/></net>

<net id="467"><net_src comp="144" pin="0"/><net_sink comp="464" pin=0"/></net>

<net id="471"><net_src comp="144" pin="0"/><net_sink comp="468" pin=0"/></net>

<net id="475"><net_src comp="144" pin="0"/><net_sink comp="472" pin=0"/></net>

<net id="479"><net_src comp="144" pin="0"/><net_sink comp="476" pin=0"/></net>

<net id="483"><net_src comp="144" pin="0"/><net_sink comp="480" pin=0"/></net>

<net id="487"><net_src comp="144" pin="0"/><net_sink comp="484" pin=0"/></net>

<net id="491"><net_src comp="144" pin="0"/><net_sink comp="488" pin=0"/></net>

<net id="495"><net_src comp="144" pin="0"/><net_sink comp="492" pin=0"/></net>

<net id="499"><net_src comp="144" pin="0"/><net_sink comp="496" pin=0"/></net>

<net id="503"><net_src comp="144" pin="0"/><net_sink comp="500" pin=0"/></net>

<net id="507"><net_src comp="144" pin="0"/><net_sink comp="504" pin=0"/></net>

<net id="511"><net_src comp="144" pin="0"/><net_sink comp="508" pin=0"/></net>

<net id="515"><net_src comp="144" pin="0"/><net_sink comp="512" pin=0"/></net>

<net id="519"><net_src comp="144" pin="0"/><net_sink comp="516" pin=0"/></net>

<net id="523"><net_src comp="144" pin="0"/><net_sink comp="520" pin=0"/></net>

<net id="527"><net_src comp="144" pin="0"/><net_sink comp="524" pin=0"/></net>

<net id="531"><net_src comp="144" pin="0"/><net_sink comp="528" pin=0"/></net>

<net id="535"><net_src comp="144" pin="0"/><net_sink comp="532" pin=0"/></net>

<net id="539"><net_src comp="144" pin="0"/><net_sink comp="536" pin=0"/></net>

<net id="543"><net_src comp="144" pin="0"/><net_sink comp="540" pin=0"/></net>

<net id="547"><net_src comp="144" pin="0"/><net_sink comp="544" pin=0"/></net>

<net id="551"><net_src comp="144" pin="0"/><net_sink comp="548" pin=0"/></net>

<net id="555"><net_src comp="144" pin="0"/><net_sink comp="552" pin=0"/></net>

<net id="559"><net_src comp="144" pin="0"/><net_sink comp="556" pin=0"/></net>

<net id="563"><net_src comp="144" pin="0"/><net_sink comp="560" pin=0"/></net>

<net id="567"><net_src comp="144" pin="0"/><net_sink comp="564" pin=0"/></net>

<net id="571"><net_src comp="144" pin="0"/><net_sink comp="568" pin=0"/></net>

<net id="575"><net_src comp="144" pin="0"/><net_sink comp="572" pin=0"/></net>

<net id="579"><net_src comp="144" pin="0"/><net_sink comp="576" pin=0"/></net>

<net id="583"><net_src comp="144" pin="0"/><net_sink comp="580" pin=0"/></net>

<net id="587"><net_src comp="144" pin="0"/><net_sink comp="584" pin=0"/></net>

<net id="591"><net_src comp="144" pin="0"/><net_sink comp="588" pin=0"/></net>

<net id="595"><net_src comp="144" pin="0"/><net_sink comp="592" pin=0"/></net>

<net id="599"><net_src comp="144" pin="0"/><net_sink comp="596" pin=0"/></net>

<net id="603"><net_src comp="144" pin="0"/><net_sink comp="600" pin=0"/></net>

<net id="607"><net_src comp="144" pin="0"/><net_sink comp="604" pin=0"/></net>

<net id="611"><net_src comp="144" pin="0"/><net_sink comp="608" pin=0"/></net>

<net id="615"><net_src comp="144" pin="0"/><net_sink comp="612" pin=0"/></net>

<net id="619"><net_src comp="144" pin="0"/><net_sink comp="616" pin=0"/></net>

<net id="623"><net_src comp="144" pin="0"/><net_sink comp="620" pin=0"/></net>

<net id="627"><net_src comp="144" pin="0"/><net_sink comp="624" pin=0"/></net>

<net id="631"><net_src comp="144" pin="0"/><net_sink comp="628" pin=0"/></net>

<net id="635"><net_src comp="144" pin="0"/><net_sink comp="632" pin=0"/></net>

<net id="639"><net_src comp="144" pin="0"/><net_sink comp="636" pin=0"/></net>

<net id="643"><net_src comp="144" pin="0"/><net_sink comp="640" pin=0"/></net>

<net id="647"><net_src comp="144" pin="0"/><net_sink comp="644" pin=0"/></net>

<net id="651"><net_src comp="144" pin="0"/><net_sink comp="648" pin=0"/></net>

<net id="655"><net_src comp="144" pin="0"/><net_sink comp="652" pin=0"/></net>

<net id="659"><net_src comp="144" pin="0"/><net_sink comp="656" pin=0"/></net>

<net id="663"><net_src comp="144" pin="0"/><net_sink comp="660" pin=0"/></net>

<net id="668"><net_src comp="142" pin="0"/><net_sink comp="664" pin=0"/></net>

<net id="669"><net_src comp="12" pin="0"/><net_sink comp="664" pin=1"/></net>

<net id="674"><net_src comp="164" pin="0"/><net_sink comp="670" pin=0"/></net>

<net id="675"><net_src comp="10" pin="0"/><net_sink comp="670" pin=1"/></net>

<net id="680"><net_src comp="166" pin="0"/><net_sink comp="676" pin=0"/></net>

<net id="681"><net_src comp="8" pin="0"/><net_sink comp="676" pin=1"/></net>

<net id="686"><net_src comp="168" pin="0"/><net_sink comp="682" pin=0"/></net>

<net id="687"><net_src comp="6" pin="0"/><net_sink comp="682" pin=1"/></net>

<net id="692"><net_src comp="168" pin="0"/><net_sink comp="688" pin=0"/></net>

<net id="693"><net_src comp="4" pin="0"/><net_sink comp="688" pin=1"/></net>

<net id="698"><net_src comp="168" pin="0"/><net_sink comp="694" pin=0"/></net>

<net id="699"><net_src comp="2" pin="0"/><net_sink comp="694" pin=1"/></net>

<net id="704"><net_src comp="164" pin="0"/><net_sink comp="700" pin=0"/></net>

<net id="705"><net_src comp="0" pin="0"/><net_sink comp="700" pin=1"/></net>

<net id="716"><net_src comp="146" pin="0"/><net_sink comp="706" pin=0"/></net>

<net id="717"><net_src comp="14" pin="0"/><net_sink comp="706" pin=1"/></net>

<net id="718"><net_src comp="16" pin="0"/><net_sink comp="706" pin=2"/></net>

<net id="719"><net_src comp="18" pin="0"/><net_sink comp="706" pin=3"/></net>

<net id="720"><net_src comp="20" pin="0"/><net_sink comp="706" pin=4"/></net>

<net id="721"><net_src comp="664" pin="2"/><net_sink comp="706" pin=6"/></net>

<net id="731"><net_src comp="148" pin="0"/><net_sink comp="722" pin=0"/></net>

<net id="732"><net_src comp="22" pin="0"/><net_sink comp="722" pin=1"/></net>

<net id="733"><net_src comp="24" pin="0"/><net_sink comp="722" pin=2"/></net>

<net id="734"><net_src comp="26" pin="0"/><net_sink comp="722" pin=3"/></net>

<net id="735"><net_src comp="28" pin="0"/><net_sink comp="722" pin=4"/></net>

<net id="736"><net_src comp="664" pin="2"/><net_sink comp="722" pin=6"/></net>

<net id="746"><net_src comp="150" pin="0"/><net_sink comp="737" pin=0"/></net>

<net id="747"><net_src comp="30" pin="0"/><net_sink comp="737" pin=1"/></net>

<net id="748"><net_src comp="32" pin="0"/><net_sink comp="737" pin=2"/></net>

<net id="749"><net_src comp="34" pin="0"/><net_sink comp="737" pin=3"/></net>

<net id="750"><net_src comp="36" pin="0"/><net_sink comp="737" pin=4"/></net>

<net id="751"><net_src comp="664" pin="2"/><net_sink comp="737" pin=6"/></net>

<net id="761"><net_src comp="152" pin="0"/><net_sink comp="752" pin=0"/></net>

<net id="762"><net_src comp="38" pin="0"/><net_sink comp="752" pin=1"/></net>

<net id="763"><net_src comp="40" pin="0"/><net_sink comp="752" pin=2"/></net>

<net id="764"><net_src comp="42" pin="0"/><net_sink comp="752" pin=3"/></net>

<net id="765"><net_src comp="44" pin="0"/><net_sink comp="752" pin=4"/></net>

<net id="766"><net_src comp="664" pin="2"/><net_sink comp="752" pin=6"/></net>

<net id="776"><net_src comp="154" pin="0"/><net_sink comp="767" pin=0"/></net>

<net id="777"><net_src comp="46" pin="0"/><net_sink comp="767" pin=1"/></net>

<net id="778"><net_src comp="48" pin="0"/><net_sink comp="767" pin=2"/></net>

<net id="779"><net_src comp="50" pin="0"/><net_sink comp="767" pin=3"/></net>

<net id="780"><net_src comp="52" pin="0"/><net_sink comp="767" pin=4"/></net>

<net id="781"><net_src comp="664" pin="2"/><net_sink comp="767" pin=6"/></net>

<net id="791"><net_src comp="156" pin="0"/><net_sink comp="782" pin=0"/></net>

<net id="792"><net_src comp="54" pin="0"/><net_sink comp="782" pin=1"/></net>

<net id="793"><net_src comp="56" pin="0"/><net_sink comp="782" pin=2"/></net>

<net id="794"><net_src comp="58" pin="0"/><net_sink comp="782" pin=3"/></net>

<net id="795"><net_src comp="60" pin="0"/><net_sink comp="782" pin=4"/></net>

<net id="796"><net_src comp="664" pin="2"/><net_sink comp="782" pin=6"/></net>

<net id="806"><net_src comp="158" pin="0"/><net_sink comp="797" pin=0"/></net>

<net id="807"><net_src comp="62" pin="0"/><net_sink comp="797" pin=1"/></net>

<net id="808"><net_src comp="64" pin="0"/><net_sink comp="797" pin=2"/></net>

<net id="809"><net_src comp="66" pin="0"/><net_sink comp="797" pin=3"/></net>

<net id="810"><net_src comp="68" pin="0"/><net_sink comp="797" pin=4"/></net>

<net id="811"><net_src comp="664" pin="2"/><net_sink comp="797" pin=6"/></net>

<net id="821"><net_src comp="160" pin="0"/><net_sink comp="812" pin=0"/></net>

<net id="822"><net_src comp="70" pin="0"/><net_sink comp="812" pin=1"/></net>

<net id="823"><net_src comp="72" pin="0"/><net_sink comp="812" pin=2"/></net>

<net id="824"><net_src comp="74" pin="0"/><net_sink comp="812" pin=3"/></net>

<net id="825"><net_src comp="76" pin="0"/><net_sink comp="812" pin=4"/></net>

<net id="826"><net_src comp="664" pin="2"/><net_sink comp="812" pin=6"/></net>

<net id="848"><net_src comp="162" pin="0"/><net_sink comp="827" pin=0"/></net>

<net id="882"><net_src comp="170" pin="0"/><net_sink comp="849" pin=0"/></net>

<net id="883"><net_src comp="700" pin="2"/><net_sink comp="849" pin=1"/></net>

<net id="884"><net_src comp="694" pin="2"/><net_sink comp="849" pin=6"/></net>

<net id="885"><net_src comp="688" pin="2"/><net_sink comp="849" pin=11"/></net>

<net id="886"><net_src comp="682" pin="2"/><net_sink comp="849" pin=16"/></net>

<net id="887"><net_src comp="676" pin="2"/><net_sink comp="849" pin=21"/></net>

<net id="888"><net_src comp="670" pin="2"/><net_sink comp="849" pin=26"/></net>

<net id="902"><net_src comp="172" pin="0"/><net_sink comp="889" pin=0"/></net>

<net id="916"><net_src comp="174" pin="0"/><net_sink comp="903" pin=0"/></net>

<net id="930"><net_src comp="176" pin="0"/><net_sink comp="917" pin=0"/></net>

<net id="944"><net_src comp="178" pin="0"/><net_sink comp="931" pin=0"/></net>

<net id="973"><net_src comp="180" pin="0"/><net_sink comp="945" pin=0"/></net>

<net id="983"><net_src comp="182" pin="0"/><net_sink comp="974" pin=0"/></net>

<net id="984"><net_src comp="78" pin="0"/><net_sink comp="974" pin=2"/></net>

<net id="985"><net_src comp="80" pin="0"/><net_sink comp="974" pin=3"/></net>

<net id="986"><net_src comp="82" pin="0"/><net_sink comp="974" pin=4"/></net>

<net id="987"><net_src comp="84" pin="0"/><net_sink comp="974" pin=5"/></net>

<net id="997"><net_src comp="184" pin="0"/><net_sink comp="988" pin=0"/></net>

<net id="998"><net_src comp="86" pin="0"/><net_sink comp="988" pin=2"/></net>

<net id="999"><net_src comp="88" pin="0"/><net_sink comp="988" pin=3"/></net>

<net id="1000"><net_src comp="90" pin="0"/><net_sink comp="988" pin=4"/></net>

<net id="1001"><net_src comp="92" pin="0"/><net_sink comp="988" pin=5"/></net>

<net id="1011"><net_src comp="186" pin="0"/><net_sink comp="1002" pin=0"/></net>

<net id="1012"><net_src comp="94" pin="0"/><net_sink comp="1002" pin=2"/></net>

<net id="1013"><net_src comp="96" pin="0"/><net_sink comp="1002" pin=3"/></net>

<net id="1014"><net_src comp="98" pin="0"/><net_sink comp="1002" pin=4"/></net>

<net id="1015"><net_src comp="100" pin="0"/><net_sink comp="1002" pin=5"/></net>

<net id="1025"><net_src comp="188" pin="0"/><net_sink comp="1016" pin=0"/></net>

<net id="1026"><net_src comp="102" pin="0"/><net_sink comp="1016" pin=2"/></net>

<net id="1027"><net_src comp="104" pin="0"/><net_sink comp="1016" pin=3"/></net>

<net id="1028"><net_src comp="106" pin="0"/><net_sink comp="1016" pin=4"/></net>

<net id="1029"><net_src comp="108" pin="0"/><net_sink comp="1016" pin=5"/></net>

<net id="1039"><net_src comp="190" pin="0"/><net_sink comp="1030" pin=0"/></net>

<net id="1040"><net_src comp="110" pin="0"/><net_sink comp="1030" pin=2"/></net>

<net id="1041"><net_src comp="112" pin="0"/><net_sink comp="1030" pin=3"/></net>

<net id="1042"><net_src comp="114" pin="0"/><net_sink comp="1030" pin=4"/></net>

<net id="1043"><net_src comp="116" pin="0"/><net_sink comp="1030" pin=5"/></net>

<net id="1053"><net_src comp="192" pin="0"/><net_sink comp="1044" pin=0"/></net>

<net id="1054"><net_src comp="118" pin="0"/><net_sink comp="1044" pin=2"/></net>

<net id="1055"><net_src comp="120" pin="0"/><net_sink comp="1044" pin=3"/></net>

<net id="1056"><net_src comp="122" pin="0"/><net_sink comp="1044" pin=4"/></net>

<net id="1057"><net_src comp="124" pin="0"/><net_sink comp="1044" pin=5"/></net>

<net id="1067"><net_src comp="194" pin="0"/><net_sink comp="1058" pin=0"/></net>

<net id="1068"><net_src comp="126" pin="0"/><net_sink comp="1058" pin=2"/></net>

<net id="1069"><net_src comp="128" pin="0"/><net_sink comp="1058" pin=3"/></net>

<net id="1070"><net_src comp="130" pin="0"/><net_sink comp="1058" pin=4"/></net>

<net id="1071"><net_src comp="132" pin="0"/><net_sink comp="1058" pin=5"/></net>

<net id="1081"><net_src comp="196" pin="0"/><net_sink comp="1072" pin=0"/></net>

<net id="1082"><net_src comp="134" pin="0"/><net_sink comp="1072" pin=2"/></net>

<net id="1083"><net_src comp="136" pin="0"/><net_sink comp="1072" pin=3"/></net>

<net id="1084"><net_src comp="138" pin="0"/><net_sink comp="1072" pin=4"/></net>

<net id="1085"><net_src comp="140" pin="0"/><net_sink comp="1072" pin=5"/></net>

<net id="1089"><net_src comp="664" pin="2"/><net_sink comp="1086" pin=0"/></net>

<net id="1090"><net_src comp="1086" pin="1"/><net_sink comp="706" pin=6"/></net>

<net id="1091"><net_src comp="1086" pin="1"/><net_sink comp="722" pin=6"/></net>

<net id="1092"><net_src comp="1086" pin="1"/><net_sink comp="737" pin=6"/></net>

<net id="1093"><net_src comp="1086" pin="1"/><net_sink comp="752" pin=6"/></net>

<net id="1094"><net_src comp="1086" pin="1"/><net_sink comp="767" pin=6"/></net>

<net id="1095"><net_src comp="1086" pin="1"/><net_sink comp="782" pin=6"/></net>

<net id="1096"><net_src comp="1086" pin="1"/><net_sink comp="797" pin=6"/></net>

<net id="1097"><net_src comp="1086" pin="1"/><net_sink comp="812" pin=6"/></net>

<net id="1101"><net_src comp="400" pin="1"/><net_sink comp="1098" pin=0"/></net>

<net id="1102"><net_src comp="1098" pin="1"/><net_sink comp="706" pin=7"/></net>

<net id="1103"><net_src comp="1098" pin="1"/><net_sink comp="827" pin=17"/></net>

<net id="1107"><net_src comp="404" pin="1"/><net_sink comp="1104" pin=0"/></net>

<net id="1108"><net_src comp="1104" pin="1"/><net_sink comp="827" pin=18"/></net>

<net id="1109"><net_src comp="1104" pin="1"/><net_sink comp="945" pin=17"/></net>

<net id="1113"><net_src comp="408" pin="1"/><net_sink comp="1110" pin=0"/></net>

<net id="1114"><net_src comp="1110" pin="1"/><net_sink comp="945" pin=25"/></net>

<net id="1115"><net_src comp="1110" pin="1"/><net_sink comp="974" pin=6"/></net>

<net id="1119"><net_src comp="412" pin="1"/><net_sink comp="1116" pin=0"/></net>

<net id="1120"><net_src comp="1116" pin="1"/><net_sink comp="945" pin=24"/></net>

<net id="1121"><net_src comp="1116" pin="1"/><net_sink comp="988" pin=6"/></net>

<net id="1125"><net_src comp="416" pin="1"/><net_sink comp="1122" pin=0"/></net>

<net id="1126"><net_src comp="1122" pin="1"/><net_sink comp="945" pin=23"/></net>

<net id="1127"><net_src comp="1122" pin="1"/><net_sink comp="1002" pin=6"/></net>

<net id="1131"><net_src comp="420" pin="1"/><net_sink comp="1128" pin=0"/></net>

<net id="1132"><net_src comp="1128" pin="1"/><net_sink comp="945" pin=22"/></net>

<net id="1133"><net_src comp="1128" pin="1"/><net_sink comp="1016" pin=6"/></net>

<net id="1137"><net_src comp="424" pin="1"/><net_sink comp="1134" pin=0"/></net>

<net id="1138"><net_src comp="1134" pin="1"/><net_sink comp="945" pin=21"/></net>

<net id="1139"><net_src comp="1134" pin="1"/><net_sink comp="1030" pin=6"/></net>

<net id="1143"><net_src comp="428" pin="1"/><net_sink comp="1140" pin=0"/></net>

<net id="1144"><net_src comp="1140" pin="1"/><net_sink comp="945" pin=20"/></net>

<net id="1145"><net_src comp="1140" pin="1"/><net_sink comp="1044" pin=6"/></net>

<net id="1149"><net_src comp="432" pin="1"/><net_sink comp="1146" pin=0"/></net>

<net id="1150"><net_src comp="1146" pin="1"/><net_sink comp="945" pin=19"/></net>

<net id="1151"><net_src comp="1146" pin="1"/><net_sink comp="1058" pin=6"/></net>

<net id="1155"><net_src comp="436" pin="1"/><net_sink comp="1152" pin=0"/></net>

<net id="1156"><net_src comp="1152" pin="1"/><net_sink comp="945" pin=18"/></net>

<net id="1157"><net_src comp="1152" pin="1"/><net_sink comp="1072" pin=6"/></net>

<net id="1161"><net_src comp="440" pin="1"/><net_sink comp="1158" pin=0"/></net>

<net id="1162"><net_src comp="1158" pin="1"/><net_sink comp="849" pin=30"/></net>

<net id="1163"><net_src comp="1158" pin="1"/><net_sink comp="889" pin=6"/></net>

<net id="1167"><net_src comp="444" pin="1"/><net_sink comp="1164" pin=0"/></net>

<net id="1168"><net_src comp="1164" pin="1"/><net_sink comp="849" pin=29"/></net>

<net id="1169"><net_src comp="1164" pin="1"/><net_sink comp="903" pin=6"/></net>

<net id="1173"><net_src comp="448" pin="1"/><net_sink comp="1170" pin=0"/></net>

<net id="1174"><net_src comp="1170" pin="1"/><net_sink comp="849" pin=28"/></net>

<net id="1175"><net_src comp="1170" pin="1"/><net_sink comp="917" pin=6"/></net>

<net id="1179"><net_src comp="452" pin="1"/><net_sink comp="1176" pin=0"/></net>

<net id="1180"><net_src comp="1176" pin="1"/><net_sink comp="849" pin=27"/></net>

<net id="1181"><net_src comp="1176" pin="1"/><net_sink comp="931" pin=6"/></net>

<net id="1185"><net_src comp="456" pin="1"/><net_sink comp="1182" pin=0"/></net>

<net id="1186"><net_src comp="1182" pin="1"/><net_sink comp="849" pin=25"/></net>

<net id="1187"><net_src comp="1182" pin="1"/><net_sink comp="889" pin=5"/></net>

<net id="1191"><net_src comp="460" pin="1"/><net_sink comp="1188" pin=0"/></net>

<net id="1192"><net_src comp="1188" pin="1"/><net_sink comp="849" pin=24"/></net>

<net id="1193"><net_src comp="1188" pin="1"/><net_sink comp="903" pin=5"/></net>

<net id="1197"><net_src comp="464" pin="1"/><net_sink comp="1194" pin=0"/></net>

<net id="1198"><net_src comp="1194" pin="1"/><net_sink comp="849" pin=23"/></net>

<net id="1199"><net_src comp="1194" pin="1"/><net_sink comp="917" pin=5"/></net>

<net id="1203"><net_src comp="468" pin="1"/><net_sink comp="1200" pin=0"/></net>

<net id="1204"><net_src comp="1200" pin="1"/><net_sink comp="849" pin=22"/></net>

<net id="1205"><net_src comp="1200" pin="1"/><net_sink comp="931" pin=5"/></net>

<net id="1209"><net_src comp="472" pin="1"/><net_sink comp="1206" pin=0"/></net>

<net id="1210"><net_src comp="1206" pin="1"/><net_sink comp="849" pin=20"/></net>

<net id="1211"><net_src comp="1206" pin="1"/><net_sink comp="889" pin=4"/></net>

<net id="1215"><net_src comp="476" pin="1"/><net_sink comp="1212" pin=0"/></net>

<net id="1216"><net_src comp="1212" pin="1"/><net_sink comp="849" pin=19"/></net>

<net id="1217"><net_src comp="1212" pin="1"/><net_sink comp="903" pin=4"/></net>

<net id="1221"><net_src comp="480" pin="1"/><net_sink comp="1218" pin=0"/></net>

<net id="1222"><net_src comp="1218" pin="1"/><net_sink comp="849" pin=18"/></net>

<net id="1223"><net_src comp="1218" pin="1"/><net_sink comp="917" pin=4"/></net>

<net id="1227"><net_src comp="484" pin="1"/><net_sink comp="1224" pin=0"/></net>

<net id="1228"><net_src comp="1224" pin="1"/><net_sink comp="849" pin=17"/></net>

<net id="1229"><net_src comp="1224" pin="1"/><net_sink comp="931" pin=4"/></net>

<net id="1233"><net_src comp="488" pin="1"/><net_sink comp="1230" pin=0"/></net>

<net id="1234"><net_src comp="1230" pin="1"/><net_sink comp="849" pin=15"/></net>

<net id="1235"><net_src comp="1230" pin="1"/><net_sink comp="889" pin=3"/></net>

<net id="1239"><net_src comp="492" pin="1"/><net_sink comp="1236" pin=0"/></net>

<net id="1240"><net_src comp="1236" pin="1"/><net_sink comp="849" pin=14"/></net>

<net id="1241"><net_src comp="1236" pin="1"/><net_sink comp="903" pin=3"/></net>

<net id="1245"><net_src comp="496" pin="1"/><net_sink comp="1242" pin=0"/></net>

<net id="1246"><net_src comp="1242" pin="1"/><net_sink comp="849" pin=13"/></net>

<net id="1247"><net_src comp="1242" pin="1"/><net_sink comp="917" pin=3"/></net>

<net id="1251"><net_src comp="500" pin="1"/><net_sink comp="1248" pin=0"/></net>

<net id="1252"><net_src comp="1248" pin="1"/><net_sink comp="849" pin=12"/></net>

<net id="1253"><net_src comp="1248" pin="1"/><net_sink comp="931" pin=3"/></net>

<net id="1257"><net_src comp="504" pin="1"/><net_sink comp="1254" pin=0"/></net>

<net id="1258"><net_src comp="1254" pin="1"/><net_sink comp="849" pin=10"/></net>

<net id="1259"><net_src comp="1254" pin="1"/><net_sink comp="889" pin=2"/></net>

<net id="1263"><net_src comp="508" pin="1"/><net_sink comp="1260" pin=0"/></net>

<net id="1264"><net_src comp="1260" pin="1"/><net_sink comp="849" pin=9"/></net>

<net id="1265"><net_src comp="1260" pin="1"/><net_sink comp="903" pin=2"/></net>

<net id="1269"><net_src comp="512" pin="1"/><net_sink comp="1266" pin=0"/></net>

<net id="1270"><net_src comp="1266" pin="1"/><net_sink comp="849" pin=8"/></net>

<net id="1271"><net_src comp="1266" pin="1"/><net_sink comp="917" pin=2"/></net>

<net id="1275"><net_src comp="516" pin="1"/><net_sink comp="1272" pin=0"/></net>

<net id="1276"><net_src comp="1272" pin="1"/><net_sink comp="849" pin=7"/></net>

<net id="1277"><net_src comp="1272" pin="1"/><net_sink comp="931" pin=2"/></net>

<net id="1281"><net_src comp="520" pin="1"/><net_sink comp="1278" pin=0"/></net>

<net id="1282"><net_src comp="1278" pin="1"/><net_sink comp="849" pin=5"/></net>

<net id="1283"><net_src comp="1278" pin="1"/><net_sink comp="889" pin=1"/></net>

<net id="1287"><net_src comp="524" pin="1"/><net_sink comp="1284" pin=0"/></net>

<net id="1288"><net_src comp="1284" pin="1"/><net_sink comp="849" pin=4"/></net>

<net id="1289"><net_src comp="1284" pin="1"/><net_sink comp="903" pin=1"/></net>

<net id="1293"><net_src comp="528" pin="1"/><net_sink comp="1290" pin=0"/></net>

<net id="1294"><net_src comp="1290" pin="1"/><net_sink comp="849" pin=3"/></net>

<net id="1295"><net_src comp="1290" pin="1"/><net_sink comp="917" pin=1"/></net>

<net id="1299"><net_src comp="532" pin="1"/><net_sink comp="1296" pin=0"/></net>

<net id="1300"><net_src comp="1296" pin="1"/><net_sink comp="849" pin=2"/></net>

<net id="1301"><net_src comp="1296" pin="1"/><net_sink comp="931" pin=1"/></net>

<net id="1305"><net_src comp="536" pin="1"/><net_sink comp="1302" pin=0"/></net>

<net id="1306"><net_src comp="1302" pin="1"/><net_sink comp="706" pin=5"/></net>

<net id="1307"><net_src comp="1302" pin="1"/><net_sink comp="827" pin=1"/></net>

<net id="1311"><net_src comp="540" pin="1"/><net_sink comp="1308" pin=0"/></net>

<net id="1312"><net_src comp="1308" pin="1"/><net_sink comp="722" pin=5"/></net>

<net id="1313"><net_src comp="1308" pin="1"/><net_sink comp="827" pin=2"/></net>

<net id="1317"><net_src comp="544" pin="1"/><net_sink comp="1314" pin=0"/></net>

<net id="1318"><net_src comp="1314" pin="1"/><net_sink comp="737" pin=5"/></net>

<net id="1319"><net_src comp="1314" pin="1"/><net_sink comp="827" pin=3"/></net>

<net id="1323"><net_src comp="548" pin="1"/><net_sink comp="1320" pin=0"/></net>

<net id="1324"><net_src comp="1320" pin="1"/><net_sink comp="752" pin=5"/></net>

<net id="1325"><net_src comp="1320" pin="1"/><net_sink comp="827" pin=4"/></net>

<net id="1329"><net_src comp="552" pin="1"/><net_sink comp="1326" pin=0"/></net>

<net id="1330"><net_src comp="1326" pin="1"/><net_sink comp="767" pin=5"/></net>

<net id="1331"><net_src comp="1326" pin="1"/><net_sink comp="827" pin=5"/></net>

<net id="1335"><net_src comp="556" pin="1"/><net_sink comp="1332" pin=0"/></net>

<net id="1336"><net_src comp="1332" pin="1"/><net_sink comp="782" pin=5"/></net>

<net id="1337"><net_src comp="1332" pin="1"/><net_sink comp="827" pin=6"/></net>

<net id="1341"><net_src comp="560" pin="1"/><net_sink comp="1338" pin=0"/></net>

<net id="1342"><net_src comp="1338" pin="1"/><net_sink comp="797" pin=5"/></net>

<net id="1343"><net_src comp="1338" pin="1"/><net_sink comp="827" pin=7"/></net>

<net id="1347"><net_src comp="564" pin="1"/><net_sink comp="1344" pin=0"/></net>

<net id="1348"><net_src comp="1344" pin="1"/><net_sink comp="812" pin=5"/></net>

<net id="1349"><net_src comp="1344" pin="1"/><net_sink comp="827" pin=8"/></net>

<net id="1353"><net_src comp="568" pin="1"/><net_sink comp="1350" pin=0"/></net>

<net id="1354"><net_src comp="1350" pin="1"/><net_sink comp="945" pin=9"/></net>

<net id="1355"><net_src comp="1350" pin="1"/><net_sink comp="974" pin=1"/></net>

<net id="1359"><net_src comp="572" pin="1"/><net_sink comp="1356" pin=0"/></net>

<net id="1360"><net_src comp="1356" pin="1"/><net_sink comp="945" pin=10"/></net>

<net id="1361"><net_src comp="1356" pin="1"/><net_sink comp="988" pin=1"/></net>

<net id="1365"><net_src comp="576" pin="1"/><net_sink comp="1362" pin=0"/></net>

<net id="1366"><net_src comp="1362" pin="1"/><net_sink comp="945" pin=11"/></net>

<net id="1367"><net_src comp="1362" pin="1"/><net_sink comp="1002" pin=1"/></net>

<net id="1371"><net_src comp="580" pin="1"/><net_sink comp="1368" pin=0"/></net>

<net id="1372"><net_src comp="1368" pin="1"/><net_sink comp="945" pin=12"/></net>

<net id="1373"><net_src comp="1368" pin="1"/><net_sink comp="1016" pin=1"/></net>

<net id="1377"><net_src comp="584" pin="1"/><net_sink comp="1374" pin=0"/></net>

<net id="1378"><net_src comp="1374" pin="1"/><net_sink comp="945" pin=13"/></net>

<net id="1379"><net_src comp="1374" pin="1"/><net_sink comp="1030" pin=1"/></net>

<net id="1383"><net_src comp="588" pin="1"/><net_sink comp="1380" pin=0"/></net>

<net id="1384"><net_src comp="1380" pin="1"/><net_sink comp="945" pin=14"/></net>

<net id="1385"><net_src comp="1380" pin="1"/><net_sink comp="1044" pin=1"/></net>

<net id="1389"><net_src comp="592" pin="1"/><net_sink comp="1386" pin=0"/></net>

<net id="1390"><net_src comp="1386" pin="1"/><net_sink comp="945" pin=15"/></net>

<net id="1391"><net_src comp="1386" pin="1"/><net_sink comp="1058" pin=1"/></net>

<net id="1395"><net_src comp="596" pin="1"/><net_sink comp="1392" pin=0"/></net>

<net id="1396"><net_src comp="1392" pin="1"/><net_sink comp="945" pin=16"/></net>

<net id="1397"><net_src comp="1392" pin="1"/><net_sink comp="1072" pin=1"/></net>

<net id="1401"><net_src comp="600" pin="1"/><net_sink comp="1398" pin=0"/></net>

<net id="1402"><net_src comp="1398" pin="1"/><net_sink comp="827" pin=9"/></net>

<net id="1403"><net_src comp="1398" pin="1"/><net_sink comp="889" pin=7"/></net>

<net id="1407"><net_src comp="604" pin="1"/><net_sink comp="1404" pin=0"/></net>

<net id="1408"><net_src comp="1404" pin="1"/><net_sink comp="827" pin=10"/></net>

<net id="1409"><net_src comp="1404" pin="1"/><net_sink comp="889" pin=8"/></net>

<net id="1413"><net_src comp="608" pin="1"/><net_sink comp="1410" pin=0"/></net>

<net id="1414"><net_src comp="1410" pin="1"/><net_sink comp="827" pin=11"/></net>

<net id="1415"><net_src comp="1410" pin="1"/><net_sink comp="903" pin=7"/></net>

<net id="1419"><net_src comp="612" pin="1"/><net_sink comp="1416" pin=0"/></net>

<net id="1420"><net_src comp="1416" pin="1"/><net_sink comp="827" pin=12"/></net>

<net id="1421"><net_src comp="1416" pin="1"/><net_sink comp="903" pin=8"/></net>

<net id="1425"><net_src comp="616" pin="1"/><net_sink comp="1422" pin=0"/></net>

<net id="1426"><net_src comp="1422" pin="1"/><net_sink comp="827" pin=13"/></net>

<net id="1427"><net_src comp="1422" pin="1"/><net_sink comp="917" pin=7"/></net>

<net id="1431"><net_src comp="620" pin="1"/><net_sink comp="1428" pin=0"/></net>

<net id="1432"><net_src comp="1428" pin="1"/><net_sink comp="827" pin=14"/></net>

<net id="1433"><net_src comp="1428" pin="1"/><net_sink comp="917" pin=8"/></net>

<net id="1437"><net_src comp="624" pin="1"/><net_sink comp="1434" pin=0"/></net>

<net id="1438"><net_src comp="1434" pin="1"/><net_sink comp="827" pin=15"/></net>

<net id="1439"><net_src comp="1434" pin="1"/><net_sink comp="931" pin=7"/></net>

<net id="1443"><net_src comp="628" pin="1"/><net_sink comp="1440" pin=0"/></net>

<net id="1444"><net_src comp="1440" pin="1"/><net_sink comp="827" pin=16"/></net>

<net id="1445"><net_src comp="1440" pin="1"/><net_sink comp="931" pin=8"/></net>

<net id="1449"><net_src comp="632" pin="1"/><net_sink comp="1446" pin=0"/></net>

<net id="1450"><net_src comp="1446" pin="1"/><net_sink comp="889" pin=9"/></net>

<net id="1451"><net_src comp="1446" pin="1"/><net_sink comp="945" pin=1"/></net>

<net id="1455"><net_src comp="636" pin="1"/><net_sink comp="1452" pin=0"/></net>

<net id="1456"><net_src comp="1452" pin="1"/><net_sink comp="889" pin=10"/></net>

<net id="1457"><net_src comp="1452" pin="1"/><net_sink comp="945" pin=2"/></net>

<net id="1461"><net_src comp="640" pin="1"/><net_sink comp="1458" pin=0"/></net>

<net id="1462"><net_src comp="1458" pin="1"/><net_sink comp="903" pin=9"/></net>

<net id="1463"><net_src comp="1458" pin="1"/><net_sink comp="945" pin=3"/></net>

<net id="1467"><net_src comp="644" pin="1"/><net_sink comp="1464" pin=0"/></net>

<net id="1468"><net_src comp="1464" pin="1"/><net_sink comp="903" pin=10"/></net>

<net id="1469"><net_src comp="1464" pin="1"/><net_sink comp="945" pin=4"/></net>

<net id="1473"><net_src comp="648" pin="1"/><net_sink comp="1470" pin=0"/></net>

<net id="1474"><net_src comp="1470" pin="1"/><net_sink comp="917" pin=9"/></net>

<net id="1475"><net_src comp="1470" pin="1"/><net_sink comp="945" pin=5"/></net>

<net id="1479"><net_src comp="652" pin="1"/><net_sink comp="1476" pin=0"/></net>

<net id="1480"><net_src comp="1476" pin="1"/><net_sink comp="917" pin=10"/></net>

<net id="1481"><net_src comp="1476" pin="1"/><net_sink comp="945" pin=6"/></net>

<net id="1485"><net_src comp="656" pin="1"/><net_sink comp="1482" pin=0"/></net>

<net id="1486"><net_src comp="1482" pin="1"/><net_sink comp="931" pin=9"/></net>

<net id="1487"><net_src comp="1482" pin="1"/><net_sink comp="945" pin=7"/></net>

<net id="1491"><net_src comp="660" pin="1"/><net_sink comp="1488" pin=0"/></net>

<net id="1492"><net_src comp="1488" pin="1"/><net_sink comp="931" pin=10"/></net>

<net id="1493"><net_src comp="1488" pin="1"/><net_sink comp="945" pin=8"/></net>

</net_list>

</model> 
---------------- Datapath Model END ------------------

* FSMD analyzer results:
  - Output states:
	Port: arg0_0_axis_in_V_data_V | {}
	Port: arg0_0_axis_in_V_keep_V | {}
	Port: arg0_0_axis_in_V_strb_V | {}
	Port: arg0_0_axis_in_V_last_V | {}
	Port: arg0_1_axis_in_V_data_V | {}
	Port: arg0_1_axis_in_V_keep_V | {}
	Port: arg0_1_axis_in_V_strb_V | {}
	Port: arg0_1_axis_in_V_last_V | {}
	Port: arg0_2_axis_in_V_data_V | {}
	Port: arg0_2_axis_in_V_keep_V | {}
	Port: arg0_2_axis_in_V_strb_V | {}
	Port: arg0_2_axis_in_V_last_V | {}
	Port: arg0_3_axis_in_V_data_V | {}
	Port: arg0_3_axis_in_V_keep_V | {}
	Port: arg0_3_axis_in_V_strb_V | {}
	Port: arg0_3_axis_in_V_last_V | {}
	Port: arg0_4_axis_in_V_data_V | {}
	Port: arg0_4_axis_in_V_keep_V | {}
	Port: arg0_4_axis_in_V_strb_V | {}
	Port: arg0_4_axis_in_V_last_V | {}
	Port: arg0_5_axis_in_V_data_V | {}
	Port: arg0_5_axis_in_V_keep_V | {}
	Port: arg0_5_axis_in_V_strb_V | {}
	Port: arg0_5_axis_in_V_last_V | {}
	Port: arg0_6_axis_in_V_data_V | {}
	Port: arg0_6_axis_in_V_keep_V | {}
	Port: arg0_6_axis_in_V_strb_V | {}
	Port: arg0_6_axis_in_V_last_V | {}
	Port: arg0_7_axis_in_V_data_V | {}
	Port: arg0_7_axis_in_V_keep_V | {}
	Port: arg0_7_axis_in_V_strb_V | {}
	Port: arg0_7_axis_in_V_last_V | {}
	Port: arg1_0_axis_out_V_data_V | {9 10 }
	Port: arg1_0_axis_out_V_keep_V | {9 10 }
	Port: arg1_0_axis_out_V_strb_V | {9 10 }
	Port: arg1_0_axis_out_V_last_V | {9 10 }
	Port: arg1_1_axis_out_V_data_V | {9 10 }
	Port: arg1_1_axis_out_V_keep_V | {9 10 }
	Port: arg1_1_axis_out_V_strb_V | {9 10 }
	Port: arg1_1_axis_out_V_last_V | {9 10 }
	Port: arg1_2_axis_out_V_data_V | {9 10 }
	Port: arg1_2_axis_out_V_keep_V | {9 10 }
	Port: arg1_2_axis_out_V_strb_V | {9 10 }
	Port: arg1_2_axis_out_V_last_V | {9 10 }
	Port: arg1_3_axis_out_V_data_V | {9 10 }
	Port: arg1_3_axis_out_V_keep_V | {9 10 }
	Port: arg1_3_axis_out_V_strb_V | {9 10 }
	Port: arg1_3_axis_out_V_last_V | {9 10 }
	Port: arg1_4_axis_out_V_data_V | {9 10 }
	Port: arg1_4_axis_out_V_keep_V | {9 10 }
	Port: arg1_4_axis_out_V_strb_V | {9 10 }
	Port: arg1_4_axis_out_V_last_V | {9 10 }
	Port: arg1_5_axis_out_V_data_V | {9 10 }
	Port: arg1_5_axis_out_V_keep_V | {9 10 }
	Port: arg1_5_axis_out_V_strb_V | {9 10 }
	Port: arg1_5_axis_out_V_last_V | {9 10 }
	Port: arg1_6_axis_out_V_data_V | {9 10 }
	Port: arg1_6_axis_out_V_keep_V | {9 10 }
	Port: arg1_6_axis_out_V_strb_V | {9 10 }
	Port: arg1_6_axis_out_V_last_V | {9 10 }
	Port: arg1_7_axis_out_V_data_V | {9 10 }
	Port: arg1_7_axis_out_V_keep_V | {9 10 }
	Port: arg1_7_axis_out_V_strb_V | {9 10 }
	Port: arg1_7_axis_out_V_last_V | {9 10 }
 - Input state : 
	Port: kernel_outerloop_0_dataflow_region : p_read | {4 }
	Port: kernel_outerloop_0_dataflow_region : p_read1 | {4 }
	Port: kernel_outerloop_0_dataflow_region : p_read2 | {4 }
	Port: kernel_outerloop_0_dataflow_region : p_read3 | {4 }
	Port: kernel_outerloop_0_dataflow_region : p_read4 | {4 }
	Port: kernel_outerloop_0_dataflow_region : p_read5 | {4 }
	Port: kernel_outerloop_0_dataflow_region : num_pkts | {1 }
	Port: kernel_outerloop_0_dataflow_region : arg0_0_axis_in_V_data_V | {1 2 }
	Port: kernel_outerloop_0_dataflow_region : arg0_0_axis_in_V_keep_V | {1 2 }
	Port: kernel_outerloop_0_dataflow_region : arg0_0_axis_in_V_strb_V | {1 2 }
	Port: kernel_outerloop_0_dataflow_region : arg0_0_axis_in_V_last_V | {1 2 }
	Port: kernel_outerloop_0_dataflow_region : arg0_1_axis_in_V_data_V | {1 2 }
	Port: kernel_outerloop_0_dataflow_region : arg0_1_axis_in_V_keep_V | {1 2 }
	Port: kernel_outerloop_0_dataflow_region : arg0_1_axis_in_V_strb_V | {1 2 }
	Port: kernel_outerloop_0_dataflow_region : arg0_1_axis_in_V_last_V | {1 2 }
	Port: kernel_outerloop_0_dataflow_region : arg0_2_axis_in_V_data_V | {1 2 }
	Port: kernel_outerloop_0_dataflow_region : arg0_2_axis_in_V_keep_V | {1 2 }
	Port: kernel_outerloop_0_dataflow_region : arg0_2_axis_in_V_strb_V | {1 2 }
	Port: kernel_outerloop_0_dataflow_region : arg0_2_axis_in_V_last_V | {1 2 }
	Port: kernel_outerloop_0_dataflow_region : arg0_3_axis_in_V_data_V | {1 2 }
	Port: kernel_outerloop_0_dataflow_region : arg0_3_axis_in_V_keep_V | {1 2 }
	Port: kernel_outerloop_0_dataflow_region : arg0_3_axis_in_V_strb_V | {1 2 }
	Port: kernel_outerloop_0_dataflow_region : arg0_3_axis_in_V_last_V | {1 2 }
	Port: kernel_outerloop_0_dataflow_region : arg0_4_axis_in_V_data_V | {1 2 }
	Port: kernel_outerloop_0_dataflow_region : arg0_4_axis_in_V_keep_V | {1 2 }
	Port: kernel_outerloop_0_dataflow_region : arg0_4_axis_in_V_strb_V | {1 2 }
	Port: kernel_outerloop_0_dataflow_region : arg0_4_axis_in_V_last_V | {1 2 }
	Port: kernel_outerloop_0_dataflow_region : arg0_5_axis_in_V_data_V | {1 2 }
	Port: kernel_outerloop_0_dataflow_region : arg0_5_axis_in_V_keep_V | {1 2 }
	Port: kernel_outerloop_0_dataflow_region : arg0_5_axis_in_V_strb_V | {1 2 }
	Port: kernel_outerloop_0_dataflow_region : arg0_5_axis_in_V_last_V | {1 2 }
	Port: kernel_outerloop_0_dataflow_region : arg0_6_axis_in_V_data_V | {1 2 }
	Port: kernel_outerloop_0_dataflow_region : arg0_6_axis_in_V_keep_V | {1 2 }
	Port: kernel_outerloop_0_dataflow_region : arg0_6_axis_in_V_strb_V | {1 2 }
	Port: kernel_outerloop_0_dataflow_region : arg0_6_axis_in_V_last_V | {1 2 }
	Port: kernel_outerloop_0_dataflow_region : arg0_7_axis_in_V_data_V | {1 2 }
	Port: kernel_outerloop_0_dataflow_region : arg0_7_axis_in_V_keep_V | {1 2 }
	Port: kernel_outerloop_0_dataflow_region : arg0_7_axis_in_V_strb_V | {1 2 }
	Port: kernel_outerloop_0_dataflow_region : arg0_7_axis_in_V_last_V | {1 2 }
	Port: kernel_outerloop_0_dataflow_region : arg1_0_axis_out_V_data_V | {}
	Port: kernel_outerloop_0_dataflow_region : arg1_0_axis_out_V_keep_V | {}
	Port: kernel_outerloop_0_dataflow_region : arg1_0_axis_out_V_strb_V | {}
	Port: kernel_outerloop_0_dataflow_region : arg1_0_axis_out_V_last_V | {}
	Port: kernel_outerloop_0_dataflow_region : arg1_1_axis_out_V_data_V | {}
	Port: kernel_outerloop_0_dataflow_region : arg1_1_axis_out_V_keep_V | {}
	Port: kernel_outerloop_0_dataflow_region : arg1_1_axis_out_V_strb_V | {}
	Port: kernel_outerloop_0_dataflow_region : arg1_1_axis_out_V_last_V | {}
	Port: kernel_outerloop_0_dataflow_region : arg1_2_axis_out_V_data_V | {}
	Port: kernel_outerloop_0_dataflow_region : arg1_2_axis_out_V_keep_V | {}
	Port: kernel_outerloop_0_dataflow_region : arg1_2_axis_out_V_strb_V | {}
	Port: kernel_outerloop_0_dataflow_region : arg1_2_axis_out_V_last_V | {}
	Port: kernel_outerloop_0_dataflow_region : arg1_3_axis_out_V_data_V | {}
	Port: kernel_outerloop_0_dataflow_region : arg1_3_axis_out_V_keep_V | {}
	Port: kernel_outerloop_0_dataflow_region : arg1_3_axis_out_V_strb_V | {}
	Port: kernel_outerloop_0_dataflow_region : arg1_3_axis_out_V_last_V | {}
	Port: kernel_outerloop_0_dataflow_region : arg1_4_axis_out_V_data_V | {}
	Port: kernel_outerloop_0_dataflow_region : arg1_4_axis_out_V_keep_V | {}
	Port: kernel_outerloop_0_dataflow_region : arg1_4_axis_out_V_strb_V | {}
	Port: kernel_outerloop_0_dataflow_region : arg1_4_axis_out_V_last_V | {}
	Port: kernel_outerloop_0_dataflow_region : arg1_5_axis_out_V_data_V | {}
	Port: kernel_outerloop_0_dataflow_region : arg1_5_axis_out_V_keep_V | {}
	Port: kernel_outerloop_0_dataflow_region : arg1_5_axis_out_V_strb_V | {}
	Port: kernel_outerloop_0_dataflow_region : arg1_5_axis_out_V_last_V | {}
	Port: kernel_outerloop_0_dataflow_region : arg1_6_axis_out_V_data_V | {}
	Port: kernel_outerloop_0_dataflow_region : arg1_6_axis_out_V_keep_V | {}
	Port: kernel_outerloop_0_dataflow_region : arg1_6_axis_out_V_strb_V | {}
	Port: kernel_outerloop_0_dataflow_region : arg1_6_axis_out_V_last_V | {}
	Port: kernel_outerloop_0_dataflow_region : arg1_7_axis_out_V_data_V | {}
	Port: kernel_outerloop_0_dataflow_region : arg1_7_axis_out_V_keep_V | {}
	Port: kernel_outerloop_0_dataflow_region : arg1_7_axis_out_V_strb_V | {}
	Port: kernel_outerloop_0_dataflow_region : arg1_7_axis_out_V_last_V | {}
  - Chain level:
	State 1
		call_ln111 : 1
		call_ln112 : 1
		call_ln113 : 1
		call_ln114 : 1
		call_ln115 : 1
		call_ln116 : 1
		call_ln117 : 1
		call_ln118 : 1
	State 2
	State 3
	State 4
	State 5
	State 6
	State 7
	State 8
	State 9
	State 10


============================================================
+ Verbose Summary: Datapath Resource usage 
============================================================

* Functional unit list:
|----------|---------------------------------------------------------------------------------|---------|---------|---------|---------|---------|---------|
| Operation|                                 Functional Unit                                 |   BRAM  |   DSP   |  Delay  |    FF   |   LUT   |   URAM  |
|----------|---------------------------------------------------------------------------------|---------|---------|---------|---------|---------|---------|
|          |                          grp_axis2stream_256u_s_fu_706                          |    0    |    0    |    0    |   314   |    54   |    0    |
|          |                          grp_axis2stream_256u_1_fu_722                          |    0    |    0    |    0    |   285   |    54   |    0    |
|          |                          grp_axis2stream_256u_2_fu_737                          |    0    |    0    |    0    |   285   |    54   |    0    |
|          |                          grp_axis2stream_256u_3_fu_752                          |    0    |    0    |    0    |   285   |    54   |    0    |
|          |                          grp_axis2stream_256u_4_fu_767                          |    0    |    0    |    0    |   285   |    54   |    0    |
|          |                          grp_axis2stream_256u_5_fu_782                          |    0    |    0    |    0    |   285   |    54   |    0    |
|          |                          grp_axis2stream_256u_6_fu_797                          |    0    |    0    |    0    |   285   |    54   |    0    |
|          |                          grp_axis2stream_256u_7_fu_812                          |    0    |    0    |    0    |   285   |    54   |    0    |
|          |                           grp_stream2interleave_fu_827                          |    0    |    0    |  0.387  |   4444  |   139   |    0    |
|          |                            call_ln0_entry_proc_fu_849                           |    0    |    0    |    0    |    0    |    0    |    0    |
|          | grp_kernel_poisson_kernel_stencil_PE_unsigned_short_4_unsigned_short_0_s_fu_889 |    8    |   130   |  31.347 |  31394  |  21869  |    8    |
|   call   | grp_kernel_poisson_kernel_stencil_PE_unsigned_short_4_unsigned_short_1_s_fu_903 |    8    |   130   |  31.347 |  31394  |  21869  |    8    |
|          | grp_kernel_poisson_kernel_stencil_PE_unsigned_short_4_unsigned_short_2_s_fu_917 |    8    |   130   |  31.347 |  31394  |  21869  |    8    |
|          | grp_kernel_poisson_kernel_stencil_PE_unsigned_short_4_unsigned_short_3_s_fu_931 |    8    |   130   |  31.347 |  31394  |  21869  |    8    |
|          |                           grp_interleave2stream_fu_945                          |    0    |    0    |    0    |    58   |    54   |    0    |
|          |                          grp_stream2axis_256u_s_fu_974                          |    0    |    0    |    0    |    58   |    54   |    0    |
|          |                          grp_stream2axis_256u_8_fu_988                          |    0    |    0    |    0    |    58   |    54   |    0    |
|          |                          grp_stream2axis_256u_9_fu_1002                         |    0    |    0    |    0    |    58   |    54   |    0    |
|          |                         grp_stream2axis_256u_10_fu_1016                         |    0    |    0    |    0    |    58   |    54   |    0    |
|          |                         grp_stream2axis_256u_11_fu_1030                         |    0    |    0    |    0    |    58   |    54   |    0    |
|          |                         grp_stream2axis_256u_12_fu_1044                         |    0    |    0    |    0    |    58   |    54   |    0    |
|          |                         grp_stream2axis_256u_13_fu_1058                         |    0    |    0    |    0    |    58   |    54   |    0    |
|          |                         grp_stream2axis_256u_14_fu_1072                         |    0    |    0    |    0    |    58   |    54   |    0    |
|----------|---------------------------------------------------------------------------------|---------|---------|---------|---------|---------|---------|
|          |                            num_pkts_read_read_fu_664                            |    0    |    0    |    0    |    0    |    0    |    0    |
|          |                              p_read511_read_fu_670                              |    0    |    0    |    0    |    0    |    0    |    0    |
|          |                              p_read410_read_fu_676                              |    0    |    0    |    0    |    0    |    0    |    0    |
|   read   |                               p_read39_read_fu_682                              |    0    |    0    |    0    |    0    |    0    |    0    |
|          |                               p_read28_read_fu_688                              |    0    |    0    |    0    |    0    |    0    |    0    |
|          |                               p_read17_read_fu_694                              |    0    |    0    |    0    |    0    |    0    |    0    |
|          |                              p_read_21_read_fu_700                              |    0    |    0    |    0    |    0    |    0    |    0    |
|----------|---------------------------------------------------------------------------------|---------|---------|---------|---------|---------|---------|
|   Total  |                                                                                 |    32   |   520   | 125.775 |  132851 |  88533  |    32   |
|----------|---------------------------------------------------------------------------------|---------|---------|---------|---------|---------|---------|

Memories:
N/A

* Register list:
+---------------------------------------------------------+--------+
|                                                         |   FF   |
+---------------------------------------------------------+--------+
|              arg0_arg1_streams_0_0_reg_1302             |   256  |
|              arg0_arg1_streams_0_1_reg_1308             |   256  |
|              arg0_arg1_streams_0_2_reg_1314             |   256  |
|              arg0_arg1_streams_0_3_reg_1320             |   256  |
|              arg0_arg1_streams_0_4_reg_1326             |   256  |
|              arg0_arg1_streams_0_5_reg_1332             |   256  |
|              arg0_arg1_streams_0_6_reg_1338             |   256  |
|              arg0_arg1_streams_0_7_reg_1344             |   256  |
|              arg0_arg1_streams_1_0_reg_1350             |   256  |
|              arg0_arg1_streams_1_1_reg_1356             |   256  |
|              arg0_arg1_streams_1_2_reg_1362             |   256  |
|              arg0_arg1_streams_1_3_reg_1368             |   256  |
|              arg0_arg1_streams_1_4_reg_1374             |   256  |
|              arg0_arg1_streams_1_5_reg_1380             |   256  |
|              arg0_arg1_streams_1_6_reg_1386             |   256  |
|              arg0_arg1_streams_1_7_reg_1392             |   256  |
| arg0_poisson_kernel_stencil_in_subtile_stream_0_reg_1398|   288  |
| arg0_poisson_kernel_stencil_in_subtile_stream_1_reg_1404|   288  |
| arg0_poisson_kernel_stencil_in_subtile_stream_2_reg_1410|   288  |
| arg0_poisson_kernel_stencil_in_subtile_stream_3_reg_1416|   288  |
| arg0_poisson_kernel_stencil_in_subtile_stream_4_reg_1422|   288  |
| arg0_poisson_kernel_stencil_in_subtile_stream_5_reg_1428|   288  |
| arg0_poisson_kernel_stencil_in_subtile_stream_6_reg_1434|   288  |
| arg0_poisson_kernel_stencil_in_subtile_stream_7_reg_1440|   288  |
|arg1_poisson_kernel_stencil_out_subtile_stream_0_reg_1446|   288  |
|arg1_poisson_kernel_stencil_out_subtile_stream_1_reg_1452|   288  |
|arg1_poisson_kernel_stencil_out_subtile_stream_2_reg_1458|   288  |
|arg1_poisson_kernel_stencil_out_subtile_stream_3_reg_1464|   288  |
|arg1_poisson_kernel_stencil_out_subtile_stream_4_reg_1470|   288  |
|arg1_poisson_kernel_stencil_out_subtile_stream_5_reg_1476|   288  |
|arg1_poisson_kernel_stencil_out_subtile_stream_6_reg_1482|   288  |
|arg1_poisson_kernel_stencil_out_subtile_stream_7_reg_1488|   288  |
|                  num_pkts_c19_reg_1146                  |   29   |
|                  num_pkts_c20_reg_1140                  |   29   |
|                  num_pkts_c21_reg_1134                  |   29   |
|                  num_pkts_c22_reg_1128                  |   29   |
|                  num_pkts_c23_reg_1122                  |   29   |
|                  num_pkts_c24_reg_1116                  |   29   |
|                  num_pkts_c25_reg_1110                  |   29   |
|                  num_pkts_c26_reg_1104                  |   29   |
|                  num_pkts_c27_reg_1098                  |   29   |
|                   num_pkts_c_reg_1152                   |   29   |
|                  num_pkts_read_reg_1086                 |   29   |
|              stencilConfig_0_0_c1_reg_1290              |   14   |
|              stencilConfig_0_0_c2_reg_1284              |   14   |
|              stencilConfig_0_0_c3_reg_1278              |   14   |
|               stencilConfig_0_0_c_reg_1296              |   14   |
|              stencilConfig_0_1_c4_reg_1266              |   16   |
|              stencilConfig_0_1_c5_reg_1260              |   16   |
|              stencilConfig_0_1_c6_reg_1254              |   16   |
|               stencilConfig_0_1_c_reg_1272              |   16   |
|               stencilConfig_2_c7_reg_1242               |   16   |
|               stencilConfig_2_c8_reg_1236               |   16   |
|               stencilConfig_2_c9_reg_1230               |   16   |
|                stencilConfig_2_c_reg_1248               |   16   |
|               stencilConfig_3_c10_reg_1218              |   16   |
|               stencilConfig_3_c11_reg_1212              |   16   |
|               stencilConfig_3_c12_reg_1206              |   16   |
|                stencilConfig_3_c_reg_1224               |   16   |
|              stencilConfig_5_0_c13_reg_1194             |    1   |
|              stencilConfig_5_0_c14_reg_1188             |    1   |
|              stencilConfig_5_0_c15_reg_1182             |    1   |
|               stencilConfig_5_0_c_reg_1200              |    1   |
|               stencilConfig_6_c16_reg_1170              |   14   |
|               stencilConfig_6_c17_reg_1164              |   14   |
|               stencilConfig_6_c18_reg_1158              |   14   |
|                stencilConfig_6_c_reg_1176               |   14   |
+---------------------------------------------------------+--------+
|                          Total                          |  9331  |
+---------------------------------------------------------+--------+

* Multiplexer (MUX) list: 
|-------------------------------|------|------|------|--------||---------||---------|
|              Comp             |  Pin | Size |  BW  | S x BW ||  Delay  ||   LUT   |
|-------------------------------|------|------|------|--------||---------||---------|
| grp_axis2stream_256u_s_fu_706 |  p6  |   2  |  29  |   58   ||    9    |
| grp_axis2stream_256u_1_fu_722 |  p6  |   2  |  29  |   58   ||    9    |
| grp_axis2stream_256u_2_fu_737 |  p6  |   2  |  29  |   58   ||    9    |
| grp_axis2stream_256u_3_fu_752 |  p6  |   2  |  29  |   58   ||    9    |
| grp_axis2stream_256u_4_fu_767 |  p6  |   2  |  29  |   58   ||    9    |
| grp_axis2stream_256u_5_fu_782 |  p6  |   2  |  29  |   58   ||    9    |
| grp_axis2stream_256u_6_fu_797 |  p6  |   2  |  29  |   58   ||    9    |
| grp_axis2stream_256u_7_fu_812 |  p6  |   2  |  29  |   58   ||    9    |
|-------------------------------|------|------|------|--------||---------||---------|
|             Total             |      |      |      |   464  ||  3.096  ||    72   |
|-------------------------------|------|------|------|--------||---------||---------|



* Summary:
+-----------+--------+--------+--------+--------+--------+--------+
|           |  BRAM  |   DSP  |  Delay |   FF   |   LUT  |  URAM  |
+-----------+--------+--------+--------+--------+--------+--------+
|  Function |   32   |   520  |   125  | 132851 |  88533 |   32   |
|   Memory  |    -   |    -   |    -   |    -   |    -   |    -   |
|Multiplexer|    -   |    -   |    3   |    -   |   72   |    -   |
|  Register |    -   |    -   |    -   |  9331  |    -   |    -   |
+-----------+--------+--------+--------+--------+--------+--------+
|   Total   |   32   |   520  |   128  | 142182 |  88605 |   32   |
+-----------+--------+--------+--------+--------+--------+--------+
