grid_x,grid_y,grid_z,iters,batch_size,batch_id,init_time,main_time,total_time
250,250,250,60044,1,0,406299,1.43602e+07,1.47665e+07
250,250,250,60044,1,1,411812,1.43602e+07,1.4772e+07
250,250,250,60044,1,2,427143,1.43599e+07,1.47871e+07
args: -sizex=250 -sizey=250 -sizez=250 -iters=60044 -batch=3 -bsize=1
