

================================================================
== Vitis HLS Report for 'kernel_outerloop_0_dataflow_region'
================================================================
* Date:           Tue Aug 11 20:33:02 2026

* Version:        2022.2 (Build 3670227 on Oct 13 2022)
* Project:        kernel_outerloop_0_0
* Solution:       solution (Vitis Kernel Flow Target)
* Product family: virtexuplus
* Target device:  xcu280-fsvh2892-2L-e


================================================================
== Performance Estimates
================================================================
+ Timing: 
    * Summary: 
    +--------+---------+----------+------------+
    |  Clock |  Target | Estimated| Uncertainty|
    +--------+---------+----------+------------+
    |ap_clk  |  3.33 ns|  2.433 ns|     0.90 ns|
    +--------+---------+----------+------------+

+ Latency: 
    * Summary: 
    +---------+---------+----------+----------+-----+-----+----------+
    |  Latency (cycles) |  Latency (absolute) |  Interval | Pipeline |
    |   min   |   max   |    min   |    max   | min | max |   Type   |
    +---------+---------+----------+----------+-----+-----+----------+
    |        ?|        ?|         ?|         ?|    ?|    ?|  dataflow|
    +---------+---------+----------+----------+-----+-----+----------+

    + Detail: 
        * Instance: 
        +--------------------------------------------------------------------------+-----------------------------------------------------------------------+---------+-----------+-----------+-----------+-----+-----------+---------+
        |                                                                          |                                                                       |   Latency (cycles)  |   Latency (absolute)  |     Interval    | Pipeline|
        |                                 Instance                                 |                                 Module                                |   min   |    max    |    min    |    max    | min |    max    |   Type  |
        +--------------------------------------------------------------------------+-----------------------------------------------------------------------+---------+-----------+-----------+-----------+-----+-----------+---------+
        |entry_proc_U0                                                             |entry_proc                                                             |        0|          0|       0 ns|       0 ns|    0|          0|       no|
        |axis2stream_256u_U0                                                       |axis2stream_256u_s                                                     |        4|  536862724|  13.332 ns|  1.789 sec|    4|  536862724|       no|
        |axis2stream_256u_1_U0                                                     |axis2stream_256u_1                                                     |        2|  536862722|   6.666 ns|  1.789 sec|    2|  536862722|       no|
        |axis2stream_256u_2_U0                                                     |axis2stream_256u_2                                                     |        2|  536862722|   6.666 ns|  1.789 sec|    2|  536862722|       no|
        |axis2stream_256u_3_U0                                                     |axis2stream_256u_3                                                     |        2|  536862722|   6.666 ns|  1.789 sec|    2|  536862722|       no|
        |axis2stream_256u_4_U0                                                     |axis2stream_256u_4                                                     |        2|  536862722|   6.666 ns|  1.789 sec|    2|  536862722|       no|
        |axis2stream_256u_5_U0                                                     |axis2stream_256u_5                                                     |        2|  536862722|   6.666 ns|  1.789 sec|    2|  536862722|       no|
        |axis2stream_256u_6_U0                                                     |axis2stream_256u_6                                                     |        2|  536862722|   6.666 ns|  1.789 sec|    2|  536862722|       no|
        |axis2stream_256u_7_U0                                                     |axis2stream_256u_7                                                     |        2|  536862722|   6.666 ns|  1.789 sec|    2|  536862722|       no|
        |stream2interleave_U0                                                      |stream2interleave                                                      |        ?|          ?|          ?|          ?|    ?|          ?|       no|
        |kernel_poisson_kernel_stencil_PE_unsigned_short_4_unsigned_short_0_U0     |kernel_poisson_kernel_stencil_PE_unsigned_short_4_unsigned_short_0_s   |        ?|          ?|          ?|          ?|    ?|          ?|       no|
        |kernel_poisson_kernel_stencil_PE_unsigned_short_4_unsigned_short_1_U0     |kernel_poisson_kernel_stencil_PE_unsigned_short_4_unsigned_short_1_s   |        ?|          ?|          ?|          ?|    ?|          ?|       no|
        |kernel_poisson_kernel_stencil_PE_unsigned_short_4_unsigned_short_2_U0     |kernel_poisson_kernel_stencil_PE_unsigned_short_4_unsigned_short_2_s   |        ?|          ?|          ?|          ?|    ?|          ?|       no|
        |kernel_poisson_kernel_stencil_PE_unsigned_short_4_unsigned_short_3_U0     |kernel_poisson_kernel_stencil_PE_unsigned_short_4_unsigned_short_3_s   |        ?|          ?|          ?|          ?|    ?|          ?|       no|
        |updateInterleaveBoundaries_U0                                             |updateInterleaveBoundaries                                             |        ?|          ?|          ?|          ?|    ?|          ?|       no|
        |kernel_poisson_kernel_stencil_PE_unsigned_short_4_unsigned_short_0_8_U0   |kernel_poisson_kernel_stencil_PE_unsigned_short_4_unsigned_short_0_8   |        ?|          ?|          ?|          ?|    ?|          ?|       no|
        |kernel_poisson_kernel_stencil_PE_unsigned_short_4_unsigned_short_1_9_U0   |kernel_poisson_kernel_stencil_PE_unsigned_short_4_unsigned_short_1_9   |        ?|          ?|          ?|          ?|    ?|          ?|       no|
        |kernel_poisson_kernel_stencil_PE_unsigned_short_4_unsigned_short_2_10_U0  |kernel_poisson_kernel_stencil_PE_unsigned_short_4_unsigned_short_2_10  |        ?|          ?|          ?|          ?|    ?|          ?|       no|
        |kernel_poisson_kernel_stencil_PE_unsigned_short_4_unsigned_short_3_11_U0  |kernel_poisson_kernel_stencil_PE_unsigned_short_4_unsigned_short_3_11  |        ?|          ?|          ?|          ?|    ?|          ?|       no|
        |interleave2stream_U0                                                      |interleave2stream                                                      |        ?|          ?|          ?|          ?|    ?|          ?|       no|
        |stream2axis_256u_U0                                                       |stream2axis_256u_s                                                     |        ?|          ?|          ?|          ?|    ?|          ?|       no|
        |stream2axis_256u_12_U0                                                    |stream2axis_256u_12                                                    |        ?|          ?|          ?|          ?|    ?|          ?|       no|
        |stream2axis_256u_13_U0                                                    |stream2axis_256u_13                                                    |        ?|          ?|          ?|          ?|    ?|          ?|       no|
        |stream2axis_256u_14_U0                                                    |stream2axis_256u_14                                                    |        ?|          ?|          ?|          ?|    ?|          ?|       no|
        |stream2axis_256u_15_U0                                                    |stream2axis_256u_15                                                    |        ?|          ?|          ?|          ?|    ?|          ?|       no|
        |stream2axis_256u_16_U0                                                    |stream2axis_256u_16                                                    |        ?|          ?|          ?|          ?|    ?|          ?|       no|
        |stream2axis_256u_17_U0                                                    |stream2axis_256u_17                                                    |        ?|          ?|          ?|          ?|    ?|          ?|       no|
        |stream2axis_256u_18_U0                                                    |stream2axis_256u_18                                                    |        ?|          ?|          ?|          ?|    ?|          ?|       no|
        +--------------------------------------------------------------------------+-----------------------------------------------------------------------+---------+-----------+-----------+-----------+-----+-----------+---------+

        * Loop: 
        N/A



================================================================
== Utilization Estimates
================================================================
* Summary: 
+---------------------+---------+------+---------+---------+-----+
|         Name        | BRAM_18K|  DSP |    FF   |   LUT   | URAM|
+---------------------+---------+------+---------+---------+-----+
|DSP                  |        -|     -|        -|        -|    -|
|Expression           |        -|     -|        0|       50|    -|
|FIFO                 |        0|     -|    46312|    24774|    -|
|Instance             |       64|  1040|   274387|   191863|   64|
|Memory               |        -|     -|        -|        -|    -|
|Multiplexer          |        -|     -|        -|       81|    -|
|Register             |        -|     -|        9|        -|    -|
+---------------------+---------+------+---------+---------+-----+
|Total                |       64|  1040|   320708|   216768|   64|
+---------------------+---------+------+---------+---------+-----+
|Available SLR        |     1344|  3008|   869120|   434560|  320|
+---------------------+---------+------+---------+---------+-----+
|Utilization SLR (%)  |        4|    34|       36|       49|   20|
+---------------------+---------+------+---------+---------+-----+
|Available            |     4032|  9024|  2607360|  1303680|  960|
+---------------------+---------+------+---------+---------+-----+
|Utilization (%)      |        1|    11|       12|       16|    6|
+---------------------+---------+------+---------+---------+-----+

+ Detail: 
    * Instance: 
    +--------------------------------------------------------------------------+-----------------------------------------------------------------------+---------+-----+-------+-------+-----+
    |                                 Instance                                 |                                 Module                                | BRAM_18K| DSP |   FF  |  LUT  | URAM|
    +--------------------------------------------------------------------------+-----------------------------------------------------------------------+---------+-----+-------+-------+-----+
    |axis2stream_256u_1_U0                                                     |axis2stream_256u_1                                                     |        0|    0|    288|    116|    0|
    |axis2stream_256u_2_U0                                                     |axis2stream_256u_2                                                     |        0|    0|    288|    116|    0|
    |axis2stream_256u_3_U0                                                     |axis2stream_256u_3                                                     |        0|    0|    288|    116|    0|
    |axis2stream_256u_4_U0                                                     |axis2stream_256u_4                                                     |        0|    0|    288|    116|    0|
    |axis2stream_256u_5_U0                                                     |axis2stream_256u_5                                                     |        0|    0|    288|    116|    0|
    |axis2stream_256u_6_U0                                                     |axis2stream_256u_6                                                     |        0|    0|    288|    116|    0|
    |axis2stream_256u_7_U0                                                     |axis2stream_256u_7                                                     |        0|    0|    288|    116|    0|
    |axis2stream_256u_U0                                                       |axis2stream_256u_s                                                     |        0|    0|    294|    181|    0|
    |entry_proc_U0                                                             |entry_proc                                                             |        0|    0|      3|    245|    0|
    |interleave2stream_U0                                                      |interleave2stream                                                      |        0|    0|     67|    505|    0|
    |kernel_poisson_kernel_stencil_PE_unsigned_short_4_unsigned_short_0_8_U0   |kernel_poisson_kernel_stencil_PE_unsigned_short_4_unsigned_short_0_8   |        8|  130|  33313|  23415|    8|
    |kernel_poisson_kernel_stencil_PE_unsigned_short_4_unsigned_short_0_U0     |kernel_poisson_kernel_stencil_PE_unsigned_short_4_unsigned_short_0_s   |        8|  130|  33314|  23649|    8|
    |kernel_poisson_kernel_stencil_PE_unsigned_short_4_unsigned_short_1_9_U0   |kernel_poisson_kernel_stencil_PE_unsigned_short_4_unsigned_short_1_9   |        8|  130|  33322|  23425|    8|
    |kernel_poisson_kernel_stencil_PE_unsigned_short_4_unsigned_short_1_U0     |kernel_poisson_kernel_stencil_PE_unsigned_short_4_unsigned_short_1_s   |        8|  130|  33322|  23425|    8|
    |kernel_poisson_kernel_stencil_PE_unsigned_short_4_unsigned_short_2_10_U0  |kernel_poisson_kernel_stencil_PE_unsigned_short_4_unsigned_short_2_10  |        8|  130|  33322|  23425|    8|
    |kernel_poisson_kernel_stencil_PE_unsigned_short_4_unsigned_short_2_U0     |kernel_poisson_kernel_stencil_PE_unsigned_short_4_unsigned_short_2_s   |        8|  130|  33322|  23425|    8|
    |kernel_poisson_kernel_stencil_PE_unsigned_short_4_unsigned_short_3_11_U0  |kernel_poisson_kernel_stencil_PE_unsigned_short_4_unsigned_short_3_11  |        8|  130|  33312|  23423|    8|
    |kernel_poisson_kernel_stencil_PE_unsigned_short_4_unsigned_short_3_U0     |kernel_poisson_kernel_stencil_PE_unsigned_short_4_unsigned_short_3_s   |        8|  130|  33312|  23423|    8|
    |stream2axis_256u_12_U0                                                    |stream2axis_256u_12                                                    |        0|    0|     66|    165|    0|
    |stream2axis_256u_13_U0                                                    |stream2axis_256u_13                                                    |        0|    0|     66|    165|    0|
    |stream2axis_256u_14_U0                                                    |stream2axis_256u_14                                                    |        0|    0|     66|    165|    0|
    |stream2axis_256u_15_U0                                                    |stream2axis_256u_15                                                    |        0|    0|     66|    165|    0|
    |stream2axis_256u_16_U0                                                    |stream2axis_256u_16                                                    |        0|    0|     66|    165|    0|
    |stream2axis_256u_17_U0                                                    |stream2axis_256u_17                                                    |        0|    0|     66|    165|    0|
    |stream2axis_256u_18_U0                                                    |stream2axis_256u_18                                                    |        0|    0|     66|    165|    0|
    |stream2axis_256u_U0                                                       |stream2axis_256u_s                                                     |        0|    0|     66|    165|    0|
    |stream2interleave_U0                                                      |stream2interleave                                                      |        0|    0|   2406|    595|    0|
    |updateInterleaveBoundaries_U0                                             |updateInterleaveBoundaries                                             |        0|    0|   2534|    595|    0|
    +--------------------------------------------------------------------------+-----------------------------------------------------------------------+---------+-----+-------+-------+-----+
    |Total                                                                     |                                                                       |       64| 1040| 274387| 191863|   64|
    +--------------------------------------------------------------------------+-----------------------------------------------------------------------+---------+-----+-------+-------+-----+

    * DSP: 
    N/A

    * Memory: 
    N/A

    * FIFO: 
    +------------------------------------------------------+---------+------+----+-----+------+-----+---------+
    |                         Name                         | BRAM_18K|  FF  | LUT| URAM| Depth| Bits| Size:D*B|
    +------------------------------------------------------+---------+------+----+-----+------+-----+---------+
    |arg0_arg1_streams_0_0_U                               |        0|   784|   0|    -|    10|  256|     2560|
    |arg0_arg1_streams_0_1_U                               |        0|   784|   0|    -|    10|  256|     2560|
    |arg0_arg1_streams_0_2_U                               |        0|   784|   0|    -|    10|  256|     2560|
    |arg0_arg1_streams_0_3_U                               |        0|   784|   0|    -|    10|  256|     2560|
    |arg0_arg1_streams_0_4_U                               |        0|   784|   0|    -|    10|  256|     2560|
    |arg0_arg1_streams_0_5_U                               |        0|   784|   0|    -|    10|  256|     2560|
    |arg0_arg1_streams_0_6_U                               |        0|   784|   0|    -|    10|  256|     2560|
    |arg0_arg1_streams_0_7_U                               |        0|   784|   0|    -|    10|  256|     2560|
    |arg0_arg1_streams_1_0_U                               |        0|   784|   0|    -|    10|  256|     2560|
    |arg0_arg1_streams_1_1_U                               |        0|   784|   0|    -|    10|  256|     2560|
    |arg0_arg1_streams_1_2_U                               |        0|   784|   0|    -|    10|  256|     2560|
    |arg0_arg1_streams_1_3_U                               |        0|   784|   0|    -|    10|  256|     2560|
    |arg0_arg1_streams_1_4_U                               |        0|   784|   0|    -|    10|  256|     2560|
    |arg0_arg1_streams_1_5_U                               |        0|   784|   0|    -|    10|  256|     2560|
    |arg0_arg1_streams_1_6_U                               |        0|   784|   0|    -|    10|  256|     2560|
    |arg0_arg1_streams_1_7_U                               |        0|   784|   0|    -|    10|  256|     2560|
    |arg0_poisson_kernel_stencil_in_subtile_stream_0_0_U   |        0|  1028|   0|    -|     2|  288|      576|
    |arg0_poisson_kernel_stencil_in_subtile_stream_0_1_U   |        0|  1028|   0|    -|     2|  288|      576|
    |arg0_poisson_kernel_stencil_in_subtile_stream_0_2_U   |        0|  1028|   0|    -|     2|  288|      576|
    |arg0_poisson_kernel_stencil_in_subtile_stream_0_3_U   |        0|  1028|   0|    -|     2|  288|      576|
    |arg0_poisson_kernel_stencil_in_subtile_stream_0_4_U   |        0|  1028|   0|    -|     2|  288|      576|
    |arg0_poisson_kernel_stencil_in_subtile_stream_0_5_U   |        0|  1028|   0|    -|     2|  288|      576|
    |arg0_poisson_kernel_stencil_in_subtile_stream_0_6_U   |        0|  1028|   0|    -|     2|  288|      576|
    |arg0_poisson_kernel_stencil_in_subtile_stream_0_7_U   |        0|  1028|   0|    -|     2|  288|      576|
    |arg0_poisson_kernel_stencil_in_subtile_stream_1_0_U   |        0|  1028|   0|    -|     2|  288|      576|
    |arg0_poisson_kernel_stencil_in_subtile_stream_1_1_U   |        0|  1028|   0|    -|     2|  288|      576|
    |arg0_poisson_kernel_stencil_in_subtile_stream_1_2_U   |        0|  1028|   0|    -|     2|  288|      576|
    |arg0_poisson_kernel_stencil_in_subtile_stream_1_3_U   |        0|  1028|   0|    -|     2|  288|      576|
    |arg0_poisson_kernel_stencil_in_subtile_stream_1_4_U   |        0|  1028|   0|    -|     2|  288|      576|
    |arg0_poisson_kernel_stencil_in_subtile_stream_1_5_U   |        0|  1028|   0|    -|     2|  288|      576|
    |arg0_poisson_kernel_stencil_in_subtile_stream_1_6_U   |        0|  1028|   0|    -|     2|  288|      576|
    |arg0_poisson_kernel_stencil_in_subtile_stream_1_7_U   |        0|  1028|   0|    -|     2|  288|      576|
    |arg1_poisson_kernel_stencil_out_subtile_stream_0_0_U  |        0|  1028|   0|    -|     2|  288|      576|
    |arg1_poisson_kernel_stencil_out_subtile_stream_0_1_U  |        0|  1028|   0|    -|     2|  288|      576|
    |arg1_poisson_kernel_stencil_out_subtile_stream_0_2_U  |        0|  1028|   0|    -|     2|  288|      576|
    |arg1_poisson_kernel_stencil_out_subtile_stream_0_3_U  |        0|  1028|   0|    -|     2|  288|      576|
    |arg1_poisson_kernel_stencil_out_subtile_stream_0_4_U  |        0|  1028|   0|    -|     2|  288|      576|
    |arg1_poisson_kernel_stencil_out_subtile_stream_0_5_U  |        0|  1028|   0|    -|     2|  288|      576|
    |arg1_poisson_kernel_stencil_out_subtile_stream_0_6_U  |        0|  1028|   0|    -|     2|  288|      576|
    |arg1_poisson_kernel_stencil_out_subtile_stream_0_7_U  |        0|  1028|   0|    -|     2|  288|      576|
    |arg1_poisson_kernel_stencil_out_subtile_stream_1_0_U  |        0|  1028|   0|    -|     2|  288|      576|
    |arg1_poisson_kernel_stencil_out_subtile_stream_1_1_U  |        0|  1028|   0|    -|     2|  288|      576|
    |arg1_poisson_kernel_stencil_out_subtile_stream_1_2_U  |        0|  1028|   0|    -|     2|  288|      576|
    |arg1_poisson_kernel_stencil_out_subtile_stream_1_3_U  |        0|  1028|   0|    -|     2|  288|      576|
    |arg1_poisson_kernel_stencil_out_subtile_stream_1_4_U  |        0|  1028|   0|    -|     2|  288|      576|
    |arg1_poisson_kernel_stencil_out_subtile_stream_1_5_U  |        0|  1028|   0|    -|     2|  288|      576|
    |arg1_poisson_kernel_stencil_out_subtile_stream_1_6_U  |        0|  1028|   0|    -|     2|  288|      576|
    |arg1_poisson_kernel_stencil_out_subtile_stream_1_7_U  |        0|  1028|   0|    -|     2|  288|      576|
    |num_pkts_c100_U                                       |        0|    68|   0|    -|     2|   29|       58|
    |num_pkts_c101_U                                       |        0|    68|   0|    -|     2|   29|       58|
    |num_pkts_c102_U                                       |        0|    68|   0|    -|     2|   29|       58|
    |num_pkts_c103_U                                       |        0|    68|   0|    -|     2|   29|       58|
    |num_pkts_c104_U                                       |        0|    68|   0|    -|     2|   29|       58|
    |num_pkts_c105_U                                       |        0|    68|   0|    -|     2|   29|       58|
    |num_pkts_c106_U                                       |        0|    68|   0|    -|     2|   29|       58|
    |num_pkts_c107_U                                       |        0|     5|   0|    -|     3|   29|       87|
    |num_pkts_c108_U                                       |        0|     5|   0|    -|     3|   29|       87|
    |num_pkts_c109_U                                       |        0|    68|   0|    -|     2|   29|       58|
    |num_pkts_c_U                                          |        0|    68|   0|    -|     2|   29|       58|
    |stencilConfig_0_0_c57_U                               |        0|     5|   0|    -|     3|   14|       42|
    |stencilConfig_0_0_c58_U                               |        0|     5|   0|    -|     3|   14|       42|
    |stencilConfig_0_0_c59_U                               |        0|     5|   0|    -|     3|   14|       42|
    |stencilConfig_0_0_c60_U                               |        0|     5|   0|    -|     4|   14|       56|
    |stencilConfig_0_0_c61_U                               |        0|     5|   0|    -|     4|   14|       56|
    |stencilConfig_0_0_c62_U                               |        0|     5|   0|    -|     4|   14|       56|
    |stencilConfig_0_0_c63_U                               |        0|     5|   0|    -|     4|   14|       56|
    |stencilConfig_0_0_c_U                                 |        0|     5|   0|    -|     3|   14|       42|
    |stencilConfig_0_1_c64_U                               |        0|     5|   0|    -|     3|   16|       48|
    |stencilConfig_0_1_c65_U                               |        0|     5|   0|    -|     3|   16|       48|
    |stencilConfig_0_1_c66_U                               |        0|     5|   0|    -|     3|   16|       48|
    |stencilConfig_0_1_c67_U                               |        0|     5|   0|    -|     4|   16|       64|
    |stencilConfig_0_1_c68_U                               |        0|     5|   0|    -|     4|   16|       64|
    |stencilConfig_0_1_c69_U                               |        0|     5|   0|    -|     4|   16|       64|
    |stencilConfig_0_1_c70_U                               |        0|     5|   0|    -|     4|   16|       64|
    |stencilConfig_0_1_c_U                                 |        0|     5|   0|    -|     3|   16|       48|
    |stencilConfig_2_c71_U                                 |        0|     5|   0|    -|     3|   16|       48|
    |stencilConfig_2_c72_U                                 |        0|     5|   0|    -|     3|   16|       48|
    |stencilConfig_2_c73_U                                 |        0|     5|   0|    -|     3|   16|       48|
    |stencilConfig_2_c74_U                                 |        0|     5|   0|    -|     4|   16|       64|
    |stencilConfig_2_c75_U                                 |        0|     5|   0|    -|     4|   16|       64|
    |stencilConfig_2_c76_U                                 |        0|     5|   0|    -|     4|   16|       64|
    |stencilConfig_2_c77_U                                 |        0|     5|   0|    -|     4|   16|       64|
    |stencilConfig_2_c_U                                   |        0|     5|   0|    -|     3|   16|       48|
    |stencilConfig_3_c78_U                                 |        0|     5|   0|    -|     3|   16|       48|
    |stencilConfig_3_c79_U                                 |        0|     5|   0|    -|     3|   16|       48|
    |stencilConfig_3_c80_U                                 |        0|     5|   0|    -|     3|   16|       48|
    |stencilConfig_3_c81_U                                 |        0|     5|   0|    -|     4|   16|       64|
    |stencilConfig_3_c82_U                                 |        0|     5|   0|    -|     4|   16|       64|
    |stencilConfig_3_c83_U                                 |        0|     5|   0|    -|     4|   16|       64|
    |stencilConfig_3_c84_U                                 |        0|     5|   0|    -|     4|   16|       64|
    |stencilConfig_3_c_U                                   |        0|     5|   0|    -|     3|   16|       48|
    |stencilConfig_4_0_c85_U                               |        0|     5|   0|    -|     4|    1|        4|
    |stencilConfig_4_0_c_U                                 |        0|     5|   0|    -|     3|    1|        3|
    |stencilConfig_5_0_c86_U                               |        0|     5|   0|    -|     3|    1|        3|
    |stencilConfig_5_0_c87_U                               |        0|     5|   0|    -|     3|    1|        3|
    |stencilConfig_5_0_c88_U                               |        0|     5|   0|    -|     3|    1|        3|
    |stencilConfig_5_0_c89_U                               |        0|     5|   0|    -|     4|    1|        4|
    |stencilConfig_5_0_c90_U                               |        0|     5|   0|    -|     4|    1|        4|
    |stencilConfig_5_0_c91_U                               |        0|     5|   0|    -|     4|    1|        4|
    |stencilConfig_5_0_c92_U                               |        0|     5|   0|    -|     4|    1|        4|
    |stencilConfig_5_0_c_U                                 |        0|     5|   0|    -|     3|    1|        3|
    |stencilConfig_6_c93_U                                 |        0|     5|   0|    -|     3|   14|       42|
    |stencilConfig_6_c94_U                                 |        0|     5|   0|    -|     3|   14|       42|
    |stencilConfig_6_c95_U                                 |        0|     5|   0|    -|     3|   14|       42|
    |stencilConfig_6_c96_U                                 |        0|     5|   0|    -|     4|   14|       56|
    |stencilConfig_6_c97_U                                 |        0|     5|   0|    -|     4|   14|       56|
    |stencilConfig_6_c98_U                                 |        0|     5|   0|    -|     4|   14|       56|
    |stencilConfig_6_c99_U                                 |        0|     5|   0|    -|     4|   14|       56|
    |stencilConfig_6_c_U                                   |        0|     5|   0|    -|     3|   14|       42|
    +------------------------------------------------------+---------+------+----+-----+------+-----+---------+
    |Total                                                 |        0| 46312|   0|    0|   423|14249|    62251|
    +------------------------------------------------------+---------+------+----+-----+------+-----+---------+

    * Expression: 
    +------------------------------------------------------------------------------------+----------+----+---+----+------------+------------+
    |                                    Variable Name                                   | Operation| DSP| FF| LUT| Bitwidth P0| Bitwidth P1|
    +------------------------------------------------------------------------------------+----------+----+---+----+------------+------------+
    |ap_idle                                                                             |       and|   0|  0|   2|           1|           1|
    |ap_sync_continue                                                                    |       and|   0|  0|   2|           1|           1|
    |ap_sync_done                                                                        |       and|   0|  0|   2|           1|           1|
    |ap_sync_ready                                                                       |       and|   0|  0|   2|           1|           1|
    |axis2stream_256u_1_U0_ap_start                                                      |       and|   0|  0|   2|           1|           1|
    |axis2stream_256u_2_U0_ap_start                                                      |       and|   0|  0|   2|           1|           1|
    |axis2stream_256u_3_U0_ap_start                                                      |       and|   0|  0|   2|           1|           1|
    |axis2stream_256u_4_U0_ap_start                                                      |       and|   0|  0|   2|           1|           1|
    |axis2stream_256u_5_U0_ap_start                                                      |       and|   0|  0|   2|           1|           1|
    |axis2stream_256u_6_U0_ap_start                                                      |       and|   0|  0|   2|           1|           1|
    |axis2stream_256u_7_U0_ap_start                                                      |       and|   0|  0|   2|           1|           1|
    |axis2stream_256u_U0_ap_start                                                        |       and|   0|  0|   2|           1|           1|
    |entry_proc_U0_ap_start                                                              |       and|   0|  0|   2|           1|           1|
    |entry_proc_U0_start_full_n                                                          |       and|   0|  0|   2|           1|           1|
    |interleave2stream_U0_start_full_n                                                   |       and|   0|  0|   2|           1|           1|
    |kernel_poisson_kernel_stencil_PE_unsigned_short_4_unsigned_short_0_U0_start_full_n  |       and|   0|  0|   2|           1|           1|
    |ap_sync_axis2stream_256u_1_U0_ap_ready                                              |        or|   0|  0|   2|           1|           1|
    |ap_sync_axis2stream_256u_2_U0_ap_ready                                              |        or|   0|  0|   2|           1|           1|
    |ap_sync_axis2stream_256u_3_U0_ap_ready                                              |        or|   0|  0|   2|           1|           1|
    |ap_sync_axis2stream_256u_4_U0_ap_ready                                              |        or|   0|  0|   2|           1|           1|
    |ap_sync_axis2stream_256u_5_U0_ap_ready                                              |        or|   0|  0|   2|           1|           1|
    |ap_sync_axis2stream_256u_6_U0_ap_ready                                              |        or|   0|  0|   2|           1|           1|
    |ap_sync_axis2stream_256u_7_U0_ap_ready                                              |        or|   0|  0|   2|           1|           1|
    |ap_sync_axis2stream_256u_U0_ap_ready                                                |        or|   0|  0|   2|           1|           1|
    |ap_sync_entry_proc_U0_ap_ready                                                      |        or|   0|  0|   2|           1|           1|
    +------------------------------------------------------------------------------------+----------+----+---+----+------------+------------+
    |Total                                                                               |          |   0|  0|  50|          25|          25|
    +------------------------------------------------------------------------------------+----------+----+---+----+------------+------------+

    * Multiplexer: 
    +--------------------------------------------+----+-----------+-----+-----------+
    |                    Name                    | LUT| Input Size| Bits| Total Bits|
    +--------------------------------------------+----+-----------+-----+-----------+
    |ap_sync_reg_axis2stream_256u_1_U0_ap_ready  |   9|          2|    1|          2|
    |ap_sync_reg_axis2stream_256u_2_U0_ap_ready  |   9|          2|    1|          2|
    |ap_sync_reg_axis2stream_256u_3_U0_ap_ready  |   9|          2|    1|          2|
    |ap_sync_reg_axis2stream_256u_4_U0_ap_ready  |   9|          2|    1|          2|
    |ap_sync_reg_axis2stream_256u_5_U0_ap_ready  |   9|          2|    1|          2|
    |ap_sync_reg_axis2stream_256u_6_U0_ap_ready  |   9|          2|    1|          2|
    |ap_sync_reg_axis2stream_256u_7_U0_ap_ready  |   9|          2|    1|          2|
    |ap_sync_reg_axis2stream_256u_U0_ap_ready    |   9|          2|    1|          2|
    |ap_sync_reg_entry_proc_U0_ap_ready          |   9|          2|    1|          2|
    +--------------------------------------------+----+-----------+-----+-----------+
    |Total                                       |  81|         18|    9|         18|
    +--------------------------------------------+----+-----------+-----+-----------+

    * Register: 
    +--------------------------------------------+---+----+-----+-----------+
    |                    Name                    | FF| LUT| Bits| Const Bits|
    +--------------------------------------------+---+----+-----+-----------+
    |ap_sync_reg_axis2stream_256u_1_U0_ap_ready  |  1|   0|    1|          0|
    |ap_sync_reg_axis2stream_256u_2_U0_ap_ready  |  1|   0|    1|          0|
    |ap_sync_reg_axis2stream_256u_3_U0_ap_ready  |  1|   0|    1|          0|
    |ap_sync_reg_axis2stream_256u_4_U0_ap_ready  |  1|   0|    1|          0|
    |ap_sync_reg_axis2stream_256u_5_U0_ap_ready  |  1|   0|    1|          0|
    |ap_sync_reg_axis2stream_256u_6_U0_ap_ready  |  1|   0|    1|          0|
    |ap_sync_reg_axis2stream_256u_7_U0_ap_ready  |  1|   0|    1|          0|
    |ap_sync_reg_axis2stream_256u_U0_ap_ready    |  1|   0|    1|          0|
    |ap_sync_reg_entry_proc_U0_ap_ready          |  1|   0|    1|          0|
    +--------------------------------------------+---+----+-----+-----------+
    |Total                                       |  9|   0|    9|          0|
    +--------------------------------------------+---+----+-----+-----------+



================================================================
== Interface
================================================================
* Summary: 
+------------------------+-----+-----+------------+------------------------------------+--------------+
|        RTL Ports       | Dir | Bits|  Protocol  |            Source Object           |    C Type    |
+------------------------+-----+-----+------------+------------------------------------+--------------+
|p_read                  |   in|   14|     ap_none|                              p_read|        scalar|
|p_read_ap_vld           |   in|    1|     ap_none|                              p_read|        scalar|
|p_read1                 |   in|   16|     ap_none|                             p_read1|        scalar|
|p_read1_ap_vld          |   in|    1|     ap_none|                             p_read1|        scalar|
|p_read2                 |   in|   16|     ap_none|                             p_read2|        scalar|
|p_read2_ap_vld          |   in|    1|     ap_none|                             p_read2|        scalar|
|p_read3                 |   in|   16|     ap_none|                             p_read3|        scalar|
|p_read3_ap_vld          |   in|    1|     ap_none|                             p_read3|        scalar|
|p_read4                 |   in|    1|     ap_none|                             p_read4|        scalar|
|p_read4_ap_vld          |   in|    1|     ap_none|                             p_read4|        scalar|
|p_read5                 |   in|    1|     ap_none|                             p_read5|        scalar|
|p_read5_ap_vld          |   in|    1|     ap_none|                             p_read5|        scalar|
|p_read6                 |   in|   14|     ap_none|                             p_read6|        scalar|
|p_read6_ap_vld          |   in|    1|     ap_none|                             p_read6|        scalar|
|num_pkts                |   in|   29|     ap_none|                            num_pkts|        scalar|
|num_pkts_ap_vld         |   in|    1|     ap_none|                            num_pkts|        scalar|
|arg0_0_axis_in_TDATA    |   in|  256|        axis|             arg0_0_axis_in_V_data_V|       pointer|
|arg0_0_axis_in_TKEEP    |   in|   32|        axis|             arg0_0_axis_in_V_keep_V|       pointer|
|arg0_0_axis_in_TSTRB    |   in|   32|        axis|             arg0_0_axis_in_V_strb_V|       pointer|
|arg0_0_axis_in_TLAST    |   in|    1|        axis|             arg0_0_axis_in_V_last_V|       pointer|
|arg0_0_axis_in_TVALID   |   in|    1|        axis|             arg0_0_axis_in_V_last_V|       pointer|
|arg0_0_axis_in_TREADY   |  out|    1|        axis|             arg0_0_axis_in_V_last_V|       pointer|
|arg0_1_axis_in_TDATA    |   in|  256|        axis|             arg0_1_axis_in_V_data_V|       pointer|
|arg0_1_axis_in_TKEEP    |   in|   32|        axis|             arg0_1_axis_in_V_keep_V|       pointer|
|arg0_1_axis_in_TSTRB    |   in|   32|        axis|             arg0_1_axis_in_V_strb_V|       pointer|
|arg0_1_axis_in_TLAST    |   in|    1|        axis|             arg0_1_axis_in_V_last_V|       pointer|
|arg0_1_axis_in_TVALID   |   in|    1|        axis|             arg0_1_axis_in_V_last_V|       pointer|
|arg0_1_axis_in_TREADY   |  out|    1|        axis|             arg0_1_axis_in_V_last_V|       pointer|
|arg0_2_axis_in_TDATA    |   in|  256|        axis|             arg0_2_axis_in_V_data_V|       pointer|
|arg0_2_axis_in_TKEEP    |   in|   32|        axis|             arg0_2_axis_in_V_keep_V|       pointer|
|arg0_2_axis_in_TSTRB    |   in|   32|        axis|             arg0_2_axis_in_V_strb_V|       pointer|
|arg0_2_axis_in_TLAST    |   in|    1|        axis|             arg0_2_axis_in_V_last_V|       pointer|
|arg0_2_axis_in_TVALID   |   in|    1|        axis|             arg0_2_axis_in_V_last_V|       pointer|
|arg0_2_axis_in_TREADY   |  out|    1|        axis|             arg0_2_axis_in_V_last_V|       pointer|
|arg0_3_axis_in_TDATA    |   in|  256|        axis|             arg0_3_axis_in_V_data_V|       pointer|
|arg0_3_axis_in_TKEEP    |   in|   32|        axis|             arg0_3_axis_in_V_keep_V|       pointer|
|arg0_3_axis_in_TSTRB    |   in|   32|        axis|             arg0_3_axis_in_V_strb_V|       pointer|
|arg0_3_axis_in_TLAST    |   in|    1|        axis|             arg0_3_axis_in_V_last_V|       pointer|
|arg0_3_axis_in_TVALID   |   in|    1|        axis|             arg0_3_axis_in_V_last_V|       pointer|
|arg0_3_axis_in_TREADY   |  out|    1|        axis|             arg0_3_axis_in_V_last_V|       pointer|
|arg0_4_axis_in_TDATA    |   in|  256|        axis|             arg0_4_axis_in_V_data_V|       pointer|
|arg0_4_axis_in_TKEEP    |   in|   32|        axis|             arg0_4_axis_in_V_keep_V|       pointer|
|arg0_4_axis_in_TSTRB    |   in|   32|        axis|             arg0_4_axis_in_V_strb_V|       pointer|
|arg0_4_axis_in_TLAST    |   in|    1|        axis|             arg0_4_axis_in_V_last_V|       pointer|
|arg0_4_axis_in_TVALID   |   in|    1|        axis|             arg0_4_axis_in_V_last_V|       pointer|
|arg0_4_axis_in_TREADY   |  out|    1|        axis|             arg0_4_axis_in_V_last_V|       pointer|
|arg0_5_axis_in_TDATA    |   in|  256|        axis|             arg0_5_axis_in_V_data_V|       pointer|
|arg0_5_axis_in_TKEEP    |   in|   32|        axis|             arg0_5_axis_in_V_keep_V|       pointer|
|arg0_5_axis_in_TSTRB    |   in|   32|        axis|             arg0_5_axis_in_V_strb_V|       pointer|
|arg0_5_axis_in_TLAST    |   in|    1|        axis|             arg0_5_axis_in_V_last_V|       pointer|
|arg0_5_axis_in_TVALID   |   in|    1|        axis|             arg0_5_axis_in_V_last_V|       pointer|
|arg0_5_axis_in_TREADY   |  out|    1|        axis|             arg0_5_axis_in_V_last_V|       pointer|
|arg0_6_axis_in_TDATA    |   in|  256|        axis|             arg0_6_axis_in_V_data_V|       pointer|
|arg0_6_axis_in_TKEEP    |   in|   32|        axis|             arg0_6_axis_in_V_keep_V|       pointer|
|arg0_6_axis_in_TSTRB    |   in|   32|        axis|             arg0_6_axis_in_V_strb_V|       pointer|
|arg0_6_axis_in_TLAST    |   in|    1|        axis|             arg0_6_axis_in_V_last_V|       pointer|
|arg0_6_axis_in_TVALID   |   in|    1|        axis|             arg0_6_axis_in_V_last_V|       pointer|
|arg0_6_axis_in_TREADY   |  out|    1|        axis|             arg0_6_axis_in_V_last_V|       pointer|
|arg0_7_axis_in_TDATA    |   in|  256|        axis|             arg0_7_axis_in_V_data_V|       pointer|
|arg0_7_axis_in_TKEEP    |   in|   32|        axis|             arg0_7_axis_in_V_keep_V|       pointer|
|arg0_7_axis_in_TSTRB    |   in|   32|        axis|             arg0_7_axis_in_V_strb_V|       pointer|
|arg0_7_axis_in_TLAST    |   in|    1|        axis|             arg0_7_axis_in_V_last_V|       pointer|
|arg0_7_axis_in_TVALID   |   in|    1|        axis|             arg0_7_axis_in_V_last_V|       pointer|
|arg0_7_axis_in_TREADY   |  out|    1|        axis|             arg0_7_axis_in_V_last_V|       pointer|
|arg1_0_axis_out_TDATA   |  out|  256|        axis|            arg1_0_axis_out_V_data_V|       pointer|
|arg1_0_axis_out_TKEEP   |  out|   32|        axis|            arg1_0_axis_out_V_keep_V|       pointer|
|arg1_0_axis_out_TSTRB   |  out|   32|        axis|            arg1_0_axis_out_V_strb_V|       pointer|
|arg1_0_axis_out_TLAST   |  out|    1|        axis|            arg1_0_axis_out_V_last_V|       pointer|
|arg1_0_axis_out_TVALID  |  out|    1|        axis|            arg1_0_axis_out_V_last_V|       pointer|
|arg1_0_axis_out_TREADY  |   in|    1|        axis|            arg1_0_axis_out_V_last_V|       pointer|
|arg1_1_axis_out_TDATA   |  out|  256|        axis|            arg1_1_axis_out_V_data_V|       pointer|
|arg1_1_axis_out_TKEEP   |  out|   32|        axis|            arg1_1_axis_out_V_keep_V|       pointer|
|arg1_1_axis_out_TSTRB   |  out|   32|        axis|            arg1_1_axis_out_V_strb_V|       pointer|
|arg1_1_axis_out_TLAST   |  out|    1|        axis|            arg1_1_axis_out_V_last_V|       pointer|
|arg1_1_axis_out_TVALID  |  out|    1|        axis|            arg1_1_axis_out_V_last_V|       pointer|
|arg1_1_axis_out_TREADY  |   in|    1|        axis|            arg1_1_axis_out_V_last_V|       pointer|
|arg1_2_axis_out_TDATA   |  out|  256|        axis|            arg1_2_axis_out_V_data_V|       pointer|
|arg1_2_axis_out_TKEEP   |  out|   32|        axis|            arg1_2_axis_out_V_keep_V|       pointer|
|arg1_2_axis_out_TSTRB   |  out|   32|        axis|            arg1_2_axis_out_V_strb_V|       pointer|
|arg1_2_axis_out_TLAST   |  out|    1|        axis|            arg1_2_axis_out_V_last_V|       pointer|
|arg1_2_axis_out_TVALID  |  out|    1|        axis|            arg1_2_axis_out_V_last_V|       pointer|
|arg1_2_axis_out_TREADY  |   in|    1|        axis|            arg1_2_axis_out_V_last_V|       pointer|
|arg1_3_axis_out_TDATA   |  out|  256|        axis|            arg1_3_axis_out_V_data_V|       pointer|
|arg1_3_axis_out_TKEEP   |  out|   32|        axis|            arg1_3_axis_out_V_keep_V|       pointer|
|arg1_3_axis_out_TSTRB   |  out|   32|        axis|            arg1_3_axis_out_V_strb_V|       pointer|
|arg1_3_axis_out_TLAST   |  out|    1|        axis|            arg1_3_axis_out_V_last_V|       pointer|
|arg1_3_axis_out_TVALID  |  out|    1|        axis|            arg1_3_axis_out_V_last_V|       pointer|
|arg1_3_axis_out_TREADY  |   in|    1|        axis|            arg1_3_axis_out_V_last_V|       pointer|
|arg1_4_axis_out_TDATA   |  out|  256|        axis|            arg1_4_axis_out_V_data_V|       pointer|
|arg1_4_axis_out_TKEEP   |  out|   32|        axis|            arg1_4_axis_out_V_keep_V|       pointer|
|arg1_4_axis_out_TSTRB   |  out|   32|        axis|            arg1_4_axis_out_V_strb_V|       pointer|
|arg1_4_axis_out_TLAST   |  out|    1|        axis|            arg1_4_axis_out_V_last_V|       pointer|
|arg1_4_axis_out_TVALID  |  out|    1|        axis|            arg1_4_axis_out_V_last_V|       pointer|
|arg1_4_axis_out_TREADY  |   in|    1|        axis|            arg1_4_axis_out_V_last_V|       pointer|
|arg1_5_axis_out_TDATA   |  out|  256|        axis|            arg1_5_axis_out_V_data_V|       pointer|
|arg1_5_axis_out_TKEEP   |  out|   32|        axis|            arg1_5_axis_out_V_keep_V|       pointer|
|arg1_5_axis_out_TSTRB   |  out|   32|        axis|            arg1_5_axis_out_V_strb_V|       pointer|
|arg1_5_axis_out_TLAST   |  out|    1|        axis|            arg1_5_axis_out_V_last_V|       pointer|
|arg1_5_axis_out_TVALID  |  out|    1|        axis|            arg1_5_axis_out_V_last_V|       pointer|
|arg1_5_axis_out_TREADY  |   in|    1|        axis|            arg1_5_axis_out_V_last_V|       pointer|
|arg1_6_axis_out_TDATA   |  out|  256|        axis|            arg1_6_axis_out_V_data_V|       pointer|
|arg1_6_axis_out_TKEEP   |  out|   32|        axis|            arg1_6_axis_out_V_keep_V|       pointer|
|arg1_6_axis_out_TSTRB   |  out|   32|        axis|            arg1_6_axis_out_V_strb_V|       pointer|
|arg1_6_axis_out_TLAST   |  out|    1|        axis|            arg1_6_axis_out_V_last_V|       pointer|
|arg1_6_axis_out_TVALID  |  out|    1|        axis|            arg1_6_axis_out_V_last_V|       pointer|
|arg1_6_axis_out_TREADY  |   in|    1|        axis|            arg1_6_axis_out_V_last_V|       pointer|
|arg1_7_axis_out_TDATA   |  out|  256|        axis|            arg1_7_axis_out_V_data_V|       pointer|
|arg1_7_axis_out_TKEEP   |  out|   32|        axis|            arg1_7_axis_out_V_keep_V|       pointer|
|arg1_7_axis_out_TSTRB   |  out|   32|        axis|            arg1_7_axis_out_V_strb_V|       pointer|
|arg1_7_axis_out_TLAST   |  out|    1|        axis|            arg1_7_axis_out_V_last_V|       pointer|
|arg1_7_axis_out_TVALID  |  out|    1|        axis|            arg1_7_axis_out_V_last_V|       pointer|
|arg1_7_axis_out_TREADY  |   in|    1|        axis|            arg1_7_axis_out_V_last_V|       pointer|
|ap_clk                  |   in|    1|  ap_ctrl_hs|  kernel_outerloop_0_dataflow_region|  return value|
|ap_rst                  |   in|    1|  ap_ctrl_hs|  kernel_outerloop_0_dataflow_region|  return value|
|ap_start                |   in|    1|  ap_ctrl_hs|  kernel_outerloop_0_dataflow_region|  return value|
|ap_done                 |  out|    1|  ap_ctrl_hs|  kernel_outerloop_0_dataflow_region|  return value|
|ap_ready                |  out|    1|  ap_ctrl_hs|  kernel_outerloop_0_dataflow_region|  return value|
|ap_idle                 |  out|    1|  ap_ctrl_hs|  kernel_outerloop_0_dataflow_region|  return value|
|ap_continue             |   in|    1|  ap_ctrl_hs|  kernel_outerloop_0_dataflow_region|  return value|
+------------------------+-----+-----+------------+------------------------------------+--------------+

============================================================
+ Verbose Summary: Synthesis Manager
============================================================
InlineROM: 1
ExposeGlobal: 0
============================================================
+ Verbose Summary: CDFG Model
============================================================
IsTopModel: 0
ResetActiveHigh: 1
IsCombinational: 2
IsDatapathOnly: 2
HasWiredReturn: 1
HasMFsm: 0
HasVarLatency: 1
IsPipeline: 0
IsRtlPipelined: 0
IsInstanceOverlapped: 0
IsDontTouch: 0
HasImplIP: 0
IsGatedGlobalClock: 0


============================================================
+ Verbose Summary: Schedule
============================================================
* Number of FSM states : 14
* Pipeline : 0
* Dataflow Pipeline: 1
  DF-Pipeline-0: Size = 14, States = { 1 2 3 4 5 6 7 8 9 10 11 12 13 14 }

* FSM state transitions: 
1 --> 2 
2 --> 3 
3 --> 4 
4 --> 5 
5 --> 6 
6 --> 7 
7 --> 8 
8 --> 9 
9 --> 10 
10 --> 11 
11 --> 12 
12 --> 13 
13 --> 14 
14 --> 

* FSM state operations: 

State 1 <SV = 0> <Delay = 1.21>
ST_1 : Operation 15 [1/1] (0.00ns)   --->   "%num_pkts_read = read i29 @_ssdm_op_Read.ap_auto.i29, i29 %num_pkts"   --->   Operation 15 'read' 'num_pkts_read' <Predicate = true> <Delay = 0.00>
ST_1 : Operation 16 [1/1] (0.00ns)   --->   "%p_read613 = read i14 @_ssdm_op_Read.ap_auto.i14, i14 %p_read6"   --->   Operation 16 'read' 'p_read613' <Predicate = true> <Delay = 0.00>
ST_1 : Operation 17 [1/1] (0.00ns)   --->   "%p_read512 = read i1 @_ssdm_op_Read.ap_auto.i1, i1 %p_read5"   --->   Operation 17 'read' 'p_read512' <Predicate = true> <Delay = 0.00>
ST_1 : Operation 18 [1/1] (0.00ns)   --->   "%p_read411 = read i1 @_ssdm_op_Read.ap_auto.i1, i1 %p_read4"   --->   Operation 18 'read' 'p_read411' <Predicate = true> <Delay = 0.00>
ST_1 : Operation 19 [1/1] (0.00ns)   --->   "%p_read310 = read i16 @_ssdm_op_Read.ap_auto.i16, i16 %p_read3"   --->   Operation 19 'read' 'p_read310' <Predicate = true> <Delay = 0.00>
ST_1 : Operation 20 [1/1] (0.00ns)   --->   "%p_read29 = read i16 @_ssdm_op_Read.ap_auto.i16, i16 %p_read2"   --->   Operation 20 'read' 'p_read29' <Predicate = true> <Delay = 0.00>
ST_1 : Operation 21 [1/1] (0.00ns)   --->   "%p_read18 = read i16 @_ssdm_op_Read.ap_auto.i16, i16 %p_read1"   --->   Operation 21 'read' 'p_read18' <Predicate = true> <Delay = 0.00>
ST_1 : Operation 22 [1/1] (0.00ns)   --->   "%p_read_24 = read i14 @_ssdm_op_Read.ap_auto.i14, i14 %p_read"   --->   Operation 22 'read' 'p_read_24' <Predicate = true> <Delay = 0.00>
ST_1 : Operation 23 [1/1] (0.00ns)   --->   "%num_pkts_c109 = alloca i64 1"   --->   Operation 23 'alloca' 'num_pkts_c109' <Predicate = true> <Delay = 0.00> <CoreInst = "FIFO_SRL">   --->   Core 81 'FIFO_SRL' <Latency = 0> <II = 1> <Delay = 1.39> <Storage> <Opcode : 'read' 'write' 'nbread' 'nbwrite'> <Ports = 0> <Width = 29> <Depth = 2> <FIFO>
ST_1 : Operation 24 [1/1] (0.00ns)   --->   "%num_pkts_c108 = alloca i64 1"   --->   Operation 24 'alloca' 'num_pkts_c108' <Predicate = true> <Delay = 0.00> <CoreInst = "FIFO_SRL">   --->   Core 81 'FIFO_SRL' <Latency = 0> <II = 1> <Delay = 1.46> <Storage> <Opcode : 'read' 'write' 'nbread' 'nbwrite'> <Ports = 0> <Width = 29> <Depth = 3> <FIFO>
ST_1 : Operation 25 [1/1] (0.00ns)   --->   "%num_pkts_c107 = alloca i64 1"   --->   Operation 25 'alloca' 'num_pkts_c107' <Predicate = true> <Delay = 0.00> <CoreInst = "FIFO_SRL">   --->   Core 81 'FIFO_SRL' <Latency = 0> <II = 1> <Delay = 1.46> <Storage> <Opcode : 'read' 'write' 'nbread' 'nbwrite'> <Ports = 0> <Width = 29> <Depth = 3> <FIFO>
ST_1 : Operation 26 [1/1] (0.00ns)   --->   "%num_pkts_c106 = alloca i64 1"   --->   Operation 26 'alloca' 'num_pkts_c106' <Predicate = true> <Delay = 0.00> <CoreInst = "FIFO_SRL">   --->   Core 81 'FIFO_SRL' <Latency = 0> <II = 1> <Delay = 1.39> <Storage> <Opcode : 'read' 'write' 'nbread' 'nbwrite'> <Ports = 0> <Width = 29> <Depth = 2> <FIFO>
ST_1 : Operation 27 [1/1] (0.00ns)   --->   "%num_pkts_c105 = alloca i64 1"   --->   Operation 27 'alloca' 'num_pkts_c105' <Predicate = true> <Delay = 0.00> <CoreInst = "FIFO_SRL">   --->   Core 81 'FIFO_SRL' <Latency = 0> <II = 1> <Delay = 1.39> <Storage> <Opcode : 'read' 'write' 'nbread' 'nbwrite'> <Ports = 0> <Width = 29> <Depth = 2> <FIFO>
ST_1 : Operation 28 [1/1] (0.00ns)   --->   "%num_pkts_c104 = alloca i64 1"   --->   Operation 28 'alloca' 'num_pkts_c104' <Predicate = true> <Delay = 0.00> <CoreInst = "FIFO_SRL">   --->   Core 81 'FIFO_SRL' <Latency = 0> <II = 1> <Delay = 1.39> <Storage> <Opcode : 'read' 'write' 'nbread' 'nbwrite'> <Ports = 0> <Width = 29> <Depth = 2> <FIFO>
ST_1 : Operation 29 [1/1] (0.00ns)   --->   "%num_pkts_c103 = alloca i64 1"   --->   Operation 29 'alloca' 'num_pkts_c103' <Predicate = true> <Delay = 0.00> <CoreInst = "FIFO_SRL">   --->   Core 81 'FIFO_SRL' <Latency = 0> <II = 1> <Delay = 1.39> <Storage> <Opcode : 'read' 'write' 'nbread' 'nbwrite'> <Ports = 0> <Width = 29> <Depth = 2> <FIFO>
ST_1 : Operation 30 [1/1] (0.00ns)   --->   "%num_pkts_c102 = alloca i64 1"   --->   Operation 30 'alloca' 'num_pkts_c102' <Predicate = true> <Delay = 0.00> <CoreInst = "FIFO_SRL">   --->   Core 81 'FIFO_SRL' <Latency = 0> <II = 1> <Delay = 1.39> <Storage> <Opcode : 'read' 'write' 'nbread' 'nbwrite'> <Ports = 0> <Width = 29> <Depth = 2> <FIFO>
ST_1 : Operation 31 [1/1] (0.00ns)   --->   "%num_pkts_c101 = alloca i64 1"   --->   Operation 31 'alloca' 'num_pkts_c101' <Predicate = true> <Delay = 0.00> <CoreInst = "FIFO_SRL">   --->   Core 81 'FIFO_SRL' <Latency = 0> <II = 1> <Delay = 1.39> <Storage> <Opcode : 'read' 'write' 'nbread' 'nbwrite'> <Ports = 0> <Width = 29> <Depth = 2> <FIFO>
ST_1 : Operation 32 [1/1] (0.00ns)   --->   "%num_pkts_c100 = alloca i64 1"   --->   Operation 32 'alloca' 'num_pkts_c100' <Predicate = true> <Delay = 0.00> <CoreInst = "FIFO_SRL">   --->   Core 81 'FIFO_SRL' <Latency = 0> <II = 1> <Delay = 1.39> <Storage> <Opcode : 'read' 'write' 'nbread' 'nbwrite'> <Ports = 0> <Width = 29> <Depth = 2> <FIFO>
ST_1 : Operation 33 [1/1] (0.00ns)   --->   "%num_pkts_c = alloca i64 1"   --->   Operation 33 'alloca' 'num_pkts_c' <Predicate = true> <Delay = 0.00> <CoreInst = "FIFO_SRL">   --->   Core 81 'FIFO_SRL' <Latency = 0> <II = 1> <Delay = 1.39> <Storage> <Opcode : 'read' 'write' 'nbread' 'nbwrite'> <Ports = 0> <Width = 29> <Depth = 2> <FIFO>
ST_1 : Operation 34 [1/1] (0.00ns)   --->   "%stencilConfig_6_c99 = alloca i64 1"   --->   Operation 34 'alloca' 'stencilConfig_6_c99' <Predicate = true> <Delay = 0.00> <CoreInst = "FIFO_SRL">   --->   Core 81 'FIFO_SRL' <Latency = 0> <II = 1> <Delay = 1.33> <Storage> <Opcode : 'read' 'write' 'nbread' 'nbwrite'> <Ports = 0> <Width = 14> <Depth = 4> <FIFO>
ST_1 : Operation 35 [1/1] (0.00ns)   --->   "%stencilConfig_6_c98 = alloca i64 1"   --->   Operation 35 'alloca' 'stencilConfig_6_c98' <Predicate = true> <Delay = 0.00> <CoreInst = "FIFO_SRL">   --->   Core 81 'FIFO_SRL' <Latency = 0> <II = 1> <Delay = 1.33> <Storage> <Opcode : 'read' 'write' 'nbread' 'nbwrite'> <Ports = 0> <Width = 14> <Depth = 4> <FIFO>
ST_1 : Operation 36 [1/1] (0.00ns)   --->   "%stencilConfig_6_c97 = alloca i64 1"   --->   Operation 36 'alloca' 'stencilConfig_6_c97' <Predicate = true> <Delay = 0.00> <CoreInst = "FIFO_SRL">   --->   Core 81 'FIFO_SRL' <Latency = 0> <II = 1> <Delay = 1.33> <Storage> <Opcode : 'read' 'write' 'nbread' 'nbwrite'> <Ports = 0> <Width = 14> <Depth = 4> <FIFO>
ST_1 : Operation 37 [1/1] (0.00ns)   --->   "%stencilConfig_6_c96 = alloca i64 1"   --->   Operation 37 'alloca' 'stencilConfig_6_c96' <Predicate = true> <Delay = 0.00> <CoreInst = "FIFO_SRL">   --->   Core 81 'FIFO_SRL' <Latency = 0> <II = 1> <Delay = 1.33> <Storage> <Opcode : 'read' 'write' 'nbread' 'nbwrite'> <Ports = 0> <Width = 14> <Depth = 4> <FIFO>
ST_1 : Operation 38 [1/1] (0.00ns)   --->   "%stencilConfig_6_c95 = alloca i64 1"   --->   Operation 38 'alloca' 'stencilConfig_6_c95' <Predicate = true> <Delay = 0.00> <CoreInst = "FIFO_SRL">   --->   Core 81 'FIFO_SRL' <Latency = 0> <II = 1> <Delay = 1.33> <Storage> <Opcode : 'read' 'write' 'nbread' 'nbwrite'> <Ports = 0> <Width = 14> <Depth = 3> <FIFO>
ST_1 : Operation 39 [1/1] (0.00ns)   --->   "%stencilConfig_6_c94 = alloca i64 1"   --->   Operation 39 'alloca' 'stencilConfig_6_c94' <Predicate = true> <Delay = 0.00> <CoreInst = "FIFO_SRL">   --->   Core 81 'FIFO_SRL' <Latency = 0> <II = 1> <Delay = 1.33> <Storage> <Opcode : 'read' 'write' 'nbread' 'nbwrite'> <Ports = 0> <Width = 14> <Depth = 3> <FIFO>
ST_1 : Operation 40 [1/1] (0.00ns)   --->   "%stencilConfig_6_c93 = alloca i64 1"   --->   Operation 40 'alloca' 'stencilConfig_6_c93' <Predicate = true> <Delay = 0.00> <CoreInst = "FIFO_SRL">   --->   Core 81 'FIFO_SRL' <Latency = 0> <II = 1> <Delay = 1.33> <Storage> <Opcode : 'read' 'write' 'nbread' 'nbwrite'> <Ports = 0> <Width = 14> <Depth = 3> <FIFO>
ST_1 : Operation 41 [1/1] (0.00ns)   --->   "%stencilConfig_6_c = alloca i64 1"   --->   Operation 41 'alloca' 'stencilConfig_6_c' <Predicate = true> <Delay = 0.00> <CoreInst = "FIFO_SRL">   --->   Core 81 'FIFO_SRL' <Latency = 0> <II = 1> <Delay = 1.33> <Storage> <Opcode : 'read' 'write' 'nbread' 'nbwrite'> <Ports = 0> <Width = 14> <Depth = 3> <FIFO>
ST_1 : Operation 42 [1/1] (0.00ns)   --->   "%stencilConfig_5_0_c92 = alloca i64 1"   --->   Operation 42 'alloca' 'stencilConfig_5_0_c92' <Predicate = true> <Delay = 0.00> <CoreInst = "FIFO_SRL">   --->   Core 81 'FIFO_SRL' <Latency = 0> <II = 1> <Delay = 1.35> <Storage> <Opcode : 'read' 'write' 'nbread' 'nbwrite'> <Ports = 0> <Width = 1> <Depth = 4> <FIFO>
ST_1 : Operation 43 [1/1] (0.00ns)   --->   "%stencilConfig_5_0_c91 = alloca i64 1"   --->   Operation 43 'alloca' 'stencilConfig_5_0_c91' <Predicate = true> <Delay = 0.00> <CoreInst = "FIFO_SRL">   --->   Core 81 'FIFO_SRL' <Latency = 0> <II = 1> <Delay = 1.35> <Storage> <Opcode : 'read' 'write' 'nbread' 'nbwrite'> <Ports = 0> <Width = 1> <Depth = 4> <FIFO>
ST_1 : Operation 44 [1/1] (0.00ns)   --->   "%stencilConfig_5_0_c90 = alloca i64 1"   --->   Operation 44 'alloca' 'stencilConfig_5_0_c90' <Predicate = true> <Delay = 0.00> <CoreInst = "FIFO_SRL">   --->   Core 81 'FIFO_SRL' <Latency = 0> <II = 1> <Delay = 1.35> <Storage> <Opcode : 'read' 'write' 'nbread' 'nbwrite'> <Ports = 0> <Width = 1> <Depth = 4> <FIFO>
ST_1 : Operation 45 [1/1] (0.00ns)   --->   "%stencilConfig_5_0_c89 = alloca i64 1"   --->   Operation 45 'alloca' 'stencilConfig_5_0_c89' <Predicate = true> <Delay = 0.00> <CoreInst = "FIFO_SRL">   --->   Core 81 'FIFO_SRL' <Latency = 0> <II = 1> <Delay = 1.35> <Storage> <Opcode : 'read' 'write' 'nbread' 'nbwrite'> <Ports = 0> <Width = 1> <Depth = 4> <FIFO>
ST_1 : Operation 46 [1/1] (0.00ns)   --->   "%stencilConfig_5_0_c88 = alloca i64 1"   --->   Operation 46 'alloca' 'stencilConfig_5_0_c88' <Predicate = true> <Delay = 0.00> <CoreInst = "FIFO_SRL">   --->   Core 81 'FIFO_SRL' <Latency = 0> <II = 1> <Delay = 1.35> <Storage> <Opcode : 'read' 'write' 'nbread' 'nbwrite'> <Ports = 0> <Width = 1> <Depth = 3> <FIFO>
ST_1 : Operation 47 [1/1] (0.00ns)   --->   "%stencilConfig_5_0_c87 = alloca i64 1"   --->   Operation 47 'alloca' 'stencilConfig_5_0_c87' <Predicate = true> <Delay = 0.00> <CoreInst = "FIFO_SRL">   --->   Core 81 'FIFO_SRL' <Latency = 0> <II = 1> <Delay = 1.35> <Storage> <Opcode : 'read' 'write' 'nbread' 'nbwrite'> <Ports = 0> <Width = 1> <Depth = 3> <FIFO>
ST_1 : Operation 48 [1/1] (0.00ns)   --->   "%stencilConfig_5_0_c86 = alloca i64 1"   --->   Operation 48 'alloca' 'stencilConfig_5_0_c86' <Predicate = true> <Delay = 0.00> <CoreInst = "FIFO_SRL">   --->   Core 81 'FIFO_SRL' <Latency = 0> <II = 1> <Delay = 1.35> <Storage> <Opcode : 'read' 'write' 'nbread' 'nbwrite'> <Ports = 0> <Width = 1> <Depth = 3> <FIFO>
ST_1 : Operation 49 [1/1] (0.00ns)   --->   "%stencilConfig_5_0_c = alloca i64 1"   --->   Operation 49 'alloca' 'stencilConfig_5_0_c' <Predicate = true> <Delay = 0.00> <CoreInst = "FIFO_SRL">   --->   Core 81 'FIFO_SRL' <Latency = 0> <II = 1> <Delay = 1.35> <Storage> <Opcode : 'read' 'write' 'nbread' 'nbwrite'> <Ports = 0> <Width = 1> <Depth = 3> <FIFO>
ST_1 : Operation 50 [1/1] (0.00ns)   --->   "%stencilConfig_4_0_c85 = alloca i64 1"   --->   Operation 50 'alloca' 'stencilConfig_4_0_c85' <Predicate = true> <Delay = 0.00> <CoreInst = "FIFO_SRL">   --->   Core 81 'FIFO_SRL' <Latency = 0> <II = 1> <Delay = 1.35> <Storage> <Opcode : 'read' 'write' 'nbread' 'nbwrite'> <Ports = 0> <Width = 1> <Depth = 4> <FIFO>
ST_1 : Operation 51 [1/1] (0.00ns)   --->   "%stencilConfig_4_0_c = alloca i64 1"   --->   Operation 51 'alloca' 'stencilConfig_4_0_c' <Predicate = true> <Delay = 0.00> <CoreInst = "FIFO_SRL">   --->   Core 81 'FIFO_SRL' <Latency = 0> <II = 1> <Delay = 1.35> <Storage> <Opcode : 'read' 'write' 'nbread' 'nbwrite'> <Ports = 0> <Width = 1> <Depth = 3> <FIFO>
ST_1 : Operation 52 [1/1] (0.00ns)   --->   "%stencilConfig_3_c84 = alloca i64 1"   --->   Operation 52 'alloca' 'stencilConfig_3_c84' <Predicate = true> <Delay = 0.00> <CoreInst = "FIFO_SRL">   --->   Core 81 'FIFO_SRL' <Latency = 0> <II = 1> <Delay = 1.33> <Storage> <Opcode : 'read' 'write' 'nbread' 'nbwrite'> <Ports = 0> <Width = 16> <Depth = 4> <FIFO>
ST_1 : Operation 53 [1/1] (0.00ns)   --->   "%stencilConfig_3_c83 = alloca i64 1"   --->   Operation 53 'alloca' 'stencilConfig_3_c83' <Predicate = true> <Delay = 0.00> <CoreInst = "FIFO_SRL">   --->   Core 81 'FIFO_SRL' <Latency = 0> <II = 1> <Delay = 1.33> <Storage> <Opcode : 'read' 'write' 'nbread' 'nbwrite'> <Ports = 0> <Width = 16> <Depth = 4> <FIFO>
ST_1 : Operation 54 [1/1] (0.00ns)   --->   "%stencilConfig_3_c82 = alloca i64 1"   --->   Operation 54 'alloca' 'stencilConfig_3_c82' <Predicate = true> <Delay = 0.00> <CoreInst = "FIFO_SRL">   --->   Core 81 'FIFO_SRL' <Latency = 0> <II = 1> <Delay = 1.33> <Storage> <Opcode : 'read' 'write' 'nbread' 'nbwrite'> <Ports = 0> <Width = 16> <Depth = 4> <FIFO>
ST_1 : Operation 55 [1/1] (0.00ns)   --->   "%stencilConfig_3_c81 = alloca i64 1"   --->   Operation 55 'alloca' 'stencilConfig_3_c81' <Predicate = true> <Delay = 0.00> <CoreInst = "FIFO_SRL">   --->   Core 81 'FIFO_SRL' <Latency = 0> <II = 1> <Delay = 1.33> <Storage> <Opcode : 'read' 'write' 'nbread' 'nbwrite'> <Ports = 0> <Width = 16> <Depth = 4> <FIFO>
ST_1 : Operation 56 [1/1] (0.00ns)   --->   "%stencilConfig_3_c80 = alloca i64 1"   --->   Operation 56 'alloca' 'stencilConfig_3_c80' <Predicate = true> <Delay = 0.00> <CoreInst = "FIFO_SRL">   --->   Core 81 'FIFO_SRL' <Latency = 0> <II = 1> <Delay = 1.33> <Storage> <Opcode : 'read' 'write' 'nbread' 'nbwrite'> <Ports = 0> <Width = 16> <Depth = 3> <FIFO>
ST_1 : Operation 57 [1/1] (0.00ns)   --->   "%stencilConfig_3_c79 = alloca i64 1"   --->   Operation 57 'alloca' 'stencilConfig_3_c79' <Predicate = true> <Delay = 0.00> <CoreInst = "FIFO_SRL">   --->   Core 81 'FIFO_SRL' <Latency = 0> <II = 1> <Delay = 1.33> <Storage> <Opcode : 'read' 'write' 'nbread' 'nbwrite'> <Ports = 0> <Width = 16> <Depth = 3> <FIFO>
ST_1 : Operation 58 [1/1] (0.00ns)   --->   "%stencilConfig_3_c78 = alloca i64 1"   --->   Operation 58 'alloca' 'stencilConfig_3_c78' <Predicate = true> <Delay = 0.00> <CoreInst = "FIFO_SRL">   --->   Core 81 'FIFO_SRL' <Latency = 0> <II = 1> <Delay = 1.33> <Storage> <Opcode : 'read' 'write' 'nbread' 'nbwrite'> <Ports = 0> <Width = 16> <Depth = 3> <FIFO>
ST_1 : Operation 59 [1/1] (0.00ns)   --->   "%stencilConfig_3_c = alloca i64 1"   --->   Operation 59 'alloca' 'stencilConfig_3_c' <Predicate = true> <Delay = 0.00> <CoreInst = "FIFO_SRL">   --->   Core 81 'FIFO_SRL' <Latency = 0> <II = 1> <Delay = 1.33> <Storage> <Opcode : 'read' 'write' 'nbread' 'nbwrite'> <Ports = 0> <Width = 16> <Depth = 3> <FIFO>
ST_1 : Operation 60 [1/1] (0.00ns)   --->   "%stencilConfig_2_c77 = alloca i64 1"   --->   Operation 60 'alloca' 'stencilConfig_2_c77' <Predicate = true> <Delay = 0.00> <CoreInst = "FIFO_SRL">   --->   Core 81 'FIFO_SRL' <Latency = 0> <II = 1> <Delay = 1.33> <Storage> <Opcode : 'read' 'write' 'nbread' 'nbwrite'> <Ports = 0> <Width = 16> <Depth = 4> <FIFO>
ST_1 : Operation 61 [1/1] (0.00ns)   --->   "%stencilConfig_2_c76 = alloca i64 1"   --->   Operation 61 'alloca' 'stencilConfig_2_c76' <Predicate = true> <Delay = 0.00> <CoreInst = "FIFO_SRL">   --->   Core 81 'FIFO_SRL' <Latency = 0> <II = 1> <Delay = 1.33> <Storage> <Opcode : 'read' 'write' 'nbread' 'nbwrite'> <Ports = 0> <Width = 16> <Depth = 4> <FIFO>
ST_1 : Operation 62 [1/1] (0.00ns)   --->   "%stencilConfig_2_c75 = alloca i64 1"   --->   Operation 62 'alloca' 'stencilConfig_2_c75' <Predicate = true> <Delay = 0.00> <CoreInst = "FIFO_SRL">   --->   Core 81 'FIFO_SRL' <Latency = 0> <II = 1> <Delay = 1.33> <Storage> <Opcode : 'read' 'write' 'nbread' 'nbwrite'> <Ports = 0> <Width = 16> <Depth = 4> <FIFO>
ST_1 : Operation 63 [1/1] (0.00ns)   --->   "%stencilConfig_2_c74 = alloca i64 1"   --->   Operation 63 'alloca' 'stencilConfig_2_c74' <Predicate = true> <Delay = 0.00> <CoreInst = "FIFO_SRL">   --->   Core 81 'FIFO_SRL' <Latency = 0> <II = 1> <Delay = 1.33> <Storage> <Opcode : 'read' 'write' 'nbread' 'nbwrite'> <Ports = 0> <Width = 16> <Depth = 4> <FIFO>
ST_1 : Operation 64 [1/1] (0.00ns)   --->   "%stencilConfig_2_c73 = alloca i64 1"   --->   Operation 64 'alloca' 'stencilConfig_2_c73' <Predicate = true> <Delay = 0.00> <CoreInst = "FIFO_SRL">   --->   Core 81 'FIFO_SRL' <Latency = 0> <II = 1> <Delay = 1.33> <Storage> <Opcode : 'read' 'write' 'nbread' 'nbwrite'> <Ports = 0> <Width = 16> <Depth = 3> <FIFO>
ST_1 : Operation 65 [1/1] (0.00ns)   --->   "%stencilConfig_2_c72 = alloca i64 1"   --->   Operation 65 'alloca' 'stencilConfig_2_c72' <Predicate = true> <Delay = 0.00> <CoreInst = "FIFO_SRL">   --->   Core 81 'FIFO_SRL' <Latency = 0> <II = 1> <Delay = 1.33> <Storage> <Opcode : 'read' 'write' 'nbread' 'nbwrite'> <Ports = 0> <Width = 16> <Depth = 3> <FIFO>
ST_1 : Operation 66 [1/1] (0.00ns)   --->   "%stencilConfig_2_c71 = alloca i64 1"   --->   Operation 66 'alloca' 'stencilConfig_2_c71' <Predicate = true> <Delay = 0.00> <CoreInst = "FIFO_SRL">   --->   Core 81 'FIFO_SRL' <Latency = 0> <II = 1> <Delay = 1.33> <Storage> <Opcode : 'read' 'write' 'nbread' 'nbwrite'> <Ports = 0> <Width = 16> <Depth = 3> <FIFO>
ST_1 : Operation 67 [1/1] (0.00ns)   --->   "%stencilConfig_2_c = alloca i64 1"   --->   Operation 67 'alloca' 'stencilConfig_2_c' <Predicate = true> <Delay = 0.00> <CoreInst = "FIFO_SRL">   --->   Core 81 'FIFO_SRL' <Latency = 0> <II = 1> <Delay = 1.33> <Storage> <Opcode : 'read' 'write' 'nbread' 'nbwrite'> <Ports = 0> <Width = 16> <Depth = 3> <FIFO>
ST_1 : Operation 68 [1/1] (0.00ns)   --->   "%stencilConfig_0_1_c70 = alloca i64 1"   --->   Operation 68 'alloca' 'stencilConfig_0_1_c70' <Predicate = true> <Delay = 0.00> <CoreInst = "FIFO_SRL">   --->   Core 81 'FIFO_SRL' <Latency = 0> <II = 1> <Delay = 1.33> <Storage> <Opcode : 'read' 'write' 'nbread' 'nbwrite'> <Ports = 0> <Width = 16> <Depth = 4> <FIFO>
ST_1 : Operation 69 [1/1] (0.00ns)   --->   "%stencilConfig_0_1_c69 = alloca i64 1"   --->   Operation 69 'alloca' 'stencilConfig_0_1_c69' <Predicate = true> <Delay = 0.00> <CoreInst = "FIFO_SRL">   --->   Core 81 'FIFO_SRL' <Latency = 0> <II = 1> <Delay = 1.33> <Storage> <Opcode : 'read' 'write' 'nbread' 'nbwrite'> <Ports = 0> <Width = 16> <Depth = 4> <FIFO>
ST_1 : Operation 70 [1/1] (0.00ns)   --->   "%stencilConfig_0_1_c68 = alloca i64 1"   --->   Operation 70 'alloca' 'stencilConfig_0_1_c68' <Predicate = true> <Delay = 0.00> <CoreInst = "FIFO_SRL">   --->   Core 81 'FIFO_SRL' <Latency = 0> <II = 1> <Delay = 1.33> <Storage> <Opcode : 'read' 'write' 'nbread' 'nbwrite'> <Ports = 0> <Width = 16> <Depth = 4> <FIFO>
ST_1 : Operation 71 [1/1] (0.00ns)   --->   "%stencilConfig_0_1_c67 = alloca i64 1"   --->   Operation 71 'alloca' 'stencilConfig_0_1_c67' <Predicate = true> <Delay = 0.00> <CoreInst = "FIFO_SRL">   --->   Core 81 'FIFO_SRL' <Latency = 0> <II = 1> <Delay = 1.33> <Storage> <Opcode : 'read' 'write' 'nbread' 'nbwrite'> <Ports = 0> <Width = 16> <Depth = 4> <FIFO>
ST_1 : Operation 72 [1/1] (0.00ns)   --->   "%stencilConfig_0_1_c66 = alloca i64 1"   --->   Operation 72 'alloca' 'stencilConfig_0_1_c66' <Predicate = true> <Delay = 0.00> <CoreInst = "FIFO_SRL">   --->   Core 81 'FIFO_SRL' <Latency = 0> <II = 1> <Delay = 1.33> <Storage> <Opcode : 'read' 'write' 'nbread' 'nbwrite'> <Ports = 0> <Width = 16> <Depth = 3> <FIFO>
ST_1 : Operation 73 [1/1] (0.00ns)   --->   "%stencilConfig_0_1_c65 = alloca i64 1"   --->   Operation 73 'alloca' 'stencilConfig_0_1_c65' <Predicate = true> <Delay = 0.00> <CoreInst = "FIFO_SRL">   --->   Core 81 'FIFO_SRL' <Latency = 0> <II = 1> <Delay = 1.33> <Storage> <Opcode : 'read' 'write' 'nbread' 'nbwrite'> <Ports = 0> <Width = 16> <Depth = 3> <FIFO>
ST_1 : Operation 74 [1/1] (0.00ns)   --->   "%stencilConfig_0_1_c64 = alloca i64 1"   --->   Operation 74 'alloca' 'stencilConfig_0_1_c64' <Predicate = true> <Delay = 0.00> <CoreInst = "FIFO_SRL">   --->   Core 81 'FIFO_SRL' <Latency = 0> <II = 1> <Delay = 1.33> <Storage> <Opcode : 'read' 'write' 'nbread' 'nbwrite'> <Ports = 0> <Width = 16> <Depth = 3> <FIFO>
ST_1 : Operation 75 [1/1] (0.00ns)   --->   "%stencilConfig_0_1_c = alloca i64 1"   --->   Operation 75 'alloca' 'stencilConfig_0_1_c' <Predicate = true> <Delay = 0.00> <CoreInst = "FIFO_SRL">   --->   Core 81 'FIFO_SRL' <Latency = 0> <II = 1> <Delay = 1.33> <Storage> <Opcode : 'read' 'write' 'nbread' 'nbwrite'> <Ports = 0> <Width = 16> <Depth = 3> <FIFO>
ST_1 : Operation 76 [1/1] (0.00ns)   --->   "%stencilConfig_0_0_c63 = alloca i64 1"   --->   Operation 76 'alloca' 'stencilConfig_0_0_c63' <Predicate = true> <Delay = 0.00> <CoreInst = "FIFO_SRL">   --->   Core 81 'FIFO_SRL' <Latency = 0> <II = 1> <Delay = 1.33> <Storage> <Opcode : 'read' 'write' 'nbread' 'nbwrite'> <Ports = 0> <Width = 14> <Depth = 4> <FIFO>
ST_1 : Operation 77 [1/1] (0.00ns)   --->   "%stencilConfig_0_0_c62 = alloca i64 1"   --->   Operation 77 'alloca' 'stencilConfig_0_0_c62' <Predicate = true> <Delay = 0.00> <CoreInst = "FIFO_SRL">   --->   Core 81 'FIFO_SRL' <Latency = 0> <II = 1> <Delay = 1.33> <Storage> <Opcode : 'read' 'write' 'nbread' 'nbwrite'> <Ports = 0> <Width = 14> <Depth = 4> <FIFO>
ST_1 : Operation 78 [1/1] (0.00ns)   --->   "%stencilConfig_0_0_c61 = alloca i64 1"   --->   Operation 78 'alloca' 'stencilConfig_0_0_c61' <Predicate = true> <Delay = 0.00> <CoreInst = "FIFO_SRL">   --->   Core 81 'FIFO_SRL' <Latency = 0> <II = 1> <Delay = 1.33> <Storage> <Opcode : 'read' 'write' 'nbread' 'nbwrite'> <Ports = 0> <Width = 14> <Depth = 4> <FIFO>
ST_1 : Operation 79 [1/1] (0.00ns)   --->   "%stencilConfig_0_0_c60 = alloca i64 1"   --->   Operation 79 'alloca' 'stencilConfig_0_0_c60' <Predicate = true> <Delay = 0.00> <CoreInst = "FIFO_SRL">   --->   Core 81 'FIFO_SRL' <Latency = 0> <II = 1> <Delay = 1.33> <Storage> <Opcode : 'read' 'write' 'nbread' 'nbwrite'> <Ports = 0> <Width = 14> <Depth = 4> <FIFO>
ST_1 : Operation 80 [1/1] (0.00ns)   --->   "%stencilConfig_0_0_c59 = alloca i64 1"   --->   Operation 80 'alloca' 'stencilConfig_0_0_c59' <Predicate = true> <Delay = 0.00> <CoreInst = "FIFO_SRL">   --->   Core 81 'FIFO_SRL' <Latency = 0> <II = 1> <Delay = 1.33> <Storage> <Opcode : 'read' 'write' 'nbread' 'nbwrite'> <Ports = 0> <Width = 14> <Depth = 3> <FIFO>
ST_1 : Operation 81 [1/1] (0.00ns)   --->   "%stencilConfig_0_0_c58 = alloca i64 1"   --->   Operation 81 'alloca' 'stencilConfig_0_0_c58' <Predicate = true> <Delay = 0.00> <CoreInst = "FIFO_SRL">   --->   Core 81 'FIFO_SRL' <Latency = 0> <II = 1> <Delay = 1.33> <Storage> <Opcode : 'read' 'write' 'nbread' 'nbwrite'> <Ports = 0> <Width = 14> <Depth = 3> <FIFO>
ST_1 : Operation 82 [1/1] (0.00ns)   --->   "%stencilConfig_0_0_c57 = alloca i64 1"   --->   Operation 82 'alloca' 'stencilConfig_0_0_c57' <Predicate = true> <Delay = 0.00> <CoreInst = "FIFO_SRL">   --->   Core 81 'FIFO_SRL' <Latency = 0> <II = 1> <Delay = 1.33> <Storage> <Opcode : 'read' 'write' 'nbread' 'nbwrite'> <Ports = 0> <Width = 14> <Depth = 3> <FIFO>
ST_1 : Operation 83 [1/1] (0.00ns)   --->   "%stencilConfig_0_0_c = alloca i64 1"   --->   Operation 83 'alloca' 'stencilConfig_0_0_c' <Predicate = true> <Delay = 0.00> <CoreInst = "FIFO_SRL">   --->   Core 81 'FIFO_SRL' <Latency = 0> <II = 1> <Delay = 1.33> <Storage> <Opcode : 'read' 'write' 'nbread' 'nbwrite'> <Ports = 0> <Width = 14> <Depth = 3> <FIFO>
ST_1 : Operation 84 [1/1] (0.00ns)   --->   "%arg0_arg1_streams_0_0 = alloca i64 1"   --->   Operation 84 'alloca' 'arg0_arg1_streams_0_0' <Predicate = true> <Delay = 0.00> <CoreInst = "FIFO">   --->   Core 78 'FIFO' <Latency = 0> <II = 1> <Delay = 1.13> <Storage> <Opcode : 'read' 'write' 'nbread' 'nbwrite'> <Ports = 0> <Width = 256> <Depth = 10> <FIFO>
ST_1 : Operation 85 [1/1] (0.00ns)   --->   "%arg0_arg1_streams_0_1 = alloca i64 1"   --->   Operation 85 'alloca' 'arg0_arg1_streams_0_1' <Predicate = true> <Delay = 0.00> <CoreInst = "FIFO">   --->   Core 78 'FIFO' <Latency = 0> <II = 1> <Delay = 1.13> <Storage> <Opcode : 'read' 'write' 'nbread' 'nbwrite'> <Ports = 0> <Width = 256> <Depth = 10> <FIFO>
ST_1 : Operation 86 [1/1] (0.00ns)   --->   "%arg0_arg1_streams_0_2 = alloca i64 1"   --->   Operation 86 'alloca' 'arg0_arg1_streams_0_2' <Predicate = true> <Delay = 0.00> <CoreInst = "FIFO">   --->   Core 78 'FIFO' <Latency = 0> <II = 1> <Delay = 1.13> <Storage> <Opcode : 'read' 'write' 'nbread' 'nbwrite'> <Ports = 0> <Width = 256> <Depth = 10> <FIFO>
ST_1 : Operation 87 [1/1] (0.00ns)   --->   "%arg0_arg1_streams_0_3 = alloca i64 1"   --->   Operation 87 'alloca' 'arg0_arg1_streams_0_3' <Predicate = true> <Delay = 0.00> <CoreInst = "FIFO">   --->   Core 78 'FIFO' <Latency = 0> <II = 1> <Delay = 1.13> <Storage> <Opcode : 'read' 'write' 'nbread' 'nbwrite'> <Ports = 0> <Width = 256> <Depth = 10> <FIFO>
ST_1 : Operation 88 [1/1] (0.00ns)   --->   "%arg0_arg1_streams_0_4 = alloca i64 1"   --->   Operation 88 'alloca' 'arg0_arg1_streams_0_4' <Predicate = true> <Delay = 0.00> <CoreInst = "FIFO">   --->   Core 78 'FIFO' <Latency = 0> <II = 1> <Delay = 1.13> <Storage> <Opcode : 'read' 'write' 'nbread' 'nbwrite'> <Ports = 0> <Width = 256> <Depth = 10> <FIFO>
ST_1 : Operation 89 [1/1] (0.00ns)   --->   "%arg0_arg1_streams_0_5 = alloca i64 1"   --->   Operation 89 'alloca' 'arg0_arg1_streams_0_5' <Predicate = true> <Delay = 0.00> <CoreInst = "FIFO">   --->   Core 78 'FIFO' <Latency = 0> <II = 1> <Delay = 1.13> <Storage> <Opcode : 'read' 'write' 'nbread' 'nbwrite'> <Ports = 0> <Width = 256> <Depth = 10> <FIFO>
ST_1 : Operation 90 [1/1] (0.00ns)   --->   "%arg0_arg1_streams_0_6 = alloca i64 1"   --->   Operation 90 'alloca' 'arg0_arg1_streams_0_6' <Predicate = true> <Delay = 0.00> <CoreInst = "FIFO">   --->   Core 78 'FIFO' <Latency = 0> <II = 1> <Delay = 1.13> <Storage> <Opcode : 'read' 'write' 'nbread' 'nbwrite'> <Ports = 0> <Width = 256> <Depth = 10> <FIFO>
ST_1 : Operation 91 [1/1] (0.00ns)   --->   "%arg0_arg1_streams_0_7 = alloca i64 1"   --->   Operation 91 'alloca' 'arg0_arg1_streams_0_7' <Predicate = true> <Delay = 0.00> <CoreInst = "FIFO">   --->   Core 78 'FIFO' <Latency = 0> <II = 1> <Delay = 1.13> <Storage> <Opcode : 'read' 'write' 'nbread' 'nbwrite'> <Ports = 0> <Width = 256> <Depth = 10> <FIFO>
ST_1 : Operation 92 [1/1] (0.00ns)   --->   "%arg0_arg1_streams_1_0 = alloca i64 1"   --->   Operation 92 'alloca' 'arg0_arg1_streams_1_0' <Predicate = true> <Delay = 0.00> <CoreInst = "FIFO">   --->   Core 78 'FIFO' <Latency = 0> <II = 1> <Delay = 1.13> <Storage> <Opcode : 'read' 'write' 'nbread' 'nbwrite'> <Ports = 0> <Width = 256> <Depth = 10> <FIFO>
ST_1 : Operation 93 [1/1] (0.00ns)   --->   "%arg0_arg1_streams_1_1 = alloca i64 1"   --->   Operation 93 'alloca' 'arg0_arg1_streams_1_1' <Predicate = true> <Delay = 0.00> <CoreInst = "FIFO">   --->   Core 78 'FIFO' <Latency = 0> <II = 1> <Delay = 1.13> <Storage> <Opcode : 'read' 'write' 'nbread' 'nbwrite'> <Ports = 0> <Width = 256> <Depth = 10> <FIFO>
ST_1 : Operation 94 [1/1] (0.00ns)   --->   "%arg0_arg1_streams_1_2 = alloca i64 1"   --->   Operation 94 'alloca' 'arg0_arg1_streams_1_2' <Predicate = true> <Delay = 0.00> <CoreInst = "FIFO">   --->   Core 78 'FIFO' <Latency = 0> <II = 1> <Delay = 1.13> <Storage> <Opcode : 'read' 'write' 'nbread' 'nbwrite'> <Ports = 0> <Width = 256> <Depth = 10> <FIFO>
ST_1 : Operation 95 [1/1] (0.00ns)   --->   "%arg0_arg1_streams_1_3 = alloca i64 1"   --->   Operation 95 'alloca' 'arg0_arg1_streams_1_3' <Predicate = true> <Delay = 0.00> <CoreInst = "FIFO">   --->   Core 78 'FIFO' <Latency = 0> <II = 1> <Delay = 1.13> <Storage> <Opcode : 'read' 'write' 'nbread' 'nbwrite'> <Ports = 0> <Width = 256> <Depth = 10> <FIFO>
ST_1 : Operation 96 [1/1] (0.00ns)   --->   "%arg0_arg1_streams_1_4 = alloca i64 1"   --->   Operation 96 'alloca' 'arg0_arg1_streams_1_4' <Predicate = true> <Delay = 0.00> <CoreInst = "FIFO">   --->   Core 78 'FIFO' <Latency = 0> <II = 1> <Delay = 1.13> <Storage> <Opcode : 'read' 'write' 'nbread' 'nbwrite'> <Ports = 0> <Width = 256> <Depth = 10> <FIFO>
ST_1 : Operation 97 [1/1] (0.00ns)   --->   "%arg0_arg1_streams_1_5 = alloca i64 1"   --->   Operation 97 'alloca' 'arg0_arg1_streams_1_5' <Predicate = true> <Delay = 0.00> <CoreInst = "FIFO">   --->   Core 78 'FIFO' <Latency = 0> <II = 1> <Delay = 1.13> <Storage> <Opcode : 'read' 'write' 'nbread' 'nbwrite'> <Ports = 0> <Width = 256> <Depth = 10> <FIFO>
ST_1 : Operation 98 [1/1] (0.00ns)   --->   "%arg0_arg1_streams_1_6 = alloca i64 1"   --->   Operation 98 'alloca' 'arg0_arg1_streams_1_6' <Predicate = true> <Delay = 0.00> <CoreInst = "FIFO">   --->   Core 78 'FIFO' <Latency = 0> <II = 1> <Delay = 1.13> <Storage> <Opcode : 'read' 'write' 'nbread' 'nbwrite'> <Ports = 0> <Width = 256> <Depth = 10> <FIFO>
ST_1 : Operation 99 [1/1] (0.00ns)   --->   "%arg0_arg1_streams_1_7 = alloca i64 1"   --->   Operation 99 'alloca' 'arg0_arg1_streams_1_7' <Predicate = true> <Delay = 0.00> <CoreInst = "FIFO">   --->   Core 78 'FIFO' <Latency = 0> <II = 1> <Delay = 1.13> <Storage> <Opcode : 'read' 'write' 'nbread' 'nbwrite'> <Ports = 0> <Width = 256> <Depth = 10> <FIFO>
ST_1 : Operation 100 [1/1] (0.00ns)   --->   "%arg0_poisson_kernel_stencil_in_subtile_stream_0_0 = alloca i64 1"   --->   Operation 100 'alloca' 'arg0_poisson_kernel_stencil_in_subtile_stream_0_0' <Predicate = true> <Delay = 0.00> <CoreInst = "FIFO_SRL">   --->   Core 81 'FIFO_SRL' <Latency = 0> <II = 1> <Delay = 1.41> <Storage> <Opcode : 'read' 'write' 'nbread' 'nbwrite'> <Ports = 0> <Width = 288> <Depth = 2> <FIFO>
ST_1 : Operation 101 [1/1] (0.00ns)   --->   "%arg0_poisson_kernel_stencil_in_subtile_stream_0_1 = alloca i64 1"   --->   Operation 101 'alloca' 'arg0_poisson_kernel_stencil_in_subtile_stream_0_1' <Predicate = true> <Delay = 0.00> <CoreInst = "FIFO_SRL">   --->   Core 81 'FIFO_SRL' <Latency = 0> <II = 1> <Delay = 1.41> <Storage> <Opcode : 'read' 'write' 'nbread' 'nbwrite'> <Ports = 0> <Width = 288> <Depth = 2> <FIFO>
ST_1 : Operation 102 [1/1] (0.00ns)   --->   "%arg0_poisson_kernel_stencil_in_subtile_stream_0_2 = alloca i64 1"   --->   Operation 102 'alloca' 'arg0_poisson_kernel_stencil_in_subtile_stream_0_2' <Predicate = true> <Delay = 0.00> <CoreInst = "FIFO_SRL">   --->   Core 81 'FIFO_SRL' <Latency = 0> <II = 1> <Delay = 1.41> <Storage> <Opcode : 'read' 'write' 'nbread' 'nbwrite'> <Ports = 0> <Width = 288> <Depth = 2> <FIFO>
ST_1 : Operation 103 [1/1] (0.00ns)   --->   "%arg0_poisson_kernel_stencil_in_subtile_stream_0_3 = alloca i64 1"   --->   Operation 103 'alloca' 'arg0_poisson_kernel_stencil_in_subtile_stream_0_3' <Predicate = true> <Delay = 0.00> <CoreInst = "FIFO_SRL">   --->   Core 81 'FIFO_SRL' <Latency = 0> <II = 1> <Delay = 1.41> <Storage> <Opcode : 'read' 'write' 'nbread' 'nbwrite'> <Ports = 0> <Width = 288> <Depth = 2> <FIFO>
ST_1 : Operation 104 [1/1] (0.00ns)   --->   "%arg0_poisson_kernel_stencil_in_subtile_stream_0_4 = alloca i64 1"   --->   Operation 104 'alloca' 'arg0_poisson_kernel_stencil_in_subtile_stream_0_4' <Predicate = true> <Delay = 0.00> <CoreInst = "FIFO_SRL">   --->   Core 81 'FIFO_SRL' <Latency = 0> <II = 1> <Delay = 1.41> <Storage> <Opcode : 'read' 'write' 'nbread' 'nbwrite'> <Ports = 0> <Width = 288> <Depth = 2> <FIFO>
ST_1 : Operation 105 [1/1] (0.00ns)   --->   "%arg0_poisson_kernel_stencil_in_subtile_stream_0_5 = alloca i64 1"   --->   Operation 105 'alloca' 'arg0_poisson_kernel_stencil_in_subtile_stream_0_5' <Predicate = true> <Delay = 0.00> <CoreInst = "FIFO_SRL">   --->   Core 81 'FIFO_SRL' <Latency = 0> <II = 1> <Delay = 1.41> <Storage> <Opcode : 'read' 'write' 'nbread' 'nbwrite'> <Ports = 0> <Width = 288> <Depth = 2> <FIFO>
ST_1 : Operation 106 [1/1] (0.00ns)   --->   "%arg0_poisson_kernel_stencil_in_subtile_stream_0_6 = alloca i64 1"   --->   Operation 106 'alloca' 'arg0_poisson_kernel_stencil_in_subtile_stream_0_6' <Predicate = true> <Delay = 0.00> <CoreInst = "FIFO_SRL">   --->   Core 81 'FIFO_SRL' <Latency = 0> <II = 1> <Delay = 1.41> <Storage> <Opcode : 'read' 'write' 'nbread' 'nbwrite'> <Ports = 0> <Width = 288> <Depth = 2> <FIFO>
ST_1 : Operation 107 [1/1] (0.00ns)   --->   "%arg0_poisson_kernel_stencil_in_subtile_stream_0_7 = alloca i64 1"   --->   Operation 107 'alloca' 'arg0_poisson_kernel_stencil_in_subtile_stream_0_7' <Predicate = true> <Delay = 0.00> <CoreInst = "FIFO_SRL">   --->   Core 81 'FIFO_SRL' <Latency = 0> <II = 1> <Delay = 1.41> <Storage> <Opcode : 'read' 'write' 'nbread' 'nbwrite'> <Ports = 0> <Width = 288> <Depth = 2> <FIFO>
ST_1 : Operation 108 [1/1] (0.00ns)   --->   "%arg0_poisson_kernel_stencil_in_subtile_stream_1_0 = alloca i64 1"   --->   Operation 108 'alloca' 'arg0_poisson_kernel_stencil_in_subtile_stream_1_0' <Predicate = true> <Delay = 0.00> <CoreInst = "FIFO_SRL">   --->   Core 81 'FIFO_SRL' <Latency = 0> <II = 1> <Delay = 1.41> <Storage> <Opcode : 'read' 'write' 'nbread' 'nbwrite'> <Ports = 0> <Width = 288> <Depth = 2> <FIFO>
ST_1 : Operation 109 [1/1] (0.00ns)   --->   "%arg0_poisson_kernel_stencil_in_subtile_stream_1_1 = alloca i64 1"   --->   Operation 109 'alloca' 'arg0_poisson_kernel_stencil_in_subtile_stream_1_1' <Predicate = true> <Delay = 0.00> <CoreInst = "FIFO_SRL">   --->   Core 81 'FIFO_SRL' <Latency = 0> <II = 1> <Delay = 1.41> <Storage> <Opcode : 'read' 'write' 'nbread' 'nbwrite'> <Ports = 0> <Width = 288> <Depth = 2> <FIFO>
ST_1 : Operation 110 [1/1] (0.00ns)   --->   "%arg0_poisson_kernel_stencil_in_subtile_stream_1_2 = alloca i64 1"   --->   Operation 110 'alloca' 'arg0_poisson_kernel_stencil_in_subtile_stream_1_2' <Predicate = true> <Delay = 0.00> <CoreInst = "FIFO_SRL">   --->   Core 81 'FIFO_SRL' <Latency = 0> <II = 1> <Delay = 1.41> <Storage> <Opcode : 'read' 'write' 'nbread' 'nbwrite'> <Ports = 0> <Width = 288> <Depth = 2> <FIFO>
ST_1 : Operation 111 [1/1] (0.00ns)   --->   "%arg0_poisson_kernel_stencil_in_subtile_stream_1_3 = alloca i64 1"   --->   Operation 111 'alloca' 'arg0_poisson_kernel_stencil_in_subtile_stream_1_3' <Predicate = true> <Delay = 0.00> <CoreInst = "FIFO_SRL">   --->   Core 81 'FIFO_SRL' <Latency = 0> <II = 1> <Delay = 1.41> <Storage> <Opcode : 'read' 'write' 'nbread' 'nbwrite'> <Ports = 0> <Width = 288> <Depth = 2> <FIFO>
ST_1 : Operation 112 [1/1] (0.00ns)   --->   "%arg0_poisson_kernel_stencil_in_subtile_stream_1_4 = alloca i64 1"   --->   Operation 112 'alloca' 'arg0_poisson_kernel_stencil_in_subtile_stream_1_4' <Predicate = true> <Delay = 0.00> <CoreInst = "FIFO_SRL">   --->   Core 81 'FIFO_SRL' <Latency = 0> <II = 1> <Delay = 1.41> <Storage> <Opcode : 'read' 'write' 'nbread' 'nbwrite'> <Ports = 0> <Width = 288> <Depth = 2> <FIFO>
ST_1 : Operation 113 [1/1] (0.00ns)   --->   "%arg0_poisson_kernel_stencil_in_subtile_stream_1_5 = alloca i64 1"   --->   Operation 113 'alloca' 'arg0_poisson_kernel_stencil_in_subtile_stream_1_5' <Predicate = true> <Delay = 0.00> <CoreInst = "FIFO_SRL">   --->   Core 81 'FIFO_SRL' <Latency = 0> <II = 1> <Delay = 1.41> <Storage> <Opcode : 'read' 'write' 'nbread' 'nbwrite'> <Ports = 0> <Width = 288> <Depth = 2> <FIFO>
ST_1 : Operation 114 [1/1] (0.00ns)   --->   "%arg0_poisson_kernel_stencil_in_subtile_stream_1_6 = alloca i64 1"   --->   Operation 114 'alloca' 'arg0_poisson_kernel_stencil_in_subtile_stream_1_6' <Predicate = true> <Delay = 0.00> <CoreInst = "FIFO_SRL">   --->   Core 81 'FIFO_SRL' <Latency = 0> <II = 1> <Delay = 1.41> <Storage> <Opcode : 'read' 'write' 'nbread' 'nbwrite'> <Ports = 0> <Width = 288> <Depth = 2> <FIFO>
ST_1 : Operation 115 [1/1] (0.00ns)   --->   "%arg0_poisson_kernel_stencil_in_subtile_stream_1_7 = alloca i64 1"   --->   Operation 115 'alloca' 'arg0_poisson_kernel_stencil_in_subtile_stream_1_7' <Predicate = true> <Delay = 0.00> <CoreInst = "FIFO_SRL">   --->   Core 81 'FIFO_SRL' <Latency = 0> <II = 1> <Delay = 1.41> <Storage> <Opcode : 'read' 'write' 'nbread' 'nbwrite'> <Ports = 0> <Width = 288> <Depth = 2> <FIFO>
ST_1 : Operation 116 [1/1] (0.00ns)   --->   "%arg1_poisson_kernel_stencil_out_subtile_stream_0_0 = alloca i64 1"   --->   Operation 116 'alloca' 'arg1_poisson_kernel_stencil_out_subtile_stream_0_0' <Predicate = true> <Delay = 0.00> <CoreInst = "FIFO_SRL">   --->   Core 81 'FIFO_SRL' <Latency = 0> <II = 1> <Delay = 1.41> <Storage> <Opcode : 'read' 'write' 'nbread' 'nbwrite'> <Ports = 0> <Width = 288> <Depth = 2> <FIFO>
ST_1 : Operation 117 [1/1] (0.00ns)   --->   "%arg1_poisson_kernel_stencil_out_subtile_stream_0_1 = alloca i64 1"   --->   Operation 117 'alloca' 'arg1_poisson_kernel_stencil_out_subtile_stream_0_1' <Predicate = true> <Delay = 0.00> <CoreInst = "FIFO_SRL">   --->   Core 81 'FIFO_SRL' <Latency = 0> <II = 1> <Delay = 1.41> <Storage> <Opcode : 'read' 'write' 'nbread' 'nbwrite'> <Ports = 0> <Width = 288> <Depth = 2> <FIFO>
ST_1 : Operation 118 [1/1] (0.00ns)   --->   "%arg1_poisson_kernel_stencil_out_subtile_stream_0_2 = alloca i64 1"   --->   Operation 118 'alloca' 'arg1_poisson_kernel_stencil_out_subtile_stream_0_2' <Predicate = true> <Delay = 0.00> <CoreInst = "FIFO_SRL">   --->   Core 81 'FIFO_SRL' <Latency = 0> <II = 1> <Delay = 1.41> <Storage> <Opcode : 'read' 'write' 'nbread' 'nbwrite'> <Ports = 0> <Width = 288> <Depth = 2> <FIFO>
ST_1 : Operation 119 [1/1] (0.00ns)   --->   "%arg1_poisson_kernel_stencil_out_subtile_stream_0_3 = alloca i64 1"   --->   Operation 119 'alloca' 'arg1_poisson_kernel_stencil_out_subtile_stream_0_3' <Predicate = true> <Delay = 0.00> <CoreInst = "FIFO_SRL">   --->   Core 81 'FIFO_SRL' <Latency = 0> <II = 1> <Delay = 1.41> <Storage> <Opcode : 'read' 'write' 'nbread' 'nbwrite'> <Ports = 0> <Width = 288> <Depth = 2> <FIFO>
ST_1 : Operation 120 [1/1] (0.00ns)   --->   "%arg1_poisson_kernel_stencil_out_subtile_stream_0_4 = alloca i64 1"   --->   Operation 120 'alloca' 'arg1_poisson_kernel_stencil_out_subtile_stream_0_4' <Predicate = true> <Delay = 0.00> <CoreInst = "FIFO_SRL">   --->   Core 81 'FIFO_SRL' <Latency = 0> <II = 1> <Delay = 1.41> <Storage> <Opcode : 'read' 'write' 'nbread' 'nbwrite'> <Ports = 0> <Width = 288> <Depth = 2> <FIFO>
ST_1 : Operation 121 [1/1] (0.00ns)   --->   "%arg1_poisson_kernel_stencil_out_subtile_stream_0_5 = alloca i64 1"   --->   Operation 121 'alloca' 'arg1_poisson_kernel_stencil_out_subtile_stream_0_5' <Predicate = true> <Delay = 0.00> <CoreInst = "FIFO_SRL">   --->   Core 81 'FIFO_SRL' <Latency = 0> <II = 1> <Delay = 1.41> <Storage> <Opcode : 'read' 'write' 'nbread' 'nbwrite'> <Ports = 0> <Width = 288> <Depth = 2> <FIFO>
ST_1 : Operation 122 [1/1] (0.00ns)   --->   "%arg1_poisson_kernel_stencil_out_subtile_stream_0_6 = alloca i64 1"   --->   Operation 122 'alloca' 'arg1_poisson_kernel_stencil_out_subtile_stream_0_6' <Predicate = true> <Delay = 0.00> <CoreInst = "FIFO_SRL">   --->   Core 81 'FIFO_SRL' <Latency = 0> <II = 1> <Delay = 1.41> <Storage> <Opcode : 'read' 'write' 'nbread' 'nbwrite'> <Ports = 0> <Width = 288> <Depth = 2> <FIFO>
ST_1 : Operation 123 [1/1] (0.00ns)   --->   "%arg1_poisson_kernel_stencil_out_subtile_stream_0_7 = alloca i64 1"   --->   Operation 123 'alloca' 'arg1_poisson_kernel_stencil_out_subtile_stream_0_7' <Predicate = true> <Delay = 0.00> <CoreInst = "FIFO_SRL">   --->   Core 81 'FIFO_SRL' <Latency = 0> <II = 1> <Delay = 1.41> <Storage> <Opcode : 'read' 'write' 'nbread' 'nbwrite'> <Ports = 0> <Width = 288> <Depth = 2> <FIFO>
ST_1 : Operation 124 [1/1] (0.00ns)   --->   "%arg1_poisson_kernel_stencil_out_subtile_stream_1_0 = alloca i64 1"   --->   Operation 124 'alloca' 'arg1_poisson_kernel_stencil_out_subtile_stream_1_0' <Predicate = true> <Delay = 0.00> <CoreInst = "FIFO_SRL">   --->   Core 81 'FIFO_SRL' <Latency = 0> <II = 1> <Delay = 1.41> <Storage> <Opcode : 'read' 'write' 'nbread' 'nbwrite'> <Ports = 0> <Width = 288> <Depth = 2> <FIFO>
ST_1 : Operation 125 [1/1] (0.00ns)   --->   "%arg1_poisson_kernel_stencil_out_subtile_stream_1_1 = alloca i64 1"   --->   Operation 125 'alloca' 'arg1_poisson_kernel_stencil_out_subtile_stream_1_1' <Predicate = true> <Delay = 0.00> <CoreInst = "FIFO_SRL">   --->   Core 81 'FIFO_SRL' <Latency = 0> <II = 1> <Delay = 1.41> <Storage> <Opcode : 'read' 'write' 'nbread' 'nbwrite'> <Ports = 0> <Width = 288> <Depth = 2> <FIFO>
ST_1 : Operation 126 [1/1] (0.00ns)   --->   "%arg1_poisson_kernel_stencil_out_subtile_stream_1_2 = alloca i64 1"   --->   Operation 126 'alloca' 'arg1_poisson_kernel_stencil_out_subtile_stream_1_2' <Predicate = true> <Delay = 0.00> <CoreInst = "FIFO_SRL">   --->   Core 81 'FIFO_SRL' <Latency = 0> <II = 1> <Delay = 1.41> <Storage> <Opcode : 'read' 'write' 'nbread' 'nbwrite'> <Ports = 0> <Width = 288> <Depth = 2> <FIFO>
ST_1 : Operation 127 [1/1] (0.00ns)   --->   "%arg1_poisson_kernel_stencil_out_subtile_stream_1_3 = alloca i64 1"   --->   Operation 127 'alloca' 'arg1_poisson_kernel_stencil_out_subtile_stream_1_3' <Predicate = true> <Delay = 0.00> <CoreInst = "FIFO_SRL">   --->   Core 81 'FIFO_SRL' <Latency = 0> <II = 1> <Delay = 1.41> <Storage> <Opcode : 'read' 'write' 'nbread' 'nbwrite'> <Ports = 0> <Width = 288> <Depth = 2> <FIFO>
ST_1 : Operation 128 [1/1] (0.00ns)   --->   "%arg1_poisson_kernel_stencil_out_subtile_stream_1_4 = alloca i64 1"   --->   Operation 128 'alloca' 'arg1_poisson_kernel_stencil_out_subtile_stream_1_4' <Predicate = true> <Delay = 0.00> <CoreInst = "FIFO_SRL">   --->   Core 81 'FIFO_SRL' <Latency = 0> <II = 1> <Delay = 1.41> <Storage> <Opcode : 'read' 'write' 'nbread' 'nbwrite'> <Ports = 0> <Width = 288> <Depth = 2> <FIFO>
ST_1 : Operation 129 [1/1] (0.00ns)   --->   "%arg1_poisson_kernel_stencil_out_subtile_stream_1_5 = alloca i64 1"   --->   Operation 129 'alloca' 'arg1_poisson_kernel_stencil_out_subtile_stream_1_5' <Predicate = true> <Delay = 0.00> <CoreInst = "FIFO_SRL">   --->   Core 81 'FIFO_SRL' <Latency = 0> <II = 1> <Delay = 1.41> <Storage> <Opcode : 'read' 'write' 'nbread' 'nbwrite'> <Ports = 0> <Width = 288> <Depth = 2> <FIFO>
ST_1 : Operation 130 [1/1] (0.00ns)   --->   "%arg1_poisson_kernel_stencil_out_subtile_stream_1_6 = alloca i64 1"   --->   Operation 130 'alloca' 'arg1_poisson_kernel_stencil_out_subtile_stream_1_6' <Predicate = true> <Delay = 0.00> <CoreInst = "FIFO_SRL">   --->   Core 81 'FIFO_SRL' <Latency = 0> <II = 1> <Delay = 1.41> <Storage> <Opcode : 'read' 'write' 'nbread' 'nbwrite'> <Ports = 0> <Width = 288> <Depth = 2> <FIFO>
ST_1 : Operation 131 [1/1] (0.00ns)   --->   "%arg1_poisson_kernel_stencil_out_subtile_stream_1_7 = alloca i64 1"   --->   Operation 131 'alloca' 'arg1_poisson_kernel_stencil_out_subtile_stream_1_7' <Predicate = true> <Delay = 0.00> <CoreInst = "FIFO_SRL">   --->   Core 81 'FIFO_SRL' <Latency = 0> <II = 1> <Delay = 1.41> <Storage> <Opcode : 'read' 'write' 'nbread' 'nbwrite'> <Ports = 0> <Width = 288> <Depth = 2> <FIFO>
ST_1 : Operation 132 [1/1] (1.21ns)   --->   "%call_ln0 = call void @entry_proc, i14 %p_read_24, i14 %stencilConfig_0_0_c60, i14 %stencilConfig_0_0_c61, i14 %stencilConfig_0_0_c62, i14 %stencilConfig_0_0_c63, i16 %p_read18, i16 %stencilConfig_0_1_c67, i16 %stencilConfig_0_1_c68, i16 %stencilConfig_0_1_c69, i16 %stencilConfig_0_1_c70, i16 %p_read29, i16 %stencilConfig_2_c74, i16 %stencilConfig_2_c75, i16 %stencilConfig_2_c76, i16 %stencilConfig_2_c77, i16 %p_read310, i16 %stencilConfig_3_c81, i16 %stencilConfig_3_c82, i16 %stencilConfig_3_c83, i16 %stencilConfig_3_c84, i1 %p_read411, i1 %stencilConfig_4_0_c85, i1 %p_read512, i1 %stencilConfig_5_0_c89, i1 %stencilConfig_5_0_c90, i1 %stencilConfig_5_0_c91, i1 %stencilConfig_5_0_c92, i14 %p_read613, i14 %stencilConfig_6_c96, i14 %stencilConfig_6_c97, i14 %stencilConfig_6_c98, i14 %stencilConfig_6_c99"   --->   Operation 132 'call' 'call_ln0' <Predicate = true> <Delay = 1.21> <CoreType = "Generic">   --->   Core 0 '' <Latency = 0> <II = 1> <Delay = 1.00> <Generic> <Opcode : >
ST_1 : Operation 133 [2/2] (1.21ns)   --->   "%call_ln111 = call void @axis2stream<256u>, i256 %arg0_0_axis_in_V_data_V, i32 %arg0_0_axis_in_V_keep_V, i32 %arg0_0_axis_in_V_strb_V, i1 %arg0_0_axis_in_V_last_V, i256 %arg0_arg1_streams_0_0, i29 %num_pkts_read, i29 %num_pkts_c109" [/home/x_thileeb/repos/ops-hls-batching-new/codegen_apps/tiling/poisson2d/u280_project/maxtile_8192_interleave_p8/hls/device/src/kernel_outerloop_0_0.cpp:111]   --->   Operation 133 'call' 'call_ln111' <Predicate = true> <Delay = 1.21> <CoreType = "Generic">   --->   Core 0 '' <Latency = 0> <II = 1> <Delay = 1.00> <Generic> <Opcode : >
ST_1 : Operation 134 [2/2] (1.21ns)   --->   "%call_ln112 = call void @axis2stream<256u>.1, i256 %arg0_1_axis_in_V_data_V, i32 %arg0_1_axis_in_V_keep_V, i32 %arg0_1_axis_in_V_strb_V, i1 %arg0_1_axis_in_V_last_V, i256 %arg0_arg1_streams_0_1, i29 %num_pkts_read" [/home/x_thileeb/repos/ops-hls-batching-new/codegen_apps/tiling/poisson2d/u280_project/maxtile_8192_interleave_p8/hls/device/src/kernel_outerloop_0_0.cpp:112]   --->   Operation 134 'call' 'call_ln112' <Predicate = true> <Delay = 1.21> <CoreType = "Generic">   --->   Core 0 '' <Latency = 0> <II = 1> <Delay = 1.00> <Generic> <Opcode : >
ST_1 : Operation 135 [2/2] (1.21ns)   --->   "%call_ln113 = call void @axis2stream<256u>.2, i256 %arg0_2_axis_in_V_data_V, i32 %arg0_2_axis_in_V_keep_V, i32 %arg0_2_axis_in_V_strb_V, i1 %arg0_2_axis_in_V_last_V, i256 %arg0_arg1_streams_0_2, i29 %num_pkts_read" [/home/x_thileeb/repos/ops-hls-batching-new/codegen_apps/tiling/poisson2d/u280_project/maxtile_8192_interleave_p8/hls/device/src/kernel_outerloop_0_0.cpp:113]   --->   Operation 135 'call' 'call_ln113' <Predicate = true> <Delay = 1.21> <CoreType = "Generic">   --->   Core 0 '' <Latency = 0> <II = 1> <Delay = 1.00> <Generic> <Opcode : >
ST_1 : Operation 136 [2/2] (1.21ns)   --->   "%call_ln114 = call void @axis2stream<256u>.3, i256 %arg0_3_axis_in_V_data_V, i32 %arg0_3_axis_in_V_keep_V, i32 %arg0_3_axis_in_V_strb_V, i1 %arg0_3_axis_in_V_last_V, i256 %arg0_arg1_streams_0_3, i29 %num_pkts_read" [/home/x_thileeb/repos/ops-hls-batching-new/codegen_apps/tiling/poisson2d/u280_project/maxtile_8192_interleave_p8/hls/device/src/kernel_outerloop_0_0.cpp:114]   --->   Operation 136 'call' 'call_ln114' <Predicate = true> <Delay = 1.21> <CoreType = "Generic">   --->   Core 0 '' <Latency = 0> <II = 1> <Delay = 1.00> <Generic> <Opcode : >
ST_1 : Operation 137 [2/2] (1.21ns)   --->   "%call_ln115 = call void @axis2stream<256u>.4, i256 %arg0_4_axis_in_V_data_V, i32 %arg0_4_axis_in_V_keep_V, i32 %arg0_4_axis_in_V_strb_V, i1 %arg0_4_axis_in_V_last_V, i256 %arg0_arg1_streams_0_4, i29 %num_pkts_read" [/home/x_thileeb/repos/ops-hls-batching-new/codegen_apps/tiling/poisson2d/u280_project/maxtile_8192_interleave_p8/hls/device/src/kernel_outerloop_0_0.cpp:115]   --->   Operation 137 'call' 'call_ln115' <Predicate = true> <Delay = 1.21> <CoreType = "Generic">   --->   Core 0 '' <Latency = 0> <II = 1> <Delay = 1.00> <Generic> <Opcode : >
ST_1 : Operation 138 [2/2] (1.21ns)   --->   "%call_ln116 = call void @axis2stream<256u>.5, i256 %arg0_5_axis_in_V_data_V, i32 %arg0_5_axis_in_V_keep_V, i32 %arg0_5_axis_in_V_strb_V, i1 %arg0_5_axis_in_V_last_V, i256 %arg0_arg1_streams_0_5, i29 %num_pkts_read" [/home/x_thileeb/repos/ops-hls-batching-new/codegen_apps/tiling/poisson2d/u280_project/maxtile_8192_interleave_p8/hls/device/src/kernel_outerloop_0_0.cpp:116]   --->   Operation 138 'call' 'call_ln116' <Predicate = true> <Delay = 1.21> <CoreType = "Generic">   --->   Core 0 '' <Latency = 0> <II = 1> <Delay = 1.00> <Generic> <Opcode : >
ST_1 : Operation 139 [2/2] (1.21ns)   --->   "%call_ln117 = call void @axis2stream<256u>.6, i256 %arg0_6_axis_in_V_data_V, i32 %arg0_6_axis_in_V_keep_V, i32 %arg0_6_axis_in_V_strb_V, i1 %arg0_6_axis_in_V_last_V, i256 %arg0_arg1_streams_0_6, i29 %num_pkts_read" [/home/x_thileeb/repos/ops-hls-batching-new/codegen_apps/tiling/poisson2d/u280_project/maxtile_8192_interleave_p8/hls/device/src/kernel_outerloop_0_0.cpp:117]   --->   Operation 139 'call' 'call_ln117' <Predicate = true> <Delay = 1.21> <CoreType = "Generic">   --->   Core 0 '' <Latency = 0> <II = 1> <Delay = 1.00> <Generic> <Opcode : >
ST_1 : Operation 140 [2/2] (1.21ns)   --->   "%call_ln118 = call void @axis2stream<256u>.7, i256 %arg0_7_axis_in_V_data_V, i32 %arg0_7_axis_in_V_keep_V, i32 %arg0_7_axis_in_V_strb_V, i1 %arg0_7_axis_in_V_last_V, i256 %arg0_arg1_streams_0_7, i29 %num_pkts_read" [/home/x_thileeb/repos/ops-hls-batching-new/codegen_apps/tiling/poisson2d/u280_project/maxtile_8192_interleave_p8/hls/device/src/kernel_outerloop_0_0.cpp:118]   --->   Operation 140 'call' 'call_ln118' <Predicate = true> <Delay = 1.21> <CoreType = "Generic">   --->   Core 0 '' <Latency = 0> <II = 1> <Delay = 1.00> <Generic> <Opcode : >

State 2 <SV = 1> <Delay = 0.00>
ST_2 : Operation 141 [1/2] (0.00ns)   --->   "%call_ln111 = call void @axis2stream<256u>, i256 %arg0_0_axis_in_V_data_V, i32 %arg0_0_axis_in_V_keep_V, i32 %arg0_0_axis_in_V_strb_V, i1 %arg0_0_axis_in_V_last_V, i256 %arg0_arg1_streams_0_0, i29 %num_pkts_read, i29 %num_pkts_c109" [/home/x_thileeb/repos/ops-hls-batching-new/codegen_apps/tiling/poisson2d/u280_project/maxtile_8192_interleave_p8/hls/device/src/kernel_outerloop_0_0.cpp:111]   --->   Operation 141 'call' 'call_ln111' <Predicate = true> <Delay = 0.00> <CoreType = "Generic">   --->   Core 0 '' <Latency = 0> <II = 1> <Delay = 1.00> <Generic> <Opcode : >
ST_2 : Operation 142 [1/2] (0.00ns)   --->   "%call_ln112 = call void @axis2stream<256u>.1, i256 %arg0_1_axis_in_V_data_V, i32 %arg0_1_axis_in_V_keep_V, i32 %arg0_1_axis_in_V_strb_V, i1 %arg0_1_axis_in_V_last_V, i256 %arg0_arg1_streams_0_1, i29 %num_pkts_read" [/home/x_thileeb/repos/ops-hls-batching-new/codegen_apps/tiling/poisson2d/u280_project/maxtile_8192_interleave_p8/hls/device/src/kernel_outerloop_0_0.cpp:112]   --->   Operation 142 'call' 'call_ln112' <Predicate = true> <Delay = 0.00> <CoreType = "Generic">   --->   Core 0 '' <Latency = 0> <II = 1> <Delay = 1.00> <Generic> <Opcode : >
ST_2 : Operation 143 [1/2] (0.00ns)   --->   "%call_ln113 = call void @axis2stream<256u>.2, i256 %arg0_2_axis_in_V_data_V, i32 %arg0_2_axis_in_V_keep_V, i32 %arg0_2_axis_in_V_strb_V, i1 %arg0_2_axis_in_V_last_V, i256 %arg0_arg1_streams_0_2, i29 %num_pkts_read" [/home/x_thileeb/repos/ops-hls-batching-new/codegen_apps/tiling/poisson2d/u280_project/maxtile_8192_interleave_p8/hls/device/src/kernel_outerloop_0_0.cpp:113]   --->   Operation 143 'call' 'call_ln113' <Predicate = true> <Delay = 0.00> <CoreType = "Generic">   --->   Core 0 '' <Latency = 0> <II = 1> <Delay = 1.00> <Generic> <Opcode : >
ST_2 : Operation 144 [1/2] (0.00ns)   --->   "%call_ln114 = call void @axis2stream<256u>.3, i256 %arg0_3_axis_in_V_data_V, i32 %arg0_3_axis_in_V_keep_V, i32 %arg0_3_axis_in_V_strb_V, i1 %arg0_3_axis_in_V_last_V, i256 %arg0_arg1_streams_0_3, i29 %num_pkts_read" [/home/x_thileeb/repos/ops-hls-batching-new/codegen_apps/tiling/poisson2d/u280_project/maxtile_8192_interleave_p8/hls/device/src/kernel_outerloop_0_0.cpp:114]   --->   Operation 144 'call' 'call_ln114' <Predicate = true> <Delay = 0.00> <CoreType = "Generic">   --->   Core 0 '' <Latency = 0> <II = 1> <Delay = 1.00> <Generic> <Opcode : >
ST_2 : Operation 145 [1/2] (0.00ns)   --->   "%call_ln115 = call void @axis2stream<256u>.4, i256 %arg0_4_axis_in_V_data_V, i32 %arg0_4_axis_in_V_keep_V, i32 %arg0_4_axis_in_V_strb_V, i1 %arg0_4_axis_in_V_last_V, i256 %arg0_arg1_streams_0_4, i29 %num_pkts_read" [/home/x_thileeb/repos/ops-hls-batching-new/codegen_apps/tiling/poisson2d/u280_project/maxtile_8192_interleave_p8/hls/device/src/kernel_outerloop_0_0.cpp:115]   --->   Operation 145 'call' 'call_ln115' <Predicate = true> <Delay = 0.00> <CoreType = "Generic">   --->   Core 0 '' <Latency = 0> <II = 1> <Delay = 1.00> <Generic> <Opcode : >
ST_2 : Operation 146 [1/2] (0.00ns)   --->   "%call_ln116 = call void @axis2stream<256u>.5, i256 %arg0_5_axis_in_V_data_V, i32 %arg0_5_axis_in_V_keep_V, i32 %arg0_5_axis_in_V_strb_V, i1 %arg0_5_axis_in_V_last_V, i256 %arg0_arg1_streams_0_5, i29 %num_pkts_read" [/home/x_thileeb/repos/ops-hls-batching-new/codegen_apps/tiling/poisson2d/u280_project/maxtile_8192_interleave_p8/hls/device/src/kernel_outerloop_0_0.cpp:116]   --->   Operation 146 'call' 'call_ln116' <Predicate = true> <Delay = 0.00> <CoreType = "Generic">   --->   Core 0 '' <Latency = 0> <II = 1> <Delay = 1.00> <Generic> <Opcode : >
ST_2 : Operation 147 [1/2] (0.00ns)   --->   "%call_ln117 = call void @axis2stream<256u>.6, i256 %arg0_6_axis_in_V_data_V, i32 %arg0_6_axis_in_V_keep_V, i32 %arg0_6_axis_in_V_strb_V, i1 %arg0_6_axis_in_V_last_V, i256 %arg0_arg1_streams_0_6, i29 %num_pkts_read" [/home/x_thileeb/repos/ops-hls-batching-new/codegen_apps/tiling/poisson2d/u280_project/maxtile_8192_interleave_p8/hls/device/src/kernel_outerloop_0_0.cpp:117]   --->   Operation 147 'call' 'call_ln117' <Predicate = true> <Delay = 0.00> <CoreType = "Generic">   --->   Core 0 '' <Latency = 0> <II = 1> <Delay = 1.00> <Generic> <Opcode : >
ST_2 : Operation 148 [1/2] (0.00ns)   --->   "%call_ln118 = call void @axis2stream<256u>.7, i256 %arg0_7_axis_in_V_data_V, i32 %arg0_7_axis_in_V_keep_V, i32 %arg0_7_axis_in_V_strb_V, i1 %arg0_7_axis_in_V_last_V, i256 %arg0_arg1_streams_0_7, i29 %num_pkts_read" [/home/x_thileeb/repos/ops-hls-batching-new/codegen_apps/tiling/poisson2d/u280_project/maxtile_8192_interleave_p8/hls/device/src/kernel_outerloop_0_0.cpp:118]   --->   Operation 148 'call' 'call_ln118' <Predicate = true> <Delay = 0.00> <CoreType = "Generic">   --->   Core 0 '' <Latency = 0> <II = 1> <Delay = 1.00> <Generic> <Opcode : >

State 3 <SV = 2> <Delay = 0.00>
ST_3 : Operation 149 [2/2] (0.00ns)   --->   "%call_ln124 = call void @stream2interleave, i256 %arg0_arg1_streams_0_0, i256 %arg0_arg1_streams_0_1, i256 %arg0_arg1_streams_0_2, i256 %arg0_arg1_streams_0_3, i256 %arg0_arg1_streams_0_4, i256 %arg0_arg1_streams_0_5, i256 %arg0_arg1_streams_0_6, i256 %arg0_arg1_streams_0_7, i288 %arg0_poisson_kernel_stencil_in_subtile_stream_0_0, i288 %arg0_poisson_kernel_stencil_in_subtile_stream_0_1, i288 %arg0_poisson_kernel_stencil_in_subtile_stream_0_2, i288 %arg0_poisson_kernel_stencil_in_subtile_stream_0_3, i288 %arg0_poisson_kernel_stencil_in_subtile_stream_0_4, i288 %arg0_poisson_kernel_stencil_in_subtile_stream_0_5, i288 %arg0_poisson_kernel_stencil_in_subtile_stream_0_6, i288 %arg0_poisson_kernel_stencil_in_subtile_stream_0_7, i29 %num_pkts_c109, i29 %num_pkts_c108" [/home/x_thileeb/repos/ops-hls-batching-new/codegen_apps/tiling/poisson2d/u280_project/maxtile_8192_interleave_p8/hls/device/src/kernel_outerloop_0_0.cpp:124]   --->   Operation 149 'call' 'call_ln124' <Predicate = true> <Delay = 0.00> <CoreType = "Generic">   --->   Core 0 '' <Latency = 0> <II = 1> <Delay = 1.00> <Generic> <Opcode : >

State 4 <SV = 3> <Delay = 0.00>
ST_4 : Operation 150 [1/2] (0.00ns)   --->   "%call_ln124 = call void @stream2interleave, i256 %arg0_arg1_streams_0_0, i256 %arg0_arg1_streams_0_1, i256 %arg0_arg1_streams_0_2, i256 %arg0_arg1_streams_0_3, i256 %arg0_arg1_streams_0_4, i256 %arg0_arg1_streams_0_5, i256 %arg0_arg1_streams_0_6, i256 %arg0_arg1_streams_0_7, i288 %arg0_poisson_kernel_stencil_in_subtile_stream_0_0, i288 %arg0_poisson_kernel_stencil_in_subtile_stream_0_1, i288 %arg0_poisson_kernel_stencil_in_subtile_stream_0_2, i288 %arg0_poisson_kernel_stencil_in_subtile_stream_0_3, i288 %arg0_poisson_kernel_stencil_in_subtile_stream_0_4, i288 %arg0_poisson_kernel_stencil_in_subtile_stream_0_5, i288 %arg0_poisson_kernel_stencil_in_subtile_stream_0_6, i288 %arg0_poisson_kernel_stencil_in_subtile_stream_0_7, i29 %num_pkts_c109, i29 %num_pkts_c108" [/home/x_thileeb/repos/ops-hls-batching-new/codegen_apps/tiling/poisson2d/u280_project/maxtile_8192_interleave_p8/hls/device/src/kernel_outerloop_0_0.cpp:124]   --->   Operation 150 'call' 'call_ln124' <Predicate = true> <Delay = 0.00> <CoreType = "Generic">   --->   Core 0 '' <Latency = 0> <II = 1> <Delay = 1.00> <Generic> <Opcode : >

State 5 <SV = 4> <Delay = 0.00>
ST_5 : Operation 151 [2/2] (0.00ns)   --->   "%call_ln125 = call void @kernel_poisson_kernel_stencil_PE<(unsigned short)4, (unsigned short)0>, i14 %stencilConfig_0_0_c63, i16 %stencilConfig_0_1_c70, i16 %stencilConfig_2_c77, i16 %stencilConfig_3_c84, i1 %stencilConfig_4_0_c85, i1 %stencilConfig_5_0_c92, i14 %stencilConfig_6_c99, i288 %arg0_poisson_kernel_stencil_in_subtile_stream_0_0, i288 %arg0_poisson_kernel_stencil_in_subtile_stream_0_1, i288 %arg1_poisson_kernel_stencil_out_subtile_stream_0_0, i288 %arg1_poisson_kernel_stencil_out_subtile_stream_0_1, i14 %stencilConfig_0_0_c, i14 %stencilConfig_0_0_c57, i14 %stencilConfig_0_0_c58, i14 %stencilConfig_0_0_c59, i16 %stencilConfig_0_1_c, i16 %stencilConfig_0_1_c64, i16 %stencilConfig_0_1_c65, i16 %stencilConfig_0_1_c66, i16 %stencilConfig_2_c, i16 %stencilConfig_2_c71, i16 %stencilConfig_2_c72, i16 %stencilConfig_2_c73, i16 %stencilConfig_3_c, i16 %stencilConfig_3_c78, i16 %stencilConfig_3_c79, i16 %stencilConfig_3_c80, i1 %stencilConfig_4_0_c, i1 %stencilConfig_5_0_c, i1 %stencilConfig_5_0_c86, i1 %stencilConfig_5_0_c87, i1 %stencilConfig_5_0_c88, i14 %stencilConfig_6_c, i14 %stencilConfig_6_c93, i14 %stencilConfig_6_c94, i14 %stencilConfig_6_c95" [/home/x_thileeb/repos/ops-hls-batching-new/codegen_apps/tiling/poisson2d/u280_project/maxtile_8192_interleave_p8/hls/device/src/kernel_outerloop_0_0.cpp:125]   --->   Operation 151 'call' 'call_ln125' <Predicate = true> <Delay = 0.00> <CoreType = "Generic">   --->   Core 0 '' <Latency = 0> <II = 1> <Delay = 1.00> <Generic> <Opcode : >
ST_5 : Operation 152 [2/2] (0.00ns)   --->   "%call_ln134 = call void @kernel_poisson_kernel_stencil_PE<(unsigned short)4, (unsigned short)1>, i14 %stencilConfig_0_0_c62, i16 %stencilConfig_0_1_c69, i16 %stencilConfig_2_c76, i16 %stencilConfig_3_c83, i1 %stencilConfig_5_0_c91, i14 %stencilConfig_6_c98, i288 %arg0_poisson_kernel_stencil_in_subtile_stream_0_2, i288 %arg0_poisson_kernel_stencil_in_subtile_stream_0_3, i288 %arg1_poisson_kernel_stencil_out_subtile_stream_0_2, i288 %arg1_poisson_kernel_stencil_out_subtile_stream_0_3" [/home/x_thileeb/repos/ops-hls-batching-new/codegen_apps/tiling/poisson2d/u280_project/maxtile_8192_interleave_p8/hls/device/src/kernel_outerloop_0_0.cpp:134]   --->   Operation 152 'call' 'call_ln134' <Predicate = true> <Delay = 0.00> <CoreType = "Generic">   --->   Core 0 '' <Latency = 0> <II = 1> <Delay = 1.00> <Generic> <Opcode : >
ST_5 : Operation 153 [2/2] (0.00ns)   --->   "%call_ln143 = call void @kernel_poisson_kernel_stencil_PE<(unsigned short)4, (unsigned short)2>, i14 %stencilConfig_0_0_c61, i16 %stencilConfig_0_1_c68, i16 %stencilConfig_2_c75, i16 %stencilConfig_3_c82, i1 %stencilConfig_5_0_c90, i14 %stencilConfig_6_c97, i288 %arg0_poisson_kernel_stencil_in_subtile_stream_0_4, i288 %arg0_poisson_kernel_stencil_in_subtile_stream_0_5, i288 %arg1_poisson_kernel_stencil_out_subtile_stream_0_4, i288 %arg1_poisson_kernel_stencil_out_subtile_stream_0_5" [/home/x_thileeb/repos/ops-hls-batching-new/codegen_apps/tiling/poisson2d/u280_project/maxtile_8192_interleave_p8/hls/device/src/kernel_outerloop_0_0.cpp:143]   --->   Operation 153 'call' 'call_ln143' <Predicate = true> <Delay = 0.00> <CoreType = "Generic">   --->   Core 0 '' <Latency = 0> <II = 1> <Delay = 1.00> <Generic> <Opcode : >
ST_5 : Operation 154 [2/2] (0.00ns)   --->   "%call_ln152 = call void @kernel_poisson_kernel_stencil_PE<(unsigned short)4, (unsigned short)3>, i14 %stencilConfig_0_0_c60, i16 %stencilConfig_0_1_c67, i16 %stencilConfig_2_c74, i16 %stencilConfig_3_c81, i1 %stencilConfig_5_0_c89, i14 %stencilConfig_6_c96, i288 %arg0_poisson_kernel_stencil_in_subtile_stream_0_6, i288 %arg0_poisson_kernel_stencil_in_subtile_stream_0_7, i288 %arg1_poisson_kernel_stencil_out_subtile_stream_0_6, i288 %arg1_poisson_kernel_stencil_out_subtile_stream_0_7" [/home/x_thileeb/repos/ops-hls-batching-new/codegen_apps/tiling/poisson2d/u280_project/maxtile_8192_interleave_p8/hls/device/src/kernel_outerloop_0_0.cpp:152]   --->   Operation 154 'call' 'call_ln152' <Predicate = true> <Delay = 0.00> <CoreType = "Generic">   --->   Core 0 '' <Latency = 0> <II = 1> <Delay = 1.00> <Generic> <Opcode : >

State 6 <SV = 5> <Delay = 0.00>
ST_6 : Operation 155 [1/2] (0.00ns)   --->   "%call_ln125 = call void @kernel_poisson_kernel_stencil_PE<(unsigned short)4, (unsigned short)0>, i14 %stencilConfig_0_0_c63, i16 %stencilConfig_0_1_c70, i16 %stencilConfig_2_c77, i16 %stencilConfig_3_c84, i1 %stencilConfig_4_0_c85, i1 %stencilConfig_5_0_c92, i14 %stencilConfig_6_c99, i288 %arg0_poisson_kernel_stencil_in_subtile_stream_0_0, i288 %arg0_poisson_kernel_stencil_in_subtile_stream_0_1, i288 %arg1_poisson_kernel_stencil_out_subtile_stream_0_0, i288 %arg1_poisson_kernel_stencil_out_subtile_stream_0_1, i14 %stencilConfig_0_0_c, i14 %stencilConfig_0_0_c57, i14 %stencilConfig_0_0_c58, i14 %stencilConfig_0_0_c59, i16 %stencilConfig_0_1_c, i16 %stencilConfig_0_1_c64, i16 %stencilConfig_0_1_c65, i16 %stencilConfig_0_1_c66, i16 %stencilConfig_2_c, i16 %stencilConfig_2_c71, i16 %stencilConfig_2_c72, i16 %stencilConfig_2_c73, i16 %stencilConfig_3_c, i16 %stencilConfig_3_c78, i16 %stencilConfig_3_c79, i16 %stencilConfig_3_c80, i1 %stencilConfig_4_0_c, i1 %stencilConfig_5_0_c, i1 %stencilConfig_5_0_c86, i1 %stencilConfig_5_0_c87, i1 %stencilConfig_5_0_c88, i14 %stencilConfig_6_c, i14 %stencilConfig_6_c93, i14 %stencilConfig_6_c94, i14 %stencilConfig_6_c95" [/home/x_thileeb/repos/ops-hls-batching-new/codegen_apps/tiling/poisson2d/u280_project/maxtile_8192_interleave_p8/hls/device/src/kernel_outerloop_0_0.cpp:125]   --->   Operation 155 'call' 'call_ln125' <Predicate = true> <Delay = 0.00> <CoreType = "Generic">   --->   Core 0 '' <Latency = 0> <II = 1> <Delay = 1.00> <Generic> <Opcode : >
ST_6 : Operation 156 [1/2] (0.00ns)   --->   "%call_ln134 = call void @kernel_poisson_kernel_stencil_PE<(unsigned short)4, (unsigned short)1>, i14 %stencilConfig_0_0_c62, i16 %stencilConfig_0_1_c69, i16 %stencilConfig_2_c76, i16 %stencilConfig_3_c83, i1 %stencilConfig_5_0_c91, i14 %stencilConfig_6_c98, i288 %arg0_poisson_kernel_stencil_in_subtile_stream_0_2, i288 %arg0_poisson_kernel_stencil_in_subtile_stream_0_3, i288 %arg1_poisson_kernel_stencil_out_subtile_stream_0_2, i288 %arg1_poisson_kernel_stencil_out_subtile_stream_0_3" [/home/x_thileeb/repos/ops-hls-batching-new/codegen_apps/tiling/poisson2d/u280_project/maxtile_8192_interleave_p8/hls/device/src/kernel_outerloop_0_0.cpp:134]   --->   Operation 156 'call' 'call_ln134' <Predicate = true> <Delay = 0.00> <CoreType = "Generic">   --->   Core 0 '' <Latency = 0> <II = 1> <Delay = 1.00> <Generic> <Opcode : >
ST_6 : Operation 157 [1/2] (0.00ns)   --->   "%call_ln143 = call void @kernel_poisson_kernel_stencil_PE<(unsigned short)4, (unsigned short)2>, i14 %stencilConfig_0_0_c61, i16 %stencilConfig_0_1_c68, i16 %stencilConfig_2_c75, i16 %stencilConfig_3_c82, i1 %stencilConfig_5_0_c90, i14 %stencilConfig_6_c97, i288 %arg0_poisson_kernel_stencil_in_subtile_stream_0_4, i288 %arg0_poisson_kernel_stencil_in_subtile_stream_0_5, i288 %arg1_poisson_kernel_stencil_out_subtile_stream_0_4, i288 %arg1_poisson_kernel_stencil_out_subtile_stream_0_5" [/home/x_thileeb/repos/ops-hls-batching-new/codegen_apps/tiling/poisson2d/u280_project/maxtile_8192_interleave_p8/hls/device/src/kernel_outerloop_0_0.cpp:143]   --->   Operation 157 'call' 'call_ln143' <Predicate = true> <Delay = 0.00> <CoreType = "Generic">   --->   Core 0 '' <Latency = 0> <II = 1> <Delay = 1.00> <Generic> <Opcode : >
ST_6 : Operation 158 [1/2] (0.00ns)   --->   "%call_ln152 = call void @kernel_poisson_kernel_stencil_PE<(unsigned short)4, (unsigned short)3>, i14 %stencilConfig_0_0_c60, i16 %stencilConfig_0_1_c67, i16 %stencilConfig_2_c74, i16 %stencilConfig_3_c81, i1 %stencilConfig_5_0_c89, i14 %stencilConfig_6_c96, i288 %arg0_poisson_kernel_stencil_in_subtile_stream_0_6, i288 %arg0_poisson_kernel_stencil_in_subtile_stream_0_7, i288 %arg1_poisson_kernel_stencil_out_subtile_stream_0_6, i288 %arg1_poisson_kernel_stencil_out_subtile_stream_0_7" [/home/x_thileeb/repos/ops-hls-batching-new/codegen_apps/tiling/poisson2d/u280_project/maxtile_8192_interleave_p8/hls/device/src/kernel_outerloop_0_0.cpp:152]   --->   Operation 158 'call' 'call_ln152' <Predicate = true> <Delay = 0.00> <CoreType = "Generic">   --->   Core 0 '' <Latency = 0> <II = 1> <Delay = 1.00> <Generic> <Opcode : >

State 7 <SV = 6> <Delay = 0.00>
ST_7 : Operation 159 [2/2] (0.00ns)   --->   "%call_ln162 = call void @updateInterleaveBoundaries, i288 %arg1_poisson_kernel_stencil_out_subtile_stream_0_0, i288 %arg1_poisson_kernel_stencil_out_subtile_stream_0_1, i288 %arg1_poisson_kernel_stencil_out_subtile_stream_0_2, i288 %arg1_poisson_kernel_stencil_out_subtile_stream_0_3, i288 %arg1_poisson_kernel_stencil_out_subtile_stream_0_4, i288 %arg1_poisson_kernel_stencil_out_subtile_stream_0_5, i288 %arg1_poisson_kernel_stencil_out_subtile_stream_0_6, i288 %arg1_poisson_kernel_stencil_out_subtile_stream_0_7, i288 %arg0_poisson_kernel_stencil_in_subtile_stream_1_0, i288 %arg0_poisson_kernel_stencil_in_subtile_stream_1_1, i288 %arg0_poisson_kernel_stencil_in_subtile_stream_1_2, i288 %arg0_poisson_kernel_stencil_in_subtile_stream_1_3, i288 %arg0_poisson_kernel_stencil_in_subtile_stream_1_4, i288 %arg0_poisson_kernel_stencil_in_subtile_stream_1_5, i288 %arg0_poisson_kernel_stencil_in_subtile_stream_1_6, i288 %arg0_poisson_kernel_stencil_in_subtile_stream_1_7, i29 %num_pkts_c108, i29 %num_pkts_c107" [/home/x_thileeb/repos/ops-hls-batching-new/codegen_apps/tiling/poisson2d/u280_project/maxtile_8192_interleave_p8/hls/device/src/kernel_outerloop_0_0.cpp:162]   --->   Operation 159 'call' 'call_ln162' <Predicate = true> <Delay = 0.00> <CoreType = "Generic">   --->   Core 0 '' <Latency = 0> <II = 1> <Delay = 1.00> <Generic> <Opcode : >

State 8 <SV = 7> <Delay = 0.00>
ST_8 : Operation 160 [1/2] (0.00ns)   --->   "%call_ln162 = call void @updateInterleaveBoundaries, i288 %arg1_poisson_kernel_stencil_out_subtile_stream_0_0, i288 %arg1_poisson_kernel_stencil_out_subtile_stream_0_1, i288 %arg1_poisson_kernel_stencil_out_subtile_stream_0_2, i288 %arg1_poisson_kernel_stencil_out_subtile_stream_0_3, i288 %arg1_poisson_kernel_stencil_out_subtile_stream_0_4, i288 %arg1_poisson_kernel_stencil_out_subtile_stream_0_5, i288 %arg1_poisson_kernel_stencil_out_subtile_stream_0_6, i288 %arg1_poisson_kernel_stencil_out_subtile_stream_0_7, i288 %arg0_poisson_kernel_stencil_in_subtile_stream_1_0, i288 %arg0_poisson_kernel_stencil_in_subtile_stream_1_1, i288 %arg0_poisson_kernel_stencil_in_subtile_stream_1_2, i288 %arg0_poisson_kernel_stencil_in_subtile_stream_1_3, i288 %arg0_poisson_kernel_stencil_in_subtile_stream_1_4, i288 %arg0_poisson_kernel_stencil_in_subtile_stream_1_5, i288 %arg0_poisson_kernel_stencil_in_subtile_stream_1_6, i288 %arg0_poisson_kernel_stencil_in_subtile_stream_1_7, i29 %num_pkts_c108, i29 %num_pkts_c107" [/home/x_thileeb/repos/ops-hls-batching-new/codegen_apps/tiling/poisson2d/u280_project/maxtile_8192_interleave_p8/hls/device/src/kernel_outerloop_0_0.cpp:162]   --->   Operation 160 'call' 'call_ln162' <Predicate = true> <Delay = 0.00> <CoreType = "Generic">   --->   Core 0 '' <Latency = 0> <II = 1> <Delay = 1.00> <Generic> <Opcode : >

State 9 <SV = 8> <Delay = 0.00>
ST_9 : Operation 161 [2/2] (0.00ns)   --->   "%call_ln163 = call void @kernel_poisson_kernel_stencil_PE<(unsigned short)4, (unsigned short)0>.8, i14 %stencilConfig_0_0_c59, i16 %stencilConfig_0_1_c66, i16 %stencilConfig_2_c73, i16 %stencilConfig_3_c80, i1 %stencilConfig_4_0_c, i1 %stencilConfig_5_0_c88, i14 %stencilConfig_6_c95, i288 %arg0_poisson_kernel_stencil_in_subtile_stream_1_0, i288 %arg0_poisson_kernel_stencil_in_subtile_stream_1_1, i288 %arg1_poisson_kernel_stencil_out_subtile_stream_1_0, i288 %arg1_poisson_kernel_stencil_out_subtile_stream_1_1" [/home/x_thileeb/repos/ops-hls-batching-new/codegen_apps/tiling/poisson2d/u280_project/maxtile_8192_interleave_p8/hls/device/src/kernel_outerloop_0_0.cpp:163]   --->   Operation 161 'call' 'call_ln163' <Predicate = true> <Delay = 0.00> <CoreType = "Generic">   --->   Core 0 '' <Latency = 0> <II = 1> <Delay = 1.00> <Generic> <Opcode : >
ST_9 : Operation 162 [2/2] (0.00ns)   --->   "%call_ln172 = call void @kernel_poisson_kernel_stencil_PE<(unsigned short)4, (unsigned short)1>.9, i14 %stencilConfig_0_0_c58, i16 %stencilConfig_0_1_c65, i16 %stencilConfig_2_c72, i16 %stencilConfig_3_c79, i1 %stencilConfig_5_0_c87, i14 %stencilConfig_6_c94, i288 %arg0_poisson_kernel_stencil_in_subtile_stream_1_2, i288 %arg0_poisson_kernel_stencil_in_subtile_stream_1_3, i288 %arg1_poisson_kernel_stencil_out_subtile_stream_1_2, i288 %arg1_poisson_kernel_stencil_out_subtile_stream_1_3" [/home/x_thileeb/repos/ops-hls-batching-new/codegen_apps/tiling/poisson2d/u280_project/maxtile_8192_interleave_p8/hls/device/src/kernel_outerloop_0_0.cpp:172]   --->   Operation 162 'call' 'call_ln172' <Predicate = true> <Delay = 0.00> <CoreType = "Generic">   --->   Core 0 '' <Latency = 0> <II = 1> <Delay = 1.00> <Generic> <Opcode : >
ST_9 : Operation 163 [2/2] (0.00ns)   --->   "%call_ln181 = call void @kernel_poisson_kernel_stencil_PE<(unsigned short)4, (unsigned short)2>.10, i14 %stencilConfig_0_0_c57, i16 %stencilConfig_0_1_c64, i16 %stencilConfig_2_c71, i16 %stencilConfig_3_c78, i1 %stencilConfig_5_0_c86, i14 %stencilConfig_6_c93, i288 %arg0_poisson_kernel_stencil_in_subtile_stream_1_4, i288 %arg0_poisson_kernel_stencil_in_subtile_stream_1_5, i288 %arg1_poisson_kernel_stencil_out_subtile_stream_1_4, i288 %arg1_poisson_kernel_stencil_out_subtile_stream_1_5" [/home/x_thileeb/repos/ops-hls-batching-new/codegen_apps/tiling/poisson2d/u280_project/maxtile_8192_interleave_p8/hls/device/src/kernel_outerloop_0_0.cpp:181]   --->   Operation 163 'call' 'call_ln181' <Predicate = true> <Delay = 0.00> <CoreType = "Generic">   --->   Core 0 '' <Latency = 0> <II = 1> <Delay = 1.00> <Generic> <Opcode : >
ST_9 : Operation 164 [2/2] (0.00ns)   --->   "%call_ln190 = call void @kernel_poisson_kernel_stencil_PE<(unsigned short)4, (unsigned short)3>.11, i14 %stencilConfig_0_0_c, i16 %stencilConfig_0_1_c, i16 %stencilConfig_2_c, i16 %stencilConfig_3_c, i1 %stencilConfig_5_0_c, i14 %stencilConfig_6_c, i288 %arg0_poisson_kernel_stencil_in_subtile_stream_1_6, i288 %arg0_poisson_kernel_stencil_in_subtile_stream_1_7, i288 %arg1_poisson_kernel_stencil_out_subtile_stream_1_6, i288 %arg1_poisson_kernel_stencil_out_subtile_stream_1_7" [/home/x_thileeb/repos/ops-hls-batching-new/codegen_apps/tiling/poisson2d/u280_project/maxtile_8192_interleave_p8/hls/device/src/kernel_outerloop_0_0.cpp:190]   --->   Operation 164 'call' 'call_ln190' <Predicate = true> <Delay = 0.00> <CoreType = "Generic">   --->   Core 0 '' <Latency = 0> <II = 1> <Delay = 1.00> <Generic> <Opcode : >

State 10 <SV = 9> <Delay = 0.00>
ST_10 : Operation 165 [1/2] (0.00ns)   --->   "%call_ln163 = call void @kernel_poisson_kernel_stencil_PE<(unsigned short)4, (unsigned short)0>.8, i14 %stencilConfig_0_0_c59, i16 %stencilConfig_0_1_c66, i16 %stencilConfig_2_c73, i16 %stencilConfig_3_c80, i1 %stencilConfig_4_0_c, i1 %stencilConfig_5_0_c88, i14 %stencilConfig_6_c95, i288 %arg0_poisson_kernel_stencil_in_subtile_stream_1_0, i288 %arg0_poisson_kernel_stencil_in_subtile_stream_1_1, i288 %arg1_poisson_kernel_stencil_out_subtile_stream_1_0, i288 %arg1_poisson_kernel_stencil_out_subtile_stream_1_1" [/home/x_thileeb/repos/ops-hls-batching-new/codegen_apps/tiling/poisson2d/u280_project/maxtile_8192_interleave_p8/hls/device/src/kernel_outerloop_0_0.cpp:163]   --->   Operation 165 'call' 'call_ln163' <Predicate = true> <Delay = 0.00> <CoreType = "Generic">   --->   Core 0 '' <Latency = 0> <II = 1> <Delay = 1.00> <Generic> <Opcode : >
ST_10 : Operation 166 [1/2] (0.00ns)   --->   "%call_ln172 = call void @kernel_poisson_kernel_stencil_PE<(unsigned short)4, (unsigned short)1>.9, i14 %stencilConfig_0_0_c58, i16 %stencilConfig_0_1_c65, i16 %stencilConfig_2_c72, i16 %stencilConfig_3_c79, i1 %stencilConfig_5_0_c87, i14 %stencilConfig_6_c94, i288 %arg0_poisson_kernel_stencil_in_subtile_stream_1_2, i288 %arg0_poisson_kernel_stencil_in_subtile_stream_1_3, i288 %arg1_poisson_kernel_stencil_out_subtile_stream_1_2, i288 %arg1_poisson_kernel_stencil_out_subtile_stream_1_3" [/home/x_thileeb/repos/ops-hls-batching-new/codegen_apps/tiling/poisson2d/u280_project/maxtile_8192_interleave_p8/hls/device/src/kernel_outerloop_0_0.cpp:172]   --->   Operation 166 'call' 'call_ln172' <Predicate = true> <Delay = 0.00> <CoreType = "Generic">   --->   Core 0 '' <Latency = 0> <II = 1> <Delay = 1.00> <Generic> <Opcode : >
ST_10 : Operation 167 [1/2] (0.00ns)   --->   "%call_ln181 = call void @kernel_poisson_kernel_stencil_PE<(unsigned short)4, (unsigned short)2>.10, i14 %stencilConfig_0_0_c57, i16 %stencilConfig_0_1_c64, i16 %stencilConfig_2_c71, i16 %stencilConfig_3_c78, i1 %stencilConfig_5_0_c86, i14 %stencilConfig_6_c93, i288 %arg0_poisson_kernel_stencil_in_subtile_stream_1_4, i288 %arg0_poisson_kernel_stencil_in_subtile_stream_1_5, i288 %arg1_poisson_kernel_stencil_out_subtile_stream_1_4, i288 %arg1_poisson_kernel_stencil_out_subtile_stream_1_5" [/home/x_thileeb/repos/ops-hls-batching-new/codegen_apps/tiling/poisson2d/u280_project/maxtile_8192_interleave_p8/hls/device/src/kernel_outerloop_0_0.cpp:181]   --->   Operation 167 'call' 'call_ln181' <Predicate = true> <Delay = 0.00> <CoreType = "Generic">   --->   Core 0 '' <Latency = 0> <II = 1> <Delay = 1.00> <Generic> <Opcode : >
ST_10 : Operation 168 [1/2] (0.00ns)   --->   "%call_ln190 = call void @kernel_poisson_kernel_stencil_PE<(unsigned short)4, (unsigned short)3>.11, i14 %stencilConfig_0_0_c, i16 %stencilConfig_0_1_c, i16 %stencilConfig_2_c, i16 %stencilConfig_3_c, i1 %stencilConfig_5_0_c, i14 %stencilConfig_6_c, i288 %arg0_poisson_kernel_stencil_in_subtile_stream_1_6, i288 %arg0_poisson_kernel_stencil_in_subtile_stream_1_7, i288 %arg1_poisson_kernel_stencil_out_subtile_stream_1_6, i288 %arg1_poisson_kernel_stencil_out_subtile_stream_1_7" [/home/x_thileeb/repos/ops-hls-batching-new/codegen_apps/tiling/poisson2d/u280_project/maxtile_8192_interleave_p8/hls/device/src/kernel_outerloop_0_0.cpp:190]   --->   Operation 168 'call' 'call_ln190' <Predicate = true> <Delay = 0.00> <CoreType = "Generic">   --->   Core 0 '' <Latency = 0> <II = 1> <Delay = 1.00> <Generic> <Opcode : >

State 11 <SV = 10> <Delay = 0.00>
ST_11 : Operation 169 [2/2] (0.00ns)   --->   "%call_ln199 = call void @interleave2stream, i288 %arg1_poisson_kernel_stencil_out_subtile_stream_1_0, i288 %arg1_poisson_kernel_stencil_out_subtile_stream_1_1, i288 %arg1_poisson_kernel_stencil_out_subtile_stream_1_2, i288 %arg1_poisson_kernel_stencil_out_subtile_stream_1_3, i288 %arg1_poisson_kernel_stencil_out_subtile_stream_1_4, i288 %arg1_poisson_kernel_stencil_out_subtile_stream_1_5, i288 %arg1_poisson_kernel_stencil_out_subtile_stream_1_6, i288 %arg1_poisson_kernel_stencil_out_subtile_stream_1_7, i256 %arg0_arg1_streams_1_0, i256 %arg0_arg1_streams_1_1, i256 %arg0_arg1_streams_1_2, i256 %arg0_arg1_streams_1_3, i256 %arg0_arg1_streams_1_4, i256 %arg0_arg1_streams_1_5, i256 %arg0_arg1_streams_1_6, i256 %arg0_arg1_streams_1_7, i29 %num_pkts_c107, i29 %num_pkts_c, i29 %num_pkts_c100, i29 %num_pkts_c101, i29 %num_pkts_c102, i29 %num_pkts_c103, i29 %num_pkts_c104, i29 %num_pkts_c105, i29 %num_pkts_c106" [/home/x_thileeb/repos/ops-hls-batching-new/codegen_apps/tiling/poisson2d/u280_project/maxtile_8192_interleave_p8/hls/device/src/kernel_outerloop_0_0.cpp:199]   --->   Operation 169 'call' 'call_ln199' <Predicate = true> <Delay = 0.00> <CoreType = "Generic">   --->   Core 0 '' <Latency = 0> <II = 1> <Delay = 1.00> <Generic> <Opcode : >

State 12 <SV = 11> <Delay = 0.00>
ST_12 : Operation 170 [1/2] (0.00ns)   --->   "%call_ln199 = call void @interleave2stream, i288 %arg1_poisson_kernel_stencil_out_subtile_stream_1_0, i288 %arg1_poisson_kernel_stencil_out_subtile_stream_1_1, i288 %arg1_poisson_kernel_stencil_out_subtile_stream_1_2, i288 %arg1_poisson_kernel_stencil_out_subtile_stream_1_3, i288 %arg1_poisson_kernel_stencil_out_subtile_stream_1_4, i288 %arg1_poisson_kernel_stencil_out_subtile_stream_1_5, i288 %arg1_poisson_kernel_stencil_out_subtile_stream_1_6, i288 %arg1_poisson_kernel_stencil_out_subtile_stream_1_7, i256 %arg0_arg1_streams_1_0, i256 %arg0_arg1_streams_1_1, i256 %arg0_arg1_streams_1_2, i256 %arg0_arg1_streams_1_3, i256 %arg0_arg1_streams_1_4, i256 %arg0_arg1_streams_1_5, i256 %arg0_arg1_streams_1_6, i256 %arg0_arg1_streams_1_7, i29 %num_pkts_c107, i29 %num_pkts_c, i29 %num_pkts_c100, i29 %num_pkts_c101, i29 %num_pkts_c102, i29 %num_pkts_c103, i29 %num_pkts_c104, i29 %num_pkts_c105, i29 %num_pkts_c106" [/home/x_thileeb/repos/ops-hls-batching-new/codegen_apps/tiling/poisson2d/u280_project/maxtile_8192_interleave_p8/hls/device/src/kernel_outerloop_0_0.cpp:199]   --->   Operation 170 'call' 'call_ln199' <Predicate = true> <Delay = 0.00> <CoreType = "Generic">   --->   Core 0 '' <Latency = 0> <II = 1> <Delay = 1.00> <Generic> <Opcode : >

State 13 <SV = 12> <Delay = 0.00>
ST_13 : Operation 171 [2/2] (0.00ns)   --->   "%call_ln202 = call void @stream2axis<256u>, i256 %arg0_arg1_streams_1_0, i256 %arg1_0_axis_out_V_data_V, i32 %arg1_0_axis_out_V_keep_V, i32 %arg1_0_axis_out_V_strb_V, i1 %arg1_0_axis_out_V_last_V, i29 %num_pkts_c106" [/home/x_thileeb/repos/ops-hls-batching-new/codegen_apps/tiling/poisson2d/u280_project/maxtile_8192_interleave_p8/hls/device/src/kernel_outerloop_0_0.cpp:202]   --->   Operation 171 'call' 'call_ln202' <Predicate = true> <Delay = 0.00> <CoreType = "Generic">   --->   Core 0 '' <Latency = 0> <II = 1> <Delay = 1.00> <Generic> <Opcode : >
ST_13 : Operation 172 [2/2] (0.00ns)   --->   "%call_ln203 = call void @stream2axis<256u>.12, i256 %arg0_arg1_streams_1_1, i256 %arg1_1_axis_out_V_data_V, i32 %arg1_1_axis_out_V_keep_V, i32 %arg1_1_axis_out_V_strb_V, i1 %arg1_1_axis_out_V_last_V, i29 %num_pkts_c105" [/home/x_thileeb/repos/ops-hls-batching-new/codegen_apps/tiling/poisson2d/u280_project/maxtile_8192_interleave_p8/hls/device/src/kernel_outerloop_0_0.cpp:203]   --->   Operation 172 'call' 'call_ln203' <Predicate = true> <Delay = 0.00> <CoreType = "Generic">   --->   Core 0 '' <Latency = 0> <II = 1> <Delay = 1.00> <Generic> <Opcode : >
ST_13 : Operation 173 [2/2] (0.00ns)   --->   "%call_ln204 = call void @stream2axis<256u>.13, i256 %arg0_arg1_streams_1_2, i256 %arg1_2_axis_out_V_data_V, i32 %arg1_2_axis_out_V_keep_V, i32 %arg1_2_axis_out_V_strb_V, i1 %arg1_2_axis_out_V_last_V, i29 %num_pkts_c104" [/home/x_thileeb/repos/ops-hls-batching-new/codegen_apps/tiling/poisson2d/u280_project/maxtile_8192_interleave_p8/hls/device/src/kernel_outerloop_0_0.cpp:204]   --->   Operation 173 'call' 'call_ln204' <Predicate = true> <Delay = 0.00> <CoreType = "Generic">   --->   Core 0 '' <Latency = 0> <II = 1> <Delay = 1.00> <Generic> <Opcode : >
ST_13 : Operation 174 [2/2] (0.00ns)   --->   "%call_ln205 = call void @stream2axis<256u>.14, i256 %arg0_arg1_streams_1_3, i256 %arg1_3_axis_out_V_data_V, i32 %arg1_3_axis_out_V_keep_V, i32 %arg1_3_axis_out_V_strb_V, i1 %arg1_3_axis_out_V_last_V, i29 %num_pkts_c103" [/home/x_thileeb/repos/ops-hls-batching-new/codegen_apps/tiling/poisson2d/u280_project/maxtile_8192_interleave_p8/hls/device/src/kernel_outerloop_0_0.cpp:205]   --->   Operation 174 'call' 'call_ln205' <Predicate = true> <Delay = 0.00> <CoreType = "Generic">   --->   Core 0 '' <Latency = 0> <II = 1> <Delay = 1.00> <Generic> <Opcode : >
ST_13 : Operation 175 [2/2] (0.00ns)   --->   "%call_ln206 = call void @stream2axis<256u>.15, i256 %arg0_arg1_streams_1_4, i256 %arg1_4_axis_out_V_data_V, i32 %arg1_4_axis_out_V_keep_V, i32 %arg1_4_axis_out_V_strb_V, i1 %arg1_4_axis_out_V_last_V, i29 %num_pkts_c102" [/home/x_thileeb/repos/ops-hls-batching-new/codegen_apps/tiling/poisson2d/u280_project/maxtile_8192_interleave_p8/hls/device/src/kernel_outerloop_0_0.cpp:206]   --->   Operation 175 'call' 'call_ln206' <Predicate = true> <Delay = 0.00> <CoreType = "Generic">   --->   Core 0 '' <Latency = 0> <II = 1> <Delay = 1.00> <Generic> <Opcode : >
ST_13 : Operation 176 [2/2] (0.00ns)   --->   "%call_ln207 = call void @stream2axis<256u>.16, i256 %arg0_arg1_streams_1_5, i256 %arg1_5_axis_out_V_data_V, i32 %arg1_5_axis_out_V_keep_V, i32 %arg1_5_axis_out_V_strb_V, i1 %arg1_5_axis_out_V_last_V, i29 %num_pkts_c101" [/home/x_thileeb/repos/ops-hls-batching-new/codegen_apps/tiling/poisson2d/u280_project/maxtile_8192_interleave_p8/hls/device/src/kernel_outerloop_0_0.cpp:207]   --->   Operation 176 'call' 'call_ln207' <Predicate = true> <Delay = 0.00> <CoreType = "Generic">   --->   Core 0 '' <Latency = 0> <II = 1> <Delay = 1.00> <Generic> <Opcode : >
ST_13 : Operation 177 [2/2] (0.00ns)   --->   "%call_ln208 = call void @stream2axis<256u>.17, i256 %arg0_arg1_streams_1_6, i256 %arg1_6_axis_out_V_data_V, i32 %arg1_6_axis_out_V_keep_V, i32 %arg1_6_axis_out_V_strb_V, i1 %arg1_6_axis_out_V_last_V, i29 %num_pkts_c100" [/home/x_thileeb/repos/ops-hls-batching-new/codegen_apps/tiling/poisson2d/u280_project/maxtile_8192_interleave_p8/hls/device/src/kernel_outerloop_0_0.cpp:208]   --->   Operation 177 'call' 'call_ln208' <Predicate = true> <Delay = 0.00> <CoreType = "Generic">   --->   Core 0 '' <Latency = 0> <II = 1> <Delay = 1.00> <Generic> <Opcode : >
ST_13 : Operation 178 [2/2] (0.00ns)   --->   "%call_ln209 = call void @stream2axis<256u>.18, i256 %arg0_arg1_streams_1_7, i256 %arg1_7_axis_out_V_data_V, i32 %arg1_7_axis_out_V_keep_V, i32 %arg1_7_axis_out_V_strb_V, i1 %arg1_7_axis_out_V_last_V, i29 %num_pkts_c" [/home/x_thileeb/repos/ops-hls-batching-new/codegen_apps/tiling/poisson2d/u280_project/maxtile_8192_interleave_p8/hls/device/src/kernel_outerloop_0_0.cpp:209]   --->   Operation 178 'call' 'call_ln209' <Predicate = true> <Delay = 0.00> <CoreType = "Generic">   --->   Core 0 '' <Latency = 0> <II = 1> <Delay = 1.00> <Generic> <Opcode : >

State 14 <SV = 13> <Delay = 0.00>
ST_14 : Operation 179 [1/1] (0.00ns)   --->   "%empty = specchannel i32 @_ssdm_op_SpecChannel, void @num_pkts_c109_str, i32 1, void @p_str, void @p_str, i32 2, i32 0, i29 %num_pkts_c109, i29 %num_pkts_c109"   --->   Operation 179 'specchannel' 'empty' <Predicate = true> <Delay = 0.00>
ST_14 : Operation 180 [1/1] (0.00ns)   --->   "%specinterface_ln0 = specinterface void @_ssdm_op_SpecInterface, i29 %num_pkts_c109, void @ap_fifo_str, i32 0, i32 0, void @p_str, i32 0, i32 0, void @p_str, void @p_str, void @p_str, i32 2, i32 2, i32 16, i32 16, void @p_str, void @p_str, i32 4294967295, i32 0"   --->   Operation 180 'specinterface' 'specinterface_ln0' <Predicate = true> <Delay = 0.00>
ST_14 : Operation 181 [1/1] (0.00ns)   --->   "%empty_69 = specchannel i32 @_ssdm_op_SpecChannel, void @num_pkts_c108_str, i32 1, void @p_str, void @p_str, i32 3, i32 0, i29 %num_pkts_c108, i29 %num_pkts_c108"   --->   Operation 181 'specchannel' 'empty_69' <Predicate = true> <Delay = 0.00>
ST_14 : Operation 182 [1/1] (0.00ns)   --->   "%specinterface_ln0 = specinterface void @_ssdm_op_SpecInterface, i29 %num_pkts_c108, void @ap_fifo_str, i32 0, i32 0, void @p_str, i32 0, i32 0, void @p_str, void @p_str, void @p_str, i32 2, i32 2, i32 16, i32 16, void @p_str, void @p_str, i32 4294967295, i32 0"   --->   Operation 182 'specinterface' 'specinterface_ln0' <Predicate = true> <Delay = 0.00>
ST_14 : Operation 183 [1/1] (0.00ns)   --->   "%empty_70 = specchannel i32 @_ssdm_op_SpecChannel, void @num_pkts_c107_str, i32 1, void @p_str, void @p_str, i32 3, i32 0, i29 %num_pkts_c107, i29 %num_pkts_c107"   --->   Operation 183 'specchannel' 'empty_70' <Predicate = true> <Delay = 0.00>
ST_14 : Operation 184 [1/1] (0.00ns)   --->   "%specinterface_ln0 = specinterface void @_ssdm_op_SpecInterface, i29 %num_pkts_c107, void @ap_fifo_str, i32 0, i32 0, void @p_str, i32 0, i32 0, void @p_str, void @p_str, void @p_str, i32 2, i32 2, i32 16, i32 16, void @p_str, void @p_str, i32 4294967295, i32 0"   --->   Operation 184 'specinterface' 'specinterface_ln0' <Predicate = true> <Delay = 0.00>
ST_14 : Operation 185 [1/1] (0.00ns)   --->   "%empty_71 = specchannel i32 @_ssdm_op_SpecChannel, void @num_pkts_c106_str, i32 1, void @p_str, void @p_str, i32 2, i32 0, i29 %num_pkts_c106, i29 %num_pkts_c106"   --->   Operation 185 'specchannel' 'empty_71' <Predicate = true> <Delay = 0.00>
ST_14 : Operation 186 [1/1] (0.00ns)   --->   "%specinterface_ln0 = specinterface void @_ssdm_op_SpecInterface, i29 %num_pkts_c106, void @ap_fifo_str, i32 0, i32 0, void @p_str, i32 0, i32 0, void @p_str, void @p_str, void @p_str, i32 2, i32 2, i32 16, i32 16, void @p_str, void @p_str, i32 4294967295, i32 0"   --->   Operation 186 'specinterface' 'specinterface_ln0' <Predicate = true> <Delay = 0.00>
ST_14 : Operation 187 [1/1] (0.00ns)   --->   "%empty_72 = specchannel i32 @_ssdm_op_SpecChannel, void @num_pkts_c105_str, i32 1, void @p_str, void @p_str, i32 2, i32 0, i29 %num_pkts_c105, i29 %num_pkts_c105"   --->   Operation 187 'specchannel' 'empty_72' <Predicate = true> <Delay = 0.00>
ST_14 : Operation 188 [1/1] (0.00ns)   --->   "%specinterface_ln0 = specinterface void @_ssdm_op_SpecInterface, i29 %num_pkts_c105, void @ap_fifo_str, i32 0, i32 0, void @p_str, i32 0, i32 0, void @p_str, void @p_str, void @p_str, i32 2, i32 2, i32 16, i32 16, void @p_str, void @p_str, i32 4294967295, i32 0"   --->   Operation 188 'specinterface' 'specinterface_ln0' <Predicate = true> <Delay = 0.00>
ST_14 : Operation 189 [1/1] (0.00ns)   --->   "%empty_73 = specchannel i32 @_ssdm_op_SpecChannel, void @num_pkts_c104_str, i32 1, void @p_str, void @p_str, i32 2, i32 0, i29 %num_pkts_c104, i29 %num_pkts_c104"   --->   Operation 189 'specchannel' 'empty_73' <Predicate = true> <Delay = 0.00>
ST_14 : Operation 190 [1/1] (0.00ns)   --->   "%specinterface_ln0 = specinterface void @_ssdm_op_SpecInterface, i29 %num_pkts_c104, void @ap_fifo_str, i32 0, i32 0, void @p_str, i32 0, i32 0, void @p_str, void @p_str, void @p_str, i32 2, i32 2, i32 16, i32 16, void @p_str, void @p_str, i32 4294967295, i32 0"   --->   Operation 190 'specinterface' 'specinterface_ln0' <Predicate = true> <Delay = 0.00>
ST_14 : Operation 191 [1/1] (0.00ns)   --->   "%empty_74 = specchannel i32 @_ssdm_op_SpecChannel, void @num_pkts_c103_str, i32 1, void @p_str, void @p_str, i32 2, i32 0, i29 %num_pkts_c103, i29 %num_pkts_c103"   --->   Operation 191 'specchannel' 'empty_74' <Predicate = true> <Delay = 0.00>
ST_14 : Operation 192 [1/1] (0.00ns)   --->   "%specinterface_ln0 = specinterface void @_ssdm_op_SpecInterface, i29 %num_pkts_c103, void @ap_fifo_str, i32 0, i32 0, void @p_str, i32 0, i32 0, void @p_str, void @p_str, void @p_str, i32 2, i32 2, i32 16, i32 16, void @p_str, void @p_str, i32 4294967295, i32 0"   --->   Operation 192 'specinterface' 'specinterface_ln0' <Predicate = true> <Delay = 0.00>
ST_14 : Operation 193 [1/1] (0.00ns)   --->   "%empty_75 = specchannel i32 @_ssdm_op_SpecChannel, void @num_pkts_c102_str, i32 1, void @p_str, void @p_str, i32 2, i32 0, i29 %num_pkts_c102, i29 %num_pkts_c102"   --->   Operation 193 'specchannel' 'empty_75' <Predicate = true> <Delay = 0.00>
ST_14 : Operation 194 [1/1] (0.00ns)   --->   "%specinterface_ln0 = specinterface void @_ssdm_op_SpecInterface, i29 %num_pkts_c102, void @ap_fifo_str, i32 0, i32 0, void @p_str, i32 0, i32 0, void @p_str, void @p_str, void @p_str, i32 2, i32 2, i32 16, i32 16, void @p_str, void @p_str, i32 4294967295, i32 0"   --->   Operation 194 'specinterface' 'specinterface_ln0' <Predicate = true> <Delay = 0.00>
ST_14 : Operation 195 [1/1] (0.00ns)   --->   "%empty_76 = specchannel i32 @_ssdm_op_SpecChannel, void @num_pkts_c101_str, i32 1, void @p_str, void @p_str, i32 2, i32 0, i29 %num_pkts_c101, i29 %num_pkts_c101"   --->   Operation 195 'specchannel' 'empty_76' <Predicate = true> <Delay = 0.00>
ST_14 : Operation 196 [1/1] (0.00ns)   --->   "%specinterface_ln0 = specinterface void @_ssdm_op_SpecInterface, i29 %num_pkts_c101, void @ap_fifo_str, i32 0, i32 0, void @p_str, i32 0, i32 0, void @p_str, void @p_str, void @p_str, i32 2, i32 2, i32 16, i32 16, void @p_str, void @p_str, i32 4294967295, i32 0"   --->   Operation 196 'specinterface' 'specinterface_ln0' <Predicate = true> <Delay = 0.00>
ST_14 : Operation 197 [1/1] (0.00ns)   --->   "%empty_77 = specchannel i32 @_ssdm_op_SpecChannel, void @num_pkts_c100_str, i32 1, void @p_str, void @p_str, i32 2, i32 0, i29 %num_pkts_c100, i29 %num_pkts_c100"   --->   Operation 197 'specchannel' 'empty_77' <Predicate = true> <Delay = 0.00>
ST_14 : Operation 198 [1/1] (0.00ns)   --->   "%specinterface_ln0 = specinterface void @_ssdm_op_SpecInterface, i29 %num_pkts_c100, void @ap_fifo_str, i32 0, i32 0, void @p_str, i32 0, i32 0, void @p_str, void @p_str, void @p_str, i32 2, i32 2, i32 16, i32 16, void @p_str, void @p_str, i32 4294967295, i32 0"   --->   Operation 198 'specinterface' 'specinterface_ln0' <Predicate = true> <Delay = 0.00>
ST_14 : Operation 199 [1/1] (0.00ns)   --->   "%empty_78 = specchannel i32 @_ssdm_op_SpecChannel, void @num_pkts_c_str, i32 1, void @p_str, void @p_str, i32 2, i32 0, i29 %num_pkts_c, i29 %num_pkts_c"   --->   Operation 199 'specchannel' 'empty_78' <Predicate = true> <Delay = 0.00>
ST_14 : Operation 200 [1/1] (0.00ns)   --->   "%specinterface_ln0 = specinterface void @_ssdm_op_SpecInterface, i29 %num_pkts_c, void @ap_fifo_str, i32 0, i32 0, void @p_str, i32 0, i32 0, void @p_str, void @p_str, void @p_str, i32 2, i32 2, i32 16, i32 16, void @p_str, void @p_str, i32 4294967295, i32 0"   --->   Operation 200 'specinterface' 'specinterface_ln0' <Predicate = true> <Delay = 0.00>
ST_14 : Operation 201 [1/1] (0.00ns)   --->   "%empty_79 = specchannel i32 @_ssdm_op_SpecChannel, void @stencilConfig_OC_6_c99_str, i32 1, void @p_str, void @p_str, i32 4, i32 0, i14 %stencilConfig_6_c99, i14 %stencilConfig_6_c99"   --->   Operation 201 'specchannel' 'empty_79' <Predicate = true> <Delay = 0.00>
ST_14 : Operation 202 [1/1] (0.00ns)   --->   "%specinterface_ln0 = specinterface void @_ssdm_op_SpecInterface, i14 %stencilConfig_6_c99, void @ap_fifo_str, i32 0, i32 0, void @p_str, i32 0, i32 0, void @p_str, void @p_str, void @p_str, i32 2, i32 2, i32 16, i32 16, void @p_str, void @p_str, i32 4294967295, i32 0"   --->   Operation 202 'specinterface' 'specinterface_ln0' <Predicate = true> <Delay = 0.00>
ST_14 : Operation 203 [1/1] (0.00ns)   --->   "%empty_80 = specchannel i32 @_ssdm_op_SpecChannel, void @stencilConfig_OC_6_c98_str, i32 1, void @p_str, void @p_str, i32 4, i32 0, i14 %stencilConfig_6_c98, i14 %stencilConfig_6_c98"   --->   Operation 203 'specchannel' 'empty_80' <Predicate = true> <Delay = 0.00>
ST_14 : Operation 204 [1/1] (0.00ns)   --->   "%specinterface_ln0 = specinterface void @_ssdm_op_SpecInterface, i14 %stencilConfig_6_c98, void @ap_fifo_str, i32 0, i32 0, void @p_str, i32 0, i32 0, void @p_str, void @p_str, void @p_str, i32 2, i32 2, i32 16, i32 16, void @p_str, void @p_str, i32 4294967295, i32 0"   --->   Operation 204 'specinterface' 'specinterface_ln0' <Predicate = true> <Delay = 0.00>
ST_14 : Operation 205 [1/1] (0.00ns)   --->   "%empty_81 = specchannel i32 @_ssdm_op_SpecChannel, void @stencilConfig_OC_6_c97_str, i32 1, void @p_str, void @p_str, i32 4, i32 0, i14 %stencilConfig_6_c97, i14 %stencilConfig_6_c97"   --->   Operation 205 'specchannel' 'empty_81' <Predicate = true> <Delay = 0.00>
ST_14 : Operation 206 [1/1] (0.00ns)   --->   "%specinterface_ln0 = specinterface void @_ssdm_op_SpecInterface, i14 %stencilConfig_6_c97, void @ap_fifo_str, i32 0, i32 0, void @p_str, i32 0, i32 0, void @p_str, void @p_str, void @p_str, i32 2, i32 2, i32 16, i32 16, void @p_str, void @p_str, i32 4294967295, i32 0"   --->   Operation 206 'specinterface' 'specinterface_ln0' <Predicate = true> <Delay = 0.00>
ST_14 : Operation 207 [1/1] (0.00ns)   --->   "%empty_82 = specchannel i32 @_ssdm_op_SpecChannel, void @stencilConfig_OC_6_c96_str, i32 1, void @p_str, void @p_str, i32 4, i32 0, i14 %stencilConfig_6_c96, i14 %stencilConfig_6_c96"   --->   Operation 207 'specchannel' 'empty_82' <Predicate = true> <Delay = 0.00>
ST_14 : Operation 208 [1/1] (0.00ns)   --->   "%specinterface_ln0 = specinterface void @_ssdm_op_SpecInterface, i14 %stencilConfig_6_c96, void @ap_fifo_str, i32 0, i32 0, void @p_str, i32 0, i32 0, void @p_str, void @p_str, void @p_str, i32 2, i32 2, i32 16, i32 16, void @p_str, void @p_str, i32 4294967295, i32 0"   --->   Operation 208 'specinterface' 'specinterface_ln0' <Predicate = true> <Delay = 0.00>
ST_14 : Operation 209 [1/1] (0.00ns)   --->   "%empty_83 = specchannel i32 @_ssdm_op_SpecChannel, void @stencilConfig_OC_6_c95_str, i32 1, void @p_str, void @p_str, i32 3, i32 0, i14 %stencilConfig_6_c95, i14 %stencilConfig_6_c95"   --->   Operation 209 'specchannel' 'empty_83' <Predicate = true> <Delay = 0.00>
ST_14 : Operation 210 [1/1] (0.00ns)   --->   "%specinterface_ln0 = specinterface void @_ssdm_op_SpecInterface, i14 %stencilConfig_6_c95, void @ap_fifo_str, i32 0, i32 0, void @p_str, i32 0, i32 0, void @p_str, void @p_str, void @p_str, i32 2, i32 2, i32 16, i32 16, void @p_str, void @p_str, i32 4294967295, i32 0"   --->   Operation 210 'specinterface' 'specinterface_ln0' <Predicate = true> <Delay = 0.00>
ST_14 : Operation 211 [1/1] (0.00ns)   --->   "%empty_84 = specchannel i32 @_ssdm_op_SpecChannel, void @stencilConfig_OC_6_c94_str, i32 1, void @p_str, void @p_str, i32 3, i32 0, i14 %stencilConfig_6_c94, i14 %stencilConfig_6_c94"   --->   Operation 211 'specchannel' 'empty_84' <Predicate = true> <Delay = 0.00>
ST_14 : Operation 212 [1/1] (0.00ns)   --->   "%specinterface_ln0 = specinterface void @_ssdm_op_SpecInterface, i14 %stencilConfig_6_c94, void @ap_fifo_str, i32 0, i32 0, void @p_str, i32 0, i32 0, void @p_str, void @p_str, void @p_str, i32 2, i32 2, i32 16, i32 16, void @p_str, void @p_str, i32 4294967295, i32 0"   --->   Operation 212 'specinterface' 'specinterface_ln0' <Predicate = true> <Delay = 0.00>
ST_14 : Operation 213 [1/1] (0.00ns)   --->   "%empty_85 = specchannel i32 @_ssdm_op_SpecChannel, void @stencilConfig_OC_6_c93_str, i32 1, void @p_str, void @p_str, i32 3, i32 0, i14 %stencilConfig_6_c93, i14 %stencilConfig_6_c93"   --->   Operation 213 'specchannel' 'empty_85' <Predicate = true> <Delay = 0.00>
ST_14 : Operation 214 [1/1] (0.00ns)   --->   "%specinterface_ln0 = specinterface void @_ssdm_op_SpecInterface, i14 %stencilConfig_6_c93, void @ap_fifo_str, i32 0, i32 0, void @p_str, i32 0, i32 0, void @p_str, void @p_str, void @p_str, i32 2, i32 2, i32 16, i32 16, void @p_str, void @p_str, i32 4294967295, i32 0"   --->   Operation 214 'specinterface' 'specinterface_ln0' <Predicate = true> <Delay = 0.00>
ST_14 : Operation 215 [1/1] (0.00ns)   --->   "%empty_86 = specchannel i32 @_ssdm_op_SpecChannel, void @stencilConfig_OC_6_c_str, i32 1, void @p_str, void @p_str, i32 3, i32 0, i14 %stencilConfig_6_c, i14 %stencilConfig_6_c"   --->   Operation 215 'specchannel' 'empty_86' <Predicate = true> <Delay = 0.00>
ST_14 : Operation 216 [1/1] (0.00ns)   --->   "%specinterface_ln0 = specinterface void @_ssdm_op_SpecInterface, i14 %stencilConfig_6_c, void @ap_fifo_str, i32 0, i32 0, void @p_str, i32 0, i32 0, void @p_str, void @p_str, void @p_str, i32 2, i32 2, i32 16, i32 16, void @p_str, void @p_str, i32 4294967295, i32 0"   --->   Operation 216 'specinterface' 'specinterface_ln0' <Predicate = true> <Delay = 0.00>
ST_14 : Operation 217 [1/1] (0.00ns)   --->   "%empty_87 = specchannel i32 @_ssdm_op_SpecChannel, void @stencilConfig_OC_5_OC_0_c92_str, i32 1, void @p_str, void @p_str, i32 4, i32 0, i1 %stencilConfig_5_0_c92, i1 %stencilConfig_5_0_c92"   --->   Operation 217 'specchannel' 'empty_87' <Predicate = true> <Delay = 0.00>
ST_14 : Operation 218 [1/1] (0.00ns)   --->   "%specinterface_ln0 = specinterface void @_ssdm_op_SpecInterface, i1 %stencilConfig_5_0_c92, void @ap_fifo_str, i32 0, i32 0, void @p_str, i32 0, i32 0, void @p_str, void @p_str, void @p_str, i32 2, i32 2, i32 16, i32 16, void @p_str, void @p_str, i32 4294967295, i32 0"   --->   Operation 218 'specinterface' 'specinterface_ln0' <Predicate = true> <Delay = 0.00>
ST_14 : Operation 219 [1/1] (0.00ns)   --->   "%empty_88 = specchannel i32 @_ssdm_op_SpecChannel, void @stencilConfig_OC_5_OC_0_c91_str, i32 1, void @p_str, void @p_str, i32 4, i32 0, i1 %stencilConfig_5_0_c91, i1 %stencilConfig_5_0_c91"   --->   Operation 219 'specchannel' 'empty_88' <Predicate = true> <Delay = 0.00>
ST_14 : Operation 220 [1/1] (0.00ns)   --->   "%specinterface_ln0 = specinterface void @_ssdm_op_SpecInterface, i1 %stencilConfig_5_0_c91, void @ap_fifo_str, i32 0, i32 0, void @p_str, i32 0, i32 0, void @p_str, void @p_str, void @p_str, i32 2, i32 2, i32 16, i32 16, void @p_str, void @p_str, i32 4294967295, i32 0"   --->   Operation 220 'specinterface' 'specinterface_ln0' <Predicate = true> <Delay = 0.00>
ST_14 : Operation 221 [1/1] (0.00ns)   --->   "%empty_89 = specchannel i32 @_ssdm_op_SpecChannel, void @stencilConfig_OC_5_OC_0_c90_str, i32 1, void @p_str, void @p_str, i32 4, i32 0, i1 %stencilConfig_5_0_c90, i1 %stencilConfig_5_0_c90"   --->   Operation 221 'specchannel' 'empty_89' <Predicate = true> <Delay = 0.00>
ST_14 : Operation 222 [1/1] (0.00ns)   --->   "%specinterface_ln0 = specinterface void @_ssdm_op_SpecInterface, i1 %stencilConfig_5_0_c90, void @ap_fifo_str, i32 0, i32 0, void @p_str, i32 0, i32 0, void @p_str, void @p_str, void @p_str, i32 2, i32 2, i32 16, i32 16, void @p_str, void @p_str, i32 4294967295, i32 0"   --->   Operation 222 'specinterface' 'specinterface_ln0' <Predicate = true> <Delay = 0.00>
ST_14 : Operation 223 [1/1] (0.00ns)   --->   "%empty_90 = specchannel i32 @_ssdm_op_SpecChannel, void @stencilConfig_OC_5_OC_0_c89_str, i32 1, void @p_str, void @p_str, i32 4, i32 0, i1 %stencilConfig_5_0_c89, i1 %stencilConfig_5_0_c89"   --->   Operation 223 'specchannel' 'empty_90' <Predicate = true> <Delay = 0.00>
ST_14 : Operation 224 [1/1] (0.00ns)   --->   "%specinterface_ln0 = specinterface void @_ssdm_op_SpecInterface, i1 %stencilConfig_5_0_c89, void @ap_fifo_str, i32 0, i32 0, void @p_str, i32 0, i32 0, void @p_str, void @p_str, void @p_str, i32 2, i32 2, i32 16, i32 16, void @p_str, void @p_str, i32 4294967295, i32 0"   --->   Operation 224 'specinterface' 'specinterface_ln0' <Predicate = true> <Delay = 0.00>
ST_14 : Operation 225 [1/1] (0.00ns)   --->   "%empty_91 = specchannel i32 @_ssdm_op_SpecChannel, void @stencilConfig_OC_5_OC_0_c88_str, i32 1, void @p_str, void @p_str, i32 3, i32 0, i1 %stencilConfig_5_0_c88, i1 %stencilConfig_5_0_c88"   --->   Operation 225 'specchannel' 'empty_91' <Predicate = true> <Delay = 0.00>
ST_14 : Operation 226 [1/1] (0.00ns)   --->   "%specinterface_ln0 = specinterface void @_ssdm_op_SpecInterface, i1 %stencilConfig_5_0_c88, void @ap_fifo_str, i32 0, i32 0, void @p_str, i32 0, i32 0, void @p_str, void @p_str, void @p_str, i32 2, i32 2, i32 16, i32 16, void @p_str, void @p_str, i32 4294967295, i32 0"   --->   Operation 226 'specinterface' 'specinterface_ln0' <Predicate = true> <Delay = 0.00>
ST_14 : Operation 227 [1/1] (0.00ns)   --->   "%empty_92 = specchannel i32 @_ssdm_op_SpecChannel, void @stencilConfig_OC_5_OC_0_c87_str, i32 1, void @p_str, void @p_str, i32 3, i32 0, i1 %stencilConfig_5_0_c87, i1 %stencilConfig_5_0_c87"   --->   Operation 227 'specchannel' 'empty_92' <Predicate = true> <Delay = 0.00>
ST_14 : Operation 228 [1/1] (0.00ns)   --->   "%specinterface_ln0 = specinterface void @_ssdm_op_SpecInterface, i1 %stencilConfig_5_0_c87, void @ap_fifo_str, i32 0, i32 0, void @p_str, i32 0, i32 0, void @p_str, void @p_str, void @p_str, i32 2, i32 2, i32 16, i32 16, void @p_str, void @p_str, i32 4294967295, i32 0"   --->   Operation 228 'specinterface' 'specinterface_ln0' <Predicate = true> <Delay = 0.00>
ST_14 : Operation 229 [1/1] (0.00ns)   --->   "%empty_93 = specchannel i32 @_ssdm_op_SpecChannel, void @stencilConfig_OC_5_OC_0_c86_str, i32 1, void @p_str, void @p_str, i32 3, i32 0, i1 %stencilConfig_5_0_c86, i1 %stencilConfig_5_0_c86"   --->   Operation 229 'specchannel' 'empty_93' <Predicate = true> <Delay = 0.00>
ST_14 : Operation 230 [1/1] (0.00ns)   --->   "%specinterface_ln0 = specinterface void @_ssdm_op_SpecInterface, i1 %stencilConfig_5_0_c86, void @ap_fifo_str, i32 0, i32 0, void @p_str, i32 0, i32 0, void @p_str, void @p_str, void @p_str, i32 2, i32 2, i32 16, i32 16, void @p_str, void @p_str, i32 4294967295, i32 0"   --->   Operation 230 'specinterface' 'specinterface_ln0' <Predicate = true> <Delay = 0.00>
ST_14 : Operation 231 [1/1] (0.00ns)   --->   "%empty_94 = specchannel i32 @_ssdm_op_SpecChannel, void @stencilConfig_OC_5_OC_0_c_str, i32 1, void @p_str, void @p_str, i32 3, i32 0, i1 %stencilConfig_5_0_c, i1 %stencilConfig_5_0_c"   --->   Operation 231 'specchannel' 'empty_94' <Predicate = true> <Delay = 0.00>
ST_14 : Operation 232 [1/1] (0.00ns)   --->   "%specinterface_ln0 = specinterface void @_ssdm_op_SpecInterface, i1 %stencilConfig_5_0_c, void @ap_fifo_str, i32 0, i32 0, void @p_str, i32 0, i32 0, void @p_str, void @p_str, void @p_str, i32 2, i32 2, i32 16, i32 16, void @p_str, void @p_str, i32 4294967295, i32 0"   --->   Operation 232 'specinterface' 'specinterface_ln0' <Predicate = true> <Delay = 0.00>
ST_14 : Operation 233 [1/1] (0.00ns)   --->   "%empty_95 = specchannel i32 @_ssdm_op_SpecChannel, void @stencilConfig_OC_4_OC_0_c85_str, i32 1, void @p_str, void @p_str, i32 4, i32 0, i1 %stencilConfig_4_0_c85, i1 %stencilConfig_4_0_c85"   --->   Operation 233 'specchannel' 'empty_95' <Predicate = true> <Delay = 0.00>
ST_14 : Operation 234 [1/1] (0.00ns)   --->   "%specinterface_ln0 = specinterface void @_ssdm_op_SpecInterface, i1 %stencilConfig_4_0_c85, void @ap_fifo_str, i32 0, i32 0, void @p_str, i32 0, i32 0, void @p_str, void @p_str, void @p_str, i32 2, i32 2, i32 16, i32 16, void @p_str, void @p_str, i32 4294967295, i32 0"   --->   Operation 234 'specinterface' 'specinterface_ln0' <Predicate = true> <Delay = 0.00>
ST_14 : Operation 235 [1/1] (0.00ns)   --->   "%empty_96 = specchannel i32 @_ssdm_op_SpecChannel, void @stencilConfig_OC_4_OC_0_c_str, i32 1, void @p_str, void @p_str, i32 3, i32 0, i1 %stencilConfig_4_0_c, i1 %stencilConfig_4_0_c"   --->   Operation 235 'specchannel' 'empty_96' <Predicate = true> <Delay = 0.00>
ST_14 : Operation 236 [1/1] (0.00ns)   --->   "%specinterface_ln0 = specinterface void @_ssdm_op_SpecInterface, i1 %stencilConfig_4_0_c, void @ap_fifo_str, i32 0, i32 0, void @p_str, i32 0, i32 0, void @p_str, void @p_str, void @p_str, i32 2, i32 2, i32 16, i32 16, void @p_str, void @p_str, i32 4294967295, i32 0"   --->   Operation 236 'specinterface' 'specinterface_ln0' <Predicate = true> <Delay = 0.00>
ST_14 : Operation 237 [1/1] (0.00ns)   --->   "%empty_97 = specchannel i32 @_ssdm_op_SpecChannel, void @stencilConfig_OC_3_c84_str, i32 1, void @p_str, void @p_str, i32 4, i32 0, i16 %stencilConfig_3_c84, i16 %stencilConfig_3_c84"   --->   Operation 237 'specchannel' 'empty_97' <Predicate = true> <Delay = 0.00>
ST_14 : Operation 238 [1/1] (0.00ns)   --->   "%specinterface_ln0 = specinterface void @_ssdm_op_SpecInterface, i16 %stencilConfig_3_c84, void @ap_fifo_str, i32 0, i32 0, void @p_str, i32 0, i32 0, void @p_str, void @p_str, void @p_str, i32 2, i32 2, i32 16, i32 16, void @p_str, void @p_str, i32 4294967295, i32 0"   --->   Operation 238 'specinterface' 'specinterface_ln0' <Predicate = true> <Delay = 0.00>
ST_14 : Operation 239 [1/1] (0.00ns)   --->   "%empty_98 = specchannel i32 @_ssdm_op_SpecChannel, void @stencilConfig_OC_3_c83_str, i32 1, void @p_str, void @p_str, i32 4, i32 0, i16 %stencilConfig_3_c83, i16 %stencilConfig_3_c83"   --->   Operation 239 'specchannel' 'empty_98' <Predicate = true> <Delay = 0.00>
ST_14 : Operation 240 [1/1] (0.00ns)   --->   "%specinterface_ln0 = specinterface void @_ssdm_op_SpecInterface, i16 %stencilConfig_3_c83, void @ap_fifo_str, i32 0, i32 0, void @p_str, i32 0, i32 0, void @p_str, void @p_str, void @p_str, i32 2, i32 2, i32 16, i32 16, void @p_str, void @p_str, i32 4294967295, i32 0"   --->   Operation 240 'specinterface' 'specinterface_ln0' <Predicate = true> <Delay = 0.00>
ST_14 : Operation 241 [1/1] (0.00ns)   --->   "%empty_99 = specchannel i32 @_ssdm_op_SpecChannel, void @stencilConfig_OC_3_c82_str, i32 1, void @p_str, void @p_str, i32 4, i32 0, i16 %stencilConfig_3_c82, i16 %stencilConfig_3_c82"   --->   Operation 241 'specchannel' 'empty_99' <Predicate = true> <Delay = 0.00>
ST_14 : Operation 242 [1/1] (0.00ns)   --->   "%specinterface_ln0 = specinterface void @_ssdm_op_SpecInterface, i16 %stencilConfig_3_c82, void @ap_fifo_str, i32 0, i32 0, void @p_str, i32 0, i32 0, void @p_str, void @p_str, void @p_str, i32 2, i32 2, i32 16, i32 16, void @p_str, void @p_str, i32 4294967295, i32 0"   --->   Operation 242 'specinterface' 'specinterface_ln0' <Predicate = true> <Delay = 0.00>
ST_14 : Operation 243 [1/1] (0.00ns)   --->   "%empty_100 = specchannel i32 @_ssdm_op_SpecChannel, void @stencilConfig_OC_3_c81_str, i32 1, void @p_str, void @p_str, i32 4, i32 0, i16 %stencilConfig_3_c81, i16 %stencilConfig_3_c81"   --->   Operation 243 'specchannel' 'empty_100' <Predicate = true> <Delay = 0.00>
ST_14 : Operation 244 [1/1] (0.00ns)   --->   "%specinterface_ln0 = specinterface void @_ssdm_op_SpecInterface, i16 %stencilConfig_3_c81, void @ap_fifo_str, i32 0, i32 0, void @p_str, i32 0, i32 0, void @p_str, void @p_str, void @p_str, i32 2, i32 2, i32 16, i32 16, void @p_str, void @p_str, i32 4294967295, i32 0"   --->   Operation 244 'specinterface' 'specinterface_ln0' <Predicate = true> <Delay = 0.00>
ST_14 : Operation 245 [1/1] (0.00ns)   --->   "%empty_101 = specchannel i32 @_ssdm_op_SpecChannel, void @stencilConfig_OC_3_c80_str, i32 1, void @p_str, void @p_str, i32 3, i32 0, i16 %stencilConfig_3_c80, i16 %stencilConfig_3_c80"   --->   Operation 245 'specchannel' 'empty_101' <Predicate = true> <Delay = 0.00>
ST_14 : Operation 246 [1/1] (0.00ns)   --->   "%specinterface_ln0 = specinterface void @_ssdm_op_SpecInterface, i16 %stencilConfig_3_c80, void @ap_fifo_str, i32 0, i32 0, void @p_str, i32 0, i32 0, void @p_str, void @p_str, void @p_str, i32 2, i32 2, i32 16, i32 16, void @p_str, void @p_str, i32 4294967295, i32 0"   --->   Operation 246 'specinterface' 'specinterface_ln0' <Predicate = true> <Delay = 0.00>
ST_14 : Operation 247 [1/1] (0.00ns)   --->   "%empty_102 = specchannel i32 @_ssdm_op_SpecChannel, void @stencilConfig_OC_3_c79_str, i32 1, void @p_str, void @p_str, i32 3, i32 0, i16 %stencilConfig_3_c79, i16 %stencilConfig_3_c79"   --->   Operation 247 'specchannel' 'empty_102' <Predicate = true> <Delay = 0.00>
ST_14 : Operation 248 [1/1] (0.00ns)   --->   "%specinterface_ln0 = specinterface void @_ssdm_op_SpecInterface, i16 %stencilConfig_3_c79, void @ap_fifo_str, i32 0, i32 0, void @p_str, i32 0, i32 0, void @p_str, void @p_str, void @p_str, i32 2, i32 2, i32 16, i32 16, void @p_str, void @p_str, i32 4294967295, i32 0"   --->   Operation 248 'specinterface' 'specinterface_ln0' <Predicate = true> <Delay = 0.00>
ST_14 : Operation 249 [1/1] (0.00ns)   --->   "%empty_103 = specchannel i32 @_ssdm_op_SpecChannel, void @stencilConfig_OC_3_c78_str, i32 1, void @p_str, void @p_str, i32 3, i32 0, i16 %stencilConfig_3_c78, i16 %stencilConfig_3_c78"   --->   Operation 249 'specchannel' 'empty_103' <Predicate = true> <Delay = 0.00>
ST_14 : Operation 250 [1/1] (0.00ns)   --->   "%specinterface_ln0 = specinterface void @_ssdm_op_SpecInterface, i16 %stencilConfig_3_c78, void @ap_fifo_str, i32 0, i32 0, void @p_str, i32 0, i32 0, void @p_str, void @p_str, void @p_str, i32 2, i32 2, i32 16, i32 16, void @p_str, void @p_str, i32 4294967295, i32 0"   --->   Operation 250 'specinterface' 'specinterface_ln0' <Predicate = true> <Delay = 0.00>
ST_14 : Operation 251 [1/1] (0.00ns)   --->   "%empty_104 = specchannel i32 @_ssdm_op_SpecChannel, void @stencilConfig_OC_3_c_str, i32 1, void @p_str, void @p_str, i32 3, i32 0, i16 %stencilConfig_3_c, i16 %stencilConfig_3_c"   --->   Operation 251 'specchannel' 'empty_104' <Predicate = true> <Delay = 0.00>
ST_14 : Operation 252 [1/1] (0.00ns)   --->   "%specinterface_ln0 = specinterface void @_ssdm_op_SpecInterface, i16 %stencilConfig_3_c, void @ap_fifo_str, i32 0, i32 0, void @p_str, i32 0, i32 0, void @p_str, void @p_str, void @p_str, i32 2, i32 2, i32 16, i32 16, void @p_str, void @p_str, i32 4294967295, i32 0"   --->   Operation 252 'specinterface' 'specinterface_ln0' <Predicate = true> <Delay = 0.00>
ST_14 : Operation 253 [1/1] (0.00ns)   --->   "%empty_105 = specchannel i32 @_ssdm_op_SpecChannel, void @stencilConfig_OC_2_c77_str, i32 1, void @p_str, void @p_str, i32 4, i32 0, i16 %stencilConfig_2_c77, i16 %stencilConfig_2_c77"   --->   Operation 253 'specchannel' 'empty_105' <Predicate = true> <Delay = 0.00>
ST_14 : Operation 254 [1/1] (0.00ns)   --->   "%specinterface_ln0 = specinterface void @_ssdm_op_SpecInterface, i16 %stencilConfig_2_c77, void @ap_fifo_str, i32 0, i32 0, void @p_str, i32 0, i32 0, void @p_str, void @p_str, void @p_str, i32 2, i32 2, i32 16, i32 16, void @p_str, void @p_str, i32 4294967295, i32 0"   --->   Operation 254 'specinterface' 'specinterface_ln0' <Predicate = true> <Delay = 0.00>
ST_14 : Operation 255 [1/1] (0.00ns)   --->   "%empty_106 = specchannel i32 @_ssdm_op_SpecChannel, void @stencilConfig_OC_2_c76_str, i32 1, void @p_str, void @p_str, i32 4, i32 0, i16 %stencilConfig_2_c76, i16 %stencilConfig_2_c76"   --->   Operation 255 'specchannel' 'empty_106' <Predicate = true> <Delay = 0.00>
ST_14 : Operation 256 [1/1] (0.00ns)   --->   "%specinterface_ln0 = specinterface void @_ssdm_op_SpecInterface, i16 %stencilConfig_2_c76, void @ap_fifo_str, i32 0, i32 0, void @p_str, i32 0, i32 0, void @p_str, void @p_str, void @p_str, i32 2, i32 2, i32 16, i32 16, void @p_str, void @p_str, i32 4294967295, i32 0"   --->   Operation 256 'specinterface' 'specinterface_ln0' <Predicate = true> <Delay = 0.00>
ST_14 : Operation 257 [1/1] (0.00ns)   --->   "%empty_107 = specchannel i32 @_ssdm_op_SpecChannel, void @stencilConfig_OC_2_c75_str, i32 1, void @p_str, void @p_str, i32 4, i32 0, i16 %stencilConfig_2_c75, i16 %stencilConfig_2_c75"   --->   Operation 257 'specchannel' 'empty_107' <Predicate = true> <Delay = 0.00>
ST_14 : Operation 258 [1/1] (0.00ns)   --->   "%specinterface_ln0 = specinterface void @_ssdm_op_SpecInterface, i16 %stencilConfig_2_c75, void @ap_fifo_str, i32 0, i32 0, void @p_str, i32 0, i32 0, void @p_str, void @p_str, void @p_str, i32 2, i32 2, i32 16, i32 16, void @p_str, void @p_str, i32 4294967295, i32 0"   --->   Operation 258 'specinterface' 'specinterface_ln0' <Predicate = true> <Delay = 0.00>
ST_14 : Operation 259 [1/1] (0.00ns)   --->   "%empty_108 = specchannel i32 @_ssdm_op_SpecChannel, void @stencilConfig_OC_2_c74_str, i32 1, void @p_str, void @p_str, i32 4, i32 0, i16 %stencilConfig_2_c74, i16 %stencilConfig_2_c74"   --->   Operation 259 'specchannel' 'empty_108' <Predicate = true> <Delay = 0.00>
ST_14 : Operation 260 [1/1] (0.00ns)   --->   "%specinterface_ln0 = specinterface void @_ssdm_op_SpecInterface, i16 %stencilConfig_2_c74, void @ap_fifo_str, i32 0, i32 0, void @p_str, i32 0, i32 0, void @p_str, void @p_str, void @p_str, i32 2, i32 2, i32 16, i32 16, void @p_str, void @p_str, i32 4294967295, i32 0"   --->   Operation 260 'specinterface' 'specinterface_ln0' <Predicate = true> <Delay = 0.00>
ST_14 : Operation 261 [1/1] (0.00ns)   --->   "%empty_109 = specchannel i32 @_ssdm_op_SpecChannel, void @stencilConfig_OC_2_c73_str, i32 1, void @p_str, void @p_str, i32 3, i32 0, i16 %stencilConfig_2_c73, i16 %stencilConfig_2_c73"   --->   Operation 261 'specchannel' 'empty_109' <Predicate = true> <Delay = 0.00>
ST_14 : Operation 262 [1/1] (0.00ns)   --->   "%specinterface_ln0 = specinterface void @_ssdm_op_SpecInterface, i16 %stencilConfig_2_c73, void @ap_fifo_str, i32 0, i32 0, void @p_str, i32 0, i32 0, void @p_str, void @p_str, void @p_str, i32 2, i32 2, i32 16, i32 16, void @p_str, void @p_str, i32 4294967295, i32 0"   --->   Operation 262 'specinterface' 'specinterface_ln0' <Predicate = true> <Delay = 0.00>
ST_14 : Operation 263 [1/1] (0.00ns)   --->   "%empty_110 = specchannel i32 @_ssdm_op_SpecChannel, void @stencilConfig_OC_2_c72_str, i32 1, void @p_str, void @p_str, i32 3, i32 0, i16 %stencilConfig_2_c72, i16 %stencilConfig_2_c72"   --->   Operation 263 'specchannel' 'empty_110' <Predicate = true> <Delay = 0.00>
ST_14 : Operation 264 [1/1] (0.00ns)   --->   "%specinterface_ln0 = specinterface void @_ssdm_op_SpecInterface, i16 %stencilConfig_2_c72, void @ap_fifo_str, i32 0, i32 0, void @p_str, i32 0, i32 0, void @p_str, void @p_str, void @p_str, i32 2, i32 2, i32 16, i32 16, void @p_str, void @p_str, i32 4294967295, i32 0"   --->   Operation 264 'specinterface' 'specinterface_ln0' <Predicate = true> <Delay = 0.00>
ST_14 : Operation 265 [1/1] (0.00ns)   --->   "%empty_111 = specchannel i32 @_ssdm_op_SpecChannel, void @stencilConfig_OC_2_c71_str, i32 1, void @p_str, void @p_str, i32 3, i32 0, i16 %stencilConfig_2_c71, i16 %stencilConfig_2_c71"   --->   Operation 265 'specchannel' 'empty_111' <Predicate = true> <Delay = 0.00>
ST_14 : Operation 266 [1/1] (0.00ns)   --->   "%specinterface_ln0 = specinterface void @_ssdm_op_SpecInterface, i16 %stencilConfig_2_c71, void @ap_fifo_str, i32 0, i32 0, void @p_str, i32 0, i32 0, void @p_str, void @p_str, void @p_str, i32 2, i32 2, i32 16, i32 16, void @p_str, void @p_str, i32 4294967295, i32 0"   --->   Operation 266 'specinterface' 'specinterface_ln0' <Predicate = true> <Delay = 0.00>
ST_14 : Operation 267 [1/1] (0.00ns)   --->   "%empty_112 = specchannel i32 @_ssdm_op_SpecChannel, void @stencilConfig_OC_2_c_str, i32 1, void @p_str, void @p_str, i32 3, i32 0, i16 %stencilConfig_2_c, i16 %stencilConfig_2_c"   --->   Operation 267 'specchannel' 'empty_112' <Predicate = true> <Delay = 0.00>
ST_14 : Operation 268 [1/1] (0.00ns)   --->   "%specinterface_ln0 = specinterface void @_ssdm_op_SpecInterface, i16 %stencilConfig_2_c, void @ap_fifo_str, i32 0, i32 0, void @p_str, i32 0, i32 0, void @p_str, void @p_str, void @p_str, i32 2, i32 2, i32 16, i32 16, void @p_str, void @p_str, i32 4294967295, i32 0"   --->   Operation 268 'specinterface' 'specinterface_ln0' <Predicate = true> <Delay = 0.00>
ST_14 : Operation 269 [1/1] (0.00ns)   --->   "%empty_113 = specchannel i32 @_ssdm_op_SpecChannel, void @stencilConfig_OC_0_OC_1_c70_str, i32 1, void @p_str, void @p_str, i32 4, i32 0, i16 %stencilConfig_0_1_c70, i16 %stencilConfig_0_1_c70"   --->   Operation 269 'specchannel' 'empty_113' <Predicate = true> <Delay = 0.00>
ST_14 : Operation 270 [1/1] (0.00ns)   --->   "%specinterface_ln0 = specinterface void @_ssdm_op_SpecInterface, i16 %stencilConfig_0_1_c70, void @ap_fifo_str, i32 0, i32 0, void @p_str, i32 0, i32 0, void @p_str, void @p_str, void @p_str, i32 2, i32 2, i32 16, i32 16, void @p_str, void @p_str, i32 4294967295, i32 0"   --->   Operation 270 'specinterface' 'specinterface_ln0' <Predicate = true> <Delay = 0.00>
ST_14 : Operation 271 [1/1] (0.00ns)   --->   "%empty_114 = specchannel i32 @_ssdm_op_SpecChannel, void @stencilConfig_OC_0_OC_1_c69_str, i32 1, void @p_str, void @p_str, i32 4, i32 0, i16 %stencilConfig_0_1_c69, i16 %stencilConfig_0_1_c69"   --->   Operation 271 'specchannel' 'empty_114' <Predicate = true> <Delay = 0.00>
ST_14 : Operation 272 [1/1] (0.00ns)   --->   "%specinterface_ln0 = specinterface void @_ssdm_op_SpecInterface, i16 %stencilConfig_0_1_c69, void @ap_fifo_str, i32 0, i32 0, void @p_str, i32 0, i32 0, void @p_str, void @p_str, void @p_str, i32 2, i32 2, i32 16, i32 16, void @p_str, void @p_str, i32 4294967295, i32 0"   --->   Operation 272 'specinterface' 'specinterface_ln0' <Predicate = true> <Delay = 0.00>
ST_14 : Operation 273 [1/1] (0.00ns)   --->   "%empty_115 = specchannel i32 @_ssdm_op_SpecChannel, void @stencilConfig_OC_0_OC_1_c68_str, i32 1, void @p_str, void @p_str, i32 4, i32 0, i16 %stencilConfig_0_1_c68, i16 %stencilConfig_0_1_c68"   --->   Operation 273 'specchannel' 'empty_115' <Predicate = true> <Delay = 0.00>
ST_14 : Operation 274 [1/1] (0.00ns)   --->   "%specinterface_ln0 = specinterface void @_ssdm_op_SpecInterface, i16 %stencilConfig_0_1_c68, void @ap_fifo_str, i32 0, i32 0, void @p_str, i32 0, i32 0, void @p_str, void @p_str, void @p_str, i32 2, i32 2, i32 16, i32 16, void @p_str, void @p_str, i32 4294967295, i32 0"   --->   Operation 274 'specinterface' 'specinterface_ln0' <Predicate = true> <Delay = 0.00>
ST_14 : Operation 275 [1/1] (0.00ns)   --->   "%empty_116 = specchannel i32 @_ssdm_op_SpecChannel, void @stencilConfig_OC_0_OC_1_c67_str, i32 1, void @p_str, void @p_str, i32 4, i32 0, i16 %stencilConfig_0_1_c67, i16 %stencilConfig_0_1_c67"   --->   Operation 275 'specchannel' 'empty_116' <Predicate = true> <Delay = 0.00>
ST_14 : Operation 276 [1/1] (0.00ns)   --->   "%specinterface_ln0 = specinterface void @_ssdm_op_SpecInterface, i16 %stencilConfig_0_1_c67, void @ap_fifo_str, i32 0, i32 0, void @p_str, i32 0, i32 0, void @p_str, void @p_str, void @p_str, i32 2, i32 2, i32 16, i32 16, void @p_str, void @p_str, i32 4294967295, i32 0"   --->   Operation 276 'specinterface' 'specinterface_ln0' <Predicate = true> <Delay = 0.00>
ST_14 : Operation 277 [1/1] (0.00ns)   --->   "%empty_117 = specchannel i32 @_ssdm_op_SpecChannel, void @stencilConfig_OC_0_OC_1_c66_str, i32 1, void @p_str, void @p_str, i32 3, i32 0, i16 %stencilConfig_0_1_c66, i16 %stencilConfig_0_1_c66"   --->   Operation 277 'specchannel' 'empty_117' <Predicate = true> <Delay = 0.00>
ST_14 : Operation 278 [1/1] (0.00ns)   --->   "%specinterface_ln0 = specinterface void @_ssdm_op_SpecInterface, i16 %stencilConfig_0_1_c66, void @ap_fifo_str, i32 0, i32 0, void @p_str, i32 0, i32 0, void @p_str, void @p_str, void @p_str, i32 2, i32 2, i32 16, i32 16, void @p_str, void @p_str, i32 4294967295, i32 0"   --->   Operation 278 'specinterface' 'specinterface_ln0' <Predicate = true> <Delay = 0.00>
ST_14 : Operation 279 [1/1] (0.00ns)   --->   "%empty_118 = specchannel i32 @_ssdm_op_SpecChannel, void @stencilConfig_OC_0_OC_1_c65_str, i32 1, void @p_str, void @p_str, i32 3, i32 0, i16 %stencilConfig_0_1_c65, i16 %stencilConfig_0_1_c65"   --->   Operation 279 'specchannel' 'empty_118' <Predicate = true> <Delay = 0.00>
ST_14 : Operation 280 [1/1] (0.00ns)   --->   "%specinterface_ln0 = specinterface void @_ssdm_op_SpecInterface, i16 %stencilConfig_0_1_c65, void @ap_fifo_str, i32 0, i32 0, void @p_str, i32 0, i32 0, void @p_str, void @p_str, void @p_str, i32 2, i32 2, i32 16, i32 16, void @p_str, void @p_str, i32 4294967295, i32 0"   --->   Operation 280 'specinterface' 'specinterface_ln0' <Predicate = true> <Delay = 0.00>
ST_14 : Operation 281 [1/1] (0.00ns)   --->   "%empty_119 = specchannel i32 @_ssdm_op_SpecChannel, void @stencilConfig_OC_0_OC_1_c64_str, i32 1, void @p_str, void @p_str, i32 3, i32 0, i16 %stencilConfig_0_1_c64, i16 %stencilConfig_0_1_c64"   --->   Operation 281 'specchannel' 'empty_119' <Predicate = true> <Delay = 0.00>
ST_14 : Operation 282 [1/1] (0.00ns)   --->   "%specinterface_ln0 = specinterface void @_ssdm_op_SpecInterface, i16 %stencilConfig_0_1_c64, void @ap_fifo_str, i32 0, i32 0, void @p_str, i32 0, i32 0, void @p_str, void @p_str, void @p_str, i32 2, i32 2, i32 16, i32 16, void @p_str, void @p_str, i32 4294967295, i32 0"   --->   Operation 282 'specinterface' 'specinterface_ln0' <Predicate = true> <Delay = 0.00>
ST_14 : Operation 283 [1/1] (0.00ns)   --->   "%empty_120 = specchannel i32 @_ssdm_op_SpecChannel, void @stencilConfig_OC_0_OC_1_c_str, i32 1, void @p_str, void @p_str, i32 3, i32 0, i16 %stencilConfig_0_1_c, i16 %stencilConfig_0_1_c"   --->   Operation 283 'specchannel' 'empty_120' <Predicate = true> <Delay = 0.00>
ST_14 : Operation 284 [1/1] (0.00ns)   --->   "%specinterface_ln0 = specinterface void @_ssdm_op_SpecInterface, i16 %stencilConfig_0_1_c, void @ap_fifo_str, i32 0, i32 0, void @p_str, i32 0, i32 0, void @p_str, void @p_str, void @p_str, i32 2, i32 2, i32 16, i32 16, void @p_str, void @p_str, i32 4294967295, i32 0"   --->   Operation 284 'specinterface' 'specinterface_ln0' <Predicate = true> <Delay = 0.00>
ST_14 : Operation 285 [1/1] (0.00ns)   --->   "%empty_121 = specchannel i32 @_ssdm_op_SpecChannel, void @stencilConfig_OC_0_OC_0_c63_str, i32 1, void @p_str, void @p_str, i32 4, i32 0, i14 %stencilConfig_0_0_c63, i14 %stencilConfig_0_0_c63"   --->   Operation 285 'specchannel' 'empty_121' <Predicate = true> <Delay = 0.00>
ST_14 : Operation 286 [1/1] (0.00ns)   --->   "%specinterface_ln0 = specinterface void @_ssdm_op_SpecInterface, i14 %stencilConfig_0_0_c63, void @ap_fifo_str, i32 0, i32 0, void @p_str, i32 0, i32 0, void @p_str, void @p_str, void @p_str, i32 2, i32 2, i32 16, i32 16, void @p_str, void @p_str, i32 4294967295, i32 0"   --->   Operation 286 'specinterface' 'specinterface_ln0' <Predicate = true> <Delay = 0.00>
ST_14 : Operation 287 [1/1] (0.00ns)   --->   "%empty_122 = specchannel i32 @_ssdm_op_SpecChannel, void @stencilConfig_OC_0_OC_0_c62_str, i32 1, void @p_str, void @p_str, i32 4, i32 0, i14 %stencilConfig_0_0_c62, i14 %stencilConfig_0_0_c62"   --->   Operation 287 'specchannel' 'empty_122' <Predicate = true> <Delay = 0.00>
ST_14 : Operation 288 [1/1] (0.00ns)   --->   "%specinterface_ln0 = specinterface void @_ssdm_op_SpecInterface, i14 %stencilConfig_0_0_c62, void @ap_fifo_str, i32 0, i32 0, void @p_str, i32 0, i32 0, void @p_str, void @p_str, void @p_str, i32 2, i32 2, i32 16, i32 16, void @p_str, void @p_str, i32 4294967295, i32 0"   --->   Operation 288 'specinterface' 'specinterface_ln0' <Predicate = true> <Delay = 0.00>
ST_14 : Operation 289 [1/1] (0.00ns)   --->   "%empty_123 = specchannel i32 @_ssdm_op_SpecChannel, void @stencilConfig_OC_0_OC_0_c61_str, i32 1, void @p_str, void @p_str, i32 4, i32 0, i14 %stencilConfig_0_0_c61, i14 %stencilConfig_0_0_c61"   --->   Operation 289 'specchannel' 'empty_123' <Predicate = true> <Delay = 0.00>
ST_14 : Operation 290 [1/1] (0.00ns)   --->   "%specinterface_ln0 = specinterface void @_ssdm_op_SpecInterface, i14 %stencilConfig_0_0_c61, void @ap_fifo_str, i32 0, i32 0, void @p_str, i32 0, i32 0, void @p_str, void @p_str, void @p_str, i32 2, i32 2, i32 16, i32 16, void @p_str, void @p_str, i32 4294967295, i32 0"   --->   Operation 290 'specinterface' 'specinterface_ln0' <Predicate = true> <Delay = 0.00>
ST_14 : Operation 291 [1/1] (0.00ns)   --->   "%empty_124 = specchannel i32 @_ssdm_op_SpecChannel, void @stencilConfig_OC_0_OC_0_c60_str, i32 1, void @p_str, void @p_str, i32 4, i32 0, i14 %stencilConfig_0_0_c60, i14 %stencilConfig_0_0_c60"   --->   Operation 291 'specchannel' 'empty_124' <Predicate = true> <Delay = 0.00>
ST_14 : Operation 292 [1/1] (0.00ns)   --->   "%specinterface_ln0 = specinterface void @_ssdm_op_SpecInterface, i14 %stencilConfig_0_0_c60, void @ap_fifo_str, i32 0, i32 0, void @p_str, i32 0, i32 0, void @p_str, void @p_str, void @p_str, i32 2, i32 2, i32 16, i32 16, void @p_str, void @p_str, i32 4294967295, i32 0"   --->   Operation 292 'specinterface' 'specinterface_ln0' <Predicate = true> <Delay = 0.00>
ST_14 : Operation 293 [1/1] (0.00ns)   --->   "%empty_125 = specchannel i32 @_ssdm_op_SpecChannel, void @stencilConfig_OC_0_OC_0_c59_str, i32 1, void @p_str, void @p_str, i32 3, i32 0, i14 %stencilConfig_0_0_c59, i14 %stencilConfig_0_0_c59"   --->   Operation 293 'specchannel' 'empty_125' <Predicate = true> <Delay = 0.00>
ST_14 : Operation 294 [1/1] (0.00ns)   --->   "%specinterface_ln0 = specinterface void @_ssdm_op_SpecInterface, i14 %stencilConfig_0_0_c59, void @ap_fifo_str, i32 0, i32 0, void @p_str, i32 0, i32 0, void @p_str, void @p_str, void @p_str, i32 2, i32 2, i32 16, i32 16, void @p_str, void @p_str, i32 4294967295, i32 0"   --->   Operation 294 'specinterface' 'specinterface_ln0' <Predicate = true> <Delay = 0.00>
ST_14 : Operation 295 [1/1] (0.00ns)   --->   "%empty_126 = specchannel i32 @_ssdm_op_SpecChannel, void @stencilConfig_OC_0_OC_0_c58_str, i32 1, void @p_str, void @p_str, i32 3, i32 0, i14 %stencilConfig_0_0_c58, i14 %stencilConfig_0_0_c58"   --->   Operation 295 'specchannel' 'empty_126' <Predicate = true> <Delay = 0.00>
ST_14 : Operation 296 [1/1] (0.00ns)   --->   "%specinterface_ln0 = specinterface void @_ssdm_op_SpecInterface, i14 %stencilConfig_0_0_c58, void @ap_fifo_str, i32 0, i32 0, void @p_str, i32 0, i32 0, void @p_str, void @p_str, void @p_str, i32 2, i32 2, i32 16, i32 16, void @p_str, void @p_str, i32 4294967295, i32 0"   --->   Operation 296 'specinterface' 'specinterface_ln0' <Predicate = true> <Delay = 0.00>
ST_14 : Operation 297 [1/1] (0.00ns)   --->   "%empty_127 = specchannel i32 @_ssdm_op_SpecChannel, void @stencilConfig_OC_0_OC_0_c57_str, i32 1, void @p_str, void @p_str, i32 3, i32 0, i14 %stencilConfig_0_0_c57, i14 %stencilConfig_0_0_c57"   --->   Operation 297 'specchannel' 'empty_127' <Predicate = true> <Delay = 0.00>
ST_14 : Operation 298 [1/1] (0.00ns)   --->   "%specinterface_ln0 = specinterface void @_ssdm_op_SpecInterface, i14 %stencilConfig_0_0_c57, void @ap_fifo_str, i32 0, i32 0, void @p_str, i32 0, i32 0, void @p_str, void @p_str, void @p_str, i32 2, i32 2, i32 16, i32 16, void @p_str, void @p_str, i32 4294967295, i32 0"   --->   Operation 298 'specinterface' 'specinterface_ln0' <Predicate = true> <Delay = 0.00>
ST_14 : Operation 299 [1/1] (0.00ns)   --->   "%empty_128 = specchannel i32 @_ssdm_op_SpecChannel, void @stencilConfig_OC_0_OC_0_c_str, i32 1, void @p_str, void @p_str, i32 3, i32 0, i14 %stencilConfig_0_0_c, i14 %stencilConfig_0_0_c"   --->   Operation 299 'specchannel' 'empty_128' <Predicate = true> <Delay = 0.00>
ST_14 : Operation 300 [1/1] (0.00ns)   --->   "%specinterface_ln0 = specinterface void @_ssdm_op_SpecInterface, i14 %stencilConfig_0_0_c, void @ap_fifo_str, i32 0, i32 0, void @p_str, i32 0, i32 0, void @p_str, void @p_str, void @p_str, i32 2, i32 2, i32 16, i32 16, void @p_str, void @p_str, i32 4294967295, i32 0"   --->   Operation 300 'specinterface' 'specinterface_ln0' <Predicate = true> <Delay = 0.00>
ST_14 : Operation 301 [1/1] (0.00ns)   --->   "%specdataflowpipeline_ln0 = specdataflowpipeline void @_ssdm_op_SpecDataflowPipeline, i32 4294967295, i32 0, void @empty_1"   --->   Operation 301 'specdataflowpipeline' 'specdataflowpipeline_ln0' <Predicate = true> <Delay = 0.00>
ST_14 : Operation 302 [1/1] (0.00ns)   --->   "%specaxissidechannel_ln0 = specaxissidechannel void @_ssdm_op_SpecAXISSideChannel, i256 %arg1_6_axis_out_V_data_V, i32 %arg1_6_axis_out_V_keep_V, i32 %arg1_6_axis_out_V_strb_V, i1 0, i1 %arg1_6_axis_out_V_last_V, i1 0, i1 0, void @empty_41"   --->   Operation 302 'specaxissidechannel' 'specaxissidechannel_ln0' <Predicate = true> <Delay = 0.00>
ST_14 : Operation 303 [1/1] (0.00ns)   --->   "%specaxissidechannel_ln0 = specaxissidechannel void @_ssdm_op_SpecAXISSideChannel, i256 %arg1_5_axis_out_V_data_V, i32 %arg1_5_axis_out_V_keep_V, i32 %arg1_5_axis_out_V_strb_V, i1 0, i1 %arg1_5_axis_out_V_last_V, i1 0, i1 0, void @empty_40"   --->   Operation 303 'specaxissidechannel' 'specaxissidechannel_ln0' <Predicate = true> <Delay = 0.00>
ST_14 : Operation 304 [1/1] (0.00ns)   --->   "%specaxissidechannel_ln0 = specaxissidechannel void @_ssdm_op_SpecAXISSideChannel, i256 %arg1_4_axis_out_V_data_V, i32 %arg1_4_axis_out_V_keep_V, i32 %arg1_4_axis_out_V_strb_V, i1 0, i1 %arg1_4_axis_out_V_last_V, i1 0, i1 0, void @empty_39"   --->   Operation 304 'specaxissidechannel' 'specaxissidechannel_ln0' <Predicate = true> <Delay = 0.00>
ST_14 : Operation 305 [1/1] (0.00ns)   --->   "%specaxissidechannel_ln0 = specaxissidechannel void @_ssdm_op_SpecAXISSideChannel, i256 %arg1_3_axis_out_V_data_V, i32 %arg1_3_axis_out_V_keep_V, i32 %arg1_3_axis_out_V_strb_V, i1 0, i1 %arg1_3_axis_out_V_last_V, i1 0, i1 0, void @empty_5"   --->   Operation 305 'specaxissidechannel' 'specaxissidechannel_ln0' <Predicate = true> <Delay = 0.00>
ST_14 : Operation 306 [1/1] (0.00ns)   --->   "%specaxissidechannel_ln0 = specaxissidechannel void @_ssdm_op_SpecAXISSideChannel, i256 %arg1_2_axis_out_V_data_V, i32 %arg1_2_axis_out_V_keep_V, i32 %arg1_2_axis_out_V_strb_V, i1 0, i1 %arg1_2_axis_out_V_last_V, i1 0, i1 0, void @empty_2"   --->   Operation 306 'specaxissidechannel' 'specaxissidechannel_ln0' <Predicate = true> <Delay = 0.00>
ST_14 : Operation 307 [1/1] (0.00ns)   --->   "%specaxissidechannel_ln0 = specaxissidechannel void @_ssdm_op_SpecAXISSideChannel, i256 %arg1_1_axis_out_V_data_V, i32 %arg1_1_axis_out_V_keep_V, i32 %arg1_1_axis_out_V_strb_V, i1 0, i1 %arg1_1_axis_out_V_last_V, i1 0, i1 0, void @empty_37"   --->   Operation 307 'specaxissidechannel' 'specaxissidechannel_ln0' <Predicate = true> <Delay = 0.00>
ST_14 : Operation 308 [1/1] (0.00ns)   --->   "%specaxissidechannel_ln0 = specaxissidechannel void @_ssdm_op_SpecAXISSideChannel, i256 %arg1_0_axis_out_V_data_V, i32 %arg1_0_axis_out_V_keep_V, i32 %arg1_0_axis_out_V_strb_V, i1 0, i1 %arg1_0_axis_out_V_last_V, i1 0, i1 0, void @empty_12"   --->   Operation 308 'specaxissidechannel' 'specaxissidechannel_ln0' <Predicate = true> <Delay = 0.00>
ST_14 : Operation 309 [1/1] (0.00ns)   --->   "%specaxissidechannel_ln0 = specaxissidechannel void @_ssdm_op_SpecAXISSideChannel, i256 %arg1_7_axis_out_V_data_V, i32 %arg1_7_axis_out_V_keep_V, i32 %arg1_7_axis_out_V_strb_V, i1 0, i1 %arg1_7_axis_out_V_last_V, i1 0, i1 0, void @empty_11"   --->   Operation 309 'specaxissidechannel' 'specaxissidechannel_ln0' <Predicate = true> <Delay = 0.00>
ST_14 : Operation 310 [1/1] (0.00ns)   --->   "%specaxissidechannel_ln0 = specaxissidechannel void @_ssdm_op_SpecAXISSideChannel, i256 %arg0_6_axis_in_V_data_V, i32 %arg0_6_axis_in_V_keep_V, i32 %arg0_6_axis_in_V_strb_V, i1 0, i1 %arg0_6_axis_in_V_last_V, i1 0, i1 0, void @empty_10"   --->   Operation 310 'specaxissidechannel' 'specaxissidechannel_ln0' <Predicate = true> <Delay = 0.00>
ST_14 : Operation 311 [1/1] (0.00ns)   --->   "%specaxissidechannel_ln0 = specaxissidechannel void @_ssdm_op_SpecAXISSideChannel, i256 %arg0_5_axis_in_V_data_V, i32 %arg0_5_axis_in_V_keep_V, i32 %arg0_5_axis_in_V_strb_V, i1 0, i1 %arg0_5_axis_in_V_last_V, i1 0, i1 0, void @empty_9"   --->   Operation 311 'specaxissidechannel' 'specaxissidechannel_ln0' <Predicate = true> <Delay = 0.00>
ST_14 : Operation 312 [1/1] (0.00ns)   --->   "%specaxissidechannel_ln0 = specaxissidechannel void @_ssdm_op_SpecAXISSideChannel, i256 %arg0_4_axis_in_V_data_V, i32 %arg0_4_axis_in_V_keep_V, i32 %arg0_4_axis_in_V_strb_V, i1 0, i1 %arg0_4_axis_in_V_last_V, i1 0, i1 0, void @empty_8"   --->   Operation 312 'specaxissidechannel' 'specaxissidechannel_ln0' <Predicate = true> <Delay = 0.00>
ST_14 : Operation 313 [1/1] (0.00ns)   --->   "%specaxissidechannel_ln0 = specaxissidechannel void @_ssdm_op_SpecAXISSideChannel, i256 %arg0_3_axis_in_V_data_V, i32 %arg0_3_axis_in_V_keep_V, i32 %arg0_3_axis_in_V_strb_V, i1 0, i1 %arg0_3_axis_in_V_last_V, i1 0, i1 0, void @empty_31"   --->   Operation 313 'specaxissidechannel' 'specaxissidechannel_ln0' <Predicate = true> <Delay = 0.00>
ST_14 : Operation 314 [1/1] (0.00ns)   --->   "%specaxissidechannel_ln0 = specaxissidechannel void @_ssdm_op_SpecAXISSideChannel, i256 %arg0_2_axis_in_V_data_V, i32 %arg0_2_axis_in_V_keep_V, i32 %arg0_2_axis_in_V_strb_V, i1 0, i1 %arg0_2_axis_in_V_last_V, i1 0, i1 0, void @empty_6"   --->   Operation 314 'specaxissidechannel' 'specaxissidechannel_ln0' <Predicate = true> <Delay = 0.00>
ST_14 : Operation 315 [1/1] (0.00ns)   --->   "%specaxissidechannel_ln0 = specaxissidechannel void @_ssdm_op_SpecAXISSideChannel, i256 %arg0_1_axis_in_V_data_V, i32 %arg0_1_axis_in_V_keep_V, i32 %arg0_1_axis_in_V_strb_V, i1 0, i1 %arg0_1_axis_in_V_last_V, i1 0, i1 0, void @empty_29"   --->   Operation 315 'specaxissidechannel' 'specaxissidechannel_ln0' <Predicate = true> <Delay = 0.00>
ST_14 : Operation 316 [1/1] (0.00ns)   --->   "%specaxissidechannel_ln0 = specaxissidechannel void @_ssdm_op_SpecAXISSideChannel, i256 %arg0_0_axis_in_V_data_V, i32 %arg0_0_axis_in_V_keep_V, i32 %arg0_0_axis_in_V_strb_V, i1 0, i1 %arg0_0_axis_in_V_last_V, i1 0, i1 0, void @empty_14"   --->   Operation 316 'specaxissidechannel' 'specaxissidechannel_ln0' <Predicate = true> <Delay = 0.00>
ST_14 : Operation 317 [1/1] (0.00ns)   --->   "%specaxissidechannel_ln0 = specaxissidechannel void @_ssdm_op_SpecAXISSideChannel, i256 %arg0_7_axis_in_V_data_V, i32 %arg0_7_axis_in_V_keep_V, i32 %arg0_7_axis_in_V_strb_V, i1 0, i1 %arg0_7_axis_in_V_last_V, i1 0, i1 0, void @empty_27"   --->   Operation 317 'specaxissidechannel' 'specaxissidechannel_ln0' <Predicate = true> <Delay = 0.00>
ST_14 : Operation 318 [1/1] (0.00ns)   --->   "%specinterface_ln0 = specinterface void @_ssdm_op_SpecInterface, i1 %arg1_7_axis_out_V_last_V, i32 %arg1_7_axis_out_V_strb_V, i32 %arg1_7_axis_out_V_keep_V, i256 %arg1_7_axis_out_V_data_V, void @empty_21, i32 0, i32 0, void @empty_42, i32 0, i32 0, void @empty_1, void @empty_1, void @empty_1, i32 0, i32 0, i32 0, i32 0, void @empty_1, void @empty_1, i32 4294967295, i32 0"   --->   Operation 318 'specinterface' 'specinterface_ln0' <Predicate = true> <Delay = 0.00>
ST_14 : Operation 319 [1/1] (0.00ns)   --->   "%specinterface_ln0 = specinterface void @_ssdm_op_SpecInterface, i1 %arg1_6_axis_out_V_last_V, i32 %arg1_6_axis_out_V_strb_V, i32 %arg1_6_axis_out_V_keep_V, i256 %arg1_6_axis_out_V_data_V, void @empty_21, i32 0, i32 0, void @empty_42, i32 0, i32 0, void @empty_1, void @empty_1, void @empty_1, i32 0, i32 0, i32 0, i32 0, void @empty_1, void @empty_1, i32 4294967295, i32 0"   --->   Operation 319 'specinterface' 'specinterface_ln0' <Predicate = true> <Delay = 0.00>
ST_14 : Operation 320 [1/1] (0.00ns)   --->   "%specinterface_ln0 = specinterface void @_ssdm_op_SpecInterface, i1 %arg1_5_axis_out_V_last_V, i32 %arg1_5_axis_out_V_strb_V, i32 %arg1_5_axis_out_V_keep_V, i256 %arg1_5_axis_out_V_data_V, void @empty_21, i32 0, i32 0, void @empty_42, i32 0, i32 0, void @empty_1, void @empty_1, void @empty_1, i32 0, i32 0, i32 0, i32 0, void @empty_1, void @empty_1, i32 4294967295, i32 0"   --->   Operation 320 'specinterface' 'specinterface_ln0' <Predicate = true> <Delay = 0.00>
ST_14 : Operation 321 [1/1] (0.00ns)   --->   "%specinterface_ln0 = specinterface void @_ssdm_op_SpecInterface, i1 %arg1_4_axis_out_V_last_V, i32 %arg1_4_axis_out_V_strb_V, i32 %arg1_4_axis_out_V_keep_V, i256 %arg1_4_axis_out_V_data_V, void @empty_21, i32 0, i32 0, void @empty_42, i32 0, i32 0, void @empty_1, void @empty_1, void @empty_1, i32 0, i32 0, i32 0, i32 0, void @empty_1, void @empty_1, i32 4294967295, i32 0"   --->   Operation 321 'specinterface' 'specinterface_ln0' <Predicate = true> <Delay = 0.00>
ST_14 : Operation 322 [1/1] (0.00ns)   --->   "%specinterface_ln0 = specinterface void @_ssdm_op_SpecInterface, i1 %arg1_3_axis_out_V_last_V, i32 %arg1_3_axis_out_V_strb_V, i32 %arg1_3_axis_out_V_keep_V, i256 %arg1_3_axis_out_V_data_V, void @empty_21, i32 0, i32 0, void @empty_42, i32 0, i32 0, void @empty_1, void @empty_1, void @empty_1, i32 0, i32 0, i32 0, i32 0, void @empty_1, void @empty_1, i32 4294967295, i32 0"   --->   Operation 322 'specinterface' 'specinterface_ln0' <Predicate = true> <Delay = 0.00>
ST_14 : Operation 323 [1/1] (0.00ns)   --->   "%specinterface_ln0 = specinterface void @_ssdm_op_SpecInterface, i1 %arg1_2_axis_out_V_last_V, i32 %arg1_2_axis_out_V_strb_V, i32 %arg1_2_axis_out_V_keep_V, i256 %arg1_2_axis_out_V_data_V, void @empty_21, i32 0, i32 0, void @empty_42, i32 0, i32 0, void @empty_1, void @empty_1, void @empty_1, i32 0, i32 0, i32 0, i32 0, void @empty_1, void @empty_1, i32 4294967295, i32 0"   --->   Operation 323 'specinterface' 'specinterface_ln0' <Predicate = true> <Delay = 0.00>
ST_14 : Operation 324 [1/1] (0.00ns)   --->   "%specinterface_ln0 = specinterface void @_ssdm_op_SpecInterface, i1 %arg1_1_axis_out_V_last_V, i32 %arg1_1_axis_out_V_strb_V, i32 %arg1_1_axis_out_V_keep_V, i256 %arg1_1_axis_out_V_data_V, void @empty_21, i32 0, i32 0, void @empty_42, i32 0, i32 0, void @empty_1, void @empty_1, void @empty_1, i32 0, i32 0, i32 0, i32 0, void @empty_1, void @empty_1, i32 4294967295, i32 0"   --->   Operation 324 'specinterface' 'specinterface_ln0' <Predicate = true> <Delay = 0.00>
ST_14 : Operation 325 [1/1] (0.00ns)   --->   "%specinterface_ln0 = specinterface void @_ssdm_op_SpecInterface, i1 %arg1_0_axis_out_V_last_V, i32 %arg1_0_axis_out_V_strb_V, i32 %arg1_0_axis_out_V_keep_V, i256 %arg1_0_axis_out_V_data_V, void @empty_21, i32 0, i32 0, void @empty_42, i32 0, i32 0, void @empty_1, void @empty_1, void @empty_1, i32 0, i32 0, i32 0, i32 0, void @empty_1, void @empty_1, i32 4294967295, i32 0"   --->   Operation 325 'specinterface' 'specinterface_ln0' <Predicate = true> <Delay = 0.00>
ST_14 : Operation 326 [1/1] (0.00ns)   --->   "%specinterface_ln0 = specinterface void @_ssdm_op_SpecInterface, i1 %arg0_7_axis_in_V_last_V, i32 %arg0_7_axis_in_V_strb_V, i32 %arg0_7_axis_in_V_keep_V, i256 %arg0_7_axis_in_V_data_V, void @empty_21, i32 0, i32 0, void @empty_42, i32 0, i32 0, void @empty_1, void @empty_1, void @empty_1, i32 0, i32 0, i32 0, i32 0, void @empty_1, void @empty_1, i32 4294967295, i32 0"   --->   Operation 326 'specinterface' 'specinterface_ln0' <Predicate = true> <Delay = 0.00>
ST_14 : Operation 327 [1/1] (0.00ns)   --->   "%specinterface_ln0 = specinterface void @_ssdm_op_SpecInterface, i1 %arg0_6_axis_in_V_last_V, i32 %arg0_6_axis_in_V_strb_V, i32 %arg0_6_axis_in_V_keep_V, i256 %arg0_6_axis_in_V_data_V, void @empty_21, i32 0, i32 0, void @empty_42, i32 0, i32 0, void @empty_1, void @empty_1, void @empty_1, i32 0, i32 0, i32 0, i32 0, void @empty_1, void @empty_1, i32 4294967295, i32 0"   --->   Operation 327 'specinterface' 'specinterface_ln0' <Predicate = true> <Delay = 0.00>
ST_14 : Operation 328 [1/1] (0.00ns)   --->   "%specinterface_ln0 = specinterface void @_ssdm_op_SpecInterface, i1 %arg0_5_axis_in_V_last_V, i32 %arg0_5_axis_in_V_strb_V, i32 %arg0_5_axis_in_V_keep_V, i256 %arg0_5_axis_in_V_data_V, void @empty_21, i32 0, i32 0, void @empty_42, i32 0, i32 0, void @empty_1, void @empty_1, void @empty_1, i32 0, i32 0, i32 0, i32 0, void @empty_1, void @empty_1, i32 4294967295, i32 0"   --->   Operation 328 'specinterface' 'specinterface_ln0' <Predicate = true> <Delay = 0.00>
ST_14 : Operation 329 [1/1] (0.00ns)   --->   "%specinterface_ln0 = specinterface void @_ssdm_op_SpecInterface, i1 %arg0_4_axis_in_V_last_V, i32 %arg0_4_axis_in_V_strb_V, i32 %arg0_4_axis_in_V_keep_V, i256 %arg0_4_axis_in_V_data_V, void @empty_21, i32 0, i32 0, void @empty_42, i32 0, i32 0, void @empty_1, void @empty_1, void @empty_1, i32 0, i32 0, i32 0, i32 0, void @empty_1, void @empty_1, i32 4294967295, i32 0"   --->   Operation 329 'specinterface' 'specinterface_ln0' <Predicate = true> <Delay = 0.00>
ST_14 : Operation 330 [1/1] (0.00ns)   --->   "%specinterface_ln0 = specinterface void @_ssdm_op_SpecInterface, i1 %arg0_3_axis_in_V_last_V, i32 %arg0_3_axis_in_V_strb_V, i32 %arg0_3_axis_in_V_keep_V, i256 %arg0_3_axis_in_V_data_V, void @empty_21, i32 0, i32 0, void @empty_42, i32 0, i32 0, void @empty_1, void @empty_1, void @empty_1, i32 0, i32 0, i32 0, i32 0, void @empty_1, void @empty_1, i32 4294967295, i32 0"   --->   Operation 330 'specinterface' 'specinterface_ln0' <Predicate = true> <Delay = 0.00>
ST_14 : Operation 331 [1/1] (0.00ns)   --->   "%specinterface_ln0 = specinterface void @_ssdm_op_SpecInterface, i1 %arg0_2_axis_in_V_last_V, i32 %arg0_2_axis_in_V_strb_V, i32 %arg0_2_axis_in_V_keep_V, i256 %arg0_2_axis_in_V_data_V, void @empty_21, i32 0, i32 0, void @empty_42, i32 0, i32 0, void @empty_1, void @empty_1, void @empty_1, i32 0, i32 0, i32 0, i32 0, void @empty_1, void @empty_1, i32 4294967295, i32 0"   --->   Operation 331 'specinterface' 'specinterface_ln0' <Predicate = true> <Delay = 0.00>
ST_14 : Operation 332 [1/1] (0.00ns)   --->   "%specinterface_ln0 = specinterface void @_ssdm_op_SpecInterface, i1 %arg0_1_axis_in_V_last_V, i32 %arg0_1_axis_in_V_strb_V, i32 %arg0_1_axis_in_V_keep_V, i256 %arg0_1_axis_in_V_data_V, void @empty_21, i32 0, i32 0, void @empty_42, i32 0, i32 0, void @empty_1, void @empty_1, void @empty_1, i32 0, i32 0, i32 0, i32 0, void @empty_1, void @empty_1, i32 4294967295, i32 0"   --->   Operation 332 'specinterface' 'specinterface_ln0' <Predicate = true> <Delay = 0.00>
ST_14 : Operation 333 [1/1] (0.00ns)   --->   "%specinterface_ln0 = specinterface void @_ssdm_op_SpecInterface, i1 %arg0_0_axis_in_V_last_V, i32 %arg0_0_axis_in_V_strb_V, i32 %arg0_0_axis_in_V_keep_V, i256 %arg0_0_axis_in_V_data_V, void @empty_21, i32 0, i32 0, void @empty_42, i32 0, i32 0, void @empty_1, void @empty_1, void @empty_1, i32 0, i32 0, i32 0, i32 0, void @empty_1, void @empty_1, i32 4294967295, i32 0"   --->   Operation 333 'specinterface' 'specinterface_ln0' <Predicate = true> <Delay = 0.00>
ST_14 : Operation 334 [1/1] (0.00ns)   --->   "%empty_129 = specchannel i32 @_ssdm_op_SpecChannel, void @arg0_arg1_streams_0_0_str, i32 1, void @p_str, void @p_str, i32 10, i32 10, i256 %arg0_arg1_streams_0_0, i256 %arg0_arg1_streams_0_0"   --->   Operation 334 'specchannel' 'empty_129' <Predicate = true> <Delay = 0.00>
ST_14 : Operation 335 [1/1] (0.00ns)   --->   "%specinterface_ln0 = specinterface void @_ssdm_op_SpecInterface, i256 %arg0_arg1_streams_0_0, void @empty_36, i32 0, i32 0, void @empty_1, i32 0, i32 0, void @empty_1, void @empty_1, void @empty_1, i32 0, i32 0, i32 0, i32 0, void @empty_1, void @empty_1, i32 4294967295, i32 0"   --->   Operation 335 'specinterface' 'specinterface_ln0' <Predicate = true> <Delay = 0.00>
ST_14 : Operation 336 [1/1] (0.00ns)   --->   "%empty_130 = specchannel i32 @_ssdm_op_SpecChannel, void @arg0_arg1_streams_0_1_str, i32 1, void @p_str, void @p_str, i32 10, i32 10, i256 %arg0_arg1_streams_0_1, i256 %arg0_arg1_streams_0_1"   --->   Operation 336 'specchannel' 'empty_130' <Predicate = true> <Delay = 0.00>
ST_14 : Operation 337 [1/1] (0.00ns)   --->   "%specinterface_ln0 = specinterface void @_ssdm_op_SpecInterface, i256 %arg0_arg1_streams_0_1, void @empty_36, i32 0, i32 0, void @empty_1, i32 0, i32 0, void @empty_1, void @empty_1, void @empty_1, i32 0, i32 0, i32 0, i32 0, void @empty_1, void @empty_1, i32 4294967295, i32 0"   --->   Operation 337 'specinterface' 'specinterface_ln0' <Predicate = true> <Delay = 0.00>
ST_14 : Operation 338 [1/1] (0.00ns)   --->   "%empty_131 = specchannel i32 @_ssdm_op_SpecChannel, void @arg0_arg1_streams_0_2_str, i32 1, void @p_str, void @p_str, i32 10, i32 10, i256 %arg0_arg1_streams_0_2, i256 %arg0_arg1_streams_0_2"   --->   Operation 338 'specchannel' 'empty_131' <Predicate = true> <Delay = 0.00>
ST_14 : Operation 339 [1/1] (0.00ns)   --->   "%specinterface_ln0 = specinterface void @_ssdm_op_SpecInterface, i256 %arg0_arg1_streams_0_2, void @empty_36, i32 0, i32 0, void @empty_1, i32 0, i32 0, void @empty_1, void @empty_1, void @empty_1, i32 0, i32 0, i32 0, i32 0, void @empty_1, void @empty_1, i32 4294967295, i32 0"   --->   Operation 339 'specinterface' 'specinterface_ln0' <Predicate = true> <Delay = 0.00>
ST_14 : Operation 340 [1/1] (0.00ns)   --->   "%empty_132 = specchannel i32 @_ssdm_op_SpecChannel, void @arg0_arg1_streams_0_3_str, i32 1, void @p_str, void @p_str, i32 10, i32 10, i256 %arg0_arg1_streams_0_3, i256 %arg0_arg1_streams_0_3"   --->   Operation 340 'specchannel' 'empty_132' <Predicate = true> <Delay = 0.00>
ST_14 : Operation 341 [1/1] (0.00ns)   --->   "%specinterface_ln0 = specinterface void @_ssdm_op_SpecInterface, i256 %arg0_arg1_streams_0_3, void @empty_36, i32 0, i32 0, void @empty_1, i32 0, i32 0, void @empty_1, void @empty_1, void @empty_1, i32 0, i32 0, i32 0, i32 0, void @empty_1, void @empty_1, i32 4294967295, i32 0"   --->   Operation 341 'specinterface' 'specinterface_ln0' <Predicate = true> <Delay = 0.00>
ST_14 : Operation 342 [1/1] (0.00ns)   --->   "%empty_133 = specchannel i32 @_ssdm_op_SpecChannel, void @arg0_arg1_streams_0_4_str, i32 1, void @p_str, void @p_str, i32 10, i32 10, i256 %arg0_arg1_streams_0_4, i256 %arg0_arg1_streams_0_4"   --->   Operation 342 'specchannel' 'empty_133' <Predicate = true> <Delay = 0.00>
ST_14 : Operation 343 [1/1] (0.00ns)   --->   "%specinterface_ln0 = specinterface void @_ssdm_op_SpecInterface, i256 %arg0_arg1_streams_0_4, void @empty_36, i32 0, i32 0, void @empty_1, i32 0, i32 0, void @empty_1, void @empty_1, void @empty_1, i32 0, i32 0, i32 0, i32 0, void @empty_1, void @empty_1, i32 4294967295, i32 0"   --->   Operation 343 'specinterface' 'specinterface_ln0' <Predicate = true> <Delay = 0.00>
ST_14 : Operation 344 [1/1] (0.00ns)   --->   "%empty_134 = specchannel i32 @_ssdm_op_SpecChannel, void @arg0_arg1_streams_0_5_str, i32 1, void @p_str, void @p_str, i32 10, i32 10, i256 %arg0_arg1_streams_0_5, i256 %arg0_arg1_streams_0_5"   --->   Operation 344 'specchannel' 'empty_134' <Predicate = true> <Delay = 0.00>
ST_14 : Operation 345 [1/1] (0.00ns)   --->   "%specinterface_ln0 = specinterface void @_ssdm_op_SpecInterface, i256 %arg0_arg1_streams_0_5, void @empty_36, i32 0, i32 0, void @empty_1, i32 0, i32 0, void @empty_1, void @empty_1, void @empty_1, i32 0, i32 0, i32 0, i32 0, void @empty_1, void @empty_1, i32 4294967295, i32 0"   --->   Operation 345 'specinterface' 'specinterface_ln0' <Predicate = true> <Delay = 0.00>
ST_14 : Operation 346 [1/1] (0.00ns)   --->   "%empty_135 = specchannel i32 @_ssdm_op_SpecChannel, void @arg0_arg1_streams_0_6_str, i32 1, void @p_str, void @p_str, i32 10, i32 10, i256 %arg0_arg1_streams_0_6, i256 %arg0_arg1_streams_0_6"   --->   Operation 346 'specchannel' 'empty_135' <Predicate = true> <Delay = 0.00>
ST_14 : Operation 347 [1/1] (0.00ns)   --->   "%specinterface_ln0 = specinterface void @_ssdm_op_SpecInterface, i256 %arg0_arg1_streams_0_6, void @empty_36, i32 0, i32 0, void @empty_1, i32 0, i32 0, void @empty_1, void @empty_1, void @empty_1, i32 0, i32 0, i32 0, i32 0, void @empty_1, void @empty_1, i32 4294967295, i32 0"   --->   Operation 347 'specinterface' 'specinterface_ln0' <Predicate = true> <Delay = 0.00>
ST_14 : Operation 348 [1/1] (0.00ns)   --->   "%empty_136 = specchannel i32 @_ssdm_op_SpecChannel, void @arg0_arg1_streams_0_7_str, i32 1, void @p_str, void @p_str, i32 10, i32 10, i256 %arg0_arg1_streams_0_7, i256 %arg0_arg1_streams_0_7"   --->   Operation 348 'specchannel' 'empty_136' <Predicate = true> <Delay = 0.00>
ST_14 : Operation 349 [1/1] (0.00ns)   --->   "%specinterface_ln0 = specinterface void @_ssdm_op_SpecInterface, i256 %arg0_arg1_streams_0_7, void @empty_36, i32 0, i32 0, void @empty_1, i32 0, i32 0, void @empty_1, void @empty_1, void @empty_1, i32 0, i32 0, i32 0, i32 0, void @empty_1, void @empty_1, i32 4294967295, i32 0"   --->   Operation 349 'specinterface' 'specinterface_ln0' <Predicate = true> <Delay = 0.00>
ST_14 : Operation 350 [1/1] (0.00ns)   --->   "%empty_137 = specchannel i32 @_ssdm_op_SpecChannel, void @arg0_arg1_streams_1_0_str, i32 1, void @p_str, void @p_str, i32 10, i32 10, i256 %arg0_arg1_streams_1_0, i256 %arg0_arg1_streams_1_0"   --->   Operation 350 'specchannel' 'empty_137' <Predicate = true> <Delay = 0.00>
ST_14 : Operation 351 [1/1] (0.00ns)   --->   "%specinterface_ln0 = specinterface void @_ssdm_op_SpecInterface, i256 %arg0_arg1_streams_1_0, void @empty_36, i32 0, i32 0, void @empty_1, i32 0, i32 0, void @empty_1, void @empty_1, void @empty_1, i32 0, i32 0, i32 0, i32 0, void @empty_1, void @empty_1, i32 4294967295, i32 0"   --->   Operation 351 'specinterface' 'specinterface_ln0' <Predicate = true> <Delay = 0.00>
ST_14 : Operation 352 [1/1] (0.00ns)   --->   "%empty_138 = specchannel i32 @_ssdm_op_SpecChannel, void @arg0_arg1_streams_1_1_str, i32 1, void @p_str, void @p_str, i32 10, i32 10, i256 %arg0_arg1_streams_1_1, i256 %arg0_arg1_streams_1_1"   --->   Operation 352 'specchannel' 'empty_138' <Predicate = true> <Delay = 0.00>
ST_14 : Operation 353 [1/1] (0.00ns)   --->   "%specinterface_ln0 = specinterface void @_ssdm_op_SpecInterface, i256 %arg0_arg1_streams_1_1, void @empty_36, i32 0, i32 0, void @empty_1, i32 0, i32 0, void @empty_1, void @empty_1, void @empty_1, i32 0, i32 0, i32 0, i32 0, void @empty_1, void @empty_1, i32 4294967295, i32 0"   --->   Operation 353 'specinterface' 'specinterface_ln0' <Predicate = true> <Delay = 0.00>
ST_14 : Operation 354 [1/1] (0.00ns)   --->   "%empty_139 = specchannel i32 @_ssdm_op_SpecChannel, void @arg0_arg1_streams_1_2_str, i32 1, void @p_str, void @p_str, i32 10, i32 10, i256 %arg0_arg1_streams_1_2, i256 %arg0_arg1_streams_1_2"   --->   Operation 354 'specchannel' 'empty_139' <Predicate = true> <Delay = 0.00>
ST_14 : Operation 355 [1/1] (0.00ns)   --->   "%specinterface_ln0 = specinterface void @_ssdm_op_SpecInterface, i256 %arg0_arg1_streams_1_2, void @empty_36, i32 0, i32 0, void @empty_1, i32 0, i32 0, void @empty_1, void @empty_1, void @empty_1, i32 0, i32 0, i32 0, i32 0, void @empty_1, void @empty_1, i32 4294967295, i32 0"   --->   Operation 355 'specinterface' 'specinterface_ln0' <Predicate = true> <Delay = 0.00>
ST_14 : Operation 356 [1/1] (0.00ns)   --->   "%empty_140 = specchannel i32 @_ssdm_op_SpecChannel, void @arg0_arg1_streams_1_3_str, i32 1, void @p_str, void @p_str, i32 10, i32 10, i256 %arg0_arg1_streams_1_3, i256 %arg0_arg1_streams_1_3"   --->   Operation 356 'specchannel' 'empty_140' <Predicate = true> <Delay = 0.00>
ST_14 : Operation 357 [1/1] (0.00ns)   --->   "%specinterface_ln0 = specinterface void @_ssdm_op_SpecInterface, i256 %arg0_arg1_streams_1_3, void @empty_36, i32 0, i32 0, void @empty_1, i32 0, i32 0, void @empty_1, void @empty_1, void @empty_1, i32 0, i32 0, i32 0, i32 0, void @empty_1, void @empty_1, i32 4294967295, i32 0"   --->   Operation 357 'specinterface' 'specinterface_ln0' <Predicate = true> <Delay = 0.00>
ST_14 : Operation 358 [1/1] (0.00ns)   --->   "%empty_141 = specchannel i32 @_ssdm_op_SpecChannel, void @arg0_arg1_streams_1_4_str, i32 1, void @p_str, void @p_str, i32 10, i32 10, i256 %arg0_arg1_streams_1_4, i256 %arg0_arg1_streams_1_4"   --->   Operation 358 'specchannel' 'empty_141' <Predicate = true> <Delay = 0.00>
ST_14 : Operation 359 [1/1] (0.00ns)   --->   "%specinterface_ln0 = specinterface void @_ssdm_op_SpecInterface, i256 %arg0_arg1_streams_1_4, void @empty_36, i32 0, i32 0, void @empty_1, i32 0, i32 0, void @empty_1, void @empty_1, void @empty_1, i32 0, i32 0, i32 0, i32 0, void @empty_1, void @empty_1, i32 4294967295, i32 0"   --->   Operation 359 'specinterface' 'specinterface_ln0' <Predicate = true> <Delay = 0.00>
ST_14 : Operation 360 [1/1] (0.00ns)   --->   "%empty_142 = specchannel i32 @_ssdm_op_SpecChannel, void @arg0_arg1_streams_1_5_str, i32 1, void @p_str, void @p_str, i32 10, i32 10, i256 %arg0_arg1_streams_1_5, i256 %arg0_arg1_streams_1_5"   --->   Operation 360 'specchannel' 'empty_142' <Predicate = true> <Delay = 0.00>
ST_14 : Operation 361 [1/1] (0.00ns)   --->   "%specinterface_ln0 = specinterface void @_ssdm_op_SpecInterface, i256 %arg0_arg1_streams_1_5, void @empty_36, i32 0, i32 0, void @empty_1, i32 0, i32 0, void @empty_1, void @empty_1, void @empty_1, i32 0, i32 0, i32 0, i32 0, void @empty_1, void @empty_1, i32 4294967295, i32 0"   --->   Operation 361 'specinterface' 'specinterface_ln0' <Predicate = true> <Delay = 0.00>
ST_14 : Operation 362 [1/1] (0.00ns)   --->   "%empty_143 = specchannel i32 @_ssdm_op_SpecChannel, void @arg0_arg1_streams_1_6_str, i32 1, void @p_str, void @p_str, i32 10, i32 10, i256 %arg0_arg1_streams_1_6, i256 %arg0_arg1_streams_1_6"   --->   Operation 362 'specchannel' 'empty_143' <Predicate = true> <Delay = 0.00>
ST_14 : Operation 363 [1/1] (0.00ns)   --->   "%specinterface_ln0 = specinterface void @_ssdm_op_SpecInterface, i256 %arg0_arg1_streams_1_6, void @empty_36, i32 0, i32 0, void @empty_1, i32 0, i32 0, void @empty_1, void @empty_1, void @empty_1, i32 0, i32 0, i32 0, i32 0, void @empty_1, void @empty_1, i32 4294967295, i32 0"   --->   Operation 363 'specinterface' 'specinterface_ln0' <Predicate = true> <Delay = 0.00>
ST_14 : Operation 364 [1/1] (0.00ns)   --->   "%empty_144 = specchannel i32 @_ssdm_op_SpecChannel, void @arg0_arg1_streams_1_7_str, i32 1, void @p_str, void @p_str, i32 10, i32 10, i256 %arg0_arg1_streams_1_7, i256 %arg0_arg1_streams_1_7"   --->   Operation 364 'specchannel' 'empty_144' <Predicate = true> <Delay = 0.00>
ST_14 : Operation 365 [1/1] (0.00ns)   --->   "%specinterface_ln0 = specinterface void @_ssdm_op_SpecInterface, i256 %arg0_arg1_streams_1_7, void @empty_36, i32 0, i32 0, void @empty_1, i32 0, i32 0, void @empty_1, void @empty_1, void @empty_1, i32 0, i32 0, i32 0, i32 0, void @empty_1, void @empty_1, i32 4294967295, i32 0"   --->   Operation 365 'specinterface' 'specinterface_ln0' <Predicate = true> <Delay = 0.00>
ST_14 : Operation 366 [1/1] (0.00ns)   --->   "%empty_145 = specchannel i32 @_ssdm_op_SpecChannel, void @arg0_poisson_kernel_stencil_in_subtile_stream_0_0_str, i32 1, void @p_str, void @p_str, i32 2, i32 2, i288 %arg0_poisson_kernel_stencil_in_subtile_stream_0_0, i288 %arg0_poisson_kernel_stencil_in_subtile_stream_0_0"   --->   Operation 366 'specchannel' 'empty_145' <Predicate = true> <Delay = 0.00>
ST_14 : Operation 367 [1/1] (0.00ns)   --->   "%specinterface_ln0 = specinterface void @_ssdm_op_SpecInterface, i288 %arg0_poisson_kernel_stencil_in_subtile_stream_0_0, void @empty_36, i32 0, i32 0, void @empty_1, i32 0, i32 0, void @empty_1, void @empty_1, void @empty_1, i32 0, i32 0, i32 0, i32 0, void @empty_1, void @empty_1, i32 4294967295, i32 0"   --->   Operation 367 'specinterface' 'specinterface_ln0' <Predicate = true> <Delay = 0.00>
ST_14 : Operation 368 [1/1] (0.00ns)   --->   "%empty_146 = specchannel i32 @_ssdm_op_SpecChannel, void @arg0_poisson_kernel_stencil_in_subtile_stream_0_1_str, i32 1, void @p_str, void @p_str, i32 2, i32 2, i288 %arg0_poisson_kernel_stencil_in_subtile_stream_0_1, i288 %arg0_poisson_kernel_stencil_in_subtile_stream_0_1"   --->   Operation 368 'specchannel' 'empty_146' <Predicate = true> <Delay = 0.00>
ST_14 : Operation 369 [1/1] (0.00ns)   --->   "%specinterface_ln0 = specinterface void @_ssdm_op_SpecInterface, i288 %arg0_poisson_kernel_stencil_in_subtile_stream_0_1, void @empty_36, i32 0, i32 0, void @empty_1, i32 0, i32 0, void @empty_1, void @empty_1, void @empty_1, i32 0, i32 0, i32 0, i32 0, void @empty_1, void @empty_1, i32 4294967295, i32 0"   --->   Operation 369 'specinterface' 'specinterface_ln0' <Predicate = true> <Delay = 0.00>
ST_14 : Operation 370 [1/1] (0.00ns)   --->   "%empty_147 = specchannel i32 @_ssdm_op_SpecChannel, void @arg0_poisson_kernel_stencil_in_subtile_stream_0_2_str, i32 1, void @p_str, void @p_str, i32 2, i32 2, i288 %arg0_poisson_kernel_stencil_in_subtile_stream_0_2, i288 %arg0_poisson_kernel_stencil_in_subtile_stream_0_2"   --->   Operation 370 'specchannel' 'empty_147' <Predicate = true> <Delay = 0.00>
ST_14 : Operation 371 [1/1] (0.00ns)   --->   "%specinterface_ln0 = specinterface void @_ssdm_op_SpecInterface, i288 %arg0_poisson_kernel_stencil_in_subtile_stream_0_2, void @empty_36, i32 0, i32 0, void @empty_1, i32 0, i32 0, void @empty_1, void @empty_1, void @empty_1, i32 0, i32 0, i32 0, i32 0, void @empty_1, void @empty_1, i32 4294967295, i32 0"   --->   Operation 371 'specinterface' 'specinterface_ln0' <Predicate = true> <Delay = 0.00>
ST_14 : Operation 372 [1/1] (0.00ns)   --->   "%empty_148 = specchannel i32 @_ssdm_op_SpecChannel, void @arg0_poisson_kernel_stencil_in_subtile_stream_0_3_str, i32 1, void @p_str, void @p_str, i32 2, i32 2, i288 %arg0_poisson_kernel_stencil_in_subtile_stream_0_3, i288 %arg0_poisson_kernel_stencil_in_subtile_stream_0_3"   --->   Operation 372 'specchannel' 'empty_148' <Predicate = true> <Delay = 0.00>
ST_14 : Operation 373 [1/1] (0.00ns)   --->   "%specinterface_ln0 = specinterface void @_ssdm_op_SpecInterface, i288 %arg0_poisson_kernel_stencil_in_subtile_stream_0_3, void @empty_36, i32 0, i32 0, void @empty_1, i32 0, i32 0, void @empty_1, void @empty_1, void @empty_1, i32 0, i32 0, i32 0, i32 0, void @empty_1, void @empty_1, i32 4294967295, i32 0"   --->   Operation 373 'specinterface' 'specinterface_ln0' <Predicate = true> <Delay = 0.00>
ST_14 : Operation 374 [1/1] (0.00ns)   --->   "%empty_149 = specchannel i32 @_ssdm_op_SpecChannel, void @arg0_poisson_kernel_stencil_in_subtile_stream_0_4_str, i32 1, void @p_str, void @p_str, i32 2, i32 2, i288 %arg0_poisson_kernel_stencil_in_subtile_stream_0_4, i288 %arg0_poisson_kernel_stencil_in_subtile_stream_0_4"   --->   Operation 374 'specchannel' 'empty_149' <Predicate = true> <Delay = 0.00>
ST_14 : Operation 375 [1/1] (0.00ns)   --->   "%specinterface_ln0 = specinterface void @_ssdm_op_SpecInterface, i288 %arg0_poisson_kernel_stencil_in_subtile_stream_0_4, void @empty_36, i32 0, i32 0, void @empty_1, i32 0, i32 0, void @empty_1, void @empty_1, void @empty_1, i32 0, i32 0, i32 0, i32 0, void @empty_1, void @empty_1, i32 4294967295, i32 0"   --->   Operation 375 'specinterface' 'specinterface_ln0' <Predicate = true> <Delay = 0.00>
ST_14 : Operation 376 [1/1] (0.00ns)   --->   "%empty_150 = specchannel i32 @_ssdm_op_SpecChannel, void @arg0_poisson_kernel_stencil_in_subtile_stream_0_5_str, i32 1, void @p_str, void @p_str, i32 2, i32 2, i288 %arg0_poisson_kernel_stencil_in_subtile_stream_0_5, i288 %arg0_poisson_kernel_stencil_in_subtile_stream_0_5"   --->   Operation 376 'specchannel' 'empty_150' <Predicate = true> <Delay = 0.00>
ST_14 : Operation 377 [1/1] (0.00ns)   --->   "%specinterface_ln0 = specinterface void @_ssdm_op_SpecInterface, i288 %arg0_poisson_kernel_stencil_in_subtile_stream_0_5, void @empty_36, i32 0, i32 0, void @empty_1, i32 0, i32 0, void @empty_1, void @empty_1, void @empty_1, i32 0, i32 0, i32 0, i32 0, void @empty_1, void @empty_1, i32 4294967295, i32 0"   --->   Operation 377 'specinterface' 'specinterface_ln0' <Predicate = true> <Delay = 0.00>
ST_14 : Operation 378 [1/1] (0.00ns)   --->   "%empty_151 = specchannel i32 @_ssdm_op_SpecChannel, void @arg0_poisson_kernel_stencil_in_subtile_stream_0_6_str, i32 1, void @p_str, void @p_str, i32 2, i32 2, i288 %arg0_poisson_kernel_stencil_in_subtile_stream_0_6, i288 %arg0_poisson_kernel_stencil_in_subtile_stream_0_6"   --->   Operation 378 'specchannel' 'empty_151' <Predicate = true> <Delay = 0.00>
ST_14 : Operation 379 [1/1] (0.00ns)   --->   "%specinterface_ln0 = specinterface void @_ssdm_op_SpecInterface, i288 %arg0_poisson_kernel_stencil_in_subtile_stream_0_6, void @empty_36, i32 0, i32 0, void @empty_1, i32 0, i32 0, void @empty_1, void @empty_1, void @empty_1, i32 0, i32 0, i32 0, i32 0, void @empty_1, void @empty_1, i32 4294967295, i32 0"   --->   Operation 379 'specinterface' 'specinterface_ln0' <Predicate = true> <Delay = 0.00>
ST_14 : Operation 380 [1/1] (0.00ns)   --->   "%empty_152 = specchannel i32 @_ssdm_op_SpecChannel, void @arg0_poisson_kernel_stencil_in_subtile_stream_0_7_str, i32 1, void @p_str, void @p_str, i32 2, i32 2, i288 %arg0_poisson_kernel_stencil_in_subtile_stream_0_7, i288 %arg0_poisson_kernel_stencil_in_subtile_stream_0_7"   --->   Operation 380 'specchannel' 'empty_152' <Predicate = true> <Delay = 0.00>
ST_14 : Operation 381 [1/1] (0.00ns)   --->   "%specinterface_ln0 = specinterface void @_ssdm_op_SpecInterface, i288 %arg0_poisson_kernel_stencil_in_subtile_stream_0_7, void @empty_36, i32 0, i32 0, void @empty_1, i32 0, i32 0, void @empty_1, void @empty_1, void @empty_1, i32 0, i32 0, i32 0, i32 0, void @empty_1, void @empty_1, i32 4294967295, i32 0"   --->   Operation 381 'specinterface' 'specinterface_ln0' <Predicate = true> <Delay = 0.00>
ST_14 : Operation 382 [1/1] (0.00ns)   --->   "%empty_153 = specchannel i32 @_ssdm_op_SpecChannel, void @arg0_poisson_kernel_stencil_in_subtile_stream_1_0_str, i32 1, void @p_str, void @p_str, i32 2, i32 2, i288 %arg0_poisson_kernel_stencil_in_subtile_stream_1_0, i288 %arg0_poisson_kernel_stencil_in_subtile_stream_1_0"   --->   Operation 382 'specchannel' 'empty_153' <Predicate = true> <Delay = 0.00>
ST_14 : Operation 383 [1/1] (0.00ns)   --->   "%specinterface_ln0 = specinterface void @_ssdm_op_SpecInterface, i288 %arg0_poisson_kernel_stencil_in_subtile_stream_1_0, void @empty_36, i32 0, i32 0, void @empty_1, i32 0, i32 0, void @empty_1, void @empty_1, void @empty_1, i32 0, i32 0, i32 0, i32 0, void @empty_1, void @empty_1, i32 4294967295, i32 0"   --->   Operation 383 'specinterface' 'specinterface_ln0' <Predicate = true> <Delay = 0.00>
ST_14 : Operation 384 [1/1] (0.00ns)   --->   "%empty_154 = specchannel i32 @_ssdm_op_SpecChannel, void @arg0_poisson_kernel_stencil_in_subtile_stream_1_1_str, i32 1, void @p_str, void @p_str, i32 2, i32 2, i288 %arg0_poisson_kernel_stencil_in_subtile_stream_1_1, i288 %arg0_poisson_kernel_stencil_in_subtile_stream_1_1"   --->   Operation 384 'specchannel' 'empty_154' <Predicate = true> <Delay = 0.00>
ST_14 : Operation 385 [1/1] (0.00ns)   --->   "%specinterface_ln0 = specinterface void @_ssdm_op_SpecInterface, i288 %arg0_poisson_kernel_stencil_in_subtile_stream_1_1, void @empty_36, i32 0, i32 0, void @empty_1, i32 0, i32 0, void @empty_1, void @empty_1, void @empty_1, i32 0, i32 0, i32 0, i32 0, void @empty_1, void @empty_1, i32 4294967295, i32 0"   --->   Operation 385 'specinterface' 'specinterface_ln0' <Predicate = true> <Delay = 0.00>
ST_14 : Operation 386 [1/1] (0.00ns)   --->   "%empty_155 = specchannel i32 @_ssdm_op_SpecChannel, void @arg0_poisson_kernel_stencil_in_subtile_stream_1_2_str, i32 1, void @p_str, void @p_str, i32 2, i32 2, i288 %arg0_poisson_kernel_stencil_in_subtile_stream_1_2, i288 %arg0_poisson_kernel_stencil_in_subtile_stream_1_2"   --->   Operation 386 'specchannel' 'empty_155' <Predicate = true> <Delay = 0.00>
ST_14 : Operation 387 [1/1] (0.00ns)   --->   "%specinterface_ln0 = specinterface void @_ssdm_op_SpecInterface, i288 %arg0_poisson_kernel_stencil_in_subtile_stream_1_2, void @empty_36, i32 0, i32 0, void @empty_1, i32 0, i32 0, void @empty_1, void @empty_1, void @empty_1, i32 0, i32 0, i32 0, i32 0, void @empty_1, void @empty_1, i32 4294967295, i32 0"   --->   Operation 387 'specinterface' 'specinterface_ln0' <Predicate = true> <Delay = 0.00>
ST_14 : Operation 388 [1/1] (0.00ns)   --->   "%empty_156 = specchannel i32 @_ssdm_op_SpecChannel, void @arg0_poisson_kernel_stencil_in_subtile_stream_1_3_str, i32 1, void @p_str, void @p_str, i32 2, i32 2, i288 %arg0_poisson_kernel_stencil_in_subtile_stream_1_3, i288 %arg0_poisson_kernel_stencil_in_subtile_stream_1_3"   --->   Operation 388 'specchannel' 'empty_156' <Predicate = true> <Delay = 0.00>
ST_14 : Operation 389 [1/1] (0.00ns)   --->   "%specinterface_ln0 = specinterface void @_ssdm_op_SpecInterface, i288 %arg0_poisson_kernel_stencil_in_subtile_stream_1_3, void @empty_36, i32 0, i32 0, void @empty_1, i32 0, i32 0, void @empty_1, void @empty_1, void @empty_1, i32 0, i32 0, i32 0, i32 0, void @empty_1, void @empty_1, i32 4294967295, i32 0"   --->   Operation 389 'specinterface' 'specinterface_ln0' <Predicate = true> <Delay = 0.00>
ST_14 : Operation 390 [1/1] (0.00ns)   --->   "%empty_157 = specchannel i32 @_ssdm_op_SpecChannel, void @arg0_poisson_kernel_stencil_in_subtile_stream_1_4_str, i32 1, void @p_str, void @p_str, i32 2, i32 2, i288 %arg0_poisson_kernel_stencil_in_subtile_stream_1_4, i288 %arg0_poisson_kernel_stencil_in_subtile_stream_1_4"   --->   Operation 390 'specchannel' 'empty_157' <Predicate = true> <Delay = 0.00>
ST_14 : Operation 391 [1/1] (0.00ns)   --->   "%specinterface_ln0 = specinterface void @_ssdm_op_SpecInterface, i288 %arg0_poisson_kernel_stencil_in_subtile_stream_1_4, void @empty_36, i32 0, i32 0, void @empty_1, i32 0, i32 0, void @empty_1, void @empty_1, void @empty_1, i32 0, i32 0, i32 0, i32 0, void @empty_1, void @empty_1, i32 4294967295, i32 0"   --->   Operation 391 'specinterface' 'specinterface_ln0' <Predicate = true> <Delay = 0.00>
ST_14 : Operation 392 [1/1] (0.00ns)   --->   "%empty_158 = specchannel i32 @_ssdm_op_SpecChannel, void @arg0_poisson_kernel_stencil_in_subtile_stream_1_5_str, i32 1, void @p_str, void @p_str, i32 2, i32 2, i288 %arg0_poisson_kernel_stencil_in_subtile_stream_1_5, i288 %arg0_poisson_kernel_stencil_in_subtile_stream_1_5"   --->   Operation 392 'specchannel' 'empty_158' <Predicate = true> <Delay = 0.00>
ST_14 : Operation 393 [1/1] (0.00ns)   --->   "%specinterface_ln0 = specinterface void @_ssdm_op_SpecInterface, i288 %arg0_poisson_kernel_stencil_in_subtile_stream_1_5, void @empty_36, i32 0, i32 0, void @empty_1, i32 0, i32 0, void @empty_1, void @empty_1, void @empty_1, i32 0, i32 0, i32 0, i32 0, void @empty_1, void @empty_1, i32 4294967295, i32 0"   --->   Operation 393 'specinterface' 'specinterface_ln0' <Predicate = true> <Delay = 0.00>
ST_14 : Operation 394 [1/1] (0.00ns)   --->   "%empty_159 = specchannel i32 @_ssdm_op_SpecChannel, void @arg0_poisson_kernel_stencil_in_subtile_stream_1_6_str, i32 1, void @p_str, void @p_str, i32 2, i32 2, i288 %arg0_poisson_kernel_stencil_in_subtile_stream_1_6, i288 %arg0_poisson_kernel_stencil_in_subtile_stream_1_6"   --->   Operation 394 'specchannel' 'empty_159' <Predicate = true> <Delay = 0.00>
ST_14 : Operation 395 [1/1] (0.00ns)   --->   "%specinterface_ln0 = specinterface void @_ssdm_op_SpecInterface, i288 %arg0_poisson_kernel_stencil_in_subtile_stream_1_6, void @empty_36, i32 0, i32 0, void @empty_1, i32 0, i32 0, void @empty_1, void @empty_1, void @empty_1, i32 0, i32 0, i32 0, i32 0, void @empty_1, void @empty_1, i32 4294967295, i32 0"   --->   Operation 395 'specinterface' 'specinterface_ln0' <Predicate = true> <Delay = 0.00>
ST_14 : Operation 396 [1/1] (0.00ns)   --->   "%empty_160 = specchannel i32 @_ssdm_op_SpecChannel, void @arg0_poisson_kernel_stencil_in_subtile_stream_1_7_str, i32 1, void @p_str, void @p_str, i32 2, i32 2, i288 %arg0_poisson_kernel_stencil_in_subtile_stream_1_7, i288 %arg0_poisson_kernel_stencil_in_subtile_stream_1_7"   --->   Operation 396 'specchannel' 'empty_160' <Predicate = true> <Delay = 0.00>
ST_14 : Operation 397 [1/1] (0.00ns)   --->   "%specinterface_ln0 = specinterface void @_ssdm_op_SpecInterface, i288 %arg0_poisson_kernel_stencil_in_subtile_stream_1_7, void @empty_36, i32 0, i32 0, void @empty_1, i32 0, i32 0, void @empty_1, void @empty_1, void @empty_1, i32 0, i32 0, i32 0, i32 0, void @empty_1, void @empty_1, i32 4294967295, i32 0"   --->   Operation 397 'specinterface' 'specinterface_ln0' <Predicate = true> <Delay = 0.00>
ST_14 : Operation 398 [1/1] (0.00ns)   --->   "%empty_161 = specchannel i32 @_ssdm_op_SpecChannel, void @arg1_poisson_kernel_stencil_out_subtile_stream_0_0_str, i32 1, void @p_str, void @p_str, i32 2, i32 2, i288 %arg1_poisson_kernel_stencil_out_subtile_stream_0_0, i288 %arg1_poisson_kernel_stencil_out_subtile_stream_0_0"   --->   Operation 398 'specchannel' 'empty_161' <Predicate = true> <Delay = 0.00>
ST_14 : Operation 399 [1/1] (0.00ns)   --->   "%specinterface_ln0 = specinterface void @_ssdm_op_SpecInterface, i288 %arg1_poisson_kernel_stencil_out_subtile_stream_0_0, void @empty_36, i32 0, i32 0, void @empty_1, i32 0, i32 0, void @empty_1, void @empty_1, void @empty_1, i32 0, i32 0, i32 0, i32 0, void @empty_1, void @empty_1, i32 4294967295, i32 0"   --->   Operation 399 'specinterface' 'specinterface_ln0' <Predicate = true> <Delay = 0.00>
ST_14 : Operation 400 [1/1] (0.00ns)   --->   "%empty_162 = specchannel i32 @_ssdm_op_SpecChannel, void @arg1_poisson_kernel_stencil_out_subtile_stream_0_1_str, i32 1, void @p_str, void @p_str, i32 2, i32 2, i288 %arg1_poisson_kernel_stencil_out_subtile_stream_0_1, i288 %arg1_poisson_kernel_stencil_out_subtile_stream_0_1"   --->   Operation 400 'specchannel' 'empty_162' <Predicate = true> <Delay = 0.00>
ST_14 : Operation 401 [1/1] (0.00ns)   --->   "%specinterface_ln0 = specinterface void @_ssdm_op_SpecInterface, i288 %arg1_poisson_kernel_stencil_out_subtile_stream_0_1, void @empty_36, i32 0, i32 0, void @empty_1, i32 0, i32 0, void @empty_1, void @empty_1, void @empty_1, i32 0, i32 0, i32 0, i32 0, void @empty_1, void @empty_1, i32 4294967295, i32 0"   --->   Operation 401 'specinterface' 'specinterface_ln0' <Predicate = true> <Delay = 0.00>
ST_14 : Operation 402 [1/1] (0.00ns)   --->   "%empty_163 = specchannel i32 @_ssdm_op_SpecChannel, void @arg1_poisson_kernel_stencil_out_subtile_stream_0_2_str, i32 1, void @p_str, void @p_str, i32 2, i32 2, i288 %arg1_poisson_kernel_stencil_out_subtile_stream_0_2, i288 %arg1_poisson_kernel_stencil_out_subtile_stream_0_2"   --->   Operation 402 'specchannel' 'empty_163' <Predicate = true> <Delay = 0.00>
ST_14 : Operation 403 [1/1] (0.00ns)   --->   "%specinterface_ln0 = specinterface void @_ssdm_op_SpecInterface, i288 %arg1_poisson_kernel_stencil_out_subtile_stream_0_2, void @empty_36, i32 0, i32 0, void @empty_1, i32 0, i32 0, void @empty_1, void @empty_1, void @empty_1, i32 0, i32 0, i32 0, i32 0, void @empty_1, void @empty_1, i32 4294967295, i32 0"   --->   Operation 403 'specinterface' 'specinterface_ln0' <Predicate = true> <Delay = 0.00>
ST_14 : Operation 404 [1/1] (0.00ns)   --->   "%empty_164 = specchannel i32 @_ssdm_op_SpecChannel, void @arg1_poisson_kernel_stencil_out_subtile_stream_0_3_str, i32 1, void @p_str, void @p_str, i32 2, i32 2, i288 %arg1_poisson_kernel_stencil_out_subtile_stream_0_3, i288 %arg1_poisson_kernel_stencil_out_subtile_stream_0_3"   --->   Operation 404 'specchannel' 'empty_164' <Predicate = true> <Delay = 0.00>
ST_14 : Operation 405 [1/1] (0.00ns)   --->   "%specinterface_ln0 = specinterface void @_ssdm_op_SpecInterface, i288 %arg1_poisson_kernel_stencil_out_subtile_stream_0_3, void @empty_36, i32 0, i32 0, void @empty_1, i32 0, i32 0, void @empty_1, void @empty_1, void @empty_1, i32 0, i32 0, i32 0, i32 0, void @empty_1, void @empty_1, i32 4294967295, i32 0"   --->   Operation 405 'specinterface' 'specinterface_ln0' <Predicate = true> <Delay = 0.00>
ST_14 : Operation 406 [1/1] (0.00ns)   --->   "%empty_165 = specchannel i32 @_ssdm_op_SpecChannel, void @arg1_poisson_kernel_stencil_out_subtile_stream_0_4_str, i32 1, void @p_str, void @p_str, i32 2, i32 2, i288 %arg1_poisson_kernel_stencil_out_subtile_stream_0_4, i288 %arg1_poisson_kernel_stencil_out_subtile_stream_0_4"   --->   Operation 406 'specchannel' 'empty_165' <Predicate = true> <Delay = 0.00>
ST_14 : Operation 407 [1/1] (0.00ns)   --->   "%specinterface_ln0 = specinterface void @_ssdm_op_SpecInterface, i288 %arg1_poisson_kernel_stencil_out_subtile_stream_0_4, void @empty_36, i32 0, i32 0, void @empty_1, i32 0, i32 0, void @empty_1, void @empty_1, void @empty_1, i32 0, i32 0, i32 0, i32 0, void @empty_1, void @empty_1, i32 4294967295, i32 0"   --->   Operation 407 'specinterface' 'specinterface_ln0' <Predicate = true> <Delay = 0.00>
ST_14 : Operation 408 [1/1] (0.00ns)   --->   "%empty_166 = specchannel i32 @_ssdm_op_SpecChannel, void @arg1_poisson_kernel_stencil_out_subtile_stream_0_5_str, i32 1, void @p_str, void @p_str, i32 2, i32 2, i288 %arg1_poisson_kernel_stencil_out_subtile_stream_0_5, i288 %arg1_poisson_kernel_stencil_out_subtile_stream_0_5"   --->   Operation 408 'specchannel' 'empty_166' <Predicate = true> <Delay = 0.00>
ST_14 : Operation 409 [1/1] (0.00ns)   --->   "%specinterface_ln0 = specinterface void @_ssdm_op_SpecInterface, i288 %arg1_poisson_kernel_stencil_out_subtile_stream_0_5, void @empty_36, i32 0, i32 0, void @empty_1, i32 0, i32 0, void @empty_1, void @empty_1, void @empty_1, i32 0, i32 0, i32 0, i32 0, void @empty_1, void @empty_1, i32 4294967295, i32 0"   --->   Operation 409 'specinterface' 'specinterface_ln0' <Predicate = true> <Delay = 0.00>
ST_14 : Operation 410 [1/1] (0.00ns)   --->   "%empty_167 = specchannel i32 @_ssdm_op_SpecChannel, void @arg1_poisson_kernel_stencil_out_subtile_stream_0_6_str, i32 1, void @p_str, void @p_str, i32 2, i32 2, i288 %arg1_poisson_kernel_stencil_out_subtile_stream_0_6, i288 %arg1_poisson_kernel_stencil_out_subtile_stream_0_6"   --->   Operation 410 'specchannel' 'empty_167' <Predicate = true> <Delay = 0.00>
ST_14 : Operation 411 [1/1] (0.00ns)   --->   "%specinterface_ln0 = specinterface void @_ssdm_op_SpecInterface, i288 %arg1_poisson_kernel_stencil_out_subtile_stream_0_6, void @empty_36, i32 0, i32 0, void @empty_1, i32 0, i32 0, void @empty_1, void @empty_1, void @empty_1, i32 0, i32 0, i32 0, i32 0, void @empty_1, void @empty_1, i32 4294967295, i32 0"   --->   Operation 411 'specinterface' 'specinterface_ln0' <Predicate = true> <Delay = 0.00>
ST_14 : Operation 412 [1/1] (0.00ns)   --->   "%empty_168 = specchannel i32 @_ssdm_op_SpecChannel, void @arg1_poisson_kernel_stencil_out_subtile_stream_0_7_str, i32 1, void @p_str, void @p_str, i32 2, i32 2, i288 %arg1_poisson_kernel_stencil_out_subtile_stream_0_7, i288 %arg1_poisson_kernel_stencil_out_subtile_stream_0_7"   --->   Operation 412 'specchannel' 'empty_168' <Predicate = true> <Delay = 0.00>
ST_14 : Operation 413 [1/1] (0.00ns)   --->   "%specinterface_ln0 = specinterface void @_ssdm_op_SpecInterface, i288 %arg1_poisson_kernel_stencil_out_subtile_stream_0_7, void @empty_36, i32 0, i32 0, void @empty_1, i32 0, i32 0, void @empty_1, void @empty_1, void @empty_1, i32 0, i32 0, i32 0, i32 0, void @empty_1, void @empty_1, i32 4294967295, i32 0"   --->   Operation 413 'specinterface' 'specinterface_ln0' <Predicate = true> <Delay = 0.00>
ST_14 : Operation 414 [1/1] (0.00ns)   --->   "%empty_169 = specchannel i32 @_ssdm_op_SpecChannel, void @arg1_poisson_kernel_stencil_out_subtile_stream_1_0_str, i32 1, void @p_str, void @p_str, i32 2, i32 2, i288 %arg1_poisson_kernel_stencil_out_subtile_stream_1_0, i288 %arg1_poisson_kernel_stencil_out_subtile_stream_1_0"   --->   Operation 414 'specchannel' 'empty_169' <Predicate = true> <Delay = 0.00>
ST_14 : Operation 415 [1/1] (0.00ns)   --->   "%specinterface_ln0 = specinterface void @_ssdm_op_SpecInterface, i288 %arg1_poisson_kernel_stencil_out_subtile_stream_1_0, void @empty_36, i32 0, i32 0, void @empty_1, i32 0, i32 0, void @empty_1, void @empty_1, void @empty_1, i32 0, i32 0, i32 0, i32 0, void @empty_1, void @empty_1, i32 4294967295, i32 0"   --->   Operation 415 'specinterface' 'specinterface_ln0' <Predicate = true> <Delay = 0.00>
ST_14 : Operation 416 [1/1] (0.00ns)   --->   "%empty_170 = specchannel i32 @_ssdm_op_SpecChannel, void @arg1_poisson_kernel_stencil_out_subtile_stream_1_1_str, i32 1, void @p_str, void @p_str, i32 2, i32 2, i288 %arg1_poisson_kernel_stencil_out_subtile_stream_1_1, i288 %arg1_poisson_kernel_stencil_out_subtile_stream_1_1"   --->   Operation 416 'specchannel' 'empty_170' <Predicate = true> <Delay = 0.00>
ST_14 : Operation 417 [1/1] (0.00ns)   --->   "%specinterface_ln0 = specinterface void @_ssdm_op_SpecInterface, i288 %arg1_poisson_kernel_stencil_out_subtile_stream_1_1, void @empty_36, i32 0, i32 0, void @empty_1, i32 0, i32 0, void @empty_1, void @empty_1, void @empty_1, i32 0, i32 0, i32 0, i32 0, void @empty_1, void @empty_1, i32 4294967295, i32 0"   --->   Operation 417 'specinterface' 'specinterface_ln0' <Predicate = true> <Delay = 0.00>
ST_14 : Operation 418 [1/1] (0.00ns)   --->   "%empty_171 = specchannel i32 @_ssdm_op_SpecChannel, void @arg1_poisson_kernel_stencil_out_subtile_stream_1_2_str, i32 1, void @p_str, void @p_str, i32 2, i32 2, i288 %arg1_poisson_kernel_stencil_out_subtile_stream_1_2, i288 %arg1_poisson_kernel_stencil_out_subtile_stream_1_2"   --->   Operation 418 'specchannel' 'empty_171' <Predicate = true> <Delay = 0.00>
ST_14 : Operation 419 [1/1] (0.00ns)   --->   "%specinterface_ln0 = specinterface void @_ssdm_op_SpecInterface, i288 %arg1_poisson_kernel_stencil_out_subtile_stream_1_2, void @empty_36, i32 0, i32 0, void @empty_1, i32 0, i32 0, void @empty_1, void @empty_1, void @empty_1, i32 0, i32 0, i32 0, i32 0, void @empty_1, void @empty_1, i32 4294967295, i32 0"   --->   Operation 419 'specinterface' 'specinterface_ln0' <Predicate = true> <Delay = 0.00>
ST_14 : Operation 420 [1/1] (0.00ns)   --->   "%empty_172 = specchannel i32 @_ssdm_op_SpecChannel, void @arg1_poisson_kernel_stencil_out_subtile_stream_1_3_str, i32 1, void @p_str, void @p_str, i32 2, i32 2, i288 %arg1_poisson_kernel_stencil_out_subtile_stream_1_3, i288 %arg1_poisson_kernel_stencil_out_subtile_stream_1_3"   --->   Operation 420 'specchannel' 'empty_172' <Predicate = true> <Delay = 0.00>
ST_14 : Operation 421 [1/1] (0.00ns)   --->   "%specinterface_ln0 = specinterface void @_ssdm_op_SpecInterface, i288 %arg1_poisson_kernel_stencil_out_subtile_stream_1_3, void @empty_36, i32 0, i32 0, void @empty_1, i32 0, i32 0, void @empty_1, void @empty_1, void @empty_1, i32 0, i32 0, i32 0, i32 0, void @empty_1, void @empty_1, i32 4294967295, i32 0"   --->   Operation 421 'specinterface' 'specinterface_ln0' <Predicate = true> <Delay = 0.00>
ST_14 : Operation 422 [1/1] (0.00ns)   --->   "%empty_173 = specchannel i32 @_ssdm_op_SpecChannel, void @arg1_poisson_kernel_stencil_out_subtile_stream_1_4_str, i32 1, void @p_str, void @p_str, i32 2, i32 2, i288 %arg1_poisson_kernel_stencil_out_subtile_stream_1_4, i288 %arg1_poisson_kernel_stencil_out_subtile_stream_1_4"   --->   Operation 422 'specchannel' 'empty_173' <Predicate = true> <Delay = 0.00>
ST_14 : Operation 423 [1/1] (0.00ns)   --->   "%specinterface_ln0 = specinterface void @_ssdm_op_SpecInterface, i288 %arg1_poisson_kernel_stencil_out_subtile_stream_1_4, void @empty_36, i32 0, i32 0, void @empty_1, i32 0, i32 0, void @empty_1, void @empty_1, void @empty_1, i32 0, i32 0, i32 0, i32 0, void @empty_1, void @empty_1, i32 4294967295, i32 0"   --->   Operation 423 'specinterface' 'specinterface_ln0' <Predicate = true> <Delay = 0.00>
ST_14 : Operation 424 [1/1] (0.00ns)   --->   "%empty_174 = specchannel i32 @_ssdm_op_SpecChannel, void @arg1_poisson_kernel_stencil_out_subtile_stream_1_5_str, i32 1, void @p_str, void @p_str, i32 2, i32 2, i288 %arg1_poisson_kernel_stencil_out_subtile_stream_1_5, i288 %arg1_poisson_kernel_stencil_out_subtile_stream_1_5"   --->   Operation 424 'specchannel' 'empty_174' <Predicate = true> <Delay = 0.00>
ST_14 : Operation 425 [1/1] (0.00ns)   --->   "%specinterface_ln0 = specinterface void @_ssdm_op_SpecInterface, i288 %arg1_poisson_kernel_stencil_out_subtile_stream_1_5, void @empty_36, i32 0, i32 0, void @empty_1, i32 0, i32 0, void @empty_1, void @empty_1, void @empty_1, i32 0, i32 0, i32 0, i32 0, void @empty_1, void @empty_1, i32 4294967295, i32 0"   --->   Operation 425 'specinterface' 'specinterface_ln0' <Predicate = true> <Delay = 0.00>
ST_14 : Operation 426 [1/1] (0.00ns)   --->   "%empty_175 = specchannel i32 @_ssdm_op_SpecChannel, void @arg1_poisson_kernel_stencil_out_subtile_stream_1_6_str, i32 1, void @p_str, void @p_str, i32 2, i32 2, i288 %arg1_poisson_kernel_stencil_out_subtile_stream_1_6, i288 %arg1_poisson_kernel_stencil_out_subtile_stream_1_6"   --->   Operation 426 'specchannel' 'empty_175' <Predicate = true> <Delay = 0.00>
ST_14 : Operation 427 [1/1] (0.00ns)   --->   "%specinterface_ln0 = specinterface void @_ssdm_op_SpecInterface, i288 %arg1_poisson_kernel_stencil_out_subtile_stream_1_6, void @empty_36, i32 0, i32 0, void @empty_1, i32 0, i32 0, void @empty_1, void @empty_1, void @empty_1, i32 0, i32 0, i32 0, i32 0, void @empty_1, void @empty_1, i32 4294967295, i32 0"   --->   Operation 427 'specinterface' 'specinterface_ln0' <Predicate = true> <Delay = 0.00>
ST_14 : Operation 428 [1/1] (0.00ns)   --->   "%empty_176 = specchannel i32 @_ssdm_op_SpecChannel, void @arg1_poisson_kernel_stencil_out_subtile_stream_1_7_str, i32 1, void @p_str, void @p_str, i32 2, i32 2, i288 %arg1_poisson_kernel_stencil_out_subtile_stream_1_7, i288 %arg1_poisson_kernel_stencil_out_subtile_stream_1_7"   --->   Operation 428 'specchannel' 'empty_176' <Predicate = true> <Delay = 0.00>
ST_14 : Operation 429 [1/1] (0.00ns)   --->   "%specinterface_ln0 = specinterface void @_ssdm_op_SpecInterface, i288 %arg1_poisson_kernel_stencil_out_subtile_stream_1_7, void @empty_36, i32 0, i32 0, void @empty_1, i32 0, i32 0, void @empty_1, void @empty_1, void @empty_1, i32 0, i32 0, i32 0, i32 0, void @empty_1, void @empty_1, i32 4294967295, i32 0"   --->   Operation 429 'specinterface' 'specinterface_ln0' <Predicate = true> <Delay = 0.00>
ST_14 : Operation 430 [1/2] (0.00ns)   --->   "%call_ln202 = call void @stream2axis<256u>, i256 %arg0_arg1_streams_1_0, i256 %arg1_0_axis_out_V_data_V, i32 %arg1_0_axis_out_V_keep_V, i32 %arg1_0_axis_out_V_strb_V, i1 %arg1_0_axis_out_V_last_V, i29 %num_pkts_c106" [/home/x_thileeb/repos/ops-hls-batching-new/codegen_apps/tiling/poisson2d/u280_project/maxtile_8192_interleave_p8/hls/device/src/kernel_outerloop_0_0.cpp:202]   --->   Operation 430 'call' 'call_ln202' <Predicate = true> <Delay = 0.00> <CoreType = "Generic">   --->   Core 0 '' <Latency = 0> <II = 1> <Delay = 1.00> <Generic> <Opcode : >
ST_14 : Operation 431 [1/2] (0.00ns)   --->   "%call_ln203 = call void @stream2axis<256u>.12, i256 %arg0_arg1_streams_1_1, i256 %arg1_1_axis_out_V_data_V, i32 %arg1_1_axis_out_V_keep_V, i32 %arg1_1_axis_out_V_strb_V, i1 %arg1_1_axis_out_V_last_V, i29 %num_pkts_c105" [/home/x_thileeb/repos/ops-hls-batching-new/codegen_apps/tiling/poisson2d/u280_project/maxtile_8192_interleave_p8/hls/device/src/kernel_outerloop_0_0.cpp:203]   --->   Operation 431 'call' 'call_ln203' <Predicate = true> <Delay = 0.00> <CoreType = "Generic">   --->   Core 0 '' <Latency = 0> <II = 1> <Delay = 1.00> <Generic> <Opcode : >
ST_14 : Operation 432 [1/2] (0.00ns)   --->   "%call_ln204 = call void @stream2axis<256u>.13, i256 %arg0_arg1_streams_1_2, i256 %arg1_2_axis_out_V_data_V, i32 %arg1_2_axis_out_V_keep_V, i32 %arg1_2_axis_out_V_strb_V, i1 %arg1_2_axis_out_V_last_V, i29 %num_pkts_c104" [/home/x_thileeb/repos/ops-hls-batching-new/codegen_apps/tiling/poisson2d/u280_project/maxtile_8192_interleave_p8/hls/device/src/kernel_outerloop_0_0.cpp:204]   --->   Operation 432 'call' 'call_ln204' <Predicate = true> <Delay = 0.00> <CoreType = "Generic">   --->   Core 0 '' <Latency = 0> <II = 1> <Delay = 1.00> <Generic> <Opcode : >
ST_14 : Operation 433 [1/2] (0.00ns)   --->   "%call_ln205 = call void @stream2axis<256u>.14, i256 %arg0_arg1_streams_1_3, i256 %arg1_3_axis_out_V_data_V, i32 %arg1_3_axis_out_V_keep_V, i32 %arg1_3_axis_out_V_strb_V, i1 %arg1_3_axis_out_V_last_V, i29 %num_pkts_c103" [/home/x_thileeb/repos/ops-hls-batching-new/codegen_apps/tiling/poisson2d/u280_project/maxtile_8192_interleave_p8/hls/device/src/kernel_outerloop_0_0.cpp:205]   --->   Operation 433 'call' 'call_ln205' <Predicate = true> <Delay = 0.00> <CoreType = "Generic">   --->   Core 0 '' <Latency = 0> <II = 1> <Delay = 1.00> <Generic> <Opcode : >
ST_14 : Operation 434 [1/2] (0.00ns)   --->   "%call_ln206 = call void @stream2axis<256u>.15, i256 %arg0_arg1_streams_1_4, i256 %arg1_4_axis_out_V_data_V, i32 %arg1_4_axis_out_V_keep_V, i32 %arg1_4_axis_out_V_strb_V, i1 %arg1_4_axis_out_V_last_V, i29 %num_pkts_c102" [/home/x_thileeb/repos/ops-hls-batching-new/codegen_apps/tiling/poisson2d/u280_project/maxtile_8192_interleave_p8/hls/device/src/kernel_outerloop_0_0.cpp:206]   --->   Operation 434 'call' 'call_ln206' <Predicate = true> <Delay = 0.00> <CoreType = "Generic">   --->   Core 0 '' <Latency = 0> <II = 1> <Delay = 1.00> <Generic> <Opcode : >
ST_14 : Operation 435 [1/2] (0.00ns)   --->   "%call_ln207 = call void @stream2axis<256u>.16, i256 %arg0_arg1_streams_1_5, i256 %arg1_5_axis_out_V_data_V, i32 %arg1_5_axis_out_V_keep_V, i32 %arg1_5_axis_out_V_strb_V, i1 %arg1_5_axis_out_V_last_V, i29 %num_pkts_c101" [/home/x_thileeb/repos/ops-hls-batching-new/codegen_apps/tiling/poisson2d/u280_project/maxtile_8192_interleave_p8/hls/device/src/kernel_outerloop_0_0.cpp:207]   --->   Operation 435 'call' 'call_ln207' <Predicate = true> <Delay = 0.00> <CoreType = "Generic">   --->   Core 0 '' <Latency = 0> <II = 1> <Delay = 1.00> <Generic> <Opcode : >
ST_14 : Operation 436 [1/2] (0.00ns)   --->   "%call_ln208 = call void @stream2axis<256u>.17, i256 %arg0_arg1_streams_1_6, i256 %arg1_6_axis_out_V_data_V, i32 %arg1_6_axis_out_V_keep_V, i32 %arg1_6_axis_out_V_strb_V, i1 %arg1_6_axis_out_V_last_V, i29 %num_pkts_c100" [/home/x_thileeb/repos/ops-hls-batching-new/codegen_apps/tiling/poisson2d/u280_project/maxtile_8192_interleave_p8/hls/device/src/kernel_outerloop_0_0.cpp:208]   --->   Operation 436 'call' 'call_ln208' <Predicate = true> <Delay = 0.00> <CoreType = "Generic">   --->   Core 0 '' <Latency = 0> <II = 1> <Delay = 1.00> <Generic> <Opcode : >
ST_14 : Operation 437 [1/2] (0.00ns)   --->   "%call_ln209 = call void @stream2axis<256u>.18, i256 %arg0_arg1_streams_1_7, i256 %arg1_7_axis_out_V_data_V, i32 %arg1_7_axis_out_V_keep_V, i32 %arg1_7_axis_out_V_strb_V, i1 %arg1_7_axis_out_V_last_V, i29 %num_pkts_c" [/home/x_thileeb/repos/ops-hls-batching-new/codegen_apps/tiling/poisson2d/u280_project/maxtile_8192_interleave_p8/hls/device/src/kernel_outerloop_0_0.cpp:209]   --->   Operation 437 'call' 'call_ln209' <Predicate = true> <Delay = 0.00> <CoreType = "Generic">   --->   Core 0 '' <Latency = 0> <II = 1> <Delay = 1.00> <Generic> <Opcode : >
ST_14 : Operation 438 [1/1] (0.00ns)   --->   "%ret_ln211 = ret" [/home/x_thileeb/repos/ops-hls-batching-new/codegen_apps/tiling/poisson2d/u280_project/maxtile_8192_interleave_p8/hls/device/src/kernel_outerloop_0_0.cpp:211]   --->   Operation 438 'ret' 'ret_ln211' <Predicate = true> <Delay = 0.00>


============================================================
+ Verbose Summary: Binding
============================================================
STG Binding: 
---------------- STG Properties BEGIN ----------------
- Is combinational: 0
- Is one-state seq: 0
- Is datapath-only: 0
- Is pipelined: 0
- Is top level: 0
Port [ Return ] is wired: 1; IO mode=ap_ctrl_hs:ce=0
Port [ p_read]:  wired=1; compound=0; hidden=0; nouse=0; global=0; static=0; extern=0; dir=0; type=0; pingpong=0; private_global=0; IO mode=ap_none:ce=0
Port [ p_read1]:  wired=1; compound=0; hidden=0; nouse=0; global=0; static=0; extern=0; dir=0; type=0; pingpong=0; private_global=0; IO mode=ap_none:ce=0
Port [ p_read2]:  wired=1; compound=0; hidden=0; nouse=0; global=0; static=0; extern=0; dir=0; type=0; pingpong=0; private_global=0; IO mode=ap_none:ce=0
Port [ p_read3]:  wired=1; compound=0; hidden=0; nouse=0; global=0; static=0; extern=0; dir=0; type=0; pingpong=0; private_global=0; IO mode=ap_none:ce=0
Port [ p_read4]:  wired=1; compound=0; hidden=0; nouse=0; global=0; static=0; extern=0; dir=0; type=0; pingpong=0; private_global=0; IO mode=ap_none:ce=0
Port [ p_read5]:  wired=1; compound=0; hidden=0; nouse=0; global=0; static=0; extern=0; dir=0; type=0; pingpong=0; private_global=0; IO mode=ap_none:ce=0
Port [ p_read6]:  wired=1; compound=0; hidden=0; nouse=0; global=0; static=0; extern=0; dir=0; type=0; pingpong=0; private_global=0; IO mode=ap_none:ce=0
Port [ num_pkts]:  wired=1; compound=0; hidden=0; nouse=0; global=0; static=0; extern=0; dir=0; type=0; pingpong=0; private_global=0; IO mode=ap_none:ce=0
Port [ arg0_0_axis_in_V_data_V]:  wired=1; compound=1; hidden=0; nouse=0; global=0; static=0; extern=0; dir=0; type=0; pingpong=0; private_global=0; IO mode=axis:ce=0
Port [ arg0_0_axis_in_V_keep_V]:  wired=1; compound=1; hidden=0; nouse=0; global=0; static=0; extern=0; dir=0; type=0; pingpong=0; private_global=0; IO mode=axis:ce=0
Port [ arg0_0_axis_in_V_strb_V]:  wired=1; compound=1; hidden=0; nouse=0; global=0; static=0; extern=0; dir=0; type=0; pingpong=0; private_global=0; IO mode=axis:ce=0
Port [ arg0_0_axis_in_V_last_V]:  wired=1; compound=1; hidden=0; nouse=0; global=0; static=0; extern=0; dir=0; type=0; pingpong=0; private_global=0; IO mode=axis:ce=0
Port [ arg0_1_axis_in_V_data_V]:  wired=1; compound=1; hidden=0; nouse=0; global=0; static=0; extern=0; dir=0; type=0; pingpong=0; private_global=0; IO mode=axis:ce=0
Port [ arg0_1_axis_in_V_keep_V]:  wired=1; compound=1; hidden=0; nouse=0; global=0; static=0; extern=0; dir=0; type=0; pingpong=0; private_global=0; IO mode=axis:ce=0
Port [ arg0_1_axis_in_V_strb_V]:  wired=1; compound=1; hidden=0; nouse=0; global=0; static=0; extern=0; dir=0; type=0; pingpong=0; private_global=0; IO mode=axis:ce=0
Port [ arg0_1_axis_in_V_last_V]:  wired=1; compound=1; hidden=0; nouse=0; global=0; static=0; extern=0; dir=0; type=0; pingpong=0; private_global=0; IO mode=axis:ce=0
Port [ arg0_2_axis_in_V_data_V]:  wired=1; compound=1; hidden=0; nouse=0; global=0; static=0; extern=0; dir=0; type=0; pingpong=0; private_global=0; IO mode=axis:ce=0
Port [ arg0_2_axis_in_V_keep_V]:  wired=1; compound=1; hidden=0; nouse=0; global=0; static=0; extern=0; dir=0; type=0; pingpong=0; private_global=0; IO mode=axis:ce=0
Port [ arg0_2_axis_in_V_strb_V]:  wired=1; compound=1; hidden=0; nouse=0; global=0; static=0; extern=0; dir=0; type=0; pingpong=0; private_global=0; IO mode=axis:ce=0
Port [ arg0_2_axis_in_V_last_V]:  wired=1; compound=1; hidden=0; nouse=0; global=0; static=0; extern=0; dir=0; type=0; pingpong=0; private_global=0; IO mode=axis:ce=0
Port [ arg0_3_axis_in_V_data_V]:  wired=1; compound=1; hidden=0; nouse=0; global=0; static=0; extern=0; dir=0; type=0; pingpong=0; private_global=0; IO mode=axis:ce=0
Port [ arg0_3_axis_in_V_keep_V]:  wired=1; compound=1; hidden=0; nouse=0; global=0; static=0; extern=0; dir=0; type=0; pingpong=0; private_global=0; IO mode=axis:ce=0
Port [ arg0_3_axis_in_V_strb_V]:  wired=1; compound=1; hidden=0; nouse=0; global=0; static=0; extern=0; dir=0; type=0; pingpong=0; private_global=0; IO mode=axis:ce=0
Port [ arg0_3_axis_in_V_last_V]:  wired=1; compound=1; hidden=0; nouse=0; global=0; static=0; extern=0; dir=0; type=0; pingpong=0; private_global=0; IO mode=axis:ce=0
Port [ arg0_4_axis_in_V_data_V]:  wired=1; compound=1; hidden=0; nouse=0; global=0; static=0; extern=0; dir=0; type=0; pingpong=0; private_global=0; IO mode=axis:ce=0
Port [ arg0_4_axis_in_V_keep_V]:  wired=1; compound=1; hidden=0; nouse=0; global=0; static=0; extern=0; dir=0; type=0; pingpong=0; private_global=0; IO mode=axis:ce=0
Port [ arg0_4_axis_in_V_strb_V]:  wired=1; compound=1; hidden=0; nouse=0; global=0; static=0; extern=0; dir=0; type=0; pingpong=0; private_global=0; IO mode=axis:ce=0
Port [ arg0_4_axis_in_V_last_V]:  wired=1; compound=1; hidden=0; nouse=0; global=0; static=0; extern=0; dir=0; type=0; pingpong=0; private_global=0; IO mode=axis:ce=0
Port [ arg0_5_axis_in_V_data_V]:  wired=1; compound=1; hidden=0; nouse=0; global=0; static=0; extern=0; dir=0; type=0; pingpong=0; private_global=0; IO mode=axis:ce=0
Port [ arg0_5_axis_in_V_keep_V]:  wired=1; compound=1; hidden=0; nouse=0; global=0; static=0; extern=0; dir=0; type=0; pingpong=0; private_global=0; IO mode=axis:ce=0
Port [ arg0_5_axis_in_V_strb_V]:  wired=1; compound=1; hidden=0; nouse=0; global=0; static=0; extern=0; dir=0; type=0; pingpong=0; private_global=0; IO mode=axis:ce=0
Port [ arg0_5_axis_in_V_last_V]:  wired=1; compound=1; hidden=0; nouse=0; global=0; static=0; extern=0; dir=0; type=0; pingpong=0; private_global=0; IO mode=axis:ce=0
Port [ arg0_6_axis_in_V_data_V]:  wired=1; compound=1; hidden=0; nouse=0; global=0; static=0; extern=0; dir=0; type=0; pingpong=0; private_global=0; IO mode=axis:ce=0
Port [ arg0_6_axis_in_V_keep_V]:  wired=1; compound=1; hidden=0; nouse=0; global=0; static=0; extern=0; dir=0; type=0; pingpong=0; private_global=0; IO mode=axis:ce=0
Port [ arg0_6_axis_in_V_strb_V]:  wired=1; compound=1; hidden=0; nouse=0; global=0; static=0; extern=0; dir=0; type=0; pingpong=0; private_global=0; IO mode=axis:ce=0
Port [ arg0_6_axis_in_V_last_V]:  wired=1; compound=1; hidden=0; nouse=0; global=0; static=0; extern=0; dir=0; type=0; pingpong=0; private_global=0; IO mode=axis:ce=0
Port [ arg0_7_axis_in_V_data_V]:  wired=1; compound=1; hidden=0; nouse=0; global=0; static=0; extern=0; dir=0; type=0; pingpong=0; private_global=0; IO mode=axis:ce=0
Port [ arg0_7_axis_in_V_keep_V]:  wired=1; compound=1; hidden=0; nouse=0; global=0; static=0; extern=0; dir=0; type=0; pingpong=0; private_global=0; IO mode=axis:ce=0
Port [ arg0_7_axis_in_V_strb_V]:  wired=1; compound=1; hidden=0; nouse=0; global=0; static=0; extern=0; dir=0; type=0; pingpong=0; private_global=0; IO mode=axis:ce=0
Port [ arg0_7_axis_in_V_last_V]:  wired=1; compound=1; hidden=0; nouse=0; global=0; static=0; extern=0; dir=0; type=0; pingpong=0; private_global=0; IO mode=axis:ce=0
Port [ arg1_0_axis_out_V_data_V]:  wired=1; compound=1; hidden=0; nouse=0; global=0; static=0; extern=0; dir=1; type=0; pingpong=0; private_global=0; IO mode=axis:ce=0
Port [ arg1_0_axis_out_V_keep_V]:  wired=1; compound=1; hidden=0; nouse=0; global=0; static=0; extern=0; dir=1; type=0; pingpong=0; private_global=0; IO mode=axis:ce=0
Port [ arg1_0_axis_out_V_strb_V]:  wired=1; compound=1; hidden=0; nouse=0; global=0; static=0; extern=0; dir=1; type=0; pingpong=0; private_global=0; IO mode=axis:ce=0
Port [ arg1_0_axis_out_V_last_V]:  wired=1; compound=1; hidden=0; nouse=0; global=0; static=0; extern=0; dir=1; type=0; pingpong=0; private_global=0; IO mode=axis:ce=0
Port [ arg1_1_axis_out_V_data_V]:  wired=1; compound=1; hidden=0; nouse=0; global=0; static=0; extern=0; dir=1; type=0; pingpong=0; private_global=0; IO mode=axis:ce=0
Port [ arg1_1_axis_out_V_keep_V]:  wired=1; compound=1; hidden=0; nouse=0; global=0; static=0; extern=0; dir=1; type=0; pingpong=0; private_global=0; IO mode=axis:ce=0
Port [ arg1_1_axis_out_V_strb_V]:  wired=1; compound=1; hidden=0; nouse=0; global=0; static=0; extern=0; dir=1; type=0; pingpong=0; private_global=0; IO mode=axis:ce=0
Port [ arg1_1_axis_out_V_last_V]:  wired=1; compound=1; hidden=0; nouse=0; global=0; static=0; extern=0; dir=1; type=0; pingpong=0; private_global=0; IO mode=axis:ce=0
Port [ arg1_2_axis_out_V_data_V]:  wired=1; compound=1; hidden=0; nouse=0; global=0; static=0; extern=0; dir=1; type=0; pingpong=0; private_global=0; IO mode=axis:ce=0
Port [ arg1_2_axis_out_V_keep_V]:  wired=1; compound=1; hidden=0; nouse=0; global=0; static=0; extern=0; dir=1; type=0; pingpong=0; private_global=0; IO mode=axis:ce=0
Port [ arg1_2_axis_out_V_strb_V]:  wired=1; compound=1; hidden=0; nouse=0; global=0; static=0; extern=0; dir=1; type=0; pingpong=0; private_global=0; IO mode=axis:ce=0
Port [ arg1_2_axis_out_V_last_V]:  wired=1; compound=1; hidden=0; nouse=0; global=0; static=0; extern=0; dir=1; type=0; pingpong=0; private_global=0; IO mode=axis:ce=0
Port [ arg1_3_axis_out_V_data_V]:  wired=1; compound=1; hidden=0; nouse=0; global=0; static=0; extern=0; dir=1; type=0; pingpong=0; private_global=0; IO mode=axis:ce=0
Port [ arg1_3_axis_out_V_keep_V]:  wired=1; compound=1; hidden=0; nouse=0; global=0; static=0; extern=0; dir=1; type=0; pingpong=0; private_global=0; IO mode=axis:ce=0
Port [ arg1_3_axis_out_V_strb_V]:  wired=1; compound=1; hidden=0; nouse=0; global=0; static=0; extern=0; dir=1; type=0; pingpong=0; private_global=0; IO mode=axis:ce=0
Port [ arg1_3_axis_out_V_last_V]:  wired=1; compound=1; hidden=0; nouse=0; global=0; static=0; extern=0; dir=1; type=0; pingpong=0; private_global=0; IO mode=axis:ce=0
Port [ arg1_4_axis_out_V_data_V]:  wired=1; compound=1; hidden=0; nouse=0; global=0; static=0; extern=0; dir=1; type=0; pingpong=0; private_global=0; IO mode=axis:ce=0
Port [ arg1_4_axis_out_V_keep_V]:  wired=1; compound=1; hidden=0; nouse=0; global=0; static=0; extern=0; dir=1; type=0; pingpong=0; private_global=0; IO mode=axis:ce=0
Port [ arg1_4_axis_out_V_strb_V]:  wired=1; compound=1; hidden=0; nouse=0; global=0; static=0; extern=0; dir=1; type=0; pingpong=0; private_global=0; IO mode=axis:ce=0
Port [ arg1_4_axis_out_V_last_V]:  wired=1; compound=1; hidden=0; nouse=0; global=0; static=0; extern=0; dir=1; type=0; pingpong=0; private_global=0; IO mode=axis:ce=0
Port [ arg1_5_axis_out_V_data_V]:  wired=1; compound=1; hidden=0; nouse=0; global=0; static=0; extern=0; dir=1; type=0; pingpong=0; private_global=0; IO mode=axis:ce=0
Port [ arg1_5_axis_out_V_keep_V]:  wired=1; compound=1; hidden=0; nouse=0; global=0; static=0; extern=0; dir=1; type=0; pingpong=0; private_global=0; IO mode=axis:ce=0
Port [ arg1_5_axis_out_V_strb_V]:  wired=1; compound=1; hidden=0; nouse=0; global=0; static=0; extern=0; dir=1; type=0; pingpong=0; private_global=0; IO mode=axis:ce=0
Port [ arg1_5_axis_out_V_last_V]:  wired=1; compound=1; hidden=0; nouse=0; global=0; static=0; extern=0; dir=1; type=0; pingpong=0; private_global=0; IO mode=axis:ce=0
Port [ arg1_6_axis_out_V_data_V]:  wired=1; compound=1; hidden=0; nouse=0; global=0; static=0; extern=0; dir=1; type=0; pingpong=0; private_global=0; IO mode=axis:ce=0
Port [ arg1_6_axis_out_V_keep_V]:  wired=1; compound=1; hidden=0; nouse=0; global=0; static=0; extern=0; dir=1; type=0; pingpong=0; private_global=0; IO mode=axis:ce=0
Port [ arg1_6_axis_out_V_strb_V]:  wired=1; compound=1; hidden=0; nouse=0; global=0; static=0; extern=0; dir=1; type=0; pingpong=0; private_global=0; IO mode=axis:ce=0
Port [ arg1_6_axis_out_V_last_V]:  wired=1; compound=1; hidden=0; nouse=0; global=0; static=0; extern=0; dir=1; type=0; pingpong=0; private_global=0; IO mode=axis:ce=0
Port [ arg1_7_axis_out_V_data_V]:  wired=1; compound=1; hidden=0; nouse=0; global=0; static=0; extern=0; dir=1; type=0; pingpong=0; private_global=0; IO mode=axis:ce=0
Port [ arg1_7_axis_out_V_keep_V]:  wired=1; compound=1; hidden=0; nouse=0; global=0; static=0; extern=0; dir=1; type=0; pingpong=0; private_global=0; IO mode=axis:ce=0
Port [ arg1_7_axis_out_V_strb_V]:  wired=1; compound=1; hidden=0; nouse=0; global=0; static=0; extern=0; dir=1; type=0; pingpong=0; private_global=0; IO mode=axis:ce=0
Port [ arg1_7_axis_out_V_last_V]:  wired=1; compound=1; hidden=0; nouse=0; global=0; static=0; extern=0; dir=1; type=0; pingpong=0; private_global=0; IO mode=axis:ce=0
---------------- STG Properties END ------------------

---------------- Datapath Model BEGIN ----------------

<LifeTime>
<method=bitvector/>
num_pkts_read                                      (read                ) [ 001000000000000]
p_read613                                          (read                ) [ 000000000000000]
p_read512                                          (read                ) [ 000000000000000]
p_read411                                          (read                ) [ 000000000000000]
p_read310                                          (read                ) [ 000000000000000]
p_read29                                           (read                ) [ 000000000000000]
p_read18                                           (read                ) [ 000000000000000]
p_read_24                                          (read                ) [ 000000000000000]
num_pkts_c109                                      (alloca              ) [ 011111111111111]
num_pkts_c108                                      (alloca              ) [ 001111111111111]
num_pkts_c107                                      (alloca              ) [ 001111111111111]
num_pkts_c106                                      (alloca              ) [ 001111111111111]
num_pkts_c105                                      (alloca              ) [ 001111111111111]
num_pkts_c104                                      (alloca              ) [ 001111111111111]
num_pkts_c103                                      (alloca              ) [ 001111111111111]
num_pkts_c102                                      (alloca              ) [ 001111111111111]
num_pkts_c101                                      (alloca              ) [ 001111111111111]
num_pkts_c100                                      (alloca              ) [ 001111111111111]
num_pkts_c                                         (alloca              ) [ 001111111111111]
stencilConfig_6_c99                                (alloca              ) [ 011111111111111]
stencilConfig_6_c98                                (alloca              ) [ 011111111111111]
stencilConfig_6_c97                                (alloca              ) [ 011111111111111]
stencilConfig_6_c96                                (alloca              ) [ 011111111111111]
stencilConfig_6_c95                                (alloca              ) [ 001111111111111]
stencilConfig_6_c94                                (alloca              ) [ 001111111111111]
stencilConfig_6_c93                                (alloca              ) [ 001111111111111]
stencilConfig_6_c                                  (alloca              ) [ 001111111111111]
stencilConfig_5_0_c92                              (alloca              ) [ 011111111111111]
stencilConfig_5_0_c91                              (alloca              ) [ 011111111111111]
stencilConfig_5_0_c90                              (alloca              ) [ 011111111111111]
stencilConfig_5_0_c89                              (alloca              ) [ 011111111111111]
stencilConfig_5_0_c88                              (alloca              ) [ 001111111111111]
stencilConfig_5_0_c87                              (alloca              ) [ 001111111111111]
stencilConfig_5_0_c86                              (alloca              ) [ 001111111111111]
stencilConfig_5_0_c                                (alloca              ) [ 001111111111111]
stencilConfig_4_0_c85                              (alloca              ) [ 011111111111111]
stencilConfig_4_0_c                                (alloca              ) [ 001111111111111]
stencilConfig_3_c84                                (alloca              ) [ 011111111111111]
stencilConfig_3_c83                                (alloca              ) [ 011111111111111]
stencilConfig_3_c82                                (alloca              ) [ 011111111111111]
stencilConfig_3_c81                                (alloca              ) [ 011111111111111]
stencilConfig_3_c80                                (alloca              ) [ 001111111111111]
stencilConfig_3_c79                                (alloca              ) [ 001111111111111]
stencilConfig_3_c78                                (alloca              ) [ 001111111111111]
stencilConfig_3_c                                  (alloca              ) [ 001111111111111]
stencilConfig_2_c77                                (alloca              ) [ 011111111111111]
stencilConfig_2_c76                                (alloca              ) [ 011111111111111]
stencilConfig_2_c75                                (alloca              ) [ 011111111111111]
stencilConfig_2_c74                                (alloca              ) [ 011111111111111]
stencilConfig_2_c73                                (alloca              ) [ 001111111111111]
stencilConfig_2_c72                                (alloca              ) [ 001111111111111]
stencilConfig_2_c71                                (alloca              ) [ 001111111111111]
stencilConfig_2_c                                  (alloca              ) [ 001111111111111]
stencilConfig_0_1_c70                              (alloca              ) [ 011111111111111]
stencilConfig_0_1_c69                              (alloca              ) [ 011111111111111]
stencilConfig_0_1_c68                              (alloca              ) [ 011111111111111]
stencilConfig_0_1_c67                              (alloca              ) [ 011111111111111]
stencilConfig_0_1_c66                              (alloca              ) [ 001111111111111]
stencilConfig_0_1_c65                              (alloca              ) [ 001111111111111]
stencilConfig_0_1_c64                              (alloca              ) [ 001111111111111]
stencilConfig_0_1_c                                (alloca              ) [ 001111111111111]
stencilConfig_0_0_c63                              (alloca              ) [ 011111111111111]
stencilConfig_0_0_c62                              (alloca              ) [ 011111111111111]
stencilConfig_0_0_c61                              (alloca              ) [ 011111111111111]
stencilConfig_0_0_c60                              (alloca              ) [ 011111111111111]
stencilConfig_0_0_c59                              (alloca              ) [ 001111111111111]
stencilConfig_0_0_c58                              (alloca              ) [ 001111111111111]
stencilConfig_0_0_c57                              (alloca              ) [ 001111111111111]
stencilConfig_0_0_c                                (alloca              ) [ 001111111111111]
arg0_arg1_streams_0_0                              (alloca              ) [ 011111111111111]
arg0_arg1_streams_0_1                              (alloca              ) [ 011111111111111]
arg0_arg1_streams_0_2                              (alloca              ) [ 011111111111111]
arg0_arg1_streams_0_3                              (alloca              ) [ 011111111111111]
arg0_arg1_streams_0_4                              (alloca              ) [ 011111111111111]
arg0_arg1_streams_0_5                              (alloca              ) [ 011111111111111]
arg0_arg1_streams_0_6                              (alloca              ) [ 011111111111111]
arg0_arg1_streams_0_7                              (alloca              ) [ 011111111111111]
arg0_arg1_streams_1_0                              (alloca              ) [ 001111111111111]
arg0_arg1_streams_1_1                              (alloca              ) [ 001111111111111]
arg0_arg1_streams_1_2                              (alloca              ) [ 001111111111111]
arg0_arg1_streams_1_3                              (alloca              ) [ 001111111111111]
arg0_arg1_streams_1_4                              (alloca              ) [ 001111111111111]
arg0_arg1_streams_1_5                              (alloca              ) [ 001111111111111]
arg0_arg1_streams_1_6                              (alloca              ) [ 001111111111111]
arg0_arg1_streams_1_7                              (alloca              ) [ 001111111111111]
arg0_poisson_kernel_stencil_in_subtile_stream_0_0  (alloca              ) [ 001111111111111]
arg0_poisson_kernel_stencil_in_subtile_stream_0_1  (alloca              ) [ 001111111111111]
arg0_poisson_kernel_stencil_in_subtile_stream_0_2  (alloca              ) [ 001111111111111]
arg0_poisson_kernel_stencil_in_subtile_stream_0_3  (alloca              ) [ 001111111111111]
arg0_poisson_kernel_stencil_in_subtile_stream_0_4  (alloca              ) [ 001111111111111]
arg0_poisson_kernel_stencil_in_subtile_stream_0_5  (alloca              ) [ 001111111111111]
arg0_poisson_kernel_stencil_in_subtile_stream_0_6  (alloca              ) [ 001111111111111]
arg0_poisson_kernel_stencil_in_subtile_stream_0_7  (alloca              ) [ 001111111111111]
arg0_poisson_kernel_stencil_in_subtile_stream_1_0  (alloca              ) [ 001111111111111]
arg0_poisson_kernel_stencil_in_subtile_stream_1_1  (alloca              ) [ 001111111111111]
arg0_poisson_kernel_stencil_in_subtile_stream_1_2  (alloca              ) [ 001111111111111]
arg0_poisson_kernel_stencil_in_subtile_stream_1_3  (alloca              ) [ 001111111111111]
arg0_poisson_kernel_stencil_in_subtile_stream_1_4  (alloca              ) [ 001111111111111]
arg0_poisson_kernel_stencil_in_subtile_stream_1_5  (alloca              ) [ 001111111111111]
arg0_poisson_kernel_stencil_in_subtile_stream_1_6  (alloca              ) [ 001111111111111]
arg0_poisson_kernel_stencil_in_subtile_stream_1_7  (alloca              ) [ 001111111111111]
arg1_poisson_kernel_stencil_out_subtile_stream_0_0 (alloca              ) [ 001111111111111]
arg1_poisson_kernel_stencil_out_subtile_stream_0_1 (alloca              ) [ 001111111111111]
arg1_poisson_kernel_stencil_out_subtile_stream_0_2 (alloca              ) [ 001111111111111]
arg1_poisson_kernel_stencil_out_subtile_stream_0_3 (alloca              ) [ 001111111111111]
arg1_poisson_kernel_stencil_out_subtile_stream_0_4 (alloca              ) [ 001111111111111]
arg1_poisson_kernel_stencil_out_subtile_stream_0_5 (alloca              ) [ 001111111111111]
arg1_poisson_kernel_stencil_out_subtile_stream_0_6 (alloca              ) [ 001111111111111]
arg1_poisson_kernel_stencil_out_subtile_stream_0_7 (alloca              ) [ 001111111111111]
arg1_poisson_kernel_stencil_out_subtile_stream_1_0 (alloca              ) [ 001111111111111]
arg1_poisson_kernel_stencil_out_subtile_stream_1_1 (alloca              ) [ 001111111111111]
arg1_poisson_kernel_stencil_out_subtile_stream_1_2 (alloca              ) [ 001111111111111]
arg1_poisson_kernel_stencil_out_subtile_stream_1_3 (alloca              ) [ 001111111111111]
arg1_poisson_kernel_stencil_out_subtile_stream_1_4 (alloca              ) [ 001111111111111]
arg1_poisson_kernel_stencil_out_subtile_stream_1_5 (alloca              ) [ 001111111111111]
arg1_poisson_kernel_stencil_out_subtile_stream_1_6 (alloca              ) [ 001111111111111]
arg1_poisson_kernel_stencil_out_subtile_stream_1_7 (alloca              ) [ 001111111111111]
call_ln0                                           (call                ) [ 000000000000000]
call_ln111                                         (call                ) [ 000000000000000]
call_ln112                                         (call                ) [ 000000000000000]
call_ln113                                         (call                ) [ 000000000000000]
call_ln114                                         (call                ) [ 000000000000000]
call_ln115                                         (call                ) [ 000000000000000]
call_ln116                                         (call                ) [ 000000000000000]
call_ln117                                         (call                ) [ 000000000000000]
call_ln118                                         (call                ) [ 000000000000000]
call_ln124                                         (call                ) [ 000000000000000]
call_ln125                                         (call                ) [ 000000000000000]
call_ln134                                         (call                ) [ 000000000000000]
call_ln143                                         (call                ) [ 000000000000000]
call_ln152                                         (call                ) [ 000000000000000]
call_ln162                                         (call                ) [ 000000000000000]
call_ln163                                         (call                ) [ 000000000000000]
call_ln172                                         (call                ) [ 000000000000000]
call_ln181                                         (call                ) [ 000000000000000]
call_ln190                                         (call                ) [ 000000000000000]
call_ln199                                         (call                ) [ 000000000000000]
empty                                              (specchannel         ) [ 000000000000000]
specinterface_ln0                                  (specinterface       ) [ 000000000000000]
empty_69                                           (specchannel         ) [ 000000000000000]
specinterface_ln0                                  (specinterface       ) [ 000000000000000]
empty_70                                           (specchannel         ) [ 000000000000000]
specinterface_ln0                                  (specinterface       ) [ 000000000000000]
empty_71                                           (specchannel         ) [ 000000000000000]
specinterface_ln0                                  (specinterface       ) [ 000000000000000]
empty_72                                           (specchannel         ) [ 000000000000000]
specinterface_ln0                                  (specinterface       ) [ 000000000000000]
empty_73                                           (specchannel         ) [ 000000000000000]
specinterface_ln0                                  (specinterface       ) [ 000000000000000]
empty_74                                           (specchannel         ) [ 000000000000000]
specinterface_ln0                                  (specinterface       ) [ 000000000000000]
empty_75                                           (specchannel         ) [ 000000000000000]
specinterface_ln0                                  (specinterface       ) [ 000000000000000]
empty_76                                           (specchannel         ) [ 000000000000000]
specinterface_ln0                                  (specinterface       ) [ 000000000000000]
empty_77                                           (specchannel         ) [ 000000000000000]
specinterface_ln0                                  (specinterface       ) [ 000000000000000]
empty_78                                           (specchannel         ) [ 000000000000000]
specinterface_ln0                                  (specinterface       ) [ 000000000000000]
empty_79                                           (specchannel         ) [ 000000000000000]
specinterface_ln0                                  (specinterface       ) [ 000000000000000]
empty_80                                           (specchannel         ) [ 000000000000000]
specinterface_ln0                                  (specinterface       ) [ 000000000000000]
empty_81                                           (specchannel         ) [ 000000000000000]
specinterface_ln0                                  (specinterface       ) [ 000000000000000]
empty_82                                           (specchannel         ) [ 000000000000000]
specinterface_ln0                                  (specinterface       ) [ 000000000000000]
empty_83                                           (specchannel         ) [ 000000000000000]
specinterface_ln0                                  (specinterface       ) [ 000000000000000]
empty_84                                           (specchannel         ) [ 000000000000000]
specinterface_ln0                                  (specinterface       ) [ 000000000000000]
empty_85                                           (specchannel         ) [ 000000000000000]
specinterface_ln0                                  (specinterface       ) [ 000000000000000]
empty_86                                           (specchannel         ) [ 000000000000000]
specinterface_ln0                                  (specinterface       ) [ 000000000000000]
empty_87                                           (specchannel         ) [ 000000000000000]
specinterface_ln0                                  (specinterface       ) [ 000000000000000]
empty_88                                           (specchannel         ) [ 000000000000000]
specinterface_ln0                                  (specinterface       ) [ 000000000000000]
empty_89                                           (specchannel         ) [ 000000000000000]
specinterface_ln0                                  (specinterface       ) [ 000000000000000]
empty_90                                           (specchannel         ) [ 000000000000000]
specinterface_ln0                                  (specinterface       ) [ 000000000000000]
empty_91                                           (specchannel         ) [ 000000000000000]
specinterface_ln0                                  (specinterface       ) [ 000000000000000]
empty_92                                           (specchannel         ) [ 000000000000000]
specinterface_ln0                                  (specinterface       ) [ 000000000000000]
empty_93                                           (specchannel         ) [ 000000000000000]
specinterface_ln0                                  (specinterface       ) [ 000000000000000]
empty_94                                           (specchannel         ) [ 000000000000000]
specinterface_ln0                                  (specinterface       ) [ 000000000000000]
empty_95                                           (specchannel         ) [ 000000000000000]
specinterface_ln0                                  (specinterface       ) [ 000000000000000]
empty_96                                           (specchannel         ) [ 000000000000000]
specinterface_ln0                                  (specinterface       ) [ 000000000000000]
empty_97                                           (specchannel         ) [ 000000000000000]
specinterface_ln0                                  (specinterface       ) [ 000000000000000]
empty_98                                           (specchannel         ) [ 000000000000000]
specinterface_ln0                                  (specinterface       ) [ 000000000000000]
empty_99                                           (specchannel         ) [ 000000000000000]
specinterface_ln0                                  (specinterface       ) [ 000000000000000]
empty_100                                          (specchannel         ) [ 000000000000000]
specinterface_ln0                                  (specinterface       ) [ 000000000000000]
empty_101                                          (specchannel         ) [ 000000000000000]
specinterface_ln0                                  (specinterface       ) [ 000000000000000]
empty_102                                          (specchannel         ) [ 000000000000000]
specinterface_ln0                                  (specinterface       ) [ 000000000000000]
empty_103                                          (specchannel         ) [ 000000000000000]
specinterface_ln0                                  (specinterface       ) [ 000000000000000]
empty_104                                          (specchannel         ) [ 000000000000000]
specinterface_ln0                                  (specinterface       ) [ 000000000000000]
empty_105                                          (specchannel         ) [ 000000000000000]
specinterface_ln0                                  (specinterface       ) [ 000000000000000]
empty_106                                          (specchannel         ) [ 000000000000000]
specinterface_ln0                                  (specinterface       ) [ 000000000000000]
empty_107                                          (specchannel         ) [ 000000000000000]
specinterface_ln0                                  (specinterface       ) [ 000000000000000]
empty_108                                          (specchannel         ) [ 000000000000000]
specinterface_ln0                                  (specinterface       ) [ 000000000000000]
empty_109                                          (specchannel         ) [ 000000000000000]
specinterface_ln0                                  (specinterface       ) [ 000000000000000]
empty_110                                          (specchannel         ) [ 000000000000000]
specinterface_ln0                                  (specinterface       ) [ 000000000000000]
empty_111                                          (specchannel         ) [ 000000000000000]
specinterface_ln0                                  (specinterface       ) [ 000000000000000]
empty_112                                          (specchannel         ) [ 000000000000000]
specinterface_ln0                                  (specinterface       ) [ 000000000000000]
empty_113                                          (specchannel         ) [ 000000000000000]
specinterface_ln0                                  (specinterface       ) [ 000000000000000]
empty_114                                          (specchannel         ) [ 000000000000000]
specinterface_ln0                                  (specinterface       ) [ 000000000000000]
empty_115                                          (specchannel         ) [ 000000000000000]
specinterface_ln0                                  (specinterface       ) [ 000000000000000]
empty_116                                          (specchannel         ) [ 000000000000000]
specinterface_ln0                                  (specinterface       ) [ 000000000000000]
empty_117                                          (specchannel         ) [ 000000000000000]
specinterface_ln0                                  (specinterface       ) [ 000000000000000]
empty_118                                          (specchannel         ) [ 000000000000000]
specinterface_ln0                                  (specinterface       ) [ 000000000000000]
empty_119                                          (specchannel         ) [ 000000000000000]
specinterface_ln0                                  (specinterface       ) [ 000000000000000]
empty_120                                          (specchannel         ) [ 000000000000000]
specinterface_ln0                                  (specinterface       ) [ 000000000000000]
empty_121                                          (specchannel         ) [ 000000000000000]
specinterface_ln0                                  (specinterface       ) [ 000000000000000]
empty_122                                          (specchannel         ) [ 000000000000000]
specinterface_ln0                                  (specinterface       ) [ 000000000000000]
empty_123                                          (specchannel         ) [ 000000000000000]
specinterface_ln0                                  (specinterface       ) [ 000000000000000]
empty_124                                          (specchannel         ) [ 000000000000000]
specinterface_ln0                                  (specinterface       ) [ 000000000000000]
empty_125                                          (specchannel         ) [ 000000000000000]
specinterface_ln0                                  (specinterface       ) [ 000000000000000]
empty_126                                          (specchannel         ) [ 000000000000000]
specinterface_ln0                                  (specinterface       ) [ 000000000000000]
empty_127                                          (specchannel         ) [ 000000000000000]
specinterface_ln0                                  (specinterface       ) [ 000000000000000]
empty_128                                          (specchannel         ) [ 000000000000000]
specinterface_ln0                                  (specinterface       ) [ 000000000000000]
specdataflowpipeline_ln0                           (specdataflowpipeline) [ 000000000000000]
specaxissidechannel_ln0                            (specaxissidechannel ) [ 000000000000000]
specaxissidechannel_ln0                            (specaxissidechannel ) [ 000000000000000]
specaxissidechannel_ln0                            (specaxissidechannel ) [ 000000000000000]
specaxissidechannel_ln0                            (specaxissidechannel ) [ 000000000000000]
specaxissidechannel_ln0                            (specaxissidechannel ) [ 000000000000000]
specaxissidechannel_ln0                            (specaxissidechannel ) [ 000000000000000]
specaxissidechannel_ln0                            (specaxissidechannel ) [ 000000000000000]
specaxissidechannel_ln0                            (specaxissidechannel ) [ 000000000000000]
specaxissidechannel_ln0                            (specaxissidechannel ) [ 000000000000000]
specaxissidechannel_ln0                            (specaxissidechannel ) [ 000000000000000]
specaxissidechannel_ln0                            (specaxissidechannel ) [ 000000000000000]
specaxissidechannel_ln0                            (specaxissidechannel ) [ 000000000000000]
specaxissidechannel_ln0                            (specaxissidechannel ) [ 000000000000000]
specaxissidechannel_ln0                            (specaxissidechannel ) [ 000000000000000]
specaxissidechannel_ln0                            (specaxissidechannel ) [ 000000000000000]
specaxissidechannel_ln0                            (specaxissidechannel ) [ 000000000000000]
specinterface_ln0                                  (specinterface       ) [ 000000000000000]
specinterface_ln0                                  (specinterface       ) [ 000000000000000]
specinterface_ln0                                  (specinterface       ) [ 000000000000000]
specinterface_ln0                                  (specinterface       ) [ 000000000000000]
specinterface_ln0                                  (specinterface       ) [ 000000000000000]
specinterface_ln0                                  (specinterface       ) [ 000000000000000]
specinterface_ln0                                  (specinterface       ) [ 000000000000000]
specinterface_ln0                                  (specinterface       ) [ 000000000000000]
specinterface_ln0                                  (specinterface       ) [ 000000000000000]
specinterface_ln0                                  (specinterface       ) [ 000000000000000]
specinterface_ln0                                  (specinterface       ) [ 000000000000000]
specinterface_ln0                                  (specinterface       ) [ 000000000000000]
specinterface_ln0                                  (specinterface       ) [ 000000000000000]
specinterface_ln0                                  (specinterface       ) [ 000000000000000]
specinterface_ln0                                  (specinterface       ) [ 000000000000000]
specinterface_ln0                                  (specinterface       ) [ 000000000000000]
empty_129                                          (specchannel         ) [ 000000000000000]
specinterface_ln0                                  (specinterface       ) [ 000000000000000]
empty_130                                          (specchannel         ) [ 000000000000000]
specinterface_ln0                                  (specinterface       ) [ 000000000000000]
empty_131                                          (specchannel         ) [ 000000000000000]
specinterface_ln0                                  (specinterface       ) [ 000000000000000]
empty_132                                          (specchannel         ) [ 000000000000000]
specinterface_ln0                                  (specinterface       ) [ 000000000000000]
empty_133                                          (specchannel         ) [ 000000000000000]
specinterface_ln0                                  (specinterface       ) [ 000000000000000]
empty_134                                          (specchannel         ) [ 000000000000000]
specinterface_ln0                                  (specinterface       ) [ 000000000000000]
empty_135                                          (specchannel         ) [ 000000000000000]
specinterface_ln0                                  (specinterface       ) [ 000000000000000]
empty_136                                          (specchannel         ) [ 000000000000000]
specinterface_ln0                                  (specinterface       ) [ 000000000000000]
empty_137                                          (specchannel         ) [ 000000000000000]
specinterface_ln0                                  (specinterface       ) [ 000000000000000]
empty_138                                          (specchannel         ) [ 000000000000000]
specinterface_ln0                                  (specinterface       ) [ 000000000000000]
empty_139                                          (specchannel         ) [ 000000000000000]
specinterface_ln0                                  (specinterface       ) [ 000000000000000]
empty_140                                          (specchannel         ) [ 000000000000000]
specinterface_ln0                                  (specinterface       ) [ 000000000000000]
empty_141                                          (specchannel         ) [ 000000000000000]
specinterface_ln0                                  (specinterface       ) [ 000000000000000]
empty_142                                          (specchannel         ) [ 000000000000000]
specinterface_ln0                                  (specinterface       ) [ 000000000000000]
empty_143                                          (specchannel         ) [ 000000000000000]
specinterface_ln0                                  (specinterface       ) [ 000000000000000]
empty_144                                          (specchannel         ) [ 000000000000000]
specinterface_ln0                                  (specinterface       ) [ 000000000000000]
empty_145                                          (specchannel         ) [ 000000000000000]
specinterface_ln0                                  (specinterface       ) [ 000000000000000]
empty_146                                          (specchannel         ) [ 000000000000000]
specinterface_ln0                                  (specinterface       ) [ 000000000000000]
empty_147                                          (specchannel         ) [ 000000000000000]
specinterface_ln0                                  (specinterface       ) [ 000000000000000]
empty_148                                          (specchannel         ) [ 000000000000000]
specinterface_ln0                                  (specinterface       ) [ 000000000000000]
empty_149                                          (specchannel         ) [ 000000000000000]
specinterface_ln0                                  (specinterface       ) [ 000000000000000]
empty_150                                          (specchannel         ) [ 000000000000000]
specinterface_ln0                                  (specinterface       ) [ 000000000000000]
empty_151                                          (specchannel         ) [ 000000000000000]
specinterface_ln0                                  (specinterface       ) [ 000000000000000]
empty_152                                          (specchannel         ) [ 000000000000000]
specinterface_ln0                                  (specinterface       ) [ 000000000000000]
empty_153                                          (specchannel         ) [ 000000000000000]
specinterface_ln0                                  (specinterface       ) [ 000000000000000]
empty_154                                          (specchannel         ) [ 000000000000000]
specinterface_ln0                                  (specinterface       ) [ 000000000000000]
empty_155                                          (specchannel         ) [ 000000000000000]
specinterface_ln0                                  (specinterface       ) [ 000000000000000]
empty_156                                          (specchannel         ) [ 000000000000000]
specinterface_ln0                                  (specinterface       ) [ 000000000000000]
empty_157                                          (specchannel         ) [ 000000000000000]
specinterface_ln0                                  (specinterface       ) [ 000000000000000]
empty_158                                          (specchannel         ) [ 000000000000000]
specinterface_ln0                                  (specinterface       ) [ 000000000000000]
empty_159                                          (specchannel         ) [ 000000000000000]
specinterface_ln0                                  (specinterface       ) [ 000000000000000]
empty_160                                          (specchannel         ) [ 000000000000000]
specinterface_ln0                                  (specinterface       ) [ 000000000000000]
empty_161                                          (specchannel         ) [ 000000000000000]
specinterface_ln0                                  (specinterface       ) [ 000000000000000]
empty_162                                          (specchannel         ) [ 000000000000000]
specinterface_ln0                                  (specinterface       ) [ 000000000000000]
empty_163                                          (specchannel         ) [ 000000000000000]
specinterface_ln0                                  (specinterface       ) [ 000000000000000]
empty_164                                          (specchannel         ) [ 000000000000000]
specinterface_ln0                                  (specinterface       ) [ 000000000000000]
empty_165                                          (specchannel         ) [ 000000000000000]
specinterface_ln0                                  (specinterface       ) [ 000000000000000]
empty_166                                          (specchannel         ) [ 000000000000000]
specinterface_ln0                                  (specinterface       ) [ 000000000000000]
empty_167                                          (specchannel         ) [ 000000000000000]
specinterface_ln0                                  (specinterface       ) [ 000000000000000]
empty_168                                          (specchannel         ) [ 000000000000000]
specinterface_ln0                                  (specinterface       ) [ 000000000000000]
empty_169                                          (specchannel         ) [ 000000000000000]
specinterface_ln0                                  (specinterface       ) [ 000000000000000]
empty_170                                          (specchannel         ) [ 000000000000000]
specinterface_ln0                                  (specinterface       ) [ 000000000000000]
empty_171                                          (specchannel         ) [ 000000000000000]
specinterface_ln0                                  (specinterface       ) [ 000000000000000]
empty_172                                          (specchannel         ) [ 000000000000000]
specinterface_ln0                                  (specinterface       ) [ 000000000000000]
empty_173                                          (specchannel         ) [ 000000000000000]
specinterface_ln0                                  (specinterface       ) [ 000000000000000]
empty_174                                          (specchannel         ) [ 000000000000000]
specinterface_ln0                                  (specinterface       ) [ 000000000000000]
empty_175                                          (specchannel         ) [ 000000000000000]
specinterface_ln0                                  (specinterface       ) [ 000000000000000]
empty_176                                          (specchannel         ) [ 000000000000000]
specinterface_ln0                                  (specinterface       ) [ 000000000000000]
call_ln202                                         (call                ) [ 000000000000000]
call_ln203                                         (call                ) [ 000000000000000]
call_ln204                                         (call                ) [ 000000000000000]
call_ln205                                         (call                ) [ 000000000000000]
call_ln206                                         (call                ) [ 000000000000000]
call_ln207                                         (call                ) [ 000000000000000]
call_ln208                                         (call                ) [ 000000000000000]
call_ln209                                         (call                ) [ 000000000000000]
ret_ln211                                          (ret                 ) [ 000000000000000]
</LifeTime>

<model>

<comp_list>
<comp id="0" class="1000" name="p_read">
<pin_list>
<pin id="1" dir="1" index="0" bw="1" slack="0"/>
</pin_list>
<bind>
<StgValue><ssdm name="p_read"/></StgValue>
</bind>
</comp>

<comp id="2" class="1000" name="p_read1">
<pin_list>
<pin id="3" dir="1" index="0" bw="1" slack="0"/>
</pin_list>
<bind>
<StgValue><ssdm name="p_read1"/></StgValue>
</bind>
</comp>

<comp id="4" class="1000" name="p_read2">
<pin_list>
<pin id="5" dir="1" index="0" bw="1" slack="0"/>
</pin_list>
<bind>
<StgValue><ssdm name="p_read2"/></StgValue>
</bind>
</comp>

<comp id="6" class="1000" name="p_read3">
<pin_list>
<pin id="7" dir="1" index="0" bw="1" slack="0"/>
</pin_list>
<bind>
<StgValue><ssdm name="p_read3"/></StgValue>
</bind>
</comp>

<comp id="8" class="1000" name="p_read4">
<pin_list>
<pin id="9" dir="1" index="0" bw="1" slack="0"/>
</pin_list>
<bind>
<StgValue><ssdm name="p_read4"/></StgValue>
</bind>
</comp>

<comp id="10" class="1000" name="p_read5">
<pin_list>
<pin id="11" dir="1" index="0" bw="1" slack="0"/>
</pin_list>
<bind>
<StgValue><ssdm name="p_read5"/></StgValue>
</bind>
</comp>

<comp id="12" class="1000" name="p_read6">
<pin_list>
<pin id="13" dir="1" index="0" bw="1" slack="0"/>
</pin_list>
<bind>
<StgValue><ssdm name="p_read6"/></StgValue>
</bind>
</comp>

<comp id="14" class="1000" name="num_pkts">
<pin_list>
<pin id="15" dir="1" index="0" bw="1" slack="0"/>
</pin_list>
<bind>
<StgValue><ssdm name="num_pkts"/></StgValue>
</bind>
</comp>

<comp id="16" class="1000" name="arg0_0_axis_in_V_data_V">
<pin_list>
<pin id="17" dir="1" index="0" bw="1" slack="0"/>
</pin_list>
<bind>
<StgValue><ssdm name="arg0_0_axis_in_V_data_V"/></StgValue>
</bind>
</comp>

<comp id="18" class="1000" name="arg0_0_axis_in_V_keep_V">
<pin_list>
<pin id="19" dir="1" index="0" bw="1" slack="0"/>
</pin_list>
<bind>
<StgValue><ssdm name="arg0_0_axis_in_V_keep_V"/></StgValue>
</bind>
</comp>

<comp id="20" class="1000" name="arg0_0_axis_in_V_strb_V">
<pin_list>
<pin id="21" dir="1" index="0" bw="1" slack="0"/>
</pin_list>
<bind>
<StgValue><ssdm name="arg0_0_axis_in_V_strb_V"/></StgValue>
</bind>
</comp>

<comp id="22" class="1000" name="arg0_0_axis_in_V_last_V">
<pin_list>
<pin id="23" dir="1" index="0" bw="1" slack="0"/>
</pin_list>
<bind>
<StgValue><ssdm name="arg0_0_axis_in_V_last_V"/></StgValue>
</bind>
</comp>

<comp id="24" class="1000" name="arg0_1_axis_in_V_data_V">
<pin_list>
<pin id="25" dir="1" index="0" bw="1" slack="0"/>
</pin_list>
<bind>
<StgValue><ssdm name="arg0_1_axis_in_V_data_V"/></StgValue>
</bind>
</comp>

<comp id="26" class="1000" name="arg0_1_axis_in_V_keep_V">
<pin_list>
<pin id="27" dir="1" index="0" bw="1" slack="0"/>
</pin_list>
<bind>
<StgValue><ssdm name="arg0_1_axis_in_V_keep_V"/></StgValue>
</bind>
</comp>

<comp id="28" class="1000" name="arg0_1_axis_in_V_strb_V">
<pin_list>
<pin id="29" dir="1" index="0" bw="1" slack="0"/>
</pin_list>
<bind>
<StgValue><ssdm name="arg0_1_axis_in_V_strb_V"/></StgValue>
</bind>
</comp>

<comp id="30" class="1000" name="arg0_1_axis_in_V_last_V">
<pin_list>
<pin id="31" dir="1" index="0" bw="1" slack="0"/>
</pin_list>
<bind>
<StgValue><ssdm name="arg0_1_axis_in_V_last_V"/></StgValue>
</bind>
</comp>

<comp id="32" class="1000" name="arg0_2_axis_in_V_data_V">
<pin_list>
<pin id="33" dir="1" index="0" bw="1" slack="0"/>
</pin_list>
<bind>
<StgValue><ssdm name="arg0_2_axis_in_V_data_V"/></StgValue>
</bind>
</comp>

<comp id="34" class="1000" name="arg0_2_axis_in_V_keep_V">
<pin_list>
<pin id="35" dir="1" index="0" bw="1" slack="0"/>
</pin_list>
<bind>
<StgValue><ssdm name="arg0_2_axis_in_V_keep_V"/></StgValue>
</bind>
</comp>

<comp id="36" class="1000" name="arg0_2_axis_in_V_strb_V">
<pin_list>
<pin id="37" dir="1" index="0" bw="1" slack="0"/>
</pin_list>
<bind>
<StgValue><ssdm name="arg0_2_axis_in_V_strb_V"/></StgValue>
</bind>
</comp>

<comp id="38" class="1000" name="arg0_2_axis_in_V_last_V">
<pin_list>
<pin id="39" dir="1" index="0" bw="1" slack="0"/>
</pin_list>
<bind>
<StgValue><ssdm name="arg0_2_axis_in_V_last_V"/></StgValue>
</bind>
</comp>

<comp id="40" class="1000" name="arg0_3_axis_in_V_data_V">
<pin_list>
<pin id="41" dir="1" index="0" bw="1" slack="0"/>
</pin_list>
<bind>
<StgValue><ssdm name="arg0_3_axis_in_V_data_V"/></StgValue>
</bind>
</comp>

<comp id="42" class="1000" name="arg0_3_axis_in_V_keep_V">
<pin_list>
<pin id="43" dir="1" index="0" bw="1" slack="0"/>
</pin_list>
<bind>
<StgValue><ssdm name="arg0_3_axis_in_V_keep_V"/></StgValue>
</bind>
</comp>

<comp id="44" class="1000" name="arg0_3_axis_in_V_strb_V">
<pin_list>
<pin id="45" dir="1" index="0" bw="1" slack="0"/>
</pin_list>
<bind>
<StgValue><ssdm name="arg0_3_axis_in_V_strb_V"/></StgValue>
</bind>
</comp>

<comp id="46" class="1000" name="arg0_3_axis_in_V_last_V">
<pin_list>
<pin id="47" dir="1" index="0" bw="1" slack="0"/>
</pin_list>
<bind>
<StgValue><ssdm name="arg0_3_axis_in_V_last_V"/></StgValue>
</bind>
</comp>

<comp id="48" class="1000" name="arg0_4_axis_in_V_data_V">
<pin_list>
<pin id="49" dir="1" index="0" bw="1" slack="0"/>
</pin_list>
<bind>
<StgValue><ssdm name="arg0_4_axis_in_V_data_V"/></StgValue>
</bind>
</comp>

<comp id="50" class="1000" name="arg0_4_axis_in_V_keep_V">
<pin_list>
<pin id="51" dir="1" index="0" bw="1" slack="0"/>
</pin_list>
<bind>
<StgValue><ssdm name="arg0_4_axis_in_V_keep_V"/></StgValue>
</bind>
</comp>

<comp id="52" class="1000" name="arg0_4_axis_in_V_strb_V">
<pin_list>
<pin id="53" dir="1" index="0" bw="1" slack="0"/>
</pin_list>
<bind>
<StgValue><ssdm name="arg0_4_axis_in_V_strb_V"/></StgValue>
</bind>
</comp>

<comp id="54" class="1000" name="arg0_4_axis_in_V_last_V">
<pin_list>
<pin id="55" dir="1" index="0" bw="1" slack="0"/>
</pin_list>
<bind>
<StgValue><ssdm name="arg0_4_axis_in_V_last_V"/></StgValue>
</bind>
</comp>

<comp id="56" class="1000" name="arg0_5_axis_in_V_data_V">
<pin_list>
<pin id="57" dir="1" index="0" bw="1" slack="0"/>
</pin_list>
<bind>
<StgValue><ssdm name="arg0_5_axis_in_V_data_V"/></StgValue>
</bind>
</comp>

<comp id="58" class="1000" name="arg0_5_axis_in_V_keep_V">
<pin_list>
<pin id="59" dir="1" index="0" bw="1" slack="0"/>
</pin_list>
<bind>
<StgValue><ssdm name="arg0_5_axis_in_V_keep_V"/></StgValue>
</bind>
</comp>

<comp id="60" class="1000" name="arg0_5_axis_in_V_strb_V">
<pin_list>
<pin id="61" dir="1" index="0" bw="1" slack="0"/>
</pin_list>
<bind>
<StgValue><ssdm name="arg0_5_axis_in_V_strb_V"/></StgValue>
</bind>
</comp>

<comp id="62" class="1000" name="arg0_5_axis_in_V_last_V">
<pin_list>
<pin id="63" dir="1" index="0" bw="1" slack="0"/>
</pin_list>
<bind>
<StgValue><ssdm name="arg0_5_axis_in_V_last_V"/></StgValue>
</bind>
</comp>

<comp id="64" class="1000" name="arg0_6_axis_in_V_data_V">
<pin_list>
<pin id="65" dir="1" index="0" bw="1" slack="0"/>
</pin_list>
<bind>
<StgValue><ssdm name="arg0_6_axis_in_V_data_V"/></StgValue>
</bind>
</comp>

<comp id="66" class="1000" name="arg0_6_axis_in_V_keep_V">
<pin_list>
<pin id="67" dir="1" index="0" bw="1" slack="0"/>
</pin_list>
<bind>
<StgValue><ssdm name="arg0_6_axis_in_V_keep_V"/></StgValue>
</bind>
</comp>

<comp id="68" class="1000" name="arg0_6_axis_in_V_strb_V">
<pin_list>
<pin id="69" dir="1" index="0" bw="1" slack="0"/>
</pin_list>
<bind>
<StgValue><ssdm name="arg0_6_axis_in_V_strb_V"/></StgValue>
</bind>
</comp>

<comp id="70" class="1000" name="arg0_6_axis_in_V_last_V">
<pin_list>
<pin id="71" dir="1" index="0" bw="1" slack="0"/>
</pin_list>
<bind>
<StgValue><ssdm name="arg0_6_axis_in_V_last_V"/></StgValue>
</bind>
</comp>

<comp id="72" class="1000" name="arg0_7_axis_in_V_data_V">
<pin_list>
<pin id="73" dir="1" index="0" bw="1" slack="0"/>
</pin_list>
<bind>
<StgValue><ssdm name="arg0_7_axis_in_V_data_V"/></StgValue>
</bind>
</comp>

<comp id="74" class="1000" name="arg0_7_axis_in_V_keep_V">
<pin_list>
<pin id="75" dir="1" index="0" bw="1" slack="0"/>
</pin_list>
<bind>
<StgValue><ssdm name="arg0_7_axis_in_V_keep_V"/></StgValue>
</bind>
</comp>

<comp id="76" class="1000" name="arg0_7_axis_in_V_strb_V">
<pin_list>
<pin id="77" dir="1" index="0" bw="1" slack="0"/>
</pin_list>
<bind>
<StgValue><ssdm name="arg0_7_axis_in_V_strb_V"/></StgValue>
</bind>
</comp>

<comp id="78" class="1000" name="arg0_7_axis_in_V_last_V">
<pin_list>
<pin id="79" dir="1" index="0" bw="1" slack="0"/>
</pin_list>
<bind>
<StgValue><ssdm name="arg0_7_axis_in_V_last_V"/></StgValue>
</bind>
</comp>

<comp id="80" class="1000" name="arg1_0_axis_out_V_data_V">
<pin_list>
<pin id="81" dir="1" index="0" bw="1" slack="0"/>
</pin_list>
<bind>
<StgValue><ssdm name="arg1_0_axis_out_V_data_V"/></StgValue>
</bind>
</comp>

<comp id="82" class="1000" name="arg1_0_axis_out_V_keep_V">
<pin_list>
<pin id="83" dir="1" index="0" bw="1" slack="0"/>
</pin_list>
<bind>
<StgValue><ssdm name="arg1_0_axis_out_V_keep_V"/></StgValue>
</bind>
</comp>

<comp id="84" class="1000" name="arg1_0_axis_out_V_strb_V">
<pin_list>
<pin id="85" dir="1" index="0" bw="1" slack="0"/>
</pin_list>
<bind>
<StgValue><ssdm name="arg1_0_axis_out_V_strb_V"/></StgValue>
</bind>
</comp>

<comp id="86" class="1000" name="arg1_0_axis_out_V_last_V">
<pin_list>
<pin id="87" dir="1" index="0" bw="1" slack="0"/>
</pin_list>
<bind>
<StgValue><ssdm name="arg1_0_axis_out_V_last_V"/></StgValue>
</bind>
</comp>

<comp id="88" class="1000" name="arg1_1_axis_out_V_data_V">
<pin_list>
<pin id="89" dir="1" index="0" bw="1" slack="0"/>
</pin_list>
<bind>
<StgValue><ssdm name="arg1_1_axis_out_V_data_V"/></StgValue>
</bind>
</comp>

<comp id="90" class="1000" name="arg1_1_axis_out_V_keep_V">
<pin_list>
<pin id="91" dir="1" index="0" bw="1" slack="0"/>
</pin_list>
<bind>
<StgValue><ssdm name="arg1_1_axis_out_V_keep_V"/></StgValue>
</bind>
</comp>

<comp id="92" class="1000" name="arg1_1_axis_out_V_strb_V">
<pin_list>
<pin id="93" dir="1" index="0" bw="1" slack="0"/>
</pin_list>
<bind>
<StgValue><ssdm name="arg1_1_axis_out_V_strb_V"/></StgValue>
</bind>
</comp>

<comp id="94" class="1000" name="arg1_1_axis_out_V_last_V">
<pin_list>
<pin id="95" dir="1" index="0" bw="1" slack="0"/>
</pin_list>
<bind>
<StgValue><ssdm name="arg1_1_axis_out_V_last_V"/></StgValue>
</bind>
</comp>

<comp id="96" class="1000" name="arg1_2_axis_out_V_data_V">
<pin_list>
<pin id="97" dir="1" index="0" bw="1" slack="0"/>
</pin_list>
<bind>
<StgValue><ssdm name="arg1_2_axis_out_V_data_V"/></StgValue>
</bind>
</comp>

<comp id="98" class="1000" name="arg1_2_axis_out_V_keep_V">
<pin_list>
<pin id="99" dir="1" index="0" bw="1" slack="0"/>
</pin_list>
<bind>
<StgValue><ssdm name="arg1_2_axis_out_V_keep_V"/></StgValue>
</bind>
</comp>

<comp id="100" class="1000" name="arg1_2_axis_out_V_strb_V">
<pin_list>
<pin id="101" dir="1" index="0" bw="1" slack="0"/>
</pin_list>
<bind>
<StgValue><ssdm name="arg1_2_axis_out_V_strb_V"/></StgValue>
</bind>
</comp>

<comp id="102" class="1000" name="arg1_2_axis_out_V_last_V">
<pin_list>
<pin id="103" dir="1" index="0" bw="1" slack="0"/>
</pin_list>
<bind>
<StgValue><ssdm name="arg1_2_axis_out_V_last_V"/></StgValue>
</bind>
</comp>

<comp id="104" class="1000" name="arg1_3_axis_out_V_data_V">
<pin_list>
<pin id="105" dir="1" index="0" bw="1" slack="0"/>
</pin_list>
<bind>
<StgValue><ssdm name="arg1_3_axis_out_V_data_V"/></StgValue>
</bind>
</comp>

<comp id="106" class="1000" name="arg1_3_axis_out_V_keep_V">
<pin_list>
<pin id="107" dir="1" index="0" bw="1" slack="0"/>
</pin_list>
<bind>
<StgValue><ssdm name="arg1_3_axis_out_V_keep_V"/></StgValue>
</bind>
</comp>

<comp id="108" class="1000" name="arg1_3_axis_out_V_strb_V">
<pin_list>
<pin id="109" dir="1" index="0" bw="1" slack="0"/>
</pin_list>
<bind>
<StgValue><ssdm name="arg1_3_axis_out_V_strb_V"/></StgValue>
</bind>
</comp>

<comp id="110" class="1000" name="arg1_3_axis_out_V_last_V">
<pin_list>
<pin id="111" dir="1" index="0" bw="1" slack="0"/>
</pin_list>
<bind>
<StgValue><ssdm name="arg1_3_axis_out_V_last_V"/></StgValue>
</bind>
</comp>

<comp id="112" class="1000" name="arg1_4_axis_out_V_data_V">
<pin_list>
<pin id="113" dir="1" index="0" bw="1" slack="0"/>
</pin_list>
<bind>
<StgValue><ssdm name="arg1_4_axis_out_V_data_V"/></StgValue>
</bind>
</comp>

<comp id="114" class="1000" name="arg1_4_axis_out_V_keep_V">
<pin_list>
<pin id="115" dir="1" index="0" bw="1" slack="0"/>
</pin_list>
<bind>
<StgValue><ssdm name="arg1_4_axis_out_V_keep_V"/></StgValue>
</bind>
</comp>

<comp id="116" class="1000" name="arg1_4_axis_out_V_strb_V">
<pin_list>
<pin id="117" dir="1" index="0" bw="1" slack="0"/>
</pin_list>
<bind>
<StgValue><ssdm name="arg1_4_axis_out_V_strb_V"/></StgValue>
</bind>
</comp>

<comp id="118" class="1000" name="arg1_4_axis_out_V_last_V">
<pin_list>
<pin id="119" dir="1" index="0" bw="1" slack="0"/>
</pin_list>
<bind>
<StgValue><ssdm name="arg1_4_axis_out_V_last_V"/></StgValue>
</bind>
</comp>

<comp id="120" class="1000" name="arg1_5_axis_out_V_data_V">
<pin_list>
<pin id="121" dir="1" index="0" bw="1" slack="0"/>
</pin_list>
<bind>
<StgValue><ssdm name="arg1_5_axis_out_V_data_V"/></StgValue>
</bind>
</comp>

<comp id="122" class="1000" name="arg1_5_axis_out_V_keep_V">
<pin_list>
<pin id="123" dir="1" index="0" bw="1" slack="0"/>
</pin_list>
<bind>
<StgValue><ssdm name="arg1_5_axis_out_V_keep_V"/></StgValue>
</bind>
</comp>

<comp id="124" class="1000" name="arg1_5_axis_out_V_strb_V">
<pin_list>
<pin id="125" dir="1" index="0" bw="1" slack="0"/>
</pin_list>
<bind>
<StgValue><ssdm name="arg1_5_axis_out_V_strb_V"/></StgValue>
</bind>
</comp>

<comp id="126" class="1000" name="arg1_5_axis_out_V_last_V">
<pin_list>
<pin id="127" dir="1" index="0" bw="1" slack="0"/>
</pin_list>
<bind>
<StgValue><ssdm name="arg1_5_axis_out_V_last_V"/></StgValue>
</bind>
</comp>

<comp id="128" class="1000" name="arg1_6_axis_out_V_data_V">
<pin_list>
<pin id="129" dir="1" index="0" bw="1" slack="0"/>
</pin_list>
<bind>
<StgValue><ssdm name="arg1_6_axis_out_V_data_V"/></StgValue>
</bind>
</comp>

<comp id="130" class="1000" name="arg1_6_axis_out_V_keep_V">
<pin_list>
<pin id="131" dir="1" index="0" bw="1" slack="0"/>
</pin_list>
<bind>
<StgValue><ssdm name="arg1_6_axis_out_V_keep_V"/></StgValue>
</bind>
</comp>

<comp id="132" class="1000" name="arg1_6_axis_out_V_strb_V">
<pin_list>
<pin id="133" dir="1" index="0" bw="1" slack="0"/>
</pin_list>
<bind>
<StgValue><ssdm name="arg1_6_axis_out_V_strb_V"/></StgValue>
</bind>
</comp>

<comp id="134" class="1000" name="arg1_6_axis_out_V_last_V">
<pin_list>
<pin id="135" dir="1" index="0" bw="1" slack="0"/>
</pin_list>
<bind>
<StgValue><ssdm name="arg1_6_axis_out_V_last_V"/></StgValue>
</bind>
</comp>

<comp id="136" class="1000" name="arg1_7_axis_out_V_data_V">
<pin_list>
<pin id="137" dir="1" index="0" bw="1" slack="0"/>
</pin_list>
<bind>
<StgValue><ssdm name="arg1_7_axis_out_V_data_V"/></StgValue>
</bind>
</comp>

<comp id="138" class="1000" name="arg1_7_axis_out_V_keep_V">
<pin_list>
<pin id="139" dir="1" index="0" bw="1" slack="0"/>
</pin_list>
<bind>
<StgValue><ssdm name="arg1_7_axis_out_V_keep_V"/></StgValue>
</bind>
</comp>

<comp id="140" class="1000" name="arg1_7_axis_out_V_strb_V">
<pin_list>
<pin id="141" dir="1" index="0" bw="1" slack="0"/>
</pin_list>
<bind>
<StgValue><ssdm name="arg1_7_axis_out_V_strb_V"/></StgValue>
</bind>
</comp>

<comp id="142" class="1000" name="arg1_7_axis_out_V_last_V">
<pin_list>
<pin id="143" dir="1" index="0" bw="1" slack="0"/>
</pin_list>
<bind>
<StgValue><ssdm name="arg1_7_axis_out_V_last_V"/></StgValue>
</bind>
</comp>

<comp id="144" class="1001" name="const_144">
<pin_list>
<pin id="145" dir="1" index="0" bw="1" slack="0"/>
</pin_list>
<bind>
<StgValue><ssdm name="_ssdm_op_Read.ap_auto.i29"/></StgValue>
</bind>
</comp>

<comp id="146" class="1001" name="const_146">
<pin_list>
<pin id="147" dir="1" index="0" bw="1" slack="0"/>
</pin_list>
<bind>
<StgValue><ssdm name="_ssdm_op_Read.ap_auto.i14"/></StgValue>
</bind>
</comp>

<comp id="148" class="1001" name="const_148">
<pin_list>
<pin id="149" dir="1" index="0" bw="1" slack="0"/>
</pin_list>
<bind>
<StgValue><ssdm name="_ssdm_op_Read.ap_auto.i1"/></StgValue>
</bind>
</comp>

<comp id="150" class="1001" name="const_150">
<pin_list>
<pin id="151" dir="1" index="0" bw="1" slack="0"/>
</pin_list>
<bind>
<StgValue><ssdm name="_ssdm_op_Read.ap_auto.i16"/></StgValue>
</bind>
</comp>

<comp id="152" class="1001" name="const_152">
<pin_list>
<pin id="153" dir="1" index="0" bw="1" slack="0"/>
</pin_list>
<bind>
<StgValue><ssdm name=""/></StgValue>
</bind>
</comp>

<comp id="154" class="1001" name="const_154">
<pin_list>
<pin id="155" dir="1" index="0" bw="1" slack="0"/>
</pin_list>
<bind>
<StgValue><ssdm name="entry_proc"/></StgValue>
</bind>
</comp>

<comp id="156" class="1001" name="const_156">
<pin_list>
<pin id="157" dir="1" index="0" bw="1" slack="0"/>
</pin_list>
<bind>
<StgValue><ssdm name="axis2stream<256u>"/></StgValue>
</bind>
</comp>

<comp id="158" class="1001" name="const_158">
<pin_list>
<pin id="159" dir="1" index="0" bw="1" slack="0"/>
</pin_list>
<bind>
<StgValue><ssdm name="axis2stream<256u>.1"/></StgValue>
</bind>
</comp>

<comp id="160" class="1001" name="const_160">
<pin_list>
<pin id="161" dir="1" index="0" bw="1" slack="0"/>
</pin_list>
<bind>
<StgValue><ssdm name="axis2stream<256u>.2"/></StgValue>
</bind>
</comp>

<comp id="162" class="1001" name="const_162">
<pin_list>
<pin id="163" dir="1" index="0" bw="1" slack="0"/>
</pin_list>
<bind>
<StgValue><ssdm name="axis2stream<256u>.3"/></StgValue>
</bind>
</comp>

<comp id="164" class="1001" name="const_164">
<pin_list>
<pin id="165" dir="1" index="0" bw="1" slack="0"/>
</pin_list>
<bind>
<StgValue><ssdm name="axis2stream<256u>.4"/></StgValue>
</bind>
</comp>

<comp id="166" class="1001" name="const_166">
<pin_list>
<pin id="167" dir="1" index="0" bw="1" slack="0"/>
</pin_list>
<bind>
<StgValue><ssdm name="axis2stream<256u>.5"/></StgValue>
</bind>
</comp>

<comp id="168" class="1001" name="const_168">
<pin_list>
<pin id="169" dir="1" index="0" bw="1" slack="0"/>
</pin_list>
<bind>
<StgValue><ssdm name="axis2stream<256u>.6"/></StgValue>
</bind>
</comp>

<comp id="170" class="1001" name="const_170">
<pin_list>
<pin id="171" dir="1" index="0" bw="1" slack="0"/>
</pin_list>
<bind>
<StgValue><ssdm name="axis2stream<256u>.7"/></StgValue>
</bind>
</comp>

<comp id="172" class="1001" name="const_172">
<pin_list>
<pin id="173" dir="1" index="0" bw="1" slack="0"/>
</pin_list>
<bind>
<StgValue><ssdm name="stream2interleave"/></StgValue>
</bind>
</comp>

<comp id="174" class="1001" name="const_174">
<pin_list>
<pin id="175" dir="1" index="0" bw="1" slack="0"/>
</pin_list>
<bind>
<StgValue><ssdm name="kernel_poisson_kernel_stencil_PE<(unsigned short)4, (unsigned short)0>"/></StgValue>
</bind>
</comp>

<comp id="176" class="1001" name="const_176">
<pin_list>
<pin id="177" dir="1" index="0" bw="1" slack="0"/>
</pin_list>
<bind>
<StgValue><ssdm name="kernel_poisson_kernel_stencil_PE<(unsigned short)4, (unsigned short)1>"/></StgValue>
</bind>
</comp>

<comp id="178" class="1001" name="const_178">
<pin_list>
<pin id="179" dir="1" index="0" bw="1" slack="0"/>
</pin_list>
<bind>
<StgValue><ssdm name="kernel_poisson_kernel_stencil_PE<(unsigned short)4, (unsigned short)2>"/></StgValue>
</bind>
</comp>

<comp id="180" class="1001" name="const_180">
<pin_list>
<pin id="181" dir="1" index="0" bw="1" slack="0"/>
</pin_list>
<bind>
<StgValue><ssdm name="kernel_poisson_kernel_stencil_PE<(unsigned short)4, (unsigned short)3>"/></StgValue>
</bind>
</comp>

<comp id="182" class="1001" name="const_182">
<pin_list>
<pin id="183" dir="1" index="0" bw="1" slack="0"/>
</pin_list>
<bind>
<StgValue><ssdm name="updateInterleaveBoundaries"/></StgValue>
</bind>
</comp>

<comp id="184" class="1001" name="const_184">
<pin_list>
<pin id="185" dir="1" index="0" bw="1" slack="0"/>
</pin_list>
<bind>
<StgValue><ssdm name="kernel_poisson_kernel_stencil_PE<(unsigned short)4, (unsigned short)0>.8"/></StgValue>
</bind>
</comp>

<comp id="186" class="1001" name="const_186">
<pin_list>
<pin id="187" dir="1" index="0" bw="1" slack="0"/>
</pin_list>
<bind>
<StgValue><ssdm name="kernel_poisson_kernel_stencil_PE<(unsigned short)4, (unsigned short)1>.9"/></StgValue>
</bind>
</comp>

<comp id="188" class="1001" name="const_188">
<pin_list>
<pin id="189" dir="1" index="0" bw="1" slack="0"/>
</pin_list>
<bind>
<StgValue><ssdm name="kernel_poisson_kernel_stencil_PE<(unsigned short)4, (unsigned short)2>.10"/></StgValue>
</bind>
</comp>

<comp id="190" class="1001" name="const_190">
<pin_list>
<pin id="191" dir="1" index="0" bw="1" slack="0"/>
</pin_list>
<bind>
<StgValue><ssdm name="kernel_poisson_kernel_stencil_PE<(unsigned short)4, (unsigned short)3>.11"/></StgValue>
</bind>
</comp>

<comp id="192" class="1001" name="const_192">
<pin_list>
<pin id="193" dir="1" index="0" bw="1" slack="0"/>
</pin_list>
<bind>
<StgValue><ssdm name="interleave2stream"/></StgValue>
</bind>
</comp>

<comp id="194" class="1001" name="const_194">
<pin_list>
<pin id="195" dir="1" index="0" bw="1" slack="0"/>
</pin_list>
<bind>
<StgValue><ssdm name="stream2axis<256u>"/></StgValue>
</bind>
</comp>

<comp id="196" class="1001" name="const_196">
<pin_list>
<pin id="197" dir="1" index="0" bw="1" slack="0"/>
</pin_list>
<bind>
<StgValue><ssdm name="stream2axis<256u>.12"/></StgValue>
</bind>
</comp>

<comp id="198" class="1001" name="const_198">
<pin_list>
<pin id="199" dir="1" index="0" bw="1" slack="0"/>
</pin_list>
<bind>
<StgValue><ssdm name="stream2axis<256u>.13"/></StgValue>
</bind>
</comp>

<comp id="200" class="1001" name="const_200">
<pin_list>
<pin id="201" dir="1" index="0" bw="1" slack="0"/>
</pin_list>
<bind>
<StgValue><ssdm name="stream2axis<256u>.14"/></StgValue>
</bind>
</comp>

<comp id="202" class="1001" name="const_202">
<pin_list>
<pin id="203" dir="1" index="0" bw="1" slack="0"/>
</pin_list>
<bind>
<StgValue><ssdm name="stream2axis<256u>.15"/></StgValue>
</bind>
</comp>

<comp id="204" class="1001" name="const_204">
<pin_list>
<pin id="205" dir="1" index="0" bw="1" slack="0"/>
</pin_list>
<bind>
<StgValue><ssdm name="stream2axis<256u>.16"/></StgValue>
</bind>
</comp>

<comp id="206" class="1001" name="const_206">
<pin_list>
<pin id="207" dir="1" index="0" bw="1" slack="0"/>
</pin_list>
<bind>
<StgValue><ssdm name="stream2axis<256u>.17"/></StgValue>
</bind>
</comp>

<comp id="208" class="1001" name="const_208">
<pin_list>
<pin id="209" dir="1" index="0" bw="1" slack="0"/>
</pin_list>
<bind>
<StgValue><ssdm name="stream2axis<256u>.18"/></StgValue>
</bind>
</comp>

<comp id="210" class="1001" name="const_210">
<pin_list>
<pin id="211" dir="1" index="0" bw="1" slack="2147483647"/>
</pin_list>
<bind>
<StgValue><ssdm name="_ssdm_op_SpecChannel"/></StgValue>
</bind>
</comp>

<comp id="212" class="1001" name="const_212">
<pin_list>
<pin id="213" dir="1" index="0" bw="1" slack="2147483647"/>
</pin_list>
<bind>
<StgValue><ssdm name="num_pkts_c109_str"/></StgValue>
</bind>
</comp>

<comp id="214" class="1001" name="const_214">
<pin_list>
<pin id="215" dir="1" index="0" bw="1" slack="2147483647"/>
</pin_list>
<bind>
<StgValue><ssdm name=""/></StgValue>
</bind>
</comp>

<comp id="216" class="1001" name="const_216">
<pin_list>
<pin id="217" dir="1" index="0" bw="1" slack="2147483647"/>
</pin_list>
<bind>
<StgValue><ssdm name="p_str"/></StgValue>
</bind>
</comp>

<comp id="218" class="1001" name="const_218">
<pin_list>
<pin id="219" dir="1" index="0" bw="1" slack="2147483647"/>
</pin_list>
<bind>
<StgValue><ssdm name=""/></StgValue>
</bind>
</comp>

<comp id="220" class="1001" name="const_220">
<pin_list>
<pin id="221" dir="1" index="0" bw="1" slack="2147483647"/>
</pin_list>
<bind>
<StgValue><ssdm name=""/></StgValue>
</bind>
</comp>

<comp id="222" class="1001" name="const_222">
<pin_list>
<pin id="223" dir="1" index="0" bw="1" slack="2147483647"/>
</pin_list>
<bind>
<StgValue><ssdm name="_ssdm_op_SpecInterface"/></StgValue>
</bind>
</comp>

<comp id="224" class="1001" name="const_224">
<pin_list>
<pin id="225" dir="1" index="0" bw="1" slack="2147483647"/>
</pin_list>
<bind>
<StgValue><ssdm name="ap_fifo_str"/></StgValue>
</bind>
</comp>

<comp id="226" class="1001" name="const_226">
<pin_list>
<pin id="227" dir="1" index="0" bw="1" slack="2147483647"/>
</pin_list>
<bind>
<StgValue><ssdm name=""/></StgValue>
</bind>
</comp>

<comp id="228" class="1001" name="const_228">
<pin_list>
<pin id="229" dir="1" index="0" bw="1" slack="2147483647"/>
</pin_list>
<bind>
<StgValue><ssdm name=""/></StgValue>
</bind>
</comp>

<comp id="230" class="1001" name="const_230">
<pin_list>
<pin id="231" dir="1" index="0" bw="1" slack="2147483647"/>
</pin_list>
<bind>
<StgValue><ssdm name="num_pkts_c108_str"/></StgValue>
</bind>
</comp>

<comp id="232" class="1001" name="const_232">
<pin_list>
<pin id="233" dir="1" index="0" bw="1" slack="2147483647"/>
</pin_list>
<bind>
<StgValue><ssdm name=""/></StgValue>
</bind>
</comp>

<comp id="234" class="1001" name="const_234">
<pin_list>
<pin id="235" dir="1" index="0" bw="1" slack="2147483647"/>
</pin_list>
<bind>
<StgValue><ssdm name="num_pkts_c107_str"/></StgValue>
</bind>
</comp>

<comp id="236" class="1001" name="const_236">
<pin_list>
<pin id="237" dir="1" index="0" bw="1" slack="2147483647"/>
</pin_list>
<bind>
<StgValue><ssdm name="num_pkts_c106_str"/></StgValue>
</bind>
</comp>

<comp id="238" class="1001" name="const_238">
<pin_list>
<pin id="239" dir="1" index="0" bw="1" slack="2147483647"/>
</pin_list>
<bind>
<StgValue><ssdm name="num_pkts_c105_str"/></StgValue>
</bind>
</comp>

<comp id="240" class="1001" name="const_240">
<pin_list>
<pin id="241" dir="1" index="0" bw="1" slack="2147483647"/>
</pin_list>
<bind>
<StgValue><ssdm name="num_pkts_c104_str"/></StgValue>
</bind>
</comp>

<comp id="242" class="1001" name="const_242">
<pin_list>
<pin id="243" dir="1" index="0" bw="1" slack="2147483647"/>
</pin_list>
<bind>
<StgValue><ssdm name="num_pkts_c103_str"/></StgValue>
</bind>
</comp>

<comp id="244" class="1001" name="const_244">
<pin_list>
<pin id="245" dir="1" index="0" bw="1" slack="2147483647"/>
</pin_list>
<bind>
<StgValue><ssdm name="num_pkts_c102_str"/></StgValue>
</bind>
</comp>

<comp id="246" class="1001" name="const_246">
<pin_list>
<pin id="247" dir="1" index="0" bw="1" slack="2147483647"/>
</pin_list>
<bind>
<StgValue><ssdm name="num_pkts_c101_str"/></StgValue>
</bind>
</comp>

<comp id="248" class="1001" name="const_248">
<pin_list>
<pin id="249" dir="1" index="0" bw="1" slack="2147483647"/>
</pin_list>
<bind>
<StgValue><ssdm name="num_pkts_c100_str"/></StgValue>
</bind>
</comp>

<comp id="250" class="1001" name="const_250">
<pin_list>
<pin id="251" dir="1" index="0" bw="1" slack="2147483647"/>
</pin_list>
<bind>
<StgValue><ssdm name="num_pkts_c_str"/></StgValue>
</bind>
</comp>

<comp id="252" class="1001" name="const_252">
<pin_list>
<pin id="253" dir="1" index="0" bw="1" slack="2147483647"/>
</pin_list>
<bind>
<StgValue><ssdm name="stencilConfig_OC_6_c99_str"/></StgValue>
</bind>
</comp>

<comp id="254" class="1001" name="const_254">
<pin_list>
<pin id="255" dir="1" index="0" bw="1" slack="2147483647"/>
</pin_list>
<bind>
<StgValue><ssdm name=""/></StgValue>
</bind>
</comp>

<comp id="256" class="1001" name="const_256">
<pin_list>
<pin id="257" dir="1" index="0" bw="1" slack="2147483647"/>
</pin_list>
<bind>
<StgValue><ssdm name="stencilConfig_OC_6_c98_str"/></StgValue>
</bind>
</comp>

<comp id="258" class="1001" name="const_258">
<pin_list>
<pin id="259" dir="1" index="0" bw="1" slack="2147483647"/>
</pin_list>
<bind>
<StgValue><ssdm name="stencilConfig_OC_6_c97_str"/></StgValue>
</bind>
</comp>

<comp id="260" class="1001" name="const_260">
<pin_list>
<pin id="261" dir="1" index="0" bw="1" slack="2147483647"/>
</pin_list>
<bind>
<StgValue><ssdm name="stencilConfig_OC_6_c96_str"/></StgValue>
</bind>
</comp>

<comp id="262" class="1001" name="const_262">
<pin_list>
<pin id="263" dir="1" index="0" bw="1" slack="2147483647"/>
</pin_list>
<bind>
<StgValue><ssdm name="stencilConfig_OC_6_c95_str"/></StgValue>
</bind>
</comp>

<comp id="264" class="1001" name="const_264">
<pin_list>
<pin id="265" dir="1" index="0" bw="1" slack="2147483647"/>
</pin_list>
<bind>
<StgValue><ssdm name="stencilConfig_OC_6_c94_str"/></StgValue>
</bind>
</comp>

<comp id="266" class="1001" name="const_266">
<pin_list>
<pin id="267" dir="1" index="0" bw="1" slack="2147483647"/>
</pin_list>
<bind>
<StgValue><ssdm name="stencilConfig_OC_6_c93_str"/></StgValue>
</bind>
</comp>

<comp id="268" class="1001" name="const_268">
<pin_list>
<pin id="269" dir="1" index="0" bw="1" slack="2147483647"/>
</pin_list>
<bind>
<StgValue><ssdm name="stencilConfig_OC_6_c_str"/></StgValue>
</bind>
</comp>

<comp id="270" class="1001" name="const_270">
<pin_list>
<pin id="271" dir="1" index="0" bw="1" slack="2147483647"/>
</pin_list>
<bind>
<StgValue><ssdm name="stencilConfig_OC_5_OC_0_c92_str"/></StgValue>
</bind>
</comp>

<comp id="272" class="1001" name="const_272">
<pin_list>
<pin id="273" dir="1" index="0" bw="1" slack="2147483647"/>
</pin_list>
<bind>
<StgValue><ssdm name="stencilConfig_OC_5_OC_0_c91_str"/></StgValue>
</bind>
</comp>

<comp id="274" class="1001" name="const_274">
<pin_list>
<pin id="275" dir="1" index="0" bw="1" slack="2147483647"/>
</pin_list>
<bind>
<StgValue><ssdm name="stencilConfig_OC_5_OC_0_c90_str"/></StgValue>
</bind>
</comp>

<comp id="276" class="1001" name="const_276">
<pin_list>
<pin id="277" dir="1" index="0" bw="1" slack="2147483647"/>
</pin_list>
<bind>
<StgValue><ssdm name="stencilConfig_OC_5_OC_0_c89_str"/></StgValue>
</bind>
</comp>

<comp id="278" class="1001" name="const_278">
<pin_list>
<pin id="279" dir="1" index="0" bw="1" slack="2147483647"/>
</pin_list>
<bind>
<StgValue><ssdm name="stencilConfig_OC_5_OC_0_c88_str"/></StgValue>
</bind>
</comp>

<comp id="280" class="1001" name="const_280">
<pin_list>
<pin id="281" dir="1" index="0" bw="1" slack="2147483647"/>
</pin_list>
<bind>
<StgValue><ssdm name="stencilConfig_OC_5_OC_0_c87_str"/></StgValue>
</bind>
</comp>

<comp id="282" class="1001" name="const_282">
<pin_list>
<pin id="283" dir="1" index="0" bw="1" slack="2147483647"/>
</pin_list>
<bind>
<StgValue><ssdm name="stencilConfig_OC_5_OC_0_c86_str"/></StgValue>
</bind>
</comp>

<comp id="284" class="1001" name="const_284">
<pin_list>
<pin id="285" dir="1" index="0" bw="1" slack="2147483647"/>
</pin_list>
<bind>
<StgValue><ssdm name="stencilConfig_OC_5_OC_0_c_str"/></StgValue>
</bind>
</comp>

<comp id="286" class="1001" name="const_286">
<pin_list>
<pin id="287" dir="1" index="0" bw="1" slack="2147483647"/>
</pin_list>
<bind>
<StgValue><ssdm name="stencilConfig_OC_4_OC_0_c85_str"/></StgValue>
</bind>
</comp>

<comp id="288" class="1001" name="const_288">
<pin_list>
<pin id="289" dir="1" index="0" bw="1" slack="2147483647"/>
</pin_list>
<bind>
<StgValue><ssdm name="stencilConfig_OC_4_OC_0_c_str"/></StgValue>
</bind>
</comp>

<comp id="290" class="1001" name="const_290">
<pin_list>
<pin id="291" dir="1" index="0" bw="1" slack="2147483647"/>
</pin_list>
<bind>
<StgValue><ssdm name="stencilConfig_OC_3_c84_str"/></StgValue>
</bind>
</comp>

<comp id="292" class="1001" name="const_292">
<pin_list>
<pin id="293" dir="1" index="0" bw="1" slack="2147483647"/>
</pin_list>
<bind>
<StgValue><ssdm name="stencilConfig_OC_3_c83_str"/></StgValue>
</bind>
</comp>

<comp id="294" class="1001" name="const_294">
<pin_list>
<pin id="295" dir="1" index="0" bw="1" slack="2147483647"/>
</pin_list>
<bind>
<StgValue><ssdm name="stencilConfig_OC_3_c82_str"/></StgValue>
</bind>
</comp>

<comp id="296" class="1001" name="const_296">
<pin_list>
<pin id="297" dir="1" index="0" bw="1" slack="2147483647"/>
</pin_list>
<bind>
<StgValue><ssdm name="stencilConfig_OC_3_c81_str"/></StgValue>
</bind>
</comp>

<comp id="298" class="1001" name="const_298">
<pin_list>
<pin id="299" dir="1" index="0" bw="1" slack="2147483647"/>
</pin_list>
<bind>
<StgValue><ssdm name="stencilConfig_OC_3_c80_str"/></StgValue>
</bind>
</comp>

<comp id="300" class="1001" name="const_300">
<pin_list>
<pin id="301" dir="1" index="0" bw="1" slack="2147483647"/>
</pin_list>
<bind>
<StgValue><ssdm name="stencilConfig_OC_3_c79_str"/></StgValue>
</bind>
</comp>

<comp id="302" class="1001" name="const_302">
<pin_list>
<pin id="303" dir="1" index="0" bw="1" slack="2147483647"/>
</pin_list>
<bind>
<StgValue><ssdm name="stencilConfig_OC_3_c78_str"/></StgValue>
</bind>
</comp>

<comp id="304" class="1001" name="const_304">
<pin_list>
<pin id="305" dir="1" index="0" bw="1" slack="2147483647"/>
</pin_list>
<bind>
<StgValue><ssdm name="stencilConfig_OC_3_c_str"/></StgValue>
</bind>
</comp>

<comp id="306" class="1001" name="const_306">
<pin_list>
<pin id="307" dir="1" index="0" bw="1" slack="2147483647"/>
</pin_list>
<bind>
<StgValue><ssdm name="stencilConfig_OC_2_c77_str"/></StgValue>
</bind>
</comp>

<comp id="308" class="1001" name="const_308">
<pin_list>
<pin id="309" dir="1" index="0" bw="1" slack="2147483647"/>
</pin_list>
<bind>
<StgValue><ssdm name="stencilConfig_OC_2_c76_str"/></StgValue>
</bind>
</comp>

<comp id="310" class="1001" name="const_310">
<pin_list>
<pin id="311" dir="1" index="0" bw="1" slack="2147483647"/>
</pin_list>
<bind>
<StgValue><ssdm name="stencilConfig_OC_2_c75_str"/></StgValue>
</bind>
</comp>

<comp id="312" class="1001" name="const_312">
<pin_list>
<pin id="313" dir="1" index="0" bw="1" slack="2147483647"/>
</pin_list>
<bind>
<StgValue><ssdm name="stencilConfig_OC_2_c74_str"/></StgValue>
</bind>
</comp>

<comp id="314" class="1001" name="const_314">
<pin_list>
<pin id="315" dir="1" index="0" bw="1" slack="2147483647"/>
</pin_list>
<bind>
<StgValue><ssdm name="stencilConfig_OC_2_c73_str"/></StgValue>
</bind>
</comp>

<comp id="316" class="1001" name="const_316">
<pin_list>
<pin id="317" dir="1" index="0" bw="1" slack="2147483647"/>
</pin_list>
<bind>
<StgValue><ssdm name="stencilConfig_OC_2_c72_str"/></StgValue>
</bind>
</comp>

<comp id="318" class="1001" name="const_318">
<pin_list>
<pin id="319" dir="1" index="0" bw="1" slack="2147483647"/>
</pin_list>
<bind>
<StgValue><ssdm name="stencilConfig_OC_2_c71_str"/></StgValue>
</bind>
</comp>

<comp id="320" class="1001" name="const_320">
<pin_list>
<pin id="321" dir="1" index="0" bw="1" slack="2147483647"/>
</pin_list>
<bind>
<StgValue><ssdm name="stencilConfig_OC_2_c_str"/></StgValue>
</bind>
</comp>

<comp id="322" class="1001" name="const_322">
<pin_list>
<pin id="323" dir="1" index="0" bw="1" slack="2147483647"/>
</pin_list>
<bind>
<StgValue><ssdm name="stencilConfig_OC_0_OC_1_c70_str"/></StgValue>
</bind>
</comp>

<comp id="324" class="1001" name="const_324">
<pin_list>
<pin id="325" dir="1" index="0" bw="1" slack="2147483647"/>
</pin_list>
<bind>
<StgValue><ssdm name="stencilConfig_OC_0_OC_1_c69_str"/></StgValue>
</bind>
</comp>

<comp id="326" class="1001" name="const_326">
<pin_list>
<pin id="327" dir="1" index="0" bw="1" slack="2147483647"/>
</pin_list>
<bind>
<StgValue><ssdm name="stencilConfig_OC_0_OC_1_c68_str"/></StgValue>
</bind>
</comp>

<comp id="328" class="1001" name="const_328">
<pin_list>
<pin id="329" dir="1" index="0" bw="1" slack="2147483647"/>
</pin_list>
<bind>
<StgValue><ssdm name="stencilConfig_OC_0_OC_1_c67_str"/></StgValue>
</bind>
</comp>

<comp id="330" class="1001" name="const_330">
<pin_list>
<pin id="331" dir="1" index="0" bw="1" slack="2147483647"/>
</pin_list>
<bind>
<StgValue><ssdm name="stencilConfig_OC_0_OC_1_c66_str"/></StgValue>
</bind>
</comp>

<comp id="332" class="1001" name="const_332">
<pin_list>
<pin id="333" dir="1" index="0" bw="1" slack="2147483647"/>
</pin_list>
<bind>
<StgValue><ssdm name="stencilConfig_OC_0_OC_1_c65_str"/></StgValue>
</bind>
</comp>

<comp id="334" class="1001" name="const_334">
<pin_list>
<pin id="335" dir="1" index="0" bw="1" slack="2147483647"/>
</pin_list>
<bind>
<StgValue><ssdm name="stencilConfig_OC_0_OC_1_c64_str"/></StgValue>
</bind>
</comp>

<comp id="336" class="1001" name="const_336">
<pin_list>
<pin id="337" dir="1" index="0" bw="1" slack="2147483647"/>
</pin_list>
<bind>
<StgValue><ssdm name="stencilConfig_OC_0_OC_1_c_str"/></StgValue>
</bind>
</comp>

<comp id="338" class="1001" name="const_338">
<pin_list>
<pin id="339" dir="1" index="0" bw="1" slack="2147483647"/>
</pin_list>
<bind>
<StgValue><ssdm name="stencilConfig_OC_0_OC_0_c63_str"/></StgValue>
</bind>
</comp>

<comp id="340" class="1001" name="const_340">
<pin_list>
<pin id="341" dir="1" index="0" bw="1" slack="2147483647"/>
</pin_list>
<bind>
<StgValue><ssdm name="stencilConfig_OC_0_OC_0_c62_str"/></StgValue>
</bind>
</comp>

<comp id="342" class="1001" name="const_342">
<pin_list>
<pin id="343" dir="1" index="0" bw="1" slack="2147483647"/>
</pin_list>
<bind>
<StgValue><ssdm name="stencilConfig_OC_0_OC_0_c61_str"/></StgValue>
</bind>
</comp>

<comp id="344" class="1001" name="const_344">
<pin_list>
<pin id="345" dir="1" index="0" bw="1" slack="2147483647"/>
</pin_list>
<bind>
<StgValue><ssdm name="stencilConfig_OC_0_OC_0_c60_str"/></StgValue>
</bind>
</comp>

<comp id="346" class="1001" name="const_346">
<pin_list>
<pin id="347" dir="1" index="0" bw="1" slack="2147483647"/>
</pin_list>
<bind>
<StgValue><ssdm name="stencilConfig_OC_0_OC_0_c59_str"/></StgValue>
</bind>
</comp>

<comp id="348" class="1001" name="const_348">
<pin_list>
<pin id="349" dir="1" index="0" bw="1" slack="2147483647"/>
</pin_list>
<bind>
<StgValue><ssdm name="stencilConfig_OC_0_OC_0_c58_str"/></StgValue>
</bind>
</comp>

<comp id="350" class="1001" name="const_350">
<pin_list>
<pin id="351" dir="1" index="0" bw="1" slack="2147483647"/>
</pin_list>
<bind>
<StgValue><ssdm name="stencilConfig_OC_0_OC_0_c57_str"/></StgValue>
</bind>
</comp>

<comp id="352" class="1001" name="const_352">
<pin_list>
<pin id="353" dir="1" index="0" bw="1" slack="2147483647"/>
</pin_list>
<bind>
<StgValue><ssdm name="stencilConfig_OC_0_OC_0_c_str"/></StgValue>
</bind>
</comp>

<comp id="354" class="1001" name="const_354">
<pin_list>
<pin id="355" dir="1" index="0" bw="1" slack="2147483647"/>
</pin_list>
<bind>
<StgValue><ssdm name="_ssdm_op_SpecDataflowPipeline"/></StgValue>
</bind>
</comp>

<comp id="356" class="1001" name="const_356">
<pin_list>
<pin id="357" dir="1" index="0" bw="1" slack="2147483647"/>
</pin_list>
<bind>
<StgValue><ssdm name="empty_1"/></StgValue>
</bind>
</comp>

<comp id="358" class="1001" name="const_358">
<pin_list>
<pin id="359" dir="1" index="0" bw="1" slack="2147483647"/>
</pin_list>
<bind>
<StgValue><ssdm name="_ssdm_op_SpecAXISSideChannel"/></StgValue>
</bind>
</comp>

<comp id="360" class="1001" name="const_360">
<pin_list>
<pin id="361" dir="1" index="0" bw="1" slack="2147483647"/>
</pin_list>
<bind>
<StgValue><ssdm name=""/></StgValue>
</bind>
</comp>

<comp id="362" class="1001" name="const_362">
<pin_list>
<pin id="363" dir="1" index="0" bw="1" slack="2147483647"/>
</pin_list>
<bind>
<StgValue><ssdm name="empty_41"/></StgValue>
</bind>
</comp>

<comp id="364" class="1001" name="const_364">
<pin_list>
<pin id="365" dir="1" index="0" bw="1" slack="2147483647"/>
</pin_list>
<bind>
<StgValue><ssdm name="empty_40"/></StgValue>
</bind>
</comp>

<comp id="366" class="1001" name="const_366">
<pin_list>
<pin id="367" dir="1" index="0" bw="1" slack="2147483647"/>
</pin_list>
<bind>
<StgValue><ssdm name="empty_39"/></StgValue>
</bind>
</comp>

<comp id="368" class="1001" name="const_368">
<pin_list>
<pin id="369" dir="1" index="0" bw="1" slack="2147483647"/>
</pin_list>
<bind>
<StgValue><ssdm name="empty_5"/></StgValue>
</bind>
</comp>

<comp id="370" class="1001" name="const_370">
<pin_list>
<pin id="371" dir="1" index="0" bw="1" slack="2147483647"/>
</pin_list>
<bind>
<StgValue><ssdm name="empty_2"/></StgValue>
</bind>
</comp>

<comp id="372" class="1001" name="const_372">
<pin_list>
<pin id="373" dir="1" index="0" bw="1" slack="2147483647"/>
</pin_list>
<bind>
<StgValue><ssdm name="empty_37"/></StgValue>
</bind>
</comp>

<comp id="374" class="1001" name="const_374">
<pin_list>
<pin id="375" dir="1" index="0" bw="1" slack="2147483647"/>
</pin_list>
<bind>
<StgValue><ssdm name="empty_12"/></StgValue>
</bind>
</comp>

<comp id="376" class="1001" name="const_376">
<pin_list>
<pin id="377" dir="1" index="0" bw="1" slack="2147483647"/>
</pin_list>
<bind>
<StgValue><ssdm name="empty_11"/></StgValue>
</bind>
</comp>

<comp id="378" class="1001" name="const_378">
<pin_list>
<pin id="379" dir="1" index="0" bw="1" slack="2147483647"/>
</pin_list>
<bind>
<StgValue><ssdm name="empty_10"/></StgValue>
</bind>
</comp>

<comp id="380" class="1001" name="const_380">
<pin_list>
<pin id="381" dir="1" index="0" bw="1" slack="2147483647"/>
</pin_list>
<bind>
<StgValue><ssdm name="empty_9"/></StgValue>
</bind>
</comp>

<comp id="382" class="1001" name="const_382">
<pin_list>
<pin id="383" dir="1" index="0" bw="1" slack="2147483647"/>
</pin_list>
<bind>
<StgValue><ssdm name="empty_8"/></StgValue>
</bind>
</comp>

<comp id="384" class="1001" name="const_384">
<pin_list>
<pin id="385" dir="1" index="0" bw="1" slack="2147483647"/>
</pin_list>
<bind>
<StgValue><ssdm name="empty_31"/></StgValue>
</bind>
</comp>

<comp id="386" class="1001" name="const_386">
<pin_list>
<pin id="387" dir="1" index="0" bw="1" slack="2147483647"/>
</pin_list>
<bind>
<StgValue><ssdm name="empty_6"/></StgValue>
</bind>
</comp>

<comp id="388" class="1001" name="const_388">
<pin_list>
<pin id="389" dir="1" index="0" bw="1" slack="2147483647"/>
</pin_list>
<bind>
<StgValue><ssdm name="empty_29"/></StgValue>
</bind>
</comp>

<comp id="390" class="1001" name="const_390">
<pin_list>
<pin id="391" dir="1" index="0" bw="1" slack="2147483647"/>
</pin_list>
<bind>
<StgValue><ssdm name="empty_14"/></StgValue>
</bind>
</comp>

<comp id="392" class="1001" name="const_392">
<pin_list>
<pin id="393" dir="1" index="0" bw="1" slack="2147483647"/>
</pin_list>
<bind>
<StgValue><ssdm name="empty_27"/></StgValue>
</bind>
</comp>

<comp id="394" class="1001" name="const_394">
<pin_list>
<pin id="395" dir="1" index="0" bw="1" slack="2147483647"/>
</pin_list>
<bind>
<StgValue><ssdm name="empty_21"/></StgValue>
</bind>
</comp>

<comp id="396" class="1001" name="const_396">
<pin_list>
<pin id="397" dir="1" index="0" bw="1" slack="2147483647"/>
</pin_list>
<bind>
<StgValue><ssdm name="empty_42"/></StgValue>
</bind>
</comp>

<comp id="398" class="1001" name="const_398">
<pin_list>
<pin id="399" dir="1" index="0" bw="1" slack="2147483647"/>
</pin_list>
<bind>
<StgValue><ssdm name="arg0_arg1_streams_0_0_str"/></StgValue>
</bind>
</comp>

<comp id="400" class="1001" name="const_400">
<pin_list>
<pin id="401" dir="1" index="0" bw="1" slack="2147483647"/>
</pin_list>
<bind>
<StgValue><ssdm name=""/></StgValue>
</bind>
</comp>

<comp id="402" class="1001" name="const_402">
<pin_list>
<pin id="403" dir="1" index="0" bw="1" slack="2147483647"/>
</pin_list>
<bind>
<StgValue><ssdm name="empty_36"/></StgValue>
</bind>
</comp>

<comp id="404" class="1001" name="const_404">
<pin_list>
<pin id="405" dir="1" index="0" bw="1" slack="2147483647"/>
</pin_list>
<bind>
<StgValue><ssdm name="arg0_arg1_streams_0_1_str"/></StgValue>
</bind>
</comp>

<comp id="406" class="1001" name="const_406">
<pin_list>
<pin id="407" dir="1" index="0" bw="1" slack="2147483647"/>
</pin_list>
<bind>
<StgValue><ssdm name="arg0_arg1_streams_0_2_str"/></StgValue>
</bind>
</comp>

<comp id="408" class="1001" name="const_408">
<pin_list>
<pin id="409" dir="1" index="0" bw="1" slack="2147483647"/>
</pin_list>
<bind>
<StgValue><ssdm name="arg0_arg1_streams_0_3_str"/></StgValue>
</bind>
</comp>

<comp id="410" class="1001" name="const_410">
<pin_list>
<pin id="411" dir="1" index="0" bw="1" slack="2147483647"/>
</pin_list>
<bind>
<StgValue><ssdm name="arg0_arg1_streams_0_4_str"/></StgValue>
</bind>
</comp>

<comp id="412" class="1001" name="const_412">
<pin_list>
<pin id="413" dir="1" index="0" bw="1" slack="2147483647"/>
</pin_list>
<bind>
<StgValue><ssdm name="arg0_arg1_streams_0_5_str"/></StgValue>
</bind>
</comp>

<comp id="414" class="1001" name="const_414">
<pin_list>
<pin id="415" dir="1" index="0" bw="1" slack="2147483647"/>
</pin_list>
<bind>
<StgValue><ssdm name="arg0_arg1_streams_0_6_str"/></StgValue>
</bind>
</comp>

<comp id="416" class="1001" name="const_416">
<pin_list>
<pin id="417" dir="1" index="0" bw="1" slack="2147483647"/>
</pin_list>
<bind>
<StgValue><ssdm name="arg0_arg1_streams_0_7_str"/></StgValue>
</bind>
</comp>

<comp id="418" class="1001" name="const_418">
<pin_list>
<pin id="419" dir="1" index="0" bw="1" slack="2147483647"/>
</pin_list>
<bind>
<StgValue><ssdm name="arg0_arg1_streams_1_0_str"/></StgValue>
</bind>
</comp>

<comp id="420" class="1001" name="const_420">
<pin_list>
<pin id="421" dir="1" index="0" bw="1" slack="2147483647"/>
</pin_list>
<bind>
<StgValue><ssdm name="arg0_arg1_streams_1_1_str"/></StgValue>
</bind>
</comp>

<comp id="422" class="1001" name="const_422">
<pin_list>
<pin id="423" dir="1" index="0" bw="1" slack="2147483647"/>
</pin_list>
<bind>
<StgValue><ssdm name="arg0_arg1_streams_1_2_str"/></StgValue>
</bind>
</comp>

<comp id="424" class="1001" name="const_424">
<pin_list>
<pin id="425" dir="1" index="0" bw="1" slack="2147483647"/>
</pin_list>
<bind>
<StgValue><ssdm name="arg0_arg1_streams_1_3_str"/></StgValue>
</bind>
</comp>

<comp id="426" class="1001" name="const_426">
<pin_list>
<pin id="427" dir="1" index="0" bw="1" slack="2147483647"/>
</pin_list>
<bind>
<StgValue><ssdm name="arg0_arg1_streams_1_4_str"/></StgValue>
</bind>
</comp>

<comp id="428" class="1001" name="const_428">
<pin_list>
<pin id="429" dir="1" index="0" bw="1" slack="2147483647"/>
</pin_list>
<bind>
<StgValue><ssdm name="arg0_arg1_streams_1_5_str"/></StgValue>
</bind>
</comp>

<comp id="430" class="1001" name="const_430">
<pin_list>
<pin id="431" dir="1" index="0" bw="1" slack="2147483647"/>
</pin_list>
<bind>
<StgValue><ssdm name="arg0_arg1_streams_1_6_str"/></StgValue>
</bind>
</comp>

<comp id="432" class="1001" name="const_432">
<pin_list>
<pin id="433" dir="1" index="0" bw="1" slack="2147483647"/>
</pin_list>
<bind>
<StgValue><ssdm name="arg0_arg1_streams_1_7_str"/></StgValue>
</bind>
</comp>

<comp id="434" class="1001" name="const_434">
<pin_list>
<pin id="435" dir="1" index="0" bw="1" slack="2147483647"/>
</pin_list>
<bind>
<StgValue><ssdm name="arg0_poisson_kernel_stencil_in_subtile_stream_0_0_str"/></StgValue>
</bind>
</comp>

<comp id="436" class="1001" name="const_436">
<pin_list>
<pin id="437" dir="1" index="0" bw="1" slack="2147483647"/>
</pin_list>
<bind>
<StgValue><ssdm name="arg0_poisson_kernel_stencil_in_subtile_stream_0_1_str"/></StgValue>
</bind>
</comp>

<comp id="438" class="1001" name="const_438">
<pin_list>
<pin id="439" dir="1" index="0" bw="1" slack="2147483647"/>
</pin_list>
<bind>
<StgValue><ssdm name="arg0_poisson_kernel_stencil_in_subtile_stream_0_2_str"/></StgValue>
</bind>
</comp>

<comp id="440" class="1001" name="const_440">
<pin_list>
<pin id="441" dir="1" index="0" bw="1" slack="2147483647"/>
</pin_list>
<bind>
<StgValue><ssdm name="arg0_poisson_kernel_stencil_in_subtile_stream_0_3_str"/></StgValue>
</bind>
</comp>

<comp id="442" class="1001" name="const_442">
<pin_list>
<pin id="443" dir="1" index="0" bw="1" slack="2147483647"/>
</pin_list>
<bind>
<StgValue><ssdm name="arg0_poisson_kernel_stencil_in_subtile_stream_0_4_str"/></StgValue>
</bind>
</comp>

<comp id="444" class="1001" name="const_444">
<pin_list>
<pin id="445" dir="1" index="0" bw="1" slack="2147483647"/>
</pin_list>
<bind>
<StgValue><ssdm name="arg0_poisson_kernel_stencil_in_subtile_stream_0_5_str"/></StgValue>
</bind>
</comp>

<comp id="446" class="1001" name="const_446">
<pin_list>
<pin id="447" dir="1" index="0" bw="1" slack="2147483647"/>
</pin_list>
<bind>
<StgValue><ssdm name="arg0_poisson_kernel_stencil_in_subtile_stream_0_6_str"/></StgValue>
</bind>
</comp>

<comp id="448" class="1001" name="const_448">
<pin_list>
<pin id="449" dir="1" index="0" bw="1" slack="2147483647"/>
</pin_list>
<bind>
<StgValue><ssdm name="arg0_poisson_kernel_stencil_in_subtile_stream_0_7_str"/></StgValue>
</bind>
</comp>

<comp id="450" class="1001" name="const_450">
<pin_list>
<pin id="451" dir="1" index="0" bw="1" slack="2147483647"/>
</pin_list>
<bind>
<StgValue><ssdm name="arg0_poisson_kernel_stencil_in_subtile_stream_1_0_str"/></StgValue>
</bind>
</comp>

<comp id="452" class="1001" name="const_452">
<pin_list>
<pin id="453" dir="1" index="0" bw="1" slack="2147483647"/>
</pin_list>
<bind>
<StgValue><ssdm name="arg0_poisson_kernel_stencil_in_subtile_stream_1_1_str"/></StgValue>
</bind>
</comp>

<comp id="454" class="1001" name="const_454">
<pin_list>
<pin id="455" dir="1" index="0" bw="1" slack="2147483647"/>
</pin_list>
<bind>
<StgValue><ssdm name="arg0_poisson_kernel_stencil_in_subtile_stream_1_2_str"/></StgValue>
</bind>
</comp>

<comp id="456" class="1001" name="const_456">
<pin_list>
<pin id="457" dir="1" index="0" bw="1" slack="2147483647"/>
</pin_list>
<bind>
<StgValue><ssdm name="arg0_poisson_kernel_stencil_in_subtile_stream_1_3_str"/></StgValue>
</bind>
</comp>

<comp id="458" class="1001" name="const_458">
<pin_list>
<pin id="459" dir="1" index="0" bw="1" slack="2147483647"/>
</pin_list>
<bind>
<StgValue><ssdm name="arg0_poisson_kernel_stencil_in_subtile_stream_1_4_str"/></StgValue>
</bind>
</comp>

<comp id="460" class="1001" name="const_460">
<pin_list>
<pin id="461" dir="1" index="0" bw="1" slack="2147483647"/>
</pin_list>
<bind>
<StgValue><ssdm name="arg0_poisson_kernel_stencil_in_subtile_stream_1_5_str"/></StgValue>
</bind>
</comp>

<comp id="462" class="1001" name="const_462">
<pin_list>
<pin id="463" dir="1" index="0" bw="1" slack="2147483647"/>
</pin_list>
<bind>
<StgValue><ssdm name="arg0_poisson_kernel_stencil_in_subtile_stream_1_6_str"/></StgValue>
</bind>
</comp>

<comp id="464" class="1001" name="const_464">
<pin_list>
<pin id="465" dir="1" index="0" bw="1" slack="2147483647"/>
</pin_list>
<bind>
<StgValue><ssdm name="arg0_poisson_kernel_stencil_in_subtile_stream_1_7_str"/></StgValue>
</bind>
</comp>

<comp id="466" class="1001" name="const_466">
<pin_list>
<pin id="467" dir="1" index="0" bw="1" slack="2147483647"/>
</pin_list>
<bind>
<StgValue><ssdm name="arg1_poisson_kernel_stencil_out_subtile_stream_0_0_str"/></StgValue>
</bind>
</comp>

<comp id="468" class="1001" name="const_468">
<pin_list>
<pin id="469" dir="1" index="0" bw="1" slack="2147483647"/>
</pin_list>
<bind>
<StgValue><ssdm name="arg1_poisson_kernel_stencil_out_subtile_stream_0_1_str"/></StgValue>
</bind>
</comp>

<comp id="470" class="1001" name="const_470">
<pin_list>
<pin id="471" dir="1" index="0" bw="1" slack="2147483647"/>
</pin_list>
<bind>
<StgValue><ssdm name="arg1_poisson_kernel_stencil_out_subtile_stream_0_2_str"/></StgValue>
</bind>
</comp>

<comp id="472" class="1001" name="const_472">
<pin_list>
<pin id="473" dir="1" index="0" bw="1" slack="2147483647"/>
</pin_list>
<bind>
<StgValue><ssdm name="arg1_poisson_kernel_stencil_out_subtile_stream_0_3_str"/></StgValue>
</bind>
</comp>

<comp id="474" class="1001" name="const_474">
<pin_list>
<pin id="475" dir="1" index="0" bw="1" slack="2147483647"/>
</pin_list>
<bind>
<StgValue><ssdm name="arg1_poisson_kernel_stencil_out_subtile_stream_0_4_str"/></StgValue>
</bind>
</comp>

<comp id="476" class="1001" name="const_476">
<pin_list>
<pin id="477" dir="1" index="0" bw="1" slack="2147483647"/>
</pin_list>
<bind>
<StgValue><ssdm name="arg1_poisson_kernel_stencil_out_subtile_stream_0_5_str"/></StgValue>
</bind>
</comp>

<comp id="478" class="1001" name="const_478">
<pin_list>
<pin id="479" dir="1" index="0" bw="1" slack="2147483647"/>
</pin_list>
<bind>
<StgValue><ssdm name="arg1_poisson_kernel_stencil_out_subtile_stream_0_6_str"/></StgValue>
</bind>
</comp>

<comp id="480" class="1001" name="const_480">
<pin_list>
<pin id="481" dir="1" index="0" bw="1" slack="2147483647"/>
</pin_list>
<bind>
<StgValue><ssdm name="arg1_poisson_kernel_stencil_out_subtile_stream_0_7_str"/></StgValue>
</bind>
</comp>

<comp id="482" class="1001" name="const_482">
<pin_list>
<pin id="483" dir="1" index="0" bw="1" slack="2147483647"/>
</pin_list>
<bind>
<StgValue><ssdm name="arg1_poisson_kernel_stencil_out_subtile_stream_1_0_str"/></StgValue>
</bind>
</comp>

<comp id="484" class="1001" name="const_484">
<pin_list>
<pin id="485" dir="1" index="0" bw="1" slack="2147483647"/>
</pin_list>
<bind>
<StgValue><ssdm name="arg1_poisson_kernel_stencil_out_subtile_stream_1_1_str"/></StgValue>
</bind>
</comp>

<comp id="486" class="1001" name="const_486">
<pin_list>
<pin id="487" dir="1" index="0" bw="1" slack="2147483647"/>
</pin_list>
<bind>
<StgValue><ssdm name="arg1_poisson_kernel_stencil_out_subtile_stream_1_2_str"/></StgValue>
</bind>
</comp>

<comp id="488" class="1001" name="const_488">
<pin_list>
<pin id="489" dir="1" index="0" bw="1" slack="2147483647"/>
</pin_list>
<bind>
<StgValue><ssdm name="arg1_poisson_kernel_stencil_out_subtile_stream_1_3_str"/></StgValue>
</bind>
</comp>

<comp id="490" class="1001" name="const_490">
<pin_list>
<pin id="491" dir="1" index="0" bw="1" slack="2147483647"/>
</pin_list>
<bind>
<StgValue><ssdm name="arg1_poisson_kernel_stencil_out_subtile_stream_1_4_str"/></StgValue>
</bind>
</comp>

<comp id="492" class="1001" name="const_492">
<pin_list>
<pin id="493" dir="1" index="0" bw="1" slack="2147483647"/>
</pin_list>
<bind>
<StgValue><ssdm name="arg1_poisson_kernel_stencil_out_subtile_stream_1_5_str"/></StgValue>
</bind>
</comp>

<comp id="494" class="1001" name="const_494">
<pin_list>
<pin id="495" dir="1" index="0" bw="1" slack="2147483647"/>
</pin_list>
<bind>
<StgValue><ssdm name="arg1_poisson_kernel_stencil_out_subtile_stream_1_6_str"/></StgValue>
</bind>
</comp>

<comp id="496" class="1001" name="const_496">
<pin_list>
<pin id="497" dir="1" index="0" bw="1" slack="2147483647"/>
</pin_list>
<bind>
<StgValue><ssdm name="arg1_poisson_kernel_stencil_out_subtile_stream_1_7_str"/></StgValue>
</bind>
</comp>

<comp id="498" class="1004" name="num_pkts_c109_fu_498">
<pin_list>
<pin id="499" dir="0" index="0" bw="1" slack="0"/>
<pin id="500" dir="1" index="1" bw="29" slack="0"/>
</pin_list>
<bind>
<opcode="alloca(26) " fcode="alloca"/>
<opset="num_pkts_c109/1 "/>
</bind>
</comp>

<comp id="502" class="1004" name="num_pkts_c108_fu_502">
<pin_list>
<pin id="503" dir="0" index="0" bw="1" slack="0"/>
<pin id="504" dir="1" index="1" bw="29" slack="2"/>
</pin_list>
<bind>
<opcode="alloca(26) " fcode="alloca"/>
<opset="num_pkts_c108/1 "/>
</bind>
</comp>

<comp id="506" class="1004" name="num_pkts_c107_fu_506">
<pin_list>
<pin id="507" dir="0" index="0" bw="1" slack="0"/>
<pin id="508" dir="1" index="1" bw="29" slack="6"/>
</pin_list>
<bind>
<opcode="alloca(26) " fcode="alloca"/>
<opset="num_pkts_c107/1 "/>
</bind>
</comp>

<comp id="510" class="1004" name="num_pkts_c106_fu_510">
<pin_list>
<pin id="511" dir="0" index="0" bw="1" slack="0"/>
<pin id="512" dir="1" index="1" bw="29" slack="10"/>
</pin_list>
<bind>
<opcode="alloca(26) " fcode="alloca"/>
<opset="num_pkts_c106/1 "/>
</bind>
</comp>

<comp id="514" class="1004" name="num_pkts_c105_fu_514">
<pin_list>
<pin id="515" dir="0" index="0" bw="1" slack="0"/>
<pin id="516" dir="1" index="1" bw="29" slack="10"/>
</pin_list>
<bind>
<opcode="alloca(26) " fcode="alloca"/>
<opset="num_pkts_c105/1 "/>
</bind>
</comp>

<comp id="518" class="1004" name="num_pkts_c104_fu_518">
<pin_list>
<pin id="519" dir="0" index="0" bw="1" slack="0"/>
<pin id="520" dir="1" index="1" bw="29" slack="10"/>
</pin_list>
<bind>
<opcode="alloca(26) " fcode="alloca"/>
<opset="num_pkts_c104/1 "/>
</bind>
</comp>

<comp id="522" class="1004" name="num_pkts_c103_fu_522">
<pin_list>
<pin id="523" dir="0" index="0" bw="1" slack="0"/>
<pin id="524" dir="1" index="1" bw="29" slack="10"/>
</pin_list>
<bind>
<opcode="alloca(26) " fcode="alloca"/>
<opset="num_pkts_c103/1 "/>
</bind>
</comp>

<comp id="526" class="1004" name="num_pkts_c102_fu_526">
<pin_list>
<pin id="527" dir="0" index="0" bw="1" slack="0"/>
<pin id="528" dir="1" index="1" bw="29" slack="10"/>
</pin_list>
<bind>
<opcode="alloca(26) " fcode="alloca"/>
<opset="num_pkts_c102/1 "/>
</bind>
</comp>

<comp id="530" class="1004" name="num_pkts_c101_fu_530">
<pin_list>
<pin id="531" dir="0" index="0" bw="1" slack="0"/>
<pin id="532" dir="1" index="1" bw="29" slack="10"/>
</pin_list>
<bind>
<opcode="alloca(26) " fcode="alloca"/>
<opset="num_pkts_c101/1 "/>
</bind>
</comp>

<comp id="534" class="1004" name="num_pkts_c100_fu_534">
<pin_list>
<pin id="535" dir="0" index="0" bw="1" slack="0"/>
<pin id="536" dir="1" index="1" bw="29" slack="10"/>
</pin_list>
<bind>
<opcode="alloca(26) " fcode="alloca"/>
<opset="num_pkts_c100/1 "/>
</bind>
</comp>

<comp id="538" class="1004" name="num_pkts_c_fu_538">
<pin_list>
<pin id="539" dir="0" index="0" bw="1" slack="0"/>
<pin id="540" dir="1" index="1" bw="29" slack="10"/>
</pin_list>
<bind>
<opcode="alloca(26) " fcode="alloca"/>
<opset="num_pkts_c/1 "/>
</bind>
</comp>

<comp id="542" class="1004" name="stencilConfig_6_c99_fu_542">
<pin_list>
<pin id="543" dir="0" index="0" bw="1" slack="0"/>
<pin id="544" dir="1" index="1" bw="14" slack="0"/>
</pin_list>
<bind>
<opcode="alloca(26) " fcode="alloca"/>
<opset="stencilConfig_6_c99/1 "/>
</bind>
</comp>

<comp id="546" class="1004" name="stencilConfig_6_c98_fu_546">
<pin_list>
<pin id="547" dir="0" index="0" bw="1" slack="0"/>
<pin id="548" dir="1" index="1" bw="14" slack="0"/>
</pin_list>
<bind>
<opcode="alloca(26) " fcode="alloca"/>
<opset="stencilConfig_6_c98/1 "/>
</bind>
</comp>

<comp id="550" class="1004" name="stencilConfig_6_c97_fu_550">
<pin_list>
<pin id="551" dir="0" index="0" bw="1" slack="0"/>
<pin id="552" dir="1" index="1" bw="14" slack="0"/>
</pin_list>
<bind>
<opcode="alloca(26) " fcode="alloca"/>
<opset="stencilConfig_6_c97/1 "/>
</bind>
</comp>

<comp id="554" class="1004" name="stencilConfig_6_c96_fu_554">
<pin_list>
<pin id="555" dir="0" index="0" bw="1" slack="0"/>
<pin id="556" dir="1" index="1" bw="14" slack="0"/>
</pin_list>
<bind>
<opcode="alloca(26) " fcode="alloca"/>
<opset="stencilConfig_6_c96/1 "/>
</bind>
</comp>

<comp id="558" class="1004" name="stencilConfig_6_c95_fu_558">
<pin_list>
<pin id="559" dir="0" index="0" bw="1" slack="0"/>
<pin id="560" dir="1" index="1" bw="14" slack="4"/>
</pin_list>
<bind>
<opcode="alloca(26) " fcode="alloca"/>
<opset="stencilConfig_6_c95/1 "/>
</bind>
</comp>

<comp id="562" class="1004" name="stencilConfig_6_c94_fu_562">
<pin_list>
<pin id="563" dir="0" index="0" bw="1" slack="0"/>
<pin id="564" dir="1" index="1" bw="14" slack="4"/>
</pin_list>
<bind>
<opcode="alloca(26) " fcode="alloca"/>
<opset="stencilConfig_6_c94/1 "/>
</bind>
</comp>

<comp id="566" class="1004" name="stencilConfig_6_c93_fu_566">
<pin_list>
<pin id="567" dir="0" index="0" bw="1" slack="0"/>
<pin id="568" dir="1" index="1" bw="14" slack="4"/>
</pin_list>
<bind>
<opcode="alloca(26) " fcode="alloca"/>
<opset="stencilConfig_6_c93/1 "/>
</bind>
</comp>

<comp id="570" class="1004" name="stencilConfig_6_c_fu_570">
<pin_list>
<pin id="571" dir="0" index="0" bw="1" slack="0"/>
<pin id="572" dir="1" index="1" bw="14" slack="4"/>
</pin_list>
<bind>
<opcode="alloca(26) " fcode="alloca"/>
<opset="stencilConfig_6_c/1 "/>
</bind>
</comp>

<comp id="574" class="1004" name="stencilConfig_5_0_c92_fu_574">
<pin_list>
<pin id="575" dir="0" index="0" bw="1" slack="0"/>
<pin id="576" dir="1" index="1" bw="1" slack="0"/>
</pin_list>
<bind>
<opcode="alloca(26) " fcode="alloca"/>
<opset="stencilConfig_5_0_c92/1 "/>
</bind>
</comp>

<comp id="578" class="1004" name="stencilConfig_5_0_c91_fu_578">
<pin_list>
<pin id="579" dir="0" index="0" bw="1" slack="0"/>
<pin id="580" dir="1" index="1" bw="1" slack="0"/>
</pin_list>
<bind>
<opcode="alloca(26) " fcode="alloca"/>
<opset="stencilConfig_5_0_c91/1 "/>
</bind>
</comp>

<comp id="582" class="1004" name="stencilConfig_5_0_c90_fu_582">
<pin_list>
<pin id="583" dir="0" index="0" bw="1" slack="0"/>
<pin id="584" dir="1" index="1" bw="1" slack="0"/>
</pin_list>
<bind>
<opcode="alloca(26) " fcode="alloca"/>
<opset="stencilConfig_5_0_c90/1 "/>
</bind>
</comp>

<comp id="586" class="1004" name="stencilConfig_5_0_c89_fu_586">
<pin_list>
<pin id="587" dir="0" index="0" bw="1" slack="0"/>
<pin id="588" dir="1" index="1" bw="1" slack="0"/>
</pin_list>
<bind>
<opcode="alloca(26) " fcode="alloca"/>
<opset="stencilConfig_5_0_c89/1 "/>
</bind>
</comp>

<comp id="590" class="1004" name="stencilConfig_5_0_c88_fu_590">
<pin_list>
<pin id="591" dir="0" index="0" bw="1" slack="0"/>
<pin id="592" dir="1" index="1" bw="1" slack="4"/>
</pin_list>
<bind>
<opcode="alloca(26) " fcode="alloca"/>
<opset="stencilConfig_5_0_c88/1 "/>
</bind>
</comp>

<comp id="594" class="1004" name="stencilConfig_5_0_c87_fu_594">
<pin_list>
<pin id="595" dir="0" index="0" bw="1" slack="0"/>
<pin id="596" dir="1" index="1" bw="1" slack="4"/>
</pin_list>
<bind>
<opcode="alloca(26) " fcode="alloca"/>
<opset="stencilConfig_5_0_c87/1 "/>
</bind>
</comp>

<comp id="598" class="1004" name="stencilConfig_5_0_c86_fu_598">
<pin_list>
<pin id="599" dir="0" index="0" bw="1" slack="0"/>
<pin id="600" dir="1" index="1" bw="1" slack="4"/>
</pin_list>
<bind>
<opcode="alloca(26) " fcode="alloca"/>
<opset="stencilConfig_5_0_c86/1 "/>
</bind>
</comp>

<comp id="602" class="1004" name="stencilConfig_5_0_c_fu_602">
<pin_list>
<pin id="603" dir="0" index="0" bw="1" slack="0"/>
<pin id="604" dir="1" index="1" bw="1" slack="4"/>
</pin_list>
<bind>
<opcode="alloca(26) " fcode="alloca"/>
<opset="stencilConfig_5_0_c/1 "/>
</bind>
</comp>

<comp id="606" class="1004" name="stencilConfig_4_0_c85_fu_606">
<pin_list>
<pin id="607" dir="0" index="0" bw="1" slack="0"/>
<pin id="608" dir="1" index="1" bw="1" slack="0"/>
</pin_list>
<bind>
<opcode="alloca(26) " fcode="alloca"/>
<opset="stencilConfig_4_0_c85/1 "/>
</bind>
</comp>

<comp id="610" class="1004" name="stencilConfig_4_0_c_fu_610">
<pin_list>
<pin id="611" dir="0" index="0" bw="1" slack="0"/>
<pin id="612" dir="1" index="1" bw="1" slack="4"/>
</pin_list>
<bind>
<opcode="alloca(26) " fcode="alloca"/>
<opset="stencilConfig_4_0_c/1 "/>
</bind>
</comp>

<comp id="614" class="1004" name="stencilConfig_3_c84_fu_614">
<pin_list>
<pin id="615" dir="0" index="0" bw="1" slack="0"/>
<pin id="616" dir="1" index="1" bw="16" slack="0"/>
</pin_list>
<bind>
<opcode="alloca(26) " fcode="alloca"/>
<opset="stencilConfig_3_c84/1 "/>
</bind>
</comp>

<comp id="618" class="1004" name="stencilConfig_3_c83_fu_618">
<pin_list>
<pin id="619" dir="0" index="0" bw="1" slack="0"/>
<pin id="620" dir="1" index="1" bw="16" slack="0"/>
</pin_list>
<bind>
<opcode="alloca(26) " fcode="alloca"/>
<opset="stencilConfig_3_c83/1 "/>
</bind>
</comp>

<comp id="622" class="1004" name="stencilConfig_3_c82_fu_622">
<pin_list>
<pin id="623" dir="0" index="0" bw="1" slack="0"/>
<pin id="624" dir="1" index="1" bw="16" slack="0"/>
</pin_list>
<bind>
<opcode="alloca(26) " fcode="alloca"/>
<opset="stencilConfig_3_c82/1 "/>
</bind>
</comp>

<comp id="626" class="1004" name="stencilConfig_3_c81_fu_626">
<pin_list>
<pin id="627" dir="0" index="0" bw="1" slack="0"/>
<pin id="628" dir="1" index="1" bw="16" slack="0"/>
</pin_list>
<bind>
<opcode="alloca(26) " fcode="alloca"/>
<opset="stencilConfig_3_c81/1 "/>
</bind>
</comp>

<comp id="630" class="1004" name="stencilConfig_3_c80_fu_630">
<pin_list>
<pin id="631" dir="0" index="0" bw="1" slack="0"/>
<pin id="632" dir="1" index="1" bw="16" slack="4"/>
</pin_list>
<bind>
<opcode="alloca(26) " fcode="alloca"/>
<opset="stencilConfig_3_c80/1 "/>
</bind>
</comp>

<comp id="634" class="1004" name="stencilConfig_3_c79_fu_634">
<pin_list>
<pin id="635" dir="0" index="0" bw="1" slack="0"/>
<pin id="636" dir="1" index="1" bw="16" slack="4"/>
</pin_list>
<bind>
<opcode="alloca(26) " fcode="alloca"/>
<opset="stencilConfig_3_c79/1 "/>
</bind>
</comp>

<comp id="638" class="1004" name="stencilConfig_3_c78_fu_638">
<pin_list>
<pin id="639" dir="0" index="0" bw="1" slack="0"/>
<pin id="640" dir="1" index="1" bw="16" slack="4"/>
</pin_list>
<bind>
<opcode="alloca(26) " fcode="alloca"/>
<opset="stencilConfig_3_c78/1 "/>
</bind>
</comp>

<comp id="642" class="1004" name="stencilConfig_3_c_fu_642">
<pin_list>
<pin id="643" dir="0" index="0" bw="1" slack="0"/>
<pin id="644" dir="1" index="1" bw="16" slack="4"/>
</pin_list>
<bind>
<opcode="alloca(26) " fcode="alloca"/>
<opset="stencilConfig_3_c/1 "/>
</bind>
</comp>

<comp id="646" class="1004" name="stencilConfig_2_c77_fu_646">
<pin_list>
<pin id="647" dir="0" index="0" bw="1" slack="0"/>
<pin id="648" dir="1" index="1" bw="16" slack="0"/>
</pin_list>
<bind>
<opcode="alloca(26) " fcode="alloca"/>
<opset="stencilConfig_2_c77/1 "/>
</bind>
</comp>

<comp id="650" class="1004" name="stencilConfig_2_c76_fu_650">
<pin_list>
<pin id="651" dir="0" index="0" bw="1" slack="0"/>
<pin id="652" dir="1" index="1" bw="16" slack="0"/>
</pin_list>
<bind>
<opcode="alloca(26) " fcode="alloca"/>
<opset="stencilConfig_2_c76/1 "/>
</bind>
</comp>

<comp id="654" class="1004" name="stencilConfig_2_c75_fu_654">
<pin_list>
<pin id="655" dir="0" index="0" bw="1" slack="0"/>
<pin id="656" dir="1" index="1" bw="16" slack="0"/>
</pin_list>
<bind>
<opcode="alloca(26) " fcode="alloca"/>
<opset="stencilConfig_2_c75/1 "/>
</bind>
</comp>

<comp id="658" class="1004" name="stencilConfig_2_c74_fu_658">
<pin_list>
<pin id="659" dir="0" index="0" bw="1" slack="0"/>
<pin id="660" dir="1" index="1" bw="16" slack="0"/>
</pin_list>
<bind>
<opcode="alloca(26) " fcode="alloca"/>
<opset="stencilConfig_2_c74/1 "/>
</bind>
</comp>

<comp id="662" class="1004" name="stencilConfig_2_c73_fu_662">
<pin_list>
<pin id="663" dir="0" index="0" bw="1" slack="0"/>
<pin id="664" dir="1" index="1" bw="16" slack="4"/>
</pin_list>
<bind>
<opcode="alloca(26) " fcode="alloca"/>
<opset="stencilConfig_2_c73/1 "/>
</bind>
</comp>

<comp id="666" class="1004" name="stencilConfig_2_c72_fu_666">
<pin_list>
<pin id="667" dir="0" index="0" bw="1" slack="0"/>
<pin id="668" dir="1" index="1" bw="16" slack="4"/>
</pin_list>
<bind>
<opcode="alloca(26) " fcode="alloca"/>
<opset="stencilConfig_2_c72/1 "/>
</bind>
</comp>

<comp id="670" class="1004" name="stencilConfig_2_c71_fu_670">
<pin_list>
<pin id="671" dir="0" index="0" bw="1" slack="0"/>
<pin id="672" dir="1" index="1" bw="16" slack="4"/>
</pin_list>
<bind>
<opcode="alloca(26) " fcode="alloca"/>
<opset="stencilConfig_2_c71/1 "/>
</bind>
</comp>

<comp id="674" class="1004" name="stencilConfig_2_c_fu_674">
<pin_list>
<pin id="675" dir="0" index="0" bw="1" slack="0"/>
<pin id="676" dir="1" index="1" bw="16" slack="4"/>
</pin_list>
<bind>
<opcode="alloca(26) " fcode="alloca"/>
<opset="stencilConfig_2_c/1 "/>
</bind>
</comp>

<comp id="678" class="1004" name="stencilConfig_0_1_c70_fu_678">
<pin_list>
<pin id="679" dir="0" index="0" bw="1" slack="0"/>
<pin id="680" dir="1" index="1" bw="16" slack="0"/>
</pin_list>
<bind>
<opcode="alloca(26) " fcode="alloca"/>
<opset="stencilConfig_0_1_c70/1 "/>
</bind>
</comp>

<comp id="682" class="1004" name="stencilConfig_0_1_c69_fu_682">
<pin_list>
<pin id="683" dir="0" index="0" bw="1" slack="0"/>
<pin id="684" dir="1" index="1" bw="16" slack="0"/>
</pin_list>
<bind>
<opcode="alloca(26) " fcode="alloca"/>
<opset="stencilConfig_0_1_c69/1 "/>
</bind>
</comp>

<comp id="686" class="1004" name="stencilConfig_0_1_c68_fu_686">
<pin_list>
<pin id="687" dir="0" index="0" bw="1" slack="0"/>
<pin id="688" dir="1" index="1" bw="16" slack="0"/>
</pin_list>
<bind>
<opcode="alloca(26) " fcode="alloca"/>
<opset="stencilConfig_0_1_c68/1 "/>
</bind>
</comp>

<comp id="690" class="1004" name="stencilConfig_0_1_c67_fu_690">
<pin_list>
<pin id="691" dir="0" index="0" bw="1" slack="0"/>
<pin id="692" dir="1" index="1" bw="16" slack="0"/>
</pin_list>
<bind>
<opcode="alloca(26) " fcode="alloca"/>
<opset="stencilConfig_0_1_c67/1 "/>
</bind>
</comp>

<comp id="694" class="1004" name="stencilConfig_0_1_c66_fu_694">
<pin_list>
<pin id="695" dir="0" index="0" bw="1" slack="0"/>
<pin id="696" dir="1" index="1" bw="16" slack="4"/>
</pin_list>
<bind>
<opcode="alloca(26) " fcode="alloca"/>
<opset="stencilConfig_0_1_c66/1 "/>
</bind>
</comp>

<comp id="698" class="1004" name="stencilConfig_0_1_c65_fu_698">
<pin_list>
<pin id="699" dir="0" index="0" bw="1" slack="0"/>
<pin id="700" dir="1" index="1" bw="16" slack="4"/>
</pin_list>
<bind>
<opcode="alloca(26) " fcode="alloca"/>
<opset="stencilConfig_0_1_c65/1 "/>
</bind>
</comp>

<comp id="702" class="1004" name="stencilConfig_0_1_c64_fu_702">
<pin_list>
<pin id="703" dir="0" index="0" bw="1" slack="0"/>
<pin id="704" dir="1" index="1" bw="16" slack="4"/>
</pin_list>
<bind>
<opcode="alloca(26) " fcode="alloca"/>
<opset="stencilConfig_0_1_c64/1 "/>
</bind>
</comp>

<comp id="706" class="1004" name="stencilConfig_0_1_c_fu_706">
<pin_list>
<pin id="707" dir="0" index="0" bw="1" slack="0"/>
<pin id="708" dir="1" index="1" bw="16" slack="4"/>
</pin_list>
<bind>
<opcode="alloca(26) " fcode="alloca"/>
<opset="stencilConfig_0_1_c/1 "/>
</bind>
</comp>

<comp id="710" class="1004" name="stencilConfig_0_0_c63_fu_710">
<pin_list>
<pin id="711" dir="0" index="0" bw="1" slack="0"/>
<pin id="712" dir="1" index="1" bw="14" slack="0"/>
</pin_list>
<bind>
<opcode="alloca(26) " fcode="alloca"/>
<opset="stencilConfig_0_0_c63/1 "/>
</bind>
</comp>

<comp id="714" class="1004" name="stencilConfig_0_0_c62_fu_714">
<pin_list>
<pin id="715" dir="0" index="0" bw="1" slack="0"/>
<pin id="716" dir="1" index="1" bw="14" slack="0"/>
</pin_list>
<bind>
<opcode="alloca(26) " fcode="alloca"/>
<opset="stencilConfig_0_0_c62/1 "/>
</bind>
</comp>

<comp id="718" class="1004" name="stencilConfig_0_0_c61_fu_718">
<pin_list>
<pin id="719" dir="0" index="0" bw="1" slack="0"/>
<pin id="720" dir="1" index="1" bw="14" slack="0"/>
</pin_list>
<bind>
<opcode="alloca(26) " fcode="alloca"/>
<opset="stencilConfig_0_0_c61/1 "/>
</bind>
</comp>

<comp id="722" class="1004" name="stencilConfig_0_0_c60_fu_722">
<pin_list>
<pin id="723" dir="0" index="0" bw="1" slack="0"/>
<pin id="724" dir="1" index="1" bw="14" slack="0"/>
</pin_list>
<bind>
<opcode="alloca(26) " fcode="alloca"/>
<opset="stencilConfig_0_0_c60/1 "/>
</bind>
</comp>

<comp id="726" class="1004" name="stencilConfig_0_0_c59_fu_726">
<pin_list>
<pin id="727" dir="0" index="0" bw="1" slack="0"/>
<pin id="728" dir="1" index="1" bw="14" slack="4"/>
</pin_list>
<bind>
<opcode="alloca(26) " fcode="alloca"/>
<opset="stencilConfig_0_0_c59/1 "/>
</bind>
</comp>

<comp id="730" class="1004" name="stencilConfig_0_0_c58_fu_730">
<pin_list>
<pin id="731" dir="0" index="0" bw="1" slack="0"/>
<pin id="732" dir="1" index="1" bw="14" slack="4"/>
</pin_list>
<bind>
<opcode="alloca(26) " fcode="alloca"/>
<opset="stencilConfig_0_0_c58/1 "/>
</bind>
</comp>

<comp id="734" class="1004" name="stencilConfig_0_0_c57_fu_734">
<pin_list>
<pin id="735" dir="0" index="0" bw="1" slack="0"/>
<pin id="736" dir="1" index="1" bw="14" slack="4"/>
</pin_list>
<bind>
<opcode="alloca(26) " fcode="alloca"/>
<opset="stencilConfig_0_0_c57/1 "/>
</bind>
</comp>

<comp id="738" class="1004" name="stencilConfig_0_0_c_fu_738">
<pin_list>
<pin id="739" dir="0" index="0" bw="1" slack="0"/>
<pin id="740" dir="1" index="1" bw="14" slack="4"/>
</pin_list>
<bind>
<opcode="alloca(26) " fcode="alloca"/>
<opset="stencilConfig_0_0_c/1 "/>
</bind>
</comp>

<comp id="742" class="1004" name="arg0_arg1_streams_0_0_fu_742">
<pin_list>
<pin id="743" dir="0" index="0" bw="1" slack="0"/>
<pin id="744" dir="1" index="1" bw="256" slack="0"/>
</pin_list>
<bind>
<opcode="alloca(26) " fcode="alloca"/>
<opset="arg0_arg1_streams_0_0/1 "/>
</bind>
</comp>

<comp id="746" class="1004" name="arg0_arg1_streams_0_1_fu_746">
<pin_list>
<pin id="747" dir="0" index="0" bw="1" slack="0"/>
<pin id="748" dir="1" index="1" bw="256" slack="0"/>
</pin_list>
<bind>
<opcode="alloca(26) " fcode="alloca"/>
<opset="arg0_arg1_streams_0_1/1 "/>
</bind>
</comp>

<comp id="750" class="1004" name="arg0_arg1_streams_0_2_fu_750">
<pin_list>
<pin id="751" dir="0" index="0" bw="1" slack="0"/>
<pin id="752" dir="1" index="1" bw="256" slack="0"/>
</pin_list>
<bind>
<opcode="alloca(26) " fcode="alloca"/>
<opset="arg0_arg1_streams_0_2/1 "/>
</bind>
</comp>

<comp id="754" class="1004" name="arg0_arg1_streams_0_3_fu_754">
<pin_list>
<pin id="755" dir="0" index="0" bw="1" slack="0"/>
<pin id="756" dir="1" index="1" bw="256" slack="0"/>
</pin_list>
<bind>
<opcode="alloca(26) " fcode="alloca"/>
<opset="arg0_arg1_streams_0_3/1 "/>
</bind>
</comp>

<comp id="758" class="1004" name="arg0_arg1_streams_0_4_fu_758">
<pin_list>
<pin id="759" dir="0" index="0" bw="1" slack="0"/>
<pin id="760" dir="1" index="1" bw="256" slack="0"/>
</pin_list>
<bind>
<opcode="alloca(26) " fcode="alloca"/>
<opset="arg0_arg1_streams_0_4/1 "/>
</bind>
</comp>

<comp id="762" class="1004" name="arg0_arg1_streams_0_5_fu_762">
<pin_list>
<pin id="763" dir="0" index="0" bw="1" slack="0"/>
<pin id="764" dir="1" index="1" bw="256" slack="0"/>
</pin_list>
<bind>
<opcode="alloca(26) " fcode="alloca"/>
<opset="arg0_arg1_streams_0_5/1 "/>
</bind>
</comp>

<comp id="766" class="1004" name="arg0_arg1_streams_0_6_fu_766">
<pin_list>
<pin id="767" dir="0" index="0" bw="1" slack="0"/>
<pin id="768" dir="1" index="1" bw="256" slack="0"/>
</pin_list>
<bind>
<opcode="alloca(26) " fcode="alloca"/>
<opset="arg0_arg1_streams_0_6/1 "/>
</bind>
</comp>

<comp id="770" class="1004" name="arg0_arg1_streams_0_7_fu_770">
<pin_list>
<pin id="771" dir="0" index="0" bw="1" slack="0"/>
<pin id="772" dir="1" index="1" bw="256" slack="0"/>
</pin_list>
<bind>
<opcode="alloca(26) " fcode="alloca"/>
<opset="arg0_arg1_streams_0_7/1 "/>
</bind>
</comp>

<comp id="774" class="1004" name="arg0_arg1_streams_1_0_fu_774">
<pin_list>
<pin id="775" dir="0" index="0" bw="1" slack="0"/>
<pin id="776" dir="1" index="1" bw="256" slack="10"/>
</pin_list>
<bind>
<opcode="alloca(26) " fcode="alloca"/>
<opset="arg0_arg1_streams_1_0/1 "/>
</bind>
</comp>

<comp id="778" class="1004" name="arg0_arg1_streams_1_1_fu_778">
<pin_list>
<pin id="779" dir="0" index="0" bw="1" slack="0"/>
<pin id="780" dir="1" index="1" bw="256" slack="10"/>
</pin_list>
<bind>
<opcode="alloca(26) " fcode="alloca"/>
<opset="arg0_arg1_streams_1_1/1 "/>
</bind>
</comp>

<comp id="782" class="1004" name="arg0_arg1_streams_1_2_fu_782">
<pin_list>
<pin id="783" dir="0" index="0" bw="1" slack="0"/>
<pin id="784" dir="1" index="1" bw="256" slack="10"/>
</pin_list>
<bind>
<opcode="alloca(26) " fcode="alloca"/>
<opset="arg0_arg1_streams_1_2/1 "/>
</bind>
</comp>

<comp id="786" class="1004" name="arg0_arg1_streams_1_3_fu_786">
<pin_list>
<pin id="787" dir="0" index="0" bw="1" slack="0"/>
<pin id="788" dir="1" index="1" bw="256" slack="10"/>
</pin_list>
<bind>
<opcode="alloca(26) " fcode="alloca"/>
<opset="arg0_arg1_streams_1_3/1 "/>
</bind>
</comp>

<comp id="790" class="1004" name="arg0_arg1_streams_1_4_fu_790">
<pin_list>
<pin id="791" dir="0" index="0" bw="1" slack="0"/>
<pin id="792" dir="1" index="1" bw="256" slack="10"/>
</pin_list>
<bind>
<opcode="alloca(26) " fcode="alloca"/>
<opset="arg0_arg1_streams_1_4/1 "/>
</bind>
</comp>

<comp id="794" class="1004" name="arg0_arg1_streams_1_5_fu_794">
<pin_list>
<pin id="795" dir="0" index="0" bw="1" slack="0"/>
<pin id="796" dir="1" index="1" bw="256" slack="10"/>
</pin_list>
<bind>
<opcode="alloca(26) " fcode="alloca"/>
<opset="arg0_arg1_streams_1_5/1 "/>
</bind>
</comp>

<comp id="798" class="1004" name="arg0_arg1_streams_1_6_fu_798">
<pin_list>
<pin id="799" dir="0" index="0" bw="1" slack="0"/>
<pin id="800" dir="1" index="1" bw="256" slack="10"/>
</pin_list>
<bind>
<opcode="alloca(26) " fcode="alloca"/>
<opset="arg0_arg1_streams_1_6/1 "/>
</bind>
</comp>

<comp id="802" class="1004" name="arg0_arg1_streams_1_7_fu_802">
<pin_list>
<pin id="803" dir="0" index="0" bw="1" slack="0"/>
<pin id="804" dir="1" index="1" bw="256" slack="10"/>
</pin_list>
<bind>
<opcode="alloca(26) " fcode="alloca"/>
<opset="arg0_arg1_streams_1_7/1 "/>
</bind>
</comp>

<comp id="806" class="1004" name="arg0_poisson_kernel_stencil_in_subtile_stream_0_0_fu_806">
<pin_list>
<pin id="807" dir="0" index="0" bw="1" slack="0"/>
<pin id="808" dir="1" index="1" bw="288" slack="2"/>
</pin_list>
<bind>
<opcode="alloca(26) " fcode="alloca"/>
<opset="arg0_poisson_kernel_stencil_in_subtile_stream_0_0/1 "/>
</bind>
</comp>

<comp id="810" class="1004" name="arg0_poisson_kernel_stencil_in_subtile_stream_0_1_fu_810">
<pin_list>
<pin id="811" dir="0" index="0" bw="1" slack="0"/>
<pin id="812" dir="1" index="1" bw="288" slack="2"/>
</pin_list>
<bind>
<opcode="alloca(26) " fcode="alloca"/>
<opset="arg0_poisson_kernel_stencil_in_subtile_stream_0_1/1 "/>
</bind>
</comp>

<comp id="814" class="1004" name="arg0_poisson_kernel_stencil_in_subtile_stream_0_2_fu_814">
<pin_list>
<pin id="815" dir="0" index="0" bw="1" slack="0"/>
<pin id="816" dir="1" index="1" bw="288" slack="2"/>
</pin_list>
<bind>
<opcode="alloca(26) " fcode="alloca"/>
<opset="arg0_poisson_kernel_stencil_in_subtile_stream_0_2/1 "/>
</bind>
</comp>

<comp id="818" class="1004" name="arg0_poisson_kernel_stencil_in_subtile_stream_0_3_fu_818">
<pin_list>
<pin id="819" dir="0" index="0" bw="1" slack="0"/>
<pin id="820" dir="1" index="1" bw="288" slack="2"/>
</pin_list>
<bind>
<opcode="alloca(26) " fcode="alloca"/>
<opset="arg0_poisson_kernel_stencil_in_subtile_stream_0_3/1 "/>
</bind>
</comp>

<comp id="822" class="1004" name="arg0_poisson_kernel_stencil_in_subtile_stream_0_4_fu_822">
<pin_list>
<pin id="823" dir="0" index="0" bw="1" slack="0"/>
<pin id="824" dir="1" index="1" bw="288" slack="2"/>
</pin_list>
<bind>
<opcode="alloca(26) " fcode="alloca"/>
<opset="arg0_poisson_kernel_stencil_in_subtile_stream_0_4/1 "/>
</bind>
</comp>

<comp id="826" class="1004" name="arg0_poisson_kernel_stencil_in_subtile_stream_0_5_fu_826">
<pin_list>
<pin id="827" dir="0" index="0" bw="1" slack="0"/>
<pin id="828" dir="1" index="1" bw="288" slack="2"/>
</pin_list>
<bind>
<opcode="alloca(26) " fcode="alloca"/>
<opset="arg0_poisson_kernel_stencil_in_subtile_stream_0_5/1 "/>
</bind>
</comp>

<comp id="830" class="1004" name="arg0_poisson_kernel_stencil_in_subtile_stream_0_6_fu_830">
<pin_list>
<pin id="831" dir="0" index="0" bw="1" slack="0"/>
<pin id="832" dir="1" index="1" bw="288" slack="2"/>
</pin_list>
<bind>
<opcode="alloca(26) " fcode="alloca"/>
<opset="arg0_poisson_kernel_stencil_in_subtile_stream_0_6/1 "/>
</bind>
</comp>

<comp id="834" class="1004" name="arg0_poisson_kernel_stencil_in_subtile_stream_0_7_fu_834">
<pin_list>
<pin id="835" dir="0" index="0" bw="1" slack="0"/>
<pin id="836" dir="1" index="1" bw="288" slack="2"/>
</pin_list>
<bind>
<opcode="alloca(26) " fcode="alloca"/>
<opset="arg0_poisson_kernel_stencil_in_subtile_stream_0_7/1 "/>
</bind>
</comp>

<comp id="838" class="1004" name="arg0_poisson_kernel_stencil_in_subtile_stream_1_0_fu_838">
<pin_list>
<pin id="839" dir="0" index="0" bw="1" slack="0"/>
<pin id="840" dir="1" index="1" bw="288" slack="6"/>
</pin_list>
<bind>
<opcode="alloca(26) " fcode="alloca"/>
<opset="arg0_poisson_kernel_stencil_in_subtile_stream_1_0/1 "/>
</bind>
</comp>

<comp id="842" class="1004" name="arg0_poisson_kernel_stencil_in_subtile_stream_1_1_fu_842">
<pin_list>
<pin id="843" dir="0" index="0" bw="1" slack="0"/>
<pin id="844" dir="1" index="1" bw="288" slack="6"/>
</pin_list>
<bind>
<opcode="alloca(26) " fcode="alloca"/>
<opset="arg0_poisson_kernel_stencil_in_subtile_stream_1_1/1 "/>
</bind>
</comp>

<comp id="846" class="1004" name="arg0_poisson_kernel_stencil_in_subtile_stream_1_2_fu_846">
<pin_list>
<pin id="847" dir="0" index="0" bw="1" slack="0"/>
<pin id="848" dir="1" index="1" bw="288" slack="6"/>
</pin_list>
<bind>
<opcode="alloca(26) " fcode="alloca"/>
<opset="arg0_poisson_kernel_stencil_in_subtile_stream_1_2/1 "/>
</bind>
</comp>

<comp id="850" class="1004" name="arg0_poisson_kernel_stencil_in_subtile_stream_1_3_fu_850">
<pin_list>
<pin id="851" dir="0" index="0" bw="1" slack="0"/>
<pin id="852" dir="1" index="1" bw="288" slack="6"/>
</pin_list>
<bind>
<opcode="alloca(26) " fcode="alloca"/>
<opset="arg0_poisson_kernel_stencil_in_subtile_stream_1_3/1 "/>
</bind>
</comp>

<comp id="854" class="1004" name="arg0_poisson_kernel_stencil_in_subtile_stream_1_4_fu_854">
<pin_list>
<pin id="855" dir="0" index="0" bw="1" slack="0"/>
<pin id="856" dir="1" index="1" bw="288" slack="6"/>
</pin_list>
<bind>
<opcode="alloca(26) " fcode="alloca"/>
<opset="arg0_poisson_kernel_stencil_in_subtile_stream_1_4/1 "/>
</bind>
</comp>

<comp id="858" class="1004" name="arg0_poisson_kernel_stencil_in_subtile_stream_1_5_fu_858">
<pin_list>
<pin id="859" dir="0" index="0" bw="1" slack="0"/>
<pin id="860" dir="1" index="1" bw="288" slack="6"/>
</pin_list>
<bind>
<opcode="alloca(26) " fcode="alloca"/>
<opset="arg0_poisson_kernel_stencil_in_subtile_stream_1_5/1 "/>
</bind>
</comp>

<comp id="862" class="1004" name="arg0_poisson_kernel_stencil_in_subtile_stream_1_6_fu_862">
<pin_list>
<pin id="863" dir="0" index="0" bw="1" slack="0"/>
<pin id="864" dir="1" index="1" bw="288" slack="6"/>
</pin_list>
<bind>
<opcode="alloca(26) " fcode="alloca"/>
<opset="arg0_poisson_kernel_stencil_in_subtile_stream_1_6/1 "/>
</bind>
</comp>

<comp id="866" class="1004" name="arg0_poisson_kernel_stencil_in_subtile_stream_1_7_fu_866">
<pin_list>
<pin id="867" dir="0" index="0" bw="1" slack="0"/>
<pin id="868" dir="1" index="1" bw="288" slack="6"/>
</pin_list>
<bind>
<opcode="alloca(26) " fcode="alloca"/>
<opset="arg0_poisson_kernel_stencil_in_subtile_stream_1_7/1 "/>
</bind>
</comp>

<comp id="870" class="1004" name="arg1_poisson_kernel_stencil_out_subtile_stream_0_0_fu_870">
<pin_list>
<pin id="871" dir="0" index="0" bw="1" slack="0"/>
<pin id="872" dir="1" index="1" bw="288" slack="4"/>
</pin_list>
<bind>
<opcode="alloca(26) " fcode="alloca"/>
<opset="arg1_poisson_kernel_stencil_out_subtile_stream_0_0/1 "/>
</bind>
</comp>

<comp id="874" class="1004" name="arg1_poisson_kernel_stencil_out_subtile_stream_0_1_fu_874">
<pin_list>
<pin id="875" dir="0" index="0" bw="1" slack="0"/>
<pin id="876" dir="1" index="1" bw="288" slack="4"/>
</pin_list>
<bind>
<opcode="alloca(26) " fcode="alloca"/>
<opset="arg1_poisson_kernel_stencil_out_subtile_stream_0_1/1 "/>
</bind>
</comp>

<comp id="878" class="1004" name="arg1_poisson_kernel_stencil_out_subtile_stream_0_2_fu_878">
<pin_list>
<pin id="879" dir="0" index="0" bw="1" slack="0"/>
<pin id="880" dir="1" index="1" bw="288" slack="4"/>
</pin_list>
<bind>
<opcode="alloca(26) " fcode="alloca"/>
<opset="arg1_poisson_kernel_stencil_out_subtile_stream_0_2/1 "/>
</bind>
</comp>

<comp id="882" class="1004" name="arg1_poisson_kernel_stencil_out_subtile_stream_0_3_fu_882">
<pin_list>
<pin id="883" dir="0" index="0" bw="1" slack="0"/>
<pin id="884" dir="1" index="1" bw="288" slack="4"/>
</pin_list>
<bind>
<opcode="alloca(26) " fcode="alloca"/>
<opset="arg1_poisson_kernel_stencil_out_subtile_stream_0_3/1 "/>
</bind>
</comp>

<comp id="886" class="1004" name="arg1_poisson_kernel_stencil_out_subtile_stream_0_4_fu_886">
<pin_list>
<pin id="887" dir="0" index="0" bw="1" slack="0"/>
<pin id="888" dir="1" index="1" bw="288" slack="4"/>
</pin_list>
<bind>
<opcode="alloca(26) " fcode="alloca"/>
<opset="arg1_poisson_kernel_stencil_out_subtile_stream_0_4/1 "/>
</bind>
</comp>

<comp id="890" class="1004" name="arg1_poisson_kernel_stencil_out_subtile_stream_0_5_fu_890">
<pin_list>
<pin id="891" dir="0" index="0" bw="1" slack="0"/>
<pin id="892" dir="1" index="1" bw="288" slack="4"/>
</pin_list>
<bind>
<opcode="alloca(26) " fcode="alloca"/>
<opset="arg1_poisson_kernel_stencil_out_subtile_stream_0_5/1 "/>
</bind>
</comp>

<comp id="894" class="1004" name="arg1_poisson_kernel_stencil_out_subtile_stream_0_6_fu_894">
<pin_list>
<pin id="895" dir="0" index="0" bw="1" slack="0"/>
<pin id="896" dir="1" index="1" bw="288" slack="4"/>
</pin_list>
<bind>
<opcode="alloca(26) " fcode="alloca"/>
<opset="arg1_poisson_kernel_stencil_out_subtile_stream_0_6/1 "/>
</bind>
</comp>

<comp id="898" class="1004" name="arg1_poisson_kernel_stencil_out_subtile_stream_0_7_fu_898">
<pin_list>
<pin id="899" dir="0" index="0" bw="1" slack="0"/>
<pin id="900" dir="1" index="1" bw="288" slack="4"/>
</pin_list>
<bind>
<opcode="alloca(26) " fcode="alloca"/>
<opset="arg1_poisson_kernel_stencil_out_subtile_stream_0_7/1 "/>
</bind>
</comp>

<comp id="902" class="1004" name="arg1_poisson_kernel_stencil_out_subtile_stream_1_0_fu_902">
<pin_list>
<pin id="903" dir="0" index="0" bw="1" slack="0"/>
<pin id="904" dir="1" index="1" bw="288" slack="8"/>
</pin_list>
<bind>
<opcode="alloca(26) " fcode="alloca"/>
<opset="arg1_poisson_kernel_stencil_out_subtile_stream_1_0/1 "/>
</bind>
</comp>

<comp id="906" class="1004" name="arg1_poisson_kernel_stencil_out_subtile_stream_1_1_fu_906">
<pin_list>
<pin id="907" dir="0" index="0" bw="1" slack="0"/>
<pin id="908" dir="1" index="1" bw="288" slack="8"/>
</pin_list>
<bind>
<opcode="alloca(26) " fcode="alloca"/>
<opset="arg1_poisson_kernel_stencil_out_subtile_stream_1_1/1 "/>
</bind>
</comp>

<comp id="910" class="1004" name="arg1_poisson_kernel_stencil_out_subtile_stream_1_2_fu_910">
<pin_list>
<pin id="911" dir="0" index="0" bw="1" slack="0"/>
<pin id="912" dir="1" index="1" bw="288" slack="8"/>
</pin_list>
<bind>
<opcode="alloca(26) " fcode="alloca"/>
<opset="arg1_poisson_kernel_stencil_out_subtile_stream_1_2/1 "/>
</bind>
</comp>

<comp id="914" class="1004" name="arg1_poisson_kernel_stencil_out_subtile_stream_1_3_fu_914">
<pin_list>
<pin id="915" dir="0" index="0" bw="1" slack="0"/>
<pin id="916" dir="1" index="1" bw="288" slack="8"/>
</pin_list>
<bind>
<opcode="alloca(26) " fcode="alloca"/>
<opset="arg1_poisson_kernel_stencil_out_subtile_stream_1_3/1 "/>
</bind>
</comp>

<comp id="918" class="1004" name="arg1_poisson_kernel_stencil_out_subtile_stream_1_4_fu_918">
<pin_list>
<pin id="919" dir="0" index="0" bw="1" slack="0"/>
<pin id="920" dir="1" index="1" bw="288" slack="8"/>
</pin_list>
<bind>
<opcode="alloca(26) " fcode="alloca"/>
<opset="arg1_poisson_kernel_stencil_out_subtile_stream_1_4/1 "/>
</bind>
</comp>

<comp id="922" class="1004" name="arg1_poisson_kernel_stencil_out_subtile_stream_1_5_fu_922">
<pin_list>
<pin id="923" dir="0" index="0" bw="1" slack="0"/>
<pin id="924" dir="1" index="1" bw="288" slack="8"/>
</pin_list>
<bind>
<opcode="alloca(26) " fcode="alloca"/>
<opset="arg1_poisson_kernel_stencil_out_subtile_stream_1_5/1 "/>
</bind>
</comp>

<comp id="926" class="1004" name="arg1_poisson_kernel_stencil_out_subtile_stream_1_6_fu_926">
<pin_list>
<pin id="927" dir="0" index="0" bw="1" slack="0"/>
<pin id="928" dir="1" index="1" bw="288" slack="8"/>
</pin_list>
<bind>
<opcode="alloca(26) " fcode="alloca"/>
<opset="arg1_poisson_kernel_stencil_out_subtile_stream_1_6/1 "/>
</bind>
</comp>

<comp id="930" class="1004" name="arg1_poisson_kernel_stencil_out_subtile_stream_1_7_fu_930">
<pin_list>
<pin id="931" dir="0" index="0" bw="1" slack="0"/>
<pin id="932" dir="1" index="1" bw="288" slack="8"/>
</pin_list>
<bind>
<opcode="alloca(26) " fcode="alloca"/>
<opset="arg1_poisson_kernel_stencil_out_subtile_stream_1_7/1 "/>
</bind>
</comp>

<comp id="934" class="1004" name="num_pkts_read_read_fu_934">
<pin_list>
<pin id="935" dir="0" index="0" bw="29" slack="0"/>
<pin id="936" dir="0" index="1" bw="29" slack="0"/>
<pin id="937" dir="1" index="2" bw="29" slack="0"/>
</pin_list>
<bind>
<opcode="read(1150) " fcode="read"/>
<opset="num_pkts_read/1 "/>
</bind>
</comp>

<comp id="940" class="1004" name="p_read613_read_fu_940">
<pin_list>
<pin id="941" dir="0" index="0" bw="14" slack="0"/>
<pin id="942" dir="0" index="1" bw="14" slack="0"/>
<pin id="943" dir="1" index="2" bw="14" slack="0"/>
</pin_list>
<bind>
<opcode="read(1150) " fcode="read"/>
<opset="p_read613/1 "/>
</bind>
</comp>

<comp id="946" class="1004" name="p_read512_read_fu_946">
<pin_list>
<pin id="947" dir="0" index="0" bw="1" slack="0"/>
<pin id="948" dir="0" index="1" bw="1" slack="0"/>
<pin id="949" dir="1" index="2" bw="1" slack="0"/>
</pin_list>
<bind>
<opcode="read(1150) " fcode="read"/>
<opset="p_read512/1 "/>
</bind>
</comp>

<comp id="952" class="1004" name="p_read411_read_fu_952">
<pin_list>
<pin id="953" dir="0" index="0" bw="1" slack="0"/>
<pin id="954" dir="0" index="1" bw="1" slack="0"/>
<pin id="955" dir="1" index="2" bw="1" slack="0"/>
</pin_list>
<bind>
<opcode="read(1150) " fcode="read"/>
<opset="p_read411/1 "/>
</bind>
</comp>

<comp id="958" class="1004" name="p_read310_read_fu_958">
<pin_list>
<pin id="959" dir="0" index="0" bw="16" slack="0"/>
<pin id="960" dir="0" index="1" bw="16" slack="0"/>
<pin id="961" dir="1" index="2" bw="16" slack="0"/>
</pin_list>
<bind>
<opcode="read(1150) " fcode="read"/>
<opset="p_read310/1 "/>
</bind>
</comp>

<comp id="964" class="1004" name="p_read29_read_fu_964">
<pin_list>
<pin id="965" dir="0" index="0" bw="16" slack="0"/>
<pin id="966" dir="0" index="1" bw="16" slack="0"/>
<pin id="967" dir="1" index="2" bw="16" slack="0"/>
</pin_list>
<bind>
<opcode="read(1150) " fcode="read"/>
<opset="p_read29/1 "/>
</bind>
</comp>

<comp id="970" class="1004" name="p_read18_read_fu_970">
<pin_list>
<pin id="971" dir="0" index="0" bw="16" slack="0"/>
<pin id="972" dir="0" index="1" bw="16" slack="0"/>
<pin id="973" dir="1" index="2" bw="16" slack="0"/>
</pin_list>
<bind>
<opcode="read(1150) " fcode="read"/>
<opset="p_read18/1 "/>
</bind>
</comp>

<comp id="976" class="1004" name="p_read_24_read_fu_976">
<pin_list>
<pin id="977" dir="0" index="0" bw="14" slack="0"/>
<pin id="978" dir="0" index="1" bw="14" slack="0"/>
<pin id="979" dir="1" index="2" bw="14" slack="0"/>
</pin_list>
<bind>
<opcode="read(1150) " fcode="read"/>
<opset="p_read_24/1 "/>
</bind>
</comp>

<comp id="982" class="1004" name="call_ln0_entry_proc_fu_982">
<pin_list>
<pin id="983" dir="0" index="0" bw="0" slack="0"/>
<pin id="984" dir="0" index="1" bw="14" slack="0"/>
<pin id="985" dir="0" index="2" bw="14" slack="0"/>
<pin id="986" dir="0" index="3" bw="14" slack="0"/>
<pin id="987" dir="0" index="4" bw="14" slack="0"/>
<pin id="988" dir="0" index="5" bw="14" slack="0"/>
<pin id="989" dir="0" index="6" bw="16" slack="0"/>
<pin id="990" dir="0" index="7" bw="16" slack="0"/>
<pin id="991" dir="0" index="8" bw="16" slack="0"/>
<pin id="992" dir="0" index="9" bw="16" slack="0"/>
<pin id="993" dir="0" index="10" bw="16" slack="0"/>
<pin id="994" dir="0" index="11" bw="16" slack="0"/>
<pin id="995" dir="0" index="12" bw="16" slack="0"/>
<pin id="996" dir="0" index="13" bw="16" slack="0"/>
<pin id="997" dir="0" index="14" bw="16" slack="0"/>
<pin id="998" dir="0" index="15" bw="16" slack="0"/>
<pin id="999" dir="0" index="16" bw="16" slack="0"/>
<pin id="1000" dir="0" index="17" bw="16" slack="0"/>
<pin id="1001" dir="0" index="18" bw="16" slack="0"/>
<pin id="1002" dir="0" index="19" bw="16" slack="0"/>
<pin id="1003" dir="0" index="20" bw="16" slack="0"/>
<pin id="1004" dir="0" index="21" bw="1" slack="0"/>
<pin id="1005" dir="0" index="22" bw="1" slack="0"/>
<pin id="1006" dir="0" index="23" bw="1" slack="0"/>
<pin id="1007" dir="0" index="24" bw="1" slack="0"/>
<pin id="1008" dir="0" index="25" bw="1" slack="0"/>
<pin id="1009" dir="0" index="26" bw="1" slack="0"/>
<pin id="1010" dir="0" index="27" bw="1" slack="0"/>
<pin id="1011" dir="0" index="28" bw="14" slack="0"/>
<pin id="1012" dir="0" index="29" bw="14" slack="0"/>
<pin id="1013" dir="0" index="30" bw="14" slack="0"/>
<pin id="1014" dir="0" index="31" bw="14" slack="0"/>
<pin id="1015" dir="0" index="32" bw="14" slack="0"/>
<pin id="1016" dir="1" index="33" bw="0" slack="2147483647"/>
</pin_list>
<bind>
<opcode="call(48) " fcode="call"/>
<opset="call_ln0/1 "/>
</bind>
</comp>

<comp id="1025" class="1004" name="grp_axis2stream_256u_s_fu_1025">
<pin_list>
<pin id="1026" dir="0" index="0" bw="0" slack="0"/>
<pin id="1027" dir="0" index="1" bw="256" slack="0"/>
<pin id="1028" dir="0" index="2" bw="32" slack="0"/>
<pin id="1029" dir="0" index="3" bw="32" slack="0"/>
<pin id="1030" dir="0" index="4" bw="1" slack="0"/>
<pin id="1031" dir="0" index="5" bw="256" slack="0"/>
<pin id="1032" dir="0" index="6" bw="29" slack="0"/>
<pin id="1033" dir="0" index="7" bw="29" slack="0"/>
<pin id="1034" dir="1" index="8" bw="0" slack="2147483647"/>
</pin_list>
<bind>
<opcode="call(48) " fcode="call"/>
<opset="call_ln111/1 "/>
</bind>
</comp>

<comp id="1041" class="1004" name="grp_axis2stream_256u_1_fu_1041">
<pin_list>
<pin id="1042" dir="0" index="0" bw="0" slack="0"/>
<pin id="1043" dir="0" index="1" bw="256" slack="0"/>
<pin id="1044" dir="0" index="2" bw="32" slack="0"/>
<pin id="1045" dir="0" index="3" bw="32" slack="0"/>
<pin id="1046" dir="0" index="4" bw="1" slack="0"/>
<pin id="1047" dir="0" index="5" bw="256" slack="0"/>
<pin id="1048" dir="0" index="6" bw="29" slack="0"/>
<pin id="1049" dir="1" index="7" bw="0" slack="2147483647"/>
</pin_list>
<bind>
<opcode="call(48) " fcode="call"/>
<opset="call_ln112/1 "/>
</bind>
</comp>

<comp id="1056" class="1004" name="grp_axis2stream_256u_2_fu_1056">
<pin_list>
<pin id="1057" dir="0" index="0" bw="0" slack="0"/>
<pin id="1058" dir="0" index="1" bw="256" slack="0"/>
<pin id="1059" dir="0" index="2" bw="32" slack="0"/>
<pin id="1060" dir="0" index="3" bw="32" slack="0"/>
<pin id="1061" dir="0" index="4" bw="1" slack="0"/>
<pin id="1062" dir="0" index="5" bw="256" slack="0"/>
<pin id="1063" dir="0" index="6" bw="29" slack="0"/>
<pin id="1064" dir="1" index="7" bw="0" slack="2147483647"/>
</pin_list>
<bind>
<opcode="call(48) " fcode="call"/>
<opset="call_ln113/1 "/>
</bind>
</comp>

<comp id="1071" class="1004" name="grp_axis2stream_256u_3_fu_1071">
<pin_list>
<pin id="1072" dir="0" index="0" bw="0" slack="0"/>
<pin id="1073" dir="0" index="1" bw="256" slack="0"/>
<pin id="1074" dir="0" index="2" bw="32" slack="0"/>
<pin id="1075" dir="0" index="3" bw="32" slack="0"/>
<pin id="1076" dir="0" index="4" bw="1" slack="0"/>
<pin id="1077" dir="0" index="5" bw="256" slack="0"/>
<pin id="1078" dir="0" index="6" bw="29" slack="0"/>
<pin id="1079" dir="1" index="7" bw="0" slack="2147483647"/>
</pin_list>
<bind>
<opcode="call(48) " fcode="call"/>
<opset="call_ln114/1 "/>
</bind>
</comp>

<comp id="1086" class="1004" name="grp_axis2stream_256u_4_fu_1086">
<pin_list>
<pin id="1087" dir="0" index="0" bw="0" slack="0"/>
<pin id="1088" dir="0" index="1" bw="256" slack="0"/>
<pin id="1089" dir="0" index="2" bw="32" slack="0"/>
<pin id="1090" dir="0" index="3" bw="32" slack="0"/>
<pin id="1091" dir="0" index="4" bw="1" slack="0"/>
<pin id="1092" dir="0" index="5" bw="256" slack="0"/>
<pin id="1093" dir="0" index="6" bw="29" slack="0"/>
<pin id="1094" dir="1" index="7" bw="0" slack="2147483647"/>
</pin_list>
<bind>
<opcode="call(48) " fcode="call"/>
<opset="call_ln115/1 "/>
</bind>
</comp>

<comp id="1101" class="1004" name="grp_axis2stream_256u_5_fu_1101">
<pin_list>
<pin id="1102" dir="0" index="0" bw="0" slack="0"/>
<pin id="1103" dir="0" index="1" bw="256" slack="0"/>
<pin id="1104" dir="0" index="2" bw="32" slack="0"/>
<pin id="1105" dir="0" index="3" bw="32" slack="0"/>
<pin id="1106" dir="0" index="4" bw="1" slack="0"/>
<pin id="1107" dir="0" index="5" bw="256" slack="0"/>
<pin id="1108" dir="0" index="6" bw="29" slack="0"/>
<pin id="1109" dir="1" index="7" bw="0" slack="2147483647"/>
</pin_list>
<bind>
<opcode="call(48) " fcode="call"/>
<opset="call_ln116/1 "/>
</bind>
</comp>

<comp id="1116" class="1004" name="grp_axis2stream_256u_6_fu_1116">
<pin_list>
<pin id="1117" dir="0" index="0" bw="0" slack="0"/>
<pin id="1118" dir="0" index="1" bw="256" slack="0"/>
<pin id="1119" dir="0" index="2" bw="32" slack="0"/>
<pin id="1120" dir="0" index="3" bw="32" slack="0"/>
<pin id="1121" dir="0" index="4" bw="1" slack="0"/>
<pin id="1122" dir="0" index="5" bw="256" slack="0"/>
<pin id="1123" dir="0" index="6" bw="29" slack="0"/>
<pin id="1124" dir="1" index="7" bw="0" slack="2147483647"/>
</pin_list>
<bind>
<opcode="call(48) " fcode="call"/>
<opset="call_ln117/1 "/>
</bind>
</comp>

<comp id="1131" class="1004" name="grp_axis2stream_256u_7_fu_1131">
<pin_list>
<pin id="1132" dir="0" index="0" bw="0" slack="0"/>
<pin id="1133" dir="0" index="1" bw="256" slack="0"/>
<pin id="1134" dir="0" index="2" bw="32" slack="0"/>
<pin id="1135" dir="0" index="3" bw="32" slack="0"/>
<pin id="1136" dir="0" index="4" bw="1" slack="0"/>
<pin id="1137" dir="0" index="5" bw="256" slack="0"/>
<pin id="1138" dir="0" index="6" bw="29" slack="0"/>
<pin id="1139" dir="1" index="7" bw="0" slack="2147483647"/>
</pin_list>
<bind>
<opcode="call(48) " fcode="call"/>
<opset="call_ln118/1 "/>
</bind>
</comp>

<comp id="1146" class="1004" name="grp_stream2interleave_fu_1146">
<pin_list>
<pin id="1147" dir="0" index="0" bw="0" slack="0"/>
<pin id="1148" dir="0" index="1" bw="256" slack="2"/>
<pin id="1149" dir="0" index="2" bw="256" slack="2"/>
<pin id="1150" dir="0" index="3" bw="256" slack="2"/>
<pin id="1151" dir="0" index="4" bw="256" slack="2"/>
<pin id="1152" dir="0" index="5" bw="256" slack="2"/>
<pin id="1153" dir="0" index="6" bw="256" slack="2"/>
<pin id="1154" dir="0" index="7" bw="256" slack="2"/>
<pin id="1155" dir="0" index="8" bw="256" slack="2"/>
<pin id="1156" dir="0" index="9" bw="288" slack="2"/>
<pin id="1157" dir="0" index="10" bw="288" slack="2"/>
<pin id="1158" dir="0" index="11" bw="288" slack="2"/>
<pin id="1159" dir="0" index="12" bw="288" slack="2"/>
<pin id="1160" dir="0" index="13" bw="288" slack="2"/>
<pin id="1161" dir="0" index="14" bw="288" slack="2"/>
<pin id="1162" dir="0" index="15" bw="288" slack="2"/>
<pin id="1163" dir="0" index="16" bw="288" slack="2"/>
<pin id="1164" dir="0" index="17" bw="29" slack="2"/>
<pin id="1165" dir="0" index="18" bw="29" slack="2"/>
<pin id="1166" dir="1" index="19" bw="0" slack="2147483647"/>
</pin_list>
<bind>
<opcode="call(48) " fcode="call"/>
<opset="call_ln124/3 "/>
</bind>
</comp>

<comp id="1168" class="1004" name="grp_kernel_poisson_kernel_stencil_PE_unsigned_short_4_unsigned_short_0_s_fu_1168">
<pin_list>
<pin id="1169" dir="0" index="0" bw="0" slack="0"/>
<pin id="1170" dir="0" index="1" bw="14" slack="4"/>
<pin id="1171" dir="0" index="2" bw="16" slack="4"/>
<pin id="1172" dir="0" index="3" bw="16" slack="4"/>
<pin id="1173" dir="0" index="4" bw="16" slack="4"/>
<pin id="1174" dir="0" index="5" bw="1" slack="4"/>
<pin id="1175" dir="0" index="6" bw="1" slack="4"/>
<pin id="1176" dir="0" index="7" bw="14" slack="4"/>
<pin id="1177" dir="0" index="8" bw="288" slack="4"/>
<pin id="1178" dir="0" index="9" bw="288" slack="4"/>
<pin id="1179" dir="0" index="10" bw="288" slack="4"/>
<pin id="1180" dir="0" index="11" bw="288" slack="4"/>
<pin id="1181" dir="0" index="12" bw="14" slack="4"/>
<pin id="1182" dir="0" index="13" bw="14" slack="4"/>
<pin id="1183" dir="0" index="14" bw="14" slack="4"/>
<pin id="1184" dir="0" index="15" bw="14" slack="4"/>
<pin id="1185" dir="0" index="16" bw="16" slack="4"/>
<pin id="1186" dir="0" index="17" bw="16" slack="4"/>
<pin id="1187" dir="0" index="18" bw="16" slack="4"/>
<pin id="1188" dir="0" index="19" bw="16" slack="4"/>
<pin id="1189" dir="0" index="20" bw="16" slack="4"/>
<pin id="1190" dir="0" index="21" bw="16" slack="4"/>
<pin id="1191" dir="0" index="22" bw="16" slack="4"/>
<pin id="1192" dir="0" index="23" bw="16" slack="4"/>
<pin id="1193" dir="0" index="24" bw="16" slack="4"/>
<pin id="1194" dir="0" index="25" bw="16" slack="4"/>
<pin id="1195" dir="0" index="26" bw="16" slack="4"/>
<pin id="1196" dir="0" index="27" bw="16" slack="4"/>
<pin id="1197" dir="0" index="28" bw="1" slack="4"/>
<pin id="1198" dir="0" index="29" bw="1" slack="4"/>
<pin id="1199" dir="0" index="30" bw="1" slack="4"/>
<pin id="1200" dir="0" index="31" bw="1" slack="4"/>
<pin id="1201" dir="0" index="32" bw="1" slack="4"/>
<pin id="1202" dir="0" index="33" bw="14" slack="4"/>
<pin id="1203" dir="0" index="34" bw="14" slack="4"/>
<pin id="1204" dir="0" index="35" bw="14" slack="4"/>
<pin id="1205" dir="0" index="36" bw="14" slack="4"/>
<pin id="1206" dir="1" index="37" bw="0" slack="2147483647"/>
</pin_list>
<bind>
<opcode="call(48) " fcode="call"/>
<opset="call_ln125/5 "/>
</bind>
</comp>

<comp id="1208" class="1004" name="grp_kernel_poisson_kernel_stencil_PE_unsigned_short_4_unsigned_short_1_s_fu_1208">
<pin_list>
<pin id="1209" dir="0" index="0" bw="0" slack="0"/>
<pin id="1210" dir="0" index="1" bw="14" slack="4"/>
<pin id="1211" dir="0" index="2" bw="16" slack="4"/>
<pin id="1212" dir="0" index="3" bw="16" slack="4"/>
<pin id="1213" dir="0" index="4" bw="16" slack="4"/>
<pin id="1214" dir="0" index="5" bw="1" slack="4"/>
<pin id="1215" dir="0" index="6" bw="14" slack="4"/>
<pin id="1216" dir="0" index="7" bw="288" slack="4"/>
<pin id="1217" dir="0" index="8" bw="288" slack="4"/>
<pin id="1218" dir="0" index="9" bw="288" slack="4"/>
<pin id="1219" dir="0" index="10" bw="288" slack="4"/>
<pin id="1220" dir="1" index="11" bw="0" slack="2147483647"/>
</pin_list>
<bind>
<opcode="call(48) " fcode="call"/>
<opset="call_ln134/5 "/>
</bind>
</comp>

<comp id="1222" class="1004" name="grp_kernel_poisson_kernel_stencil_PE_unsigned_short_4_unsigned_short_2_s_fu_1222">
<pin_list>
<pin id="1223" dir="0" index="0" bw="0" slack="0"/>
<pin id="1224" dir="0" index="1" bw="14" slack="4"/>
<pin id="1225" dir="0" index="2" bw="16" slack="4"/>
<pin id="1226" dir="0" index="3" bw="16" slack="4"/>
<pin id="1227" dir="0" index="4" bw="16" slack="4"/>
<pin id="1228" dir="0" index="5" bw="1" slack="4"/>
<pin id="1229" dir="0" index="6" bw="14" slack="4"/>
<pin id="1230" dir="0" index="7" bw="288" slack="4"/>
<pin id="1231" dir="0" index="8" bw="288" slack="4"/>
<pin id="1232" dir="0" index="9" bw="288" slack="4"/>
<pin id="1233" dir="0" index="10" bw="288" slack="4"/>
<pin id="1234" dir="1" index="11" bw="0" slack="2147483647"/>
</pin_list>
<bind>
<opcode="call(48) " fcode="call"/>
<opset="call_ln143/5 "/>
</bind>
</comp>

<comp id="1236" class="1004" name="grp_kernel_poisson_kernel_stencil_PE_unsigned_short_4_unsigned_short_3_s_fu_1236">
<pin_list>
<pin id="1237" dir="0" index="0" bw="0" slack="0"/>
<pin id="1238" dir="0" index="1" bw="14" slack="4"/>
<pin id="1239" dir="0" index="2" bw="16" slack="4"/>
<pin id="1240" dir="0" index="3" bw="16" slack="4"/>
<pin id="1241" dir="0" index="4" bw="16" slack="4"/>
<pin id="1242" dir="0" index="5" bw="1" slack="4"/>
<pin id="1243" dir="0" index="6" bw="14" slack="4"/>
<pin id="1244" dir="0" index="7" bw="288" slack="4"/>
<pin id="1245" dir="0" index="8" bw="288" slack="4"/>
<pin id="1246" dir="0" index="9" bw="288" slack="4"/>
<pin id="1247" dir="0" index="10" bw="288" slack="4"/>
<pin id="1248" dir="1" index="11" bw="0" slack="2147483647"/>
</pin_list>
<bind>
<opcode="call(48) " fcode="call"/>
<opset="call_ln152/5 "/>
</bind>
</comp>

<comp id="1250" class="1004" name="grp_updateInterleaveBoundaries_fu_1250">
<pin_list>
<pin id="1251" dir="0" index="0" bw="0" slack="0"/>
<pin id="1252" dir="0" index="1" bw="288" slack="6"/>
<pin id="1253" dir="0" index="2" bw="288" slack="6"/>
<pin id="1254" dir="0" index="3" bw="288" slack="6"/>
<pin id="1255" dir="0" index="4" bw="288" slack="6"/>
<pin id="1256" dir="0" index="5" bw="288" slack="6"/>
<pin id="1257" dir="0" index="6" bw="288" slack="6"/>
<pin id="1258" dir="0" index="7" bw="288" slack="6"/>
<pin id="1259" dir="0" index="8" bw="288" slack="6"/>
<pin id="1260" dir="0" index="9" bw="288" slack="6"/>
<pin id="1261" dir="0" index="10" bw="288" slack="6"/>
<pin id="1262" dir="0" index="11" bw="288" slack="6"/>
<pin id="1263" dir="0" index="12" bw="288" slack="6"/>
<pin id="1264" dir="0" index="13" bw="288" slack="6"/>
<pin id="1265" dir="0" index="14" bw="288" slack="6"/>
<pin id="1266" dir="0" index="15" bw="288" slack="6"/>
<pin id="1267" dir="0" index="16" bw="288" slack="6"/>
<pin id="1268" dir="0" index="17" bw="29" slack="6"/>
<pin id="1269" dir="0" index="18" bw="29" slack="6"/>
<pin id="1270" dir="1" index="19" bw="0" slack="2147483647"/>
</pin_list>
<bind>
<opcode="call(48) " fcode="call"/>
<opset="call_ln162/7 "/>
</bind>
</comp>

<comp id="1272" class="1004" name="grp_kernel_poisson_kernel_stencil_PE_unsigned_short_4_unsigned_short_0_8_fu_1272">
<pin_list>
<pin id="1273" dir="0" index="0" bw="0" slack="0"/>
<pin id="1274" dir="0" index="1" bw="14" slack="8"/>
<pin id="1275" dir="0" index="2" bw="16" slack="8"/>
<pin id="1276" dir="0" index="3" bw="16" slack="8"/>
<pin id="1277" dir="0" index="4" bw="16" slack="8"/>
<pin id="1278" dir="0" index="5" bw="1" slack="8"/>
<pin id="1279" dir="0" index="6" bw="1" slack="8"/>
<pin id="1280" dir="0" index="7" bw="14" slack="8"/>
<pin id="1281" dir="0" index="8" bw="288" slack="8"/>
<pin id="1282" dir="0" index="9" bw="288" slack="8"/>
<pin id="1283" dir="0" index="10" bw="288" slack="8"/>
<pin id="1284" dir="0" index="11" bw="288" slack="8"/>
<pin id="1285" dir="1" index="12" bw="0" slack="2147483647"/>
</pin_list>
<bind>
<opcode="call(48) " fcode="call"/>
<opset="call_ln163/9 "/>
</bind>
</comp>

<comp id="1287" class="1004" name="grp_kernel_poisson_kernel_stencil_PE_unsigned_short_4_unsigned_short_1_9_fu_1287">
<pin_list>
<pin id="1288" dir="0" index="0" bw="0" slack="0"/>
<pin id="1289" dir="0" index="1" bw="14" slack="8"/>
<pin id="1290" dir="0" index="2" bw="16" slack="8"/>
<pin id="1291" dir="0" index="3" bw="16" slack="8"/>
<pin id="1292" dir="0" index="4" bw="16" slack="8"/>
<pin id="1293" dir="0" index="5" bw="1" slack="8"/>
<pin id="1294" dir="0" index="6" bw="14" slack="8"/>
<pin id="1295" dir="0" index="7" bw="288" slack="8"/>
<pin id="1296" dir="0" index="8" bw="288" slack="8"/>
<pin id="1297" dir="0" index="9" bw="288" slack="8"/>
<pin id="1298" dir="0" index="10" bw="288" slack="8"/>
<pin id="1299" dir="1" index="11" bw="0" slack="2147483647"/>
</pin_list>
<bind>
<opcode="call(48) " fcode="call"/>
<opset="call_ln172/9 "/>
</bind>
</comp>

<comp id="1301" class="1004" name="grp_kernel_poisson_kernel_stencil_PE_unsigned_short_4_unsigned_short_2_10_fu_1301">
<pin_list>
<pin id="1302" dir="0" index="0" bw="0" slack="0"/>
<pin id="1303" dir="0" index="1" bw="14" slack="8"/>
<pin id="1304" dir="0" index="2" bw="16" slack="8"/>
<pin id="1305" dir="0" index="3" bw="16" slack="8"/>
<pin id="1306" dir="0" index="4" bw="16" slack="8"/>
<pin id="1307" dir="0" index="5" bw="1" slack="8"/>
<pin id="1308" dir="0" index="6" bw="14" slack="8"/>
<pin id="1309" dir="0" index="7" bw="288" slack="8"/>
<pin id="1310" dir="0" index="8" bw="288" slack="8"/>
<pin id="1311" dir="0" index="9" bw="288" slack="8"/>
<pin id="1312" dir="0" index="10" bw="288" slack="8"/>
<pin id="1313" dir="1" index="11" bw="0" slack="2147483647"/>
</pin_list>
<bind>
<opcode="call(48) " fcode="call"/>
<opset="call_ln181/9 "/>
</bind>
</comp>

<comp id="1315" class="1004" name="grp_kernel_poisson_kernel_stencil_PE_unsigned_short_4_unsigned_short_3_11_fu_1315">
<pin_list>
<pin id="1316" dir="0" index="0" bw="0" slack="0"/>
<pin id="1317" dir="0" index="1" bw="14" slack="8"/>
<pin id="1318" dir="0" index="2" bw="16" slack="8"/>
<pin id="1319" dir="0" index="3" bw="16" slack="8"/>
<pin id="1320" dir="0" index="4" bw="16" slack="8"/>
<pin id="1321" dir="0" index="5" bw="1" slack="8"/>
<pin id="1322" dir="0" index="6" bw="14" slack="8"/>
<pin id="1323" dir="0" index="7" bw="288" slack="8"/>
<pin id="1324" dir="0" index="8" bw="288" slack="8"/>
<pin id="1325" dir="0" index="9" bw="288" slack="8"/>
<pin id="1326" dir="0" index="10" bw="288" slack="8"/>
<pin id="1327" dir="1" index="11" bw="0" slack="2147483647"/>
</pin_list>
<bind>
<opcode="call(48) " fcode="call"/>
<opset="call_ln190/9 "/>
</bind>
</comp>

<comp id="1329" class="1004" name="grp_interleave2stream_fu_1329">
<pin_list>
<pin id="1330" dir="0" index="0" bw="0" slack="0"/>
<pin id="1331" dir="0" index="1" bw="288" slack="10"/>
<pin id="1332" dir="0" index="2" bw="288" slack="10"/>
<pin id="1333" dir="0" index="3" bw="288" slack="10"/>
<pin id="1334" dir="0" index="4" bw="288" slack="10"/>
<pin id="1335" dir="0" index="5" bw="288" slack="10"/>
<pin id="1336" dir="0" index="6" bw="288" slack="10"/>
<pin id="1337" dir="0" index="7" bw="288" slack="10"/>
<pin id="1338" dir="0" index="8" bw="288" slack="10"/>
<pin id="1339" dir="0" index="9" bw="256" slack="10"/>
<pin id="1340" dir="0" index="10" bw="256" slack="10"/>
<pin id="1341" dir="0" index="11" bw="256" slack="10"/>
<pin id="1342" dir="0" index="12" bw="256" slack="10"/>
<pin id="1343" dir="0" index="13" bw="256" slack="10"/>
<pin id="1344" dir="0" index="14" bw="256" slack="10"/>
<pin id="1345" dir="0" index="15" bw="256" slack="10"/>
<pin id="1346" dir="0" index="16" bw="256" slack="10"/>
<pin id="1347" dir="0" index="17" bw="29" slack="10"/>
<pin id="1348" dir="0" index="18" bw="29" slack="10"/>
<pin id="1349" dir="0" index="19" bw="29" slack="10"/>
<pin id="1350" dir="0" index="20" bw="29" slack="10"/>
<pin id="1351" dir="0" index="21" bw="29" slack="10"/>
<pin id="1352" dir="0" index="22" bw="29" slack="10"/>
<pin id="1353" dir="0" index="23" bw="29" slack="10"/>
<pin id="1354" dir="0" index="24" bw="29" slack="10"/>
<pin id="1355" dir="0" index="25" bw="29" slack="10"/>
<pin id="1356" dir="1" index="26" bw="0" slack="2147483647"/>
</pin_list>
<bind>
<opcode="call(48) " fcode="call"/>
<opset="call_ln199/11 "/>
</bind>
</comp>

<comp id="1358" class="1004" name="grp_stream2axis_256u_s_fu_1358">
<pin_list>
<pin id="1359" dir="0" index="0" bw="0" slack="0"/>
<pin id="1360" dir="0" index="1" bw="256" slack="12"/>
<pin id="1361" dir="0" index="2" bw="256" slack="0"/>
<pin id="1362" dir="0" index="3" bw="32" slack="0"/>
<pin id="1363" dir="0" index="4" bw="32" slack="0"/>
<pin id="1364" dir="0" index="5" bw="1" slack="0"/>
<pin id="1365" dir="0" index="6" bw="29" slack="12"/>
<pin id="1366" dir="1" index="7" bw="0" slack="2147483647"/>
</pin_list>
<bind>
<opcode="call(48) " fcode="call"/>
<opset="call_ln202/13 "/>
</bind>
</comp>

<comp id="1372" class="1004" name="grp_stream2axis_256u_12_fu_1372">
<pin_list>
<pin id="1373" dir="0" index="0" bw="0" slack="0"/>
<pin id="1374" dir="0" index="1" bw="256" slack="12"/>
<pin id="1375" dir="0" index="2" bw="256" slack="0"/>
<pin id="1376" dir="0" index="3" bw="32" slack="0"/>
<pin id="1377" dir="0" index="4" bw="32" slack="0"/>
<pin id="1378" dir="0" index="5" bw="1" slack="0"/>
<pin id="1379" dir="0" index="6" bw="29" slack="12"/>
<pin id="1380" dir="1" index="7" bw="0" slack="2147483647"/>
</pin_list>
<bind>
<opcode="call(48) " fcode="call"/>
<opset="call_ln203/13 "/>
</bind>
</comp>

<comp id="1386" class="1004" name="grp_stream2axis_256u_13_fu_1386">
<pin_list>
<pin id="1387" dir="0" index="0" bw="0" slack="0"/>
<pin id="1388" dir="0" index="1" bw="256" slack="12"/>
<pin id="1389" dir="0" index="2" bw="256" slack="0"/>
<pin id="1390" dir="0" index="3" bw="32" slack="0"/>
<pin id="1391" dir="0" index="4" bw="32" slack="0"/>
<pin id="1392" dir="0" index="5" bw="1" slack="0"/>
<pin id="1393" dir="0" index="6" bw="29" slack="12"/>
<pin id="1394" dir="1" index="7" bw="0" slack="2147483647"/>
</pin_list>
<bind>
<opcode="call(48) " fcode="call"/>
<opset="call_ln204/13 "/>
</bind>
</comp>

<comp id="1400" class="1004" name="grp_stream2axis_256u_14_fu_1400">
<pin_list>
<pin id="1401" dir="0" index="0" bw="0" slack="0"/>
<pin id="1402" dir="0" index="1" bw="256" slack="12"/>
<pin id="1403" dir="0" index="2" bw="256" slack="0"/>
<pin id="1404" dir="0" index="3" bw="32" slack="0"/>
<pin id="1405" dir="0" index="4" bw="32" slack="0"/>
<pin id="1406" dir="0" index="5" bw="1" slack="0"/>
<pin id="1407" dir="0" index="6" bw="29" slack="12"/>
<pin id="1408" dir="1" index="7" bw="0" slack="2147483647"/>
</pin_list>
<bind>
<opcode="call(48) " fcode="call"/>
<opset="call_ln205/13 "/>
</bind>
</comp>

<comp id="1414" class="1004" name="grp_stream2axis_256u_15_fu_1414">
<pin_list>
<pin id="1415" dir="0" index="0" bw="0" slack="0"/>
<pin id="1416" dir="0" index="1" bw="256" slack="12"/>
<pin id="1417" dir="0" index="2" bw="256" slack="0"/>
<pin id="1418" dir="0" index="3" bw="32" slack="0"/>
<pin id="1419" dir="0" index="4" bw="32" slack="0"/>
<pin id="1420" dir="0" index="5" bw="1" slack="0"/>
<pin id="1421" dir="0" index="6" bw="29" slack="12"/>
<pin id="1422" dir="1" index="7" bw="0" slack="2147483647"/>
</pin_list>
<bind>
<opcode="call(48) " fcode="call"/>
<opset="call_ln206/13 "/>
</bind>
</comp>

<comp id="1428" class="1004" name="grp_stream2axis_256u_16_fu_1428">
<pin_list>
<pin id="1429" dir="0" index="0" bw="0" slack="0"/>
<pin id="1430" dir="0" index="1" bw="256" slack="12"/>
<pin id="1431" dir="0" index="2" bw="256" slack="0"/>
<pin id="1432" dir="0" index="3" bw="32" slack="0"/>
<pin id="1433" dir="0" index="4" bw="32" slack="0"/>
<pin id="1434" dir="0" index="5" bw="1" slack="0"/>
<pin id="1435" dir="0" index="6" bw="29" slack="12"/>
<pin id="1436" dir="1" index="7" bw="0" slack="2147483647"/>
</pin_list>
<bind>
<opcode="call(48) " fcode="call"/>
<opset="call_ln207/13 "/>
</bind>
</comp>

<comp id="1442" class="1004" name="grp_stream2axis_256u_17_fu_1442">
<pin_list>
<pin id="1443" dir="0" index="0" bw="0" slack="0"/>
<pin id="1444" dir="0" index="1" bw="256" slack="12"/>
<pin id="1445" dir="0" index="2" bw="256" slack="0"/>
<pin id="1446" dir="0" index="3" bw="32" slack="0"/>
<pin id="1447" dir="0" index="4" bw="32" slack="0"/>
<pin id="1448" dir="0" index="5" bw="1" slack="0"/>
<pin id="1449" dir="0" index="6" bw="29" slack="12"/>
<pin id="1450" dir="1" index="7" bw="0" slack="2147483647"/>
</pin_list>
<bind>
<opcode="call(48) " fcode="call"/>
<opset="call_ln208/13 "/>
</bind>
</comp>

<comp id="1456" class="1004" name="grp_stream2axis_256u_18_fu_1456">
<pin_list>
<pin id="1457" dir="0" index="0" bw="0" slack="0"/>
<pin id="1458" dir="0" index="1" bw="256" slack="12"/>
<pin id="1459" dir="0" index="2" bw="256" slack="0"/>
<pin id="1460" dir="0" index="3" bw="32" slack="0"/>
<pin id="1461" dir="0" index="4" bw="32" slack="0"/>
<pin id="1462" dir="0" index="5" bw="1" slack="0"/>
<pin id="1463" dir="0" index="6" bw="29" slack="12"/>
<pin id="1464" dir="1" index="7" bw="0" slack="2147483647"/>
</pin_list>
<bind>
<opcode="call(48) " fcode="call"/>
<opset="call_ln209/13 "/>
</bind>
</comp>

<comp id="1470" class="1005" name="num_pkts_read_reg_1470">
<pin_list>
<pin id="1471" dir="0" index="0" bw="29" slack="1"/>
<pin id="1472" dir="1" index="1" bw="29" slack="1"/>
</pin_list>
<bind>
<opset="num_pkts_read "/>
</bind>
</comp>

<comp id="1482" class="1005" name="num_pkts_c109_reg_1482">
<pin_list>
<pin id="1483" dir="0" index="0" bw="29" slack="0"/>
<pin id="1484" dir="1" index="1" bw="29" slack="0"/>
</pin_list>
<bind>
<opset="num_pkts_c109 "/>
</bind>
</comp>

<comp id="1488" class="1005" name="num_pkts_c108_reg_1488">
<pin_list>
<pin id="1489" dir="0" index="0" bw="29" slack="2"/>
<pin id="1490" dir="1" index="1" bw="29" slack="2"/>
</pin_list>
<bind>
<opset="num_pkts_c108 "/>
</bind>
</comp>

<comp id="1494" class="1005" name="num_pkts_c107_reg_1494">
<pin_list>
<pin id="1495" dir="0" index="0" bw="29" slack="6"/>
<pin id="1496" dir="1" index="1" bw="29" slack="6"/>
</pin_list>
<bind>
<opset="num_pkts_c107 "/>
</bind>
</comp>

<comp id="1500" class="1005" name="num_pkts_c106_reg_1500">
<pin_list>
<pin id="1501" dir="0" index="0" bw="29" slack="10"/>
<pin id="1502" dir="1" index="1" bw="29" slack="10"/>
</pin_list>
<bind>
<opset="num_pkts_c106 "/>
</bind>
</comp>

<comp id="1506" class="1005" name="num_pkts_c105_reg_1506">
<pin_list>
<pin id="1507" dir="0" index="0" bw="29" slack="10"/>
<pin id="1508" dir="1" index="1" bw="29" slack="10"/>
</pin_list>
<bind>
<opset="num_pkts_c105 "/>
</bind>
</comp>

<comp id="1512" class="1005" name="num_pkts_c104_reg_1512">
<pin_list>
<pin id="1513" dir="0" index="0" bw="29" slack="10"/>
<pin id="1514" dir="1" index="1" bw="29" slack="10"/>
</pin_list>
<bind>
<opset="num_pkts_c104 "/>
</bind>
</comp>

<comp id="1518" class="1005" name="num_pkts_c103_reg_1518">
<pin_list>
<pin id="1519" dir="0" index="0" bw="29" slack="10"/>
<pin id="1520" dir="1" index="1" bw="29" slack="10"/>
</pin_list>
<bind>
<opset="num_pkts_c103 "/>
</bind>
</comp>

<comp id="1524" class="1005" name="num_pkts_c102_reg_1524">
<pin_list>
<pin id="1525" dir="0" index="0" bw="29" slack="10"/>
<pin id="1526" dir="1" index="1" bw="29" slack="10"/>
</pin_list>
<bind>
<opset="num_pkts_c102 "/>
</bind>
</comp>

<comp id="1530" class="1005" name="num_pkts_c101_reg_1530">
<pin_list>
<pin id="1531" dir="0" index="0" bw="29" slack="10"/>
<pin id="1532" dir="1" index="1" bw="29" slack="10"/>
</pin_list>
<bind>
<opset="num_pkts_c101 "/>
</bind>
</comp>

<comp id="1536" class="1005" name="num_pkts_c100_reg_1536">
<pin_list>
<pin id="1537" dir="0" index="0" bw="29" slack="10"/>
<pin id="1538" dir="1" index="1" bw="29" slack="10"/>
</pin_list>
<bind>
<opset="num_pkts_c100 "/>
</bind>
</comp>

<comp id="1542" class="1005" name="num_pkts_c_reg_1542">
<pin_list>
<pin id="1543" dir="0" index="0" bw="29" slack="10"/>
<pin id="1544" dir="1" index="1" bw="29" slack="10"/>
</pin_list>
<bind>
<opset="num_pkts_c "/>
</bind>
</comp>

<comp id="1548" class="1005" name="stencilConfig_6_c99_reg_1548">
<pin_list>
<pin id="1549" dir="0" index="0" bw="14" slack="0"/>
<pin id="1550" dir="1" index="1" bw="14" slack="0"/>
</pin_list>
<bind>
<opset="stencilConfig_6_c99 "/>
</bind>
</comp>

<comp id="1554" class="1005" name="stencilConfig_6_c98_reg_1554">
<pin_list>
<pin id="1555" dir="0" index="0" bw="14" slack="0"/>
<pin id="1556" dir="1" index="1" bw="14" slack="0"/>
</pin_list>
<bind>
<opset="stencilConfig_6_c98 "/>
</bind>
</comp>

<comp id="1560" class="1005" name="stencilConfig_6_c97_reg_1560">
<pin_list>
<pin id="1561" dir="0" index="0" bw="14" slack="0"/>
<pin id="1562" dir="1" index="1" bw="14" slack="0"/>
</pin_list>
<bind>
<opset="stencilConfig_6_c97 "/>
</bind>
</comp>

<comp id="1566" class="1005" name="stencilConfig_6_c96_reg_1566">
<pin_list>
<pin id="1567" dir="0" index="0" bw="14" slack="0"/>
<pin id="1568" dir="1" index="1" bw="14" slack="0"/>
</pin_list>
<bind>
<opset="stencilConfig_6_c96 "/>
</bind>
</comp>

<comp id="1572" class="1005" name="stencilConfig_6_c95_reg_1572">
<pin_list>
<pin id="1573" dir="0" index="0" bw="14" slack="4"/>
<pin id="1574" dir="1" index="1" bw="14" slack="4"/>
</pin_list>
<bind>
<opset="stencilConfig_6_c95 "/>
</bind>
</comp>

<comp id="1578" class="1005" name="stencilConfig_6_c94_reg_1578">
<pin_list>
<pin id="1579" dir="0" index="0" bw="14" slack="4"/>
<pin id="1580" dir="1" index="1" bw="14" slack="4"/>
</pin_list>
<bind>
<opset="stencilConfig_6_c94 "/>
</bind>
</comp>

<comp id="1584" class="1005" name="stencilConfig_6_c93_reg_1584">
<pin_list>
<pin id="1585" dir="0" index="0" bw="14" slack="4"/>
<pin id="1586" dir="1" index="1" bw="14" slack="4"/>
</pin_list>
<bind>
<opset="stencilConfig_6_c93 "/>
</bind>
</comp>

<comp id="1590" class="1005" name="stencilConfig_6_c_reg_1590">
<pin_list>
<pin id="1591" dir="0" index="0" bw="14" slack="4"/>
<pin id="1592" dir="1" index="1" bw="14" slack="4"/>
</pin_list>
<bind>
<opset="stencilConfig_6_c "/>
</bind>
</comp>

<comp id="1596" class="1005" name="stencilConfig_5_0_c92_reg_1596">
<pin_list>
<pin id="1597" dir="0" index="0" bw="1" slack="0"/>
<pin id="1598" dir="1" index="1" bw="1" slack="0"/>
</pin_list>
<bind>
<opset="stencilConfig_5_0_c92 "/>
</bind>
</comp>

<comp id="1602" class="1005" name="stencilConfig_5_0_c91_reg_1602">
<pin_list>
<pin id="1603" dir="0" index="0" bw="1" slack="0"/>
<pin id="1604" dir="1" index="1" bw="1" slack="0"/>
</pin_list>
<bind>
<opset="stencilConfig_5_0_c91 "/>
</bind>
</comp>

<comp id="1608" class="1005" name="stencilConfig_5_0_c90_reg_1608">
<pin_list>
<pin id="1609" dir="0" index="0" bw="1" slack="0"/>
<pin id="1610" dir="1" index="1" bw="1" slack="0"/>
</pin_list>
<bind>
<opset="stencilConfig_5_0_c90 "/>
</bind>
</comp>

<comp id="1614" class="1005" name="stencilConfig_5_0_c89_reg_1614">
<pin_list>
<pin id="1615" dir="0" index="0" bw="1" slack="0"/>
<pin id="1616" dir="1" index="1" bw="1" slack="0"/>
</pin_list>
<bind>
<opset="stencilConfig_5_0_c89 "/>
</bind>
</comp>

<comp id="1620" class="1005" name="stencilConfig_5_0_c88_reg_1620">
<pin_list>
<pin id="1621" dir="0" index="0" bw="1" slack="4"/>
<pin id="1622" dir="1" index="1" bw="1" slack="4"/>
</pin_list>
<bind>
<opset="stencilConfig_5_0_c88 "/>
</bind>
</comp>

<comp id="1626" class="1005" name="stencilConfig_5_0_c87_reg_1626">
<pin_list>
<pin id="1627" dir="0" index="0" bw="1" slack="4"/>
<pin id="1628" dir="1" index="1" bw="1" slack="4"/>
</pin_list>
<bind>
<opset="stencilConfig_5_0_c87 "/>
</bind>
</comp>

<comp id="1632" class="1005" name="stencilConfig_5_0_c86_reg_1632">
<pin_list>
<pin id="1633" dir="0" index="0" bw="1" slack="4"/>
<pin id="1634" dir="1" index="1" bw="1" slack="4"/>
</pin_list>
<bind>
<opset="stencilConfig_5_0_c86 "/>
</bind>
</comp>

<comp id="1638" class="1005" name="stencilConfig_5_0_c_reg_1638">
<pin_list>
<pin id="1639" dir="0" index="0" bw="1" slack="4"/>
<pin id="1640" dir="1" index="1" bw="1" slack="4"/>
</pin_list>
<bind>
<opset="stencilConfig_5_0_c "/>
</bind>
</comp>

<comp id="1644" class="1005" name="stencilConfig_4_0_c85_reg_1644">
<pin_list>
<pin id="1645" dir="0" index="0" bw="1" slack="0"/>
<pin id="1646" dir="1" index="1" bw="1" slack="0"/>
</pin_list>
<bind>
<opset="stencilConfig_4_0_c85 "/>
</bind>
</comp>

<comp id="1650" class="1005" name="stencilConfig_4_0_c_reg_1650">
<pin_list>
<pin id="1651" dir="0" index="0" bw="1" slack="4"/>
<pin id="1652" dir="1" index="1" bw="1" slack="4"/>
</pin_list>
<bind>
<opset="stencilConfig_4_0_c "/>
</bind>
</comp>

<comp id="1656" class="1005" name="stencilConfig_3_c84_reg_1656">
<pin_list>
<pin id="1657" dir="0" index="0" bw="16" slack="0"/>
<pin id="1658" dir="1" index="1" bw="16" slack="0"/>
</pin_list>
<bind>
<opset="stencilConfig_3_c84 "/>
</bind>
</comp>

<comp id="1662" class="1005" name="stencilConfig_3_c83_reg_1662">
<pin_list>
<pin id="1663" dir="0" index="0" bw="16" slack="0"/>
<pin id="1664" dir="1" index="1" bw="16" slack="0"/>
</pin_list>
<bind>
<opset="stencilConfig_3_c83 "/>
</bind>
</comp>

<comp id="1668" class="1005" name="stencilConfig_3_c82_reg_1668">
<pin_list>
<pin id="1669" dir="0" index="0" bw="16" slack="0"/>
<pin id="1670" dir="1" index="1" bw="16" slack="0"/>
</pin_list>
<bind>
<opset="stencilConfig_3_c82 "/>
</bind>
</comp>

<comp id="1674" class="1005" name="stencilConfig_3_c81_reg_1674">
<pin_list>
<pin id="1675" dir="0" index="0" bw="16" slack="0"/>
<pin id="1676" dir="1" index="1" bw="16" slack="0"/>
</pin_list>
<bind>
<opset="stencilConfig_3_c81 "/>
</bind>
</comp>

<comp id="1680" class="1005" name="stencilConfig_3_c80_reg_1680">
<pin_list>
<pin id="1681" dir="0" index="0" bw="16" slack="4"/>
<pin id="1682" dir="1" index="1" bw="16" slack="4"/>
</pin_list>
<bind>
<opset="stencilConfig_3_c80 "/>
</bind>
</comp>

<comp id="1686" class="1005" name="stencilConfig_3_c79_reg_1686">
<pin_list>
<pin id="1687" dir="0" index="0" bw="16" slack="4"/>
<pin id="1688" dir="1" index="1" bw="16" slack="4"/>
</pin_list>
<bind>
<opset="stencilConfig_3_c79 "/>
</bind>
</comp>

<comp id="1692" class="1005" name="stencilConfig_3_c78_reg_1692">
<pin_list>
<pin id="1693" dir="0" index="0" bw="16" slack="4"/>
<pin id="1694" dir="1" index="1" bw="16" slack="4"/>
</pin_list>
<bind>
<opset="stencilConfig_3_c78 "/>
</bind>
</comp>

<comp id="1698" class="1005" name="stencilConfig_3_c_reg_1698">
<pin_list>
<pin id="1699" dir="0" index="0" bw="16" slack="4"/>
<pin id="1700" dir="1" index="1" bw="16" slack="4"/>
</pin_list>
<bind>
<opset="stencilConfig_3_c "/>
</bind>
</comp>

<comp id="1704" class="1005" name="stencilConfig_2_c77_reg_1704">
<pin_list>
<pin id="1705" dir="0" index="0" bw="16" slack="0"/>
<pin id="1706" dir="1" index="1" bw="16" slack="0"/>
</pin_list>
<bind>
<opset="stencilConfig_2_c77 "/>
</bind>
</comp>

<comp id="1710" class="1005" name="stencilConfig_2_c76_reg_1710">
<pin_list>
<pin id="1711" dir="0" index="0" bw="16" slack="0"/>
<pin id="1712" dir="1" index="1" bw="16" slack="0"/>
</pin_list>
<bind>
<opset="stencilConfig_2_c76 "/>
</bind>
</comp>

<comp id="1716" class="1005" name="stencilConfig_2_c75_reg_1716">
<pin_list>
<pin id="1717" dir="0" index="0" bw="16" slack="0"/>
<pin id="1718" dir="1" index="1" bw="16" slack="0"/>
</pin_list>
<bind>
<opset="stencilConfig_2_c75 "/>
</bind>
</comp>

<comp id="1722" class="1005" name="stencilConfig_2_c74_reg_1722">
<pin_list>
<pin id="1723" dir="0" index="0" bw="16" slack="0"/>
<pin id="1724" dir="1" index="1" bw="16" slack="0"/>
</pin_list>
<bind>
<opset="stencilConfig_2_c74 "/>
</bind>
</comp>

<comp id="1728" class="1005" name="stencilConfig_2_c73_reg_1728">
<pin_list>
<pin id="1729" dir="0" index="0" bw="16" slack="4"/>
<pin id="1730" dir="1" index="1" bw="16" slack="4"/>
</pin_list>
<bind>
<opset="stencilConfig_2_c73 "/>
</bind>
</comp>

<comp id="1734" class="1005" name="stencilConfig_2_c72_reg_1734">
<pin_list>
<pin id="1735" dir="0" index="0" bw="16" slack="4"/>
<pin id="1736" dir="1" index="1" bw="16" slack="4"/>
</pin_list>
<bind>
<opset="stencilConfig_2_c72 "/>
</bind>
</comp>

<comp id="1740" class="1005" name="stencilConfig_2_c71_reg_1740">
<pin_list>
<pin id="1741" dir="0" index="0" bw="16" slack="4"/>
<pin id="1742" dir="1" index="1" bw="16" slack="4"/>
</pin_list>
<bind>
<opset="stencilConfig_2_c71 "/>
</bind>
</comp>

<comp id="1746" class="1005" name="stencilConfig_2_c_reg_1746">
<pin_list>
<pin id="1747" dir="0" index="0" bw="16" slack="4"/>
<pin id="1748" dir="1" index="1" bw="16" slack="4"/>
</pin_list>
<bind>
<opset="stencilConfig_2_c "/>
</bind>
</comp>

<comp id="1752" class="1005" name="stencilConfig_0_1_c70_reg_1752">
<pin_list>
<pin id="1753" dir="0" index="0" bw="16" slack="0"/>
<pin id="1754" dir="1" index="1" bw="16" slack="0"/>
</pin_list>
<bind>
<opset="stencilConfig_0_1_c70 "/>
</bind>
</comp>

<comp id="1758" class="1005" name="stencilConfig_0_1_c69_reg_1758">
<pin_list>
<pin id="1759" dir="0" index="0" bw="16" slack="0"/>
<pin id="1760" dir="1" index="1" bw="16" slack="0"/>
</pin_list>
<bind>
<opset="stencilConfig_0_1_c69 "/>
</bind>
</comp>

<comp id="1764" class="1005" name="stencilConfig_0_1_c68_reg_1764">
<pin_list>
<pin id="1765" dir="0" index="0" bw="16" slack="0"/>
<pin id="1766" dir="1" index="1" bw="16" slack="0"/>
</pin_list>
<bind>
<opset="stencilConfig_0_1_c68 "/>
</bind>
</comp>

<comp id="1770" class="1005" name="stencilConfig_0_1_c67_reg_1770">
<pin_list>
<pin id="1771" dir="0" index="0" bw="16" slack="0"/>
<pin id="1772" dir="1" index="1" bw="16" slack="0"/>
</pin_list>
<bind>
<opset="stencilConfig_0_1_c67 "/>
</bind>
</comp>

<comp id="1776" class="1005" name="stencilConfig_0_1_c66_reg_1776">
<pin_list>
<pin id="1777" dir="0" index="0" bw="16" slack="4"/>
<pin id="1778" dir="1" index="1" bw="16" slack="4"/>
</pin_list>
<bind>
<opset="stencilConfig_0_1_c66 "/>
</bind>
</comp>

<comp id="1782" class="1005" name="stencilConfig_0_1_c65_reg_1782">
<pin_list>
<pin id="1783" dir="0" index="0" bw="16" slack="4"/>
<pin id="1784" dir="1" index="1" bw="16" slack="4"/>
</pin_list>
<bind>
<opset="stencilConfig_0_1_c65 "/>
</bind>
</comp>

<comp id="1788" class="1005" name="stencilConfig_0_1_c64_reg_1788">
<pin_list>
<pin id="1789" dir="0" index="0" bw="16" slack="4"/>
<pin id="1790" dir="1" index="1" bw="16" slack="4"/>
</pin_list>
<bind>
<opset="stencilConfig_0_1_c64 "/>
</bind>
</comp>

<comp id="1794" class="1005" name="stencilConfig_0_1_c_reg_1794">
<pin_list>
<pin id="1795" dir="0" index="0" bw="16" slack="4"/>
<pin id="1796" dir="1" index="1" bw="16" slack="4"/>
</pin_list>
<bind>
<opset="stencilConfig_0_1_c "/>
</bind>
</comp>

<comp id="1800" class="1005" name="stencilConfig_0_0_c63_reg_1800">
<pin_list>
<pin id="1801" dir="0" index="0" bw="14" slack="0"/>
<pin id="1802" dir="1" index="1" bw="14" slack="0"/>
</pin_list>
<bind>
<opset="stencilConfig_0_0_c63 "/>
</bind>
</comp>

<comp id="1806" class="1005" name="stencilConfig_0_0_c62_reg_1806">
<pin_list>
<pin id="1807" dir="0" index="0" bw="14" slack="0"/>
<pin id="1808" dir="1" index="1" bw="14" slack="0"/>
</pin_list>
<bind>
<opset="stencilConfig_0_0_c62 "/>
</bind>
</comp>

<comp id="1812" class="1005" name="stencilConfig_0_0_c61_reg_1812">
<pin_list>
<pin id="1813" dir="0" index="0" bw="14" slack="0"/>
<pin id="1814" dir="1" index="1" bw="14" slack="0"/>
</pin_list>
<bind>
<opset="stencilConfig_0_0_c61 "/>
</bind>
</comp>

<comp id="1818" class="1005" name="stencilConfig_0_0_c60_reg_1818">
<pin_list>
<pin id="1819" dir="0" index="0" bw="14" slack="0"/>
<pin id="1820" dir="1" index="1" bw="14" slack="0"/>
</pin_list>
<bind>
<opset="stencilConfig_0_0_c60 "/>
</bind>
</comp>

<comp id="1824" class="1005" name="stencilConfig_0_0_c59_reg_1824">
<pin_list>
<pin id="1825" dir="0" index="0" bw="14" slack="4"/>
<pin id="1826" dir="1" index="1" bw="14" slack="4"/>
</pin_list>
<bind>
<opset="stencilConfig_0_0_c59 "/>
</bind>
</comp>

<comp id="1830" class="1005" name="stencilConfig_0_0_c58_reg_1830">
<pin_list>
<pin id="1831" dir="0" index="0" bw="14" slack="4"/>
<pin id="1832" dir="1" index="1" bw="14" slack="4"/>
</pin_list>
<bind>
<opset="stencilConfig_0_0_c58 "/>
</bind>
</comp>

<comp id="1836" class="1005" name="stencilConfig_0_0_c57_reg_1836">
<pin_list>
<pin id="1837" dir="0" index="0" bw="14" slack="4"/>
<pin id="1838" dir="1" index="1" bw="14" slack="4"/>
</pin_list>
<bind>
<opset="stencilConfig_0_0_c57 "/>
</bind>
</comp>

<comp id="1842" class="1005" name="stencilConfig_0_0_c_reg_1842">
<pin_list>
<pin id="1843" dir="0" index="0" bw="14" slack="4"/>
<pin id="1844" dir="1" index="1" bw="14" slack="4"/>
</pin_list>
<bind>
<opset="stencilConfig_0_0_c "/>
</bind>
</comp>

<comp id="1848" class="1005" name="arg0_arg1_streams_0_0_reg_1848">
<pin_list>
<pin id="1849" dir="0" index="0" bw="256" slack="0"/>
<pin id="1850" dir="1" index="1" bw="256" slack="0"/>
</pin_list>
<bind>
<opset="arg0_arg1_streams_0_0 "/>
</bind>
</comp>

<comp id="1854" class="1005" name="arg0_arg1_streams_0_1_reg_1854">
<pin_list>
<pin id="1855" dir="0" index="0" bw="256" slack="0"/>
<pin id="1856" dir="1" index="1" bw="256" slack="0"/>
</pin_list>
<bind>
<opset="arg0_arg1_streams_0_1 "/>
</bind>
</comp>

<comp id="1860" class="1005" name="arg0_arg1_streams_0_2_reg_1860">
<pin_list>
<pin id="1861" dir="0" index="0" bw="256" slack="0"/>
<pin id="1862" dir="1" index="1" bw="256" slack="0"/>
</pin_list>
<bind>
<opset="arg0_arg1_streams_0_2 "/>
</bind>
</comp>

<comp id="1866" class="1005" name="arg0_arg1_streams_0_3_reg_1866">
<pin_list>
<pin id="1867" dir="0" index="0" bw="256" slack="0"/>
<pin id="1868" dir="1" index="1" bw="256" slack="0"/>
</pin_list>
<bind>
<opset="arg0_arg1_streams_0_3 "/>
</bind>
</comp>

<comp id="1872" class="1005" name="arg0_arg1_streams_0_4_reg_1872">
<pin_list>
<pin id="1873" dir="0" index="0" bw="256" slack="0"/>
<pin id="1874" dir="1" index="1" bw="256" slack="0"/>
</pin_list>
<bind>
<opset="arg0_arg1_streams_0_4 "/>
</bind>
</comp>

<comp id="1878" class="1005" name="arg0_arg1_streams_0_5_reg_1878">
<pin_list>
<pin id="1879" dir="0" index="0" bw="256" slack="0"/>
<pin id="1880" dir="1" index="1" bw="256" slack="0"/>
</pin_list>
<bind>
<opset="arg0_arg1_streams_0_5 "/>
</bind>
</comp>

<comp id="1884" class="1005" name="arg0_arg1_streams_0_6_reg_1884">
<pin_list>
<pin id="1885" dir="0" index="0" bw="256" slack="0"/>
<pin id="1886" dir="1" index="1" bw="256" slack="0"/>
</pin_list>
<bind>
<opset="arg0_arg1_streams_0_6 "/>
</bind>
</comp>

<comp id="1890" class="1005" name="arg0_arg1_streams_0_7_reg_1890">
<pin_list>
<pin id="1891" dir="0" index="0" bw="256" slack="0"/>
<pin id="1892" dir="1" index="1" bw="256" slack="0"/>
</pin_list>
<bind>
<opset="arg0_arg1_streams_0_7 "/>
</bind>
</comp>

<comp id="1896" class="1005" name="arg0_arg1_streams_1_0_reg_1896">
<pin_list>
<pin id="1897" dir="0" index="0" bw="256" slack="10"/>
<pin id="1898" dir="1" index="1" bw="256" slack="10"/>
</pin_list>
<bind>
<opset="arg0_arg1_streams_1_0 "/>
</bind>
</comp>

<comp id="1902" class="1005" name="arg0_arg1_streams_1_1_reg_1902">
<pin_list>
<pin id="1903" dir="0" index="0" bw="256" slack="10"/>
<pin id="1904" dir="1" index="1" bw="256" slack="10"/>
</pin_list>
<bind>
<opset="arg0_arg1_streams_1_1 "/>
</bind>
</comp>

<comp id="1908" class="1005" name="arg0_arg1_streams_1_2_reg_1908">
<pin_list>
<pin id="1909" dir="0" index="0" bw="256" slack="10"/>
<pin id="1910" dir="1" index="1" bw="256" slack="10"/>
</pin_list>
<bind>
<opset="arg0_arg1_streams_1_2 "/>
</bind>
</comp>

<comp id="1914" class="1005" name="arg0_arg1_streams_1_3_reg_1914">
<pin_list>
<pin id="1915" dir="0" index="0" bw="256" slack="10"/>
<pin id="1916" dir="1" index="1" bw="256" slack="10"/>
</pin_list>
<bind>
<opset="arg0_arg1_streams_1_3 "/>
</bind>
</comp>

<comp id="1920" class="1005" name="arg0_arg1_streams_1_4_reg_1920">
<pin_list>
<pin id="1921" dir="0" index="0" bw="256" slack="10"/>
<pin id="1922" dir="1" index="1" bw="256" slack="10"/>
</pin_list>
<bind>
<opset="arg0_arg1_streams_1_4 "/>
</bind>
</comp>

<comp id="1926" class="1005" name="arg0_arg1_streams_1_5_reg_1926">
<pin_list>
<pin id="1927" dir="0" index="0" bw="256" slack="10"/>
<pin id="1928" dir="1" index="1" bw="256" slack="10"/>
</pin_list>
<bind>
<opset="arg0_arg1_streams_1_5 "/>
</bind>
</comp>

<comp id="1932" class="1005" name="arg0_arg1_streams_1_6_reg_1932">
<pin_list>
<pin id="1933" dir="0" index="0" bw="256" slack="10"/>
<pin id="1934" dir="1" index="1" bw="256" slack="10"/>
</pin_list>
<bind>
<opset="arg0_arg1_streams_1_6 "/>
</bind>
</comp>

<comp id="1938" class="1005" name="arg0_arg1_streams_1_7_reg_1938">
<pin_list>
<pin id="1939" dir="0" index="0" bw="256" slack="10"/>
<pin id="1940" dir="1" index="1" bw="256" slack="10"/>
</pin_list>
<bind>
<opset="arg0_arg1_streams_1_7 "/>
</bind>
</comp>

<comp id="1944" class="1005" name="arg0_poisson_kernel_stencil_in_subtile_stream_0_0_reg_1944">
<pin_list>
<pin id="1945" dir="0" index="0" bw="288" slack="2"/>
<pin id="1946" dir="1" index="1" bw="288" slack="2"/>
</pin_list>
<bind>
<opset="arg0_poisson_kernel_stencil_in_subtile_stream_0_0 "/>
</bind>
</comp>

<comp id="1950" class="1005" name="arg0_poisson_kernel_stencil_in_subtile_stream_0_1_reg_1950">
<pin_list>
<pin id="1951" dir="0" index="0" bw="288" slack="2"/>
<pin id="1952" dir="1" index="1" bw="288" slack="2"/>
</pin_list>
<bind>
<opset="arg0_poisson_kernel_stencil_in_subtile_stream_0_1 "/>
</bind>
</comp>

<comp id="1956" class="1005" name="arg0_poisson_kernel_stencil_in_subtile_stream_0_2_reg_1956">
<pin_list>
<pin id="1957" dir="0" index="0" bw="288" slack="2"/>
<pin id="1958" dir="1" index="1" bw="288" slack="2"/>
</pin_list>
<bind>
<opset="arg0_poisson_kernel_stencil_in_subtile_stream_0_2 "/>
</bind>
</comp>

<comp id="1962" class="1005" name="arg0_poisson_kernel_stencil_in_subtile_stream_0_3_reg_1962">
<pin_list>
<pin id="1963" dir="0" index="0" bw="288" slack="2"/>
<pin id="1964" dir="1" index="1" bw="288" slack="2"/>
</pin_list>
<bind>
<opset="arg0_poisson_kernel_stencil_in_subtile_stream_0_3 "/>
</bind>
</comp>

<comp id="1968" class="1005" name="arg0_poisson_kernel_stencil_in_subtile_stream_0_4_reg_1968">
<pin_list>
<pin id="1969" dir="0" index="0" bw="288" slack="2"/>
<pin id="1970" dir="1" index="1" bw="288" slack="2"/>
</pin_list>
<bind>
<opset="arg0_poisson_kernel_stencil_in_subtile_stream_0_4 "/>
</bind>
</comp>

<comp id="1974" class="1005" name="arg0_poisson_kernel_stencil_in_subtile_stream_0_5_reg_1974">
<pin_list>
<pin id="1975" dir="0" index="0" bw="288" slack="2"/>
<pin id="1976" dir="1" index="1" bw="288" slack="2"/>
</pin_list>
<bind>
<opset="arg0_poisson_kernel_stencil_in_subtile_stream_0_5 "/>
</bind>
</comp>

<comp id="1980" class="1005" name="arg0_poisson_kernel_stencil_in_subtile_stream_0_6_reg_1980">
<pin_list>
<pin id="1981" dir="0" index="0" bw="288" slack="2"/>
<pin id="1982" dir="1" index="1" bw="288" slack="2"/>
</pin_list>
<bind>
<opset="arg0_poisson_kernel_stencil_in_subtile_stream_0_6 "/>
</bind>
</comp>

<comp id="1986" class="1005" name="arg0_poisson_kernel_stencil_in_subtile_stream_0_7_reg_1986">
<pin_list>
<pin id="1987" dir="0" index="0" bw="288" slack="2"/>
<pin id="1988" dir="1" index="1" bw="288" slack="2"/>
</pin_list>
<bind>
<opset="arg0_poisson_kernel_stencil_in_subtile_stream_0_7 "/>
</bind>
</comp>

<comp id="1992" class="1005" name="arg0_poisson_kernel_stencil_in_subtile_stream_1_0_reg_1992">
<pin_list>
<pin id="1993" dir="0" index="0" bw="288" slack="6"/>
<pin id="1994" dir="1" index="1" bw="288" slack="6"/>
</pin_list>
<bind>
<opset="arg0_poisson_kernel_stencil_in_subtile_stream_1_0 "/>
</bind>
</comp>

<comp id="1998" class="1005" name="arg0_poisson_kernel_stencil_in_subtile_stream_1_1_reg_1998">
<pin_list>
<pin id="1999" dir="0" index="0" bw="288" slack="6"/>
<pin id="2000" dir="1" index="1" bw="288" slack="6"/>
</pin_list>
<bind>
<opset="arg0_poisson_kernel_stencil_in_subtile_stream_1_1 "/>
</bind>
</comp>

<comp id="2004" class="1005" name="arg0_poisson_kernel_stencil_in_subtile_stream_1_2_reg_2004">
<pin_list>
<pin id="2005" dir="0" index="0" bw="288" slack="6"/>
<pin id="2006" dir="1" index="1" bw="288" slack="6"/>
</pin_list>
<bind>
<opset="arg0_poisson_kernel_stencil_in_subtile_stream_1_2 "/>
</bind>
</comp>

<comp id="2010" class="1005" name="arg0_poisson_kernel_stencil_in_subtile_stream_1_3_reg_2010">
<pin_list>
<pin id="2011" dir="0" index="0" bw="288" slack="6"/>
<pin id="2012" dir="1" index="1" bw="288" slack="6"/>
</pin_list>
<bind>
<opset="arg0_poisson_kernel_stencil_in_subtile_stream_1_3 "/>
</bind>
</comp>

<comp id="2016" class="1005" name="arg0_poisson_kernel_stencil_in_subtile_stream_1_4_reg_2016">
<pin_list>
<pin id="2017" dir="0" index="0" bw="288" slack="6"/>
<pin id="2018" dir="1" index="1" bw="288" slack="6"/>
</pin_list>
<bind>
<opset="arg0_poisson_kernel_stencil_in_subtile_stream_1_4 "/>
</bind>
</comp>

<comp id="2022" class="1005" name="arg0_poisson_kernel_stencil_in_subtile_stream_1_5_reg_2022">
<pin_list>
<pin id="2023" dir="0" index="0" bw="288" slack="6"/>
<pin id="2024" dir="1" index="1" bw="288" slack="6"/>
</pin_list>
<bind>
<opset="arg0_poisson_kernel_stencil_in_subtile_stream_1_5 "/>
</bind>
</comp>

<comp id="2028" class="1005" name="arg0_poisson_kernel_stencil_in_subtile_stream_1_6_reg_2028">
<pin_list>
<pin id="2029" dir="0" index="0" bw="288" slack="6"/>
<pin id="2030" dir="1" index="1" bw="288" slack="6"/>
</pin_list>
<bind>
<opset="arg0_poisson_kernel_stencil_in_subtile_stream_1_6 "/>
</bind>
</comp>

<comp id="2034" class="1005" name="arg0_poisson_kernel_stencil_in_subtile_stream_1_7_reg_2034">
<pin_list>
<pin id="2035" dir="0" index="0" bw="288" slack="6"/>
<pin id="2036" dir="1" index="1" bw="288" slack="6"/>
</pin_list>
<bind>
<opset="arg0_poisson_kernel_stencil_in_subtile_stream_1_7 "/>
</bind>
</comp>

<comp id="2040" class="1005" name="arg1_poisson_kernel_stencil_out_subtile_stream_0_0_reg_2040">
<pin_list>
<pin id="2041" dir="0" index="0" bw="288" slack="4"/>
<pin id="2042" dir="1" index="1" bw="288" slack="4"/>
</pin_list>
<bind>
<opset="arg1_poisson_kernel_stencil_out_subtile_stream_0_0 "/>
</bind>
</comp>

<comp id="2046" class="1005" name="arg1_poisson_kernel_stencil_out_subtile_stream_0_1_reg_2046">
<pin_list>
<pin id="2047" dir="0" index="0" bw="288" slack="4"/>
<pin id="2048" dir="1" index="1" bw="288" slack="4"/>
</pin_list>
<bind>
<opset="arg1_poisson_kernel_stencil_out_subtile_stream_0_1 "/>
</bind>
</comp>

<comp id="2052" class="1005" name="arg1_poisson_kernel_stencil_out_subtile_stream_0_2_reg_2052">
<pin_list>
<pin id="2053" dir="0" index="0" bw="288" slack="4"/>
<pin id="2054" dir="1" index="1" bw="288" slack="4"/>
</pin_list>
<bind>
<opset="arg1_poisson_kernel_stencil_out_subtile_stream_0_2 "/>
</bind>
</comp>

<comp id="2058" class="1005" name="arg1_poisson_kernel_stencil_out_subtile_stream_0_3_reg_2058">
<pin_list>
<pin id="2059" dir="0" index="0" bw="288" slack="4"/>
<pin id="2060" dir="1" index="1" bw="288" slack="4"/>
</pin_list>
<bind>
<opset="arg1_poisson_kernel_stencil_out_subtile_stream_0_3 "/>
</bind>
</comp>

<comp id="2064" class="1005" name="arg1_poisson_kernel_stencil_out_subtile_stream_0_4_reg_2064">
<pin_list>
<pin id="2065" dir="0" index="0" bw="288" slack="4"/>
<pin id="2066" dir="1" index="1" bw="288" slack="4"/>
</pin_list>
<bind>
<opset="arg1_poisson_kernel_stencil_out_subtile_stream_0_4 "/>
</bind>
</comp>

<comp id="2070" class="1005" name="arg1_poisson_kernel_stencil_out_subtile_stream_0_5_reg_2070">
<pin_list>
<pin id="2071" dir="0" index="0" bw="288" slack="4"/>
<pin id="2072" dir="1" index="1" bw="288" slack="4"/>
</pin_list>
<bind>
<opset="arg1_poisson_kernel_stencil_out_subtile_stream_0_5 "/>
</bind>
</comp>

<comp id="2076" class="1005" name="arg1_poisson_kernel_stencil_out_subtile_stream_0_6_reg_2076">
<pin_list>
<pin id="2077" dir="0" index="0" bw="288" slack="4"/>
<pin id="2078" dir="1" index="1" bw="288" slack="4"/>
</pin_list>
<bind>
<opset="arg1_poisson_kernel_stencil_out_subtile_stream_0_6 "/>
</bind>
</comp>

<comp id="2082" class="1005" name="arg1_poisson_kernel_stencil_out_subtile_stream_0_7_reg_2082">
<pin_list>
<pin id="2083" dir="0" index="0" bw="288" slack="4"/>
<pin id="2084" dir="1" index="1" bw="288" slack="4"/>
</pin_list>
<bind>
<opset="arg1_poisson_kernel_stencil_out_subtile_stream_0_7 "/>
</bind>
</comp>

<comp id="2088" class="1005" name="arg1_poisson_kernel_stencil_out_subtile_stream_1_0_reg_2088">
<pin_list>
<pin id="2089" dir="0" index="0" bw="288" slack="8"/>
<pin id="2090" dir="1" index="1" bw="288" slack="8"/>
</pin_list>
<bind>
<opset="arg1_poisson_kernel_stencil_out_subtile_stream_1_0 "/>
</bind>
</comp>

<comp id="2094" class="1005" name="arg1_poisson_kernel_stencil_out_subtile_stream_1_1_reg_2094">
<pin_list>
<pin id="2095" dir="0" index="0" bw="288" slack="8"/>
<pin id="2096" dir="1" index="1" bw="288" slack="8"/>
</pin_list>
<bind>
<opset="arg1_poisson_kernel_stencil_out_subtile_stream_1_1 "/>
</bind>
</comp>

<comp id="2100" class="1005" name="arg1_poisson_kernel_stencil_out_subtile_stream_1_2_reg_2100">
<pin_list>
<pin id="2101" dir="0" index="0" bw="288" slack="8"/>
<pin id="2102" dir="1" index="1" bw="288" slack="8"/>
</pin_list>
<bind>
<opset="arg1_poisson_kernel_stencil_out_subtile_stream_1_2 "/>
</bind>
</comp>

<comp id="2106" class="1005" name="arg1_poisson_kernel_stencil_out_subtile_stream_1_3_reg_2106">
<pin_list>
<pin id="2107" dir="0" index="0" bw="288" slack="8"/>
<pin id="2108" dir="1" index="1" bw="288" slack="8"/>
</pin_list>
<bind>
<opset="arg1_poisson_kernel_stencil_out_subtile_stream_1_3 "/>
</bind>
</comp>

<comp id="2112" class="1005" name="arg1_poisson_kernel_stencil_out_subtile_stream_1_4_reg_2112">
<pin_list>
<pin id="2113" dir="0" index="0" bw="288" slack="8"/>
<pin id="2114" dir="1" index="1" bw="288" slack="8"/>
</pin_list>
<bind>
<opset="arg1_poisson_kernel_stencil_out_subtile_stream_1_4 "/>
</bind>
</comp>

<comp id="2118" class="1005" name="arg1_poisson_kernel_stencil_out_subtile_stream_1_5_reg_2118">
<pin_list>
<pin id="2119" dir="0" index="0" bw="288" slack="8"/>
<pin id="2120" dir="1" index="1" bw="288" slack="8"/>
</pin_list>
<bind>
<opset="arg1_poisson_kernel_stencil_out_subtile_stream_1_5 "/>
</bind>
</comp>

<comp id="2124" class="1005" name="arg1_poisson_kernel_stencil_out_subtile_stream_1_6_reg_2124">
<pin_list>
<pin id="2125" dir="0" index="0" bw="288" slack="8"/>
<pin id="2126" dir="1" index="1" bw="288" slack="8"/>
</pin_list>
<bind>
<opset="arg1_poisson_kernel_stencil_out_subtile_stream_1_6 "/>
</bind>
</comp>

<comp id="2130" class="1005" name="arg1_poisson_kernel_stencil_out_subtile_stream_1_7_reg_2130">
<pin_list>
<pin id="2131" dir="0" index="0" bw="288" slack="8"/>
<pin id="2132" dir="1" index="1" bw="288" slack="8"/>
</pin_list>
<bind>
<opset="arg1_poisson_kernel_stencil_out_subtile_stream_1_7 "/>
</bind>
</comp>

</comp_list>

<net_list>
<net id="501"><net_src comp="152" pin="0"/><net_sink comp="498" pin=0"/></net>

<net id="505"><net_src comp="152" pin="0"/><net_sink comp="502" pin=0"/></net>

<net id="509"><net_src comp="152" pin="0"/><net_sink comp="506" pin=0"/></net>

<net id="513"><net_src comp="152" pin="0"/><net_sink comp="510" pin=0"/></net>

<net id="517"><net_src comp="152" pin="0"/><net_sink comp="514" pin=0"/></net>

<net id="521"><net_src comp="152" pin="0"/><net_sink comp="518" pin=0"/></net>

<net id="525"><net_src comp="152" pin="0"/><net_sink comp="522" pin=0"/></net>

<net id="529"><net_src comp="152" pin="0"/><net_sink comp="526" pin=0"/></net>

<net id="533"><net_src comp="152" pin="0"/><net_sink comp="530" pin=0"/></net>

<net id="537"><net_src comp="152" pin="0"/><net_sink comp="534" pin=0"/></net>

<net id="541"><net_src comp="152" pin="0"/><net_sink comp="538" pin=0"/></net>

<net id="545"><net_src comp="152" pin="0"/><net_sink comp="542" pin=0"/></net>

<net id="549"><net_src comp="152" pin="0"/><net_sink comp="546" pin=0"/></net>

<net id="553"><net_src comp="152" pin="0"/><net_sink comp="550" pin=0"/></net>

<net id="557"><net_src comp="152" pin="0"/><net_sink comp="554" pin=0"/></net>

<net id="561"><net_src comp="152" pin="0"/><net_sink comp="558" pin=0"/></net>

<net id="565"><net_src comp="152" pin="0"/><net_sink comp="562" pin=0"/></net>

<net id="569"><net_src comp="152" pin="0"/><net_sink comp="566" pin=0"/></net>

<net id="573"><net_src comp="152" pin="0"/><net_sink comp="570" pin=0"/></net>

<net id="577"><net_src comp="152" pin="0"/><net_sink comp="574" pin=0"/></net>

<net id="581"><net_src comp="152" pin="0"/><net_sink comp="578" pin=0"/></net>

<net id="585"><net_src comp="152" pin="0"/><net_sink comp="582" pin=0"/></net>

<net id="589"><net_src comp="152" pin="0"/><net_sink comp="586" pin=0"/></net>

<net id="593"><net_src comp="152" pin="0"/><net_sink comp="590" pin=0"/></net>

<net id="597"><net_src comp="152" pin="0"/><net_sink comp="594" pin=0"/></net>

<net id="601"><net_src comp="152" pin="0"/><net_sink comp="598" pin=0"/></net>

<net id="605"><net_src comp="152" pin="0"/><net_sink comp="602" pin=0"/></net>

<net id="609"><net_src comp="152" pin="0"/><net_sink comp="606" pin=0"/></net>

<net id="613"><net_src comp="152" pin="0"/><net_sink comp="610" pin=0"/></net>

<net id="617"><net_src comp="152" pin="0"/><net_sink comp="614" pin=0"/></net>

<net id="621"><net_src comp="152" pin="0"/><net_sink comp="618" pin=0"/></net>

<net id="625"><net_src comp="152" pin="0"/><net_sink comp="622" pin=0"/></net>

<net id="629"><net_src comp="152" pin="0"/><net_sink comp="626" pin=0"/></net>

<net id="633"><net_src comp="152" pin="0"/><net_sink comp="630" pin=0"/></net>

<net id="637"><net_src comp="152" pin="0"/><net_sink comp="634" pin=0"/></net>

<net id="641"><net_src comp="152" pin="0"/><net_sink comp="638" pin=0"/></net>

<net id="645"><net_src comp="152" pin="0"/><net_sink comp="642" pin=0"/></net>

<net id="649"><net_src comp="152" pin="0"/><net_sink comp="646" pin=0"/></net>

<net id="653"><net_src comp="152" pin="0"/><net_sink comp="650" pin=0"/></net>

<net id="657"><net_src comp="152" pin="0"/><net_sink comp="654" pin=0"/></net>

<net id="661"><net_src comp="152" pin="0"/><net_sink comp="658" pin=0"/></net>

<net id="665"><net_src comp="152" pin="0"/><net_sink comp="662" pin=0"/></net>

<net id="669"><net_src comp="152" pin="0"/><net_sink comp="666" pin=0"/></net>

<net id="673"><net_src comp="152" pin="0"/><net_sink comp="670" pin=0"/></net>

<net id="677"><net_src comp="152" pin="0"/><net_sink comp="674" pin=0"/></net>

<net id="681"><net_src comp="152" pin="0"/><net_sink comp="678" pin=0"/></net>

<net id="685"><net_src comp="152" pin="0"/><net_sink comp="682" pin=0"/></net>

<net id="689"><net_src comp="152" pin="0"/><net_sink comp="686" pin=0"/></net>

<net id="693"><net_src comp="152" pin="0"/><net_sink comp="690" pin=0"/></net>

<net id="697"><net_src comp="152" pin="0"/><net_sink comp="694" pin=0"/></net>

<net id="701"><net_src comp="152" pin="0"/><net_sink comp="698" pin=0"/></net>

<net id="705"><net_src comp="152" pin="0"/><net_sink comp="702" pin=0"/></net>

<net id="709"><net_src comp="152" pin="0"/><net_sink comp="706" pin=0"/></net>

<net id="713"><net_src comp="152" pin="0"/><net_sink comp="710" pin=0"/></net>

<net id="717"><net_src comp="152" pin="0"/><net_sink comp="714" pin=0"/></net>

<net id="721"><net_src comp="152" pin="0"/><net_sink comp="718" pin=0"/></net>

<net id="725"><net_src comp="152" pin="0"/><net_sink comp="722" pin=0"/></net>

<net id="729"><net_src comp="152" pin="0"/><net_sink comp="726" pin=0"/></net>

<net id="733"><net_src comp="152" pin="0"/><net_sink comp="730" pin=0"/></net>

<net id="737"><net_src comp="152" pin="0"/><net_sink comp="734" pin=0"/></net>

<net id="741"><net_src comp="152" pin="0"/><net_sink comp="738" pin=0"/></net>

<net id="745"><net_src comp="152" pin="0"/><net_sink comp="742" pin=0"/></net>

<net id="749"><net_src comp="152" pin="0"/><net_sink comp="746" pin=0"/></net>

<net id="753"><net_src comp="152" pin="0"/><net_sink comp="750" pin=0"/></net>

<net id="757"><net_src comp="152" pin="0"/><net_sink comp="754" pin=0"/></net>

<net id="761"><net_src comp="152" pin="0"/><net_sink comp="758" pin=0"/></net>

<net id="765"><net_src comp="152" pin="0"/><net_sink comp="762" pin=0"/></net>

<net id="769"><net_src comp="152" pin="0"/><net_sink comp="766" pin=0"/></net>

<net id="773"><net_src comp="152" pin="0"/><net_sink comp="770" pin=0"/></net>

<net id="777"><net_src comp="152" pin="0"/><net_sink comp="774" pin=0"/></net>

<net id="781"><net_src comp="152" pin="0"/><net_sink comp="778" pin=0"/></net>

<net id="785"><net_src comp="152" pin="0"/><net_sink comp="782" pin=0"/></net>

<net id="789"><net_src comp="152" pin="0"/><net_sink comp="786" pin=0"/></net>

<net id="793"><net_src comp="152" pin="0"/><net_sink comp="790" pin=0"/></net>

<net id="797"><net_src comp="152" pin="0"/><net_sink comp="794" pin=0"/></net>

<net id="801"><net_src comp="152" pin="0"/><net_sink comp="798" pin=0"/></net>

<net id="805"><net_src comp="152" pin="0"/><net_sink comp="802" pin=0"/></net>

<net id="809"><net_src comp="152" pin="0"/><net_sink comp="806" pin=0"/></net>

<net id="813"><net_src comp="152" pin="0"/><net_sink comp="810" pin=0"/></net>

<net id="817"><net_src comp="152" pin="0"/><net_sink comp="814" pin=0"/></net>

<net id="821"><net_src comp="152" pin="0"/><net_sink comp="818" pin=0"/></net>

<net id="825"><net_src comp="152" pin="0"/><net_sink comp="822" pin=0"/></net>

<net id="829"><net_src comp="152" pin="0"/><net_sink comp="826" pin=0"/></net>

<net id="833"><net_src comp="152" pin="0"/><net_sink comp="830" pin=0"/></net>

<net id="837"><net_src comp="152" pin="0"/><net_sink comp="834" pin=0"/></net>

<net id="841"><net_src comp="152" pin="0"/><net_sink comp="838" pin=0"/></net>

<net id="845"><net_src comp="152" pin="0"/><net_sink comp="842" pin=0"/></net>

<net id="849"><net_src comp="152" pin="0"/><net_sink comp="846" pin=0"/></net>

<net id="853"><net_src comp="152" pin="0"/><net_sink comp="850" pin=0"/></net>

<net id="857"><net_src comp="152" pin="0"/><net_sink comp="854" pin=0"/></net>

<net id="861"><net_src comp="152" pin="0"/><net_sink comp="858" pin=0"/></net>

<net id="865"><net_src comp="152" pin="0"/><net_sink comp="862" pin=0"/></net>

<net id="869"><net_src comp="152" pin="0"/><net_sink comp="866" pin=0"/></net>

<net id="873"><net_src comp="152" pin="0"/><net_sink comp="870" pin=0"/></net>

<net id="877"><net_src comp="152" pin="0"/><net_sink comp="874" pin=0"/></net>

<net id="881"><net_src comp="152" pin="0"/><net_sink comp="878" pin=0"/></net>

<net id="885"><net_src comp="152" pin="0"/><net_sink comp="882" pin=0"/></net>

<net id="889"><net_src comp="152" pin="0"/><net_sink comp="886" pin=0"/></net>

<net id="893"><net_src comp="152" pin="0"/><net_sink comp="890" pin=0"/></net>

<net id="897"><net_src comp="152" pin="0"/><net_sink comp="894" pin=0"/></net>

<net id="901"><net_src comp="152" pin="0"/><net_sink comp="898" pin=0"/></net>

<net id="905"><net_src comp="152" pin="0"/><net_sink comp="902" pin=0"/></net>

<net id="909"><net_src comp="152" pin="0"/><net_sink comp="906" pin=0"/></net>

<net id="913"><net_src comp="152" pin="0"/><net_sink comp="910" pin=0"/></net>

<net id="917"><net_src comp="152" pin="0"/><net_sink comp="914" pin=0"/></net>

<net id="921"><net_src comp="152" pin="0"/><net_sink comp="918" pin=0"/></net>

<net id="925"><net_src comp="152" pin="0"/><net_sink comp="922" pin=0"/></net>

<net id="929"><net_src comp="152" pin="0"/><net_sink comp="926" pin=0"/></net>

<net id="933"><net_src comp="152" pin="0"/><net_sink comp="930" pin=0"/></net>

<net id="938"><net_src comp="144" pin="0"/><net_sink comp="934" pin=0"/></net>

<net id="939"><net_src comp="14" pin="0"/><net_sink comp="934" pin=1"/></net>

<net id="944"><net_src comp="146" pin="0"/><net_sink comp="940" pin=0"/></net>

<net id="945"><net_src comp="12" pin="0"/><net_sink comp="940" pin=1"/></net>

<net id="950"><net_src comp="148" pin="0"/><net_sink comp="946" pin=0"/></net>

<net id="951"><net_src comp="10" pin="0"/><net_sink comp="946" pin=1"/></net>

<net id="956"><net_src comp="148" pin="0"/><net_sink comp="952" pin=0"/></net>

<net id="957"><net_src comp="8" pin="0"/><net_sink comp="952" pin=1"/></net>

<net id="962"><net_src comp="150" pin="0"/><net_sink comp="958" pin=0"/></net>

<net id="963"><net_src comp="6" pin="0"/><net_sink comp="958" pin=1"/></net>

<net id="968"><net_src comp="150" pin="0"/><net_sink comp="964" pin=0"/></net>

<net id="969"><net_src comp="4" pin="0"/><net_sink comp="964" pin=1"/></net>

<net id="974"><net_src comp="150" pin="0"/><net_sink comp="970" pin=0"/></net>

<net id="975"><net_src comp="2" pin="0"/><net_sink comp="970" pin=1"/></net>

<net id="980"><net_src comp="146" pin="0"/><net_sink comp="976" pin=0"/></net>

<net id="981"><net_src comp="0" pin="0"/><net_sink comp="976" pin=1"/></net>

<net id="1017"><net_src comp="154" pin="0"/><net_sink comp="982" pin=0"/></net>

<net id="1018"><net_src comp="976" pin="2"/><net_sink comp="982" pin=1"/></net>

<net id="1019"><net_src comp="970" pin="2"/><net_sink comp="982" pin=6"/></net>

<net id="1020"><net_src comp="964" pin="2"/><net_sink comp="982" pin=11"/></net>

<net id="1021"><net_src comp="958" pin="2"/><net_sink comp="982" pin=16"/></net>

<net id="1022"><net_src comp="952" pin="2"/><net_sink comp="982" pin=21"/></net>

<net id="1023"><net_src comp="946" pin="2"/><net_sink comp="982" pin=23"/></net>

<net id="1024"><net_src comp="940" pin="2"/><net_sink comp="982" pin=28"/></net>

<net id="1035"><net_src comp="156" pin="0"/><net_sink comp="1025" pin=0"/></net>

<net id="1036"><net_src comp="16" pin="0"/><net_sink comp="1025" pin=1"/></net>

<net id="1037"><net_src comp="18" pin="0"/><net_sink comp="1025" pin=2"/></net>

<net id="1038"><net_src comp="20" pin="0"/><net_sink comp="1025" pin=3"/></net>

<net id="1039"><net_src comp="22" pin="0"/><net_sink comp="1025" pin=4"/></net>

<net id="1040"><net_src comp="934" pin="2"/><net_sink comp="1025" pin=6"/></net>

<net id="1050"><net_src comp="158" pin="0"/><net_sink comp="1041" pin=0"/></net>

<net id="1051"><net_src comp="24" pin="0"/><net_sink comp="1041" pin=1"/></net>

<net id="1052"><net_src comp="26" pin="0"/><net_sink comp="1041" pin=2"/></net>

<net id="1053"><net_src comp="28" pin="0"/><net_sink comp="1041" pin=3"/></net>

<net id="1054"><net_src comp="30" pin="0"/><net_sink comp="1041" pin=4"/></net>

<net id="1055"><net_src comp="934" pin="2"/><net_sink comp="1041" pin=6"/></net>

<net id="1065"><net_src comp="160" pin="0"/><net_sink comp="1056" pin=0"/></net>

<net id="1066"><net_src comp="32" pin="0"/><net_sink comp="1056" pin=1"/></net>

<net id="1067"><net_src comp="34" pin="0"/><net_sink comp="1056" pin=2"/></net>

<net id="1068"><net_src comp="36" pin="0"/><net_sink comp="1056" pin=3"/></net>

<net id="1069"><net_src comp="38" pin="0"/><net_sink comp="1056" pin=4"/></net>

<net id="1070"><net_src comp="934" pin="2"/><net_sink comp="1056" pin=6"/></net>

<net id="1080"><net_src comp="162" pin="0"/><net_sink comp="1071" pin=0"/></net>

<net id="1081"><net_src comp="40" pin="0"/><net_sink comp="1071" pin=1"/></net>

<net id="1082"><net_src comp="42" pin="0"/><net_sink comp="1071" pin=2"/></net>

<net id="1083"><net_src comp="44" pin="0"/><net_sink comp="1071" pin=3"/></net>

<net id="1084"><net_src comp="46" pin="0"/><net_sink comp="1071" pin=4"/></net>

<net id="1085"><net_src comp="934" pin="2"/><net_sink comp="1071" pin=6"/></net>

<net id="1095"><net_src comp="164" pin="0"/><net_sink comp="1086" pin=0"/></net>

<net id="1096"><net_src comp="48" pin="0"/><net_sink comp="1086" pin=1"/></net>

<net id="1097"><net_src comp="50" pin="0"/><net_sink comp="1086" pin=2"/></net>

<net id="1098"><net_src comp="52" pin="0"/><net_sink comp="1086" pin=3"/></net>

<net id="1099"><net_src comp="54" pin="0"/><net_sink comp="1086" pin=4"/></net>

<net id="1100"><net_src comp="934" pin="2"/><net_sink comp="1086" pin=6"/></net>

<net id="1110"><net_src comp="166" pin="0"/><net_sink comp="1101" pin=0"/></net>

<net id="1111"><net_src comp="56" pin="0"/><net_sink comp="1101" pin=1"/></net>

<net id="1112"><net_src comp="58" pin="0"/><net_sink comp="1101" pin=2"/></net>

<net id="1113"><net_src comp="60" pin="0"/><net_sink comp="1101" pin=3"/></net>

<net id="1114"><net_src comp="62" pin="0"/><net_sink comp="1101" pin=4"/></net>

<net id="1115"><net_src comp="934" pin="2"/><net_sink comp="1101" pin=6"/></net>

<net id="1125"><net_src comp="168" pin="0"/><net_sink comp="1116" pin=0"/></net>

<net id="1126"><net_src comp="64" pin="0"/><net_sink comp="1116" pin=1"/></net>

<net id="1127"><net_src comp="66" pin="0"/><net_sink comp="1116" pin=2"/></net>

<net id="1128"><net_src comp="68" pin="0"/><net_sink comp="1116" pin=3"/></net>

<net id="1129"><net_src comp="70" pin="0"/><net_sink comp="1116" pin=4"/></net>

<net id="1130"><net_src comp="934" pin="2"/><net_sink comp="1116" pin=6"/></net>

<net id="1140"><net_src comp="170" pin="0"/><net_sink comp="1131" pin=0"/></net>

<net id="1141"><net_src comp="72" pin="0"/><net_sink comp="1131" pin=1"/></net>

<net id="1142"><net_src comp="74" pin="0"/><net_sink comp="1131" pin=2"/></net>

<net id="1143"><net_src comp="76" pin="0"/><net_sink comp="1131" pin=3"/></net>

<net id="1144"><net_src comp="78" pin="0"/><net_sink comp="1131" pin=4"/></net>

<net id="1145"><net_src comp="934" pin="2"/><net_sink comp="1131" pin=6"/></net>

<net id="1167"><net_src comp="172" pin="0"/><net_sink comp="1146" pin=0"/></net>

<net id="1207"><net_src comp="174" pin="0"/><net_sink comp="1168" pin=0"/></net>

<net id="1221"><net_src comp="176" pin="0"/><net_sink comp="1208" pin=0"/></net>

<net id="1235"><net_src comp="178" pin="0"/><net_sink comp="1222" pin=0"/></net>

<net id="1249"><net_src comp="180" pin="0"/><net_sink comp="1236" pin=0"/></net>

<net id="1271"><net_src comp="182" pin="0"/><net_sink comp="1250" pin=0"/></net>

<net id="1286"><net_src comp="184" pin="0"/><net_sink comp="1272" pin=0"/></net>

<net id="1300"><net_src comp="186" pin="0"/><net_sink comp="1287" pin=0"/></net>

<net id="1314"><net_src comp="188" pin="0"/><net_sink comp="1301" pin=0"/></net>

<net id="1328"><net_src comp="190" pin="0"/><net_sink comp="1315" pin=0"/></net>

<net id="1357"><net_src comp="192" pin="0"/><net_sink comp="1329" pin=0"/></net>

<net id="1367"><net_src comp="194" pin="0"/><net_sink comp="1358" pin=0"/></net>

<net id="1368"><net_src comp="80" pin="0"/><net_sink comp="1358" pin=2"/></net>

<net id="1369"><net_src comp="82" pin="0"/><net_sink comp="1358" pin=3"/></net>

<net id="1370"><net_src comp="84" pin="0"/><net_sink comp="1358" pin=4"/></net>

<net id="1371"><net_src comp="86" pin="0"/><net_sink comp="1358" pin=5"/></net>

<net id="1381"><net_src comp="196" pin="0"/><net_sink comp="1372" pin=0"/></net>

<net id="1382"><net_src comp="88" pin="0"/><net_sink comp="1372" pin=2"/></net>

<net id="1383"><net_src comp="90" pin="0"/><net_sink comp="1372" pin=3"/></net>

<net id="1384"><net_src comp="92" pin="0"/><net_sink comp="1372" pin=4"/></net>

<net id="1385"><net_src comp="94" pin="0"/><net_sink comp="1372" pin=5"/></net>

<net id="1395"><net_src comp="198" pin="0"/><net_sink comp="1386" pin=0"/></net>

<net id="1396"><net_src comp="96" pin="0"/><net_sink comp="1386" pin=2"/></net>

<net id="1397"><net_src comp="98" pin="0"/><net_sink comp="1386" pin=3"/></net>

<net id="1398"><net_src comp="100" pin="0"/><net_sink comp="1386" pin=4"/></net>

<net id="1399"><net_src comp="102" pin="0"/><net_sink comp="1386" pin=5"/></net>

<net id="1409"><net_src comp="200" pin="0"/><net_sink comp="1400" pin=0"/></net>

<net id="1410"><net_src comp="104" pin="0"/><net_sink comp="1400" pin=2"/></net>

<net id="1411"><net_src comp="106" pin="0"/><net_sink comp="1400" pin=3"/></net>

<net id="1412"><net_src comp="108" pin="0"/><net_sink comp="1400" pin=4"/></net>

<net id="1413"><net_src comp="110" pin="0"/><net_sink comp="1400" pin=5"/></net>

<net id="1423"><net_src comp="202" pin="0"/><net_sink comp="1414" pin=0"/></net>

<net id="1424"><net_src comp="112" pin="0"/><net_sink comp="1414" pin=2"/></net>

<net id="1425"><net_src comp="114" pin="0"/><net_sink comp="1414" pin=3"/></net>

<net id="1426"><net_src comp="116" pin="0"/><net_sink comp="1414" pin=4"/></net>

<net id="1427"><net_src comp="118" pin="0"/><net_sink comp="1414" pin=5"/></net>

<net id="1437"><net_src comp="204" pin="0"/><net_sink comp="1428" pin=0"/></net>

<net id="1438"><net_src comp="120" pin="0"/><net_sink comp="1428" pin=2"/></net>

<net id="1439"><net_src comp="122" pin="0"/><net_sink comp="1428" pin=3"/></net>

<net id="1440"><net_src comp="124" pin="0"/><net_sink comp="1428" pin=4"/></net>

<net id="1441"><net_src comp="126" pin="0"/><net_sink comp="1428" pin=5"/></net>

<net id="1451"><net_src comp="206" pin="0"/><net_sink comp="1442" pin=0"/></net>

<net id="1452"><net_src comp="128" pin="0"/><net_sink comp="1442" pin=2"/></net>

<net id="1453"><net_src comp="130" pin="0"/><net_sink comp="1442" pin=3"/></net>

<net id="1454"><net_src comp="132" pin="0"/><net_sink comp="1442" pin=4"/></net>

<net id="1455"><net_src comp="134" pin="0"/><net_sink comp="1442" pin=5"/></net>

<net id="1465"><net_src comp="208" pin="0"/><net_sink comp="1456" pin=0"/></net>

<net id="1466"><net_src comp="136" pin="0"/><net_sink comp="1456" pin=2"/></net>

<net id="1467"><net_src comp="138" pin="0"/><net_sink comp="1456" pin=3"/></net>

<net id="1468"><net_src comp="140" pin="0"/><net_sink comp="1456" pin=4"/></net>

<net id="1469"><net_src comp="142" pin="0"/><net_sink comp="1456" pin=5"/></net>

<net id="1473"><net_src comp="934" pin="2"/><net_sink comp="1470" pin=0"/></net>

<net id="1474"><net_src comp="1470" pin="1"/><net_sink comp="1025" pin=6"/></net>

<net id="1475"><net_src comp="1470" pin="1"/><net_sink comp="1041" pin=6"/></net>

<net id="1476"><net_src comp="1470" pin="1"/><net_sink comp="1056" pin=6"/></net>

<net id="1477"><net_src comp="1470" pin="1"/><net_sink comp="1071" pin=6"/></net>

<net id="1478"><net_src comp="1470" pin="1"/><net_sink comp="1086" pin=6"/></net>

<net id="1479"><net_src comp="1470" pin="1"/><net_sink comp="1101" pin=6"/></net>

<net id="1480"><net_src comp="1470" pin="1"/><net_sink comp="1116" pin=6"/></net>

<net id="1481"><net_src comp="1470" pin="1"/><net_sink comp="1131" pin=6"/></net>

<net id="1485"><net_src comp="498" pin="1"/><net_sink comp="1482" pin=0"/></net>

<net id="1486"><net_src comp="1482" pin="1"/><net_sink comp="1025" pin=7"/></net>

<net id="1487"><net_src comp="1482" pin="1"/><net_sink comp="1146" pin=17"/></net>

<net id="1491"><net_src comp="502" pin="1"/><net_sink comp="1488" pin=0"/></net>

<net id="1492"><net_src comp="1488" pin="1"/><net_sink comp="1146" pin=18"/></net>

<net id="1493"><net_src comp="1488" pin="1"/><net_sink comp="1250" pin=17"/></net>

<net id="1497"><net_src comp="506" pin="1"/><net_sink comp="1494" pin=0"/></net>

<net id="1498"><net_src comp="1494" pin="1"/><net_sink comp="1250" pin=18"/></net>

<net id="1499"><net_src comp="1494" pin="1"/><net_sink comp="1329" pin=17"/></net>

<net id="1503"><net_src comp="510" pin="1"/><net_sink comp="1500" pin=0"/></net>

<net id="1504"><net_src comp="1500" pin="1"/><net_sink comp="1329" pin=25"/></net>

<net id="1505"><net_src comp="1500" pin="1"/><net_sink comp="1358" pin=6"/></net>

<net id="1509"><net_src comp="514" pin="1"/><net_sink comp="1506" pin=0"/></net>

<net id="1510"><net_src comp="1506" pin="1"/><net_sink comp="1329" pin=24"/></net>

<net id="1511"><net_src comp="1506" pin="1"/><net_sink comp="1372" pin=6"/></net>

<net id="1515"><net_src comp="518" pin="1"/><net_sink comp="1512" pin=0"/></net>

<net id="1516"><net_src comp="1512" pin="1"/><net_sink comp="1329" pin=23"/></net>

<net id="1517"><net_src comp="1512" pin="1"/><net_sink comp="1386" pin=6"/></net>

<net id="1521"><net_src comp="522" pin="1"/><net_sink comp="1518" pin=0"/></net>

<net id="1522"><net_src comp="1518" pin="1"/><net_sink comp="1329" pin=22"/></net>

<net id="1523"><net_src comp="1518" pin="1"/><net_sink comp="1400" pin=6"/></net>

<net id="1527"><net_src comp="526" pin="1"/><net_sink comp="1524" pin=0"/></net>

<net id="1528"><net_src comp="1524" pin="1"/><net_sink comp="1329" pin=21"/></net>

<net id="1529"><net_src comp="1524" pin="1"/><net_sink comp="1414" pin=6"/></net>

<net id="1533"><net_src comp="530" pin="1"/><net_sink comp="1530" pin=0"/></net>

<net id="1534"><net_src comp="1530" pin="1"/><net_sink comp="1329" pin=20"/></net>

<net id="1535"><net_src comp="1530" pin="1"/><net_sink comp="1428" pin=6"/></net>

<net id="1539"><net_src comp="534" pin="1"/><net_sink comp="1536" pin=0"/></net>

<net id="1540"><net_src comp="1536" pin="1"/><net_sink comp="1329" pin=19"/></net>

<net id="1541"><net_src comp="1536" pin="1"/><net_sink comp="1442" pin=6"/></net>

<net id="1545"><net_src comp="538" pin="1"/><net_sink comp="1542" pin=0"/></net>

<net id="1546"><net_src comp="1542" pin="1"/><net_sink comp="1329" pin=18"/></net>

<net id="1547"><net_src comp="1542" pin="1"/><net_sink comp="1456" pin=6"/></net>

<net id="1551"><net_src comp="542" pin="1"/><net_sink comp="1548" pin=0"/></net>

<net id="1552"><net_src comp="1548" pin="1"/><net_sink comp="982" pin=32"/></net>

<net id="1553"><net_src comp="1548" pin="1"/><net_sink comp="1168" pin=7"/></net>

<net id="1557"><net_src comp="546" pin="1"/><net_sink comp="1554" pin=0"/></net>

<net id="1558"><net_src comp="1554" pin="1"/><net_sink comp="982" pin=31"/></net>

<net id="1559"><net_src comp="1554" pin="1"/><net_sink comp="1208" pin=6"/></net>

<net id="1563"><net_src comp="550" pin="1"/><net_sink comp="1560" pin=0"/></net>

<net id="1564"><net_src comp="1560" pin="1"/><net_sink comp="982" pin=30"/></net>

<net id="1565"><net_src comp="1560" pin="1"/><net_sink comp="1222" pin=6"/></net>

<net id="1569"><net_src comp="554" pin="1"/><net_sink comp="1566" pin=0"/></net>

<net id="1570"><net_src comp="1566" pin="1"/><net_sink comp="982" pin=29"/></net>

<net id="1571"><net_src comp="1566" pin="1"/><net_sink comp="1236" pin=6"/></net>

<net id="1575"><net_src comp="558" pin="1"/><net_sink comp="1572" pin=0"/></net>

<net id="1576"><net_src comp="1572" pin="1"/><net_sink comp="1168" pin=36"/></net>

<net id="1577"><net_src comp="1572" pin="1"/><net_sink comp="1272" pin=7"/></net>

<net id="1581"><net_src comp="562" pin="1"/><net_sink comp="1578" pin=0"/></net>

<net id="1582"><net_src comp="1578" pin="1"/><net_sink comp="1168" pin=35"/></net>

<net id="1583"><net_src comp="1578" pin="1"/><net_sink comp="1287" pin=6"/></net>

<net id="1587"><net_src comp="566" pin="1"/><net_sink comp="1584" pin=0"/></net>

<net id="1588"><net_src comp="1584" pin="1"/><net_sink comp="1168" pin=34"/></net>

<net id="1589"><net_src comp="1584" pin="1"/><net_sink comp="1301" pin=6"/></net>

<net id="1593"><net_src comp="570" pin="1"/><net_sink comp="1590" pin=0"/></net>

<net id="1594"><net_src comp="1590" pin="1"/><net_sink comp="1168" pin=33"/></net>

<net id="1595"><net_src comp="1590" pin="1"/><net_sink comp="1315" pin=6"/></net>

<net id="1599"><net_src comp="574" pin="1"/><net_sink comp="1596" pin=0"/></net>

<net id="1600"><net_src comp="1596" pin="1"/><net_sink comp="982" pin=27"/></net>

<net id="1601"><net_src comp="1596" pin="1"/><net_sink comp="1168" pin=6"/></net>

<net id="1605"><net_src comp="578" pin="1"/><net_sink comp="1602" pin=0"/></net>

<net id="1606"><net_src comp="1602" pin="1"/><net_sink comp="982" pin=26"/></net>

<net id="1607"><net_src comp="1602" pin="1"/><net_sink comp="1208" pin=5"/></net>

<net id="1611"><net_src comp="582" pin="1"/><net_sink comp="1608" pin=0"/></net>

<net id="1612"><net_src comp="1608" pin="1"/><net_sink comp="982" pin=25"/></net>

<net id="1613"><net_src comp="1608" pin="1"/><net_sink comp="1222" pin=5"/></net>

<net id="1617"><net_src comp="586" pin="1"/><net_sink comp="1614" pin=0"/></net>

<net id="1618"><net_src comp="1614" pin="1"/><net_sink comp="982" pin=24"/></net>

<net id="1619"><net_src comp="1614" pin="1"/><net_sink comp="1236" pin=5"/></net>

<net id="1623"><net_src comp="590" pin="1"/><net_sink comp="1620" pin=0"/></net>

<net id="1624"><net_src comp="1620" pin="1"/><net_sink comp="1168" pin=32"/></net>

<net id="1625"><net_src comp="1620" pin="1"/><net_sink comp="1272" pin=6"/></net>

<net id="1629"><net_src comp="594" pin="1"/><net_sink comp="1626" pin=0"/></net>

<net id="1630"><net_src comp="1626" pin="1"/><net_sink comp="1168" pin=31"/></net>

<net id="1631"><net_src comp="1626" pin="1"/><net_sink comp="1287" pin=5"/></net>

<net id="1635"><net_src comp="598" pin="1"/><net_sink comp="1632" pin=0"/></net>

<net id="1636"><net_src comp="1632" pin="1"/><net_sink comp="1168" pin=30"/></net>

<net id="1637"><net_src comp="1632" pin="1"/><net_sink comp="1301" pin=5"/></net>

<net id="1641"><net_src comp="602" pin="1"/><net_sink comp="1638" pin=0"/></net>

<net id="1642"><net_src comp="1638" pin="1"/><net_sink comp="1168" pin=29"/></net>

<net id="1643"><net_src comp="1638" pin="1"/><net_sink comp="1315" pin=5"/></net>

<net id="1647"><net_src comp="606" pin="1"/><net_sink comp="1644" pin=0"/></net>

<net id="1648"><net_src comp="1644" pin="1"/><net_sink comp="982" pin=22"/></net>

<net id="1649"><net_src comp="1644" pin="1"/><net_sink comp="1168" pin=5"/></net>

<net id="1653"><net_src comp="610" pin="1"/><net_sink comp="1650" pin=0"/></net>

<net id="1654"><net_src comp="1650" pin="1"/><net_sink comp="1168" pin=28"/></net>

<net id="1655"><net_src comp="1650" pin="1"/><net_sink comp="1272" pin=5"/></net>

<net id="1659"><net_src comp="614" pin="1"/><net_sink comp="1656" pin=0"/></net>

<net id="1660"><net_src comp="1656" pin="1"/><net_sink comp="982" pin=20"/></net>

<net id="1661"><net_src comp="1656" pin="1"/><net_sink comp="1168" pin=4"/></net>

<net id="1665"><net_src comp="618" pin="1"/><net_sink comp="1662" pin=0"/></net>

<net id="1666"><net_src comp="1662" pin="1"/><net_sink comp="982" pin=19"/></net>

<net id="1667"><net_src comp="1662" pin="1"/><net_sink comp="1208" pin=4"/></net>

<net id="1671"><net_src comp="622" pin="1"/><net_sink comp="1668" pin=0"/></net>

<net id="1672"><net_src comp="1668" pin="1"/><net_sink comp="982" pin=18"/></net>

<net id="1673"><net_src comp="1668" pin="1"/><net_sink comp="1222" pin=4"/></net>

<net id="1677"><net_src comp="626" pin="1"/><net_sink comp="1674" pin=0"/></net>

<net id="1678"><net_src comp="1674" pin="1"/><net_sink comp="982" pin=17"/></net>

<net id="1679"><net_src comp="1674" pin="1"/><net_sink comp="1236" pin=4"/></net>

<net id="1683"><net_src comp="630" pin="1"/><net_sink comp="1680" pin=0"/></net>

<net id="1684"><net_src comp="1680" pin="1"/><net_sink comp="1168" pin=27"/></net>

<net id="1685"><net_src comp="1680" pin="1"/><net_sink comp="1272" pin=4"/></net>

<net id="1689"><net_src comp="634" pin="1"/><net_sink comp="1686" pin=0"/></net>

<net id="1690"><net_src comp="1686" pin="1"/><net_sink comp="1168" pin=26"/></net>

<net id="1691"><net_src comp="1686" pin="1"/><net_sink comp="1287" pin=4"/></net>

<net id="1695"><net_src comp="638" pin="1"/><net_sink comp="1692" pin=0"/></net>

<net id="1696"><net_src comp="1692" pin="1"/><net_sink comp="1168" pin=25"/></net>

<net id="1697"><net_src comp="1692" pin="1"/><net_sink comp="1301" pin=4"/></net>

<net id="1701"><net_src comp="642" pin="1"/><net_sink comp="1698" pin=0"/></net>

<net id="1702"><net_src comp="1698" pin="1"/><net_sink comp="1168" pin=24"/></net>

<net id="1703"><net_src comp="1698" pin="1"/><net_sink comp="1315" pin=4"/></net>

<net id="1707"><net_src comp="646" pin="1"/><net_sink comp="1704" pin=0"/></net>

<net id="1708"><net_src comp="1704" pin="1"/><net_sink comp="982" pin=15"/></net>

<net id="1709"><net_src comp="1704" pin="1"/><net_sink comp="1168" pin=3"/></net>

<net id="1713"><net_src comp="650" pin="1"/><net_sink comp="1710" pin=0"/></net>

<net id="1714"><net_src comp="1710" pin="1"/><net_sink comp="982" pin=14"/></net>

<net id="1715"><net_src comp="1710" pin="1"/><net_sink comp="1208" pin=3"/></net>

<net id="1719"><net_src comp="654" pin="1"/><net_sink comp="1716" pin=0"/></net>

<net id="1720"><net_src comp="1716" pin="1"/><net_sink comp="982" pin=13"/></net>

<net id="1721"><net_src comp="1716" pin="1"/><net_sink comp="1222" pin=3"/></net>

<net id="1725"><net_src comp="658" pin="1"/><net_sink comp="1722" pin=0"/></net>

<net id="1726"><net_src comp="1722" pin="1"/><net_sink comp="982" pin=12"/></net>

<net id="1727"><net_src comp="1722" pin="1"/><net_sink comp="1236" pin=3"/></net>

<net id="1731"><net_src comp="662" pin="1"/><net_sink comp="1728" pin=0"/></net>

<net id="1732"><net_src comp="1728" pin="1"/><net_sink comp="1168" pin=23"/></net>

<net id="1733"><net_src comp="1728" pin="1"/><net_sink comp="1272" pin=3"/></net>

<net id="1737"><net_src comp="666" pin="1"/><net_sink comp="1734" pin=0"/></net>

<net id="1738"><net_src comp="1734" pin="1"/><net_sink comp="1168" pin=22"/></net>

<net id="1739"><net_src comp="1734" pin="1"/><net_sink comp="1287" pin=3"/></net>

<net id="1743"><net_src comp="670" pin="1"/><net_sink comp="1740" pin=0"/></net>

<net id="1744"><net_src comp="1740" pin="1"/><net_sink comp="1168" pin=21"/></net>

<net id="1745"><net_src comp="1740" pin="1"/><net_sink comp="1301" pin=3"/></net>

<net id="1749"><net_src comp="674" pin="1"/><net_sink comp="1746" pin=0"/></net>

<net id="1750"><net_src comp="1746" pin="1"/><net_sink comp="1168" pin=20"/></net>

<net id="1751"><net_src comp="1746" pin="1"/><net_sink comp="1315" pin=3"/></net>

<net id="1755"><net_src comp="678" pin="1"/><net_sink comp="1752" pin=0"/></net>

<net id="1756"><net_src comp="1752" pin="1"/><net_sink comp="982" pin=10"/></net>

<net id="1757"><net_src comp="1752" pin="1"/><net_sink comp="1168" pin=2"/></net>

<net id="1761"><net_src comp="682" pin="1"/><net_sink comp="1758" pin=0"/></net>

<net id="1762"><net_src comp="1758" pin="1"/><net_sink comp="982" pin=9"/></net>

<net id="1763"><net_src comp="1758" pin="1"/><net_sink comp="1208" pin=2"/></net>

<net id="1767"><net_src comp="686" pin="1"/><net_sink comp="1764" pin=0"/></net>

<net id="1768"><net_src comp="1764" pin="1"/><net_sink comp="982" pin=8"/></net>

<net id="1769"><net_src comp="1764" pin="1"/><net_sink comp="1222" pin=2"/></net>

<net id="1773"><net_src comp="690" pin="1"/><net_sink comp="1770" pin=0"/></net>

<net id="1774"><net_src comp="1770" pin="1"/><net_sink comp="982" pin=7"/></net>

<net id="1775"><net_src comp="1770" pin="1"/><net_sink comp="1236" pin=2"/></net>

<net id="1779"><net_src comp="694" pin="1"/><net_sink comp="1776" pin=0"/></net>

<net id="1780"><net_src comp="1776" pin="1"/><net_sink comp="1168" pin=19"/></net>

<net id="1781"><net_src comp="1776" pin="1"/><net_sink comp="1272" pin=2"/></net>

<net id="1785"><net_src comp="698" pin="1"/><net_sink comp="1782" pin=0"/></net>

<net id="1786"><net_src comp="1782" pin="1"/><net_sink comp="1168" pin=18"/></net>

<net id="1787"><net_src comp="1782" pin="1"/><net_sink comp="1287" pin=2"/></net>

<net id="1791"><net_src comp="702" pin="1"/><net_sink comp="1788" pin=0"/></net>

<net id="1792"><net_src comp="1788" pin="1"/><net_sink comp="1168" pin=17"/></net>

<net id="1793"><net_src comp="1788" pin="1"/><net_sink comp="1301" pin=2"/></net>

<net id="1797"><net_src comp="706" pin="1"/><net_sink comp="1794" pin=0"/></net>

<net id="1798"><net_src comp="1794" pin="1"/><net_sink comp="1168" pin=16"/></net>

<net id="1799"><net_src comp="1794" pin="1"/><net_sink comp="1315" pin=2"/></net>

<net id="1803"><net_src comp="710" pin="1"/><net_sink comp="1800" pin=0"/></net>

<net id="1804"><net_src comp="1800" pin="1"/><net_sink comp="982" pin=5"/></net>

<net id="1805"><net_src comp="1800" pin="1"/><net_sink comp="1168" pin=1"/></net>

<net id="1809"><net_src comp="714" pin="1"/><net_sink comp="1806" pin=0"/></net>

<net id="1810"><net_src comp="1806" pin="1"/><net_sink comp="982" pin=4"/></net>

<net id="1811"><net_src comp="1806" pin="1"/><net_sink comp="1208" pin=1"/></net>

<net id="1815"><net_src comp="718" pin="1"/><net_sink comp="1812" pin=0"/></net>

<net id="1816"><net_src comp="1812" pin="1"/><net_sink comp="982" pin=3"/></net>

<net id="1817"><net_src comp="1812" pin="1"/><net_sink comp="1222" pin=1"/></net>

<net id="1821"><net_src comp="722" pin="1"/><net_sink comp="1818" pin=0"/></net>

<net id="1822"><net_src comp="1818" pin="1"/><net_sink comp="982" pin=2"/></net>

<net id="1823"><net_src comp="1818" pin="1"/><net_sink comp="1236" pin=1"/></net>

<net id="1827"><net_src comp="726" pin="1"/><net_sink comp="1824" pin=0"/></net>

<net id="1828"><net_src comp="1824" pin="1"/><net_sink comp="1168" pin=15"/></net>

<net id="1829"><net_src comp="1824" pin="1"/><net_sink comp="1272" pin=1"/></net>

<net id="1833"><net_src comp="730" pin="1"/><net_sink comp="1830" pin=0"/></net>

<net id="1834"><net_src comp="1830" pin="1"/><net_sink comp="1168" pin=14"/></net>

<net id="1835"><net_src comp="1830" pin="1"/><net_sink comp="1287" pin=1"/></net>

<net id="1839"><net_src comp="734" pin="1"/><net_sink comp="1836" pin=0"/></net>

<net id="1840"><net_src comp="1836" pin="1"/><net_sink comp="1168" pin=13"/></net>

<net id="1841"><net_src comp="1836" pin="1"/><net_sink comp="1301" pin=1"/></net>

<net id="1845"><net_src comp="738" pin="1"/><net_sink comp="1842" pin=0"/></net>

<net id="1846"><net_src comp="1842" pin="1"/><net_sink comp="1168" pin=12"/></net>

<net id="1847"><net_src comp="1842" pin="1"/><net_sink comp="1315" pin=1"/></net>

<net id="1851"><net_src comp="742" pin="1"/><net_sink comp="1848" pin=0"/></net>

<net id="1852"><net_src comp="1848" pin="1"/><net_sink comp="1025" pin=5"/></net>

<net id="1853"><net_src comp="1848" pin="1"/><net_sink comp="1146" pin=1"/></net>

<net id="1857"><net_src comp="746" pin="1"/><net_sink comp="1854" pin=0"/></net>

<net id="1858"><net_src comp="1854" pin="1"/><net_sink comp="1041" pin=5"/></net>

<net id="1859"><net_src comp="1854" pin="1"/><net_sink comp="1146" pin=2"/></net>

<net id="1863"><net_src comp="750" pin="1"/><net_sink comp="1860" pin=0"/></net>

<net id="1864"><net_src comp="1860" pin="1"/><net_sink comp="1056" pin=5"/></net>

<net id="1865"><net_src comp="1860" pin="1"/><net_sink comp="1146" pin=3"/></net>

<net id="1869"><net_src comp="754" pin="1"/><net_sink comp="1866" pin=0"/></net>

<net id="1870"><net_src comp="1866" pin="1"/><net_sink comp="1071" pin=5"/></net>

<net id="1871"><net_src comp="1866" pin="1"/><net_sink comp="1146" pin=4"/></net>

<net id="1875"><net_src comp="758" pin="1"/><net_sink comp="1872" pin=0"/></net>

<net id="1876"><net_src comp="1872" pin="1"/><net_sink comp="1086" pin=5"/></net>

<net id="1877"><net_src comp="1872" pin="1"/><net_sink comp="1146" pin=5"/></net>

<net id="1881"><net_src comp="762" pin="1"/><net_sink comp="1878" pin=0"/></net>

<net id="1882"><net_src comp="1878" pin="1"/><net_sink comp="1101" pin=5"/></net>

<net id="1883"><net_src comp="1878" pin="1"/><net_sink comp="1146" pin=6"/></net>

<net id="1887"><net_src comp="766" pin="1"/><net_sink comp="1884" pin=0"/></net>

<net id="1888"><net_src comp="1884" pin="1"/><net_sink comp="1116" pin=5"/></net>

<net id="1889"><net_src comp="1884" pin="1"/><net_sink comp="1146" pin=7"/></net>

<net id="1893"><net_src comp="770" pin="1"/><net_sink comp="1890" pin=0"/></net>

<net id="1894"><net_src comp="1890" pin="1"/><net_sink comp="1131" pin=5"/></net>

<net id="1895"><net_src comp="1890" pin="1"/><net_sink comp="1146" pin=8"/></net>

<net id="1899"><net_src comp="774" pin="1"/><net_sink comp="1896" pin=0"/></net>

<net id="1900"><net_src comp="1896" pin="1"/><net_sink comp="1329" pin=9"/></net>

<net id="1901"><net_src comp="1896" pin="1"/><net_sink comp="1358" pin=1"/></net>

<net id="1905"><net_src comp="778" pin="1"/><net_sink comp="1902" pin=0"/></net>

<net id="1906"><net_src comp="1902" pin="1"/><net_sink comp="1329" pin=10"/></net>

<net id="1907"><net_src comp="1902" pin="1"/><net_sink comp="1372" pin=1"/></net>

<net id="1911"><net_src comp="782" pin="1"/><net_sink comp="1908" pin=0"/></net>

<net id="1912"><net_src comp="1908" pin="1"/><net_sink comp="1329" pin=11"/></net>

<net id="1913"><net_src comp="1908" pin="1"/><net_sink comp="1386" pin=1"/></net>

<net id="1917"><net_src comp="786" pin="1"/><net_sink comp="1914" pin=0"/></net>

<net id="1918"><net_src comp="1914" pin="1"/><net_sink comp="1329" pin=12"/></net>

<net id="1919"><net_src comp="1914" pin="1"/><net_sink comp="1400" pin=1"/></net>

<net id="1923"><net_src comp="790" pin="1"/><net_sink comp="1920" pin=0"/></net>

<net id="1924"><net_src comp="1920" pin="1"/><net_sink comp="1329" pin=13"/></net>

<net id="1925"><net_src comp="1920" pin="1"/><net_sink comp="1414" pin=1"/></net>

<net id="1929"><net_src comp="794" pin="1"/><net_sink comp="1926" pin=0"/></net>

<net id="1930"><net_src comp="1926" pin="1"/><net_sink comp="1329" pin=14"/></net>

<net id="1931"><net_src comp="1926" pin="1"/><net_sink comp="1428" pin=1"/></net>

<net id="1935"><net_src comp="798" pin="1"/><net_sink comp="1932" pin=0"/></net>

<net id="1936"><net_src comp="1932" pin="1"/><net_sink comp="1329" pin=15"/></net>

<net id="1937"><net_src comp="1932" pin="1"/><net_sink comp="1442" pin=1"/></net>

<net id="1941"><net_src comp="802" pin="1"/><net_sink comp="1938" pin=0"/></net>

<net id="1942"><net_src comp="1938" pin="1"/><net_sink comp="1329" pin=16"/></net>

<net id="1943"><net_src comp="1938" pin="1"/><net_sink comp="1456" pin=1"/></net>

<net id="1947"><net_src comp="806" pin="1"/><net_sink comp="1944" pin=0"/></net>

<net id="1948"><net_src comp="1944" pin="1"/><net_sink comp="1146" pin=9"/></net>

<net id="1949"><net_src comp="1944" pin="1"/><net_sink comp="1168" pin=8"/></net>

<net id="1953"><net_src comp="810" pin="1"/><net_sink comp="1950" pin=0"/></net>

<net id="1954"><net_src comp="1950" pin="1"/><net_sink comp="1146" pin=10"/></net>

<net id="1955"><net_src comp="1950" pin="1"/><net_sink comp="1168" pin=9"/></net>

<net id="1959"><net_src comp="814" pin="1"/><net_sink comp="1956" pin=0"/></net>

<net id="1960"><net_src comp="1956" pin="1"/><net_sink comp="1146" pin=11"/></net>

<net id="1961"><net_src comp="1956" pin="1"/><net_sink comp="1208" pin=7"/></net>

<net id="1965"><net_src comp="818" pin="1"/><net_sink comp="1962" pin=0"/></net>

<net id="1966"><net_src comp="1962" pin="1"/><net_sink comp="1146" pin=12"/></net>

<net id="1967"><net_src comp="1962" pin="1"/><net_sink comp="1208" pin=8"/></net>

<net id="1971"><net_src comp="822" pin="1"/><net_sink comp="1968" pin=0"/></net>

<net id="1972"><net_src comp="1968" pin="1"/><net_sink comp="1146" pin=13"/></net>

<net id="1973"><net_src comp="1968" pin="1"/><net_sink comp="1222" pin=7"/></net>

<net id="1977"><net_src comp="826" pin="1"/><net_sink comp="1974" pin=0"/></net>

<net id="1978"><net_src comp="1974" pin="1"/><net_sink comp="1146" pin=14"/></net>

<net id="1979"><net_src comp="1974" pin="1"/><net_sink comp="1222" pin=8"/></net>

<net id="1983"><net_src comp="830" pin="1"/><net_sink comp="1980" pin=0"/></net>

<net id="1984"><net_src comp="1980" pin="1"/><net_sink comp="1146" pin=15"/></net>

<net id="1985"><net_src comp="1980" pin="1"/><net_sink comp="1236" pin=7"/></net>

<net id="1989"><net_src comp="834" pin="1"/><net_sink comp="1986" pin=0"/></net>

<net id="1990"><net_src comp="1986" pin="1"/><net_sink comp="1146" pin=16"/></net>

<net id="1991"><net_src comp="1986" pin="1"/><net_sink comp="1236" pin=8"/></net>

<net id="1995"><net_src comp="838" pin="1"/><net_sink comp="1992" pin=0"/></net>

<net id="1996"><net_src comp="1992" pin="1"/><net_sink comp="1250" pin=9"/></net>

<net id="1997"><net_src comp="1992" pin="1"/><net_sink comp="1272" pin=8"/></net>

<net id="2001"><net_src comp="842" pin="1"/><net_sink comp="1998" pin=0"/></net>

<net id="2002"><net_src comp="1998" pin="1"/><net_sink comp="1250" pin=10"/></net>

<net id="2003"><net_src comp="1998" pin="1"/><net_sink comp="1272" pin=9"/></net>

<net id="2007"><net_src comp="846" pin="1"/><net_sink comp="2004" pin=0"/></net>

<net id="2008"><net_src comp="2004" pin="1"/><net_sink comp="1250" pin=11"/></net>

<net id="2009"><net_src comp="2004" pin="1"/><net_sink comp="1287" pin=7"/></net>

<net id="2013"><net_src comp="850" pin="1"/><net_sink comp="2010" pin=0"/></net>

<net id="2014"><net_src comp="2010" pin="1"/><net_sink comp="1250" pin=12"/></net>

<net id="2015"><net_src comp="2010" pin="1"/><net_sink comp="1287" pin=8"/></net>

<net id="2019"><net_src comp="854" pin="1"/><net_sink comp="2016" pin=0"/></net>

<net id="2020"><net_src comp="2016" pin="1"/><net_sink comp="1250" pin=13"/></net>

<net id="2021"><net_src comp="2016" pin="1"/><net_sink comp="1301" pin=7"/></net>

<net id="2025"><net_src comp="858" pin="1"/><net_sink comp="2022" pin=0"/></net>

<net id="2026"><net_src comp="2022" pin="1"/><net_sink comp="1250" pin=14"/></net>

<net id="2027"><net_src comp="2022" pin="1"/><net_sink comp="1301" pin=8"/></net>

<net id="2031"><net_src comp="862" pin="1"/><net_sink comp="2028" pin=0"/></net>

<net id="2032"><net_src comp="2028" pin="1"/><net_sink comp="1250" pin=15"/></net>

<net id="2033"><net_src comp="2028" pin="1"/><net_sink comp="1315" pin=7"/></net>

<net id="2037"><net_src comp="866" pin="1"/><net_sink comp="2034" pin=0"/></net>

<net id="2038"><net_src comp="2034" pin="1"/><net_sink comp="1250" pin=16"/></net>

<net id="2039"><net_src comp="2034" pin="1"/><net_sink comp="1315" pin=8"/></net>

<net id="2043"><net_src comp="870" pin="1"/><net_sink comp="2040" pin=0"/></net>

<net id="2044"><net_src comp="2040" pin="1"/><net_sink comp="1168" pin=10"/></net>

<net id="2045"><net_src comp="2040" pin="1"/><net_sink comp="1250" pin=1"/></net>

<net id="2049"><net_src comp="874" pin="1"/><net_sink comp="2046" pin=0"/></net>

<net id="2050"><net_src comp="2046" pin="1"/><net_sink comp="1168" pin=11"/></net>

<net id="2051"><net_src comp="2046" pin="1"/><net_sink comp="1250" pin=2"/></net>

<net id="2055"><net_src comp="878" pin="1"/><net_sink comp="2052" pin=0"/></net>

<net id="2056"><net_src comp="2052" pin="1"/><net_sink comp="1208" pin=9"/></net>

<net id="2057"><net_src comp="2052" pin="1"/><net_sink comp="1250" pin=3"/></net>

<net id="2061"><net_src comp="882" pin="1"/><net_sink comp="2058" pin=0"/></net>

<net id="2062"><net_src comp="2058" pin="1"/><net_sink comp="1208" pin=10"/></net>

<net id="2063"><net_src comp="2058" pin="1"/><net_sink comp="1250" pin=4"/></net>

<net id="2067"><net_src comp="886" pin="1"/><net_sink comp="2064" pin=0"/></net>

<net id="2068"><net_src comp="2064" pin="1"/><net_sink comp="1222" pin=9"/></net>

<net id="2069"><net_src comp="2064" pin="1"/><net_sink comp="1250" pin=5"/></net>

<net id="2073"><net_src comp="890" pin="1"/><net_sink comp="2070" pin=0"/></net>

<net id="2074"><net_src comp="2070" pin="1"/><net_sink comp="1222" pin=10"/></net>

<net id="2075"><net_src comp="2070" pin="1"/><net_sink comp="1250" pin=6"/></net>

<net id="2079"><net_src comp="894" pin="1"/><net_sink comp="2076" pin=0"/></net>

<net id="2080"><net_src comp="2076" pin="1"/><net_sink comp="1236" pin=9"/></net>

<net id="2081"><net_src comp="2076" pin="1"/><net_sink comp="1250" pin=7"/></net>

<net id="2085"><net_src comp="898" pin="1"/><net_sink comp="2082" pin=0"/></net>

<net id="2086"><net_src comp="2082" pin="1"/><net_sink comp="1236" pin=10"/></net>

<net id="2087"><net_src comp="2082" pin="1"/><net_sink comp="1250" pin=8"/></net>

<net id="2091"><net_src comp="902" pin="1"/><net_sink comp="2088" pin=0"/></net>

<net id="2092"><net_src comp="2088" pin="1"/><net_sink comp="1272" pin=10"/></net>

<net id="2093"><net_src comp="2088" pin="1"/><net_sink comp="1329" pin=1"/></net>

<net id="2097"><net_src comp="906" pin="1"/><net_sink comp="2094" pin=0"/></net>

<net id="2098"><net_src comp="2094" pin="1"/><net_sink comp="1272" pin=11"/></net>

<net id="2099"><net_src comp="2094" pin="1"/><net_sink comp="1329" pin=2"/></net>

<net id="2103"><net_src comp="910" pin="1"/><net_sink comp="2100" pin=0"/></net>

<net id="2104"><net_src comp="2100" pin="1"/><net_sink comp="1287" pin=9"/></net>

<net id="2105"><net_src comp="2100" pin="1"/><net_sink comp="1329" pin=3"/></net>

<net id="2109"><net_src comp="914" pin="1"/><net_sink comp="2106" pin=0"/></net>

<net id="2110"><net_src comp="2106" pin="1"/><net_sink comp="1287" pin=10"/></net>

<net id="2111"><net_src comp="2106" pin="1"/><net_sink comp="1329" pin=4"/></net>

<net id="2115"><net_src comp="918" pin="1"/><net_sink comp="2112" pin=0"/></net>

<net id="2116"><net_src comp="2112" pin="1"/><net_sink comp="1301" pin=9"/></net>

<net id="2117"><net_src comp="2112" pin="1"/><net_sink comp="1329" pin=5"/></net>

<net id="2121"><net_src comp="922" pin="1"/><net_sink comp="2118" pin=0"/></net>

<net id="2122"><net_src comp="2118" pin="1"/><net_sink comp="1301" pin=10"/></net>

<net id="2123"><net_src comp="2118" pin="1"/><net_sink comp="1329" pin=6"/></net>

<net id="2127"><net_src comp="926" pin="1"/><net_sink comp="2124" pin=0"/></net>

<net id="2128"><net_src comp="2124" pin="1"/><net_sink comp="1315" pin=9"/></net>

<net id="2129"><net_src comp="2124" pin="1"/><net_sink comp="1329" pin=7"/></net>

<net id="2133"><net_src comp="930" pin="1"/><net_sink comp="2130" pin=0"/></net>

<net id="2134"><net_src comp="2130" pin="1"/><net_sink comp="1315" pin=10"/></net>

<net id="2135"><net_src comp="2130" pin="1"/><net_sink comp="1329" pin=8"/></net>

</net_list>

</model> 
---------------- Datapath Model END ------------------

* FSMD analyzer results:
  - Output states:
	Port: arg0_0_axis_in_V_data_V | {}
	Port: arg0_0_axis_in_V_keep_V | {}
	Port: arg0_0_axis_in_V_strb_V | {}
	Port: arg0_0_axis_in_V_last_V | {}
	Port: arg0_1_axis_in_V_data_V | {}
	Port: arg0_1_axis_in_V_keep_V | {}
	Port: arg0_1_axis_in_V_strb_V | {}
	Port: arg0_1_axis_in_V_last_V | {}
	Port: arg0_2_axis_in_V_data_V | {}
	Port: arg0_2_axis_in_V_keep_V | {}
	Port: arg0_2_axis_in_V_strb_V | {}
	Port: arg0_2_axis_in_V_last_V | {}
	Port: arg0_3_axis_in_V_data_V | {}
	Port: arg0_3_axis_in_V_keep_V | {}
	Port: arg0_3_axis_in_V_strb_V | {}
	Port: arg0_3_axis_in_V_last_V | {}
	Port: arg0_4_axis_in_V_data_V | {}
	Port: arg0_4_axis_in_V_keep_V | {}
	Port: arg0_4_axis_in_V_strb_V | {}
	Port: arg0_4_axis_in_V_last_V | {}
	Port: arg0_5_axis_in_V_data_V | {}
	Port: arg0_5_axis_in_V_keep_V | {}
	Port: arg0_5_axis_in_V_strb_V | {}
	Port: arg0_5_axis_in_V_last_V | {}
	Port: arg0_6_axis_in_V_data_V | {}
	Port: arg0_6_axis_in_V_keep_V | {}
	Port: arg0_6_axis_in_V_strb_V | {}
	Port: arg0_6_axis_in_V_last_V | {}
	Port: arg0_7_axis_in_V_data_V | {}
	Port: arg0_7_axis_in_V_keep_V | {}
	Port: arg0_7_axis_in_V_strb_V | {}
	Port: arg0_7_axis_in_V_last_V | {}
	Port: arg1_0_axis_out_V_data_V | {13 14 }
	Port: arg1_0_axis_out_V_keep_V | {13 14 }
	Port: arg1_0_axis_out_V_strb_V | {13 14 }
	Port: arg1_0_axis_out_V_last_V | {13 14 }
	Port: arg1_1_axis_out_V_data_V | {13 14 }
	Port: arg1_1_axis_out_V_keep_V | {13 14 }
	Port: arg1_1_axis_out_V_strb_V | {13 14 }
	Port: arg1_1_axis_out_V_last_V | {13 14 }
	Port: arg1_2_axis_out_V_data_V | {13 14 }
	Port: arg1_2_axis_out_V_keep_V | {13 14 }
	Port: arg1_2_axis_out_V_strb_V | {13 14 }
	Port: arg1_2_axis_out_V_last_V | {13 14 }
	Port: arg1_3_axis_out_V_data_V | {13 14 }
	Port: arg1_3_axis_out_V_keep_V | {13 14 }
	Port: arg1_3_axis_out_V_strb_V | {13 14 }
	Port: arg1_3_axis_out_V_last_V | {13 14 }
	Port: arg1_4_axis_out_V_data_V | {13 14 }
	Port: arg1_4_axis_out_V_keep_V | {13 14 }
	Port: arg1_4_axis_out_V_strb_V | {13 14 }
	Port: arg1_4_axis_out_V_last_V | {13 14 }
	Port: arg1_5_axis_out_V_data_V | {13 14 }
	Port: arg1_5_axis_out_V_keep_V | {13 14 }
	Port: arg1_5_axis_out_V_strb_V | {13 14 }
	Port: arg1_5_axis_out_V_last_V | {13 14 }
	Port: arg1_6_axis_out_V_data_V | {13 14 }
	Port: arg1_6_axis_out_V_keep_V | {13 14 }
	Port: arg1_6_axis_out_V_strb_V | {13 14 }
	Port: arg1_6_axis_out_V_last_V | {13 14 }
	Port: arg1_7_axis_out_V_data_V | {13 14 }
	Port: arg1_7_axis_out_V_keep_V | {13 14 }
	Port: arg1_7_axis_out_V_strb_V | {13 14 }
	Port: arg1_7_axis_out_V_last_V | {13 14 }
 - Input state : 
	Port: kernel_outerloop_0_dataflow_region : p_read | {1 }
	Port: kernel_outerloop_0_dataflow_region : p_read1 | {1 }
	Port: kernel_outerloop_0_dataflow_region : p_read2 | {1 }
	Port: kernel_outerloop_0_dataflow_region : p_read3 | {1 }
	Port: kernel_outerloop_0_dataflow_region : p_read4 | {1 }
	Port: kernel_outerloop_0_dataflow_region : p_read5 | {1 }
	Port: kernel_outerloop_0_dataflow_region : p_read6 | {1 }
	Port: kernel_outerloop_0_dataflow_region : num_pkts | {1 }
	Port: kernel_outerloop_0_dataflow_region : arg0_0_axis_in_V_data_V | {1 2 }
	Port: kernel_outerloop_0_dataflow_region : arg0_0_axis_in_V_keep_V | {1 2 }
	Port: kernel_outerloop_0_dataflow_region : arg0_0_axis_in_V_strb_V | {1 2 }
	Port: kernel_outerloop_0_dataflow_region : arg0_0_axis_in_V_last_V | {1 2 }
	Port: kernel_outerloop_0_dataflow_region : arg0_1_axis_in_V_data_V | {1 2 }
	Port: kernel_outerloop_0_dataflow_region : arg0_1_axis_in_V_keep_V | {1 2 }
	Port: kernel_outerloop_0_dataflow_region : arg0_1_axis_in_V_strb_V | {1 2 }
	Port: kernel_outerloop_0_dataflow_region : arg0_1_axis_in_V_last_V | {1 2 }
	Port: kernel_outerloop_0_dataflow_region : arg0_2_axis_in_V_data_V | {1 2 }
	Port: kernel_outerloop_0_dataflow_region : arg0_2_axis_in_V_keep_V | {1 2 }
	Port: kernel_outerloop_0_dataflow_region : arg0_2_axis_in_V_strb_V | {1 2 }
	Port: kernel_outerloop_0_dataflow_region : arg0_2_axis_in_V_last_V | {1 2 }
	Port: kernel_outerloop_0_dataflow_region : arg0_3_axis_in_V_data_V | {1 2 }
	Port: kernel_outerloop_0_dataflow_region : arg0_3_axis_in_V_keep_V | {1 2 }
	Port: kernel_outerloop_0_dataflow_region : arg0_3_axis_in_V_strb_V | {1 2 }
	Port: kernel_outerloop_0_dataflow_region : arg0_3_axis_in_V_last_V | {1 2 }
	Port: kernel_outerloop_0_dataflow_region : arg0_4_axis_in_V_data_V | {1 2 }
	Port: kernel_outerloop_0_dataflow_region : arg0_4_axis_in_V_keep_V | {1 2 }
	Port: kernel_outerloop_0_dataflow_region : arg0_4_axis_in_V_strb_V | {1 2 }
	Port: kernel_outerloop_0_dataflow_region : arg0_4_axis_in_V_last_V | {1 2 }
	Port: kernel_outerloop_0_dataflow_region : arg0_5_axis_in_V_data_V | {1 2 }
	Port: kernel_outerloop_0_dataflow_region : arg0_5_axis_in_V_keep_V | {1 2 }
	Port: kernel_outerloop_0_dataflow_region : arg0_5_axis_in_V_strb_V | {1 2 }
	Port: kernel_outerloop_0_dataflow_region : arg0_5_axis_in_V_last_V | {1 2 }
	Port: kernel_outerloop_0_dataflow_region : arg0_6_axis_in_V_data_V | {1 2 }
	Port: kernel_outerloop_0_dataflow_region : arg0_6_axis_in_V_keep_V | {1 2 }
	Port: kernel_outerloop_0_dataflow_region : arg0_6_axis_in_V_strb_V | {1 2 }
	Port: kernel_outerloop_0_dataflow_region : arg0_6_axis_in_V_last_V | {1 2 }
	Port: kernel_outerloop_0_dataflow_region : arg0_7_axis_in_V_data_V | {1 2 }
	Port: kernel_outerloop_0_dataflow_region : arg0_7_axis_in_V_keep_V | {1 2 }
	Port: kernel_outerloop_0_dataflow_region : arg0_7_axis_in_V_strb_V | {1 2 }
	Port: kernel_outerloop_0_dataflow_region : arg0_7_axis_in_V_last_V | {1 2 }
	Port: kernel_outerloop_0_dataflow_region : arg1_0_axis_out_V_data_V | {}
	Port: kernel_outerloop_0_dataflow_region : arg1_0_axis_out_V_keep_V | {}
	Port: kernel_outerloop_0_dataflow_region : arg1_0_axis_out_V_strb_V | {}
	Port: kernel_outerloop_0_dataflow_region : arg1_0_axis_out_V_last_V | {}
	Port: kernel_outerloop_0_dataflow_region : arg1_1_axis_out_V_data_V | {}
	Port: kernel_outerloop_0_dataflow_region : arg1_1_axis_out_V_keep_V | {}
	Port: kernel_outerloop_0_dataflow_region : arg1_1_axis_out_V_strb_V | {}
	Port: kernel_outerloop_0_dataflow_region : arg1_1_axis_out_V_last_V | {}
	Port: kernel_outerloop_0_dataflow_region : arg1_2_axis_out_V_data_V | {}
	Port: kernel_outerloop_0_dataflow_region : arg1_2_axis_out_V_keep_V | {}
	Port: kernel_outerloop_0_dataflow_region : arg1_2_axis_out_V_strb_V | {}
	Port: kernel_outerloop_0_dataflow_region : arg1_2_axis_out_V_last_V | {}
	Port: kernel_outerloop_0_dataflow_region : arg1_3_axis_out_V_data_V | {}
	Port: kernel_outerloop_0_dataflow_region : arg1_3_axis_out_V_keep_V | {}
	Port: kernel_outerloop_0_dataflow_region : arg1_3_axis_out_V_strb_V | {}
	Port: kernel_outerloop_0_dataflow_region : arg1_3_axis_out_V_last_V | {}
	Port: kernel_outerloop_0_dataflow_region : arg1_4_axis_out_V_data_V | {}
	Port: kernel_outerloop_0_dataflow_region : arg1_4_axis_out_V_keep_V | {}
	Port: kernel_outerloop_0_dataflow_region : arg1_4_axis_out_V_strb_V | {}
	Port: kernel_outerloop_0_dataflow_region : arg1_4_axis_out_V_last_V | {}
	Port: kernel_outerloop_0_dataflow_region : arg1_5_axis_out_V_data_V | {}
	Port: kernel_outerloop_0_dataflow_region : arg1_5_axis_out_V_keep_V | {}
	Port: kernel_outerloop_0_dataflow_region : arg1_5_axis_out_V_strb_V | {}
	Port: kernel_outerloop_0_dataflow_region : arg1_5_axis_out_V_last_V | {}
	Port: kernel_outerloop_0_dataflow_region : arg1_6_axis_out_V_data_V | {}
	Port: kernel_outerloop_0_dataflow_region : arg1_6_axis_out_V_keep_V | {}
	Port: kernel_outerloop_0_dataflow_region : arg1_6_axis_out_V_strb_V | {}
	Port: kernel_outerloop_0_dataflow_region : arg1_6_axis_out_V_last_V | {}
	Port: kernel_outerloop_0_dataflow_region : arg1_7_axis_out_V_data_V | {}
	Port: kernel_outerloop_0_dataflow_region : arg1_7_axis_out_V_keep_V | {}
	Port: kernel_outerloop_0_dataflow_region : arg1_7_axis_out_V_strb_V | {}
	Port: kernel_outerloop_0_dataflow_region : arg1_7_axis_out_V_last_V | {}
  - Chain level:
	State 1
		call_ln0 : 1
		call_ln111 : 1
		call_ln112 : 1
		call_ln113 : 1
		call_ln114 : 1
		call_ln115 : 1
		call_ln116 : 1
		call_ln117 : 1
		call_ln118 : 1
	State 2
	State 3
	State 4
	State 5
	State 6
	State 7
	State 8
	State 9
	State 10
	State 11
	State 12
	State 13
	State 14


============================================================
+ Verbose Summary: Datapath Resource usage 
============================================================

* Functional unit list:
|----------|-----------------------------------------------------------------------------------|---------|---------|---------|---------|---------|---------|
| Operation|                                  Functional Unit                                  |   BRAM  |   DSP   |  Delay  |    FF   |   LUT   |   URAM  |
|----------|-----------------------------------------------------------------------------------|---------|---------|---------|---------|---------|---------|
|          |                             call_ln0_entry_proc_fu_982                            |    0    |    0    |    0    |    0    |    0    |    0    |
|          |                           grp_axis2stream_256u_s_fu_1025                          |    0    |    0    |    0    |   314   |    54   |    0    |
|          |                           grp_axis2stream_256u_1_fu_1041                          |    0    |    0    |    0    |   285   |    54   |    0    |
|          |                           grp_axis2stream_256u_2_fu_1056                          |    0    |    0    |    0    |   285   |    54   |    0    |
|          |                           grp_axis2stream_256u_3_fu_1071                          |    0    |    0    |    0    |   285   |    54   |    0    |
|          |                           grp_axis2stream_256u_4_fu_1086                          |    0    |    0    |    0    |   285   |    54   |    0    |
|          |                           grp_axis2stream_256u_5_fu_1101                          |    0    |    0    |    0    |   285   |    54   |    0    |
|          |                           grp_axis2stream_256u_6_fu_1116                          |    0    |    0    |    0    |   285   |    54   |    0    |
|          |                           grp_axis2stream_256u_7_fu_1131                          |    0    |    0    |    0    |   285   |    54   |    0    |
|          |                           grp_stream2interleave_fu_1146                           |    0    |    0    |  0.387  |   4444  |   139   |    0    |
|          |  grp_kernel_poisson_kernel_stencil_PE_unsigned_short_4_unsigned_short_0_s_fu_1168 |    8    |   130   |  32.121 |  31415  |  21932  |    8    |
|          |  grp_kernel_poisson_kernel_stencil_PE_unsigned_short_4_unsigned_short_1_s_fu_1208 |    8    |   130   |  31.734 |  31423  |  21912  |    8    |
|          |  grp_kernel_poisson_kernel_stencil_PE_unsigned_short_4_unsigned_short_2_s_fu_1222 |    8    |   130   |  31.734 |  31423  |  21912  |    8    |
|   call   |  grp_kernel_poisson_kernel_stencil_PE_unsigned_short_4_unsigned_short_3_s_fu_1236 |    8    |   130   |  31.734 |  31413  |  21909  |    8    |
|          |                       grp_updateInterleaveBoundaries_fu_1250                      |    0    |    0    |  0.387  |   4828  |   139   |    0    |
|          |  grp_kernel_poisson_kernel_stencil_PE_unsigned_short_4_unsigned_short_0_8_fu_1272 |    8    |   130   |  32.121 |  31415  |  21932  |    8    |
|          |  grp_kernel_poisson_kernel_stencil_PE_unsigned_short_4_unsigned_short_1_9_fu_1287 |    8    |   130   |  31.734 |  31423  |  21912  |    8    |
|          | grp_kernel_poisson_kernel_stencil_PE_unsigned_short_4_unsigned_short_2_10_fu_1301 |    8    |   130   |  31.734 |  31423  |  21912  |    8    |
|          | grp_kernel_poisson_kernel_stencil_PE_unsigned_short_4_unsigned_short_3_11_fu_1315 |    8    |   130   |  31.734 |  31413  |  21909  |    8    |
|          |                           grp_interleave2stream_fu_1329                           |    0    |    0    |    0    |    58   |    54   |    0    |
|          |                           grp_stream2axis_256u_s_fu_1358                          |    0    |    0    |    0    |    58   |    54   |    0    |
|          |                          grp_stream2axis_256u_12_fu_1372                          |    0    |    0    |    0    |    58   |    54   |    0    |
|          |                          grp_stream2axis_256u_13_fu_1386                          |    0    |    0    |    0    |    58   |    54   |    0    |
|          |                          grp_stream2axis_256u_14_fu_1400                          |    0    |    0    |    0    |    58   |    54   |    0    |
|          |                          grp_stream2axis_256u_15_fu_1414                          |    0    |    0    |    0    |    58   |    54   |    0    |
|          |                          grp_stream2axis_256u_16_fu_1428                          |    0    |    0    |    0    |    58   |    54   |    0    |
|          |                          grp_stream2axis_256u_17_fu_1442                          |    0    |    0    |    0    |    58   |    54   |    0    |
|          |                          grp_stream2axis_256u_18_fu_1456                          |    0    |    0    |    0    |    58   |    54   |    0    |
|----------|-----------------------------------------------------------------------------------|---------|---------|---------|---------|---------|---------|
|          |                             num_pkts_read_read_fu_934                             |    0    |    0    |    0    |    0    |    0    |    0    |
|          |                               p_read613_read_fu_940                               |    0    |    0    |    0    |    0    |    0    |    0    |
|          |                               p_read512_read_fu_946                               |    0    |    0    |    0    |    0    |    0    |    0    |
|   read   |                               p_read411_read_fu_952                               |    0    |    0    |    0    |    0    |    0    |    0    |
|          |                               p_read310_read_fu_958                               |    0    |    0    |    0    |    0    |    0    |    0    |
|          |                                p_read29_read_fu_964                               |    0    |    0    |    0    |    0    |    0    |    0    |
|          |                                p_read18_read_fu_970                               |    0    |    0    |    0    |    0    |    0    |    0    |
|          |                               p_read_24_read_fu_976                               |    0    |    0    |    0    |    0    |    0    |    0    |
|----------|-----------------------------------------------------------------------------------|---------|---------|---------|---------|---------|---------|
|   Total  |                                                                                   |    64   |   1040  |  255.42 |  263451 |  176526 |    64   |
|----------|-----------------------------------------------------------------------------------|---------|---------|---------|---------|---------|---------|

Memories:
N/A

* Register list:
+-----------------------------------------------------------+--------+
|                                                           |   FF   |
+-----------------------------------------------------------+--------+
|               arg0_arg1_streams_0_0_reg_1848              |   256  |
|               arg0_arg1_streams_0_1_reg_1854              |   256  |
|               arg0_arg1_streams_0_2_reg_1860              |   256  |
|               arg0_arg1_streams_0_3_reg_1866              |   256  |
|               arg0_arg1_streams_0_4_reg_1872              |   256  |
|               arg0_arg1_streams_0_5_reg_1878              |   256  |
|               arg0_arg1_streams_0_6_reg_1884              |   256  |
|               arg0_arg1_streams_0_7_reg_1890              |   256  |
|               arg0_arg1_streams_1_0_reg_1896              |   256  |
|               arg0_arg1_streams_1_1_reg_1902              |   256  |
|               arg0_arg1_streams_1_2_reg_1908              |   256  |
|               arg0_arg1_streams_1_3_reg_1914              |   256  |
|               arg0_arg1_streams_1_4_reg_1920              |   256  |
|               arg0_arg1_streams_1_5_reg_1926              |   256  |
|               arg0_arg1_streams_1_6_reg_1932              |   256  |
|               arg0_arg1_streams_1_7_reg_1938              |   256  |
| arg0_poisson_kernel_stencil_in_subtile_stream_0_0_reg_1944|   288  |
| arg0_poisson_kernel_stencil_in_subtile_stream_0_1_reg_1950|   288  |
| arg0_poisson_kernel_stencil_in_subtile_stream_0_2_reg_1956|   288  |
| arg0_poisson_kernel_stencil_in_subtile_stream_0_3_reg_1962|   288  |
| arg0_poisson_kernel_stencil_in_subtile_stream_0_4_reg_1968|   288  |
| arg0_poisson_kernel_stencil_in_subtile_stream_0_5_reg_1974|   288  |
| arg0_poisson_kernel_stencil_in_subtile_stream_0_6_reg_1980|   288  |
| arg0_poisson_kernel_stencil_in_subtile_stream_0_7_reg_1986|   288  |
| arg0_poisson_kernel_stencil_in_subtile_stream_1_0_reg_1992|   288  |
| arg0_poisson_kernel_stencil_in_subtile_stream_1_1_reg_1998|   288  |
| arg0_poisson_kernel_stencil_in_subtile_stream_1_2_reg_2004|   288  |
| arg0_poisson_kernel_stencil_in_subtile_stream_1_3_reg_2010|   288  |
| arg0_poisson_kernel_stencil_in_subtile_stream_1_4_reg_2016|   288  |
| arg0_poisson_kernel_stencil_in_subtile_stream_1_5_reg_2022|   288  |
| arg0_poisson_kernel_stencil_in_subtile_stream_1_6_reg_2028|   288  |
| arg0_poisson_kernel_stencil_in_subtile_stream_1_7_reg_2034|   288  |
|arg1_poisson_kernel_stencil_out_subtile_stream_0_0_reg_2040|   288  |
|arg1_poisson_kernel_stencil_out_subtile_stream_0_1_reg_2046|   288  |
|arg1_poisson_kernel_stencil_out_subtile_stream_0_2_reg_2052|   288  |
|arg1_poisson_kernel_stencil_out_subtile_stream_0_3_reg_2058|   288  |
|arg1_poisson_kernel_stencil_out_subtile_stream_0_4_reg_2064|   288  |
|arg1_poisson_kernel_stencil_out_subtile_stream_0_5_reg_2070|   288  |
|arg1_poisson_kernel_stencil_out_subtile_stream_0_6_reg_2076|   288  |
|arg1_poisson_kernel_stencil_out_subtile_stream_0_7_reg_2082|   288  |
|arg1_poisson_kernel_stencil_out_subtile_stream_1_0_reg_2088|   288  |
|arg1_poisson_kernel_stencil_out_subtile_stream_1_1_reg_2094|   288  |
|arg1_poisson_kernel_stencil_out_subtile_stream_1_2_reg_2100|   288  |
|arg1_poisson_kernel_stencil_out_subtile_stream_1_3_reg_2106|   288  |
|arg1_poisson_kernel_stencil_out_subtile_stream_1_4_reg_2112|   288  |
|arg1_poisson_kernel_stencil_out_subtile_stream_1_5_reg_2118|   288  |
|arg1_poisson_kernel_stencil_out_subtile_stream_1_6_reg_2124|   288  |
|arg1_poisson_kernel_stencil_out_subtile_stream_1_7_reg_2130|   288  |
|                   num_pkts_c100_reg_1536                  |   29   |
|                   num_pkts_c101_reg_1530                  |   29   |
|                   num_pkts_c102_reg_1524                  |   29   |
|                   num_pkts_c103_reg_1518                  |   29   |
|                   num_pkts_c104_reg_1512                  |   29   |
|                   num_pkts_c105_reg_1506                  |   29   |
|                   num_pkts_c106_reg_1500                  |   29   |
|                   num_pkts_c107_reg_1494                  |   29   |
|                   num_pkts_c108_reg_1488                  |   29   |
|                   num_pkts_c109_reg_1482                  |   29   |
|                    num_pkts_c_reg_1542                    |   29   |
|                   num_pkts_read_reg_1470                  |   29   |
|               stencilConfig_0_0_c57_reg_1836              |   14   |
|               stencilConfig_0_0_c58_reg_1830              |   14   |
|               stencilConfig_0_0_c59_reg_1824              |   14   |
|               stencilConfig_0_0_c60_reg_1818              |   14   |
|               stencilConfig_0_0_c61_reg_1812              |   14   |
|               stencilConfig_0_0_c62_reg_1806              |   14   |
|               stencilConfig_0_0_c63_reg_1800              |   14   |
|                stencilConfig_0_0_c_reg_1842               |   14   |
|               stencilConfig_0_1_c64_reg_1788              |   16   |
|               stencilConfig_0_1_c65_reg_1782              |   16   |
|               stencilConfig_0_1_c66_reg_1776              |   16   |
|               stencilConfig_0_1_c67_reg_1770              |   16   |
|               stencilConfig_0_1_c68_reg_1764              |   16   |
|               stencilConfig_0_1_c69_reg_1758              |   16   |
|               stencilConfig_0_1_c70_reg_1752              |   16   |
|                stencilConfig_0_1_c_reg_1794               |   16   |
|                stencilConfig_2_c71_reg_1740               |   16   |
|                stencilConfig_2_c72_reg_1734               |   16   |
|                stencilConfig_2_c73_reg_1728               |   16   |
|                stencilConfig_2_c74_reg_1722               |   16   |
|                stencilConfig_2_c75_reg_1716               |   16   |
|                stencilConfig_2_c76_reg_1710               |   16   |
|                stencilConfig_2_c77_reg_1704               |   16   |
|                 stencilConfig_2_c_reg_1746                |   16   |
|                stencilConfig_3_c78_reg_1692               |   16   |
|                stencilConfig_3_c79_reg_1686               |   16   |
|                stencilConfig_3_c80_reg_1680               |   16   |
|                stencilConfig_3_c81_reg_1674               |   16   |
|                stencilConfig_3_c82_reg_1668               |   16   |
|                stencilConfig_3_c83_reg_1662               |   16   |
|                stencilConfig_3_c84_reg_1656               |   16   |
|                 stencilConfig_3_c_reg_1698                |   16   |
|               stencilConfig_4_0_c85_reg_1644              |    1   |
|                stencilConfig_4_0_c_reg_1650               |    1   |
|               stencilConfig_5_0_c86_reg_1632              |    1   |
|               stencilConfig_5_0_c87_reg_1626              |    1   |
|               stencilConfig_5_0_c88_reg_1620              |    1   |
|               stencilConfig_5_0_c89_reg_1614              |    1   |
|               stencilConfig_5_0_c90_reg_1608              |    1   |
|               stencilConfig_5_0_c91_reg_1602              |    1   |
|               stencilConfig_5_0_c92_reg_1596              |    1   |
|                stencilConfig_5_0_c_reg_1638               |    1   |
|                stencilConfig_6_c93_reg_1584               |   14   |
|                stencilConfig_6_c94_reg_1578               |   14   |
|                stencilConfig_6_c95_reg_1572               |   14   |
|                stencilConfig_6_c96_reg_1566               |   14   |
|                stencilConfig_6_c97_reg_1560               |   14   |
|                stencilConfig_6_c98_reg_1554               |   14   |
|                stencilConfig_6_c99_reg_1548               |   14   |
|                 stencilConfig_6_c_reg_1590                |   14   |
+-----------------------------------------------------------+--------+
|                           Total                           |  14278 |
+-----------------------------------------------------------+--------+

* Multiplexer (MUX) list: 
|--------------------------------|------|------|------|--------||---------||---------|
|              Comp              |  Pin | Size |  BW  | S x BW ||  Delay  ||   LUT   |
|--------------------------------|------|------|------|--------||---------||---------|
| grp_axis2stream_256u_s_fu_1025 |  p6  |   2  |  29  |   58   ||    9    |
| grp_axis2stream_256u_1_fu_1041 |  p6  |   2  |  29  |   58   ||    9    |
| grp_axis2stream_256u_2_fu_1056 |  p6  |   2  |  29  |   58   ||    9    |
| grp_axis2stream_256u_3_fu_1071 |  p6  |   2  |  29  |   58   ||    9    |
| grp_axis2stream_256u_4_fu_1086 |  p6  |   2  |  29  |   58   ||    9    |
| grp_axis2stream_256u_5_fu_1101 |  p6  |   2  |  29  |   58   ||    9    |
| grp_axis2stream_256u_6_fu_1116 |  p6  |   2  |  29  |   58   ||    9    |
| grp_axis2stream_256u_7_fu_1131 |  p6  |   2  |  29  |   58   ||    9    |
|--------------------------------|------|------|------|--------||---------||---------|
|              Total             |      |      |      |   464  ||  3.096  ||    72   |
|--------------------------------|------|------|------|--------||---------||---------|



* Summary:
+-----------+--------+--------+--------+--------+--------+--------+
|           |  BRAM  |   DSP  |  Delay |   FF   |   LUT  |  URAM  |
+-----------+--------+--------+--------+--------+--------+--------+
|  Function |   64   |  1040  |   255  | 263451 | 176526 |   64   |
|   Memory  |    -   |    -   |    -   |    -   |    -   |    -   |
|Multiplexer|    -   |    -   |    3   |    -   |   72   |    -   |
|  Register |    -   |    -   |    -   |  14278 |    -   |    -   |
+-----------+--------+--------+--------+--------+--------+--------+
|   Total   |   64   |  1040  |   258  | 277729 | 176598 |   64   |
+-----------+--------+--------+--------+--------+--------+--------+
