grid_x,grid_y,grid_z,iters,batch_size,batch_id,init_time,main_time,total_time
100,1,1,60000,1,0,2.59295,282,284.593
100,1,1,60000,1,1,6.03245,278.95,284.982
100,1,1,60000,1,2,5.96485,289.05,295.015
100,1,1,60000,1,3,5.9854,284.85,290.835
100,1,1,60000,1,4,5.91375,279.8,285.714
args: -sizex=100 -iters=60000 -batch=5 -bsize=20
