grid_x,grid_y,grid_z,iters,batch_size,batch_id,init_time,main_time,total_time
150,1,1,60000,1,0,3.7922,369.9,373.692
150,1,1,60000,1,1,7.38905,369.6,376.989
150,1,1,60000,1,2,7.366,367.15,374.516
150,1,1,60000,1,3,8.80725,370.05,378.857
150,1,1,60000,1,4,8.81425,383.6,392.414
args: -sizex=150 -iters=60000 -batch=5 -bsize=20
