grid_x,grid_y,grid_z,iters,batch_size,batch_id,init_time,main_time,total_time
200,1,1,60000,1,0,5.7359,359,364.736
200,1,1,60000,1,1,9.7916,371.65,381.442
200,1,1,60000,1,2,9.738,371.3,381.038
200,1,1,60000,1,3,9.72995,370.95,380.68
200,1,1,60000,1,4,9.75105,356.75,366.501
args: -sizex=200 -iters=60000 -batch=5 -bsize=20
