

================================================================
== Vitis HLS Report for 'datamover_outerloop_0'
================================================================
* Date:           Fri Jul 31 14:04:38 2026

* Version:        2022.2 (Build 3670227 on Oct 13 2022)
* Project:        datamover_outerloop_0
* Solution:       solution (Vitis Kernel Flow Target)
* Product family: virtexuplus
* Target device:  xcu280-fsvh2892-2L-e


================================================================
== Performance Estimates
================================================================
+ Timing: 
    * Summary: 
    +--------+---------+----------+------------+
    |  Clock |  Target | Estimated| Uncertainty|
    +--------+---------+----------+------------+
    |ap_clk  |  3.33 ns|  2.433 ns|     0.90 ns|
    +--------+---------+----------+------------+

+ Latency: 
    * Summary: 
    +---------+---------+----------+----------+-----+-----+---------+
    |  Latency (cycles) |  Latency (absolute) |  Interval | Pipeline|
    |   min   |   max   |    min   |    max   | min | max |   Type  |
    +---------+---------+----------+----------+-----+-----+---------+
    |        ?|        ?|         ?|         ?|    ?|    ?|       no|
    +---------+---------+----------+----------+-----+-----+---------+

    + Detail: 
        * Instance: 
        +----------------------------------------------------------------------+-----------------------------------------------------------+---------+---------+----------+----------+-----+-----+----------+
        |                                                                      |                                                           |  Latency (cycles) |  Latency (absolute) |  Interval | Pipeline |
        |                               Instance                               |                           Module                          |   min   |   max   |    min   |    max   | min | max |   Type   |
        +----------------------------------------------------------------------+-----------------------------------------------------------+---------+---------+----------+----------+-----+-----+----------+
        |grp_datamover_outerloop_0_dataflow_read_write_dataflow_region_fu_440  |datamover_outerloop_0_dataflow_read_write_dataflow_region  |        ?|        ?|         ?|         ?|    ?|    ?|  dataflow|
        +----------------------------------------------------------------------+-----------------------------------------------------------+---------+---------+----------+----------+-----+-----+----------+

        * Loop: 
        +--------------------+---------+---------+----------+-----------+-----------+------+----------+
        |                    |  Latency (cycles) | Iteration|  Initiation Interval  | Trip |          |
        |      Loop Name     |   min   |   max   |  Latency |  achieved |   target  | Count| Pipelined|
        +--------------------+---------+---------+----------+-----------+-----------+------+----------+
        |- VITIS_LOOP_274_1  |        ?|        ?|         ?|          -|          -|     ?|        no|
        +--------------------+---------+---------+----------+-----------+-----------+------+----------+

============================================================
+ Verbose Summary: Synthesis Manager
============================================================
InlineROM: 1
ExposeGlobal: 0
============================================================
+ Verbose Summary: CDFG Model
============================================================
IsTopModel: 1
ResetActiveHigh: 1
IsCombinational: 0
IsDatapathOnly: 0
HasWiredReturn: 1
HasMFsm: 0
HasVarLatency: 1
IsPipeline: 0
IsRtlPipelined: 0
IsInstanceOverlapped: 0
IsDontTouch: 0
HasImplIP: 0
IsGatedGlobalClock: 0


============================================================
+ Verbose Summary: Schedule
============================================================
* Number of FSM states : 9
* Pipeline : 0
* Dataflow Pipeline: 0

* FSM state transitions: 
1 --> 2 
2 --> 3 
3 --> 4 
4 --> 5 
5 --> 6 9 
6 --> 7 
7 --> 8 
8 --> 5 
9 --> 

* FSM state operations: 

State 1 <SV = 0> <Delay = 1.99>
ST_1 : Operation 10 [1/1] (0.00ns)   --->   "%i = alloca i32 1"   --->   Operation 10 'alloca' 'i' <Predicate = true> <Delay = 0.00>
ST_1 : Operation 11 [1/1] (1.00ns)   --->   "%gridSize_0_read = read i16 @_ssdm_op_Read.ap_none.i16, i16 %gridSize_0" [/scratch/hpc-prf-acgasm/beniel/ops-hls-batching-tiling-artifacts/codegen_apps/tiling/poisson2d/u280_project/maxtile_8192_p60/hls/device/src/datamover_outerloop_0.cpp:333]   --->   Operation 11 'read' 'gridSize_0_read' <Predicate = true> <Delay = 1.00> <CoreInst = "s_axilite">   --->   Core 122 's_axilite' <Latency = 0> <II = 1> <Delay = 1.00> <Adapter> <Opcode : 'read' 'write'>
ST_1 : Operation 12 [1/1] (1.00ns)   --->   "%range_start_1_read = read i16 @_ssdm_op_Read.ap_none.i16, i16 %range_start_1" [/scratch/hpc-prf-acgasm/beniel/ops-hls-batching-tiling-artifacts/codegen_apps/tiling/poisson2d/u280_project/maxtile_8192_p60/hls/device/src/datamover_outerloop_0.cpp:333]   --->   Operation 12 'read' 'range_start_1_read' <Predicate = true> <Delay = 1.00> <CoreInst = "s_axilite">   --->   Core 122 's_axilite' <Latency = 0> <II = 1> <Delay = 1.00> <Adapter> <Opcode : 'read' 'write'>
ST_1 : Operation 13 [1/1] (0.00ns)   --->   "%zext_ln410 = zext i16 %gridSize_0_read" [/pc2/users/a/acgasm01/scratch/beniel/ops-hls-batching-tiling-artifacts/OPS/ops/hls/include/device/../../common/include/ops_hls_common_memconfig.hpp:410]   --->   Operation 13 'zext' 'zext_ln410' <Predicate = true> <Delay = 0.00>
ST_1 : Operation 14 [1/1] (0.00ns)   --->   "%config_grid_xblocks = partselect i13 @_ssdm_op_PartSelect.i13.i16.i32.i32, i16 %gridSize_0_read, i32 3, i32 15" [/pc2/users/a/acgasm01/scratch/beniel/ops-hls-batching-tiling-artifacts/OPS/ops/hls/include/device/../../common/include/ops_hls_common_memconfig.hpp:410]   --->   Operation 14 'partselect' 'config_grid_xblocks' <Predicate = true> <Delay = 0.00>
ST_1 : Operation 15 [1/1] (0.00ns)   --->   "%zext_ln437 = zext i16 %range_start_1_read" [/pc2/users/a/acgasm01/scratch/beniel/ops-hls-batching-tiling-artifacts/OPS/ops/hls/include/device/../../common/include/ops_hls_common_memconfig.hpp:437]   --->   Operation 15 'zext' 'zext_ln437' <Predicate = true> <Delay = 0.00>
ST_1 : Operation 16 [3/3] (0.99ns) (grouped into DSP with root node config_start_offset)   --->   "%mul_ln447 = mul i32 %zext_ln410, i32 %zext_ln437" [/pc2/users/a/acgasm01/scratch/beniel/ops-hls-batching-tiling-artifacts/OPS/ops/hls/include/device/../../common/include/ops_hls_common_memconfig.hpp:447]   --->   Operation 16 'mul' 'mul_ln447' <Predicate = true> <Delay = 0.99> <CoreInst = "DSP48">   --->   Core 127 'DSP48' <Latency = 3> <II = 1> <Delay = 0.53> <IPBlock> <Opcode : 'mul' 'add' 'sub' 'select'> <InPorts = 0> <OutPorts = 1> <Sync> <CReg>
ST_1 : Operation 17 [1/1] (0.38ns)   --->   "%store_ln274 = store i31 0, i31 %i" [/scratch/hpc-prf-acgasm/beniel/ops-hls-batching-tiling-artifacts/codegen_apps/tiling/poisson2d/u280_project/maxtile_8192_p60/hls/device/src/datamover_outerloop_0.cpp:274]   --->   Operation 17 'store' 'store_ln274' <Predicate = true> <Delay = 0.38>

State 2 <SV = 1> <Delay = 0.99>
ST_2 : Operation 18 [2/3] (0.99ns) (grouped into DSP with root node config_start_offset)   --->   "%mul_ln447 = mul i32 %zext_ln410, i32 %zext_ln437" [/pc2/users/a/acgasm01/scratch/beniel/ops-hls-batching-tiling-artifacts/OPS/ops/hls/include/device/../../common/include/ops_hls_common_memconfig.hpp:447]   --->   Operation 18 'mul' 'mul_ln447' <Predicate = true> <Delay = 0.99> <CoreInst = "DSP48">   --->   Core 127 'DSP48' <Latency = 3> <II = 1> <Delay = 0.53> <IPBlock> <Opcode : 'mul' 'add' 'sub' 'select'> <InPorts = 0> <OutPorts = 1> <Sync> <CReg>

State 3 <SV = 2> <Delay = 1.64>
ST_3 : Operation 19 [1/1] (1.00ns)   --->   "%range_start_0_read = read i16 @_ssdm_op_Read.ap_none.i16, i16 %range_start_0" [/scratch/hpc-prf-acgasm/beniel/ops-hls-batching-tiling-artifacts/codegen_apps/tiling/poisson2d/u280_project/maxtile_8192_p60/hls/device/src/datamover_outerloop_0.cpp:333]   --->   Operation 19 'read' 'range_start_0_read' <Predicate = true> <Delay = 1.00> <CoreInst = "s_axilite">   --->   Core 122 's_axilite' <Latency = 0> <II = 1> <Delay = 1.00> <Adapter> <Opcode : 'read' 'write'>
ST_3 : Operation 20 [1/1] (0.00ns)   --->   "%zext_ln412 = zext i16 %range_start_0_read" [/pc2/users/a/acgasm01/scratch/beniel/ops-hls-batching-tiling-artifacts/OPS/ops/hls/include/device/../../common/include/ops_hls_common_memconfig.hpp:412]   --->   Operation 20 'zext' 'zext_ln412' <Predicate = true> <Delay = 0.00>
ST_3 : Operation 21 [1/3] (0.00ns) (grouped into DSP with root node config_start_offset)   --->   "%mul_ln447 = mul i32 %zext_ln410, i32 %zext_ln437" [/pc2/users/a/acgasm01/scratch/beniel/ops-hls-batching-tiling-artifacts/OPS/ops/hls/include/device/../../common/include/ops_hls_common_memconfig.hpp:447]   --->   Operation 21 'mul' 'mul_ln447' <Predicate = true> <Delay = 0.00> <CoreInst = "DSP48">   --->   Core 127 'DSP48' <Latency = 3> <II = 1> <Delay = 0.53> <IPBlock> <Opcode : 'mul' 'add' 'sub' 'select'> <InPorts = 0> <OutPorts = 1> <Sync> <CReg>
ST_3 : Operation 22 [2/2] (0.64ns) (root node of the DSP)   --->   "%config_start_offset = add i32 %mul_ln447, i32 %zext_ln412" [/pc2/users/a/acgasm01/scratch/beniel/ops-hls-batching-tiling-artifacts/OPS/ops/hls/include/device/../../common/include/ops_hls_common_memconfig.hpp:447]   --->   Operation 22 'add' 'config_start_offset' <Predicate = true> <Delay = 0.64> <CoreInst = "DSP48">   --->   Core 127 'DSP48' <Latency = 3> <II = 1> <Delay = 0.53> <IPBlock> <Opcode : 'mul' 'add' 'sub' 'select'> <InPorts = 0> <OutPorts = 1> <Sync> <CReg>

State 4 <SV = 3> <Delay = 1.00>
ST_4 : Operation 23 [1/1] (0.00ns)   --->   "%spectopmodule_ln332 = spectopmodule void @_ssdm_op_SpecTopModule, void @empty_32" [/scratch/hpc-prf-acgasm/beniel/ops-hls-batching-tiling-artifacts/codegen_apps/tiling/poisson2d/u280_project/maxtile_8192_p60/hls/device/src/datamover_outerloop_0.cpp:332]   --->   Operation 23 'spectopmodule' 'spectopmodule_ln332' <Predicate = true> <Delay = 0.00>
ST_4 : Operation 24 [1/1] (0.00ns)   --->   "%specinterface_ln332 = specinterface void @_ssdm_op_SpecInterface, i32 0, void @empty_22, i32 0, i32 0, void @empty_47, i32 0, i32 0, void @empty_47, void @empty_47, void @empty_47, i32 0, i32 0, i32 0, i32 0, void @empty_47, void @empty_47, i32 4294967295, i32 0" [/scratch/hpc-prf-acgasm/beniel/ops-hls-batching-tiling-artifacts/codegen_apps/tiling/poisson2d/u280_project/maxtile_8192_p60/hls/device/src/datamover_outerloop_0.cpp:332]   --->   Operation 24 'specinterface' 'specinterface_ln332' <Predicate = true> <Delay = 0.00>
ST_4 : Operation 25 [1/1] (0.00ns)   --->   "%specinterface_ln0 = specinterface void @_ssdm_op_SpecInterface, i256 %gmem0, void @empty_34, i32 0, i32 0, void @empty_47, i32 40, i32 8192, void @empty_29, void @empty_45, void @empty_47, i32 4, i32 4, i32 16, i32 16, void @empty_47, void @empty_47, i32 4294967295, i32 0"   --->   Operation 25 'specinterface' 'specinterface_ln0' <Predicate = true> <Delay = 0.00>
ST_4 : Operation 26 [1/1] (0.00ns)   --->   "%specbitsmap_ln0 = specbitsmap void @_ssdm_op_SpecBitsMap, i256 %gmem0"   --->   Operation 26 'specbitsmap' 'specbitsmap_ln0' <Predicate = true> <Delay = 0.00>
ST_4 : Operation 27 [1/1] (0.00ns)   --->   "%specinterface_ln0 = specinterface void @_ssdm_op_SpecInterface, i256 %gmem1, void @empty_34, i32 0, i32 0, void @empty_47, i32 40, i32 8192, void @empty_37, void @empty_45, void @empty_47, i32 4, i32 4, i32 16, i32 16, void @empty_47, void @empty_47, i32 4294967295, i32 0"   --->   Operation 27 'specinterface' 'specinterface_ln0' <Predicate = true> <Delay = 0.00>
ST_4 : Operation 28 [1/1] (0.00ns)   --->   "%specbitsmap_ln0 = specbitsmap void @_ssdm_op_SpecBitsMap, i256 %gmem1"   --->   Operation 28 'specbitsmap' 'specbitsmap_ln0' <Predicate = true> <Delay = 0.00>
ST_4 : Operation 29 [1/1] (0.00ns)   --->   "%specinterface_ln0 = specinterface void @_ssdm_op_SpecInterface, i256 %gmem2, void @empty_34, i32 0, i32 0, void @empty_47, i32 40, i32 8192, void @empty_44, void @empty_45, void @empty_47, i32 4, i32 4, i32 16, i32 16, void @empty_47, void @empty_47, i32 4294967295, i32 0"   --->   Operation 29 'specinterface' 'specinterface_ln0' <Predicate = true> <Delay = 0.00>
ST_4 : Operation 30 [1/1] (0.00ns)   --->   "%specbitsmap_ln0 = specbitsmap void @_ssdm_op_SpecBitsMap, i256 %gmem2"   --->   Operation 30 'specbitsmap' 'specbitsmap_ln0' <Predicate = true> <Delay = 0.00>
ST_4 : Operation 31 [1/1] (0.00ns)   --->   "%specinterface_ln0 = specinterface void @_ssdm_op_SpecInterface, i256 %gmem3, void @empty_34, i32 0, i32 0, void @empty_47, i32 40, i32 8192, void @empty_35, void @empty_45, void @empty_47, i32 4, i32 4, i32 16, i32 16, void @empty_47, void @empty_47, i32 4294967295, i32 0"   --->   Operation 31 'specinterface' 'specinterface_ln0' <Predicate = true> <Delay = 0.00>
ST_4 : Operation 32 [1/1] (0.00ns)   --->   "%specbitsmap_ln0 = specbitsmap void @_ssdm_op_SpecBitsMap, i256 %gmem3"   --->   Operation 32 'specbitsmap' 'specbitsmap_ln0' <Predicate = true> <Delay = 0.00>
ST_4 : Operation 33 [1/1] (0.00ns)   --->   "%specinterface_ln0 = specinterface void @_ssdm_op_SpecInterface, i256 %gmem4, void @empty_34, i32 0, i32 0, void @empty_47, i32 40, i32 8192, void @empty_24, void @empty_45, void @empty_47, i32 4, i32 4, i32 16, i32 16, void @empty_47, void @empty_47, i32 4294967295, i32 0"   --->   Operation 33 'specinterface' 'specinterface_ln0' <Predicate = true> <Delay = 0.00>
ST_4 : Operation 34 [1/1] (0.00ns)   --->   "%specbitsmap_ln0 = specbitsmap void @_ssdm_op_SpecBitsMap, i256 %gmem4"   --->   Operation 34 'specbitsmap' 'specbitsmap_ln0' <Predicate = true> <Delay = 0.00>
ST_4 : Operation 35 [1/1] (0.00ns)   --->   "%specinterface_ln0 = specinterface void @_ssdm_op_SpecInterface, i256 %gmem5, void @empty_34, i32 0, i32 0, void @empty_47, i32 40, i32 8192, void @empty_51, void @empty_45, void @empty_47, i32 4, i32 4, i32 16, i32 16, void @empty_47, void @empty_47, i32 4294967295, i32 0"   --->   Operation 35 'specinterface' 'specinterface_ln0' <Predicate = true> <Delay = 0.00>
ST_4 : Operation 36 [1/1] (0.00ns)   --->   "%specbitsmap_ln0 = specbitsmap void @_ssdm_op_SpecBitsMap, i256 %gmem5"   --->   Operation 36 'specbitsmap' 'specbitsmap_ln0' <Predicate = true> <Delay = 0.00>
ST_4 : Operation 37 [1/1] (0.00ns)   --->   "%specinterface_ln0 = specinterface void @_ssdm_op_SpecInterface, i256 %gmem6, void @empty_34, i32 0, i32 0, void @empty_47, i32 40, i32 8192, void @empty_61, void @empty_45, void @empty_47, i32 4, i32 4, i32 16, i32 16, void @empty_47, void @empty_47, i32 4294967295, i32 0"   --->   Operation 37 'specinterface' 'specinterface_ln0' <Predicate = true> <Delay = 0.00>
ST_4 : Operation 38 [1/1] (0.00ns)   --->   "%specbitsmap_ln0 = specbitsmap void @_ssdm_op_SpecBitsMap, i256 %gmem6"   --->   Operation 38 'specbitsmap' 'specbitsmap_ln0' <Predicate = true> <Delay = 0.00>
ST_4 : Operation 39 [1/1] (0.00ns)   --->   "%specinterface_ln0 = specinterface void @_ssdm_op_SpecInterface, i256 %gmem7, void @empty_34, i32 0, i32 0, void @empty_47, i32 40, i32 8192, void @empty_1, void @empty_45, void @empty_47, i32 4, i32 4, i32 16, i32 16, void @empty_47, void @empty_47, i32 4294967295, i32 0"   --->   Operation 39 'specinterface' 'specinterface_ln0' <Predicate = true> <Delay = 0.00>
ST_4 : Operation 40 [1/1] (0.00ns)   --->   "%specbitsmap_ln0 = specbitsmap void @_ssdm_op_SpecBitsMap, i256 %gmem7"   --->   Operation 40 'specbitsmap' 'specbitsmap_ln0' <Predicate = true> <Delay = 0.00>
ST_4 : Operation 41 [1/1] (0.00ns)   --->   "%specinterface_ln0 = specinterface void @_ssdm_op_SpecInterface, i256 %gmem8, void @empty_34, i32 0, i32 0, void @empty_47, i32 40, i32 8192, void @empty_49, void @empty_45, void @empty_47, i32 4, i32 4, i32 16, i32 16, void @empty_47, void @empty_47, i32 4294967295, i32 0"   --->   Operation 41 'specinterface' 'specinterface_ln0' <Predicate = true> <Delay = 0.00>
ST_4 : Operation 42 [1/1] (0.00ns)   --->   "%specbitsmap_ln0 = specbitsmap void @_ssdm_op_SpecBitsMap, i256 %gmem8"   --->   Operation 42 'specbitsmap' 'specbitsmap_ln0' <Predicate = true> <Delay = 0.00>
ST_4 : Operation 43 [1/1] (0.00ns)   --->   "%specinterface_ln0 = specinterface void @_ssdm_op_SpecInterface, i256 %gmem9, void @empty_34, i32 0, i32 0, void @empty_47, i32 40, i32 8192, void @empty_36, void @empty_45, void @empty_47, i32 4, i32 4, i32 16, i32 16, void @empty_47, void @empty_47, i32 4294967295, i32 0"   --->   Operation 43 'specinterface' 'specinterface_ln0' <Predicate = true> <Delay = 0.00>
ST_4 : Operation 44 [1/1] (0.00ns)   --->   "%specbitsmap_ln0 = specbitsmap void @_ssdm_op_SpecBitsMap, i256 %gmem9"   --->   Operation 44 'specbitsmap' 'specbitsmap_ln0' <Predicate = true> <Delay = 0.00>
ST_4 : Operation 45 [1/1] (0.00ns)   --->   "%specinterface_ln0 = specinterface void @_ssdm_op_SpecInterface, i256 %gmem10, void @empty_34, i32 0, i32 0, void @empty_47, i32 40, i32 8192, void @empty_52, void @empty_45, void @empty_47, i32 4, i32 4, i32 16, i32 16, void @empty_47, void @empty_47, i32 4294967295, i32 0"   --->   Operation 45 'specinterface' 'specinterface_ln0' <Predicate = true> <Delay = 0.00>
ST_4 : Operation 46 [1/1] (0.00ns)   --->   "%specbitsmap_ln0 = specbitsmap void @_ssdm_op_SpecBitsMap, i256 %gmem10"   --->   Operation 46 'specbitsmap' 'specbitsmap_ln0' <Predicate = true> <Delay = 0.00>
ST_4 : Operation 47 [1/1] (0.00ns)   --->   "%specinterface_ln0 = specinterface void @_ssdm_op_SpecInterface, i256 %gmem11, void @empty_34, i32 0, i32 0, void @empty_47, i32 40, i32 8192, void @empty_69, void @empty_45, void @empty_47, i32 4, i32 4, i32 16, i32 16, void @empty_47, void @empty_47, i32 4294967295, i32 0"   --->   Operation 47 'specinterface' 'specinterface_ln0' <Predicate = true> <Delay = 0.00>
ST_4 : Operation 48 [1/1] (0.00ns)   --->   "%specbitsmap_ln0 = specbitsmap void @_ssdm_op_SpecBitsMap, i256 %gmem11"   --->   Operation 48 'specbitsmap' 'specbitsmap_ln0' <Predicate = true> <Delay = 0.00>
ST_4 : Operation 49 [1/1] (0.00ns)   --->   "%specinterface_ln0 = specinterface void @_ssdm_op_SpecInterface, i256 %gmem12, void @empty_34, i32 0, i32 0, void @empty_47, i32 40, i32 8192, void @empty_58, void @empty_45, void @empty_47, i32 4, i32 4, i32 16, i32 16, void @empty_47, void @empty_47, i32 4294967295, i32 0"   --->   Operation 49 'specinterface' 'specinterface_ln0' <Predicate = true> <Delay = 0.00>
ST_4 : Operation 50 [1/1] (0.00ns)   --->   "%specbitsmap_ln0 = specbitsmap void @_ssdm_op_SpecBitsMap, i256 %gmem12"   --->   Operation 50 'specbitsmap' 'specbitsmap_ln0' <Predicate = true> <Delay = 0.00>
ST_4 : Operation 51 [1/1] (0.00ns)   --->   "%specinterface_ln0 = specinterface void @_ssdm_op_SpecInterface, i256 %gmem13, void @empty_34, i32 0, i32 0, void @empty_47, i32 40, i32 8192, void @empty_67, void @empty_45, void @empty_47, i32 4, i32 4, i32 16, i32 16, void @empty_47, void @empty_47, i32 4294967295, i32 0"   --->   Operation 51 'specinterface' 'specinterface_ln0' <Predicate = true> <Delay = 0.00>
ST_4 : Operation 52 [1/1] (0.00ns)   --->   "%specbitsmap_ln0 = specbitsmap void @_ssdm_op_SpecBitsMap, i256 %gmem13"   --->   Operation 52 'specbitsmap' 'specbitsmap_ln0' <Predicate = true> <Delay = 0.00>
ST_4 : Operation 53 [1/1] (0.00ns)   --->   "%specinterface_ln0 = specinterface void @_ssdm_op_SpecInterface, i256 %gmem14, void @empty_34, i32 0, i32 0, void @empty_47, i32 40, i32 8192, void @empty_57, void @empty_45, void @empty_47, i32 4, i32 4, i32 16, i32 16, void @empty_47, void @empty_47, i32 4294967295, i32 0"   --->   Operation 53 'specinterface' 'specinterface_ln0' <Predicate = true> <Delay = 0.00>
ST_4 : Operation 54 [1/1] (0.00ns)   --->   "%specbitsmap_ln0 = specbitsmap void @_ssdm_op_SpecBitsMap, i256 %gmem14"   --->   Operation 54 'specbitsmap' 'specbitsmap_ln0' <Predicate = true> <Delay = 0.00>
ST_4 : Operation 55 [1/1] (0.00ns)   --->   "%specinterface_ln0 = specinterface void @_ssdm_op_SpecInterface, i256 %gmem15, void @empty_34, i32 0, i32 0, void @empty_47, i32 40, i32 8192, void @empty_65, void @empty_45, void @empty_47, i32 4, i32 4, i32 16, i32 16, void @empty_47, void @empty_47, i32 4294967295, i32 0"   --->   Operation 55 'specinterface' 'specinterface_ln0' <Predicate = true> <Delay = 0.00>
ST_4 : Operation 56 [1/1] (0.00ns)   --->   "%specbitsmap_ln0 = specbitsmap void @_ssdm_op_SpecBitsMap, i256 %gmem15"   --->   Operation 56 'specbitsmap' 'specbitsmap_ln0' <Predicate = true> <Delay = 0.00>
ST_4 : Operation 57 [1/1] (0.00ns)   --->   "%specbitsmap_ln0 = specbitsmap void @_ssdm_op_SpecBitsMap, i16 %range_start_0"   --->   Operation 57 'specbitsmap' 'specbitsmap_ln0' <Predicate = true> <Delay = 0.00>
ST_4 : Operation 58 [1/1] (0.00ns)   --->   "%specinterface_ln0 = specinterface void @_ssdm_op_SpecInterface, i16 %range_start_0, void @empty_23, i32 0, i32 0, void @empty_47, i32 0, i32 0, void @empty_62, void @empty_15, void @empty_47, i32 0, i32 0, i32 0, i32 0, void @empty_47, void @empty_47, i32 4294967295, i32 0"   --->   Operation 58 'specinterface' 'specinterface_ln0' <Predicate = true> <Delay = 0.00>
ST_4 : Operation 59 [1/1] (0.00ns)   --->   "%specinterface_ln0 = specinterface void @_ssdm_op_SpecInterface, i16 %range_start_0, void @empty, i32 0, i32 0, void @empty_47, i32 0, i32 0, void @empty_47, void @empty_47, void @empty_47, i32 0, i32 0, i32 0, i32 0, void @empty_47, void @empty_47, i32 4294967295, i32 0"   --->   Operation 59 'specinterface' 'specinterface_ln0' <Predicate = true> <Delay = 0.00>
ST_4 : Operation 60 [1/1] (0.00ns)   --->   "%specbitsmap_ln0 = specbitsmap void @_ssdm_op_SpecBitsMap, i16 %range_end_0"   --->   Operation 60 'specbitsmap' 'specbitsmap_ln0' <Predicate = true> <Delay = 0.00>
ST_4 : Operation 61 [1/1] (0.00ns)   --->   "%specinterface_ln0 = specinterface void @_ssdm_op_SpecInterface, i16 %range_end_0, void @empty_23, i32 0, i32 0, void @empty_47, i32 0, i32 0, void @empty_62, void @empty_60, void @empty_47, i32 0, i32 0, i32 0, i32 0, void @empty_47, void @empty_47, i32 4294967295, i32 0"   --->   Operation 61 'specinterface' 'specinterface_ln0' <Predicate = true> <Delay = 0.00>
ST_4 : Operation 62 [1/1] (0.00ns)   --->   "%specinterface_ln0 = specinterface void @_ssdm_op_SpecInterface, i16 %range_end_0, void @empty, i32 0, i32 0, void @empty_47, i32 0, i32 0, void @empty_47, void @empty_47, void @empty_47, i32 0, i32 0, i32 0, i32 0, void @empty_47, void @empty_47, i32 4294967295, i32 0"   --->   Operation 62 'specinterface' 'specinterface_ln0' <Predicate = true> <Delay = 0.00>
ST_4 : Operation 63 [1/1] (0.00ns)   --->   "%specbitsmap_ln0 = specbitsmap void @_ssdm_op_SpecBitsMap, i16 %range_start_1"   --->   Operation 63 'specbitsmap' 'specbitsmap_ln0' <Predicate = true> <Delay = 0.00>
ST_4 : Operation 64 [1/1] (0.00ns)   --->   "%specinterface_ln0 = specinterface void @_ssdm_op_SpecInterface, i16 %range_start_1, void @empty_23, i32 0, i32 0, void @empty_47, i32 0, i32 0, void @empty_62, void @empty_59, void @empty_47, i32 0, i32 0, i32 0, i32 0, void @empty_47, void @empty_47, i32 4294967295, i32 0"   --->   Operation 64 'specinterface' 'specinterface_ln0' <Predicate = true> <Delay = 0.00>
ST_4 : Operation 65 [1/1] (0.00ns)   --->   "%specinterface_ln0 = specinterface void @_ssdm_op_SpecInterface, i16 %range_start_1, void @empty, i32 0, i32 0, void @empty_47, i32 0, i32 0, void @empty_47, void @empty_47, void @empty_47, i32 0, i32 0, i32 0, i32 0, void @empty_47, void @empty_47, i32 4294967295, i32 0"   --->   Operation 65 'specinterface' 'specinterface_ln0' <Predicate = true> <Delay = 0.00>
ST_4 : Operation 66 [1/1] (0.00ns)   --->   "%specbitsmap_ln0 = specbitsmap void @_ssdm_op_SpecBitsMap, i16 %range_end_1"   --->   Operation 66 'specbitsmap' 'specbitsmap_ln0' <Predicate = true> <Delay = 0.00>
ST_4 : Operation 67 [1/1] (0.00ns)   --->   "%specinterface_ln0 = specinterface void @_ssdm_op_SpecInterface, i16 %range_end_1, void @empty_23, i32 0, i32 0, void @empty_47, i32 0, i32 0, void @empty_62, void @empty_68, void @empty_47, i32 0, i32 0, i32 0, i32 0, void @empty_47, void @empty_47, i32 4294967295, i32 0"   --->   Operation 67 'specinterface' 'specinterface_ln0' <Predicate = true> <Delay = 0.00>
ST_4 : Operation 68 [1/1] (0.00ns)   --->   "%specinterface_ln0 = specinterface void @_ssdm_op_SpecInterface, i16 %range_end_1, void @empty, i32 0, i32 0, void @empty_47, i32 0, i32 0, void @empty_47, void @empty_47, void @empty_47, i32 0, i32 0, i32 0, i32 0, void @empty_47, void @empty_47, i32 4294967295, i32 0"   --->   Operation 68 'specinterface' 'specinterface_ln0' <Predicate = true> <Delay = 0.00>
ST_4 : Operation 69 [1/1] (0.00ns)   --->   "%specbitsmap_ln0 = specbitsmap void @_ssdm_op_SpecBitsMap, i16 %gridSize_0"   --->   Operation 69 'specbitsmap' 'specbitsmap_ln0' <Predicate = true> <Delay = 0.00>
ST_4 : Operation 70 [1/1] (0.00ns)   --->   "%specinterface_ln0 = specinterface void @_ssdm_op_SpecInterface, i16 %gridSize_0, void @empty_23, i32 0, i32 0, void @empty_47, i32 0, i32 0, void @empty_62, void @empty_66, void @empty_47, i32 0, i32 0, i32 0, i32 0, void @empty_47, void @empty_47, i32 4294967295, i32 0"   --->   Operation 70 'specinterface' 'specinterface_ln0' <Predicate = true> <Delay = 0.00>
ST_4 : Operation 71 [1/1] (0.00ns)   --->   "%specinterface_ln0 = specinterface void @_ssdm_op_SpecInterface, i16 %gridSize_0, void @empty, i32 0, i32 0, void @empty_47, i32 0, i32 0, void @empty_47, void @empty_47, void @empty_47, i32 0, i32 0, i32 0, i32 0, void @empty_47, void @empty_47, i32 4294967295, i32 0"   --->   Operation 71 'specinterface' 'specinterface_ln0' <Predicate = true> <Delay = 0.00>
ST_4 : Operation 72 [1/1] (0.00ns)   --->   "%specbitsmap_ln0 = specbitsmap void @_ssdm_op_SpecBitsMap, i16 %gridSize_1"   --->   Operation 72 'specbitsmap' 'specbitsmap_ln0' <Predicate = true> <Delay = 0.00>
ST_4 : Operation 73 [1/1] (0.00ns)   --->   "%specinterface_ln0 = specinterface void @_ssdm_op_SpecInterface, i16 %gridSize_1, void @empty_23, i32 0, i32 0, void @empty_47, i32 0, i32 0, void @empty_62, void @empty_56, void @empty_47, i32 0, i32 0, i32 0, i32 0, void @empty_47, void @empty_47, i32 4294967295, i32 0"   --->   Operation 73 'specinterface' 'specinterface_ln0' <Predicate = true> <Delay = 0.00>
ST_4 : Operation 74 [1/1] (0.00ns)   --->   "%specinterface_ln0 = specinterface void @_ssdm_op_SpecInterface, i16 %gridSize_1, void @empty, i32 0, i32 0, void @empty_47, i32 0, i32 0, void @empty_47, void @empty_47, void @empty_47, i32 0, i32 0, i32 0, i32 0, void @empty_47, void @empty_47, i32 4294967295, i32 0"   --->   Operation 74 'specinterface' 'specinterface_ln0' <Predicate = true> <Delay = 0.00>
ST_4 : Operation 75 [1/1] (0.00ns)   --->   "%specbitsmap_ln0 = specbitsmap void @_ssdm_op_SpecBitsMap, i32 %outer_itr"   --->   Operation 75 'specbitsmap' 'specbitsmap_ln0' <Predicate = true> <Delay = 0.00>
ST_4 : Operation 76 [1/1] (0.00ns)   --->   "%specinterface_ln0 = specinterface void @_ssdm_op_SpecInterface, i32 %outer_itr, void @empty_23, i32 0, i32 0, void @empty_47, i32 0, i32 0, void @empty_62, void @empty_40, void @empty_47, i32 0, i32 0, i32 0, i32 0, void @empty_47, void @empty_47, i32 4294967295, i32 0"   --->   Operation 76 'specinterface' 'specinterface_ln0' <Predicate = true> <Delay = 0.00>
ST_4 : Operation 77 [1/1] (0.00ns)   --->   "%specinterface_ln0 = specinterface void @_ssdm_op_SpecInterface, i32 %outer_itr, void @empty, i32 0, i32 0, void @empty_47, i32 0, i32 0, void @empty_47, void @empty_47, void @empty_47, i32 0, i32 0, i32 0, i32 0, void @empty_47, void @empty_47, i32 4294967295, i32 0"   --->   Operation 77 'specinterface' 'specinterface_ln0' <Predicate = true> <Delay = 0.00>
ST_4 : Operation 78 [1/1] (0.00ns)   --->   "%specbitsmap_ln0 = specbitsmap void @_ssdm_op_SpecBitsMap, i16 %tile_size_x"   --->   Operation 78 'specbitsmap' 'specbitsmap_ln0' <Predicate = true> <Delay = 0.00>
ST_4 : Operation 79 [1/1] (0.00ns)   --->   "%specinterface_ln0 = specinterface void @_ssdm_op_SpecInterface, i16 %tile_size_x, void @empty_23, i32 0, i32 0, void @empty_47, i32 0, i32 0, void @empty_62, void @empty_46, void @empty_47, i32 0, i32 0, i32 0, i32 0, void @empty_47, void @empty_47, i32 4294967295, i32 0"   --->   Operation 79 'specinterface' 'specinterface_ln0' <Predicate = true> <Delay = 0.00>
ST_4 : Operation 80 [1/1] (0.00ns)   --->   "%specinterface_ln0 = specinterface void @_ssdm_op_SpecInterface, i16 %tile_size_x, void @empty, i32 0, i32 0, void @empty_47, i32 0, i32 0, void @empty_47, void @empty_47, void @empty_47, i32 0, i32 0, i32 0, i32 0, void @empty_47, void @empty_47, i32 4294967295, i32 0"   --->   Operation 80 'specinterface' 'specinterface_ln0' <Predicate = true> <Delay = 0.00>
ST_4 : Operation 81 [1/1] (0.00ns)   --->   "%specbitsmap_ln0 = specbitsmap void @_ssdm_op_SpecBitsMap, i16 %overlap_size_x"   --->   Operation 81 'specbitsmap' 'specbitsmap_ln0' <Predicate = true> <Delay = 0.00>
ST_4 : Operation 82 [1/1] (0.00ns)   --->   "%specinterface_ln0 = specinterface void @_ssdm_op_SpecInterface, i16 %overlap_size_x, void @empty_23, i32 0, i32 0, void @empty_47, i32 0, i32 0, void @empty_62, void @empty_30, void @empty_47, i32 0, i32 0, i32 0, i32 0, void @empty_47, void @empty_47, i32 4294967295, i32 0"   --->   Operation 82 'specinterface' 'specinterface_ln0' <Predicate = true> <Delay = 0.00>
ST_4 : Operation 83 [1/1] (0.00ns)   --->   "%specinterface_ln0 = specinterface void @_ssdm_op_SpecInterface, i16 %overlap_size_x, void @empty, i32 0, i32 0, void @empty_47, i32 0, i32 0, void @empty_47, void @empty_47, void @empty_47, i32 0, i32 0, i32 0, i32 0, void @empty_47, void @empty_47, i32 4294967295, i32 0"   --->   Operation 83 'specinterface' 'specinterface_ln0' <Predicate = true> <Delay = 0.00>
ST_4 : Operation 84 [1/1] (0.00ns)   --->   "%specbitsmap_ln0 = specbitsmap void @_ssdm_op_SpecBitsMap, i16 %effective_tile_size_x"   --->   Operation 84 'specbitsmap' 'specbitsmap_ln0' <Predicate = true> <Delay = 0.00>
ST_4 : Operation 85 [1/1] (0.00ns)   --->   "%specinterface_ln0 = specinterface void @_ssdm_op_SpecInterface, i16 %effective_tile_size_x, void @empty_23, i32 0, i32 0, void @empty_47, i32 0, i32 0, void @empty_62, void @empty_38, void @empty_47, i32 0, i32 0, i32 0, i32 0, void @empty_47, void @empty_47, i32 4294967295, i32 0"   --->   Operation 85 'specinterface' 'specinterface_ln0' <Predicate = true> <Delay = 0.00>
ST_4 : Operation 86 [1/1] (0.00ns)   --->   "%specinterface_ln0 = specinterface void @_ssdm_op_SpecInterface, i16 %effective_tile_size_x, void @empty, i32 0, i32 0, void @empty_47, i32 0, i32 0, void @empty_47, void @empty_47, void @empty_47, i32 0, i32 0, i32 0, i32 0, void @empty_47, void @empty_47, i32 4294967295, i32 0"   --->   Operation 86 'specinterface' 'specinterface_ln0' <Predicate = true> <Delay = 0.00>
ST_4 : Operation 87 [1/1] (0.00ns)   --->   "%specbitsmap_ln0 = specbitsmap void @_ssdm_op_SpecBitsMap, i16 %last_tile_size_x"   --->   Operation 87 'specbitsmap' 'specbitsmap_ln0' <Predicate = true> <Delay = 0.00>
ST_4 : Operation 88 [1/1] (0.00ns)   --->   "%specinterface_ln0 = specinterface void @_ssdm_op_SpecInterface, i16 %last_tile_size_x, void @empty_23, i32 0, i32 0, void @empty_47, i32 0, i32 0, void @empty_62, void @empty_64, void @empty_47, i32 0, i32 0, i32 0, i32 0, void @empty_47, void @empty_47, i32 4294967295, i32 0"   --->   Operation 88 'specinterface' 'specinterface_ln0' <Predicate = true> <Delay = 0.00>
ST_4 : Operation 89 [1/1] (0.00ns)   --->   "%specinterface_ln0 = specinterface void @_ssdm_op_SpecInterface, i16 %last_tile_size_x, void @empty, i32 0, i32 0, void @empty_47, i32 0, i32 0, void @empty_47, void @empty_47, void @empty_47, i32 0, i32 0, i32 0, i32 0, void @empty_47, void @empty_47, i32 4294967295, i32 0"   --->   Operation 89 'specinterface' 'specinterface_ln0' <Predicate = true> <Delay = 0.00>
ST_4 : Operation 90 [1/1] (0.00ns)   --->   "%specbitsmap_ln0 = specbitsmap void @_ssdm_op_SpecBitsMap, i16 %tile_count_x"   --->   Operation 90 'specbitsmap' 'specbitsmap_ln0' <Predicate = true> <Delay = 0.00>
ST_4 : Operation 91 [1/1] (0.00ns)   --->   "%specinterface_ln0 = specinterface void @_ssdm_op_SpecInterface, i16 %tile_count_x, void @empty_23, i32 0, i32 0, void @empty_47, i32 0, i32 0, void @empty_62, void @empty_43, void @empty_47, i32 0, i32 0, i32 0, i32 0, void @empty_47, void @empty_47, i32 4294967295, i32 0"   --->   Operation 91 'specinterface' 'specinterface_ln0' <Predicate = true> <Delay = 0.00>
ST_4 : Operation 92 [1/1] (0.00ns)   --->   "%specinterface_ln0 = specinterface void @_ssdm_op_SpecInterface, i16 %tile_count_x, void @empty, i32 0, i32 0, void @empty_47, i32 0, i32 0, void @empty_47, void @empty_47, void @empty_47, i32 0, i32 0, i32 0, i32 0, void @empty_47, void @empty_47, i32 4294967295, i32 0"   --->   Operation 92 'specinterface' 'specinterface_ln0' <Predicate = true> <Delay = 0.00>
ST_4 : Operation 93 [1/1] (0.00ns)   --->   "%specbitsmap_ln0 = specbitsmap void @_ssdm_op_SpecBitsMap, i32 %total_xblocks"   --->   Operation 93 'specbitsmap' 'specbitsmap_ln0' <Predicate = true> <Delay = 0.00>
ST_4 : Operation 94 [1/1] (0.00ns)   --->   "%specinterface_ln0 = specinterface void @_ssdm_op_SpecInterface, i32 %total_xblocks, void @empty_23, i32 0, i32 0, void @empty_47, i32 0, i32 0, void @empty_62, void @empty_7, void @empty_47, i32 0, i32 0, i32 0, i32 0, void @empty_47, void @empty_47, i32 4294967295, i32 0"   --->   Operation 94 'specinterface' 'specinterface_ln0' <Predicate = true> <Delay = 0.00>
ST_4 : Operation 95 [1/1] (0.00ns)   --->   "%specinterface_ln0 = specinterface void @_ssdm_op_SpecInterface, i32 %total_xblocks, void @empty, i32 0, i32 0, void @empty_47, i32 0, i32 0, void @empty_47, void @empty_47, void @empty_47, i32 0, i32 0, i32 0, i32 0, void @empty_47, void @empty_47, i32 4294967295, i32 0"   --->   Operation 95 'specinterface' 'specinterface_ln0' <Predicate = true> <Delay = 0.00>
ST_4 : Operation 96 [1/1] (0.00ns)   --->   "%specinterface_ln0 = specinterface void @_ssdm_op_SpecInterface, i64 %arg0_b0, void @empty_23, i32 0, i32 0, void @empty_47, i32 0, i32 0, void @empty_62, void @empty_31, void @empty_47, i32 0, i32 0, i32 0, i32 0, void @empty_47, void @empty_41, i32 4294967295, i32 0"   --->   Operation 96 'specinterface' 'specinterface_ln0' <Predicate = true> <Delay = 0.00>
ST_4 : Operation 97 [1/1] (0.00ns)   --->   "%specinterface_ln0 = specinterface void @_ssdm_op_SpecInterface, i64 %arg0_b0, void @empty_18, i32 0, i32 0, void @empty_47, i32 0, i32 0, void @empty_47, void @empty_47, void @empty_47, i32 0, i32 0, i32 0, i32 0, void @empty_47, void @empty_41, i32 4294967295, i32 0"   --->   Operation 97 'specinterface' 'specinterface_ln0' <Predicate = true> <Delay = 0.00>
ST_4 : Operation 98 [1/1] (0.00ns)   --->   "%specinterface_ln0 = specinterface void @_ssdm_op_SpecInterface, i64 %arg0_b1, void @empty_23, i32 0, i32 0, void @empty_47, i32 0, i32 0, void @empty_62, void @empty_11, void @empty_47, i32 0, i32 0, i32 0, i32 0, void @empty_47, void @empty_41, i32 4294967295, i32 0"   --->   Operation 98 'specinterface' 'specinterface_ln0' <Predicate = true> <Delay = 0.00>
ST_4 : Operation 99 [1/1] (0.00ns)   --->   "%specinterface_ln0 = specinterface void @_ssdm_op_SpecInterface, i64 %arg0_b1, void @empty_18, i32 0, i32 0, void @empty_47, i32 0, i32 0, void @empty_47, void @empty_47, void @empty_47, i32 0, i32 0, i32 0, i32 0, void @empty_47, void @empty_41, i32 4294967295, i32 0"   --->   Operation 99 'specinterface' 'specinterface_ln0' <Predicate = true> <Delay = 0.00>
ST_4 : Operation 100 [1/1] (0.00ns)   --->   "%specinterface_ln0 = specinterface void @_ssdm_op_SpecInterface, i64 %arg0_b2, void @empty_23, i32 0, i32 0, void @empty_47, i32 0, i32 0, void @empty_62, void @empty_10, void @empty_47, i32 0, i32 0, i32 0, i32 0, void @empty_47, void @empty_41, i32 4294967295, i32 0"   --->   Operation 100 'specinterface' 'specinterface_ln0' <Predicate = true> <Delay = 0.00>
ST_4 : Operation 101 [1/1] (0.00ns)   --->   "%specinterface_ln0 = specinterface void @_ssdm_op_SpecInterface, i64 %arg0_b2, void @empty_18, i32 0, i32 0, void @empty_47, i32 0, i32 0, void @empty_47, void @empty_47, void @empty_47, i32 0, i32 0, i32 0, i32 0, void @empty_47, void @empty_41, i32 4294967295, i32 0"   --->   Operation 101 'specinterface' 'specinterface_ln0' <Predicate = true> <Delay = 0.00>
ST_4 : Operation 102 [1/1] (0.00ns)   --->   "%specinterface_ln0 = specinterface void @_ssdm_op_SpecInterface, i64 %arg0_b3, void @empty_23, i32 0, i32 0, void @empty_47, i32 0, i32 0, void @empty_62, void @empty_9, void @empty_47, i32 0, i32 0, i32 0, i32 0, void @empty_47, void @empty_41, i32 4294967295, i32 0"   --->   Operation 102 'specinterface' 'specinterface_ln0' <Predicate = true> <Delay = 0.00>
ST_4 : Operation 103 [1/1] (0.00ns)   --->   "%specinterface_ln0 = specinterface void @_ssdm_op_SpecInterface, i64 %arg0_b3, void @empty_18, i32 0, i32 0, void @empty_47, i32 0, i32 0, void @empty_47, void @empty_47, void @empty_47, i32 0, i32 0, i32 0, i32 0, void @empty_47, void @empty_41, i32 4294967295, i32 0"   --->   Operation 103 'specinterface' 'specinterface_ln0' <Predicate = true> <Delay = 0.00>
ST_4 : Operation 104 [1/1] (0.00ns)   --->   "%specinterface_ln0 = specinterface void @_ssdm_op_SpecInterface, i64 %arg0_b4, void @empty_23, i32 0, i32 0, void @empty_47, i32 0, i32 0, void @empty_62, void @empty_8, void @empty_47, i32 0, i32 0, i32 0, i32 0, void @empty_47, void @empty_41, i32 4294967295, i32 0"   --->   Operation 104 'specinterface' 'specinterface_ln0' <Predicate = true> <Delay = 0.00>
ST_4 : Operation 105 [1/1] (0.00ns)   --->   "%specinterface_ln0 = specinterface void @_ssdm_op_SpecInterface, i64 %arg0_b4, void @empty_18, i32 0, i32 0, void @empty_47, i32 0, i32 0, void @empty_47, void @empty_47, void @empty_47, i32 0, i32 0, i32 0, i32 0, void @empty_47, void @empty_41, i32 4294967295, i32 0"   --->   Operation 105 'specinterface' 'specinterface_ln0' <Predicate = true> <Delay = 0.00>
ST_4 : Operation 106 [1/1] (0.00ns)   --->   "%specinterface_ln0 = specinterface void @_ssdm_op_SpecInterface, i64 %arg0_b5, void @empty_23, i32 0, i32 0, void @empty_47, i32 0, i32 0, void @empty_62, void @empty_13, void @empty_47, i32 0, i32 0, i32 0, i32 0, void @empty_47, void @empty_41, i32 4294967295, i32 0"   --->   Operation 106 'specinterface' 'specinterface_ln0' <Predicate = true> <Delay = 0.00>
ST_4 : Operation 107 [1/1] (0.00ns)   --->   "%specinterface_ln0 = specinterface void @_ssdm_op_SpecInterface, i64 %arg0_b5, void @empty_18, i32 0, i32 0, void @empty_47, i32 0, i32 0, void @empty_47, void @empty_47, void @empty_47, i32 0, i32 0, i32 0, i32 0, void @empty_47, void @empty_41, i32 4294967295, i32 0"   --->   Operation 107 'specinterface' 'specinterface_ln0' <Predicate = true> <Delay = 0.00>
ST_4 : Operation 108 [1/1] (0.00ns)   --->   "%specinterface_ln0 = specinterface void @_ssdm_op_SpecInterface, i64 %arg0_b6, void @empty_23, i32 0, i32 0, void @empty_47, i32 0, i32 0, void @empty_62, void @empty_55, void @empty_47, i32 0, i32 0, i32 0, i32 0, void @empty_47, void @empty_41, i32 4294967295, i32 0"   --->   Operation 108 'specinterface' 'specinterface_ln0' <Predicate = true> <Delay = 0.00>
ST_4 : Operation 109 [1/1] (0.00ns)   --->   "%specinterface_ln0 = specinterface void @_ssdm_op_SpecInterface, i64 %arg0_b6, void @empty_18, i32 0, i32 0, void @empty_47, i32 0, i32 0, void @empty_47, void @empty_47, void @empty_47, i32 0, i32 0, i32 0, i32 0, void @empty_47, void @empty_41, i32 4294967295, i32 0"   --->   Operation 109 'specinterface' 'specinterface_ln0' <Predicate = true> <Delay = 0.00>
ST_4 : Operation 110 [1/1] (0.00ns)   --->   "%specinterface_ln0 = specinterface void @_ssdm_op_SpecInterface, i64 %arg0_b7, void @empty_23, i32 0, i32 0, void @empty_47, i32 0, i32 0, void @empty_62, void @empty_63, void @empty_47, i32 0, i32 0, i32 0, i32 0, void @empty_47, void @empty_41, i32 4294967295, i32 0"   --->   Operation 110 'specinterface' 'specinterface_ln0' <Predicate = true> <Delay = 0.00>
ST_4 : Operation 111 [1/1] (0.00ns)   --->   "%specinterface_ln0 = specinterface void @_ssdm_op_SpecInterface, i64 %arg0_b7, void @empty_18, i32 0, i32 0, void @empty_47, i32 0, i32 0, void @empty_47, void @empty_47, void @empty_47, i32 0, i32 0, i32 0, i32 0, void @empty_47, void @empty_41, i32 4294967295, i32 0"   --->   Operation 111 'specinterface' 'specinterface_ln0' <Predicate = true> <Delay = 0.00>
ST_4 : Operation 112 [1/1] (0.00ns)   --->   "%specinterface_ln0 = specinterface void @_ssdm_op_SpecInterface, i64 %arg1_b0, void @empty_23, i32 0, i32 0, void @empty_47, i32 0, i32 0, void @empty_62, void @empty_26, void @empty_47, i32 0, i32 0, i32 0, i32 0, void @empty_47, void @empty_41, i32 4294967295, i32 0"   --->   Operation 112 'specinterface' 'specinterface_ln0' <Predicate = true> <Delay = 0.00>
ST_4 : Operation 113 [1/1] (0.00ns)   --->   "%specinterface_ln0 = specinterface void @_ssdm_op_SpecInterface, i64 %arg1_b0, void @empty_18, i32 0, i32 0, void @empty_47, i32 0, i32 0, void @empty_47, void @empty_47, void @empty_47, i32 0, i32 0, i32 0, i32 0, void @empty_47, void @empty_41, i32 4294967295, i32 0"   --->   Operation 113 'specinterface' 'specinterface_ln0' <Predicate = true> <Delay = 0.00>
ST_4 : Operation 114 [1/1] (0.00ns)   --->   "%specinterface_ln0 = specinterface void @_ssdm_op_SpecInterface, i64 %arg1_b1, void @empty_23, i32 0, i32 0, void @empty_47, i32 0, i32 0, void @empty_62, void @empty_16, void @empty_47, i32 0, i32 0, i32 0, i32 0, void @empty_47, void @empty_41, i32 4294967295, i32 0"   --->   Operation 114 'specinterface' 'specinterface_ln0' <Predicate = true> <Delay = 0.00>
ST_4 : Operation 115 [1/1] (0.00ns)   --->   "%specinterface_ln0 = specinterface void @_ssdm_op_SpecInterface, i64 %arg1_b1, void @empty_18, i32 0, i32 0, void @empty_47, i32 0, i32 0, void @empty_47, void @empty_47, void @empty_47, i32 0, i32 0, i32 0, i32 0, void @empty_47, void @empty_41, i32 4294967295, i32 0"   --->   Operation 115 'specinterface' 'specinterface_ln0' <Predicate = true> <Delay = 0.00>
ST_4 : Operation 116 [1/1] (0.00ns)   --->   "%specinterface_ln0 = specinterface void @_ssdm_op_SpecInterface, i64 %arg1_b2, void @empty_23, i32 0, i32 0, void @empty_47, i32 0, i32 0, void @empty_62, void @empty_33, void @empty_47, i32 0, i32 0, i32 0, i32 0, void @empty_47, void @empty_41, i32 4294967295, i32 0"   --->   Operation 116 'specinterface' 'specinterface_ln0' <Predicate = true> <Delay = 0.00>
ST_4 : Operation 117 [1/1] (0.00ns)   --->   "%specinterface_ln0 = specinterface void @_ssdm_op_SpecInterface, i64 %arg1_b2, void @empty_18, i32 0, i32 0, void @empty_47, i32 0, i32 0, void @empty_47, void @empty_47, void @empty_47, i32 0, i32 0, i32 0, i32 0, void @empty_47, void @empty_41, i32 4294967295, i32 0"   --->   Operation 117 'specinterface' 'specinterface_ln0' <Predicate = true> <Delay = 0.00>
ST_4 : Operation 118 [1/1] (0.00ns)   --->   "%specinterface_ln0 = specinterface void @_ssdm_op_SpecInterface, i64 %arg1_b3, void @empty_23, i32 0, i32 0, void @empty_47, i32 0, i32 0, void @empty_62, void @empty_42, void @empty_47, i32 0, i32 0, i32 0, i32 0, void @empty_47, void @empty_41, i32 4294967295, i32 0"   --->   Operation 118 'specinterface' 'specinterface_ln0' <Predicate = true> <Delay = 0.00>
ST_4 : Operation 119 [1/1] (0.00ns)   --->   "%specinterface_ln0 = specinterface void @_ssdm_op_SpecInterface, i64 %arg1_b3, void @empty_18, i32 0, i32 0, void @empty_47, i32 0, i32 0, void @empty_47, void @empty_47, void @empty_47, i32 0, i32 0, i32 0, i32 0, void @empty_47, void @empty_41, i32 4294967295, i32 0"   --->   Operation 119 'specinterface' 'specinterface_ln0' <Predicate = true> <Delay = 0.00>
ST_4 : Operation 120 [1/1] (0.00ns)   --->   "%specinterface_ln0 = specinterface void @_ssdm_op_SpecInterface, i64 %arg1_b4, void @empty_23, i32 0, i32 0, void @empty_47, i32 0, i32 0, void @empty_62, void @empty_54, void @empty_47, i32 0, i32 0, i32 0, i32 0, void @empty_47, void @empty_41, i32 4294967295, i32 0"   --->   Operation 120 'specinterface' 'specinterface_ln0' <Predicate = true> <Delay = 0.00>
ST_4 : Operation 121 [1/1] (0.00ns)   --->   "%specinterface_ln0 = specinterface void @_ssdm_op_SpecInterface, i64 %arg1_b4, void @empty_18, i32 0, i32 0, void @empty_47, i32 0, i32 0, void @empty_47, void @empty_47, void @empty_47, i32 0, i32 0, i32 0, i32 0, void @empty_47, void @empty_41, i32 4294967295, i32 0"   --->   Operation 121 'specinterface' 'specinterface_ln0' <Predicate = true> <Delay = 0.00>
ST_4 : Operation 122 [1/1] (0.00ns)   --->   "%specinterface_ln0 = specinterface void @_ssdm_op_SpecInterface, i64 %arg1_b5, void @empty_23, i32 0, i32 0, void @empty_47, i32 0, i32 0, void @empty_62, void @empty_53, void @empty_47, i32 0, i32 0, i32 0, i32 0, void @empty_47, void @empty_41, i32 4294967295, i32 0"   --->   Operation 122 'specinterface' 'specinterface_ln0' <Predicate = true> <Delay = 0.00>
ST_4 : Operation 123 [1/1] (0.00ns)   --->   "%specinterface_ln0 = specinterface void @_ssdm_op_SpecInterface, i64 %arg1_b5, void @empty_18, i32 0, i32 0, void @empty_47, i32 0, i32 0, void @empty_47, void @empty_47, void @empty_47, i32 0, i32 0, i32 0, i32 0, void @empty_47, void @empty_41, i32 4294967295, i32 0"   --->   Operation 123 'specinterface' 'specinterface_ln0' <Predicate = true> <Delay = 0.00>
ST_4 : Operation 124 [1/1] (0.00ns)   --->   "%specinterface_ln0 = specinterface void @_ssdm_op_SpecInterface, i64 %arg1_b6, void @empty_23, i32 0, i32 0, void @empty_47, i32 0, i32 0, void @empty_62, void @empty_12, void @empty_47, i32 0, i32 0, i32 0, i32 0, void @empty_47, void @empty_41, i32 4294967295, i32 0"   --->   Operation 124 'specinterface' 'specinterface_ln0' <Predicate = true> <Delay = 0.00>
ST_4 : Operation 125 [1/1] (0.00ns)   --->   "%specinterface_ln0 = specinterface void @_ssdm_op_SpecInterface, i64 %arg1_b6, void @empty_18, i32 0, i32 0, void @empty_47, i32 0, i32 0, void @empty_47, void @empty_47, void @empty_47, i32 0, i32 0, i32 0, i32 0, void @empty_47, void @empty_41, i32 4294967295, i32 0"   --->   Operation 125 'specinterface' 'specinterface_ln0' <Predicate = true> <Delay = 0.00>
ST_4 : Operation 126 [1/1] (0.00ns)   --->   "%specinterface_ln0 = specinterface void @_ssdm_op_SpecInterface, i64 %arg1_b7, void @empty_23, i32 0, i32 0, void @empty_47, i32 0, i32 0, void @empty_62, void @empty_39, void @empty_47, i32 0, i32 0, i32 0, i32 0, void @empty_47, void @empty_41, i32 4294967295, i32 0"   --->   Operation 126 'specinterface' 'specinterface_ln0' <Predicate = true> <Delay = 0.00>
ST_4 : Operation 127 [1/1] (0.00ns)   --->   "%specinterface_ln0 = specinterface void @_ssdm_op_SpecInterface, i64 %arg1_b7, void @empty_18, i32 0, i32 0, void @empty_47, i32 0, i32 0, void @empty_47, void @empty_47, void @empty_47, i32 0, i32 0, i32 0, i32 0, void @empty_47, void @empty_41, i32 4294967295, i32 0"   --->   Operation 127 'specinterface' 'specinterface_ln0' <Predicate = true> <Delay = 0.00>
ST_4 : Operation 128 [1/1] (0.00ns)   --->   "%specinterface_ln0 = specinterface void @_ssdm_op_SpecInterface, i256 %arg0_axis_out_V_data_V, i32 %arg0_axis_out_V_keep_V, i32 %arg0_axis_out_V_strb_V, i1 %arg0_axis_out_V_last_V, void @empty_48, i32 1, i32 1, void @empty_27, i32 0, i32 0, void @empty_47, void @empty_47, void @empty_47, i32 0, i32 0, i32 0, i32 0, void @empty_47, void @empty_47, i32 4294967295, i32 0"   --->   Operation 128 'specinterface' 'specinterface_ln0' <Predicate = true> <Delay = 0.00>
ST_4 : Operation 129 [1/1] (0.00ns)   --->   "%specbitsmap_ln0 = specbitsmap void @_ssdm_op_SpecBitsMap, i256 %arg0_axis_out_V_data_V"   --->   Operation 129 'specbitsmap' 'specbitsmap_ln0' <Predicate = true> <Delay = 0.00>
ST_4 : Operation 130 [1/1] (0.00ns)   --->   "%specbitsmap_ln0 = specbitsmap void @_ssdm_op_SpecBitsMap, i32 %arg0_axis_out_V_keep_V"   --->   Operation 130 'specbitsmap' 'specbitsmap_ln0' <Predicate = true> <Delay = 0.00>
ST_4 : Operation 131 [1/1] (0.00ns)   --->   "%specbitsmap_ln0 = specbitsmap void @_ssdm_op_SpecBitsMap, i32 %arg0_axis_out_V_strb_V"   --->   Operation 131 'specbitsmap' 'specbitsmap_ln0' <Predicate = true> <Delay = 0.00>
ST_4 : Operation 132 [1/1] (0.00ns)   --->   "%specbitsmap_ln0 = specbitsmap void @_ssdm_op_SpecBitsMap, i1 %arg0_axis_out_V_last_V"   --->   Operation 132 'specbitsmap' 'specbitsmap_ln0' <Predicate = true> <Delay = 0.00>
ST_4 : Operation 133 [1/1] (0.00ns)   --->   "%specinterface_ln0 = specinterface void @_ssdm_op_SpecInterface, i256 %arg1_axis_in_V_data_V, i32 %arg1_axis_in_V_keep_V, i32 %arg1_axis_in_V_strb_V, i1 %arg1_axis_in_V_last_V, void @empty_48, i32 1, i32 1, void @empty_27, i32 0, i32 0, void @empty_47, void @empty_47, void @empty_47, i32 0, i32 0, i32 0, i32 0, void @empty_47, void @empty_47, i32 4294967295, i32 0"   --->   Operation 133 'specinterface' 'specinterface_ln0' <Predicate = true> <Delay = 0.00>
ST_4 : Operation 134 [1/1] (0.00ns)   --->   "%specbitsmap_ln0 = specbitsmap void @_ssdm_op_SpecBitsMap, i256 %arg1_axis_in_V_data_V"   --->   Operation 134 'specbitsmap' 'specbitsmap_ln0' <Predicate = true> <Delay = 0.00>
ST_4 : Operation 135 [1/1] (0.00ns)   --->   "%specbitsmap_ln0 = specbitsmap void @_ssdm_op_SpecBitsMap, i32 %arg1_axis_in_V_keep_V"   --->   Operation 135 'specbitsmap' 'specbitsmap_ln0' <Predicate = true> <Delay = 0.00>
ST_4 : Operation 136 [1/1] (0.00ns)   --->   "%specbitsmap_ln0 = specbitsmap void @_ssdm_op_SpecBitsMap, i32 %arg1_axis_in_V_strb_V"   --->   Operation 136 'specbitsmap' 'specbitsmap_ln0' <Predicate = true> <Delay = 0.00>
ST_4 : Operation 137 [1/1] (0.00ns)   --->   "%specbitsmap_ln0 = specbitsmap void @_ssdm_op_SpecBitsMap, i1 %arg1_axis_in_V_last_V"   --->   Operation 137 'specbitsmap' 'specbitsmap_ln0' <Predicate = true> <Delay = 0.00>
ST_4 : Operation 138 [1/1] (0.00ns)   --->   "%specinterface_ln0 = specinterface void @_ssdm_op_SpecInterface, i32 0, void @empty_23, i32 0, i32 0, void @empty_47, i32 0, i32 0, void @empty_62, void @empty_47, void @empty_47, i32 0, i32 0, i32 0, i32 0, void @empty_47, void @empty_47, i32 4294967295, i32 0"   --->   Operation 138 'specinterface' 'specinterface_ln0' <Predicate = true> <Delay = 0.00>
ST_4 : Operation 139 [1/1] (1.00ns)   --->   "%arg1_b7_read = read i64 @_ssdm_op_Read.s_axilite.i64, i64 %arg1_b7" [/scratch/hpc-prf-acgasm/beniel/ops-hls-batching-tiling-artifacts/codegen_apps/tiling/poisson2d/u280_project/maxtile_8192_p60/hls/device/src/datamover_outerloop_0.cpp:333]   --->   Operation 139 'read' 'arg1_b7_read' <Predicate = true> <Delay = 1.00> <CoreInst = "s_axilite">   --->   Core 122 's_axilite' <Latency = 0> <II = 1> <Delay = 1.00> <Adapter> <Opcode : 'read' 'write'>
ST_4 : Operation 140 [1/1] (1.00ns)   --->   "%arg1_b6_read = read i64 @_ssdm_op_Read.s_axilite.i64, i64 %arg1_b6" [/scratch/hpc-prf-acgasm/beniel/ops-hls-batching-tiling-artifacts/codegen_apps/tiling/poisson2d/u280_project/maxtile_8192_p60/hls/device/src/datamover_outerloop_0.cpp:333]   --->   Operation 140 'read' 'arg1_b6_read' <Predicate = true> <Delay = 1.00> <CoreInst = "s_axilite">   --->   Core 122 's_axilite' <Latency = 0> <II = 1> <Delay = 1.00> <Adapter> <Opcode : 'read' 'write'>
ST_4 : Operation 141 [1/1] (1.00ns)   --->   "%arg1_b5_read = read i64 @_ssdm_op_Read.s_axilite.i64, i64 %arg1_b5" [/scratch/hpc-prf-acgasm/beniel/ops-hls-batching-tiling-artifacts/codegen_apps/tiling/poisson2d/u280_project/maxtile_8192_p60/hls/device/src/datamover_outerloop_0.cpp:333]   --->   Operation 141 'read' 'arg1_b5_read' <Predicate = true> <Delay = 1.00> <CoreInst = "s_axilite">   --->   Core 122 's_axilite' <Latency = 0> <II = 1> <Delay = 1.00> <Adapter> <Opcode : 'read' 'write'>
ST_4 : Operation 142 [1/1] (1.00ns)   --->   "%arg1_b4_read = read i64 @_ssdm_op_Read.s_axilite.i64, i64 %arg1_b4" [/scratch/hpc-prf-acgasm/beniel/ops-hls-batching-tiling-artifacts/codegen_apps/tiling/poisson2d/u280_project/maxtile_8192_p60/hls/device/src/datamover_outerloop_0.cpp:333]   --->   Operation 142 'read' 'arg1_b4_read' <Predicate = true> <Delay = 1.00> <CoreInst = "s_axilite">   --->   Core 122 's_axilite' <Latency = 0> <II = 1> <Delay = 1.00> <Adapter> <Opcode : 'read' 'write'>
ST_4 : Operation 143 [1/1] (1.00ns)   --->   "%arg1_b3_read = read i64 @_ssdm_op_Read.s_axilite.i64, i64 %arg1_b3" [/scratch/hpc-prf-acgasm/beniel/ops-hls-batching-tiling-artifacts/codegen_apps/tiling/poisson2d/u280_project/maxtile_8192_p60/hls/device/src/datamover_outerloop_0.cpp:333]   --->   Operation 143 'read' 'arg1_b3_read' <Predicate = true> <Delay = 1.00> <CoreInst = "s_axilite">   --->   Core 122 's_axilite' <Latency = 0> <II = 1> <Delay = 1.00> <Adapter> <Opcode : 'read' 'write'>
ST_4 : Operation 144 [1/1] (1.00ns)   --->   "%arg1_b2_read = read i64 @_ssdm_op_Read.s_axilite.i64, i64 %arg1_b2" [/scratch/hpc-prf-acgasm/beniel/ops-hls-batching-tiling-artifacts/codegen_apps/tiling/poisson2d/u280_project/maxtile_8192_p60/hls/device/src/datamover_outerloop_0.cpp:333]   --->   Operation 144 'read' 'arg1_b2_read' <Predicate = true> <Delay = 1.00> <CoreInst = "s_axilite">   --->   Core 122 's_axilite' <Latency = 0> <II = 1> <Delay = 1.00> <Adapter> <Opcode : 'read' 'write'>
ST_4 : Operation 145 [1/1] (1.00ns)   --->   "%arg1_b1_read = read i64 @_ssdm_op_Read.s_axilite.i64, i64 %arg1_b1" [/scratch/hpc-prf-acgasm/beniel/ops-hls-batching-tiling-artifacts/codegen_apps/tiling/poisson2d/u280_project/maxtile_8192_p60/hls/device/src/datamover_outerloop_0.cpp:333]   --->   Operation 145 'read' 'arg1_b1_read' <Predicate = true> <Delay = 1.00> <CoreInst = "s_axilite">   --->   Core 122 's_axilite' <Latency = 0> <II = 1> <Delay = 1.00> <Adapter> <Opcode : 'read' 'write'>
ST_4 : Operation 146 [1/1] (1.00ns)   --->   "%arg1_b0_read = read i64 @_ssdm_op_Read.s_axilite.i64, i64 %arg1_b0" [/scratch/hpc-prf-acgasm/beniel/ops-hls-batching-tiling-artifacts/codegen_apps/tiling/poisson2d/u280_project/maxtile_8192_p60/hls/device/src/datamover_outerloop_0.cpp:333]   --->   Operation 146 'read' 'arg1_b0_read' <Predicate = true> <Delay = 1.00> <CoreInst = "s_axilite">   --->   Core 122 's_axilite' <Latency = 0> <II = 1> <Delay = 1.00> <Adapter> <Opcode : 'read' 'write'>
ST_4 : Operation 147 [1/1] (1.00ns)   --->   "%arg0_b7_read = read i64 @_ssdm_op_Read.s_axilite.i64, i64 %arg0_b7" [/scratch/hpc-prf-acgasm/beniel/ops-hls-batching-tiling-artifacts/codegen_apps/tiling/poisson2d/u280_project/maxtile_8192_p60/hls/device/src/datamover_outerloop_0.cpp:333]   --->   Operation 147 'read' 'arg0_b7_read' <Predicate = true> <Delay = 1.00> <CoreInst = "s_axilite">   --->   Core 122 's_axilite' <Latency = 0> <II = 1> <Delay = 1.00> <Adapter> <Opcode : 'read' 'write'>
ST_4 : Operation 148 [1/1] (1.00ns)   --->   "%arg0_b6_read = read i64 @_ssdm_op_Read.s_axilite.i64, i64 %arg0_b6" [/scratch/hpc-prf-acgasm/beniel/ops-hls-batching-tiling-artifacts/codegen_apps/tiling/poisson2d/u280_project/maxtile_8192_p60/hls/device/src/datamover_outerloop_0.cpp:333]   --->   Operation 148 'read' 'arg0_b6_read' <Predicate = true> <Delay = 1.00> <CoreInst = "s_axilite">   --->   Core 122 's_axilite' <Latency = 0> <II = 1> <Delay = 1.00> <Adapter> <Opcode : 'read' 'write'>
ST_4 : Operation 149 [1/1] (1.00ns)   --->   "%arg0_b5_read = read i64 @_ssdm_op_Read.s_axilite.i64, i64 %arg0_b5" [/scratch/hpc-prf-acgasm/beniel/ops-hls-batching-tiling-artifacts/codegen_apps/tiling/poisson2d/u280_project/maxtile_8192_p60/hls/device/src/datamover_outerloop_0.cpp:333]   --->   Operation 149 'read' 'arg0_b5_read' <Predicate = true> <Delay = 1.00> <CoreInst = "s_axilite">   --->   Core 122 's_axilite' <Latency = 0> <II = 1> <Delay = 1.00> <Adapter> <Opcode : 'read' 'write'>
ST_4 : Operation 150 [1/1] (1.00ns)   --->   "%arg0_b4_read = read i64 @_ssdm_op_Read.s_axilite.i64, i64 %arg0_b4" [/scratch/hpc-prf-acgasm/beniel/ops-hls-batching-tiling-artifacts/codegen_apps/tiling/poisson2d/u280_project/maxtile_8192_p60/hls/device/src/datamover_outerloop_0.cpp:333]   --->   Operation 150 'read' 'arg0_b4_read' <Predicate = true> <Delay = 1.00> <CoreInst = "s_axilite">   --->   Core 122 's_axilite' <Latency = 0> <II = 1> <Delay = 1.00> <Adapter> <Opcode : 'read' 'write'>
ST_4 : Operation 151 [1/1] (1.00ns)   --->   "%arg0_b3_read = read i64 @_ssdm_op_Read.s_axilite.i64, i64 %arg0_b3" [/scratch/hpc-prf-acgasm/beniel/ops-hls-batching-tiling-artifacts/codegen_apps/tiling/poisson2d/u280_project/maxtile_8192_p60/hls/device/src/datamover_outerloop_0.cpp:333]   --->   Operation 151 'read' 'arg0_b3_read' <Predicate = true> <Delay = 1.00> <CoreInst = "s_axilite">   --->   Core 122 's_axilite' <Latency = 0> <II = 1> <Delay = 1.00> <Adapter> <Opcode : 'read' 'write'>
ST_4 : Operation 152 [1/1] (1.00ns)   --->   "%arg0_b2_read = read i64 @_ssdm_op_Read.s_axilite.i64, i64 %arg0_b2" [/scratch/hpc-prf-acgasm/beniel/ops-hls-batching-tiling-artifacts/codegen_apps/tiling/poisson2d/u280_project/maxtile_8192_p60/hls/device/src/datamover_outerloop_0.cpp:333]   --->   Operation 152 'read' 'arg0_b2_read' <Predicate = true> <Delay = 1.00> <CoreInst = "s_axilite">   --->   Core 122 's_axilite' <Latency = 0> <II = 1> <Delay = 1.00> <Adapter> <Opcode : 'read' 'write'>
ST_4 : Operation 153 [1/1] (1.00ns)   --->   "%arg0_b1_read = read i64 @_ssdm_op_Read.s_axilite.i64, i64 %arg0_b1" [/scratch/hpc-prf-acgasm/beniel/ops-hls-batching-tiling-artifacts/codegen_apps/tiling/poisson2d/u280_project/maxtile_8192_p60/hls/device/src/datamover_outerloop_0.cpp:333]   --->   Operation 153 'read' 'arg0_b1_read' <Predicate = true> <Delay = 1.00> <CoreInst = "s_axilite">   --->   Core 122 's_axilite' <Latency = 0> <II = 1> <Delay = 1.00> <Adapter> <Opcode : 'read' 'write'>
ST_4 : Operation 154 [1/1] (1.00ns)   --->   "%arg0_b0_read = read i64 @_ssdm_op_Read.s_axilite.i64, i64 %arg0_b0" [/scratch/hpc-prf-acgasm/beniel/ops-hls-batching-tiling-artifacts/codegen_apps/tiling/poisson2d/u280_project/maxtile_8192_p60/hls/device/src/datamover_outerloop_0.cpp:333]   --->   Operation 154 'read' 'arg0_b0_read' <Predicate = true> <Delay = 1.00> <CoreInst = "s_axilite">   --->   Core 122 's_axilite' <Latency = 0> <II = 1> <Delay = 1.00> <Adapter> <Opcode : 'read' 'write'>
ST_4 : Operation 155 [1/1] (1.00ns)   --->   "%total_xblocks_read = read i32 @_ssdm_op_Read.ap_none.i32, i32 %total_xblocks" [/scratch/hpc-prf-acgasm/beniel/ops-hls-batching-tiling-artifacts/codegen_apps/tiling/poisson2d/u280_project/maxtile_8192_p60/hls/device/src/datamover_outerloop_0.cpp:333]   --->   Operation 155 'read' 'total_xblocks_read' <Predicate = true> <Delay = 1.00> <CoreInst = "s_axilite">   --->   Core 122 's_axilite' <Latency = 0> <II = 1> <Delay = 1.00> <Adapter> <Opcode : 'read' 'write'>
ST_4 : Operation 156 [1/1] (1.00ns)   --->   "%tile_count_x_read = read i16 @_ssdm_op_Read.ap_none.i16, i16 %tile_count_x" [/scratch/hpc-prf-acgasm/beniel/ops-hls-batching-tiling-artifacts/codegen_apps/tiling/poisson2d/u280_project/maxtile_8192_p60/hls/device/src/datamover_outerloop_0.cpp:333]   --->   Operation 156 'read' 'tile_count_x_read' <Predicate = true> <Delay = 1.00> <CoreInst = "s_axilite">   --->   Core 122 's_axilite' <Latency = 0> <II = 1> <Delay = 1.00> <Adapter> <Opcode : 'read' 'write'>
ST_4 : Operation 157 [1/1] (1.00ns)   --->   "%last_tile_size_x_read = read i16 @_ssdm_op_Read.ap_none.i16, i16 %last_tile_size_x" [/scratch/hpc-prf-acgasm/beniel/ops-hls-batching-tiling-artifacts/codegen_apps/tiling/poisson2d/u280_project/maxtile_8192_p60/hls/device/src/datamover_outerloop_0.cpp:333]   --->   Operation 157 'read' 'last_tile_size_x_read' <Predicate = true> <Delay = 1.00> <CoreInst = "s_axilite">   --->   Core 122 's_axilite' <Latency = 0> <II = 1> <Delay = 1.00> <Adapter> <Opcode : 'read' 'write'>
ST_4 : Operation 158 [1/1] (1.00ns)   --->   "%effective_tile_size_x_read = read i16 @_ssdm_op_Read.ap_none.i16, i16 %effective_tile_size_x" [/scratch/hpc-prf-acgasm/beniel/ops-hls-batching-tiling-artifacts/codegen_apps/tiling/poisson2d/u280_project/maxtile_8192_p60/hls/device/src/datamover_outerloop_0.cpp:333]   --->   Operation 158 'read' 'effective_tile_size_x_read' <Predicate = true> <Delay = 1.00> <CoreInst = "s_axilite">   --->   Core 122 's_axilite' <Latency = 0> <II = 1> <Delay = 1.00> <Adapter> <Opcode : 'read' 'write'>
ST_4 : Operation 159 [1/1] (1.00ns)   --->   "%overlap_size_x_read = read i16 @_ssdm_op_Read.ap_none.i16, i16 %overlap_size_x" [/scratch/hpc-prf-acgasm/beniel/ops-hls-batching-tiling-artifacts/codegen_apps/tiling/poisson2d/u280_project/maxtile_8192_p60/hls/device/src/datamover_outerloop_0.cpp:333]   --->   Operation 159 'read' 'overlap_size_x_read' <Predicate = true> <Delay = 1.00> <CoreInst = "s_axilite">   --->   Core 122 's_axilite' <Latency = 0> <II = 1> <Delay = 1.00> <Adapter> <Opcode : 'read' 'write'>
ST_4 : Operation 160 [1/1] (1.00ns)   --->   "%tile_size_x_read = read i16 @_ssdm_op_Read.ap_none.i16, i16 %tile_size_x" [/scratch/hpc-prf-acgasm/beniel/ops-hls-batching-tiling-artifacts/codegen_apps/tiling/poisson2d/u280_project/maxtile_8192_p60/hls/device/src/datamover_outerloop_0.cpp:333]   --->   Operation 160 'read' 'tile_size_x_read' <Predicate = true> <Delay = 1.00> <CoreInst = "s_axilite">   --->   Core 122 's_axilite' <Latency = 0> <II = 1> <Delay = 1.00> <Adapter> <Opcode : 'read' 'write'>
ST_4 : Operation 161 [1/1] (1.00ns)   --->   "%outer_itr_read = read i32 @_ssdm_op_Read.ap_none.i32, i32 %outer_itr" [/scratch/hpc-prf-acgasm/beniel/ops-hls-batching-tiling-artifacts/codegen_apps/tiling/poisson2d/u280_project/maxtile_8192_p60/hls/device/src/datamover_outerloop_0.cpp:333]   --->   Operation 161 'read' 'outer_itr_read' <Predicate = true> <Delay = 1.00> <CoreInst = "s_axilite">   --->   Core 122 's_axilite' <Latency = 0> <II = 1> <Delay = 1.00> <Adapter> <Opcode : 'read' 'write'>
ST_4 : Operation 162 [1/1] (1.00ns)   --->   "%gridSize_1_read = read i16 @_ssdm_op_Read.ap_none.i16, i16 %gridSize_1" [/scratch/hpc-prf-acgasm/beniel/ops-hls-batching-tiling-artifacts/codegen_apps/tiling/poisson2d/u280_project/maxtile_8192_p60/hls/device/src/datamover_outerloop_0.cpp:333]   --->   Operation 162 'read' 'gridSize_1_read' <Predicate = true> <Delay = 1.00> <CoreInst = "s_axilite">   --->   Core 122 's_axilite' <Latency = 0> <II = 1> <Delay = 1.00> <Adapter> <Opcode : 'read' 'write'>
ST_4 : Operation 163 [1/2] (0.64ns) (root node of the DSP)   --->   "%config_start_offset = add i32 %mul_ln447, i32 %zext_ln412" [/pc2/users/a/acgasm01/scratch/beniel/ops-hls-batching-tiling-artifacts/OPS/ops/hls/include/device/../../common/include/ops_hls_common_memconfig.hpp:447]   --->   Operation 163 'add' 'config_start_offset' <Predicate = true> <Delay = 0.64> <CoreInst = "DSP48">   --->   Core 127 'DSP48' <Latency = 3> <II = 1> <Delay = 0.53> <IPBlock> <Opcode : 'mul' 'add' 'sub' 'select'> <InPorts = 0> <OutPorts = 1> <Sync> <CReg>
ST_4 : Operation 164 [1/1] (0.00ns)   --->   "%trunc_ln = partselect i31 @_ssdm_op_PartSelect.i31.i32.i32.i32, i32 %outer_itr_read, i32 1, i32 31" [/scratch/hpc-prf-acgasm/beniel/ops-hls-batching-tiling-artifacts/codegen_apps/tiling/poisson2d/u280_project/maxtile_8192_p60/hls/device/src/datamover_outerloop_0.cpp:273]   --->   Operation 164 'partselect' 'trunc_ln' <Predicate = true> <Delay = 0.00>
ST_4 : Operation 165 [1/1] (0.00ns)   --->   "%specaxissidechannel_ln274 = specaxissidechannel void @_ssdm_op_SpecAXISSideChannel, i256 %arg1_axis_in_V_data_V, i32 %arg1_axis_in_V_keep_V, i32 %arg1_axis_in_V_strb_V, i1 0, i1 %arg1_axis_in_V_last_V, i1 0, i1 0, void @empty_17" [/scratch/hpc-prf-acgasm/beniel/ops-hls-batching-tiling-artifacts/codegen_apps/tiling/poisson2d/u280_project/maxtile_8192_p60/hls/device/src/datamover_outerloop_0.cpp:274]   --->   Operation 165 'specaxissidechannel' 'specaxissidechannel_ln274' <Predicate = true> <Delay = 0.00>
ST_4 : Operation 166 [1/1] (0.00ns)   --->   "%specaxissidechannel_ln274 = specaxissidechannel void @_ssdm_op_SpecAXISSideChannel, i256 %arg0_axis_out_V_data_V, i32 %arg0_axis_out_V_keep_V, i32 %arg0_axis_out_V_strb_V, i1 0, i1 %arg0_axis_out_V_last_V, i1 0, i1 0, void @empty_25" [/scratch/hpc-prf-acgasm/beniel/ops-hls-batching-tiling-artifacts/codegen_apps/tiling/poisson2d/u280_project/maxtile_8192_p60/hls/device/src/datamover_outerloop_0.cpp:274]   --->   Operation 166 'specaxissidechannel' 'specaxissidechannel_ln274' <Predicate = true> <Delay = 0.00>
ST_4 : Operation 167 [1/1] (0.00ns)   --->   "%br_ln274 = br void %for.inc.i" [/scratch/hpc-prf-acgasm/beniel/ops-hls-batching-tiling-artifacts/codegen_apps/tiling/poisson2d/u280_project/maxtile_8192_p60/hls/device/src/datamover_outerloop_0.cpp:274]   --->   Operation 167 'br' 'br_ln274' <Predicate = true> <Delay = 0.00>

State 5 <SV = 4> <Delay = 2.10>
ST_5 : Operation 168 [1/1] (0.00ns)   --->   "%i_4 = load i31 %i" [/scratch/hpc-prf-acgasm/beniel/ops-hls-batching-tiling-artifacts/codegen_apps/tiling/poisson2d/u280_project/maxtile_8192_p60/hls/device/src/datamover_outerloop_0.cpp:274]   --->   Operation 168 'load' 'i_4' <Predicate = true> <Delay = 0.00>
ST_5 : Operation 169 [1/1] (0.84ns)   --->   "%icmp_ln274 = icmp_eq  i31 %i_4, i31 %trunc_ln" [/scratch/hpc-prf-acgasm/beniel/ops-hls-batching-tiling-artifacts/codegen_apps/tiling/poisson2d/u280_project/maxtile_8192_p60/hls/device/src/datamover_outerloop_0.cpp:274]   --->   Operation 169 'icmp' 'icmp_ln274' <Predicate = true> <Delay = 0.84> <CoreInst = "Cmp">   --->   Core 9 'Cmp' <Latency = 0> <II = 1> <Delay = 0.84> <FuncUnit> <Opcode : 'icmp'> <InPorts = 2> <OutPorts = 1>
ST_5 : Operation 170 [1/1] (0.87ns)   --->   "%i_5 = add i31 %i_4, i31 1" [/scratch/hpc-prf-acgasm/beniel/ops-hls-batching-tiling-artifacts/codegen_apps/tiling/poisson2d/u280_project/maxtile_8192_p60/hls/device/src/datamover_outerloop_0.cpp:274]   --->   Operation 170 'add' 'i_5' <Predicate = true> <Delay = 0.87> <CoreInst = "Adder">   --->   Core 1 'Adder' <Latency = 0> <II = 1> <Delay = 0.87> <FuncUnit> <Opcode : 'add' 'sub'> <InPorts = 2> <OutPorts = 1>
ST_5 : Operation 171 [1/1] (0.00ns)   --->   "%br_ln274 = br i1 %icmp_ln274, void %for.inc.i.split, void %_ZL41datamover_outerloop_0_dataflow_read_writejjRKN3ops3hls13MemConfigTileEP7ap_uintILi256EES6_S6_S6_S6_S6_S6_S6_S6_S6_S6_S6_S6_S6_S6_S6_RN3hls6streamINS7_4axisIS5_Lm0ELm0ELm0EEELi0EEESC_.exit.loopexit" [/scratch/hpc-prf-acgasm/beniel/ops-hls-batching-tiling-artifacts/codegen_apps/tiling/poisson2d/u280_project/maxtile_8192_p60/hls/device/src/datamover_outerloop_0.cpp:274]   --->   Operation 171 'br' 'br_ln274' <Predicate = true> <Delay = 0.00>
ST_5 : Operation 172 [2/2] (1.25ns)   --->   "%call_ln281 = call void @datamover_outerloop_0_dataflow_read_write_dataflow_region, i32 %total_xblocks_read, i13 %config_grid_xblocks, i16 %gridSize_1_read, i16 %tile_count_x_read, i16 %tile_size_x_read, i16 %overlap_size_x_read, i16 %effective_tile_size_x_read, i16 %last_tile_size_x_read, i32 %config_start_offset, i256 %gmem0, i64 %arg0_b0_read, i256 %gmem1, i64 %arg0_b1_read, i256 %gmem2, i64 %arg0_b2_read, i256 %gmem3, i64 %arg0_b3_read, i256 %gmem4, i64 %arg0_b4_read, i256 %gmem5, i64 %arg0_b5_read, i256 %gmem6, i64 %arg0_b6_read, i256 %gmem7, i64 %arg0_b7_read, i256 %gmem8, i64 %arg1_b0_read, i256 %gmem9, i64 %arg1_b1_read, i256 %gmem10, i64 %arg1_b2_read, i256 %gmem11, i64 %arg1_b3_read, i256 %gmem12, i64 %arg1_b4_read, i256 %gmem13, i64 %arg1_b5_read, i256 %gmem14, i64 %arg1_b6_read, i256 %gmem15, i64 %arg1_b7_read, i256 %arg0_axis_out_V_data_V, i32 %arg0_axis_out_V_keep_V, i32 %arg0_axis_out_V_strb_V, i1 %arg0_axis_out_V_last_V, i256 %arg1_axis_in_V_data_V, i32 %arg1_axis_in_V_keep_V, i32 %arg1_axis_in_V_strb_V, i1 %arg1_axis_in_V_last_V" [/scratch/hpc-prf-acgasm/beniel/ops-hls-batching-tiling-artifacts/codegen_apps/tiling/poisson2d/u280_project/maxtile_8192_p60/hls/device/src/datamover_outerloop_0.cpp:281]   --->   Operation 172 'call' 'call_ln281' <Predicate = (!icmp_ln274)> <Delay = 1.25> <CoreType = "Generic">   --->   Core 0 '' <Latency = 0> <II = 1> <Delay = 1.00> <Generic> <Opcode : >
ST_5 : Operation 173 [1/1] (0.38ns)   --->   "%store_ln274 = store i31 %i_5, i31 %i" [/scratch/hpc-prf-acgasm/beniel/ops-hls-batching-tiling-artifacts/codegen_apps/tiling/poisson2d/u280_project/maxtile_8192_p60/hls/device/src/datamover_outerloop_0.cpp:274]   --->   Operation 173 'store' 'store_ln274' <Predicate = (!icmp_ln274)> <Delay = 0.38>

State 6 <SV = 5> <Delay = 0.00>
ST_6 : Operation 174 [1/2] (0.00ns)   --->   "%call_ln281 = call void @datamover_outerloop_0_dataflow_read_write_dataflow_region, i32 %total_xblocks_read, i13 %config_grid_xblocks, i16 %gridSize_1_read, i16 %tile_count_x_read, i16 %tile_size_x_read, i16 %overlap_size_x_read, i16 %effective_tile_size_x_read, i16 %last_tile_size_x_read, i32 %config_start_offset, i256 %gmem0, i64 %arg0_b0_read, i256 %gmem1, i64 %arg0_b1_read, i256 %gmem2, i64 %arg0_b2_read, i256 %gmem3, i64 %arg0_b3_read, i256 %gmem4, i64 %arg0_b4_read, i256 %gmem5, i64 %arg0_b5_read, i256 %gmem6, i64 %arg0_b6_read, i256 %gmem7, i64 %arg0_b7_read, i256 %gmem8, i64 %arg1_b0_read, i256 %gmem9, i64 %arg1_b1_read, i256 %gmem10, i64 %arg1_b2_read, i256 %gmem11, i64 %arg1_b3_read, i256 %gmem12, i64 %arg1_b4_read, i256 %gmem13, i64 %arg1_b5_read, i256 %gmem14, i64 %arg1_b6_read, i256 %gmem15, i64 %arg1_b7_read, i256 %arg0_axis_out_V_data_V, i32 %arg0_axis_out_V_keep_V, i32 %arg0_axis_out_V_strb_V, i1 %arg0_axis_out_V_last_V, i256 %arg1_axis_in_V_data_V, i32 %arg1_axis_in_V_keep_V, i32 %arg1_axis_in_V_strb_V, i1 %arg1_axis_in_V_last_V" [/scratch/hpc-prf-acgasm/beniel/ops-hls-batching-tiling-artifacts/codegen_apps/tiling/poisson2d/u280_project/maxtile_8192_p60/hls/device/src/datamover_outerloop_0.cpp:281]   --->   Operation 174 'call' 'call_ln281' <Predicate = true> <Delay = 0.00> <CoreType = "Generic">   --->   Core 0 '' <Latency = 0> <II = 1> <Delay = 1.00> <Generic> <Opcode : >

State 7 <SV = 6> <Delay = 1.25>
ST_7 : Operation 175 [2/2] (1.25ns)   --->   "%call_ln306 = call void @datamover_outerloop_0_dataflow_read_write_dataflow_region, i32 %total_xblocks_read, i13 %config_grid_xblocks, i16 %gridSize_1_read, i16 %tile_count_x_read, i16 %tile_size_x_read, i16 %overlap_size_x_read, i16 %effective_tile_size_x_read, i16 %last_tile_size_x_read, i32 %config_start_offset, i256 %gmem8, i64 %arg1_b0_read, i256 %gmem9, i64 %arg1_b1_read, i256 %gmem10, i64 %arg1_b2_read, i256 %gmem11, i64 %arg1_b3_read, i256 %gmem12, i64 %arg1_b4_read, i256 %gmem13, i64 %arg1_b5_read, i256 %gmem14, i64 %arg1_b6_read, i256 %gmem15, i64 %arg1_b7_read, i256 %gmem0, i64 %arg0_b0_read, i256 %gmem1, i64 %arg0_b1_read, i256 %gmem2, i64 %arg0_b2_read, i256 %gmem3, i64 %arg0_b3_read, i256 %gmem4, i64 %arg0_b4_read, i256 %gmem5, i64 %arg0_b5_read, i256 %gmem6, i64 %arg0_b6_read, i256 %gmem7, i64 %arg0_b7_read, i256 %arg0_axis_out_V_data_V, i32 %arg0_axis_out_V_keep_V, i32 %arg0_axis_out_V_strb_V, i1 %arg0_axis_out_V_last_V, i256 %arg1_axis_in_V_data_V, i32 %arg1_axis_in_V_keep_V, i32 %arg1_axis_in_V_strb_V, i1 %arg1_axis_in_V_last_V" [/scratch/hpc-prf-acgasm/beniel/ops-hls-batching-tiling-artifacts/codegen_apps/tiling/poisson2d/u280_project/maxtile_8192_p60/hls/device/src/datamover_outerloop_0.cpp:306]   --->   Operation 175 'call' 'call_ln306' <Predicate = true> <Delay = 1.25> <CoreType = "Generic">   --->   Core 0 '' <Latency = 0> <II = 1> <Delay = 1.00> <Generic> <Opcode : >

State 8 <SV = 7> <Delay = 0.00>
ST_8 : Operation 176 [1/1] (0.00ns)   --->   "%specloopname_ln274 = specloopname void @_ssdm_op_SpecLoopName, void @empty_21" [/scratch/hpc-prf-acgasm/beniel/ops-hls-batching-tiling-artifacts/codegen_apps/tiling/poisson2d/u280_project/maxtile_8192_p60/hls/device/src/datamover_outerloop_0.cpp:274]   --->   Operation 176 'specloopname' 'specloopname_ln274' <Predicate = true> <Delay = 0.00>
ST_8 : Operation 177 [1/2] (0.00ns)   --->   "%call_ln306 = call void @datamover_outerloop_0_dataflow_read_write_dataflow_region, i32 %total_xblocks_read, i13 %config_grid_xblocks, i16 %gridSize_1_read, i16 %tile_count_x_read, i16 %tile_size_x_read, i16 %overlap_size_x_read, i16 %effective_tile_size_x_read, i16 %last_tile_size_x_read, i32 %config_start_offset, i256 %gmem8, i64 %arg1_b0_read, i256 %gmem9, i64 %arg1_b1_read, i256 %gmem10, i64 %arg1_b2_read, i256 %gmem11, i64 %arg1_b3_read, i256 %gmem12, i64 %arg1_b4_read, i256 %gmem13, i64 %arg1_b5_read, i256 %gmem14, i64 %arg1_b6_read, i256 %gmem15, i64 %arg1_b7_read, i256 %gmem0, i64 %arg0_b0_read, i256 %gmem1, i64 %arg0_b1_read, i256 %gmem2, i64 %arg0_b2_read, i256 %gmem3, i64 %arg0_b3_read, i256 %gmem4, i64 %arg0_b4_read, i256 %gmem5, i64 %arg0_b5_read, i256 %gmem6, i64 %arg0_b6_read, i256 %gmem7, i64 %arg0_b7_read, i256 %arg0_axis_out_V_data_V, i32 %arg0_axis_out_V_keep_V, i32 %arg0_axis_out_V_strb_V, i1 %arg0_axis_out_V_last_V, i256 %arg1_axis_in_V_data_V, i32 %arg1_axis_in_V_keep_V, i32 %arg1_axis_in_V_strb_V, i1 %arg1_axis_in_V_last_V" [/scratch/hpc-prf-acgasm/beniel/ops-hls-batching-tiling-artifacts/codegen_apps/tiling/poisson2d/u280_project/maxtile_8192_p60/hls/device/src/datamover_outerloop_0.cpp:306]   --->   Operation 177 'call' 'call_ln306' <Predicate = true> <Delay = 0.00> <CoreType = "Generic">   --->   Core 0 '' <Latency = 0> <II = 1> <Delay = 1.00> <Generic> <Opcode : >
ST_8 : Operation 178 [1/1] (0.00ns)   --->   "%br_ln274 = br void %for.inc.i" [/scratch/hpc-prf-acgasm/beniel/ops-hls-batching-tiling-artifacts/codegen_apps/tiling/poisson2d/u280_project/maxtile_8192_p60/hls/device/src/datamover_outerloop_0.cpp:274]   --->   Operation 178 'br' 'br_ln274' <Predicate = true> <Delay = 0.00>

State 9 <SV = 8> <Delay = 0.00>
ST_9 : Operation 179 [1/1] (0.00ns)   --->   "%ret_ln508 = ret" [/scratch/hpc-prf-acgasm/beniel/ops-hls-batching-tiling-artifacts/codegen_apps/tiling/poisson2d/u280_project/maxtile_8192_p60/hls/device/src/datamover_outerloop_0.cpp:508]   --->   Operation 179 'ret' 'ret_ln508' <Predicate = true> <Delay = 0.00>


============================================================
+ Verbose Summary: Binding
============================================================
STG Binding: 
---------------- STG Properties BEGIN ----------------
- Is combinational: 0
- Is one-state seq: 0
- Is datapath-only: 0
- Is pipelined: 0
- Is top level: 1
Port [ Return ] is wired: 1; IO mode=ap_ctrl_chain:ce=0
Port [ gmem0]:  wired=1; compound=1; hidden=0; nouse=0; global=0; static=0; extern=0; dir=2; type=4; pingpong=0; private_global=0; IO mode=m_axi:ce=0
Port [ gmem1]:  wired=1; compound=1; hidden=0; nouse=0; global=0; static=0; extern=0; dir=2; type=4; pingpong=0; private_global=0; IO mode=m_axi:ce=0
Port [ gmem2]:  wired=1; compound=1; hidden=0; nouse=0; global=0; static=0; extern=0; dir=2; type=4; pingpong=0; private_global=0; IO mode=m_axi:ce=0
Port [ gmem3]:  wired=1; compound=1; hidden=0; nouse=0; global=0; static=0; extern=0; dir=2; type=4; pingpong=0; private_global=0; IO mode=m_axi:ce=0
Port [ gmem4]:  wired=1; compound=1; hidden=0; nouse=0; global=0; static=0; extern=0; dir=2; type=4; pingpong=0; private_global=0; IO mode=m_axi:ce=0
Port [ gmem5]:  wired=1; compound=1; hidden=0; nouse=0; global=0; static=0; extern=0; dir=2; type=4; pingpong=0; private_global=0; IO mode=m_axi:ce=0
Port [ gmem6]:  wired=1; compound=1; hidden=0; nouse=0; global=0; static=0; extern=0; dir=2; type=4; pingpong=0; private_global=0; IO mode=m_axi:ce=0
Port [ gmem7]:  wired=1; compound=1; hidden=0; nouse=0; global=0; static=0; extern=0; dir=2; type=4; pingpong=0; private_global=0; IO mode=m_axi:ce=0
Port [ gmem8]:  wired=1; compound=1; hidden=0; nouse=0; global=0; static=0; extern=0; dir=2; type=4; pingpong=0; private_global=0; IO mode=m_axi:ce=0
Port [ gmem9]:  wired=1; compound=1; hidden=0; nouse=0; global=0; static=0; extern=0; dir=2; type=4; pingpong=0; private_global=0; IO mode=m_axi:ce=0
Port [ gmem10]:  wired=1; compound=1; hidden=0; nouse=0; global=0; static=0; extern=0; dir=2; type=4; pingpong=0; private_global=0; IO mode=m_axi:ce=0
Port [ gmem11]:  wired=1; compound=1; hidden=0; nouse=0; global=0; static=0; extern=0; dir=2; type=4; pingpong=0; private_global=0; IO mode=m_axi:ce=0
Port [ gmem12]:  wired=1; compound=1; hidden=0; nouse=0; global=0; static=0; extern=0; dir=2; type=4; pingpong=0; private_global=0; IO mode=m_axi:ce=0
Port [ gmem13]:  wired=1; compound=1; hidden=0; nouse=0; global=0; static=0; extern=0; dir=2; type=4; pingpong=0; private_global=0; IO mode=m_axi:ce=0
Port [ gmem14]:  wired=1; compound=1; hidden=0; nouse=0; global=0; static=0; extern=0; dir=2; type=4; pingpong=0; private_global=0; IO mode=m_axi:ce=0
Port [ gmem15]:  wired=1; compound=1; hidden=0; nouse=0; global=0; static=0; extern=0; dir=2; type=4; pingpong=0; private_global=0; IO mode=m_axi:ce=0
Port [ range_start_0]:  wired=1; compound=0; hidden=0; nouse=0; global=0; static=0; extern=0; dir=0; type=0; pingpong=0; private_global=0; IO mode=ap_none:ce=0
Port [ range_end_0]:  wired=1; compound=0; hidden=0; nouse=1; global=0; static=0; extern=0; dir=0; type=0; pingpong=0; private_global=0; IO mode=ap_none:ce=0
Port [ range_start_1]:  wired=1; compound=0; hidden=0; nouse=0; global=0; static=0; extern=0; dir=0; type=0; pingpong=0; private_global=0; IO mode=ap_none:ce=0
Port [ range_end_1]:  wired=1; compound=0; hidden=0; nouse=1; global=0; static=0; extern=0; dir=0; type=0; pingpong=0; private_global=0; IO mode=ap_none:ce=0
Port [ gridSize_0]:  wired=1; compound=0; hidden=0; nouse=0; global=0; static=0; extern=0; dir=0; type=0; pingpong=0; private_global=0; IO mode=ap_none:ce=0
Port [ gridSize_1]:  wired=1; compound=0; hidden=0; nouse=0; global=0; static=0; extern=0; dir=0; type=0; pingpong=0; private_global=0; IO mode=ap_none:ce=0
Port [ outer_itr]:  wired=1; compound=0; hidden=0; nouse=0; global=0; static=0; extern=0; dir=0; type=0; pingpong=0; private_global=0; IO mode=ap_none:ce=0
Port [ tile_size_x]:  wired=1; compound=0; hidden=0; nouse=0; global=0; static=0; extern=0; dir=0; type=0; pingpong=0; private_global=0; IO mode=ap_none:ce=0
Port [ overlap_size_x]:  wired=1; compound=0; hidden=0; nouse=0; global=0; static=0; extern=0; dir=0; type=0; pingpong=0; private_global=0; IO mode=ap_none:ce=0
Port [ effective_tile_size_x]:  wired=1; compound=0; hidden=0; nouse=0; global=0; static=0; extern=0; dir=0; type=0; pingpong=0; private_global=0; IO mode=ap_none:ce=0
Port [ last_tile_size_x]:  wired=1; compound=0; hidden=0; nouse=0; global=0; static=0; extern=0; dir=0; type=0; pingpong=0; private_global=0; IO mode=ap_none:ce=0
Port [ tile_count_x]:  wired=1; compound=0; hidden=0; nouse=0; global=0; static=0; extern=0; dir=0; type=0; pingpong=0; private_global=0; IO mode=ap_none:ce=0
Port [ total_xblocks]:  wired=1; compound=0; hidden=0; nouse=0; global=0; static=0; extern=0; dir=0; type=0; pingpong=0; private_global=0; IO mode=ap_none:ce=0
Port [ arg0_b0]:  wired=1; compound=0; hidden=0; nouse=0; global=0; static=0; extern=0; dir=0; type=0; pingpong=0; private_global=0; IO mode=ap_none:ce=0
Port [ arg0_b1]:  wired=1; compound=0; hidden=0; nouse=0; global=0; static=0; extern=0; dir=0; type=0; pingpong=0; private_global=0; IO mode=ap_none:ce=0
Port [ arg0_b2]:  wired=1; compound=0; hidden=0; nouse=0; global=0; static=0; extern=0; dir=0; type=0; pingpong=0; private_global=0; IO mode=ap_none:ce=0
Port [ arg0_b3]:  wired=1; compound=0; hidden=0; nouse=0; global=0; static=0; extern=0; dir=0; type=0; pingpong=0; private_global=0; IO mode=ap_none:ce=0
Port [ arg0_b4]:  wired=1; compound=0; hidden=0; nouse=0; global=0; static=0; extern=0; dir=0; type=0; pingpong=0; private_global=0; IO mode=ap_none:ce=0
Port [ arg0_b5]:  wired=1; compound=0; hidden=0; nouse=0; global=0; static=0; extern=0; dir=0; type=0; pingpong=0; private_global=0; IO mode=ap_none:ce=0
Port [ arg0_b6]:  wired=1; compound=0; hidden=0; nouse=0; global=0; static=0; extern=0; dir=0; type=0; pingpong=0; private_global=0; IO mode=ap_none:ce=0
Port [ arg0_b7]:  wired=1; compound=0; hidden=0; nouse=0; global=0; static=0; extern=0; dir=0; type=0; pingpong=0; private_global=0; IO mode=ap_none:ce=0
Port [ arg1_b0]:  wired=1; compound=0; hidden=0; nouse=0; global=0; static=0; extern=0; dir=0; type=0; pingpong=0; private_global=0; IO mode=ap_none:ce=0
Port [ arg1_b1]:  wired=1; compound=0; hidden=0; nouse=0; global=0; static=0; extern=0; dir=0; type=0; pingpong=0; private_global=0; IO mode=ap_none:ce=0
Port [ arg1_b2]:  wired=1; compound=0; hidden=0; nouse=0; global=0; static=0; extern=0; dir=0; type=0; pingpong=0; private_global=0; IO mode=ap_none:ce=0
Port [ arg1_b3]:  wired=1; compound=0; hidden=0; nouse=0; global=0; static=0; extern=0; dir=0; type=0; pingpong=0; private_global=0; IO mode=ap_none:ce=0
Port [ arg1_b4]:  wired=1; compound=0; hidden=0; nouse=0; global=0; static=0; extern=0; dir=0; type=0; pingpong=0; private_global=0; IO mode=ap_none:ce=0
Port [ arg1_b5]:  wired=1; compound=0; hidden=0; nouse=0; global=0; static=0; extern=0; dir=0; type=0; pingpong=0; private_global=0; IO mode=ap_none:ce=0
Port [ arg1_b6]:  wired=1; compound=0; hidden=0; nouse=0; global=0; static=0; extern=0; dir=0; type=0; pingpong=0; private_global=0; IO mode=ap_none:ce=0
Port [ arg1_b7]:  wired=1; compound=0; hidden=0; nouse=0; global=0; static=0; extern=0; dir=0; type=0; pingpong=0; private_global=0; IO mode=ap_none:ce=0
Port [ arg0_axis_out_V_data_V]:  wired=1; compound=1; hidden=0; nouse=0; global=0; static=0; extern=0; dir=1; type=0; pingpong=0; private_global=0; IO mode=axis:ce=0
Port [ arg0_axis_out_V_keep_V]:  wired=1; compound=1; hidden=0; nouse=0; global=0; static=0; extern=0; dir=1; type=0; pingpong=0; private_global=0; IO mode=axis:ce=0
Port [ arg0_axis_out_V_strb_V]:  wired=1; compound=1; hidden=0; nouse=0; global=0; static=0; extern=0; dir=1; type=0; pingpong=0; private_global=0; IO mode=axis:ce=0
Port [ arg0_axis_out_V_last_V]:  wired=1; compound=1; hidden=0; nouse=0; global=0; static=0; extern=0; dir=1; type=0; pingpong=0; private_global=0; IO mode=axis:ce=0
Port [ arg1_axis_in_V_data_V]:  wired=1; compound=1; hidden=0; nouse=0; global=0; static=0; extern=0; dir=0; type=0; pingpong=0; private_global=0; IO mode=axis:ce=0
Port [ arg1_axis_in_V_keep_V]:  wired=1; compound=1; hidden=0; nouse=0; global=0; static=0; extern=0; dir=0; type=0; pingpong=0; private_global=0; IO mode=axis:ce=0
Port [ arg1_axis_in_V_strb_V]:  wired=1; compound=1; hidden=0; nouse=0; global=0; static=0; extern=0; dir=0; type=0; pingpong=0; private_global=0; IO mode=axis:ce=0
Port [ arg1_axis_in_V_last_V]:  wired=1; compound=1; hidden=0; nouse=0; global=0; static=0; extern=0; dir=0; type=0; pingpong=0; private_global=0; IO mode=axis:ce=0
---------------- STG Properties END ------------------

---------------- Datapath Model BEGIN ----------------

<LifeTime>
<method=bitvector/>
i                          (alloca             ) [ 0111111110]
gridSize_0_read            (read               ) [ 0000000000]
range_start_1_read         (read               ) [ 0000000000]
zext_ln410                 (zext               ) [ 0011000000]
config_grid_xblocks        (partselect         ) [ 0011111110]
zext_ln437                 (zext               ) [ 0011000000]
store_ln274                (store              ) [ 0000000000]
range_start_0_read         (read               ) [ 0000000000]
zext_ln412                 (zext               ) [ 0000100000]
mul_ln447                  (mul                ) [ 0000100000]
spectopmodule_ln332        (spectopmodule      ) [ 0000000000]
specinterface_ln332        (specinterface      ) [ 0000000000]
specinterface_ln0          (specinterface      ) [ 0000000000]
specbitsmap_ln0            (specbitsmap        ) [ 0000000000]
specinterface_ln0          (specinterface      ) [ 0000000000]
specbitsmap_ln0            (specbitsmap        ) [ 0000000000]
specinterface_ln0          (specinterface      ) [ 0000000000]
specbitsmap_ln0            (specbitsmap        ) [ 0000000000]
specinterface_ln0          (specinterface      ) [ 0000000000]
specbitsmap_ln0            (specbitsmap        ) [ 0000000000]
specinterface_ln0          (specinterface      ) [ 0000000000]
specbitsmap_ln0            (specbitsmap        ) [ 0000000000]
specinterface_ln0          (specinterface      ) [ 0000000000]
specbitsmap_ln0            (specbitsmap        ) [ 0000000000]
specinterface_ln0          (specinterface      ) [ 0000000000]
specbitsmap_ln0            (specbitsmap        ) [ 0000000000]
specinterface_ln0          (specinterface      ) [ 0000000000]
specbitsmap_ln0            (specbitsmap        ) [ 0000000000]
specinterface_ln0          (specinterface      ) [ 0000000000]
specbitsmap_ln0            (specbitsmap        ) [ 0000000000]
specinterface_ln0          (specinterface      ) [ 0000000000]
specbitsmap_ln0            (specbitsmap        ) [ 0000000000]
specinterface_ln0          (specinterface      ) [ 0000000000]
specbitsmap_ln0            (specbitsmap        ) [ 0000000000]
specinterface_ln0          (specinterface      ) [ 0000000000]
specbitsmap_ln0            (specbitsmap        ) [ 0000000000]
specinterface_ln0          (specinterface      ) [ 0000000000]
specbitsmap_ln0            (specbitsmap        ) [ 0000000000]
specinterface_ln0          (specinterface      ) [ 0000000000]
specbitsmap_ln0            (specbitsmap        ) [ 0000000000]
specinterface_ln0          (specinterface      ) [ 0000000000]
specbitsmap_ln0            (specbitsmap        ) [ 0000000000]
specinterface_ln0          (specinterface      ) [ 0000000000]
specbitsmap_ln0            (specbitsmap        ) [ 0000000000]
specbitsmap_ln0            (specbitsmap        ) [ 0000000000]
specinterface_ln0          (specinterface      ) [ 0000000000]
specinterface_ln0          (specinterface      ) [ 0000000000]
specbitsmap_ln0            (specbitsmap        ) [ 0000000000]
specinterface_ln0          (specinterface      ) [ 0000000000]
specinterface_ln0          (specinterface      ) [ 0000000000]
specbitsmap_ln0            (specbitsmap        ) [ 0000000000]
specinterface_ln0          (specinterface      ) [ 0000000000]
specinterface_ln0          (specinterface      ) [ 0000000000]
specbitsmap_ln0            (specbitsmap        ) [ 0000000000]
specinterface_ln0          (specinterface      ) [ 0000000000]
specinterface_ln0          (specinterface      ) [ 0000000000]
specbitsmap_ln0            (specbitsmap        ) [ 0000000000]
specinterface_ln0          (specinterface      ) [ 0000000000]
specinterface_ln0          (specinterface      ) [ 0000000000]
specbitsmap_ln0            (specbitsmap        ) [ 0000000000]
specinterface_ln0          (specinterface      ) [ 0000000000]
specinterface_ln0          (specinterface      ) [ 0000000000]
specbitsmap_ln0            (specbitsmap        ) [ 0000000000]
specinterface_ln0          (specinterface      ) [ 0000000000]
specinterface_ln0          (specinterface      ) [ 0000000000]
specbitsmap_ln0            (specbitsmap        ) [ 0000000000]
specinterface_ln0          (specinterface      ) [ 0000000000]
specinterface_ln0          (specinterface      ) [ 0000000000]
specbitsmap_ln0            (specbitsmap        ) [ 0000000000]
specinterface_ln0          (specinterface      ) [ 0000000000]
specinterface_ln0          (specinterface      ) [ 0000000000]
specbitsmap_ln0            (specbitsmap        ) [ 0000000000]
specinterface_ln0          (specinterface      ) [ 0000000000]
specinterface_ln0          (specinterface      ) [ 0000000000]
specbitsmap_ln0            (specbitsmap        ) [ 0000000000]
specinterface_ln0          (specinterface      ) [ 0000000000]
specinterface_ln0          (specinterface      ) [ 0000000000]
specbitsmap_ln0            (specbitsmap        ) [ 0000000000]
specinterface_ln0          (specinterface      ) [ 0000000000]
specinterface_ln0          (specinterface      ) [ 0000000000]
specbitsmap_ln0            (specbitsmap        ) [ 0000000000]
specinterface_ln0          (specinterface      ) [ 0000000000]
specinterface_ln0          (specinterface      ) [ 0000000000]
specinterface_ln0          (specinterface      ) [ 0000000000]
specinterface_ln0          (specinterface      ) [ 0000000000]
specinterface_ln0          (specinterface      ) [ 0000000000]
specinterface_ln0          (specinterface      ) [ 0000000000]
specinterface_ln0          (specinterface      ) [ 0000000000]
specinterface_ln0          (specinterface      ) [ 0000000000]
specinterface_ln0          (specinterface      ) [ 0000000000]
specinterface_ln0          (specinterface      ) [ 0000000000]
specinterface_ln0          (specinterface      ) [ 0000000000]
specinterface_ln0          (specinterface      ) [ 0000000000]
specinterface_ln0          (specinterface      ) [ 0000000000]
specinterface_ln0          (specinterface      ) [ 0000000000]
specinterface_ln0          (specinterface      ) [ 0000000000]
specinterface_ln0          (specinterface      ) [ 0000000000]
specinterface_ln0          (specinterface      ) [ 0000000000]
specinterface_ln0          (specinterface      ) [ 0000000000]
specinterface_ln0          (specinterface      ) [ 0000000000]
specinterface_ln0          (specinterface      ) [ 0000000000]
specinterface_ln0          (specinterface      ) [ 0000000000]
specinterface_ln0          (specinterface      ) [ 0000000000]
specinterface_ln0          (specinterface      ) [ 0000000000]
specinterface_ln0          (specinterface      ) [ 0000000000]
specinterface_ln0          (specinterface      ) [ 0000000000]
specinterface_ln0          (specinterface      ) [ 0000000000]
specinterface_ln0          (specinterface      ) [ 0000000000]
specinterface_ln0          (specinterface      ) [ 0000000000]
specinterface_ln0          (specinterface      ) [ 0000000000]
specinterface_ln0          (specinterface      ) [ 0000000000]
specinterface_ln0          (specinterface      ) [ 0000000000]
specinterface_ln0          (specinterface      ) [ 0000000000]
specinterface_ln0          (specinterface      ) [ 0000000000]
specinterface_ln0          (specinterface      ) [ 0000000000]
specinterface_ln0          (specinterface      ) [ 0000000000]
specbitsmap_ln0            (specbitsmap        ) [ 0000000000]
specbitsmap_ln0            (specbitsmap        ) [ 0000000000]
specbitsmap_ln0            (specbitsmap        ) [ 0000000000]
specbitsmap_ln0            (specbitsmap        ) [ 0000000000]
specinterface_ln0          (specinterface      ) [ 0000000000]
specbitsmap_ln0            (specbitsmap        ) [ 0000000000]
specbitsmap_ln0            (specbitsmap        ) [ 0000000000]
specbitsmap_ln0            (specbitsmap        ) [ 0000000000]
specbitsmap_ln0            (specbitsmap        ) [ 0000000000]
specinterface_ln0          (specinterface      ) [ 0000000000]
arg1_b7_read               (read               ) [ 0000011110]
arg1_b6_read               (read               ) [ 0000011110]
arg1_b5_read               (read               ) [ 0000011110]
arg1_b4_read               (read               ) [ 0000011110]
arg1_b3_read               (read               ) [ 0000011110]
arg1_b2_read               (read               ) [ 0000011110]
arg1_b1_read               (read               ) [ 0000011110]
arg1_b0_read               (read               ) [ 0000011110]
arg0_b7_read               (read               ) [ 0000011110]
arg0_b6_read               (read               ) [ 0000011110]
arg0_b5_read               (read               ) [ 0000011110]
arg0_b4_read               (read               ) [ 0000011110]
arg0_b3_read               (read               ) [ 0000011110]
arg0_b2_read               (read               ) [ 0000011110]
arg0_b1_read               (read               ) [ 0000011110]
arg0_b0_read               (read               ) [ 0000011110]
total_xblocks_read         (read               ) [ 0000011110]
tile_count_x_read          (read               ) [ 0000011110]
last_tile_size_x_read      (read               ) [ 0000011110]
effective_tile_size_x_read (read               ) [ 0000011110]
overlap_size_x_read        (read               ) [ 0000011110]
tile_size_x_read           (read               ) [ 0000011110]
outer_itr_read             (read               ) [ 0000000000]
gridSize_1_read            (read               ) [ 0000011110]
config_start_offset        (add                ) [ 0000011110]
trunc_ln                   (partselect         ) [ 0000011110]
specaxissidechannel_ln274  (specaxissidechannel) [ 0000000000]
specaxissidechannel_ln274  (specaxissidechannel) [ 0000000000]
br_ln274                   (br                 ) [ 0000000000]
i_4                        (load               ) [ 0000000000]
icmp_ln274                 (icmp               ) [ 0000011110]
i_5                        (add                ) [ 0000000000]
br_ln274                   (br                 ) [ 0000000000]
store_ln274                (store              ) [ 0000000000]
call_ln281                 (call               ) [ 0000000000]
specloopname_ln274         (specloopname       ) [ 0000000000]
call_ln306                 (call               ) [ 0000000000]
br_ln274                   (br                 ) [ 0000000000]
ret_ln508                  (ret                ) [ 0000000000]
</LifeTime>

<model>

<comp_list>
<comp id="0" class="1000" name="gmem0">
<pin_list>
<pin id="1" dir="1" index="0" bw="1" slack="0"/>
</pin_list>
<bind>
<StgValue><ssdm name="gmem0"/></StgValue>
</bind>
</comp>

<comp id="2" class="1000" name="gmem1">
<pin_list>
<pin id="3" dir="1" index="0" bw="1" slack="0"/>
</pin_list>
<bind>
<StgValue><ssdm name="gmem1"/></StgValue>
</bind>
</comp>

<comp id="4" class="1000" name="gmem2">
<pin_list>
<pin id="5" dir="1" index="0" bw="1" slack="0"/>
</pin_list>
<bind>
<StgValue><ssdm name="gmem2"/></StgValue>
</bind>
</comp>

<comp id="6" class="1000" name="gmem3">
<pin_list>
<pin id="7" dir="1" index="0" bw="1" slack="0"/>
</pin_list>
<bind>
<StgValue><ssdm name="gmem3"/></StgValue>
</bind>
</comp>

<comp id="8" class="1000" name="gmem4">
<pin_list>
<pin id="9" dir="1" index="0" bw="1" slack="0"/>
</pin_list>
<bind>
<StgValue><ssdm name="gmem4"/></StgValue>
</bind>
</comp>

<comp id="10" class="1000" name="gmem5">
<pin_list>
<pin id="11" dir="1" index="0" bw="1" slack="0"/>
</pin_list>
<bind>
<StgValue><ssdm name="gmem5"/></StgValue>
</bind>
</comp>

<comp id="12" class="1000" name="gmem6">
<pin_list>
<pin id="13" dir="1" index="0" bw="1" slack="0"/>
</pin_list>
<bind>
<StgValue><ssdm name="gmem6"/></StgValue>
</bind>
</comp>

<comp id="14" class="1000" name="gmem7">
<pin_list>
<pin id="15" dir="1" index="0" bw="1" slack="0"/>
</pin_list>
<bind>
<StgValue><ssdm name="gmem7"/></StgValue>
</bind>
</comp>

<comp id="16" class="1000" name="gmem8">
<pin_list>
<pin id="17" dir="1" index="0" bw="1" slack="0"/>
</pin_list>
<bind>
<StgValue><ssdm name="gmem8"/></StgValue>
</bind>
</comp>

<comp id="18" class="1000" name="gmem9">
<pin_list>
<pin id="19" dir="1" index="0" bw="1" slack="0"/>
</pin_list>
<bind>
<StgValue><ssdm name="gmem9"/></StgValue>
</bind>
</comp>

<comp id="20" class="1000" name="gmem10">
<pin_list>
<pin id="21" dir="1" index="0" bw="1" slack="0"/>
</pin_list>
<bind>
<StgValue><ssdm name="gmem10"/></StgValue>
</bind>
</comp>

<comp id="22" class="1000" name="gmem11">
<pin_list>
<pin id="23" dir="1" index="0" bw="1" slack="0"/>
</pin_list>
<bind>
<StgValue><ssdm name="gmem11"/></StgValue>
</bind>
</comp>

<comp id="24" class="1000" name="gmem12">
<pin_list>
<pin id="25" dir="1" index="0" bw="1" slack="0"/>
</pin_list>
<bind>
<StgValue><ssdm name="gmem12"/></StgValue>
</bind>
</comp>

<comp id="26" class="1000" name="gmem13">
<pin_list>
<pin id="27" dir="1" index="0" bw="1" slack="0"/>
</pin_list>
<bind>
<StgValue><ssdm name="gmem13"/></StgValue>
</bind>
</comp>

<comp id="28" class="1000" name="gmem14">
<pin_list>
<pin id="29" dir="1" index="0" bw="1" slack="0"/>
</pin_list>
<bind>
<StgValue><ssdm name="gmem14"/></StgValue>
</bind>
</comp>

<comp id="30" class="1000" name="gmem15">
<pin_list>
<pin id="31" dir="1" index="0" bw="1" slack="0"/>
</pin_list>
<bind>
<StgValue><ssdm name="gmem15"/></StgValue>
</bind>
</comp>

<comp id="32" class="1000" name="range_start_0">
<pin_list>
<pin id="33" dir="1" index="0" bw="1" slack="0"/>
</pin_list>
<bind>
<StgValue><ssdm name="range_start_0"/></StgValue>
</bind>
</comp>

<comp id="34" class="1000" name="range_end_0">
<pin_list>
<pin id="35" dir="1" index="0" bw="1" slack="2147483647"/>
</pin_list>
<bind>
<StgValue><ssdm name="range_end_0"/></StgValue>
</bind>
</comp>

<comp id="36" class="1000" name="range_start_1">
<pin_list>
<pin id="37" dir="1" index="0" bw="1" slack="0"/>
</pin_list>
<bind>
<StgValue><ssdm name="range_start_1"/></StgValue>
</bind>
</comp>

<comp id="38" class="1000" name="range_end_1">
<pin_list>
<pin id="39" dir="1" index="0" bw="1" slack="2147483647"/>
</pin_list>
<bind>
<StgValue><ssdm name="range_end_1"/></StgValue>
</bind>
</comp>

<comp id="40" class="1000" name="gridSize_0">
<pin_list>
<pin id="41" dir="1" index="0" bw="1" slack="0"/>
</pin_list>
<bind>
<StgValue><ssdm name="gridSize_0"/></StgValue>
</bind>
</comp>

<comp id="42" class="1000" name="gridSize_1">
<pin_list>
<pin id="43" dir="1" index="0" bw="1" slack="0"/>
</pin_list>
<bind>
<StgValue><ssdm name="gridSize_1"/></StgValue>
</bind>
</comp>

<comp id="44" class="1000" name="outer_itr">
<pin_list>
<pin id="45" dir="1" index="0" bw="1" slack="0"/>
</pin_list>
<bind>
<StgValue><ssdm name="outer_itr"/></StgValue>
</bind>
</comp>

<comp id="46" class="1000" name="tile_size_x">
<pin_list>
<pin id="47" dir="1" index="0" bw="1" slack="0"/>
</pin_list>
<bind>
<StgValue><ssdm name="tile_size_x"/></StgValue>
</bind>
</comp>

<comp id="48" class="1000" name="overlap_size_x">
<pin_list>
<pin id="49" dir="1" index="0" bw="1" slack="0"/>
</pin_list>
<bind>
<StgValue><ssdm name="overlap_size_x"/></StgValue>
</bind>
</comp>

<comp id="50" class="1000" name="effective_tile_size_x">
<pin_list>
<pin id="51" dir="1" index="0" bw="1" slack="0"/>
</pin_list>
<bind>
<StgValue><ssdm name="effective_tile_size_x"/></StgValue>
</bind>
</comp>

<comp id="52" class="1000" name="last_tile_size_x">
<pin_list>
<pin id="53" dir="1" index="0" bw="1" slack="0"/>
</pin_list>
<bind>
<StgValue><ssdm name="last_tile_size_x"/></StgValue>
</bind>
</comp>

<comp id="54" class="1000" name="tile_count_x">
<pin_list>
<pin id="55" dir="1" index="0" bw="1" slack="0"/>
</pin_list>
<bind>
<StgValue><ssdm name="tile_count_x"/></StgValue>
</bind>
</comp>

<comp id="56" class="1000" name="total_xblocks">
<pin_list>
<pin id="57" dir="1" index="0" bw="1" slack="0"/>
</pin_list>
<bind>
<StgValue><ssdm name="total_xblocks"/></StgValue>
</bind>
</comp>

<comp id="58" class="1000" name="arg0_b0">
<pin_list>
<pin id="59" dir="1" index="0" bw="1" slack="0"/>
</pin_list>
<bind>
<StgValue><ssdm name="arg0_b0"/></StgValue>
</bind>
</comp>

<comp id="60" class="1000" name="arg0_b1">
<pin_list>
<pin id="61" dir="1" index="0" bw="1" slack="0"/>
</pin_list>
<bind>
<StgValue><ssdm name="arg0_b1"/></StgValue>
</bind>
</comp>

<comp id="62" class="1000" name="arg0_b2">
<pin_list>
<pin id="63" dir="1" index="0" bw="1" slack="0"/>
</pin_list>
<bind>
<StgValue><ssdm name="arg0_b2"/></StgValue>
</bind>
</comp>

<comp id="64" class="1000" name="arg0_b3">
<pin_list>
<pin id="65" dir="1" index="0" bw="1" slack="0"/>
</pin_list>
<bind>
<StgValue><ssdm name="arg0_b3"/></StgValue>
</bind>
</comp>

<comp id="66" class="1000" name="arg0_b4">
<pin_list>
<pin id="67" dir="1" index="0" bw="1" slack="0"/>
</pin_list>
<bind>
<StgValue><ssdm name="arg0_b4"/></StgValue>
</bind>
</comp>

<comp id="68" class="1000" name="arg0_b5">
<pin_list>
<pin id="69" dir="1" index="0" bw="1" slack="0"/>
</pin_list>
<bind>
<StgValue><ssdm name="arg0_b5"/></StgValue>
</bind>
</comp>

<comp id="70" class="1000" name="arg0_b6">
<pin_list>
<pin id="71" dir="1" index="0" bw="1" slack="0"/>
</pin_list>
<bind>
<StgValue><ssdm name="arg0_b6"/></StgValue>
</bind>
</comp>

<comp id="72" class="1000" name="arg0_b7">
<pin_list>
<pin id="73" dir="1" index="0" bw="1" slack="0"/>
</pin_list>
<bind>
<StgValue><ssdm name="arg0_b7"/></StgValue>
</bind>
</comp>

<comp id="74" class="1000" name="arg1_b0">
<pin_list>
<pin id="75" dir="1" index="0" bw="1" slack="0"/>
</pin_list>
<bind>
<StgValue><ssdm name="arg1_b0"/></StgValue>
</bind>
</comp>

<comp id="76" class="1000" name="arg1_b1">
<pin_list>
<pin id="77" dir="1" index="0" bw="1" slack="0"/>
</pin_list>
<bind>
<StgValue><ssdm name="arg1_b1"/></StgValue>
</bind>
</comp>

<comp id="78" class="1000" name="arg1_b2">
<pin_list>
<pin id="79" dir="1" index="0" bw="1" slack="0"/>
</pin_list>
<bind>
<StgValue><ssdm name="arg1_b2"/></StgValue>
</bind>
</comp>

<comp id="80" class="1000" name="arg1_b3">
<pin_list>
<pin id="81" dir="1" index="0" bw="1" slack="0"/>
</pin_list>
<bind>
<StgValue><ssdm name="arg1_b3"/></StgValue>
</bind>
</comp>

<comp id="82" class="1000" name="arg1_b4">
<pin_list>
<pin id="83" dir="1" index="0" bw="1" slack="0"/>
</pin_list>
<bind>
<StgValue><ssdm name="arg1_b4"/></StgValue>
</bind>
</comp>

<comp id="84" class="1000" name="arg1_b5">
<pin_list>
<pin id="85" dir="1" index="0" bw="1" slack="0"/>
</pin_list>
<bind>
<StgValue><ssdm name="arg1_b5"/></StgValue>
</bind>
</comp>

<comp id="86" class="1000" name="arg1_b6">
<pin_list>
<pin id="87" dir="1" index="0" bw="1" slack="0"/>
</pin_list>
<bind>
<StgValue><ssdm name="arg1_b6"/></StgValue>
</bind>
</comp>

<comp id="88" class="1000" name="arg1_b7">
<pin_list>
<pin id="89" dir="1" index="0" bw="1" slack="0"/>
</pin_list>
<bind>
<StgValue><ssdm name="arg1_b7"/></StgValue>
</bind>
</comp>

<comp id="90" class="1000" name="arg0_axis_out_V_data_V">
<pin_list>
<pin id="91" dir="1" index="0" bw="1" slack="0"/>
</pin_list>
<bind>
<StgValue><ssdm name="arg0_axis_out_V_data_V"/></StgValue>
</bind>
</comp>

<comp id="92" class="1000" name="arg0_axis_out_V_keep_V">
<pin_list>
<pin id="93" dir="1" index="0" bw="1" slack="0"/>
</pin_list>
<bind>
<StgValue><ssdm name="arg0_axis_out_V_keep_V"/></StgValue>
</bind>
</comp>

<comp id="94" class="1000" name="arg0_axis_out_V_strb_V">
<pin_list>
<pin id="95" dir="1" index="0" bw="1" slack="0"/>
</pin_list>
<bind>
<StgValue><ssdm name="arg0_axis_out_V_strb_V"/></StgValue>
</bind>
</comp>

<comp id="96" class="1000" name="arg0_axis_out_V_last_V">
<pin_list>
<pin id="97" dir="1" index="0" bw="1" slack="0"/>
</pin_list>
<bind>
<StgValue><ssdm name="arg0_axis_out_V_last_V"/></StgValue>
</bind>
</comp>

<comp id="98" class="1000" name="arg1_axis_in_V_data_V">
<pin_list>
<pin id="99" dir="1" index="0" bw="1" slack="0"/>
</pin_list>
<bind>
<StgValue><ssdm name="arg1_axis_in_V_data_V"/></StgValue>
</bind>
</comp>

<comp id="100" class="1000" name="arg1_axis_in_V_keep_V">
<pin_list>
<pin id="101" dir="1" index="0" bw="1" slack="0"/>
</pin_list>
<bind>
<StgValue><ssdm name="arg1_axis_in_V_keep_V"/></StgValue>
</bind>
</comp>

<comp id="102" class="1000" name="arg1_axis_in_V_strb_V">
<pin_list>
<pin id="103" dir="1" index="0" bw="1" slack="0"/>
</pin_list>
<bind>
<StgValue><ssdm name="arg1_axis_in_V_strb_V"/></StgValue>
</bind>
</comp>

<comp id="104" class="1000" name="arg1_axis_in_V_last_V">
<pin_list>
<pin id="105" dir="1" index="0" bw="1" slack="0"/>
</pin_list>
<bind>
<StgValue><ssdm name="arg1_axis_in_V_last_V"/></StgValue>
</bind>
</comp>

<comp id="106" class="1001" name="const_106">
<pin_list>
<pin id="107" dir="1" index="0" bw="1" slack="0"/>
</pin_list>
<bind>
<StgValue><ssdm name=""/></StgValue>
</bind>
</comp>

<comp id="108" class="1001" name="const_108">
<pin_list>
<pin id="109" dir="1" index="0" bw="1" slack="0"/>
</pin_list>
<bind>
<StgValue><ssdm name="_ssdm_op_Read.ap_none.i16"/></StgValue>
</bind>
</comp>

<comp id="110" class="1001" name="const_110">
<pin_list>
<pin id="111" dir="1" index="0" bw="1" slack="0"/>
</pin_list>
<bind>
<StgValue><ssdm name="_ssdm_op_PartSelect.i13.i16.i32.i32"/></StgValue>
</bind>
</comp>

<comp id="112" class="1001" name="const_112">
<pin_list>
<pin id="113" dir="1" index="0" bw="1" slack="0"/>
</pin_list>
<bind>
<StgValue><ssdm name=""/></StgValue>
</bind>
</comp>

<comp id="114" class="1001" name="const_114">
<pin_list>
<pin id="115" dir="1" index="0" bw="1" slack="0"/>
</pin_list>
<bind>
<StgValue><ssdm name=""/></StgValue>
</bind>
</comp>

<comp id="116" class="1001" name="const_116">
<pin_list>
<pin id="117" dir="1" index="0" bw="1" slack="0"/>
</pin_list>
<bind>
<StgValue><ssdm name=""/></StgValue>
</bind>
</comp>

<comp id="118" class="1001" name="const_118">
<pin_list>
<pin id="119" dir="1" index="0" bw="1" slack="2147483647"/>
</pin_list>
<bind>
<StgValue><ssdm name="_ssdm_op_SpecTopModule"/></StgValue>
</bind>
</comp>

<comp id="120" class="1001" name="const_120">
<pin_list>
<pin id="121" dir="1" index="0" bw="1" slack="2147483647"/>
</pin_list>
<bind>
<StgValue><ssdm name="empty_32"/></StgValue>
</bind>
</comp>

<comp id="122" class="1001" name="const_122">
<pin_list>
<pin id="123" dir="1" index="0" bw="1" slack="2147483647"/>
</pin_list>
<bind>
<StgValue><ssdm name="_ssdm_op_SpecInterface"/></StgValue>
</bind>
</comp>

<comp id="124" class="1001" name="const_124">
<pin_list>
<pin id="125" dir="1" index="0" bw="1" slack="2147483647"/>
</pin_list>
<bind>
<StgValue><ssdm name=""/></StgValue>
</bind>
</comp>

<comp id="126" class="1001" name="const_126">
<pin_list>
<pin id="127" dir="1" index="0" bw="1" slack="2147483647"/>
</pin_list>
<bind>
<StgValue><ssdm name="empty_22"/></StgValue>
</bind>
</comp>

<comp id="128" class="1001" name="const_128">
<pin_list>
<pin id="129" dir="1" index="0" bw="1" slack="2147483647"/>
</pin_list>
<bind>
<StgValue><ssdm name="empty_47"/></StgValue>
</bind>
</comp>

<comp id="130" class="1001" name="const_130">
<pin_list>
<pin id="131" dir="1" index="0" bw="1" slack="2147483647"/>
</pin_list>
<bind>
<StgValue><ssdm name=""/></StgValue>
</bind>
</comp>

<comp id="132" class="1001" name="const_132">
<pin_list>
<pin id="133" dir="1" index="0" bw="1" slack="2147483647"/>
</pin_list>
<bind>
<StgValue><ssdm name="empty_34"/></StgValue>
</bind>
</comp>

<comp id="134" class="1001" name="const_134">
<pin_list>
<pin id="135" dir="1" index="0" bw="1" slack="2147483647"/>
</pin_list>
<bind>
<StgValue><ssdm name=""/></StgValue>
</bind>
</comp>

<comp id="136" class="1001" name="const_136">
<pin_list>
<pin id="137" dir="1" index="0" bw="1" slack="2147483647"/>
</pin_list>
<bind>
<StgValue><ssdm name=""/></StgValue>
</bind>
</comp>

<comp id="138" class="1001" name="const_138">
<pin_list>
<pin id="139" dir="1" index="0" bw="1" slack="2147483647"/>
</pin_list>
<bind>
<StgValue><ssdm name="empty_29"/></StgValue>
</bind>
</comp>

<comp id="140" class="1001" name="const_140">
<pin_list>
<pin id="141" dir="1" index="0" bw="1" slack="2147483647"/>
</pin_list>
<bind>
<StgValue><ssdm name="empty_45"/></StgValue>
</bind>
</comp>

<comp id="142" class="1001" name="const_142">
<pin_list>
<pin id="143" dir="1" index="0" bw="1" slack="2147483647"/>
</pin_list>
<bind>
<StgValue><ssdm name=""/></StgValue>
</bind>
</comp>

<comp id="144" class="1001" name="const_144">
<pin_list>
<pin id="145" dir="1" index="0" bw="1" slack="2147483647"/>
</pin_list>
<bind>
<StgValue><ssdm name=""/></StgValue>
</bind>
</comp>

<comp id="146" class="1001" name="const_146">
<pin_list>
<pin id="147" dir="1" index="0" bw="1" slack="2147483647"/>
</pin_list>
<bind>
<StgValue><ssdm name="_ssdm_op_SpecBitsMap"/></StgValue>
</bind>
</comp>

<comp id="148" class="1001" name="const_148">
<pin_list>
<pin id="149" dir="1" index="0" bw="1" slack="2147483647"/>
</pin_list>
<bind>
<StgValue><ssdm name="empty_37"/></StgValue>
</bind>
</comp>

<comp id="150" class="1001" name="const_150">
<pin_list>
<pin id="151" dir="1" index="0" bw="1" slack="2147483647"/>
</pin_list>
<bind>
<StgValue><ssdm name="empty_44"/></StgValue>
</bind>
</comp>

<comp id="152" class="1001" name="const_152">
<pin_list>
<pin id="153" dir="1" index="0" bw="1" slack="2147483647"/>
</pin_list>
<bind>
<StgValue><ssdm name="empty_35"/></StgValue>
</bind>
</comp>

<comp id="154" class="1001" name="const_154">
<pin_list>
<pin id="155" dir="1" index="0" bw="1" slack="2147483647"/>
</pin_list>
<bind>
<StgValue><ssdm name="empty_24"/></StgValue>
</bind>
</comp>

<comp id="156" class="1001" name="const_156">
<pin_list>
<pin id="157" dir="1" index="0" bw="1" slack="2147483647"/>
</pin_list>
<bind>
<StgValue><ssdm name="empty_51"/></StgValue>
</bind>
</comp>

<comp id="158" class="1001" name="const_158">
<pin_list>
<pin id="159" dir="1" index="0" bw="1" slack="2147483647"/>
</pin_list>
<bind>
<StgValue><ssdm name="empty_61"/></StgValue>
</bind>
</comp>

<comp id="160" class="1001" name="const_160">
<pin_list>
<pin id="161" dir="1" index="0" bw="1" slack="2147483647"/>
</pin_list>
<bind>
<StgValue><ssdm name="empty_1"/></StgValue>
</bind>
</comp>

<comp id="162" class="1001" name="const_162">
<pin_list>
<pin id="163" dir="1" index="0" bw="1" slack="2147483647"/>
</pin_list>
<bind>
<StgValue><ssdm name="empty_49"/></StgValue>
</bind>
</comp>

<comp id="164" class="1001" name="const_164">
<pin_list>
<pin id="165" dir="1" index="0" bw="1" slack="2147483647"/>
</pin_list>
<bind>
<StgValue><ssdm name="empty_36"/></StgValue>
</bind>
</comp>

<comp id="166" class="1001" name="const_166">
<pin_list>
<pin id="167" dir="1" index="0" bw="1" slack="2147483647"/>
</pin_list>
<bind>
<StgValue><ssdm name="empty_52"/></StgValue>
</bind>
</comp>

<comp id="168" class="1001" name="const_168">
<pin_list>
<pin id="169" dir="1" index="0" bw="1" slack="2147483647"/>
</pin_list>
<bind>
<StgValue><ssdm name="empty_69"/></StgValue>
</bind>
</comp>

<comp id="170" class="1001" name="const_170">
<pin_list>
<pin id="171" dir="1" index="0" bw="1" slack="2147483647"/>
</pin_list>
<bind>
<StgValue><ssdm name="empty_58"/></StgValue>
</bind>
</comp>

<comp id="172" class="1001" name="const_172">
<pin_list>
<pin id="173" dir="1" index="0" bw="1" slack="2147483647"/>
</pin_list>
<bind>
<StgValue><ssdm name="empty_67"/></StgValue>
</bind>
</comp>

<comp id="174" class="1001" name="const_174">
<pin_list>
<pin id="175" dir="1" index="0" bw="1" slack="2147483647"/>
</pin_list>
<bind>
<StgValue><ssdm name="empty_57"/></StgValue>
</bind>
</comp>

<comp id="176" class="1001" name="const_176">
<pin_list>
<pin id="177" dir="1" index="0" bw="1" slack="2147483647"/>
</pin_list>
<bind>
<StgValue><ssdm name="empty_65"/></StgValue>
</bind>
</comp>

<comp id="178" class="1001" name="const_178">
<pin_list>
<pin id="179" dir="1" index="0" bw="1" slack="2147483647"/>
</pin_list>
<bind>
<StgValue><ssdm name="empty_23"/></StgValue>
</bind>
</comp>

<comp id="180" class="1001" name="const_180">
<pin_list>
<pin id="181" dir="1" index="0" bw="1" slack="2147483647"/>
</pin_list>
<bind>
<StgValue><ssdm name="empty_62"/></StgValue>
</bind>
</comp>

<comp id="182" class="1001" name="const_182">
<pin_list>
<pin id="183" dir="1" index="0" bw="1" slack="2147483647"/>
</pin_list>
<bind>
<StgValue><ssdm name="empty_15"/></StgValue>
</bind>
</comp>

<comp id="184" class="1001" name="const_184">
<pin_list>
<pin id="185" dir="1" index="0" bw="1" slack="2147483647"/>
</pin_list>
<bind>
<StgValue><ssdm name="empty"/></StgValue>
</bind>
</comp>

<comp id="186" class="1001" name="const_186">
<pin_list>
<pin id="187" dir="1" index="0" bw="1" slack="2147483647"/>
</pin_list>
<bind>
<StgValue><ssdm name="empty_60"/></StgValue>
</bind>
</comp>

<comp id="188" class="1001" name="const_188">
<pin_list>
<pin id="189" dir="1" index="0" bw="1" slack="2147483647"/>
</pin_list>
<bind>
<StgValue><ssdm name="empty_59"/></StgValue>
</bind>
</comp>

<comp id="190" class="1001" name="const_190">
<pin_list>
<pin id="191" dir="1" index="0" bw="1" slack="2147483647"/>
</pin_list>
<bind>
<StgValue><ssdm name="empty_68"/></StgValue>
</bind>
</comp>

<comp id="192" class="1001" name="const_192">
<pin_list>
<pin id="193" dir="1" index="0" bw="1" slack="2147483647"/>
</pin_list>
<bind>
<StgValue><ssdm name="empty_66"/></StgValue>
</bind>
</comp>

<comp id="194" class="1001" name="const_194">
<pin_list>
<pin id="195" dir="1" index="0" bw="1" slack="2147483647"/>
</pin_list>
<bind>
<StgValue><ssdm name="empty_56"/></StgValue>
</bind>
</comp>

<comp id="196" class="1001" name="const_196">
<pin_list>
<pin id="197" dir="1" index="0" bw="1" slack="2147483647"/>
</pin_list>
<bind>
<StgValue><ssdm name="empty_40"/></StgValue>
</bind>
</comp>

<comp id="198" class="1001" name="const_198">
<pin_list>
<pin id="199" dir="1" index="0" bw="1" slack="2147483647"/>
</pin_list>
<bind>
<StgValue><ssdm name="empty_46"/></StgValue>
</bind>
</comp>

<comp id="200" class="1001" name="const_200">
<pin_list>
<pin id="201" dir="1" index="0" bw="1" slack="2147483647"/>
</pin_list>
<bind>
<StgValue><ssdm name="empty_30"/></StgValue>
</bind>
</comp>

<comp id="202" class="1001" name="const_202">
<pin_list>
<pin id="203" dir="1" index="0" bw="1" slack="2147483647"/>
</pin_list>
<bind>
<StgValue><ssdm name="empty_38"/></StgValue>
</bind>
</comp>

<comp id="204" class="1001" name="const_204">
<pin_list>
<pin id="205" dir="1" index="0" bw="1" slack="2147483647"/>
</pin_list>
<bind>
<StgValue><ssdm name="empty_64"/></StgValue>
</bind>
</comp>

<comp id="206" class="1001" name="const_206">
<pin_list>
<pin id="207" dir="1" index="0" bw="1" slack="2147483647"/>
</pin_list>
<bind>
<StgValue><ssdm name="empty_43"/></StgValue>
</bind>
</comp>

<comp id="208" class="1001" name="const_208">
<pin_list>
<pin id="209" dir="1" index="0" bw="1" slack="2147483647"/>
</pin_list>
<bind>
<StgValue><ssdm name="empty_7"/></StgValue>
</bind>
</comp>

<comp id="210" class="1001" name="const_210">
<pin_list>
<pin id="211" dir="1" index="0" bw="1" slack="2147483647"/>
</pin_list>
<bind>
<StgValue><ssdm name="empty_31"/></StgValue>
</bind>
</comp>

<comp id="212" class="1001" name="const_212">
<pin_list>
<pin id="213" dir="1" index="0" bw="1" slack="2147483647"/>
</pin_list>
<bind>
<StgValue><ssdm name="empty_41"/></StgValue>
</bind>
</comp>

<comp id="214" class="1001" name="const_214">
<pin_list>
<pin id="215" dir="1" index="0" bw="1" slack="2147483647"/>
</pin_list>
<bind>
<StgValue><ssdm name="empty_18"/></StgValue>
</bind>
</comp>

<comp id="216" class="1001" name="const_216">
<pin_list>
<pin id="217" dir="1" index="0" bw="1" slack="2147483647"/>
</pin_list>
<bind>
<StgValue><ssdm name="empty_11"/></StgValue>
</bind>
</comp>

<comp id="218" class="1001" name="const_218">
<pin_list>
<pin id="219" dir="1" index="0" bw="1" slack="2147483647"/>
</pin_list>
<bind>
<StgValue><ssdm name="empty_10"/></StgValue>
</bind>
</comp>

<comp id="220" class="1001" name="const_220">
<pin_list>
<pin id="221" dir="1" index="0" bw="1" slack="2147483647"/>
</pin_list>
<bind>
<StgValue><ssdm name="empty_9"/></StgValue>
</bind>
</comp>

<comp id="222" class="1001" name="const_222">
<pin_list>
<pin id="223" dir="1" index="0" bw="1" slack="2147483647"/>
</pin_list>
<bind>
<StgValue><ssdm name="empty_8"/></StgValue>
</bind>
</comp>

<comp id="224" class="1001" name="const_224">
<pin_list>
<pin id="225" dir="1" index="0" bw="1" slack="2147483647"/>
</pin_list>
<bind>
<StgValue><ssdm name="empty_13"/></StgValue>
</bind>
</comp>

<comp id="226" class="1001" name="const_226">
<pin_list>
<pin id="227" dir="1" index="0" bw="1" slack="2147483647"/>
</pin_list>
<bind>
<StgValue><ssdm name="empty_55"/></StgValue>
</bind>
</comp>

<comp id="228" class="1001" name="const_228">
<pin_list>
<pin id="229" dir="1" index="0" bw="1" slack="2147483647"/>
</pin_list>
<bind>
<StgValue><ssdm name="empty_63"/></StgValue>
</bind>
</comp>

<comp id="230" class="1001" name="const_230">
<pin_list>
<pin id="231" dir="1" index="0" bw="1" slack="2147483647"/>
</pin_list>
<bind>
<StgValue><ssdm name="empty_26"/></StgValue>
</bind>
</comp>

<comp id="232" class="1001" name="const_232">
<pin_list>
<pin id="233" dir="1" index="0" bw="1" slack="2147483647"/>
</pin_list>
<bind>
<StgValue><ssdm name="empty_16"/></StgValue>
</bind>
</comp>

<comp id="234" class="1001" name="const_234">
<pin_list>
<pin id="235" dir="1" index="0" bw="1" slack="2147483647"/>
</pin_list>
<bind>
<StgValue><ssdm name="empty_33"/></StgValue>
</bind>
</comp>

<comp id="236" class="1001" name="const_236">
<pin_list>
<pin id="237" dir="1" index="0" bw="1" slack="2147483647"/>
</pin_list>
<bind>
<StgValue><ssdm name="empty_42"/></StgValue>
</bind>
</comp>

<comp id="238" class="1001" name="const_238">
<pin_list>
<pin id="239" dir="1" index="0" bw="1" slack="2147483647"/>
</pin_list>
<bind>
<StgValue><ssdm name="empty_54"/></StgValue>
</bind>
</comp>

<comp id="240" class="1001" name="const_240">
<pin_list>
<pin id="241" dir="1" index="0" bw="1" slack="2147483647"/>
</pin_list>
<bind>
<StgValue><ssdm name="empty_53"/></StgValue>
</bind>
</comp>

<comp id="242" class="1001" name="const_242">
<pin_list>
<pin id="243" dir="1" index="0" bw="1" slack="2147483647"/>
</pin_list>
<bind>
<StgValue><ssdm name="empty_12"/></StgValue>
</bind>
</comp>

<comp id="244" class="1001" name="const_244">
<pin_list>
<pin id="245" dir="1" index="0" bw="1" slack="2147483647"/>
</pin_list>
<bind>
<StgValue><ssdm name="empty_39"/></StgValue>
</bind>
</comp>

<comp id="246" class="1001" name="const_246">
<pin_list>
<pin id="247" dir="1" index="0" bw="1" slack="2147483647"/>
</pin_list>
<bind>
<StgValue><ssdm name="empty_48"/></StgValue>
</bind>
</comp>

<comp id="248" class="1001" name="const_248">
<pin_list>
<pin id="249" dir="1" index="0" bw="1" slack="2147483647"/>
</pin_list>
<bind>
<StgValue><ssdm name="empty_27"/></StgValue>
</bind>
</comp>

<comp id="250" class="1001" name="const_250">
<pin_list>
<pin id="251" dir="1" index="0" bw="1" slack="0"/>
</pin_list>
<bind>
<StgValue><ssdm name="_ssdm_op_Read.s_axilite.i64"/></StgValue>
</bind>
</comp>

<comp id="252" class="1001" name="const_252">
<pin_list>
<pin id="253" dir="1" index="0" bw="1" slack="0"/>
</pin_list>
<bind>
<StgValue><ssdm name="_ssdm_op_Read.ap_none.i32"/></StgValue>
</bind>
</comp>

<comp id="254" class="1001" name="const_254">
<pin_list>
<pin id="255" dir="1" index="0" bw="1" slack="0"/>
</pin_list>
<bind>
<StgValue><ssdm name="_ssdm_op_PartSelect.i31.i32.i32.i32"/></StgValue>
</bind>
</comp>

<comp id="256" class="1001" name="const_256">
<pin_list>
<pin id="257" dir="1" index="0" bw="1" slack="0"/>
</pin_list>
<bind>
<StgValue><ssdm name=""/></StgValue>
</bind>
</comp>

<comp id="258" class="1001" name="const_258">
<pin_list>
<pin id="259" dir="1" index="0" bw="1" slack="2147483647"/>
</pin_list>
<bind>
<StgValue><ssdm name="_ssdm_op_SpecAXISSideChannel"/></StgValue>
</bind>
</comp>

<comp id="260" class="1001" name="const_260">
<pin_list>
<pin id="261" dir="1" index="0" bw="1" slack="2147483647"/>
</pin_list>
<bind>
<StgValue><ssdm name=""/></StgValue>
</bind>
</comp>

<comp id="262" class="1001" name="const_262">
<pin_list>
<pin id="263" dir="1" index="0" bw="1" slack="2147483647"/>
</pin_list>
<bind>
<StgValue><ssdm name="empty_17"/></StgValue>
</bind>
</comp>

<comp id="264" class="1001" name="const_264">
<pin_list>
<pin id="265" dir="1" index="0" bw="1" slack="2147483647"/>
</pin_list>
<bind>
<StgValue><ssdm name="empty_25"/></StgValue>
</bind>
</comp>

<comp id="266" class="1001" name="const_266">
<pin_list>
<pin id="267" dir="1" index="0" bw="1" slack="0"/>
</pin_list>
<bind>
<StgValue><ssdm name=""/></StgValue>
</bind>
</comp>

<comp id="268" class="1001" name="const_268">
<pin_list>
<pin id="269" dir="1" index="0" bw="1" slack="0"/>
</pin_list>
<bind>
<StgValue><ssdm name="datamover_outerloop_0_dataflow_read_write_dataflow_region"/></StgValue>
</bind>
</comp>

<comp id="270" class="1001" name="const_270">
<pin_list>
<pin id="271" dir="1" index="0" bw="1" slack="2147483647"/>
</pin_list>
<bind>
<StgValue><ssdm name="_ssdm_op_SpecLoopName"/></StgValue>
</bind>
</comp>

<comp id="272" class="1001" name="const_272">
<pin_list>
<pin id="273" dir="1" index="0" bw="1" slack="2147483647"/>
</pin_list>
<bind>
<StgValue><ssdm name="empty_21"/></StgValue>
</bind>
</comp>

<comp id="274" class="1004" name="i_fu_274">
<pin_list>
<pin id="275" dir="0" index="0" bw="1" slack="0"/>
<pin id="276" dir="1" index="1" bw="31" slack="0"/>
</pin_list>
<bind>
<opcode="alloca(26) " fcode="alloca"/>
<opset="i/1 "/>
</bind>
</comp>

<comp id="278" class="1004" name="gridSize_0_read_read_fu_278">
<pin_list>
<pin id="279" dir="0" index="0" bw="16" slack="0"/>
<pin id="280" dir="0" index="1" bw="16" slack="0"/>
<pin id="281" dir="1" index="2" bw="16" slack="0"/>
</pin_list>
<bind>
<opcode="read(1150) " fcode="read"/>
<opset="gridSize_0_read/1 "/>
</bind>
</comp>

<comp id="284" class="1004" name="range_start_1_read_read_fu_284">
<pin_list>
<pin id="285" dir="0" index="0" bw="16" slack="0"/>
<pin id="286" dir="0" index="1" bw="16" slack="0"/>
<pin id="287" dir="1" index="2" bw="16" slack="0"/>
</pin_list>
<bind>
<opcode="read(1150) " fcode="read"/>
<opset="range_start_1_read/1 "/>
</bind>
</comp>

<comp id="290" class="1004" name="range_start_0_read_read_fu_290">
<pin_list>
<pin id="291" dir="0" index="0" bw="16" slack="0"/>
<pin id="292" dir="0" index="1" bw="16" slack="0"/>
<pin id="293" dir="1" index="2" bw="16" slack="0"/>
</pin_list>
<bind>
<opcode="read(1150) " fcode="read"/>
<opset="range_start_0_read/3 "/>
</bind>
</comp>

<comp id="296" class="1004" name="arg1_b7_read_read_fu_296">
<pin_list>
<pin id="297" dir="0" index="0" bw="64" slack="0"/>
<pin id="298" dir="0" index="1" bw="64" slack="0"/>
<pin id="299" dir="1" index="2" bw="64" slack="1"/>
</pin_list>
<bind>
<opcode="read(1150) " fcode="read"/>
<opset="arg1_b7_read/4 "/>
</bind>
</comp>

<comp id="302" class="1004" name="arg1_b6_read_read_fu_302">
<pin_list>
<pin id="303" dir="0" index="0" bw="64" slack="0"/>
<pin id="304" dir="0" index="1" bw="64" slack="0"/>
<pin id="305" dir="1" index="2" bw="64" slack="1"/>
</pin_list>
<bind>
<opcode="read(1150) " fcode="read"/>
<opset="arg1_b6_read/4 "/>
</bind>
</comp>

<comp id="308" class="1004" name="arg1_b5_read_read_fu_308">
<pin_list>
<pin id="309" dir="0" index="0" bw="64" slack="0"/>
<pin id="310" dir="0" index="1" bw="64" slack="0"/>
<pin id="311" dir="1" index="2" bw="64" slack="1"/>
</pin_list>
<bind>
<opcode="read(1150) " fcode="read"/>
<opset="arg1_b5_read/4 "/>
</bind>
</comp>

<comp id="314" class="1004" name="arg1_b4_read_read_fu_314">
<pin_list>
<pin id="315" dir="0" index="0" bw="64" slack="0"/>
<pin id="316" dir="0" index="1" bw="64" slack="0"/>
<pin id="317" dir="1" index="2" bw="64" slack="1"/>
</pin_list>
<bind>
<opcode="read(1150) " fcode="read"/>
<opset="arg1_b4_read/4 "/>
</bind>
</comp>

<comp id="320" class="1004" name="arg1_b3_read_read_fu_320">
<pin_list>
<pin id="321" dir="0" index="0" bw="64" slack="0"/>
<pin id="322" dir="0" index="1" bw="64" slack="0"/>
<pin id="323" dir="1" index="2" bw="64" slack="1"/>
</pin_list>
<bind>
<opcode="read(1150) " fcode="read"/>
<opset="arg1_b3_read/4 "/>
</bind>
</comp>

<comp id="326" class="1004" name="arg1_b2_read_read_fu_326">
<pin_list>
<pin id="327" dir="0" index="0" bw="64" slack="0"/>
<pin id="328" dir="0" index="1" bw="64" slack="0"/>
<pin id="329" dir="1" index="2" bw="64" slack="1"/>
</pin_list>
<bind>
<opcode="read(1150) " fcode="read"/>
<opset="arg1_b2_read/4 "/>
</bind>
</comp>

<comp id="332" class="1004" name="arg1_b1_read_read_fu_332">
<pin_list>
<pin id="333" dir="0" index="0" bw="64" slack="0"/>
<pin id="334" dir="0" index="1" bw="64" slack="0"/>
<pin id="335" dir="1" index="2" bw="64" slack="1"/>
</pin_list>
<bind>
<opcode="read(1150) " fcode="read"/>
<opset="arg1_b1_read/4 "/>
</bind>
</comp>

<comp id="338" class="1004" name="arg1_b0_read_read_fu_338">
<pin_list>
<pin id="339" dir="0" index="0" bw="64" slack="0"/>
<pin id="340" dir="0" index="1" bw="64" slack="0"/>
<pin id="341" dir="1" index="2" bw="64" slack="1"/>
</pin_list>
<bind>
<opcode="read(1150) " fcode="read"/>
<opset="arg1_b0_read/4 "/>
</bind>
</comp>

<comp id="344" class="1004" name="arg0_b7_read_read_fu_344">
<pin_list>
<pin id="345" dir="0" index="0" bw="64" slack="0"/>
<pin id="346" dir="0" index="1" bw="64" slack="0"/>
<pin id="347" dir="1" index="2" bw="64" slack="1"/>
</pin_list>
<bind>
<opcode="read(1150) " fcode="read"/>
<opset="arg0_b7_read/4 "/>
</bind>
</comp>

<comp id="350" class="1004" name="arg0_b6_read_read_fu_350">
<pin_list>
<pin id="351" dir="0" index="0" bw="64" slack="0"/>
<pin id="352" dir="0" index="1" bw="64" slack="0"/>
<pin id="353" dir="1" index="2" bw="64" slack="1"/>
</pin_list>
<bind>
<opcode="read(1150) " fcode="read"/>
<opset="arg0_b6_read/4 "/>
</bind>
</comp>

<comp id="356" class="1004" name="arg0_b5_read_read_fu_356">
<pin_list>
<pin id="357" dir="0" index="0" bw="64" slack="0"/>
<pin id="358" dir="0" index="1" bw="64" slack="0"/>
<pin id="359" dir="1" index="2" bw="64" slack="1"/>
</pin_list>
<bind>
<opcode="read(1150) " fcode="read"/>
<opset="arg0_b5_read/4 "/>
</bind>
</comp>

<comp id="362" class="1004" name="arg0_b4_read_read_fu_362">
<pin_list>
<pin id="363" dir="0" index="0" bw="64" slack="0"/>
<pin id="364" dir="0" index="1" bw="64" slack="0"/>
<pin id="365" dir="1" index="2" bw="64" slack="1"/>
</pin_list>
<bind>
<opcode="read(1150) " fcode="read"/>
<opset="arg0_b4_read/4 "/>
</bind>
</comp>

<comp id="368" class="1004" name="arg0_b3_read_read_fu_368">
<pin_list>
<pin id="369" dir="0" index="0" bw="64" slack="0"/>
<pin id="370" dir="0" index="1" bw="64" slack="0"/>
<pin id="371" dir="1" index="2" bw="64" slack="1"/>
</pin_list>
<bind>
<opcode="read(1150) " fcode="read"/>
<opset="arg0_b3_read/4 "/>
</bind>
</comp>

<comp id="374" class="1004" name="arg0_b2_read_read_fu_374">
<pin_list>
<pin id="375" dir="0" index="0" bw="64" slack="0"/>
<pin id="376" dir="0" index="1" bw="64" slack="0"/>
<pin id="377" dir="1" index="2" bw="64" slack="1"/>
</pin_list>
<bind>
<opcode="read(1150) " fcode="read"/>
<opset="arg0_b2_read/4 "/>
</bind>
</comp>

<comp id="380" class="1004" name="arg0_b1_read_read_fu_380">
<pin_list>
<pin id="381" dir="0" index="0" bw="64" slack="0"/>
<pin id="382" dir="0" index="1" bw="64" slack="0"/>
<pin id="383" dir="1" index="2" bw="64" slack="1"/>
</pin_list>
<bind>
<opcode="read(1150) " fcode="read"/>
<opset="arg0_b1_read/4 "/>
</bind>
</comp>

<comp id="386" class="1004" name="arg0_b0_read_read_fu_386">
<pin_list>
<pin id="387" dir="0" index="0" bw="64" slack="0"/>
<pin id="388" dir="0" index="1" bw="64" slack="0"/>
<pin id="389" dir="1" index="2" bw="64" slack="1"/>
</pin_list>
<bind>
<opcode="read(1150) " fcode="read"/>
<opset="arg0_b0_read/4 "/>
</bind>
</comp>

<comp id="392" class="1004" name="total_xblocks_read_read_fu_392">
<pin_list>
<pin id="393" dir="0" index="0" bw="32" slack="0"/>
<pin id="394" dir="0" index="1" bw="32" slack="0"/>
<pin id="395" dir="1" index="2" bw="32" slack="1"/>
</pin_list>
<bind>
<opcode="read(1150) " fcode="read"/>
<opset="total_xblocks_read/4 "/>
</bind>
</comp>

<comp id="398" class="1004" name="tile_count_x_read_read_fu_398">
<pin_list>
<pin id="399" dir="0" index="0" bw="16" slack="0"/>
<pin id="400" dir="0" index="1" bw="16" slack="0"/>
<pin id="401" dir="1" index="2" bw="16" slack="1"/>
</pin_list>
<bind>
<opcode="read(1150) " fcode="read"/>
<opset="tile_count_x_read/4 "/>
</bind>
</comp>

<comp id="404" class="1004" name="last_tile_size_x_read_read_fu_404">
<pin_list>
<pin id="405" dir="0" index="0" bw="16" slack="0"/>
<pin id="406" dir="0" index="1" bw="16" slack="0"/>
<pin id="407" dir="1" index="2" bw="16" slack="1"/>
</pin_list>
<bind>
<opcode="read(1150) " fcode="read"/>
<opset="last_tile_size_x_read/4 "/>
</bind>
</comp>

<comp id="410" class="1004" name="effective_tile_size_x_read_read_fu_410">
<pin_list>
<pin id="411" dir="0" index="0" bw="16" slack="0"/>
<pin id="412" dir="0" index="1" bw="16" slack="0"/>
<pin id="413" dir="1" index="2" bw="16" slack="1"/>
</pin_list>
<bind>
<opcode="read(1150) " fcode="read"/>
<opset="effective_tile_size_x_read/4 "/>
</bind>
</comp>

<comp id="416" class="1004" name="overlap_size_x_read_read_fu_416">
<pin_list>
<pin id="417" dir="0" index="0" bw="16" slack="0"/>
<pin id="418" dir="0" index="1" bw="16" slack="0"/>
<pin id="419" dir="1" index="2" bw="16" slack="1"/>
</pin_list>
<bind>
<opcode="read(1150) " fcode="read"/>
<opset="overlap_size_x_read/4 "/>
</bind>
</comp>

<comp id="422" class="1004" name="tile_size_x_read_read_fu_422">
<pin_list>
<pin id="423" dir="0" index="0" bw="16" slack="0"/>
<pin id="424" dir="0" index="1" bw="16" slack="0"/>
<pin id="425" dir="1" index="2" bw="16" slack="1"/>
</pin_list>
<bind>
<opcode="read(1150) " fcode="read"/>
<opset="tile_size_x_read/4 "/>
</bind>
</comp>

<comp id="428" class="1004" name="outer_itr_read_read_fu_428">
<pin_list>
<pin id="429" dir="0" index="0" bw="32" slack="0"/>
<pin id="430" dir="0" index="1" bw="32" slack="0"/>
<pin id="431" dir="1" index="2" bw="32" slack="0"/>
</pin_list>
<bind>
<opcode="read(1150) " fcode="read"/>
<opset="outer_itr_read/4 "/>
</bind>
</comp>

<comp id="434" class="1004" name="gridSize_1_read_read_fu_434">
<pin_list>
<pin id="435" dir="0" index="0" bw="16" slack="0"/>
<pin id="436" dir="0" index="1" bw="16" slack="0"/>
<pin id="437" dir="1" index="2" bw="16" slack="1"/>
</pin_list>
<bind>
<opcode="read(1150) " fcode="read"/>
<opset="gridSize_1_read/4 "/>
</bind>
</comp>

<comp id="440" class="1004" name="grp_datamover_outerloop_0_dataflow_read_write_dataflow_region_fu_440">
<pin_list>
<pin id="441" dir="0" index="0" bw="0" slack="0"/>
<pin id="442" dir="0" index="1" bw="32" slack="1"/>
<pin id="443" dir="0" index="2" bw="13" slack="4"/>
<pin id="444" dir="0" index="3" bw="16" slack="1"/>
<pin id="445" dir="0" index="4" bw="16" slack="1"/>
<pin id="446" dir="0" index="5" bw="16" slack="1"/>
<pin id="447" dir="0" index="6" bw="16" slack="1"/>
<pin id="448" dir="0" index="7" bw="16" slack="1"/>
<pin id="449" dir="0" index="8" bw="16" slack="1"/>
<pin id="450" dir="0" index="9" bw="32" slack="1"/>
<pin id="451" dir="0" index="10" bw="256" slack="0"/>
<pin id="452" dir="0" index="11" bw="64" slack="1"/>
<pin id="453" dir="0" index="12" bw="256" slack="0"/>
<pin id="454" dir="0" index="13" bw="64" slack="1"/>
<pin id="455" dir="0" index="14" bw="256" slack="0"/>
<pin id="456" dir="0" index="15" bw="64" slack="1"/>
<pin id="457" dir="0" index="16" bw="256" slack="0"/>
<pin id="458" dir="0" index="17" bw="64" slack="1"/>
<pin id="459" dir="0" index="18" bw="256" slack="0"/>
<pin id="460" dir="0" index="19" bw="64" slack="1"/>
<pin id="461" dir="0" index="20" bw="256" slack="0"/>
<pin id="462" dir="0" index="21" bw="64" slack="1"/>
<pin id="463" dir="0" index="22" bw="256" slack="0"/>
<pin id="464" dir="0" index="23" bw="64" slack="1"/>
<pin id="465" dir="0" index="24" bw="256" slack="0"/>
<pin id="466" dir="0" index="25" bw="64" slack="1"/>
<pin id="467" dir="0" index="26" bw="256" slack="0"/>
<pin id="468" dir="0" index="27" bw="64" slack="1"/>
<pin id="469" dir="0" index="28" bw="256" slack="0"/>
<pin id="470" dir="0" index="29" bw="64" slack="1"/>
<pin id="471" dir="0" index="30" bw="256" slack="0"/>
<pin id="472" dir="0" index="31" bw="64" slack="1"/>
<pin id="473" dir="0" index="32" bw="256" slack="0"/>
<pin id="474" dir="0" index="33" bw="64" slack="1"/>
<pin id="475" dir="0" index="34" bw="256" slack="0"/>
<pin id="476" dir="0" index="35" bw="64" slack="1"/>
<pin id="477" dir="0" index="36" bw="256" slack="0"/>
<pin id="478" dir="0" index="37" bw="64" slack="1"/>
<pin id="479" dir="0" index="38" bw="256" slack="0"/>
<pin id="480" dir="0" index="39" bw="64" slack="1"/>
<pin id="481" dir="0" index="40" bw="256" slack="0"/>
<pin id="482" dir="0" index="41" bw="64" slack="1"/>
<pin id="483" dir="0" index="42" bw="256" slack="0"/>
<pin id="484" dir="0" index="43" bw="32" slack="0"/>
<pin id="485" dir="0" index="44" bw="32" slack="0"/>
<pin id="486" dir="0" index="45" bw="1" slack="0"/>
<pin id="487" dir="0" index="46" bw="256" slack="0"/>
<pin id="488" dir="0" index="47" bw="32" slack="0"/>
<pin id="489" dir="0" index="48" bw="32" slack="0"/>
<pin id="490" dir="0" index="49" bw="1" slack="0"/>
<pin id="491" dir="1" index="50" bw="0" slack="2147483647"/>
</pin_list>
<bind>
<opcode="call(48) " fcode="call"/>
<opset="call_ln281/5 call_ln306/7 "/>
</bind>
</comp>

<comp id="533" class="1004" name="zext_ln410_fu_533">
<pin_list>
<pin id="534" dir="0" index="0" bw="16" slack="0"/>
<pin id="535" dir="1" index="1" bw="32" slack="0"/>
</pin_list>
<bind>
<opcode="zext(34) " fcode="zext"/>
<opset="zext_ln410/1 "/>
</bind>
</comp>

<comp id="537" class="1004" name="config_grid_xblocks_fu_537">
<pin_list>
<pin id="538" dir="0" index="0" bw="13" slack="0"/>
<pin id="539" dir="0" index="1" bw="16" slack="0"/>
<pin id="540" dir="0" index="2" bw="3" slack="0"/>
<pin id="541" dir="0" index="3" bw="5" slack="0"/>
<pin id="542" dir="1" index="4" bw="13" slack="4"/>
</pin_list>
<bind>
<opcode="partselect(1002) " fcode="partselect"/>
<opset="config_grid_xblocks/1 "/>
</bind>
</comp>

<comp id="547" class="1004" name="zext_ln437_fu_547">
<pin_list>
<pin id="548" dir="0" index="0" bw="16" slack="0"/>
<pin id="549" dir="1" index="1" bw="32" slack="0"/>
</pin_list>
<bind>
<opcode="zext(34) " fcode="zext"/>
<opset="zext_ln437/1 "/>
</bind>
</comp>

<comp id="551" class="1004" name="store_ln274_store_fu_551">
<pin_list>
<pin id="552" dir="0" index="0" bw="1" slack="0"/>
<pin id="553" dir="0" index="1" bw="31" slack="0"/>
<pin id="554" dir="1" index="2" bw="0" slack="2147483647"/>
</pin_list>
<bind>
<opcode="store(28) " fcode="store"/>
<opset="store_ln274/1 "/>
</bind>
</comp>

<comp id="556" class="1004" name="zext_ln412_fu_556">
<pin_list>
<pin id="557" dir="0" index="0" bw="16" slack="0"/>
<pin id="558" dir="1" index="1" bw="32" slack="0"/>
</pin_list>
<bind>
<opcode="zext(34) " fcode="zext"/>
<opset="zext_ln412/3 "/>
</bind>
</comp>

<comp id="560" class="1004" name="trunc_ln_fu_560">
<pin_list>
<pin id="561" dir="0" index="0" bw="31" slack="0"/>
<pin id="562" dir="0" index="1" bw="32" slack="0"/>
<pin id="563" dir="0" index="2" bw="1" slack="0"/>
<pin id="564" dir="0" index="3" bw="6" slack="0"/>
<pin id="565" dir="1" index="4" bw="31" slack="1"/>
</pin_list>
<bind>
<opcode="partselect(1002) " fcode="partselect"/>
<opset="trunc_ln/4 "/>
</bind>
</comp>

<comp id="570" class="1004" name="i_4_load_fu_570">
<pin_list>
<pin id="571" dir="0" index="0" bw="31" slack="4"/>
<pin id="572" dir="1" index="1" bw="31" slack="0"/>
</pin_list>
<bind>
<opcode="load(27) " fcode="load"/>
<opset="i_4/5 "/>
</bind>
</comp>

<comp id="573" class="1004" name="icmp_ln274_fu_573">
<pin_list>
<pin id="574" dir="0" index="0" bw="31" slack="0"/>
<pin id="575" dir="0" index="1" bw="31" slack="1"/>
<pin id="576" dir="1" index="2" bw="1" slack="2147483647"/>
</pin_list>
<bind>
<opcode="icmp(45) " fcode="icmp"/>
<opset="icmp_ln274/5 "/>
</bind>
</comp>

<comp id="578" class="1004" name="i_5_fu_578">
<pin_list>
<pin id="579" dir="0" index="0" bw="31" slack="0"/>
<pin id="580" dir="0" index="1" bw="1" slack="0"/>
<pin id="581" dir="1" index="2" bw="31" slack="0"/>
</pin_list>
<bind>
<opcode="add(8) " fcode="add"/>
<opset="i_5/5 "/>
</bind>
</comp>

<comp id="584" class="1004" name="store_ln274_store_fu_584">
<pin_list>
<pin id="585" dir="0" index="0" bw="31" slack="0"/>
<pin id="586" dir="0" index="1" bw="31" slack="4"/>
<pin id="587" dir="1" index="2" bw="0" slack="2147483647"/>
</pin_list>
<bind>
<opcode="store(28) " fcode="store"/>
<opset="store_ln274/5 "/>
</bind>
</comp>

<comp id="589" class="1007" name="grp_fu_589">
<pin_list>
<pin id="590" dir="0" index="0" bw="16" slack="0"/>
<pin id="591" dir="0" index="1" bw="16" slack="0"/>
<pin id="592" dir="0" index="2" bw="16" slack="0"/>
<pin id="593" dir="1" index="3" bw="32" slack="1"/>
</pin_list>
<bind>
<opcode="muladd(1172) " fcode="muladd"/>
<opset="mul_ln447/1 config_start_offset/3 "/>
</bind>
</comp>

<comp id="597" class="1005" name="i_reg_597">
<pin_list>
<pin id="598" dir="0" index="0" bw="31" slack="0"/>
<pin id="599" dir="1" index="1" bw="31" slack="0"/>
</pin_list>
<bind>
<opset="i "/>
</bind>
</comp>

<comp id="604" class="1005" name="zext_ln410_reg_604">
<pin_list>
<pin id="605" dir="0" index="0" bw="32" slack="1"/>
<pin id="606" dir="1" index="1" bw="32" slack="1"/>
</pin_list>
<bind>
<opset="zext_ln410 "/>
</bind>
</comp>

<comp id="609" class="1005" name="config_grid_xblocks_reg_609">
<pin_list>
<pin id="610" dir="0" index="0" bw="13" slack="4"/>
<pin id="611" dir="1" index="1" bw="13" slack="4"/>
</pin_list>
<bind>
<opset="config_grid_xblocks "/>
</bind>
</comp>

<comp id="614" class="1005" name="zext_ln437_reg_614">
<pin_list>
<pin id="615" dir="0" index="0" bw="32" slack="1"/>
<pin id="616" dir="1" index="1" bw="32" slack="1"/>
</pin_list>
<bind>
<opset="zext_ln437 "/>
</bind>
</comp>

<comp id="619" class="1005" name="zext_ln412_reg_619">
<pin_list>
<pin id="620" dir="0" index="0" bw="32" slack="1"/>
<pin id="621" dir="1" index="1" bw="32" slack="1"/>
</pin_list>
<bind>
<opset="zext_ln412 "/>
</bind>
</comp>

<comp id="624" class="1005" name="arg1_b7_read_reg_624">
<pin_list>
<pin id="625" dir="0" index="0" bw="64" slack="1"/>
<pin id="626" dir="1" index="1" bw="64" slack="1"/>
</pin_list>
<bind>
<opset="arg1_b7_read "/>
</bind>
</comp>

<comp id="630" class="1005" name="arg1_b6_read_reg_630">
<pin_list>
<pin id="631" dir="0" index="0" bw="64" slack="1"/>
<pin id="632" dir="1" index="1" bw="64" slack="1"/>
</pin_list>
<bind>
<opset="arg1_b6_read "/>
</bind>
</comp>

<comp id="636" class="1005" name="arg1_b5_read_reg_636">
<pin_list>
<pin id="637" dir="0" index="0" bw="64" slack="1"/>
<pin id="638" dir="1" index="1" bw="64" slack="1"/>
</pin_list>
<bind>
<opset="arg1_b5_read "/>
</bind>
</comp>

<comp id="642" class="1005" name="arg1_b4_read_reg_642">
<pin_list>
<pin id="643" dir="0" index="0" bw="64" slack="1"/>
<pin id="644" dir="1" index="1" bw="64" slack="1"/>
</pin_list>
<bind>
<opset="arg1_b4_read "/>
</bind>
</comp>

<comp id="648" class="1005" name="arg1_b3_read_reg_648">
<pin_list>
<pin id="649" dir="0" index="0" bw="64" slack="1"/>
<pin id="650" dir="1" index="1" bw="64" slack="1"/>
</pin_list>
<bind>
<opset="arg1_b3_read "/>
</bind>
</comp>

<comp id="654" class="1005" name="arg1_b2_read_reg_654">
<pin_list>
<pin id="655" dir="0" index="0" bw="64" slack="1"/>
<pin id="656" dir="1" index="1" bw="64" slack="1"/>
</pin_list>
<bind>
<opset="arg1_b2_read "/>
</bind>
</comp>

<comp id="660" class="1005" name="arg1_b1_read_reg_660">
<pin_list>
<pin id="661" dir="0" index="0" bw="64" slack="1"/>
<pin id="662" dir="1" index="1" bw="64" slack="1"/>
</pin_list>
<bind>
<opset="arg1_b1_read "/>
</bind>
</comp>

<comp id="666" class="1005" name="arg1_b0_read_reg_666">
<pin_list>
<pin id="667" dir="0" index="0" bw="64" slack="1"/>
<pin id="668" dir="1" index="1" bw="64" slack="1"/>
</pin_list>
<bind>
<opset="arg1_b0_read "/>
</bind>
</comp>

<comp id="672" class="1005" name="arg0_b7_read_reg_672">
<pin_list>
<pin id="673" dir="0" index="0" bw="64" slack="1"/>
<pin id="674" dir="1" index="1" bw="64" slack="1"/>
</pin_list>
<bind>
<opset="arg0_b7_read "/>
</bind>
</comp>

<comp id="678" class="1005" name="arg0_b6_read_reg_678">
<pin_list>
<pin id="679" dir="0" index="0" bw="64" slack="1"/>
<pin id="680" dir="1" index="1" bw="64" slack="1"/>
</pin_list>
<bind>
<opset="arg0_b6_read "/>
</bind>
</comp>

<comp id="684" class="1005" name="arg0_b5_read_reg_684">
<pin_list>
<pin id="685" dir="0" index="0" bw="64" slack="1"/>
<pin id="686" dir="1" index="1" bw="64" slack="1"/>
</pin_list>
<bind>
<opset="arg0_b5_read "/>
</bind>
</comp>

<comp id="690" class="1005" name="arg0_b4_read_reg_690">
<pin_list>
<pin id="691" dir="0" index="0" bw="64" slack="1"/>
<pin id="692" dir="1" index="1" bw="64" slack="1"/>
</pin_list>
<bind>
<opset="arg0_b4_read "/>
</bind>
</comp>

<comp id="696" class="1005" name="arg0_b3_read_reg_696">
<pin_list>
<pin id="697" dir="0" index="0" bw="64" slack="1"/>
<pin id="698" dir="1" index="1" bw="64" slack="1"/>
</pin_list>
<bind>
<opset="arg0_b3_read "/>
</bind>
</comp>

<comp id="702" class="1005" name="arg0_b2_read_reg_702">
<pin_list>
<pin id="703" dir="0" index="0" bw="64" slack="1"/>
<pin id="704" dir="1" index="1" bw="64" slack="1"/>
</pin_list>
<bind>
<opset="arg0_b2_read "/>
</bind>
</comp>

<comp id="708" class="1005" name="arg0_b1_read_reg_708">
<pin_list>
<pin id="709" dir="0" index="0" bw="64" slack="1"/>
<pin id="710" dir="1" index="1" bw="64" slack="1"/>
</pin_list>
<bind>
<opset="arg0_b1_read "/>
</bind>
</comp>

<comp id="714" class="1005" name="arg0_b0_read_reg_714">
<pin_list>
<pin id="715" dir="0" index="0" bw="64" slack="1"/>
<pin id="716" dir="1" index="1" bw="64" slack="1"/>
</pin_list>
<bind>
<opset="arg0_b0_read "/>
</bind>
</comp>

<comp id="720" class="1005" name="total_xblocks_read_reg_720">
<pin_list>
<pin id="721" dir="0" index="0" bw="32" slack="1"/>
<pin id="722" dir="1" index="1" bw="32" slack="1"/>
</pin_list>
<bind>
<opset="total_xblocks_read "/>
</bind>
</comp>

<comp id="725" class="1005" name="tile_count_x_read_reg_725">
<pin_list>
<pin id="726" dir="0" index="0" bw="16" slack="1"/>
<pin id="727" dir="1" index="1" bw="16" slack="1"/>
</pin_list>
<bind>
<opset="tile_count_x_read "/>
</bind>
</comp>

<comp id="730" class="1005" name="last_tile_size_x_read_reg_730">
<pin_list>
<pin id="731" dir="0" index="0" bw="16" slack="1"/>
<pin id="732" dir="1" index="1" bw="16" slack="1"/>
</pin_list>
<bind>
<opset="last_tile_size_x_read "/>
</bind>
</comp>

<comp id="735" class="1005" name="effective_tile_size_x_read_reg_735">
<pin_list>
<pin id="736" dir="0" index="0" bw="16" slack="1"/>
<pin id="737" dir="1" index="1" bw="16" slack="1"/>
</pin_list>
<bind>
<opset="effective_tile_size_x_read "/>
</bind>
</comp>

<comp id="740" class="1005" name="overlap_size_x_read_reg_740">
<pin_list>
<pin id="741" dir="0" index="0" bw="16" slack="1"/>
<pin id="742" dir="1" index="1" bw="16" slack="1"/>
</pin_list>
<bind>
<opset="overlap_size_x_read "/>
</bind>
</comp>

<comp id="745" class="1005" name="tile_size_x_read_reg_745">
<pin_list>
<pin id="746" dir="0" index="0" bw="16" slack="1"/>
<pin id="747" dir="1" index="1" bw="16" slack="1"/>
</pin_list>
<bind>
<opset="tile_size_x_read "/>
</bind>
</comp>

<comp id="750" class="1005" name="gridSize_1_read_reg_750">
<pin_list>
<pin id="751" dir="0" index="0" bw="16" slack="1"/>
<pin id="752" dir="1" index="1" bw="16" slack="1"/>
</pin_list>
<bind>
<opset="gridSize_1_read "/>
</bind>
</comp>

<comp id="755" class="1005" name="config_start_offset_reg_755">
<pin_list>
<pin id="756" dir="0" index="0" bw="32" slack="1"/>
<pin id="757" dir="1" index="1" bw="32" slack="1"/>
</pin_list>
<bind>
<opset="config_start_offset "/>
</bind>
</comp>

<comp id="760" class="1005" name="trunc_ln_reg_760">
<pin_list>
<pin id="761" dir="0" index="0" bw="31" slack="1"/>
<pin id="762" dir="1" index="1" bw="31" slack="1"/>
</pin_list>
<bind>
<opset="trunc_ln "/>
</bind>
</comp>

</comp_list>

<net_list>
<net id="277"><net_src comp="106" pin="0"/><net_sink comp="274" pin=0"/></net>

<net id="282"><net_src comp="108" pin="0"/><net_sink comp="278" pin=0"/></net>

<net id="283"><net_src comp="40" pin="0"/><net_sink comp="278" pin=1"/></net>

<net id="288"><net_src comp="108" pin="0"/><net_sink comp="284" pin=0"/></net>

<net id="289"><net_src comp="36" pin="0"/><net_sink comp="284" pin=1"/></net>

<net id="294"><net_src comp="108" pin="0"/><net_sink comp="290" pin=0"/></net>

<net id="295"><net_src comp="32" pin="0"/><net_sink comp="290" pin=1"/></net>

<net id="300"><net_src comp="250" pin="0"/><net_sink comp="296" pin=0"/></net>

<net id="301"><net_src comp="88" pin="0"/><net_sink comp="296" pin=1"/></net>

<net id="306"><net_src comp="250" pin="0"/><net_sink comp="302" pin=0"/></net>

<net id="307"><net_src comp="86" pin="0"/><net_sink comp="302" pin=1"/></net>

<net id="312"><net_src comp="250" pin="0"/><net_sink comp="308" pin=0"/></net>

<net id="313"><net_src comp="84" pin="0"/><net_sink comp="308" pin=1"/></net>

<net id="318"><net_src comp="250" pin="0"/><net_sink comp="314" pin=0"/></net>

<net id="319"><net_src comp="82" pin="0"/><net_sink comp="314" pin=1"/></net>

<net id="324"><net_src comp="250" pin="0"/><net_sink comp="320" pin=0"/></net>

<net id="325"><net_src comp="80" pin="0"/><net_sink comp="320" pin=1"/></net>

<net id="330"><net_src comp="250" pin="0"/><net_sink comp="326" pin=0"/></net>

<net id="331"><net_src comp="78" pin="0"/><net_sink comp="326" pin=1"/></net>

<net id="336"><net_src comp="250" pin="0"/><net_sink comp="332" pin=0"/></net>

<net id="337"><net_src comp="76" pin="0"/><net_sink comp="332" pin=1"/></net>

<net id="342"><net_src comp="250" pin="0"/><net_sink comp="338" pin=0"/></net>

<net id="343"><net_src comp="74" pin="0"/><net_sink comp="338" pin=1"/></net>

<net id="348"><net_src comp="250" pin="0"/><net_sink comp="344" pin=0"/></net>

<net id="349"><net_src comp="72" pin="0"/><net_sink comp="344" pin=1"/></net>

<net id="354"><net_src comp="250" pin="0"/><net_sink comp="350" pin=0"/></net>

<net id="355"><net_src comp="70" pin="0"/><net_sink comp="350" pin=1"/></net>

<net id="360"><net_src comp="250" pin="0"/><net_sink comp="356" pin=0"/></net>

<net id="361"><net_src comp="68" pin="0"/><net_sink comp="356" pin=1"/></net>

<net id="366"><net_src comp="250" pin="0"/><net_sink comp="362" pin=0"/></net>

<net id="367"><net_src comp="66" pin="0"/><net_sink comp="362" pin=1"/></net>

<net id="372"><net_src comp="250" pin="0"/><net_sink comp="368" pin=0"/></net>

<net id="373"><net_src comp="64" pin="0"/><net_sink comp="368" pin=1"/></net>

<net id="378"><net_src comp="250" pin="0"/><net_sink comp="374" pin=0"/></net>

<net id="379"><net_src comp="62" pin="0"/><net_sink comp="374" pin=1"/></net>

<net id="384"><net_src comp="250" pin="0"/><net_sink comp="380" pin=0"/></net>

<net id="385"><net_src comp="60" pin="0"/><net_sink comp="380" pin=1"/></net>

<net id="390"><net_src comp="250" pin="0"/><net_sink comp="386" pin=0"/></net>

<net id="391"><net_src comp="58" pin="0"/><net_sink comp="386" pin=1"/></net>

<net id="396"><net_src comp="252" pin="0"/><net_sink comp="392" pin=0"/></net>

<net id="397"><net_src comp="56" pin="0"/><net_sink comp="392" pin=1"/></net>

<net id="402"><net_src comp="108" pin="0"/><net_sink comp="398" pin=0"/></net>

<net id="403"><net_src comp="54" pin="0"/><net_sink comp="398" pin=1"/></net>

<net id="408"><net_src comp="108" pin="0"/><net_sink comp="404" pin=0"/></net>

<net id="409"><net_src comp="52" pin="0"/><net_sink comp="404" pin=1"/></net>

<net id="414"><net_src comp="108" pin="0"/><net_sink comp="410" pin=0"/></net>

<net id="415"><net_src comp="50" pin="0"/><net_sink comp="410" pin=1"/></net>

<net id="420"><net_src comp="108" pin="0"/><net_sink comp="416" pin=0"/></net>

<net id="421"><net_src comp="48" pin="0"/><net_sink comp="416" pin=1"/></net>

<net id="426"><net_src comp="108" pin="0"/><net_sink comp="422" pin=0"/></net>

<net id="427"><net_src comp="46" pin="0"/><net_sink comp="422" pin=1"/></net>

<net id="432"><net_src comp="252" pin="0"/><net_sink comp="428" pin=0"/></net>

<net id="433"><net_src comp="44" pin="0"/><net_sink comp="428" pin=1"/></net>

<net id="438"><net_src comp="108" pin="0"/><net_sink comp="434" pin=0"/></net>

<net id="439"><net_src comp="42" pin="0"/><net_sink comp="434" pin=1"/></net>

<net id="492"><net_src comp="268" pin="0"/><net_sink comp="440" pin=0"/></net>

<net id="493"><net_src comp="0" pin="0"/><net_sink comp="440" pin=10"/></net>

<net id="494"><net_src comp="2" pin="0"/><net_sink comp="440" pin=12"/></net>

<net id="495"><net_src comp="4" pin="0"/><net_sink comp="440" pin=14"/></net>

<net id="496"><net_src comp="6" pin="0"/><net_sink comp="440" pin=16"/></net>

<net id="497"><net_src comp="8" pin="0"/><net_sink comp="440" pin=18"/></net>

<net id="498"><net_src comp="10" pin="0"/><net_sink comp="440" pin=20"/></net>

<net id="499"><net_src comp="12" pin="0"/><net_sink comp="440" pin=22"/></net>

<net id="500"><net_src comp="14" pin="0"/><net_sink comp="440" pin=24"/></net>

<net id="501"><net_src comp="16" pin="0"/><net_sink comp="440" pin=26"/></net>

<net id="502"><net_src comp="18" pin="0"/><net_sink comp="440" pin=28"/></net>

<net id="503"><net_src comp="20" pin="0"/><net_sink comp="440" pin=30"/></net>

<net id="504"><net_src comp="22" pin="0"/><net_sink comp="440" pin=32"/></net>

<net id="505"><net_src comp="24" pin="0"/><net_sink comp="440" pin=34"/></net>

<net id="506"><net_src comp="26" pin="0"/><net_sink comp="440" pin=36"/></net>

<net id="507"><net_src comp="28" pin="0"/><net_sink comp="440" pin=38"/></net>

<net id="508"><net_src comp="30" pin="0"/><net_sink comp="440" pin=40"/></net>

<net id="509"><net_src comp="90" pin="0"/><net_sink comp="440" pin=42"/></net>

<net id="510"><net_src comp="92" pin="0"/><net_sink comp="440" pin=43"/></net>

<net id="511"><net_src comp="94" pin="0"/><net_sink comp="440" pin=44"/></net>

<net id="512"><net_src comp="96" pin="0"/><net_sink comp="440" pin=45"/></net>

<net id="513"><net_src comp="98" pin="0"/><net_sink comp="440" pin=46"/></net>

<net id="514"><net_src comp="100" pin="0"/><net_sink comp="440" pin=47"/></net>

<net id="515"><net_src comp="102" pin="0"/><net_sink comp="440" pin=48"/></net>

<net id="516"><net_src comp="104" pin="0"/><net_sink comp="440" pin=49"/></net>

<net id="517"><net_src comp="16" pin="0"/><net_sink comp="440" pin=10"/></net>

<net id="518"><net_src comp="18" pin="0"/><net_sink comp="440" pin=12"/></net>

<net id="519"><net_src comp="20" pin="0"/><net_sink comp="440" pin=14"/></net>

<net id="520"><net_src comp="22" pin="0"/><net_sink comp="440" pin=16"/></net>

<net id="521"><net_src comp="24" pin="0"/><net_sink comp="440" pin=18"/></net>

<net id="522"><net_src comp="26" pin="0"/><net_sink comp="440" pin=20"/></net>

<net id="523"><net_src comp="28" pin="0"/><net_sink comp="440" pin=22"/></net>

<net id="524"><net_src comp="30" pin="0"/><net_sink comp="440" pin=24"/></net>

<net id="525"><net_src comp="0" pin="0"/><net_sink comp="440" pin=26"/></net>

<net id="526"><net_src comp="2" pin="0"/><net_sink comp="440" pin=28"/></net>

<net id="527"><net_src comp="4" pin="0"/><net_sink comp="440" pin=30"/></net>

<net id="528"><net_src comp="6" pin="0"/><net_sink comp="440" pin=32"/></net>

<net id="529"><net_src comp="8" pin="0"/><net_sink comp="440" pin=34"/></net>

<net id="530"><net_src comp="10" pin="0"/><net_sink comp="440" pin=36"/></net>

<net id="531"><net_src comp="12" pin="0"/><net_sink comp="440" pin=38"/></net>

<net id="532"><net_src comp="14" pin="0"/><net_sink comp="440" pin=40"/></net>

<net id="536"><net_src comp="278" pin="2"/><net_sink comp="533" pin=0"/></net>

<net id="543"><net_src comp="110" pin="0"/><net_sink comp="537" pin=0"/></net>

<net id="544"><net_src comp="278" pin="2"/><net_sink comp="537" pin=1"/></net>

<net id="545"><net_src comp="112" pin="0"/><net_sink comp="537" pin=2"/></net>

<net id="546"><net_src comp="114" pin="0"/><net_sink comp="537" pin=3"/></net>

<net id="550"><net_src comp="284" pin="2"/><net_sink comp="547" pin=0"/></net>

<net id="555"><net_src comp="116" pin="0"/><net_sink comp="551" pin=0"/></net>

<net id="559"><net_src comp="290" pin="2"/><net_sink comp="556" pin=0"/></net>

<net id="566"><net_src comp="254" pin="0"/><net_sink comp="560" pin=0"/></net>

<net id="567"><net_src comp="428" pin="2"/><net_sink comp="560" pin=1"/></net>

<net id="568"><net_src comp="106" pin="0"/><net_sink comp="560" pin=2"/></net>

<net id="569"><net_src comp="256" pin="0"/><net_sink comp="560" pin=3"/></net>

<net id="577"><net_src comp="570" pin="1"/><net_sink comp="573" pin=0"/></net>

<net id="582"><net_src comp="570" pin="1"/><net_sink comp="578" pin=0"/></net>

<net id="583"><net_src comp="266" pin="0"/><net_sink comp="578" pin=1"/></net>

<net id="588"><net_src comp="578" pin="2"/><net_sink comp="584" pin=0"/></net>

<net id="594"><net_src comp="533" pin="1"/><net_sink comp="589" pin=0"/></net>

<net id="595"><net_src comp="547" pin="1"/><net_sink comp="589" pin=1"/></net>

<net id="596"><net_src comp="556" pin="1"/><net_sink comp="589" pin=2"/></net>

<net id="600"><net_src comp="274" pin="1"/><net_sink comp="597" pin=0"/></net>

<net id="601"><net_src comp="597" pin="1"/><net_sink comp="551" pin=1"/></net>

<net id="602"><net_src comp="597" pin="1"/><net_sink comp="570" pin=0"/></net>

<net id="603"><net_src comp="597" pin="1"/><net_sink comp="584" pin=1"/></net>

<net id="607"><net_src comp="533" pin="1"/><net_sink comp="604" pin=0"/></net>

<net id="608"><net_src comp="604" pin="1"/><net_sink comp="589" pin=0"/></net>

<net id="612"><net_src comp="537" pin="4"/><net_sink comp="609" pin=0"/></net>

<net id="613"><net_src comp="609" pin="1"/><net_sink comp="440" pin=2"/></net>

<net id="617"><net_src comp="547" pin="1"/><net_sink comp="614" pin=0"/></net>

<net id="618"><net_src comp="614" pin="1"/><net_sink comp="589" pin=1"/></net>

<net id="622"><net_src comp="556" pin="1"/><net_sink comp="619" pin=0"/></net>

<net id="623"><net_src comp="619" pin="1"/><net_sink comp="589" pin=1"/></net>

<net id="627"><net_src comp="296" pin="2"/><net_sink comp="624" pin=0"/></net>

<net id="628"><net_src comp="624" pin="1"/><net_sink comp="440" pin=41"/></net>

<net id="629"><net_src comp="624" pin="1"/><net_sink comp="440" pin=25"/></net>

<net id="633"><net_src comp="302" pin="2"/><net_sink comp="630" pin=0"/></net>

<net id="634"><net_src comp="630" pin="1"/><net_sink comp="440" pin=39"/></net>

<net id="635"><net_src comp="630" pin="1"/><net_sink comp="440" pin=23"/></net>

<net id="639"><net_src comp="308" pin="2"/><net_sink comp="636" pin=0"/></net>

<net id="640"><net_src comp="636" pin="1"/><net_sink comp="440" pin=37"/></net>

<net id="641"><net_src comp="636" pin="1"/><net_sink comp="440" pin=21"/></net>

<net id="645"><net_src comp="314" pin="2"/><net_sink comp="642" pin=0"/></net>

<net id="646"><net_src comp="642" pin="1"/><net_sink comp="440" pin=35"/></net>

<net id="647"><net_src comp="642" pin="1"/><net_sink comp="440" pin=19"/></net>

<net id="651"><net_src comp="320" pin="2"/><net_sink comp="648" pin=0"/></net>

<net id="652"><net_src comp="648" pin="1"/><net_sink comp="440" pin=33"/></net>

<net id="653"><net_src comp="648" pin="1"/><net_sink comp="440" pin=17"/></net>

<net id="657"><net_src comp="326" pin="2"/><net_sink comp="654" pin=0"/></net>

<net id="658"><net_src comp="654" pin="1"/><net_sink comp="440" pin=31"/></net>

<net id="659"><net_src comp="654" pin="1"/><net_sink comp="440" pin=15"/></net>

<net id="663"><net_src comp="332" pin="2"/><net_sink comp="660" pin=0"/></net>

<net id="664"><net_src comp="660" pin="1"/><net_sink comp="440" pin=29"/></net>

<net id="665"><net_src comp="660" pin="1"/><net_sink comp="440" pin=13"/></net>

<net id="669"><net_src comp="338" pin="2"/><net_sink comp="666" pin=0"/></net>

<net id="670"><net_src comp="666" pin="1"/><net_sink comp="440" pin=27"/></net>

<net id="671"><net_src comp="666" pin="1"/><net_sink comp="440" pin=11"/></net>

<net id="675"><net_src comp="344" pin="2"/><net_sink comp="672" pin=0"/></net>

<net id="676"><net_src comp="672" pin="1"/><net_sink comp="440" pin=25"/></net>

<net id="677"><net_src comp="672" pin="1"/><net_sink comp="440" pin=41"/></net>

<net id="681"><net_src comp="350" pin="2"/><net_sink comp="678" pin=0"/></net>

<net id="682"><net_src comp="678" pin="1"/><net_sink comp="440" pin=23"/></net>

<net id="683"><net_src comp="678" pin="1"/><net_sink comp="440" pin=39"/></net>

<net id="687"><net_src comp="356" pin="2"/><net_sink comp="684" pin=0"/></net>

<net id="688"><net_src comp="684" pin="1"/><net_sink comp="440" pin=21"/></net>

<net id="689"><net_src comp="684" pin="1"/><net_sink comp="440" pin=37"/></net>

<net id="693"><net_src comp="362" pin="2"/><net_sink comp="690" pin=0"/></net>

<net id="694"><net_src comp="690" pin="1"/><net_sink comp="440" pin=19"/></net>

<net id="695"><net_src comp="690" pin="1"/><net_sink comp="440" pin=35"/></net>

<net id="699"><net_src comp="368" pin="2"/><net_sink comp="696" pin=0"/></net>

<net id="700"><net_src comp="696" pin="1"/><net_sink comp="440" pin=17"/></net>

<net id="701"><net_src comp="696" pin="1"/><net_sink comp="440" pin=33"/></net>

<net id="705"><net_src comp="374" pin="2"/><net_sink comp="702" pin=0"/></net>

<net id="706"><net_src comp="702" pin="1"/><net_sink comp="440" pin=15"/></net>

<net id="707"><net_src comp="702" pin="1"/><net_sink comp="440" pin=31"/></net>

<net id="711"><net_src comp="380" pin="2"/><net_sink comp="708" pin=0"/></net>

<net id="712"><net_src comp="708" pin="1"/><net_sink comp="440" pin=13"/></net>

<net id="713"><net_src comp="708" pin="1"/><net_sink comp="440" pin=29"/></net>

<net id="717"><net_src comp="386" pin="2"/><net_sink comp="714" pin=0"/></net>

<net id="718"><net_src comp="714" pin="1"/><net_sink comp="440" pin=11"/></net>

<net id="719"><net_src comp="714" pin="1"/><net_sink comp="440" pin=27"/></net>

<net id="723"><net_src comp="392" pin="2"/><net_sink comp="720" pin=0"/></net>

<net id="724"><net_src comp="720" pin="1"/><net_sink comp="440" pin=1"/></net>

<net id="728"><net_src comp="398" pin="2"/><net_sink comp="725" pin=0"/></net>

<net id="729"><net_src comp="725" pin="1"/><net_sink comp="440" pin=4"/></net>

<net id="733"><net_src comp="404" pin="2"/><net_sink comp="730" pin=0"/></net>

<net id="734"><net_src comp="730" pin="1"/><net_sink comp="440" pin=8"/></net>

<net id="738"><net_src comp="410" pin="2"/><net_sink comp="735" pin=0"/></net>

<net id="739"><net_src comp="735" pin="1"/><net_sink comp="440" pin=7"/></net>

<net id="743"><net_src comp="416" pin="2"/><net_sink comp="740" pin=0"/></net>

<net id="744"><net_src comp="740" pin="1"/><net_sink comp="440" pin=6"/></net>

<net id="748"><net_src comp="422" pin="2"/><net_sink comp="745" pin=0"/></net>

<net id="749"><net_src comp="745" pin="1"/><net_sink comp="440" pin=5"/></net>

<net id="753"><net_src comp="434" pin="2"/><net_sink comp="750" pin=0"/></net>

<net id="754"><net_src comp="750" pin="1"/><net_sink comp="440" pin=3"/></net>

<net id="758"><net_src comp="589" pin="3"/><net_sink comp="755" pin=0"/></net>

<net id="759"><net_src comp="755" pin="1"/><net_sink comp="440" pin=9"/></net>

<net id="763"><net_src comp="560" pin="4"/><net_sink comp="760" pin=0"/></net>

<net id="764"><net_src comp="760" pin="1"/><net_sink comp="573" pin=1"/></net>

</net_list>

</model> 
---------------- Datapath Model END ------------------

* FSMD analyzer results:
  - Output states:
	Port: gmem0 | {7 8 }
	Port: gmem1 | {7 8 }
	Port: gmem2 | {7 8 }
	Port: gmem3 | {7 8 }
	Port: gmem4 | {7 8 }
	Port: gmem5 | {7 8 }
	Port: gmem6 | {7 8 }
	Port: gmem7 | {7 8 }
	Port: gmem8 | {5 6 }
	Port: gmem9 | {5 6 }
	Port: gmem10 | {5 6 }
	Port: gmem11 | {5 6 }
	Port: gmem12 | {5 6 }
	Port: gmem13 | {5 6 }
	Port: gmem14 | {5 6 }
	Port: gmem15 | {5 6 }
	Port: arg0_axis_out_V_data_V | {5 6 7 8 }
	Port: arg0_axis_out_V_keep_V | {5 6 7 8 }
	Port: arg0_axis_out_V_strb_V | {5 6 7 8 }
	Port: arg0_axis_out_V_last_V | {5 6 7 8 }
 - Input state : 
	Port: datamover_outerloop_0 : gmem0 | {5 6 }
	Port: datamover_outerloop_0 : gmem1 | {5 6 }
	Port: datamover_outerloop_0 : gmem2 | {5 6 }
	Port: datamover_outerloop_0 : gmem3 | {5 6 }
	Port: datamover_outerloop_0 : gmem4 | {5 6 }
	Port: datamover_outerloop_0 : gmem5 | {5 6 }
	Port: datamover_outerloop_0 : gmem6 | {5 6 }
	Port: datamover_outerloop_0 : gmem7 | {5 6 }
	Port: datamover_outerloop_0 : gmem8 | {7 8 }
	Port: datamover_outerloop_0 : gmem9 | {7 8 }
	Port: datamover_outerloop_0 : gmem10 | {7 8 }
	Port: datamover_outerloop_0 : gmem11 | {7 8 }
	Port: datamover_outerloop_0 : gmem12 | {7 8 }
	Port: datamover_outerloop_0 : gmem13 | {7 8 }
	Port: datamover_outerloop_0 : gmem14 | {7 8 }
	Port: datamover_outerloop_0 : gmem15 | {7 8 }
	Port: datamover_outerloop_0 : range_start_0 | {3 }
	Port: datamover_outerloop_0 : range_start_1 | {1 }
	Port: datamover_outerloop_0 : gridSize_0 | {1 }
	Port: datamover_outerloop_0 : gridSize_1 | {4 }
	Port: datamover_outerloop_0 : outer_itr | {4 }
	Port: datamover_outerloop_0 : tile_size_x | {4 }
	Port: datamover_outerloop_0 : overlap_size_x | {4 }
	Port: datamover_outerloop_0 : effective_tile_size_x | {4 }
	Port: datamover_outerloop_0 : last_tile_size_x | {4 }
	Port: datamover_outerloop_0 : tile_count_x | {4 }
	Port: datamover_outerloop_0 : total_xblocks | {4 }
	Port: datamover_outerloop_0 : arg0_b0 | {4 }
	Port: datamover_outerloop_0 : arg0_b1 | {4 }
	Port: datamover_outerloop_0 : arg0_b2 | {4 }
	Port: datamover_outerloop_0 : arg0_b3 | {4 }
	Port: datamover_outerloop_0 : arg0_b4 | {4 }
	Port: datamover_outerloop_0 : arg0_b5 | {4 }
	Port: datamover_outerloop_0 : arg0_b6 | {4 }
	Port: datamover_outerloop_0 : arg0_b7 | {4 }
	Port: datamover_outerloop_0 : arg1_b0 | {4 }
	Port: datamover_outerloop_0 : arg1_b1 | {4 }
	Port: datamover_outerloop_0 : arg1_b2 | {4 }
	Port: datamover_outerloop_0 : arg1_b3 | {4 }
	Port: datamover_outerloop_0 : arg1_b4 | {4 }
	Port: datamover_outerloop_0 : arg1_b5 | {4 }
	Port: datamover_outerloop_0 : arg1_b6 | {4 }
	Port: datamover_outerloop_0 : arg1_b7 | {4 }
	Port: datamover_outerloop_0 : arg1_axis_in_V_data_V | {5 6 7 8 }
	Port: datamover_outerloop_0 : arg1_axis_in_V_keep_V | {5 6 7 8 }
	Port: datamover_outerloop_0 : arg1_axis_in_V_strb_V | {5 6 7 8 }
	Port: datamover_outerloop_0 : arg1_axis_in_V_last_V | {5 6 7 8 }
  - Chain level:
	State 1
		mul_ln447 : 1
		store_ln274 : 1
	State 2
	State 3
		config_start_offset : 1
	State 4
	State 5
		icmp_ln274 : 1
		i_5 : 1
		br_ln274 : 2
		store_ln274 : 2
	State 6
	State 7
	State 8
	State 9


============================================================
+ Verbose Summary: Datapath Resource usage 
============================================================

* Functional unit list:
|----------|----------------------------------------------------------------------|---------|---------|---------|---------|
| Operation|                            Functional Unit                           |   DSP   |  Delay  |    FF   |   LUT   |
|----------|----------------------------------------------------------------------|---------|---------|---------|---------|
|   call   | grp_datamover_outerloop_0_dataflow_read_write_dataflow_region_fu_440 |    42   | 54.8299 |  33302  |   9435  |
|----------|----------------------------------------------------------------------|---------|---------|---------|---------|
|    add   |                              i_5_fu_578                              |    0    |    0    |    0    |    38   |
|----------|----------------------------------------------------------------------|---------|---------|---------|---------|
|   icmp   |                           icmp_ln274_fu_573                          |    0    |    0    |    0    |    19   |
|----------|----------------------------------------------------------------------|---------|---------|---------|---------|
|  muladd  |                              grp_fu_589                              |    1    |    0    |    0    |    0    |
|----------|----------------------------------------------------------------------|---------|---------|---------|---------|
|          |                      gridSize_0_read_read_fu_278                     |    0    |    0    |    0    |    0    |
|          |                    range_start_1_read_read_fu_284                    |    0    |    0    |    0    |    0    |
|          |                    range_start_0_read_read_fu_290                    |    0    |    0    |    0    |    0    |
|          |                       arg1_b7_read_read_fu_296                       |    0    |    0    |    0    |    0    |
|          |                       arg1_b6_read_read_fu_302                       |    0    |    0    |    0    |    0    |
|          |                       arg1_b5_read_read_fu_308                       |    0    |    0    |    0    |    0    |
|          |                       arg1_b4_read_read_fu_314                       |    0    |    0    |    0    |    0    |
|          |                       arg1_b3_read_read_fu_320                       |    0    |    0    |    0    |    0    |
|          |                       arg1_b2_read_read_fu_326                       |    0    |    0    |    0    |    0    |
|          |                       arg1_b1_read_read_fu_332                       |    0    |    0    |    0    |    0    |
|          |                       arg1_b0_read_read_fu_338                       |    0    |    0    |    0    |    0    |
|          |                       arg0_b7_read_read_fu_344                       |    0    |    0    |    0    |    0    |
|          |                       arg0_b6_read_read_fu_350                       |    0    |    0    |    0    |    0    |
|   read   |                       arg0_b5_read_read_fu_356                       |    0    |    0    |    0    |    0    |
|          |                       arg0_b4_read_read_fu_362                       |    0    |    0    |    0    |    0    |
|          |                       arg0_b3_read_read_fu_368                       |    0    |    0    |    0    |    0    |
|          |                       arg0_b2_read_read_fu_374                       |    0    |    0    |    0    |    0    |
|          |                       arg0_b1_read_read_fu_380                       |    0    |    0    |    0    |    0    |
|          |                       arg0_b0_read_read_fu_386                       |    0    |    0    |    0    |    0    |
|          |                    total_xblocks_read_read_fu_392                    |    0    |    0    |    0    |    0    |
|          |                     tile_count_x_read_read_fu_398                    |    0    |    0    |    0    |    0    |
|          |                   last_tile_size_x_read_read_fu_404                  |    0    |    0    |    0    |    0    |
|          |                effective_tile_size_x_read_read_fu_410                |    0    |    0    |    0    |    0    |
|          |                    overlap_size_x_read_read_fu_416                   |    0    |    0    |    0    |    0    |
|          |                     tile_size_x_read_read_fu_422                     |    0    |    0    |    0    |    0    |
|          |                      outer_itr_read_read_fu_428                      |    0    |    0    |    0    |    0    |
|          |                      gridSize_1_read_read_fu_434                     |    0    |    0    |    0    |    0    |
|----------|----------------------------------------------------------------------|---------|---------|---------|---------|
|          |                           zext_ln410_fu_533                          |    0    |    0    |    0    |    0    |
|   zext   |                           zext_ln437_fu_547                          |    0    |    0    |    0    |    0    |
|          |                           zext_ln412_fu_556                          |    0    |    0    |    0    |    0    |
|----------|----------------------------------------------------------------------|---------|---------|---------|---------|
|partselect|                      config_grid_xblocks_fu_537                      |    0    |    0    |    0    |    0    |
|          |                            trunc_ln_fu_560                           |    0    |    0    |    0    |    0    |
|----------|----------------------------------------------------------------------|---------|---------|---------|---------|
|   Total  |                                                                      |    43   | 54.8299 |  33302  |   9492  |
|----------|----------------------------------------------------------------------|---------|---------|---------|---------|

Memories:
N/A

* Register list:
+----------------------------------+--------+
|                                  |   FF   |
+----------------------------------+--------+
|       arg0_b0_read_reg_714       |   64   |
|       arg0_b1_read_reg_708       |   64   |
|       arg0_b2_read_reg_702       |   64   |
|       arg0_b3_read_reg_696       |   64   |
|       arg0_b4_read_reg_690       |   64   |
|       arg0_b5_read_reg_684       |   64   |
|       arg0_b6_read_reg_678       |   64   |
|       arg0_b7_read_reg_672       |   64   |
|       arg1_b0_read_reg_666       |   64   |
|       arg1_b1_read_reg_660       |   64   |
|       arg1_b2_read_reg_654       |   64   |
|       arg1_b3_read_reg_648       |   64   |
|       arg1_b4_read_reg_642       |   64   |
|       arg1_b5_read_reg_636       |   64   |
|       arg1_b6_read_reg_630       |   64   |
|       arg1_b7_read_reg_624       |   64   |
|    config_grid_xblocks_reg_609   |   13   |
|    config_start_offset_reg_755   |   32   |
|effective_tile_size_x_read_reg_735|   16   |
|      gridSize_1_read_reg_750     |   16   |
|             i_reg_597            |   31   |
|   last_tile_size_x_read_reg_730  |   16   |
|    overlap_size_x_read_reg_740   |   16   |
|     tile_count_x_read_reg_725    |   16   |
|     tile_size_x_read_reg_745     |   16   |
|    total_xblocks_read_reg_720    |   32   |
|         trunc_ln_reg_760         |   31   |
|        zext_ln410_reg_604        |   32   |
|        zext_ln412_reg_619        |   32   |
|        zext_ln437_reg_614        |   32   |
+----------------------------------+--------+
|               Total              |  1355  |
+----------------------------------+--------+

* Multiplexer (MUX) list: 
|----------------------------------------------------------------------|------|------|------|--------||---------||---------|
|                                 Comp                                 |  Pin | Size |  BW  | S x BW ||  Delay  ||   LUT   |
|----------------------------------------------------------------------|------|------|------|--------||---------||---------|
| grp_datamover_outerloop_0_dataflow_read_write_dataflow_region_fu_440 |  p10 |   2  |  256 |   512  ||    9    |
| grp_datamover_outerloop_0_dataflow_read_write_dataflow_region_fu_440 |  p11 |   2  |  64  |   128  ||    9    |
| grp_datamover_outerloop_0_dataflow_read_write_dataflow_region_fu_440 |  p12 |   2  |  256 |   512  ||    9    |
| grp_datamover_outerloop_0_dataflow_read_write_dataflow_region_fu_440 |  p13 |   2  |  64  |   128  ||    9    |
| grp_datamover_outerloop_0_dataflow_read_write_dataflow_region_fu_440 |  p14 |   2  |  256 |   512  ||    9    |
| grp_datamover_outerloop_0_dataflow_read_write_dataflow_region_fu_440 |  p15 |   2  |  64  |   128  ||    9    |
| grp_datamover_outerloop_0_dataflow_read_write_dataflow_region_fu_440 |  p16 |   2  |  256 |   512  ||    9    |
| grp_datamover_outerloop_0_dataflow_read_write_dataflow_region_fu_440 |  p17 |   2  |  64  |   128  ||    9    |
| grp_datamover_outerloop_0_dataflow_read_write_dataflow_region_fu_440 |  p18 |   2  |  256 |   512  ||    9    |
| grp_datamover_outerloop_0_dataflow_read_write_dataflow_region_fu_440 |  p19 |   2  |  64  |   128  ||    9    |
| grp_datamover_outerloop_0_dataflow_read_write_dataflow_region_fu_440 |  p20 |   2  |  256 |   512  ||    9    |
| grp_datamover_outerloop_0_dataflow_read_write_dataflow_region_fu_440 |  p21 |   2  |  64  |   128  ||    9    |
| grp_datamover_outerloop_0_dataflow_read_write_dataflow_region_fu_440 |  p22 |   2  |  256 |   512  ||    9    |
| grp_datamover_outerloop_0_dataflow_read_write_dataflow_region_fu_440 |  p23 |   2  |  64  |   128  ||    9    |
| grp_datamover_outerloop_0_dataflow_read_write_dataflow_region_fu_440 |  p24 |   2  |  256 |   512  ||    9    |
| grp_datamover_outerloop_0_dataflow_read_write_dataflow_region_fu_440 |  p25 |   2  |  64  |   128  ||    9    |
| grp_datamover_outerloop_0_dataflow_read_write_dataflow_region_fu_440 |  p26 |   2  |  256 |   512  ||    9    |
| grp_datamover_outerloop_0_dataflow_read_write_dataflow_region_fu_440 |  p27 |   2  |  64  |   128  ||    9    |
| grp_datamover_outerloop_0_dataflow_read_write_dataflow_region_fu_440 |  p28 |   2  |  256 |   512  ||    9    |
| grp_datamover_outerloop_0_dataflow_read_write_dataflow_region_fu_440 |  p29 |   2  |  64  |   128  ||    9    |
| grp_datamover_outerloop_0_dataflow_read_write_dataflow_region_fu_440 |  p30 |   2  |  256 |   512  ||    9    |
| grp_datamover_outerloop_0_dataflow_read_write_dataflow_region_fu_440 |  p31 |   2  |  64  |   128  ||    9    |
| grp_datamover_outerloop_0_dataflow_read_write_dataflow_region_fu_440 |  p32 |   2  |  256 |   512  ||    9    |
| grp_datamover_outerloop_0_dataflow_read_write_dataflow_region_fu_440 |  p33 |   2  |  64  |   128  ||    9    |
| grp_datamover_outerloop_0_dataflow_read_write_dataflow_region_fu_440 |  p34 |   2  |  256 |   512  ||    9    |
| grp_datamover_outerloop_0_dataflow_read_write_dataflow_region_fu_440 |  p35 |   2  |  64  |   128  ||    9    |
| grp_datamover_outerloop_0_dataflow_read_write_dataflow_region_fu_440 |  p36 |   2  |  256 |   512  ||    9    |
| grp_datamover_outerloop_0_dataflow_read_write_dataflow_region_fu_440 |  p37 |   2  |  64  |   128  ||    9    |
| grp_datamover_outerloop_0_dataflow_read_write_dataflow_region_fu_440 |  p38 |   2  |  256 |   512  ||    9    |
| grp_datamover_outerloop_0_dataflow_read_write_dataflow_region_fu_440 |  p39 |   2  |  64  |   128  ||    9    |
| grp_datamover_outerloop_0_dataflow_read_write_dataflow_region_fu_440 |  p40 |   2  |  256 |   512  ||    9    |
| grp_datamover_outerloop_0_dataflow_read_write_dataflow_region_fu_440 |  p41 |   2  |  64  |   128  ||    9    |
|                              grp_fu_589                              |  p0  |   2  |  16  |   32   ||    9    |
|                              grp_fu_589                              |  p1  |   3  |  16  |   48   ||    14   |
|----------------------------------------------------------------------|------|------|------|--------||---------||---------|
|                                 Total                                |      |      |      |  10320 || 13.1909 ||   311   |
|----------------------------------------------------------------------|------|------|------|--------||---------||---------|



* Summary:
+-----------+--------+--------+--------+--------+
|           |   DSP  |  Delay |   FF   |   LUT  |
+-----------+--------+--------+--------+--------+
|  Function |   43   |   54   |  33302 |  9492  |
|   Memory  |    -   |    -   |    -   |    -   |
|Multiplexer|    -   |   13   |    -   |   311  |
|  Register |    -   |    -   |  1355  |    -   |
+-----------+--------+--------+--------+--------+
|   Total   |   43   |   68   |  34657 |  9803  |
+-----------+--------+--------+--------+--------+
