/scratch/hpc-prf-acgasm/beniel/ops-hls-batching-tiling-artifacts/codegen_apps/tiling/poisson2d/u280_project/maxtile_8192_p60/hls/build/hw/temp_dir/datamover_outerloop_0/datamover_outerloop_0/datamover_outerloop_0/solution/.autopilot/db/datamover_outerloop_0.pp.0.cpp:1329:7: warning: Added loop label VITIS_LOOP_1211_1:   [xilinx-label-all-loops]
      for (i = 0; i < __N - 1; ++i) {
      ^~~
      VITIS_LOOP_1211_1: 
/scratch/hpc-prf-acgasm/beniel/ops-hls-batching-tiling-artifacts/codegen_apps/tiling/poisson2d/u280_project/maxtile_8192_p60/hls/build/hw/temp_dir/datamover_outerloop_0/datamover_outerloop_0/datamover_outerloop_0/solution/.autopilot/db/datamover_outerloop_0.pp.0.cpp:1329:7: note: FIX-IT applied suggested code changes
/scratch/hpc-prf-acgasm/beniel/ops-hls-batching-tiling-artifacts/codegen_apps/tiling/poisson2d/u280_project/maxtile_8192_p60/hls/build/hw/temp_dir/datamover_outerloop_0/datamover_outerloop_0/datamover_outerloop_0/solution/.autopilot/db/datamover_outerloop_0.pp.0.cpp:2303:5: warning: Added loop label VITIS_LOOP_676_1:   [xilinx-label-all-loops]
    for (unsigned i = low; i != high; ++i) {
    ^~~
    VITIS_LOOP_676_1: 
/scratch/hpc-prf-acgasm/beniel/ops-hls-batching-tiling-artifacts/codegen_apps/tiling/poisson2d/u280_project/maxtile_8192_p60/hls/build/hw/temp_dir/datamover_outerloop_0/datamover_outerloop_0/datamover_outerloop_0/solution/.autopilot/db/datamover_outerloop_0.pp.0.cpp:2303:5: note: FIX-IT applied suggested code changes
/scratch/hpc-prf-acgasm/beniel/ops-hls-batching-tiling-artifacts/codegen_apps/tiling/poisson2d/u280_project/maxtile_8192_p60/hls/build/hw/temp_dir/datamover_outerloop_0/datamover_outerloop_0/datamover_outerloop_0/solution/.autopilot/db/datamover_outerloop_0.pp.0.cpp:2317:5: warning: Added loop label VITIS_LOOP_690_1:   [xilinx-label-all-loops]
    for (unsigned i = low; i != high; ++i) {
    ^~~
    VITIS_LOOP_690_1: 
/scratch/hpc-prf-acgasm/beniel/ops-hls-batching-tiling-artifacts/codegen_apps/tiling/poisson2d/u280_project/maxtile_8192_p60/hls/build/hw/temp_dir/datamover_outerloop_0/datamover_outerloop_0/datamover_outerloop_0/solution/.autopilot/db/datamover_outerloop_0.pp.0.cpp:2317:5: note: FIX-IT applied suggested code changes
/scratch/hpc-prf-acgasm/beniel/ops-hls-batching-tiling-artifacts/codegen_apps/tiling/poisson2d/u280_project/maxtile_8192_p60/hls/build/hw/temp_dir/datamover_outerloop_0/datamover_outerloop_0/datamover_outerloop_0/solution/.autopilot/db/datamover_outerloop_0.pp.0.cpp:2331:5: warning: Added loop label VITIS_LOOP_704_1:   [xilinx-label-all-loops]
    for (unsigned i = low; i != high; ++i) {
    ^~~
    VITIS_LOOP_704_1: 
/scratch/hpc-prf-acgasm/beniel/ops-hls-batching-tiling-artifacts/codegen_apps/tiling/poisson2d/u280_project/maxtile_8192_p60/hls/build/hw/temp_dir/datamover_outerloop_0/datamover_outerloop_0/datamover_outerloop_0/solution/.autopilot/db/datamover_outerloop_0.pp.0.cpp:2331:5: note: FIX-IT applied suggested code changes
/scratch/hpc-prf-acgasm/beniel/ops-hls-batching-tiling-artifacts/codegen_apps/tiling/poisson2d/u280_project/maxtile_8192_p60/hls/build/hw/temp_dir/datamover_outerloop_0/datamover_outerloop_0/datamover_outerloop_0/solution/.autopilot/db/datamover_outerloop_0.pp.0.cpp:3942:7: warning: Added loop label VITIS_LOOP_1245_1:   [xilinx-label-all-loops]
      for (i = 0; i < __N - 1; ++i) {
      ^~~
      VITIS_LOOP_1245_1: 
/scratch/hpc-prf-acgasm/beniel/ops-hls-batching-tiling-artifacts/codegen_apps/tiling/poisson2d/u280_project/maxtile_8192_p60/hls/build/hw/temp_dir/datamover_outerloop_0/datamover_outerloop_0/datamover_outerloop_0/solution/.autopilot/db/datamover_outerloop_0.pp.0.cpp:3942:7: note: FIX-IT applied suggested code changes
/scratch/hpc-prf-acgasm/beniel/ops-hls-batching-tiling-artifacts/codegen_apps/tiling/poisson2d/u280_project/maxtile_8192_p60/hls/build/hw/temp_dir/datamover_outerloop_0/datamover_outerloop_0/datamover_outerloop_0/solution/.autopilot/db/datamover_outerloop_0.pp.0.cpp:12811:5: warning: Added loop label VITIS_LOOP_24_1:   [xilinx-label-all-loops]
    for (unsigned int i = 0; i < N; i++)
    ^~~
    VITIS_LOOP_24_1: 
/scratch/hpc-prf-acgasm/beniel/ops-hls-batching-tiling-artifacts/codegen_apps/tiling/poisson2d/u280_project/maxtile_8192_p60/hls/build/hw/temp_dir/datamover_outerloop_0/datamover_outerloop_0/datamover_outerloop_0/solution/.autopilot/db/datamover_outerloop_0.pp.0.cpp:12811:5: note: FIX-IT applied suggested code changes
/scratch/hpc-prf-acgasm/beniel/ops-hls-batching-tiling-artifacts/codegen_apps/tiling/poisson2d/u280_project/maxtile_8192_p60/hls/build/hw/temp_dir/datamover_outerloop_0/datamover_outerloop_0/datamover_outerloop_0/solution/.autopilot/db/datamover_outerloop_0.pp.0.cpp:12828:5: warning: Added loop label VITIS_LOOP_41_1:   [xilinx-label-all-loops]
    for (unsigned int i = 0; i < N; i++)
    ^~~
    VITIS_LOOP_41_1: 
/scratch/hpc-prf-acgasm/beniel/ops-hls-batching-tiling-artifacts/codegen_apps/tiling/poisson2d/u280_project/maxtile_8192_p60/hls/build/hw/temp_dir/datamover_outerloop_0/datamover_outerloop_0/datamover_outerloop_0/solution/.autopilot/db/datamover_outerloop_0.pp.0.cpp:12828:5: note: FIX-IT applied suggested code changes
/scratch/hpc-prf-acgasm/beniel/ops-hls-batching-tiling-artifacts/codegen_apps/tiling/poisson2d/u280_project/maxtile_8192_p60/hls/build/hw/temp_dir/datamover_outerloop_0/datamover_outerloop_0/datamover_outerloop_0/solution/.autopilot/db/datamover_outerloop_0.pp.0.cpp:33088:2: warning: Added loop label VITIS_LOOP_126_1:   [xilinx-label-all-loops]
 for (unsigned int pkt = 0; pkt < num_strm_pkts_per_beat; pkt++)
 ^~~
 VITIS_LOOP_126_1: 
/scratch/hpc-prf-acgasm/beniel/ops-hls-batching-tiling-artifacts/codegen_apps/tiling/poisson2d/u280_project/maxtile_8192_p60/hls/build/hw/temp_dir/datamover_outerloop_0/datamover_outerloop_0/datamover_outerloop_0/solution/.autopilot/db/datamover_outerloop_0.pp.0.cpp:33088:2: note: FIX-IT applied suggested code changes
/scratch/hpc-prf-acgasm/beniel/ops-hls-batching-tiling-artifacts/codegen_apps/tiling/poisson2d/u280_project/maxtile_8192_p60/hls/build/hw/temp_dir/datamover_outerloop_0/datamover_outerloop_0/datamover_outerloop_0/solution/.autopilot/db/datamover_outerloop_0.pp.0.cpp:33131:2: warning: Added loop label VITIS_LOOP_180_1:   [xilinx-label-all-loops]
 for (unsigned int pkt = 0; pkt < num_strm_pkts_per_beat; pkt++)
 ^~~
 VITIS_LOOP_180_1: 
/scratch/hpc-prf-acgasm/beniel/ops-hls-batching-tiling-artifacts/codegen_apps/tiling/poisson2d/u280_project/maxtile_8192_p60/hls/build/hw/temp_dir/datamover_outerloop_0/datamover_outerloop_0/datamover_outerloop_0/solution/.autopilot/db/datamover_outerloop_0.pp.0.cpp:33131:2: note: FIX-IT applied suggested code changes
/scratch/hpc-prf-acgasm/beniel/ops-hls-batching-tiling-artifacts/codegen_apps/tiling/poisson2d/u280_project/maxtile_8192_p60/hls/build/hw/temp_dir/datamover_outerloop_0/datamover_outerloop_0/datamover_outerloop_0/solution/.autopilot/db/datamover_outerloop_0.pp.0.cpp:33174:2: warning: Added loop label VITIS_LOOP_258_1:   [xilinx-label-all-loops]
 for (unsigned int idx = 0; idx < num_data_per_axis_pkt; idx++)
 ^~~
 VITIS_LOOP_258_1: 
/scratch/hpc-prf-acgasm/beniel/ops-hls-batching-tiling-artifacts/codegen_apps/tiling/poisson2d/u280_project/maxtile_8192_p60/hls/build/hw/temp_dir/datamover_outerloop_0/datamover_outerloop_0/datamover_outerloop_0/solution/.autopilot/db/datamover_outerloop_0.pp.0.cpp:33174:2: note: FIX-IT applied suggested code changes
/scratch/hpc-prf-acgasm/beniel/ops-hls-batching-tiling-artifacts/codegen_apps/tiling/poisson2d/u280_project/maxtile_8192_p60/hls/build/hw/temp_dir/datamover_outerloop_0/datamover_outerloop_0/datamover_outerloop_0/solution/.autopilot/db/datamover_outerloop_0.pp.0.cpp:33223:2: warning: Added loop label VITIS_LOOP_307_1:   [xilinx-label-all-loops]
 for (unsigned int pkt = 0; pkt < num_strm_pkts_per_beat; pkt++)
 ^~~
 VITIS_LOOP_307_1: 
/scratch/hpc-prf-acgasm/beniel/ops-hls-batching-tiling-artifacts/codegen_apps/tiling/poisson2d/u280_project/maxtile_8192_p60/hls/build/hw/temp_dir/datamover_outerloop_0/datamover_outerloop_0/datamover_outerloop_0/solution/.autopilot/db/datamover_outerloop_0.pp.0.cpp:33223:2: note: FIX-IT applied suggested code changes
/scratch/hpc-prf-acgasm/beniel/ops-hls-batching-tiling-artifacts/codegen_apps/tiling/poisson2d/u280_project/maxtile_8192_p60/hls/build/hw/temp_dir/datamover_outerloop_0/datamover_outerloop_0/datamover_outerloop_0/solution/.autopilot/db/datamover_outerloop_0.pp.0.cpp:33270:2: warning: Added loop label VITIS_LOOP_389_1:   [xilinx-label-all-loops]
 for (unsigned int idx = 0; idx < num_data_per_strm_pkt; idx++)
 ^~~
 VITIS_LOOP_389_1: 
/scratch/hpc-prf-acgasm/beniel/ops-hls-batching-tiling-artifacts/codegen_apps/tiling/poisson2d/u280_project/maxtile_8192_p60/hls/build/hw/temp_dir/datamover_outerloop_0/datamover_outerloop_0/datamover_outerloop_0/solution/.autopilot/db/datamover_outerloop_0.pp.0.cpp:33270:2: note: FIX-IT applied suggested code changes
/scratch/hpc-prf-acgasm/beniel/ops-hls-batching-tiling-artifacts/codegen_apps/tiling/poisson2d/u280_project/maxtile_8192_p60/hls/build/hw/temp_dir/datamover_outerloop_0/datamover_outerloop_0/datamover_outerloop_0/solution/.autopilot/db/datamover_outerloop_0.pp.0.cpp:33306:2: warning: Added loop label VITIS_LOOP_456_1:   [xilinx-label-all-loops]
 for (unsigned int beat = 0; beat < burst_beats; beat++)
 ^~~
 VITIS_LOOP_456_1: 
/scratch/hpc-prf-acgasm/beniel/ops-hls-batching-tiling-artifacts/codegen_apps/tiling/poisson2d/u280_project/maxtile_8192_p60/hls/build/hw/temp_dir/datamover_outerloop_0/datamover_outerloop_0/datamover_outerloop_0/solution/.autopilot/db/datamover_outerloop_0.pp.0.cpp:33306:2: note: FIX-IT applied suggested code changes
/scratch/hpc-prf-acgasm/beniel/ops-hls-batching-tiling-artifacts/codegen_apps/tiling/poisson2d/u280_project/maxtile_8192_p60/hls/build/hw/temp_dir/datamover_outerloop_0/datamover_outerloop_0/datamover_outerloop_0/solution/.autopilot/db/datamover_outerloop_0.pp.0.cpp:33316:2: warning: Added loop label VITIS_LOOP_478_2:   [xilinx-label-all-loops]
 for (unsigned int beat = 0; beat < non_burst_beats; beat++)
 ^~~
 VITIS_LOOP_478_2: 
/scratch/hpc-prf-acgasm/beniel/ops-hls-batching-tiling-artifacts/codegen_apps/tiling/poisson2d/u280_project/maxtile_8192_p60/hls/build/hw/temp_dir/datamover_outerloop_0/datamover_outerloop_0/datamover_outerloop_0/solution/.autopilot/db/datamover_outerloop_0.pp.0.cpp:33316:2: note: FIX-IT applied suggested code changes
/scratch/hpc-prf-acgasm/beniel/ops-hls-batching-tiling-artifacts/codegen_apps/tiling/poisson2d/u280_project/maxtile_8192_p60/hls/build/hw/temp_dir/datamover_outerloop_0/datamover_outerloop_0/datamover_outerloop_0/solution/.autopilot/db/datamover_outerloop_0.pp.0.cpp:33344:2: warning: Added loop label VITIS_LOOP_529_1:   [xilinx-label-all-loops]
 for (unsigned int beat = 0; beat < num_beats; beat++)
 ^~~
 VITIS_LOOP_529_1: 
/scratch/hpc-prf-acgasm/beniel/ops-hls-batching-tiling-artifacts/codegen_apps/tiling/poisson2d/u280_project/maxtile_8192_p60/hls/build/hw/temp_dir/datamover_outerloop_0/datamover_outerloop_0/datamover_outerloop_0/solution/.autopilot/db/datamover_outerloop_0.pp.0.cpp:33344:2: note: FIX-IT applied suggested code changes
/scratch/hpc-prf-acgasm/beniel/ops-hls-batching-tiling-artifacts/codegen_apps/tiling/poisson2d/u280_project/maxtile_8192_p60/hls/build/hw/temp_dir/datamover_outerloop_0/datamover_outerloop_0/datamover_outerloop_0/solution/.autopilot/db/datamover_outerloop_0.pp.0.cpp:33369:5: warning: Added loop label VITIS_LOOP_602_1:   [xilinx-label-all-loops]
    for (unsigned int beat = 0; beat < burst_beats; beat++)
    ^~~
    VITIS_LOOP_602_1: 
/scratch/hpc-prf-acgasm/beniel/ops-hls-batching-tiling-artifacts/codegen_apps/tiling/poisson2d/u280_project/maxtile_8192_p60/hls/build/hw/temp_dir/datamover_outerloop_0/datamover_outerloop_0/datamover_outerloop_0/solution/.autopilot/db/datamover_outerloop_0.pp.0.cpp:33369:5: note: FIX-IT applied suggested code changes
/scratch/hpc-prf-acgasm/beniel/ops-hls-batching-tiling-artifacts/codegen_apps/tiling/poisson2d/u280_project/maxtile_8192_p60/hls/build/hw/temp_dir/datamover_outerloop_0/datamover_outerloop_0/datamover_outerloop_0/solution/.autopilot/db/datamover_outerloop_0.pp.0.cpp:33375:9: warning: Added loop label VITIS_LOOP_608_2:   [xilinx-label-all-loops]
        for (unsigned int i = 0; i < pkts_per_beat; i++)
        ^~~
        VITIS_LOOP_608_2: 
/scratch/hpc-prf-acgasm/beniel/ops-hls-batching-tiling-artifacts/codegen_apps/tiling/poisson2d/u280_project/maxtile_8192_p60/hls/build/hw/temp_dir/datamover_outerloop_0/datamover_outerloop_0/datamover_outerloop_0/solution/.autopilot/db/datamover_outerloop_0.pp.0.cpp:33375:9: note: FIX-IT applied suggested code changes
/scratch/hpc-prf-acgasm/beniel/ops-hls-batching-tiling-artifacts/codegen_apps/tiling/poisson2d/u280_project/maxtile_8192_p60/hls/build/hw/temp_dir/datamover_outerloop_0/datamover_outerloop_0/datamover_outerloop_0/solution/.autopilot/db/datamover_outerloop_0.pp.0.cpp:33384:5: warning: Added loop label VITIS_LOOP_630_3:   [xilinx-label-all-loops]
    for (unsigned int beat = 0; beat < non_burst_beats; beat++)
    ^~~
    VITIS_LOOP_630_3: 
/scratch/hpc-prf-acgasm/beniel/ops-hls-batching-tiling-artifacts/codegen_apps/tiling/poisson2d/u280_project/maxtile_8192_p60/hls/build/hw/temp_dir/datamover_outerloop_0/datamover_outerloop_0/datamover_outerloop_0/solution/.autopilot/db/datamover_outerloop_0.pp.0.cpp:33384:5: note: FIX-IT applied suggested code changes
/scratch/hpc-prf-acgasm/beniel/ops-hls-batching-tiling-artifacts/codegen_apps/tiling/poisson2d/u280_project/maxtile_8192_p60/hls/build/hw/temp_dir/datamover_outerloop_0/datamover_outerloop_0/datamover_outerloop_0/solution/.autopilot/db/datamover_outerloop_0.pp.0.cpp:33390:9: warning: Added loop label VITIS_LOOP_636_4:   [xilinx-label-all-loops]
        for (unsigned int i = 0; i < pkts_per_beat; i++)
        ^~~
        VITIS_LOOP_636_4: 
/scratch/hpc-prf-acgasm/beniel/ops-hls-batching-tiling-artifacts/codegen_apps/tiling/poisson2d/u280_project/maxtile_8192_p60/hls/build/hw/temp_dir/datamover_outerloop_0/datamover_outerloop_0/datamover_outerloop_0/solution/.autopilot/db/datamover_outerloop_0.pp.0.cpp:33390:9: note: FIX-IT applied suggested code changes
/scratch/hpc-prf-acgasm/beniel/ops-hls-batching-tiling-artifacts/codegen_apps/tiling/poisson2d/u280_project/maxtile_8192_p60/hls/build/hw/temp_dir/datamover_outerloop_0/datamover_outerloop_0/datamover_outerloop_0/solution/.autopilot/db/datamover_outerloop_0.pp.0.cpp:33421:3: warning: Added loop label VITIS_LOOP_784_1:   [xilinx-label-all-loops]
  for (unsigned short k = config.start_z; k < config.end_z; k++)
  ^~~
  VITIS_LOOP_784_1: 
/scratch/hpc-prf-acgasm/beniel/ops-hls-batching-tiling-artifacts/codegen_apps/tiling/poisson2d/u280_project/maxtile_8192_p60/hls/build/hw/temp_dir/datamover_outerloop_0/datamover_outerloop_0/datamover_outerloop_0/solution/.autopilot/db/datamover_outerloop_0.pp.0.cpp:33421:3: note: FIX-IT applied suggested code changes
/scratch/hpc-prf-acgasm/beniel/ops-hls-batching-tiling-artifacts/codegen_apps/tiling/poisson2d/u280_project/maxtile_8192_p60/hls/build/hw/temp_dir/datamover_outerloop_0/datamover_outerloop_0/datamover_outerloop_0/solution/.autopilot/db/datamover_outerloop_0.pp.0.cpp:33423:4: warning: Added loop label VITIS_LOOP_786_2:   [xilinx-label-all-loops]
   for (unsigned short j = config.start_y; j < config.end_y; j++)
   ^~~
   VITIS_LOOP_786_2: 
/scratch/hpc-prf-acgasm/beniel/ops-hls-batching-tiling-artifacts/codegen_apps/tiling/poisson2d/u280_project/maxtile_8192_p60/hls/build/hw/temp_dir/datamover_outerloop_0/datamover_outerloop_0/datamover_outerloop_0/solution/.autopilot/db/datamover_outerloop_0.pp.0.cpp:33423:4: note: FIX-IT applied suggested code changes
/scratch/hpc-prf-acgasm/beniel/ops-hls-batching-tiling-artifacts/codegen_apps/tiling/poisson2d/u280_project/maxtile_8192_p60/hls/build/hw/temp_dir/datamover_outerloop_0/datamover_outerloop_0/datamover_outerloop_0/solution/.autopilot/db/datamover_outerloop_0.pp.0.cpp:33444:2: warning: Added loop label VITIS_LOOP_807_1:   [xilinx-label-all-loops]
 for (unsigned int i = 0; i < num_beats; i++)
 ^~~
 VITIS_LOOP_807_1: 
/scratch/hpc-prf-acgasm/beniel/ops-hls-batching-tiling-artifacts/codegen_apps/tiling/poisson2d/u280_project/maxtile_8192_p60/hls/build/hw/temp_dir/datamover_outerloop_0/datamover_outerloop_0/datamover_outerloop_0/solution/.autopilot/db/datamover_outerloop_0.pp.0.cpp:33444:2: note: FIX-IT applied suggested code changes
/scratch/hpc-prf-acgasm/beniel/ops-hls-batching-tiling-artifacts/codegen_apps/tiling/poisson2d/u280_project/maxtile_8192_p60/hls/build/hw/temp_dir/datamover_outerloop_0/datamover_outerloop_0/datamover_outerloop_0/solution/.autopilot/db/datamover_outerloop_0.pp.0.cpp:33472:2: warning: Added loop label VITIS_LOOP_854_1:   [xilinx-label-all-loops]
 for (unsigned int beat = 0; beat < burst_beats; beat++)
 ^~~
 VITIS_LOOP_854_1: 
/scratch/hpc-prf-acgasm/beniel/ops-hls-batching-tiling-artifacts/codegen_apps/tiling/poisson2d/u280_project/maxtile_8192_p60/hls/build/hw/temp_dir/datamover_outerloop_0/datamover_outerloop_0/datamover_outerloop_0/solution/.autopilot/db/datamover_outerloop_0.pp.0.cpp:33472:2: note: FIX-IT applied suggested code changes
/scratch/hpc-prf-acgasm/beniel/ops-hls-batching-tiling-artifacts/codegen_apps/tiling/poisson2d/u280_project/maxtile_8192_p60/hls/build/hw/temp_dir/datamover_outerloop_0/datamover_outerloop_0/datamover_outerloop_0/solution/.autopilot/db/datamover_outerloop_0.pp.0.cpp:33483:2: warning: Added loop label VITIS_LOOP_875_2:   [xilinx-label-all-loops]
 for (unsigned int beat = 0; beat < non_burst_beats; beat++)
 ^~~
 VITIS_LOOP_875_2: 
/scratch/hpc-prf-acgasm/beniel/ops-hls-batching-tiling-artifacts/codegen_apps/tiling/poisson2d/u280_project/maxtile_8192_p60/hls/build/hw/temp_dir/datamover_outerloop_0/datamover_outerloop_0/datamover_outerloop_0/solution/.autopilot/db/datamover_outerloop_0.pp.0.cpp:33483:2: note: FIX-IT applied suggested code changes
/scratch/hpc-prf-acgasm/beniel/ops-hls-batching-tiling-artifacts/codegen_apps/tiling/poisson2d/u280_project/maxtile_8192_p60/hls/build/hw/temp_dir/datamover_outerloop_0/datamover_outerloop_0/datamover_outerloop_0/solution/.autopilot/db/datamover_outerloop_0.pp.0.cpp:33505:2: warning: Added loop label VITIS_LOOP_916_1:   [xilinx-label-all-loops]
 for (unsigned int i = 0; i < num_pkts; i++)
 ^~~
 VITIS_LOOP_916_1: 
/scratch/hpc-prf-acgasm/beniel/ops-hls-batching-tiling-artifacts/codegen_apps/tiling/poisson2d/u280_project/maxtile_8192_p60/hls/build/hw/temp_dir/datamover_outerloop_0/datamover_outerloop_0/datamover_outerloop_0/solution/.autopilot/db/datamover_outerloop_0.pp.0.cpp:33505:2: note: FIX-IT applied suggested code changes
/scratch/hpc-prf-acgasm/beniel/ops-hls-batching-tiling-artifacts/codegen_apps/tiling/poisson2d/u280_project/maxtile_8192_p60/hls/build/hw/temp_dir/datamover_outerloop_0/datamover_outerloop_0/datamover_outerloop_0/solution/.autopilot/db/datamover_outerloop_0.pp.0.cpp:33537:2: warning: Added loop label VITIS_LOOP_979_1:   [xilinx-label-all-loops]
 for (unsigned int beat = 0; beat < avoid_beats; beat++)
 ^~~
 VITIS_LOOP_979_1: 
/scratch/hpc-prf-acgasm/beniel/ops-hls-batching-tiling-artifacts/codegen_apps/tiling/poisson2d/u280_project/maxtile_8192_p60/hls/build/hw/temp_dir/datamover_outerloop_0/datamover_outerloop_0/datamover_outerloop_0/solution/.autopilot/db/datamover_outerloop_0.pp.0.cpp:33537:2: note: FIX-IT applied suggested code changes
/scratch/hpc-prf-acgasm/beniel/ops-hls-batching-tiling-artifacts/codegen_apps/tiling/poisson2d/u280_project/maxtile_8192_p60/hls/build/hw/temp_dir/datamover_outerloop_0/datamover_outerloop_0/datamover_outerloop_0/solution/.autopilot/db/datamover_outerloop_0.pp.0.cpp:33545:2: warning: Added loop label VITIS_LOOP_998_2:   [xilinx-label-all-loops]
 for (unsigned int burst = 0; burst < num_bursts; burst++)
 ^~~
 VITIS_LOOP_998_2: 
/scratch/hpc-prf-acgasm/beniel/ops-hls-batching-tiling-artifacts/codegen_apps/tiling/poisson2d/u280_project/maxtile_8192_p60/hls/build/hw/temp_dir/datamover_outerloop_0/datamover_outerloop_0/datamover_outerloop_0/solution/.autopilot/db/datamover_outerloop_0.pp.0.cpp:33545:2: note: FIX-IT applied suggested code changes
/scratch/hpc-prf-acgasm/beniel/ops-hls-batching-tiling-artifacts/codegen_apps/tiling/poisson2d/u280_project/maxtile_8192_p60/hls/build/hw/temp_dir/datamover_outerloop_0/datamover_outerloop_0/datamover_outerloop_0/solution/.autopilot/db/datamover_outerloop_0.pp.0.cpp:33547:3: warning: Added loop label VITIS_LOOP_1000_3:   [xilinx-label-all-loops]
  for(unsigned int beat = 0; beat < BURST_SIZE; beat++)
  ^~~
  VITIS_LOOP_1000_3: 
/scratch/hpc-prf-acgasm/beniel/ops-hls-batching-tiling-artifacts/codegen_apps/tiling/poisson2d/u280_project/maxtile_8192_p60/hls/build/hw/temp_dir/datamover_outerloop_0/datamover_outerloop_0/datamover_outerloop_0/solution/.autopilot/db/datamover_outerloop_0.pp.0.cpp:33547:3: note: FIX-IT applied suggested code changes
/scratch/hpc-prf-acgasm/beniel/ops-hls-batching-tiling-artifacts/codegen_apps/tiling/poisson2d/u280_project/maxtile_8192_p60/hls/build/hw/temp_dir/datamover_outerloop_0/datamover_outerloop_0/datamover_outerloop_0/solution/.autopilot/db/datamover_outerloop_0.pp.0.cpp:33558:2: warning: Added loop label VITIS_LOOP_1022_4:   [xilinx-label-all-loops]
 for (unsigned int beat = 0; beat < non_burst_beats; beat++)
 ^~~
 VITIS_LOOP_1022_4: 
/scratch/hpc-prf-acgasm/beniel/ops-hls-batching-tiling-artifacts/codegen_apps/tiling/poisson2d/u280_project/maxtile_8192_p60/hls/build/hw/temp_dir/datamover_outerloop_0/datamover_outerloop_0/datamover_outerloop_0/solution/.autopilot/db/datamover_outerloop_0.pp.0.cpp:33558:2: note: FIX-IT applied suggested code changes
/scratch/hpc-prf-acgasm/beniel/ops-hls-batching-tiling-artifacts/codegen_apps/tiling/poisson2d/u280_project/maxtile_8192_p60/hls/build/hw/temp_dir/datamover_outerloop_0/datamover_outerloop_0/datamover_outerloop_0/solution/.autopilot/db/datamover_outerloop_0.pp.0.cpp:33582:2: warning: Added loop label VITIS_LOOP_1080_1:   [xilinx-label-all-loops]
 for (unsigned int beat = 0; beat < num_beats; beat++)
 ^~~
 VITIS_LOOP_1080_1: 
/scratch/hpc-prf-acgasm/beniel/ops-hls-batching-tiling-artifacts/codegen_apps/tiling/poisson2d/u280_project/maxtile_8192_p60/hls/build/hw/temp_dir/datamover_outerloop_0/datamover_outerloop_0/datamover_outerloop_0/solution/.autopilot/db/datamover_outerloop_0.pp.0.cpp:33582:2: note: FIX-IT applied suggested code changes
/scratch/hpc-prf-acgasm/beniel/ops-hls-batching-tiling-artifacts/codegen_apps/tiling/poisson2d/u280_project/maxtile_8192_p60/hls/build/hw/temp_dir/datamover_outerloop_0/datamover_outerloop_0/datamover_outerloop_0/solution/.autopilot/db/datamover_outerloop_0.pp.0.cpp:33616:5: warning: Added loop label VITIS_LOOP_1166_1:   [xilinx-label-all-loops]
    for (unsigned int beat = 0; beat < avoid_beats; beat++)
    ^~~
    VITIS_LOOP_1166_1: 
/scratch/hpc-prf-acgasm/beniel/ops-hls-batching-tiling-artifacts/codegen_apps/tiling/poisson2d/u280_project/maxtile_8192_p60/hls/build/hw/temp_dir/datamover_outerloop_0/datamover_outerloop_0/datamover_outerloop_0/solution/.autopilot/db/datamover_outerloop_0.pp.0.cpp:33616:5: note: FIX-IT applied suggested code changes
/scratch/hpc-prf-acgasm/beniel/ops-hls-batching-tiling-artifacts/codegen_apps/tiling/poisson2d/u280_project/maxtile_8192_p60/hls/build/hw/temp_dir/datamover_outerloop_0/datamover_outerloop_0/datamover_outerloop_0/solution/.autopilot/db/datamover_outerloop_0.pp.0.cpp:33622:9: warning: Added loop label VITIS_LOOP_1172_2:   [xilinx-label-all-loops]
        for (unsigned int i = 0; i < pkts_per_beats; i++)
        ^~~
        VITIS_LOOP_1172_2: 
/scratch/hpc-prf-acgasm/beniel/ops-hls-batching-tiling-artifacts/codegen_apps/tiling/poisson2d/u280_project/maxtile_8192_p60/hls/build/hw/temp_dir/datamover_outerloop_0/datamover_outerloop_0/datamover_outerloop_0/solution/.autopilot/db/datamover_outerloop_0.pp.0.cpp:33622:9: note: FIX-IT applied suggested code changes
/scratch/hpc-prf-acgasm/beniel/ops-hls-batching-tiling-artifacts/codegen_apps/tiling/poisson2d/u280_project/maxtile_8192_p60/hls/build/hw/temp_dir/datamover_outerloop_0/datamover_outerloop_0/datamover_outerloop_0/solution/.autopilot/db/datamover_outerloop_0.pp.0.cpp:33632:5: warning: Added loop label VITIS_LOOP_1194_3:   [xilinx-label-all-loops]
    for (unsigned int burst = 0; burst < num_bursts; burst++)
    ^~~
    VITIS_LOOP_1194_3: 
/scratch/hpc-prf-acgasm/beniel/ops-hls-batching-tiling-artifacts/codegen_apps/tiling/poisson2d/u280_project/maxtile_8192_p60/hls/build/hw/temp_dir/datamover_outerloop_0/datamover_outerloop_0/datamover_outerloop_0/solution/.autopilot/db/datamover_outerloop_0.pp.0.cpp:33632:5: note: FIX-IT applied suggested code changes
/scratch/hpc-prf-acgasm/beniel/ops-hls-batching-tiling-artifacts/codegen_apps/tiling/poisson2d/u280_project/maxtile_8192_p60/hls/build/hw/temp_dir/datamover_outerloop_0/datamover_outerloop_0/datamover_outerloop_0/solution/.autopilot/db/datamover_outerloop_0.pp.0.cpp:33634:9: warning: Added loop label VITIS_LOOP_1196_4:   [xilinx-label-all-loops]
        for(unsigned int beat = 0; beat < BURST_SIZE; beat++)
        ^~~
        VITIS_LOOP_1196_4: 
/scratch/hpc-prf-acgasm/beniel/ops-hls-batching-tiling-artifacts/codegen_apps/tiling/poisson2d/u280_project/maxtile_8192_p60/hls/build/hw/temp_dir/datamover_outerloop_0/datamover_outerloop_0/datamover_outerloop_0/solution/.autopilot/db/datamover_outerloop_0.pp.0.cpp:33634:9: note: FIX-IT applied suggested code changes
/scratch/hpc-prf-acgasm/beniel/ops-hls-batching-tiling-artifacts/codegen_apps/tiling/poisson2d/u280_project/maxtile_8192_p60/hls/build/hw/temp_dir/datamover_outerloop_0/datamover_outerloop_0/datamover_outerloop_0/solution/.autopilot/db/datamover_outerloop_0.pp.0.cpp:33641:13: warning: Added loop label VITIS_LOOP_1203_5:   [xilinx-label-all-loops]
            for (unsigned int i = 0; i < pkts_per_beats; i++)
            ^~~
            VITIS_LOOP_1203_5: 
/scratch/hpc-prf-acgasm/beniel/ops-hls-batching-tiling-artifacts/codegen_apps/tiling/poisson2d/u280_project/maxtile_8192_p60/hls/build/hw/temp_dir/datamover_outerloop_0/datamover_outerloop_0/datamover_outerloop_0/solution/.autopilot/db/datamover_outerloop_0.pp.0.cpp:33641:13: note: FIX-IT applied suggested code changes
/scratch/hpc-prf-acgasm/beniel/ops-hls-batching-tiling-artifacts/codegen_apps/tiling/poisson2d/u280_project/maxtile_8192_p60/hls/build/hw/temp_dir/datamover_outerloop_0/datamover_outerloop_0/datamover_outerloop_0/solution/.autopilot/db/datamover_outerloop_0.pp.0.cpp:33654:5: warning: Added loop label VITIS_LOOP_1228_6:   [xilinx-label-all-loops]
    for (unsigned int beat = 0; beat < non_burst_beats; beat++)
    ^~~
    VITIS_LOOP_1228_6: 
/scratch/hpc-prf-acgasm/beniel/ops-hls-batching-tiling-artifacts/codegen_apps/tiling/poisson2d/u280_project/maxtile_8192_p60/hls/build/hw/temp_dir/datamover_outerloop_0/datamover_outerloop_0/datamover_outerloop_0/solution/.autopilot/db/datamover_outerloop_0.pp.0.cpp:33654:5: note: FIX-IT applied suggested code changes
/scratch/hpc-prf-acgasm/beniel/ops-hls-batching-tiling-artifacts/codegen_apps/tiling/poisson2d/u280_project/maxtile_8192_p60/hls/build/hw/temp_dir/datamover_outerloop_0/datamover_outerloop_0/datamover_outerloop_0/solution/.autopilot/db/datamover_outerloop_0.pp.0.cpp:33661:9: warning: Added loop label VITIS_LOOP_1235_7:   [xilinx-label-all-loops]
        for (unsigned int i = 0; i < pkts_per_beats; i++)
        ^~~
        VITIS_LOOP_1235_7: 
/scratch/hpc-prf-acgasm/beniel/ops-hls-batching-tiling-artifacts/codegen_apps/tiling/poisson2d/u280_project/maxtile_8192_p60/hls/build/hw/temp_dir/datamover_outerloop_0/datamover_outerloop_0/datamover_outerloop_0/solution/.autopilot/db/datamover_outerloop_0.pp.0.cpp:33661:9: note: FIX-IT applied suggested code changes
/scratch/hpc-prf-acgasm/beniel/ops-hls-batching-tiling-artifacts/codegen_apps/tiling/poisson2d/u280_project/maxtile_8192_p60/hls/build/hw/temp_dir/datamover_outerloop_0/datamover_outerloop_0/datamover_outerloop_0/solution/.autopilot/db/datamover_outerloop_0.pp.0.cpp:33699:3: warning: Added loop label VITIS_LOOP_1297_1:   [xilinx-label-all-loops]
  for (unsigned short k = config.start_z; k < config.end_z; k++)
  ^~~
  VITIS_LOOP_1297_1: 
/scratch/hpc-prf-acgasm/beniel/ops-hls-batching-tiling-artifacts/codegen_apps/tiling/poisson2d/u280_project/maxtile_8192_p60/hls/build/hw/temp_dir/datamover_outerloop_0/datamover_outerloop_0/datamover_outerloop_0/solution/.autopilot/db/datamover_outerloop_0.pp.0.cpp:33699:3: note: FIX-IT applied suggested code changes
/scratch/hpc-prf-acgasm/beniel/ops-hls-batching-tiling-artifacts/codegen_apps/tiling/poisson2d/u280_project/maxtile_8192_p60/hls/build/hw/temp_dir/datamover_outerloop_0/datamover_outerloop_0/datamover_outerloop_0/solution/.autopilot/db/datamover_outerloop_0.pp.0.cpp:33701:4: warning: Added loop label VITIS_LOOP_1299_2:   [xilinx-label-all-loops]
   for (unsigned short j = config.start_y; j < config.end_y; j++)
   ^~~
   VITIS_LOOP_1299_2: 
/scratch/hpc-prf-acgasm/beniel/ops-hls-batching-tiling-artifacts/codegen_apps/tiling/poisson2d/u280_project/maxtile_8192_p60/hls/build/hw/temp_dir/datamover_outerloop_0/datamover_outerloop_0/datamover_outerloop_0/solution/.autopilot/db/datamover_outerloop_0.pp.0.cpp:33701:4: note: FIX-IT applied suggested code changes
/scratch/hpc-prf-acgasm/beniel/ops-hls-batching-tiling-artifacts/codegen_apps/tiling/poisson2d/u280_project/maxtile_8192_p60/hls/build/hw/temp_dir/datamover_outerloop_0/datamover_outerloop_0/datamover_outerloop_0/solution/.autopilot/db/datamover_outerloop_0.pp.0.cpp:33746:2: warning: Added loop label VITIS_LOOP_1377_1:   [xilinx-label-all-loops]
 for (unsigned int itr = 0; itr < num_pkts_plus_1; itr++)
 ^~~
 VITIS_LOOP_1377_1: 
/scratch/hpc-prf-acgasm/beniel/ops-hls-batching-tiling-artifacts/codegen_apps/tiling/poisson2d/u280_project/maxtile_8192_p60/hls/build/hw/temp_dir/datamover_outerloop_0/datamover_outerloop_0/datamover_outerloop_0/solution/.autopilot/db/datamover_outerloop_0.pp.0.cpp:33746:2: note: FIX-IT applied suggested code changes
/scratch/hpc-prf-acgasm/beniel/ops-hls-batching-tiling-artifacts/codegen_apps/tiling/poisson2d/u280_project/maxtile_8192_p60/hls/build/hw/temp_dir/datamover_outerloop_0/datamover_outerloop_0/datamover_outerloop_0/solution/.autopilot/db/datamover_outerloop_0.pp.0.cpp:33754:4: warning: Added loop label VITIS_LOOP_1385_2:   [xilinx-label-all-loops]
   for (unsigned int n = 0; n < NUM_STREAMS; n++)
   ^~~
   VITIS_LOOP_1385_2: 
/scratch/hpc-prf-acgasm/beniel/ops-hls-batching-tiling-artifacts/codegen_apps/tiling/poisson2d/u280_project/maxtile_8192_p60/hls/build/hw/temp_dir/datamover_outerloop_0/datamover_outerloop_0/datamover_outerloop_0/solution/.autopilot/db/datamover_outerloop_0.pp.0.cpp:33754:4: note: FIX-IT applied suggested code changes
/scratch/hpc-prf-acgasm/beniel/ops-hls-batching-tiling-artifacts/codegen_apps/tiling/poisson2d/u280_project/maxtile_8192_p60/hls/build/hw/temp_dir/datamover_outerloop_0/datamover_outerloop_0/datamover_outerloop_0/solution/.autopilot/db/datamover_outerloop_0.pp.0.cpp:33762:3: warning: Added loop label VITIS_LOOP_1406_3:   [xilinx-label-all-loops]
  for (unsigned int n = 0; n < NUM_STREAMS; n++)
  ^~~
  VITIS_LOOP_1406_3: 
/scratch/hpc-prf-acgasm/beniel/ops-hls-batching-tiling-artifacts/codegen_apps/tiling/poisson2d/u280_project/maxtile_8192_p60/hls/build/hw/temp_dir/datamover_outerloop_0/datamover_outerloop_0/datamover_outerloop_0/solution/.autopilot/db/datamover_outerloop_0.pp.0.cpp:33762:3: note: FIX-IT applied suggested code changes
/scratch/hpc-prf-acgasm/beniel/ops-hls-batching-tiling-artifacts/codegen_apps/tiling/poisson2d/u280_project/maxtile_8192_p60/hls/build/hw/temp_dir/datamover_outerloop_0/datamover_outerloop_0/datamover_outerloop_0/solution/.autopilot/db/datamover_outerloop_0.pp.0.cpp:33775:4: warning: Added loop label VITIS_LOOP_1419_4:   [xilinx-label-all-loops]
   for (unsigned int n = 0; n < NUM_STREAMS_BY_2; n++)
   ^~~
   VITIS_LOOP_1419_4: 
/scratch/hpc-prf-acgasm/beniel/ops-hls-batching-tiling-artifacts/codegen_apps/tiling/poisson2d/u280_project/maxtile_8192_p60/hls/build/hw/temp_dir/datamover_outerloop_0/datamover_outerloop_0/datamover_outerloop_0/solution/.autopilot/db/datamover_outerloop_0.pp.0.cpp:33775:4: note: FIX-IT applied suggested code changes
/scratch/hpc-prf-acgasm/beniel/ops-hls-batching-tiling-artifacts/codegen_apps/tiling/poisson2d/u280_project/maxtile_8192_p60/hls/build/hw/temp_dir/datamover_outerloop_0/datamover_outerloop_0/datamover_outerloop_0/solution/.autopilot/db/datamover_outerloop_0.pp.0.cpp:33794:4: warning: Added loop label VITIS_LOOP_1438_5:   [xilinx-label-all-loops]
   for (unsigned int n = 0; n < NUM_STREAMS; n++)
   ^~~
   VITIS_LOOP_1438_5: 
/scratch/hpc-prf-acgasm/beniel/ops-hls-batching-tiling-artifacts/codegen_apps/tiling/poisson2d/u280_project/maxtile_8192_p60/hls/build/hw/temp_dir/datamover_outerloop_0/datamover_outerloop_0/datamover_outerloop_0/solution/.autopilot/db/datamover_outerloop_0.pp.0.cpp:33794:4: note: FIX-IT applied suggested code changes
/scratch/hpc-prf-acgasm/beniel/ops-hls-batching-tiling-artifacts/codegen_apps/tiling/poisson2d/u280_project/maxtile_8192_p60/hls/build/hw/temp_dir/datamover_outerloop_0/datamover_outerloop_0/datamover_outerloop_0/solution/.autopilot/db/datamover_outerloop_0.pp.0.cpp:33818:2: warning: Added loop label VITIS_LOOP_1504_1:   [xilinx-label-all-loops]
 for (unsigned int itr = 0; itr < num_pkts; itr++)
 ^~~
 VITIS_LOOP_1504_1: 
/scratch/hpc-prf-acgasm/beniel/ops-hls-batching-tiling-artifacts/codegen_apps/tiling/poisson2d/u280_project/maxtile_8192_p60/hls/build/hw/temp_dir/datamover_outerloop_0/datamover_outerloop_0/datamover_outerloop_0/solution/.autopilot/db/datamover_outerloop_0.pp.0.cpp:33818:2: note: FIX-IT applied suggested code changes
/scratch/hpc-prf-acgasm/beniel/ops-hls-batching-tiling-artifacts/codegen_apps/tiling/poisson2d/u280_project/maxtile_8192_p60/hls/build/hw/temp_dir/datamover_outerloop_0/datamover_outerloop_0/datamover_outerloop_0/solution/.autopilot/db/datamover_outerloop_0.pp.0.cpp:33822:2: warning: Added loop label VITIS_LOOP_1508_2:   [xilinx-label-all-loops]
 for (unsigned short n = 0; n < NUM_STREAMS; n++)
 ^~~
 VITIS_LOOP_1508_2: 
/scratch/hpc-prf-acgasm/beniel/ops-hls-batching-tiling-artifacts/codegen_apps/tiling/poisson2d/u280_project/maxtile_8192_p60/hls/build/hw/temp_dir/datamover_outerloop_0/datamover_outerloop_0/datamover_outerloop_0/solution/.autopilot/db/datamover_outerloop_0.pp.0.cpp:33822:2: note: FIX-IT applied suggested code changes
/scratch/hpc-prf-acgasm/beniel/ops-hls-batching-tiling-artifacts/codegen_apps/tiling/poisson2d/u280_project/maxtile_8192_p60/hls/build/hw/temp_dir/datamover_outerloop_0/datamover_outerloop_0/datamover_outerloop_0/solution/.autopilot/db/datamover_outerloop_0.pp.0.cpp:33829:3: warning: Added loop label VITIS_LOOP_1528_3:   [xilinx-label-all-loops]
  for (unsigned short n = 0; n < NUM_STREAMS_BY_2; n++)
  ^~~
  VITIS_LOOP_1528_3: 
/scratch/hpc-prf-acgasm/beniel/ops-hls-batching-tiling-artifacts/codegen_apps/tiling/poisson2d/u280_project/maxtile_8192_p60/hls/build/hw/temp_dir/datamover_outerloop_0/datamover_outerloop_0/datamover_outerloop_0/solution/.autopilot/db/datamover_outerloop_0.pp.0.cpp:33829:3: note: FIX-IT applied suggested code changes
/scratch/hpc-prf-acgasm/beniel/ops-hls-batching-tiling-artifacts/codegen_apps/tiling/poisson2d/u280_project/maxtile_8192_p60/hls/build/hw/temp_dir/datamover_outerloop_0/datamover_outerloop_0/datamover_outerloop_0/solution/.autopilot/db/datamover_outerloop_0.pp.0.cpp:33836:3: warning: Added loop label VITIS_LOOP_1535_4:   [xilinx-label-all-loops]
  for (unsigned short n = 0; n < NUM_STREAMS; n++)
  ^~~
  VITIS_LOOP_1535_4: 
/scratch/hpc-prf-acgasm/beniel/ops-hls-batching-tiling-artifacts/codegen_apps/tiling/poisson2d/u280_project/maxtile_8192_p60/hls/build/hw/temp_dir/datamover_outerloop_0/datamover_outerloop_0/datamover_outerloop_0/solution/.autopilot/db/datamover_outerloop_0.pp.0.cpp:33836:3: note: FIX-IT applied suggested code changes
/scratch/hpc-prf-acgasm/beniel/ops-hls-batching-tiling-artifacts/codegen_apps/tiling/poisson2d/u280_project/maxtile_8192_p60/hls/build/hw/temp_dir/datamover_outerloop_0/datamover_outerloop_0/datamover_outerloop_0/solution/.autopilot/db/datamover_outerloop_0.pp.0.cpp:33876:2: warning: Added loop label VITIS_LOOP_1606_1:   [xilinx-label-all-loops]
 for (unsigned int itr = 0; itr < num_pkts_plus_1; itr++)
 ^~~
 VITIS_LOOP_1606_1: 
/scratch/hpc-prf-acgasm/beniel/ops-hls-batching-tiling-artifacts/codegen_apps/tiling/poisson2d/u280_project/maxtile_8192_p60/hls/build/hw/temp_dir/datamover_outerloop_0/datamover_outerloop_0/datamover_outerloop_0/solution/.autopilot/db/datamover_outerloop_0.pp.0.cpp:33876:2: note: FIX-IT applied suggested code changes
/scratch/hpc-prf-acgasm/beniel/ops-hls-batching-tiling-artifacts/codegen_apps/tiling/poisson2d/u280_project/maxtile_8192_p60/hls/build/hw/temp_dir/datamover_outerloop_0/datamover_outerloop_0/datamover_outerloop_0/solution/.autopilot/db/datamover_outerloop_0.pp.0.cpp:33884:4: warning: Added loop label VITIS_LOOP_1614_2:   [xilinx-label-all-loops]
   for (unsigned int n = 0; n < NUM_STREAMS; n++)
   ^~~
   VITIS_LOOP_1614_2: 
/scratch/hpc-prf-acgasm/beniel/ops-hls-batching-tiling-artifacts/codegen_apps/tiling/poisson2d/u280_project/maxtile_8192_p60/hls/build/hw/temp_dir/datamover_outerloop_0/datamover_outerloop_0/datamover_outerloop_0/solution/.autopilot/db/datamover_outerloop_0.pp.0.cpp:33884:4: note: FIX-IT applied suggested code changes
/scratch/hpc-prf-acgasm/beniel/ops-hls-batching-tiling-artifacts/codegen_apps/tiling/poisson2d/u280_project/maxtile_8192_p60/hls/build/hw/temp_dir/datamover_outerloop_0/datamover_outerloop_0/datamover_outerloop_0/solution/.autopilot/db/datamover_outerloop_0.pp.0.cpp:33891:3: warning: Added loop label VITIS_LOOP_1621_3:   [xilinx-label-all-loops]
  for (unsigned int n = 0; n < NUM_STREAMS; n++)
  ^~~
  VITIS_LOOP_1621_3: 
/scratch/hpc-prf-acgasm/beniel/ops-hls-batching-tiling-artifacts/codegen_apps/tiling/poisson2d/u280_project/maxtile_8192_p60/hls/build/hw/temp_dir/datamover_outerloop_0/datamover_outerloop_0/datamover_outerloop_0/solution/.autopilot/db/datamover_outerloop_0.pp.0.cpp:33891:3: note: FIX-IT applied suggested code changes
/scratch/hpc-prf-acgasm/beniel/ops-hls-batching-tiling-artifacts/codegen_apps/tiling/poisson2d/u280_project/maxtile_8192_p60/hls/build/hw/temp_dir/datamover_outerloop_0/datamover_outerloop_0/datamover_outerloop_0/solution/.autopilot/db/datamover_outerloop_0.pp.0.cpp:33904:4: warning: Added loop label VITIS_LOOP_1634_4:   [xilinx-label-all-loops]
   for (unsigned int n = 0; n < NUM_STREAMS_BY_2; n++)
   ^~~
   VITIS_LOOP_1634_4: 
/scratch/hpc-prf-acgasm/beniel/ops-hls-batching-tiling-artifacts/codegen_apps/tiling/poisson2d/u280_project/maxtile_8192_p60/hls/build/hw/temp_dir/datamover_outerloop_0/datamover_outerloop_0/datamover_outerloop_0/solution/.autopilot/db/datamover_outerloop_0.pp.0.cpp:33904:4: note: FIX-IT applied suggested code changes
/scratch/hpc-prf-acgasm/beniel/ops-hls-batching-tiling-artifacts/codegen_apps/tiling/poisson2d/u280_project/maxtile_8192_p60/hls/build/hw/temp_dir/datamover_outerloop_0/datamover_outerloop_0/datamover_outerloop_0/solution/.autopilot/db/datamover_outerloop_0.pp.0.cpp:33933:4: warning: Added loop label VITIS_LOOP_1663_5:   [xilinx-label-all-loops]
   for (unsigned int n = 0; n < NUM_STREAMS; n++)
   ^~~
   VITIS_LOOP_1663_5: 
/scratch/hpc-prf-acgasm/beniel/ops-hls-batching-tiling-artifacts/codegen_apps/tiling/poisson2d/u280_project/maxtile_8192_p60/hls/build/hw/temp_dir/datamover_outerloop_0/datamover_outerloop_0/datamover_outerloop_0/solution/.autopilot/db/datamover_outerloop_0.pp.0.cpp:33933:4: note: FIX-IT applied suggested code changes
/scratch/hpc-prf-acgasm/beniel/ops-hls-batching-tiling-artifacts/codegen_apps/tiling/poisson2d/u280_project/maxtile_8192_p60/hls/build/hw/temp_dir/datamover_outerloop_0/datamover_outerloop_0/datamover_outerloop_0/solution/.autopilot/db/datamover_outerloop_0.pp.0.cpp:34030:5: warning: Added loop label VITIS_LOOP_1760_1:   [xilinx-label-all-loops]
    for (ap_uint<16> z = 0; z < size_z; z++)
    ^~~
    VITIS_LOOP_1760_1: 
/scratch/hpc-prf-acgasm/beniel/ops-hls-batching-tiling-artifacts/codegen_apps/tiling/poisson2d/u280_project/maxtile_8192_p60/hls/build/hw/temp_dir/datamover_outerloop_0/datamover_outerloop_0/datamover_outerloop_0/solution/.autopilot/db/datamover_outerloop_0.pp.0.cpp:34030:5: note: FIX-IT applied suggested code changes
/scratch/hpc-prf-acgasm/beniel/ops-hls-batching-tiling-artifacts/codegen_apps/tiling/poisson2d/u280_project/maxtile_8192_p60/hls/build/hw/temp_dir/datamover_outerloop_0/datamover_outerloop_0/datamover_outerloop_0/solution/.autopilot/db/datamover_outerloop_0.pp.0.cpp:34034:9: warning: Added loop label VITIS_LOOP_1764_2:   [xilinx-label-all-loops]
        for (ap_uint<16> y = 0; y < size_y; y++)
        ^~~
        VITIS_LOOP_1764_2: 
/scratch/hpc-prf-acgasm/beniel/ops-hls-batching-tiling-artifacts/codegen_apps/tiling/poisson2d/u280_project/maxtile_8192_p60/hls/build/hw/temp_dir/datamover_outerloop_0/datamover_outerloop_0/datamover_outerloop_0/solution/.autopilot/db/datamover_outerloop_0.pp.0.cpp:34034:9: note: FIX-IT applied suggested code changes
/scratch/hpc-prf-acgasm/beniel/ops-hls-batching-tiling-artifacts/codegen_apps/tiling/poisson2d/u280_project/maxtile_8192_p60/hls/build/hw/temp_dir/datamover_outerloop_0/datamover_outerloop_0/datamover_outerloop_0/solution/.autopilot/db/datamover_outerloop_0.pp.0.cpp:34059:5: warning: Added loop label VITIS_LOOP_1789_1:   [xilinx-label-all-loops]
    for (ap_uint<16> z = 0; z < size_z; z++)
    ^~~
    VITIS_LOOP_1789_1: 
/scratch/hpc-prf-acgasm/beniel/ops-hls-batching-tiling-artifacts/codegen_apps/tiling/poisson2d/u280_project/maxtile_8192_p60/hls/build/hw/temp_dir/datamover_outerloop_0/datamover_outerloop_0/datamover_outerloop_0/solution/.autopilot/db/datamover_outerloop_0.pp.0.cpp:34059:5: note: FIX-IT applied suggested code changes
/scratch/hpc-prf-acgasm/beniel/ops-hls-batching-tiling-artifacts/codegen_apps/tiling/poisson2d/u280_project/maxtile_8192_p60/hls/build/hw/temp_dir/datamover_outerloop_0/datamover_outerloop_0/datamover_outerloop_0/solution/.autopilot/db/datamover_outerloop_0.pp.0.cpp:34063:9: warning: Added loop label VITIS_LOOP_1793_2:   [xilinx-label-all-loops]
        for (ap_uint<16> y = 0; y < size_y; y++)
        ^~~
        VITIS_LOOP_1793_2: 
/scratch/hpc-prf-acgasm/beniel/ops-hls-batching-tiling-artifacts/codegen_apps/tiling/poisson2d/u280_project/maxtile_8192_p60/hls/build/hw/temp_dir/datamover_outerloop_0/datamover_outerloop_0/datamover_outerloop_0/solution/.autopilot/db/datamover_outerloop_0.pp.0.cpp:34063:9: note: FIX-IT applied suggested code changes
/scratch/hpc-prf-acgasm/beniel/ops-hls-batching-tiling-artifacts/codegen_apps/tiling/poisson2d/u280_project/maxtile_8192_p60/hls/build/hw/temp_dir/datamover_outerloop_0/datamover_outerloop_0/datamover_outerloop_0/solution/.autopilot/db/datamover_outerloop_0.pp.0.cpp:34089:5: warning: Added loop label VITIS_LOOP_1819_1:   [xilinx-label-all-loops]
    for (ap_uint<16> z = 0; z < size_z; z++)
    ^~~
    VITIS_LOOP_1819_1: 
/scratch/hpc-prf-acgasm/beniel/ops-hls-batching-tiling-artifacts/codegen_apps/tiling/poisson2d/u280_project/maxtile_8192_p60/hls/build/hw/temp_dir/datamover_outerloop_0/datamover_outerloop_0/datamover_outerloop_0/solution/.autopilot/db/datamover_outerloop_0.pp.0.cpp:34089:5: note: FIX-IT applied suggested code changes
/scratch/hpc-prf-acgasm/beniel/ops-hls-batching-tiling-artifacts/codegen_apps/tiling/poisson2d/u280_project/maxtile_8192_p60/hls/build/hw/temp_dir/datamover_outerloop_0/datamover_outerloop_0/datamover_outerloop_0/solution/.autopilot/db/datamover_outerloop_0.pp.0.cpp:34093:9: warning: Added loop label VITIS_LOOP_1823_2:   [xilinx-label-all-loops]
        for (ap_uint<16> y = 0; y < size_y; y++)
        ^~~
        VITIS_LOOP_1823_2: 
/scratch/hpc-prf-acgasm/beniel/ops-hls-batching-tiling-artifacts/codegen_apps/tiling/poisson2d/u280_project/maxtile_8192_p60/hls/build/hw/temp_dir/datamover_outerloop_0/datamover_outerloop_0/datamover_outerloop_0/solution/.autopilot/db/datamover_outerloop_0.pp.0.cpp:34093:9: note: FIX-IT applied suggested code changes
/scratch/hpc-prf-acgasm/beniel/ops-hls-batching-tiling-artifacts/codegen_apps/tiling/poisson2d/u280_project/maxtile_8192_p60/hls/build/hw/temp_dir/datamover_outerloop_0/datamover_outerloop_0/datamover_outerloop_0/solution/.autopilot/db/datamover_outerloop_0.pp.0.cpp:34122:5: warning: Added loop label VITIS_LOOP_1876_1:   [xilinx-label-all-loops]
    for (unsigned short tile_y = 0; tile_y < config.tile_count_y; tile_y++)
    ^~~
    VITIS_LOOP_1876_1: 
/scratch/hpc-prf-acgasm/beniel/ops-hls-batching-tiling-artifacts/codegen_apps/tiling/poisson2d/u280_project/maxtile_8192_p60/hls/build/hw/temp_dir/datamover_outerloop_0/datamover_outerloop_0/datamover_outerloop_0/solution/.autopilot/db/datamover_outerloop_0.pp.0.cpp:34122:5: note: FIX-IT applied suggested code changes
/scratch/hpc-prf-acgasm/beniel/ops-hls-batching-tiling-artifacts/codegen_apps/tiling/poisson2d/u280_project/maxtile_8192_p60/hls/build/hw/temp_dir/datamover_outerloop_0/datamover_outerloop_0/datamover_outerloop_0/solution/.autopilot/db/datamover_outerloop_0.pp.0.cpp:34129:9: warning: Added loop label VITIS_LOOP_1883_2:   [xilinx-label-all-loops]
        for (unsigned short tile_x = 0; tile_x < config.tile_count_x; tile_x++)
        ^~~
        VITIS_LOOP_1883_2: 
/scratch/hpc-prf-acgasm/beniel/ops-hls-batching-tiling-artifacts/codegen_apps/tiling/poisson2d/u280_project/maxtile_8192_p60/hls/build/hw/temp_dir/datamover_outerloop_0/datamover_outerloop_0/datamover_outerloop_0/solution/.autopilot/db/datamover_outerloop_0.pp.0.cpp:34129:9: note: FIX-IT applied suggested code changes
/scratch/hpc-prf-acgasm/beniel/ops-hls-batching-tiling-artifacts/codegen_apps/tiling/poisson2d/u280_project/maxtile_8192_p60/hls/build/hw/temp_dir/datamover_outerloop_0/datamover_outerloop_0/datamover_outerloop_0/solution/.autopilot/db/datamover_outerloop_0.pp.0.cpp:34134:13: warning: Added loop label VITIS_LOOP_1888_3:   [xilinx-label-all-loops]
            for (unsigned short k = 0; k < z_diff; k++)
            ^~~
            VITIS_LOOP_1888_3: 
/scratch/hpc-prf-acgasm/beniel/ops-hls-batching-tiling-artifacts/codegen_apps/tiling/poisson2d/u280_project/maxtile_8192_p60/hls/build/hw/temp_dir/datamover_outerloop_0/datamover_outerloop_0/datamover_outerloop_0/solution/.autopilot/db/datamover_outerloop_0.pp.0.cpp:34134:13: note: FIX-IT applied suggested code changes
/scratch/hpc-prf-acgasm/beniel/ops-hls-batching-tiling-artifacts/codegen_apps/tiling/poisson2d/u280_project/maxtile_8192_p60/hls/build/hw/temp_dir/datamover_outerloop_0/datamover_outerloop_0/datamover_outerloop_0/solution/.autopilot/db/datamover_outerloop_0.pp.0.cpp:34139:17: warning: Added loop label VITIS_LOOP_1893_4:   [xilinx-label-all-loops]
                for (unsigned short j = 0; j < tile_size_y; j++)
                ^~~
                VITIS_LOOP_1893_4: 
/scratch/hpc-prf-acgasm/beniel/ops-hls-batching-tiling-artifacts/codegen_apps/tiling/poisson2d/u280_project/maxtile_8192_p60/hls/build/hw/temp_dir/datamover_outerloop_0/datamover_outerloop_0/datamover_outerloop_0/solution/.autopilot/db/datamover_outerloop_0.pp.0.cpp:34139:17: note: FIX-IT applied suggested code changes
/scratch/hpc-prf-acgasm/beniel/ops-hls-batching-tiling-artifacts/codegen_apps/tiling/poisson2d/u280_project/maxtile_8192_p60/hls/build/hw/temp_dir/datamover_outerloop_0/datamover_outerloop_0/datamover_outerloop_0/solution/.autopilot/db/datamover_outerloop_0.pp.0.cpp:34168:5: warning: Added loop label VITIS_LOOP_1962_1:   [xilinx-label-all-loops]
    for (unsigned short tile_y = 0; tile_y < config.tile_count_y; tile_y++)
    ^~~
    VITIS_LOOP_1962_1: 
/scratch/hpc-prf-acgasm/beniel/ops-hls-batching-tiling-artifacts/codegen_apps/tiling/poisson2d/u280_project/maxtile_8192_p60/hls/build/hw/temp_dir/datamover_outerloop_0/datamover_outerloop_0/datamover_outerloop_0/solution/.autopilot/db/datamover_outerloop_0.pp.0.cpp:34168:5: note: FIX-IT applied suggested code changes
/scratch/hpc-prf-acgasm/beniel/ops-hls-batching-tiling-artifacts/codegen_apps/tiling/poisson2d/u280_project/maxtile_8192_p60/hls/build/hw/temp_dir/datamover_outerloop_0/datamover_outerloop_0/datamover_outerloop_0/solution/.autopilot/db/datamover_outerloop_0.pp.0.cpp:34175:9: warning: Added loop label VITIS_LOOP_1969_2:   [xilinx-label-all-loops]
        for (unsigned short tile_x = 0; tile_x < config.tile_count_x; tile_x++)
        ^~~
        VITIS_LOOP_1969_2: 
/scratch/hpc-prf-acgasm/beniel/ops-hls-batching-tiling-artifacts/codegen_apps/tiling/poisson2d/u280_project/maxtile_8192_p60/hls/build/hw/temp_dir/datamover_outerloop_0/datamover_outerloop_0/datamover_outerloop_0/solution/.autopilot/db/datamover_outerloop_0.pp.0.cpp:34175:9: note: FIX-IT applied suggested code changes
/scratch/hpc-prf-acgasm/beniel/ops-hls-batching-tiling-artifacts/codegen_apps/tiling/poisson2d/u280_project/maxtile_8192_p60/hls/build/hw/temp_dir/datamover_outerloop_0/datamover_outerloop_0/datamover_outerloop_0/solution/.autopilot/db/datamover_outerloop_0.pp.0.cpp:34180:13: warning: Added loop label VITIS_LOOP_1974_3:   [xilinx-label-all-loops]
            for (unsigned short k = 0; k < z_diff; k++)
            ^~~
            VITIS_LOOP_1974_3: 
/scratch/hpc-prf-acgasm/beniel/ops-hls-batching-tiling-artifacts/codegen_apps/tiling/poisson2d/u280_project/maxtile_8192_p60/hls/build/hw/temp_dir/datamover_outerloop_0/datamover_outerloop_0/datamover_outerloop_0/solution/.autopilot/db/datamover_outerloop_0.pp.0.cpp:34180:13: note: FIX-IT applied suggested code changes
/scratch/hpc-prf-acgasm/beniel/ops-hls-batching-tiling-artifacts/codegen_apps/tiling/poisson2d/u280_project/maxtile_8192_p60/hls/build/hw/temp_dir/datamover_outerloop_0/datamover_outerloop_0/datamover_outerloop_0/solution/.autopilot/db/datamover_outerloop_0.pp.0.cpp:34185:17: warning: Added loop label VITIS_LOOP_1979_4:   [xilinx-label-all-loops]
                for (unsigned short j = 0; j < tile_size_y; j++)
                ^~~
                VITIS_LOOP_1979_4: 
/scratch/hpc-prf-acgasm/beniel/ops-hls-batching-tiling-artifacts/codegen_apps/tiling/poisson2d/u280_project/maxtile_8192_p60/hls/build/hw/temp_dir/datamover_outerloop_0/datamover_outerloop_0/datamover_outerloop_0/solution/.autopilot/db/datamover_outerloop_0.pp.0.cpp:34185:17: note: FIX-IT applied suggested code changes
/scratch/hpc-prf-acgasm/beniel/ops-hls-batching-tiling-artifacts/codegen_apps/tiling/poisson2d/u280_project/maxtile_8192_p60/hls/build/hw/temp_dir/datamover_outerloop_0/datamover_outerloop_0/datamover_outerloop_0/solution/.autopilot/db/datamover_outerloop_0.pp.0.cpp:34216:5: warning: Added loop label VITIS_LOOP_2054_1:   [xilinx-label-all-loops]
    for (unsigned short tile_x = 0; tile_x < config.tile_count_x; tile_x++)
    ^~~
    VITIS_LOOP_2054_1: 
/scratch/hpc-prf-acgasm/beniel/ops-hls-batching-tiling-artifacts/codegen_apps/tiling/poisson2d/u280_project/maxtile_8192_p60/hls/build/hw/temp_dir/datamover_outerloop_0/datamover_outerloop_0/datamover_outerloop_0/solution/.autopilot/db/datamover_outerloop_0.pp.0.cpp:34216:5: note: FIX-IT applied suggested code changes
/scratch/hpc-prf-acgasm/beniel/ops-hls-batching-tiling-artifacts/codegen_apps/tiling/poisson2d/u280_project/maxtile_8192_p60/hls/build/hw/temp_dir/datamover_outerloop_0/datamover_outerloop_0/datamover_outerloop_0/solution/.autopilot/db/datamover_outerloop_0.pp.0.cpp:34222:9: warning: Added loop label VITIS_LOOP_2060_2:   [xilinx-label-all-loops]
        for (unsigned short j = 0; j < total_rows; j++)
        ^~~
        VITIS_LOOP_2060_2: 
/scratch/hpc-prf-acgasm/beniel/ops-hls-batching-tiling-artifacts/codegen_apps/tiling/poisson2d/u280_project/maxtile_8192_p60/hls/build/hw/temp_dir/datamover_outerloop_0/datamover_outerloop_0/datamover_outerloop_0/solution/.autopilot/db/datamover_outerloop_0.pp.0.cpp:34222:9: note: FIX-IT applied suggested code changes
/scratch/hpc-prf-acgasm/beniel/ops-hls-batching-tiling-artifacts/codegen_apps/tiling/poisson2d/u280_project/maxtile_8192_p60/hls/build/hw/temp_dir/datamover_outerloop_0/datamover_outerloop_0/datamover_outerloop_0/solution/.autopilot/db/datamover_outerloop_0.pp.0.cpp:34254:5: warning: Added loop label VITIS_LOOP_2123_1:   [xilinx-label-all-loops]
    for (unsigned short tile_y = 0; tile_y < config.tile_count_y; tile_y++)
    ^~~
    VITIS_LOOP_2123_1: 
/scratch/hpc-prf-acgasm/beniel/ops-hls-batching-tiling-artifacts/codegen_apps/tiling/poisson2d/u280_project/maxtile_8192_p60/hls/build/hw/temp_dir/datamover_outerloop_0/datamover_outerloop_0/datamover_outerloop_0/solution/.autopilot/db/datamover_outerloop_0.pp.0.cpp:34254:5: note: FIX-IT applied suggested code changes
/scratch/hpc-prf-acgasm/beniel/ops-hls-batching-tiling-artifacts/codegen_apps/tiling/poisson2d/u280_project/maxtile_8192_p60/hls/build/hw/temp_dir/datamover_outerloop_0/datamover_outerloop_0/datamover_outerloop_0/solution/.autopilot/db/datamover_outerloop_0.pp.0.cpp:34270:9: warning: Added loop label VITIS_LOOP_2139_2:   [xilinx-label-all-loops]
        for (unsigned short tile_x = 0; tile_x < config.tile_count_x; tile_x++)
        ^~~
        VITIS_LOOP_2139_2: 
/scratch/hpc-prf-acgasm/beniel/ops-hls-batching-tiling-artifacts/codegen_apps/tiling/poisson2d/u280_project/maxtile_8192_p60/hls/build/hw/temp_dir/datamover_outerloop_0/datamover_outerloop_0/datamover_outerloop_0/solution/.autopilot/db/datamover_outerloop_0.pp.0.cpp:34270:9: note: FIX-IT applied suggested code changes
/scratch/hpc-prf-acgasm/beniel/ops-hls-batching-tiling-artifacts/codegen_apps/tiling/poisson2d/u280_project/maxtile_8192_p60/hls/build/hw/temp_dir/datamover_outerloop_0/datamover_outerloop_0/datamover_outerloop_0/solution/.autopilot/db/datamover_outerloop_0.pp.0.cpp:34275:13: warning: Added loop label VITIS_LOOP_2144_3:   [xilinx-label-all-loops]
            for (unsigned short k = 0; k < z_diff; k++)
            ^~~
            VITIS_LOOP_2144_3: 
/scratch/hpc-prf-acgasm/beniel/ops-hls-batching-tiling-artifacts/codegen_apps/tiling/poisson2d/u280_project/maxtile_8192_p60/hls/build/hw/temp_dir/datamover_outerloop_0/datamover_outerloop_0/datamover_outerloop_0/solution/.autopilot/db/datamover_outerloop_0.pp.0.cpp:34275:13: note: FIX-IT applied suggested code changes
/scratch/hpc-prf-acgasm/beniel/ops-hls-batching-tiling-artifacts/codegen_apps/tiling/poisson2d/u280_project/maxtile_8192_p60/hls/build/hw/temp_dir/datamover_outerloop_0/datamover_outerloop_0/datamover_outerloop_0/solution/.autopilot/db/datamover_outerloop_0.pp.0.cpp:34279:17: warning: Added loop label VITIS_LOOP_2148_4:   [xilinx-label-all-loops]
                for (unsigned short j = 0; j < local_tile_size_y; j++)
                ^~~
                VITIS_LOOP_2148_4: 
/scratch/hpc-prf-acgasm/beniel/ops-hls-batching-tiling-artifacts/codegen_apps/tiling/poisson2d/u280_project/maxtile_8192_p60/hls/build/hw/temp_dir/datamover_outerloop_0/datamover_outerloop_0/datamover_outerloop_0/solution/.autopilot/db/datamover_outerloop_0.pp.0.cpp:34279:17: note: FIX-IT applied suggested code changes
/scratch/hpc-prf-acgasm/beniel/ops-hls-batching-tiling-artifacts/codegen_apps/tiling/poisson2d/u280_project/maxtile_8192_p60/hls/build/hw/temp_dir/datamover_outerloop_0/datamover_outerloop_0/datamover_outerloop_0/solution/.autopilot/db/datamover_outerloop_0.pp.0.cpp:34310:2: warning: Added loop label VITIS_LOOP_2222_1:   [xilinx-label-all-loops]
 for (unsigned short z = 0; z < size_z; z++)
 ^~~
 VITIS_LOOP_2222_1: 
/scratch/hpc-prf-acgasm/beniel/ops-hls-batching-tiling-artifacts/codegen_apps/tiling/poisson2d/u280_project/maxtile_8192_p60/hls/build/hw/temp_dir/datamover_outerloop_0/datamover_outerloop_0/datamover_outerloop_0/solution/.autopilot/db/datamover_outerloop_0.pp.0.cpp:34310:2: note: FIX-IT applied suggested code changes
/scratch/hpc-prf-acgasm/beniel/ops-hls-batching-tiling-artifacts/codegen_apps/tiling/poisson2d/u280_project/maxtile_8192_p60/hls/build/hw/temp_dir/datamover_outerloop_0/datamover_outerloop_0/datamover_outerloop_0/solution/.autopilot/db/datamover_outerloop_0.pp.0.cpp:34312:9: warning: Added loop label VITIS_LOOP_2224_2:   [xilinx-label-all-loops]
        for (unsigned short y = 0; y < size_y; y++)
        ^~~
        VITIS_LOOP_2224_2: 
/scratch/hpc-prf-acgasm/beniel/ops-hls-batching-tiling-artifacts/codegen_apps/tiling/poisson2d/u280_project/maxtile_8192_p60/hls/build/hw/temp_dir/datamover_outerloop_0/datamover_outerloop_0/datamover_outerloop_0/solution/.autopilot/db/datamover_outerloop_0.pp.0.cpp:34312:9: note: FIX-IT applied suggested code changes
/scratch/hpc-prf-acgasm/beniel/ops-hls-batching-tiling-artifacts/codegen_apps/tiling/poisson2d/u280_project/maxtile_8192_p60/hls/build/hw/temp_dir/datamover_outerloop_0/datamover_outerloop_0/datamover_outerloop_0/solution/.autopilot/db/datamover_outerloop_0.pp.0.cpp:34332:13: warning: Added loop label VITIS_LOOP_2244_3:   [xilinx-label-all-loops]
            for (unsigned int i = 0; i < NUM_BANKS; i++)
            ^~~
            VITIS_LOOP_2244_3: 
/scratch/hpc-prf-acgasm/beniel/ops-hls-batching-tiling-artifacts/codegen_apps/tiling/poisson2d/u280_project/maxtile_8192_p60/hls/build/hw/temp_dir/datamover_outerloop_0/datamover_outerloop_0/datamover_outerloop_0/solution/.autopilot/db/datamover_outerloop_0.pp.0.cpp:34332:13: note: FIX-IT applied suggested code changes
/scratch/hpc-prf-acgasm/beniel/ops-hls-batching-tiling-artifacts/codegen_apps/tiling/poisson2d/u280_project/maxtile_8192_p60/hls/build/hw/temp_dir/datamover_outerloop_0/datamover_outerloop_0/datamover_outerloop_0/solution/.autopilot/db/datamover_outerloop_0.pp.0.cpp:34391:2: warning: Added loop label VITIS_LOOP_2500_1:   [xilinx-label-all-loops]
 for (ap_uint<NUM_BANKS_SHIFT+1> b_id = 0; b_id < NUM_BANKS; b_id++)
 ^~~
 VITIS_LOOP_2500_1: 
/scratch/hpc-prf-acgasm/beniel/ops-hls-batching-tiling-artifacts/codegen_apps/tiling/poisson2d/u280_project/maxtile_8192_p60/hls/build/hw/temp_dir/datamover_outerloop_0/datamover_outerloop_0/datamover_outerloop_0/solution/.autopilot/db/datamover_outerloop_0.pp.0.cpp:34391:2: note: FIX-IT applied suggested code changes
/scratch/hpc-prf-acgasm/beniel/ops-hls-batching-tiling-artifacts/codegen_apps/tiling/poisson2d/u280_project/maxtile_8192_p60/hls/build/hw/temp_dir/datamover_outerloop_0/datamover_outerloop_0/datamover_outerloop_0/solution/.autopilot/db/datamover_outerloop_0.pp.0.cpp:34407:2: warning: Added loop label VITIS_LOOP_2516_2:   [xilinx-label-all-loops]
 for (unsigned short z = 0; z < tile_size_z; z++)
 ^~~
 VITIS_LOOP_2516_2: 
/scratch/hpc-prf-acgasm/beniel/ops-hls-batching-tiling-artifacts/codegen_apps/tiling/poisson2d/u280_project/maxtile_8192_p60/hls/build/hw/temp_dir/datamover_outerloop_0/datamover_outerloop_0/datamover_outerloop_0/solution/.autopilot/db/datamover_outerloop_0.pp.0.cpp:34407:2: note: FIX-IT applied suggested code changes
/scratch/hpc-prf-acgasm/beniel/ops-hls-batching-tiling-artifacts/codegen_apps/tiling/poisson2d/u280_project/maxtile_8192_p60/hls/build/hw/temp_dir/datamover_outerloop_0/datamover_outerloop_0/datamover_outerloop_0/solution/.autopilot/db/datamover_outerloop_0.pp.0.cpp:34409:9: warning: Added loop label VITIS_LOOP_2518_3:   [xilinx-label-all-loops]
        for (unsigned short y = 0; y < tile_size_y; y++)
        ^~~
        VITIS_LOOP_2518_3: 
/scratch/hpc-prf-acgasm/beniel/ops-hls-batching-tiling-artifacts/codegen_apps/tiling/poisson2d/u280_project/maxtile_8192_p60/hls/build/hw/temp_dir/datamover_outerloop_0/datamover_outerloop_0/datamover_outerloop_0/solution/.autopilot/db/datamover_outerloop_0.pp.0.cpp:34409:9: note: FIX-IT applied suggested code changes
/scratch/hpc-prf-acgasm/beniel/ops-hls-batching-tiling-artifacts/codegen_apps/tiling/poisson2d/u280_project/maxtile_8192_p60/hls/build/hw/temp_dir/datamover_outerloop_0/datamover_outerloop_0/datamover_outerloop_0/solution/.autopilot/db/datamover_outerloop_0.pp.0.cpp:34413:2: warning: Added loop label VITIS_LOOP_2522_4:   [xilinx-label-all-loops]
 for (ap_uint<NUM_BANKS_SHIFT+1> b_id = 0; b_id < NUM_BANKS; b_id++)
 ^~~
 VITIS_LOOP_2522_4: 
/scratch/hpc-prf-acgasm/beniel/ops-hls-batching-tiling-artifacts/codegen_apps/tiling/poisson2d/u280_project/maxtile_8192_p60/hls/build/hw/temp_dir/datamover_outerloop_0/datamover_outerloop_0/datamover_outerloop_0/solution/.autopilot/db/datamover_outerloop_0.pp.0.cpp:34413:2: note: FIX-IT applied suggested code changes
/scratch/hpc-prf-acgasm/beniel/ops-hls-batching-tiling-artifacts/codegen_apps/tiling/poisson2d/u280_project/maxtile_8192_p60/hls/build/hw/temp_dir/datamover_outerloop_0/datamover_outerloop_0/datamover_outerloop_0/solution/.autopilot/db/datamover_outerloop_0.pp.0.cpp:34453:2: warning: Added loop label VITIS_LOOP_2603_1:   [xilinx-label-all-loops]
 for (ap_uint<NUM_BANKS_SHIFT+1> b_id = 0; b_id < NUM_BANKS; b_id++)
 ^~~
 VITIS_LOOP_2603_1: 
/scratch/hpc-prf-acgasm/beniel/ops-hls-batching-tiling-artifacts/codegen_apps/tiling/poisson2d/u280_project/maxtile_8192_p60/hls/build/hw/temp_dir/datamover_outerloop_0/datamover_outerloop_0/datamover_outerloop_0/solution/.autopilot/db/datamover_outerloop_0.pp.0.cpp:34453:2: note: FIX-IT applied suggested code changes
/scratch/hpc-prf-acgasm/beniel/ops-hls-batching-tiling-artifacts/codegen_apps/tiling/poisson2d/u280_project/maxtile_8192_p60/hls/build/hw/temp_dir/datamover_outerloop_0/datamover_outerloop_0/datamover_outerloop_0/solution/.autopilot/db/datamover_outerloop_0.pp.0.cpp:34467:5: warning: Added loop label VITIS_LOOP_2617_2:   [xilinx-label-all-loops]
    for (unsigned short y = 0; y < tile_size_y; y++)
    ^~~
    VITIS_LOOP_2617_2: 
/scratch/hpc-prf-acgasm/beniel/ops-hls-batching-tiling-artifacts/codegen_apps/tiling/poisson2d/u280_project/maxtile_8192_p60/hls/build/hw/temp_dir/datamover_outerloop_0/datamover_outerloop_0/datamover_outerloop_0/solution/.autopilot/db/datamover_outerloop_0.pp.0.cpp:34467:5: note: FIX-IT applied suggested code changes
/scratch/hpc-prf-acgasm/beniel/ops-hls-batching-tiling-artifacts/codegen_apps/tiling/poisson2d/u280_project/maxtile_8192_p60/hls/build/hw/temp_dir/datamover_outerloop_0/datamover_outerloop_0/datamover_outerloop_0/solution/.autopilot/db/datamover_outerloop_0.pp.0.cpp:34470:2: warning: Added loop label VITIS_LOOP_2620_3:   [xilinx-label-all-loops]
 for (ap_uint<NUM_BANKS_SHIFT+1> b_id = 0; b_id < NUM_BANKS; b_id++)
 ^~~
 VITIS_LOOP_2620_3: 
/scratch/hpc-prf-acgasm/beniel/ops-hls-batching-tiling-artifacts/codegen_apps/tiling/poisson2d/u280_project/maxtile_8192_p60/hls/build/hw/temp_dir/datamover_outerloop_0/datamover_outerloop_0/datamover_outerloop_0/solution/.autopilot/db/datamover_outerloop_0.pp.0.cpp:34470:2: note: FIX-IT applied suggested code changes
/scratch/hpc-prf-acgasm/beniel/ops-hls-batching-tiling-artifacts/codegen_apps/tiling/poisson2d/u280_project/maxtile_8192_p60/hls/build/hw/temp_dir/datamover_outerloop_0/datamover_outerloop_0/datamover_outerloop_0/solution/.autopilot/db/datamover_outerloop_0.pp.0.cpp:34501:5: warning: Added loop label VITIS_LOOP_2699_1:   [xilinx-label-all-loops]
    for (unsigned short z = 0; z < size_z; z++)
    ^~~
    VITIS_LOOP_2699_1: 
/scratch/hpc-prf-acgasm/beniel/ops-hls-batching-tiling-artifacts/codegen_apps/tiling/poisson2d/u280_project/maxtile_8192_p60/hls/build/hw/temp_dir/datamover_outerloop_0/datamover_outerloop_0/datamover_outerloop_0/solution/.autopilot/db/datamover_outerloop_0.pp.0.cpp:34501:5: note: FIX-IT applied suggested code changes
/scratch/hpc-prf-acgasm/beniel/ops-hls-batching-tiling-artifacts/codegen_apps/tiling/poisson2d/u280_project/maxtile_8192_p60/hls/build/hw/temp_dir/datamover_outerloop_0/datamover_outerloop_0/datamover_outerloop_0/solution/.autopilot/db/datamover_outerloop_0.pp.0.cpp:34503:9: warning: Added loop label VITIS_LOOP_2701_2:   [xilinx-label-all-loops]
        for (unsigned short y = 0; y < size_y; y++)
        ^~~
        VITIS_LOOP_2701_2: 
/scratch/hpc-prf-acgasm/beniel/ops-hls-batching-tiling-artifacts/codegen_apps/tiling/poisson2d/u280_project/maxtile_8192_p60/hls/build/hw/temp_dir/datamover_outerloop_0/datamover_outerloop_0/datamover_outerloop_0/solution/.autopilot/db/datamover_outerloop_0.pp.0.cpp:34503:9: note: FIX-IT applied suggested code changes
/scratch/hpc-prf-acgasm/beniel/ops-hls-batching-tiling-artifacts/codegen_apps/tiling/poisson2d/u280_project/maxtile_8192_p60/hls/build/hw/temp_dir/datamover_outerloop_0/datamover_outerloop_0/datamover_outerloop_0/solution/.autopilot/db/datamover_outerloop_0.pp.0.cpp:34525:13: warning: Added loop label VITIS_LOOP_2723_3:   [xilinx-label-all-loops]
            for (unsigned int i = 0; i < NUM_BANKS; i++)
            ^~~
            VITIS_LOOP_2723_3: 
/scratch/hpc-prf-acgasm/beniel/ops-hls-batching-tiling-artifacts/codegen_apps/tiling/poisson2d/u280_project/maxtile_8192_p60/hls/build/hw/temp_dir/datamover_outerloop_0/datamover_outerloop_0/datamover_outerloop_0/solution/.autopilot/db/datamover_outerloop_0.pp.0.cpp:34525:13: note: FIX-IT applied suggested code changes
/scratch/hpc-prf-acgasm/beniel/ops-hls-batching-tiling-artifacts/codegen_apps/tiling/poisson2d/u280_project/maxtile_8192_p60/hls/build/hw/temp_dir/datamover_outerloop_0/datamover_outerloop_0/datamover_outerloop_0/solution/.autopilot/db/datamover_outerloop_0.pp.0.cpp:34583:2: warning: Added loop label VITIS_LOOP_2803_1:   [xilinx-label-all-loops]
 for (unsigned int i = 0; i < total_iters; i++) {
 ^~~
 VITIS_LOOP_2803_1: 
/scratch/hpc-prf-acgasm/beniel/ops-hls-batching-tiling-artifacts/codegen_apps/tiling/poisson2d/u280_project/maxtile_8192_p60/hls/build/hw/temp_dir/datamover_outerloop_0/datamover_outerloop_0/datamover_outerloop_0/solution/.autopilot/db/datamover_outerloop_0.pp.0.cpp:34583:2: note: FIX-IT applied suggested code changes
/scratch/hpc-prf-acgasm/beniel/ops-hls-batching-tiling-artifacts/codegen_apps/tiling/poisson2d/u280_project/maxtile_8192_p60/hls/build/hw/temp_dir/datamover_outerloop_0/datamover_outerloop_0/datamover_outerloop_0/solution/.autopilot/db/datamover_outerloop_0.pp.0.cpp:34601:2: warning: Added loop label VITIS_LOOP_2821_1:   [xilinx-label-all-loops]
 for (unsigned int i = 0; i < total_iters; i++) {
 ^~~
 VITIS_LOOP_2821_1: 
/scratch/hpc-prf-acgasm/beniel/ops-hls-batching-tiling-artifacts/codegen_apps/tiling/poisson2d/u280_project/maxtile_8192_p60/hls/build/hw/temp_dir/datamover_outerloop_0/datamover_outerloop_0/datamover_outerloop_0/solution/.autopilot/db/datamover_outerloop_0.pp.0.cpp:34601:2: note: FIX-IT applied suggested code changes
/scratch/hpc-prf-acgasm/beniel/ops-hls-batching-tiling-artifacts/codegen_apps/tiling/poisson2d/u280_project/maxtile_8192_p60/hls/build/hw/temp_dir/datamover_outerloop_0/datamover_outerloop_0/datamover_outerloop_0/solution/.autopilot/db/datamover_outerloop_0.pp.0.cpp:34749:2: warning: Added loop label VITIS_LOOP_3099_1:   [xilinx-label-all-loops]
 for (unsigned int i = 0; i < total_iters; i++) {
 ^~~
 VITIS_LOOP_3099_1: 
/scratch/hpc-prf-acgasm/beniel/ops-hls-batching-tiling-artifacts/codegen_apps/tiling/poisson2d/u280_project/maxtile_8192_p60/hls/build/hw/temp_dir/datamover_outerloop_0/datamover_outerloop_0/datamover_outerloop_0/solution/.autopilot/db/datamover_outerloop_0.pp.0.cpp:34749:2: note: FIX-IT applied suggested code changes
/scratch/hpc-prf-acgasm/beniel/ops-hls-batching-tiling-artifacts/codegen_apps/tiling/poisson2d/u280_project/maxtile_8192_p60/hls/build/hw/temp_dir/datamover_outerloop_0/datamover_outerloop_0/datamover_outerloop_0/solution/.autopilot/db/datamover_outerloop_0.pp.0.cpp:34994:5: warning: Added loop label VITIS_LOOP_3567_1:   [xilinx-label-all-loops]
    for (unsigned short z = 0; z < size_z; z++)
    ^~~
    VITIS_LOOP_3567_1: 
/scratch/hpc-prf-acgasm/beniel/ops-hls-batching-tiling-artifacts/codegen_apps/tiling/poisson2d/u280_project/maxtile_8192_p60/hls/build/hw/temp_dir/datamover_outerloop_0/datamover_outerloop_0/datamover_outerloop_0/solution/.autopilot/db/datamover_outerloop_0.pp.0.cpp:34994:5: note: FIX-IT applied suggested code changes
/scratch/hpc-prf-acgasm/beniel/ops-hls-batching-tiling-artifacts/codegen_apps/tiling/poisson2d/u280_project/maxtile_8192_p60/hls/build/hw/temp_dir/datamover_outerloop_0/datamover_outerloop_0/datamover_outerloop_0/solution/.autopilot/db/datamover_outerloop_0.pp.0.cpp:34996:9: warning: Added loop label VITIS_LOOP_3569_2:   [xilinx-label-all-loops]
        for (unsigned short y = 0; y < size_y; y++)
        ^~~
        VITIS_LOOP_3569_2: 
/scratch/hpc-prf-acgasm/beniel/ops-hls-batching-tiling-artifacts/codegen_apps/tiling/poisson2d/u280_project/maxtile_8192_p60/hls/build/hw/temp_dir/datamover_outerloop_0/datamover_outerloop_0/datamover_outerloop_0/solution/.autopilot/db/datamover_outerloop_0.pp.0.cpp:34996:9: note: FIX-IT applied suggested code changes
/scratch/hpc-prf-acgasm/beniel/ops-hls-batching-tiling-artifacts/codegen_apps/tiling/poisson2d/u280_project/maxtile_8192_p60/hls/build/hw/temp_dir/datamover_outerloop_0/datamover_outerloop_0/datamover_outerloop_0/solution/.autopilot/db/datamover_outerloop_0.pp.0.cpp:35012:2: warning: Added loop label VITIS_LOOP_3585_3:   [xilinx-label-all-loops]
 for (unsigned int i = 0; i < NUM_BANKS; i++)
 ^~~
 VITIS_LOOP_3585_3: 
/scratch/hpc-prf-acgasm/beniel/ops-hls-batching-tiling-artifacts/codegen_apps/tiling/poisson2d/u280_project/maxtile_8192_p60/hls/build/hw/temp_dir/datamover_outerloop_0/datamover_outerloop_0/datamover_outerloop_0/solution/.autopilot/db/datamover_outerloop_0.pp.0.cpp:35012:2: note: FIX-IT applied suggested code changes
/scratch/hpc-prf-acgasm/beniel/ops-hls-batching-tiling-artifacts/codegen_apps/tiling/poisson2d/u280_project/maxtile_8192_p60/hls/build/hw/temp_dir/datamover_outerloop_0/datamover_outerloop_0/datamover_outerloop_0/solution/.autopilot/db/datamover_outerloop_0.pp.0.cpp:35025:13: warning: Added loop label VITIS_LOOP_3598_4:   [xilinx-label-all-loops]
            for (unsigned short x = 0; x < size_x_div_by_banks_ceil; x++)
            ^~~
            VITIS_LOOP_3598_4: 
/scratch/hpc-prf-acgasm/beniel/ops-hls-batching-tiling-artifacts/codegen_apps/tiling/poisson2d/u280_project/maxtile_8192_p60/hls/build/hw/temp_dir/datamover_outerloop_0/datamover_outerloop_0/datamover_outerloop_0/solution/.autopilot/db/datamover_outerloop_0.pp.0.cpp:35025:13: note: FIX-IT applied suggested code changes
/scratch/hpc-prf-acgasm/beniel/ops-hls-batching-tiling-artifacts/codegen_apps/tiling/poisson2d/u280_project/maxtile_8192_p60/hls/build/hw/temp_dir/datamover_outerloop_0/datamover_outerloop_0/datamover_outerloop_0/solution/.autopilot/db/datamover_outerloop_0.pp.0.cpp:35038:17: warning: Added loop label VITIS_LOOP_3611_5:   [xilinx-label-all-loops]
                for (unsigned int i = 0; i < NUM_BANKS; i++)
                ^~~
                VITIS_LOOP_3611_5: 
/scratch/hpc-prf-acgasm/beniel/ops-hls-batching-tiling-artifacts/codegen_apps/tiling/poisson2d/u280_project/maxtile_8192_p60/hls/build/hw/temp_dir/datamover_outerloop_0/datamover_outerloop_0/datamover_outerloop_0/solution/.autopilot/db/datamover_outerloop_0.pp.0.cpp:35038:17: note: FIX-IT applied suggested code changes
/scratch/hpc-prf-acgasm/beniel/ops-hls-batching-tiling-artifacts/codegen_apps/tiling/poisson2d/u280_project/maxtile_8192_p60/hls/build/hw/temp_dir/datamover_outerloop_0/datamover_outerloop_0/datamover_outerloop_0/solution/.autopilot/db/datamover_outerloop_0.pp.0.cpp:35047:17: warning: Added loop label VITIS_LOOP_3636_6:   [xilinx-label-all-loops]
                for (unsigned int i = 0; i < NUM_BANKS; i++)
                ^~~
                VITIS_LOOP_3636_6: 
/scratch/hpc-prf-acgasm/beniel/ops-hls-batching-tiling-artifacts/codegen_apps/tiling/poisson2d/u280_project/maxtile_8192_p60/hls/build/hw/temp_dir/datamover_outerloop_0/datamover_outerloop_0/datamover_outerloop_0/solution/.autopilot/db/datamover_outerloop_0.pp.0.cpp:35047:17: note: FIX-IT applied suggested code changes
/scratch/hpc-prf-acgasm/beniel/ops-hls-batching-tiling-artifacts/codegen_apps/tiling/poisson2d/u280_project/maxtile_8192_p60/hls/build/hw/temp_dir/datamover_outerloop_0/datamover_outerloop_0/datamover_outerloop_0/solution/.autopilot/db/datamover_outerloop_0.pp.0.cpp:35055:17: warning: Added loop label VITIS_LOOP_3644_7:   [xilinx-label-all-loops]
                for (unsigned int i = 0; i < NUM_BANKS; i++)
                ^~~
                VITIS_LOOP_3644_7: 
/scratch/hpc-prf-acgasm/beniel/ops-hls-batching-tiling-artifacts/codegen_apps/tiling/poisson2d/u280_project/maxtile_8192_p60/hls/build/hw/temp_dir/datamover_outerloop_0/datamover_outerloop_0/datamover_outerloop_0/solution/.autopilot/db/datamover_outerloop_0.pp.0.cpp:35055:17: note: FIX-IT applied suggested code changes
/scratch/hpc-prf-acgasm/beniel/ops-hls-batching-tiling-artifacts/codegen_apps/tiling/poisson2d/u280_project/maxtile_8192_p60/hls/build/hw/temp_dir/datamover_outerloop_0/datamover_outerloop_0/datamover_outerloop_0/solution/.autopilot/db/datamover_outerloop_0.pp.0.cpp:35081:2: warning: Added loop label VITIS_LOOP_3733_1:   [xilinx-label-all-loops]
 for (unsigned int row_id = 0; row_id < total_rows; row_id++)
 ^~~
 VITIS_LOOP_3733_1: 
/scratch/hpc-prf-acgasm/beniel/ops-hls-batching-tiling-artifacts/codegen_apps/tiling/poisson2d/u280_project/maxtile_8192_p60/hls/build/hw/temp_dir/datamover_outerloop_0/datamover_outerloop_0/datamover_outerloop_0/solution/.autopilot/db/datamover_outerloop_0.pp.0.cpp:35081:2: note: FIX-IT applied suggested code changes
/scratch/hpc-prf-acgasm/beniel/ops-hls-batching-tiling-artifacts/codegen_apps/tiling/poisson2d/u280_project/maxtile_8192_p60/hls/build/hw/temp_dir/datamover_outerloop_0/datamover_outerloop_0/datamover_outerloop_0/solution/.autopilot/db/datamover_outerloop_0.pp.0.cpp:35091:3: warning: Added loop label VITIS_LOOP_3762_2:   [xilinx-label-all-loops]
  for (unsigned short x = 0; x < bank_tile_size_x_ceil; x++)
  ^~~
  VITIS_LOOP_3762_2: 
/scratch/hpc-prf-acgasm/beniel/ops-hls-batching-tiling-artifacts/codegen_apps/tiling/poisson2d/u280_project/maxtile_8192_p60/hls/build/hw/temp_dir/datamover_outerloop_0/datamover_outerloop_0/datamover_outerloop_0/solution/.autopilot/db/datamover_outerloop_0.pp.0.cpp:35091:3: note: FIX-IT applied suggested code changes
/scratch/hpc-prf-acgasm/beniel/ops-hls-batching-tiling-artifacts/codegen_apps/tiling/poisson2d/u280_project/maxtile_8192_p60/hls/build/hw/temp_dir/datamover_outerloop_0/datamover_outerloop_0/datamover_outerloop_0/solution/.autopilot/db/datamover_outerloop_0.pp.0.cpp:35104:4: warning: Added loop label VITIS_LOOP_3775_3:   [xilinx-label-all-loops]
   for (unsigned int i = 0; i < NUM_BANKS; i++)
   ^~~
   VITIS_LOOP_3775_3: 
/scratch/hpc-prf-acgasm/beniel/ops-hls-batching-tiling-artifacts/codegen_apps/tiling/poisson2d/u280_project/maxtile_8192_p60/hls/build/hw/temp_dir/datamover_outerloop_0/datamover_outerloop_0/datamover_outerloop_0/solution/.autopilot/db/datamover_outerloop_0.pp.0.cpp:35104:4: note: FIX-IT applied suggested code changes
/scratch/hpc-prf-acgasm/beniel/ops-hls-batching-tiling-artifacts/codegen_apps/tiling/poisson2d/u280_project/maxtile_8192_p60/hls/build/hw/temp_dir/datamover_outerloop_0/datamover_outerloop_0/datamover_outerloop_0/solution/.autopilot/db/datamover_outerloop_0.pp.0.cpp:35113:4: warning: Added loop label VITIS_LOOP_3800_4:   [xilinx-label-all-loops]
   for (unsigned int i = 0; i < NUM_BANKS; i++)
   ^~~
   VITIS_LOOP_3800_4: 
/scratch/hpc-prf-acgasm/beniel/ops-hls-batching-tiling-artifacts/codegen_apps/tiling/poisson2d/u280_project/maxtile_8192_p60/hls/build/hw/temp_dir/datamover_outerloop_0/datamover_outerloop_0/datamover_outerloop_0/solution/.autopilot/db/datamover_outerloop_0.pp.0.cpp:35113:4: note: FIX-IT applied suggested code changes
/scratch/hpc-prf-acgasm/beniel/ops-hls-batching-tiling-artifacts/codegen_apps/tiling/poisson2d/u280_project/maxtile_8192_p60/hls/build/hw/temp_dir/datamover_outerloop_0/datamover_outerloop_0/datamover_outerloop_0/solution/.autopilot/db/datamover_outerloop_0.pp.0.cpp:35121:4: warning: Added loop label VITIS_LOOP_3808_5:   [xilinx-label-all-loops]
   for (unsigned int i = 0; i < NUM_BANKS; i++)
   ^~~
   VITIS_LOOP_3808_5: 
/scratch/hpc-prf-acgasm/beniel/ops-hls-batching-tiling-artifacts/codegen_apps/tiling/poisson2d/u280_project/maxtile_8192_p60/hls/build/hw/temp_dir/datamover_outerloop_0/datamover_outerloop_0/datamover_outerloop_0/solution/.autopilot/db/datamover_outerloop_0.pp.0.cpp:35121:4: note: FIX-IT applied suggested code changes
/scratch/hpc-prf-acgasm/beniel/ops-hls-batching-tiling-artifacts/codegen_apps/tiling/poisson2d/u280_project/maxtile_8192_p60/hls/build/hw/temp_dir/datamover_outerloop_0/datamover_outerloop_0/datamover_outerloop_0/solution/.autopilot/db/datamover_outerloop_0.pp.0.cpp:35143:2: warning: Added loop label VITIS_LOOP_3886_1:   [xilinx-label-all-loops]
 for (unsigned int pkt = 0; pkt < num_big_pkts; pkt++)
 ^~~
 VITIS_LOOP_3886_1: 
/scratch/hpc-prf-acgasm/beniel/ops-hls-batching-tiling-artifacts/codegen_apps/tiling/poisson2d/u280_project/maxtile_8192_p60/hls/build/hw/temp_dir/datamover_outerloop_0/datamover_outerloop_0/datamover_outerloop_0/solution/.autopilot/db/datamover_outerloop_0.pp.0.cpp:35143:2: note: FIX-IT applied suggested code changes
/scratch/hpc-prf-acgasm/beniel/ops-hls-batching-tiling-artifacts/codegen_apps/tiling/poisson2d/u280_project/maxtile_8192_p60/hls/build/hw/temp_dir/datamover_outerloop_0/datamover_outerloop_0/datamover_outerloop_0/solution/.autopilot/db/datamover_outerloop_0.pp.0.cpp:35168:2: warning: Added loop label VITIS_LOOP_3920_2:   [xilinx-label-all-loops]
 for (unsigned short out_strm = 0; out_strm < NUM_STRMS; out_strm++)
 ^~~
 VITIS_LOOP_3920_2: 
/scratch/hpc-prf-acgasm/beniel/ops-hls-batching-tiling-artifacts/codegen_apps/tiling/poisson2d/u280_project/maxtile_8192_p60/hls/build/hw/temp_dir/datamover_outerloop_0/datamover_outerloop_0/datamover_outerloop_0/solution/.autopilot/db/datamover_outerloop_0.pp.0.cpp:35168:2: note: FIX-IT applied suggested code changes
/scratch/hpc-prf-acgasm/beniel/ops-hls-batching-tiling-artifacts/codegen_apps/tiling/poisson2d/u280_project/maxtile_8192_p60/hls/build/hw/temp_dir/datamover_outerloop_0/datamover_outerloop_0/datamover_outerloop_0/solution/.autopilot/db/datamover_outerloop_0.pp.0.cpp:35199:2: warning: Added loop label VITIS_LOOP_4002_1:   [xilinx-label-all-loops]
 for (unsigned int pkt = 0; pkt < num_big_pkts; pkt++)
 ^~~
 VITIS_LOOP_4002_1: 
/scratch/hpc-prf-acgasm/beniel/ops-hls-batching-tiling-artifacts/codegen_apps/tiling/poisson2d/u280_project/maxtile_8192_p60/hls/build/hw/temp_dir/datamover_outerloop_0/datamover_outerloop_0/datamover_outerloop_0/solution/.autopilot/db/datamover_outerloop_0.pp.0.cpp:35199:2: note: FIX-IT applied suggested code changes
/scratch/hpc-prf-acgasm/beniel/ops-hls-batching-tiling-artifacts/codegen_apps/tiling/poisson2d/u280_project/maxtile_8192_p60/hls/build/hw/temp_dir/datamover_outerloop_0/datamover_outerloop_0/datamover_outerloop_0/solution/.autopilot/db/datamover_outerloop_0.pp.0.cpp:35218:4: warning: Added loop label VITIS_LOOP_4030_2:   [xilinx-label-all-loops]
   for (unsigned short output_cycle = 0; output_cycle < HALF_FACTOR; output_cycle++)
   ^~~
   VITIS_LOOP_4030_2: 
/scratch/hpc-prf-acgasm/beniel/ops-hls-batching-tiling-artifacts/codegen_apps/tiling/poisson2d/u280_project/maxtile_8192_p60/hls/build/hw/temp_dir/datamover_outerloop_0/datamover_outerloop_0/datamover_outerloop_0/solution/.autopilot/db/datamover_outerloop_0.pp.0.cpp:35218:4: note: FIX-IT applied suggested code changes
/scratch/hpc-prf-acgasm/beniel/ops-hls-batching-tiling-artifacts/codegen_apps/tiling/poisson2d/u280_project/maxtile_8192_p60/hls/build/hw/temp_dir/datamover_outerloop_0/datamover_outerloop_0/datamover_outerloop_0/solution/.autopilot/db/datamover_outerloop_0.pp.0.cpp:35225:2: warning: Added loop label VITIS_LOOP_4037_3:   [xilinx-label-all-loops]
 for (unsigned short out_strm = 0; out_strm < NUM_STRMS; out_strm++)
 ^~~
 VITIS_LOOP_4037_3: 
/scratch/hpc-prf-acgasm/beniel/ops-hls-batching-tiling-artifacts/codegen_apps/tiling/poisson2d/u280_project/maxtile_8192_p60/hls/build/hw/temp_dir/datamover_outerloop_0/datamover_outerloop_0/datamover_outerloop_0/solution/.autopilot/db/datamover_outerloop_0.pp.0.cpp:35225:2: note: FIX-IT applied suggested code changes
/scratch/hpc-prf-acgasm/beniel/ops-hls-batching-tiling-artifacts/codegen_apps/tiling/poisson2d/u280_project/maxtile_8192_p60/hls/build/hw/temp_dir/datamover_outerloop_0/datamover_outerloop_0/datamover_outerloop_0/solution/.autopilot/db/datamover_outerloop_0.pp.0.cpp:35240:4: warning: Added loop label VITIS_LOOP_4061_4:   [xilinx-label-all-loops]
   for (unsigned short output_cycle = 0; output_cycle < FACTOR; output_cycle++)
   ^~~
   VITIS_LOOP_4061_4: 
/scratch/hpc-prf-acgasm/beniel/ops-hls-batching-tiling-artifacts/codegen_apps/tiling/poisson2d/u280_project/maxtile_8192_p60/hls/build/hw/temp_dir/datamover_outerloop_0/datamover_outerloop_0/datamover_outerloop_0/solution/.autopilot/db/datamover_outerloop_0.pp.0.cpp:35240:4: note: FIX-IT applied suggested code changes
/scratch/hpc-prf-acgasm/beniel/ops-hls-batching-tiling-artifacts/codegen_apps/tiling/poisson2d/u280_project/maxtile_8192_p60/hls/build/hw/temp_dir/datamover_outerloop_0/datamover_outerloop_0/datamover_outerloop_0/solution/.autopilot/db/datamover_outerloop_0.pp.0.cpp:35247:2: warning: Added loop label VITIS_LOOP_4068_5:   [xilinx-label-all-loops]
 for (unsigned short out_strm = 0; out_strm < NUM_STRMS; out_strm++)
 ^~~
 VITIS_LOOP_4068_5: 
/scratch/hpc-prf-acgasm/beniel/ops-hls-batching-tiling-artifacts/codegen_apps/tiling/poisson2d/u280_project/maxtile_8192_p60/hls/build/hw/temp_dir/datamover_outerloop_0/datamover_outerloop_0/datamover_outerloop_0/solution/.autopilot/db/datamover_outerloop_0.pp.0.cpp:35247:2: note: FIX-IT applied suggested code changes
/scratch/hpc-prf-acgasm/beniel/ops-hls-batching-tiling-artifacts/codegen_apps/tiling/poisson2d/u280_project/maxtile_8192_p60/hls/build/hw/temp_dir/datamover_outerloop_0/datamover_outerloop_0/datamover_outerloop_0/solution/.autopilot/db/datamover_outerloop_0.pp.0.cpp:35277:2: warning: Added loop label VITIS_LOOP_4149_1:   [xilinx-label-all-loops]
 for (unsigned int pkt = 0; pkt < num_big_pkts; pkt++)
 ^~~
 VITIS_LOOP_4149_1: 
/scratch/hpc-prf-acgasm/beniel/ops-hls-batching-tiling-artifacts/codegen_apps/tiling/poisson2d/u280_project/maxtile_8192_p60/hls/build/hw/temp_dir/datamover_outerloop_0/datamover_outerloop_0/datamover_outerloop_0/solution/.autopilot/db/datamover_outerloop_0.pp.0.cpp:35277:2: note: FIX-IT applied suggested code changes
/scratch/hpc-prf-acgasm/beniel/ops-hls-batching-tiling-artifacts/codegen_apps/tiling/poisson2d/u280_project/maxtile_8192_p60/hls/build/hw/temp_dir/datamover_outerloop_0/datamover_outerloop_0/datamover_outerloop_0/solution/.autopilot/db/datamover_outerloop_0.pp.0.cpp:35294:2: warning: Added loop label VITIS_LOOP_4166_2:   [xilinx-label-all-loops]
 for (unsigned short out_strm = 0; out_strm < NUM_STRMS; out_strm++)
 ^~~
 VITIS_LOOP_4166_2: 
/scratch/hpc-prf-acgasm/beniel/ops-hls-batching-tiling-artifacts/codegen_apps/tiling/poisson2d/u280_project/maxtile_8192_p60/hls/build/hw/temp_dir/datamover_outerloop_0/datamover_outerloop_0/datamover_outerloop_0/solution/.autopilot/db/datamover_outerloop_0.pp.0.cpp:35294:2: note: FIX-IT applied suggested code changes
/scratch/hpc-prf-acgasm/beniel/ops-hls-batching-tiling-artifacts/codegen_apps/tiling/poisson2d/u280_project/maxtile_8192_p60/hls/build/hw/temp_dir/datamover_outerloop_0/datamover_outerloop_0/datamover_outerloop_0/solution/.autopilot/db/datamover_outerloop_0.pp.0.cpp:35312:4: warning: Added loop label VITIS_LOOP_4193_3:   [xilinx-label-all-loops]
   for (unsigned short k = 0; k < FACTOR; k++)
   ^~~
   VITIS_LOOP_4193_3: 
/scratch/hpc-prf-acgasm/beniel/ops-hls-batching-tiling-artifacts/codegen_apps/tiling/poisson2d/u280_project/maxtile_8192_p60/hls/build/hw/temp_dir/datamover_outerloop_0/datamover_outerloop_0/datamover_outerloop_0/solution/.autopilot/db/datamover_outerloop_0.pp.0.cpp:35312:4: note: FIX-IT applied suggested code changes
/scratch/hpc-prf-acgasm/beniel/ops-hls-batching-tiling-artifacts/codegen_apps/tiling/poisson2d/u280_project/maxtile_8192_p60/hls/build/hw/temp_dir/datamover_outerloop_0/datamover_outerloop_0/datamover_outerloop_0/solution/.autopilot/db/datamover_outerloop_0.pp.0.cpp:35337:2: warning: Added loop label VITIS_LOOP_4271_1:   [xilinx-label-all-loops]
 for (unsigned int pkt = 0; pkt < num_big_pkts; pkt++)
 ^~~
 VITIS_LOOP_4271_1: 
/scratch/hpc-prf-acgasm/beniel/ops-hls-batching-tiling-artifacts/codegen_apps/tiling/poisson2d/u280_project/maxtile_8192_p60/hls/build/hw/temp_dir/datamover_outerloop_0/datamover_outerloop_0/datamover_outerloop_0/solution/.autopilot/db/datamover_outerloop_0.pp.0.cpp:35337:2: note: FIX-IT applied suggested code changes
/scratch/hpc-prf-acgasm/beniel/ops-hls-batching-tiling-artifacts/codegen_apps/tiling/poisson2d/u280_project/maxtile_8192_p60/hls/build/hw/temp_dir/datamover_outerloop_0/datamover_outerloop_0/datamover_outerloop_0/solution/.autopilot/db/datamover_outerloop_0.pp.0.cpp:35348:5: warning: Added loop label VITIS_LOOP_4282_2:   [xilinx-label-all-loops]
    for (unsigned short output_cycle = 0; output_cycle < HALF_FACTOR; output_cycle++)
    ^~~
    VITIS_LOOP_4282_2: 
/scratch/hpc-prf-acgasm/beniel/ops-hls-batching-tiling-artifacts/codegen_apps/tiling/poisson2d/u280_project/maxtile_8192_p60/hls/build/hw/temp_dir/datamover_outerloop_0/datamover_outerloop_0/datamover_outerloop_0/solution/.autopilot/db/datamover_outerloop_0.pp.0.cpp:35348:5: note: FIX-IT applied suggested code changes
/scratch/hpc-prf-acgasm/beniel/ops-hls-batching-tiling-artifacts/codegen_apps/tiling/poisson2d/u280_project/maxtile_8192_p60/hls/build/hw/temp_dir/datamover_outerloop_0/datamover_outerloop_0/datamover_outerloop_0/solution/.autopilot/db/datamover_outerloop_0.pp.0.cpp:35355:2: warning: Added loop label VITIS_LOOP_4289_3:   [xilinx-label-all-loops]
 for (unsigned short out_strm = 0; out_strm < NUM_STRMS; out_strm++)
 ^~~
 VITIS_LOOP_4289_3: 
/scratch/hpc-prf-acgasm/beniel/ops-hls-batching-tiling-artifacts/codegen_apps/tiling/poisson2d/u280_project/maxtile_8192_p60/hls/build/hw/temp_dir/datamover_outerloop_0/datamover_outerloop_0/datamover_outerloop_0/solution/.autopilot/db/datamover_outerloop_0.pp.0.cpp:35355:2: note: FIX-IT applied suggested code changes
/scratch/hpc-prf-acgasm/beniel/ops-hls-batching-tiling-artifacts/codegen_apps/tiling/poisson2d/u280_project/maxtile_8192_p60/hls/build/hw/temp_dir/datamover_outerloop_0/datamover_outerloop_0/datamover_outerloop_0/solution/.autopilot/db/datamover_outerloop_0.pp.0.cpp:35368:4: warning: Added loop label VITIS_LOOP_4311_4:   [xilinx-label-all-loops]
   for (unsigned short output_cycle = 0; output_cycle < FACTOR; output_cycle++)
   ^~~
   VITIS_LOOP_4311_4: 
/scratch/hpc-prf-acgasm/beniel/ops-hls-batching-tiling-artifacts/codegen_apps/tiling/poisson2d/u280_project/maxtile_8192_p60/hls/build/hw/temp_dir/datamover_outerloop_0/datamover_outerloop_0/datamover_outerloop_0/solution/.autopilot/db/datamover_outerloop_0.pp.0.cpp:35368:4: note: FIX-IT applied suggested code changes
/scratch/hpc-prf-acgasm/beniel/ops-hls-batching-tiling-artifacts/codegen_apps/tiling/poisson2d/u280_project/maxtile_8192_p60/hls/build/hw/temp_dir/datamover_outerloop_0/datamover_outerloop_0/datamover_outerloop_0/solution/.autopilot/db/datamover_outerloop_0.pp.0.cpp:35375:2: warning: Added loop label VITIS_LOOP_4318_5:   [xilinx-label-all-loops]
 for (unsigned short out_strm = 0; out_strm < NUM_STRMS; out_strm++)
 ^~~
 VITIS_LOOP_4318_5: 
/scratch/hpc-prf-acgasm/beniel/ops-hls-batching-tiling-artifacts/codegen_apps/tiling/poisson2d/u280_project/maxtile_8192_p60/hls/build/hw/temp_dir/datamover_outerloop_0/datamover_outerloop_0/datamover_outerloop_0/solution/.autopilot/db/datamover_outerloop_0.pp.0.cpp:35375:2: note: FIX-IT applied suggested code changes
/scratch/hpc-prf-acgasm/beniel/ops-hls-batching-tiling-artifacts/codegen_apps/tiling/poisson2d/u280_project/maxtile_8192_p60/hls/build/hw/temp_dir/datamover_outerloop_0/datamover_outerloop_0/datamover_outerloop_0/solution/.autopilot/db/datamover_outerloop_0.pp.0.cpp:35393:4: warning: Added loop label VITIS_LOOP_4345_6:   [xilinx-label-all-loops]
   for (unsigned short k = 0; k < FACTOR; k++)
   ^~~
   VITIS_LOOP_4345_6: 
/scratch/hpc-prf-acgasm/beniel/ops-hls-batching-tiling-artifacts/codegen_apps/tiling/poisson2d/u280_project/maxtile_8192_p60/hls/build/hw/temp_dir/datamover_outerloop_0/datamover_outerloop_0/datamover_outerloop_0/solution/.autopilot/db/datamover_outerloop_0.pp.0.cpp:35393:4: note: FIX-IT applied suggested code changes
/scratch/hpc-prf-acgasm/beniel/ops-hls-batching-tiling-artifacts/codegen_apps/tiling/poisson2d/u280_project/maxtile_8192_p60/hls/build/hw/temp_dir/datamover_outerloop_0/datamover_outerloop_0/datamover_outerloop_0/solution/.autopilot/db/datamover_outerloop_0.pp.0.cpp:35429:5: warning: Added loop label VITIS_LOOP_4445_1:   [xilinx-label-all-loops]
    for (unsigned short z = 0; z < size_z; z++)
    ^~~
    VITIS_LOOP_4445_1: 
/scratch/hpc-prf-acgasm/beniel/ops-hls-batching-tiling-artifacts/codegen_apps/tiling/poisson2d/u280_project/maxtile_8192_p60/hls/build/hw/temp_dir/datamover_outerloop_0/datamover_outerloop_0/datamover_outerloop_0/solution/.autopilot/db/datamover_outerloop_0.pp.0.cpp:35429:5: note: FIX-IT applied suggested code changes
/scratch/hpc-prf-acgasm/beniel/ops-hls-batching-tiling-artifacts/codegen_apps/tiling/poisson2d/u280_project/maxtile_8192_p60/hls/build/hw/temp_dir/datamover_outerloop_0/datamover_outerloop_0/datamover_outerloop_0/solution/.autopilot/db/datamover_outerloop_0.pp.0.cpp:35431:9: warning: Added loop label VITIS_LOOP_4447_2:   [xilinx-label-all-loops]
        for (unsigned short y = 0; y < size_y; y++)
        ^~~
        VITIS_LOOP_4447_2: 
/scratch/hpc-prf-acgasm/beniel/ops-hls-batching-tiling-artifacts/codegen_apps/tiling/poisson2d/u280_project/maxtile_8192_p60/hls/build/hw/temp_dir/datamover_outerloop_0/datamover_outerloop_0/datamover_outerloop_0/solution/.autopilot/db/datamover_outerloop_0.pp.0.cpp:35431:9: note: FIX-IT applied suggested code changes
/scratch/hpc-prf-acgasm/beniel/ops-hls-batching-tiling-artifacts/codegen_apps/tiling/poisson2d/u280_project/maxtile_8192_p60/hls/build/hw/temp_dir/datamover_outerloop_0/datamover_outerloop_0/datamover_outerloop_0/solution/.autopilot/db/datamover_outerloop_0.pp.0.cpp:35447:2: warning: Added loop label VITIS_LOOP_4463_3:   [xilinx-label-all-loops]
 for (unsigned int i = 0; i < NUM_BANKS; i++)
 ^~~
 VITIS_LOOP_4463_3: 
/scratch/hpc-prf-acgasm/beniel/ops-hls-batching-tiling-artifacts/codegen_apps/tiling/poisson2d/u280_project/maxtile_8192_p60/hls/build/hw/temp_dir/datamover_outerloop_0/datamover_outerloop_0/datamover_outerloop_0/solution/.autopilot/db/datamover_outerloop_0.pp.0.cpp:35447:2: note: FIX-IT applied suggested code changes
/scratch/hpc-prf-acgasm/beniel/ops-hls-batching-tiling-artifacts/codegen_apps/tiling/poisson2d/u280_project/maxtile_8192_p60/hls/build/hw/temp_dir/datamover_outerloop_0/datamover_outerloop_0/datamover_outerloop_0/solution/.autopilot/db/datamover_outerloop_0.pp.0.cpp:35460:13: warning: Added loop label VITIS_LOOP_4476_4:   [xilinx-label-all-loops]
            for (unsigned short x = 0; x < size_x_div_by_banks_ceil; x++)
            ^~~
            VITIS_LOOP_4476_4: 
/scratch/hpc-prf-acgasm/beniel/ops-hls-batching-tiling-artifacts/codegen_apps/tiling/poisson2d/u280_project/maxtile_8192_p60/hls/build/hw/temp_dir/datamover_outerloop_0/datamover_outerloop_0/datamover_outerloop_0/solution/.autopilot/db/datamover_outerloop_0.pp.0.cpp:35460:13: note: FIX-IT applied suggested code changes
/scratch/hpc-prf-acgasm/beniel/ops-hls-batching-tiling-artifacts/codegen_apps/tiling/poisson2d/u280_project/maxtile_8192_p60/hls/build/hw/temp_dir/datamover_outerloop_0/datamover_outerloop_0/datamover_outerloop_0/solution/.autopilot/db/datamover_outerloop_0.pp.0.cpp:35473:17: warning: Added loop label VITIS_LOOP_4489_5:   [xilinx-label-all-loops]
                for (unsigned int i = 0; i < NUM_BANKS; i++)
                ^~~
                VITIS_LOOP_4489_5: 
/scratch/hpc-prf-acgasm/beniel/ops-hls-batching-tiling-artifacts/codegen_apps/tiling/poisson2d/u280_project/maxtile_8192_p60/hls/build/hw/temp_dir/datamover_outerloop_0/datamover_outerloop_0/datamover_outerloop_0/solution/.autopilot/db/datamover_outerloop_0.pp.0.cpp:35473:17: note: FIX-IT applied suggested code changes
/scratch/hpc-prf-acgasm/beniel/ops-hls-batching-tiling-artifacts/codegen_apps/tiling/poisson2d/u280_project/maxtile_8192_p60/hls/build/hw/temp_dir/datamover_outerloop_0/datamover_outerloop_0/datamover_outerloop_0/solution/.autopilot/db/datamover_outerloop_0.pp.0.cpp:35478:6: warning: Added loop label VITIS_LOOP_4494_6:   [xilinx-label-all-loops]
     for (unsigned int k = 0; k < pkts_per_beat; k++)
     ^~~
     VITIS_LOOP_4494_6: 
/scratch/hpc-prf-acgasm/beniel/ops-hls-batching-tiling-artifacts/codegen_apps/tiling/poisson2d/u280_project/maxtile_8192_p60/hls/build/hw/temp_dir/datamover_outerloop_0/datamover_outerloop_0/datamover_outerloop_0/solution/.autopilot/db/datamover_outerloop_0.pp.0.cpp:35478:6: note: FIX-IT applied suggested code changes
/scratch/hpc-prf-acgasm/beniel/ops-hls-batching-tiling-artifacts/codegen_apps/tiling/poisson2d/u280_project/maxtile_8192_p60/hls/build/hw/temp_dir/datamover_outerloop_0/datamover_outerloop_0/datamover_outerloop_0/solution/.autopilot/db/datamover_outerloop_0.pp.0.cpp:35488:17: warning: Added loop label VITIS_LOOP_4519_7:   [xilinx-label-all-loops]
                for (unsigned int i = 0; i < NUM_BANKS; i++)
                ^~~
                VITIS_LOOP_4519_7: 
/scratch/hpc-prf-acgasm/beniel/ops-hls-batching-tiling-artifacts/codegen_apps/tiling/poisson2d/u280_project/maxtile_8192_p60/hls/build/hw/temp_dir/datamover_outerloop_0/datamover_outerloop_0/datamover_outerloop_0/solution/.autopilot/db/datamover_outerloop_0.pp.0.cpp:35488:17: note: FIX-IT applied suggested code changes
/scratch/hpc-prf-acgasm/beniel/ops-hls-batching-tiling-artifacts/codegen_apps/tiling/poisson2d/u280_project/maxtile_8192_p60/hls/build/hw/temp_dir/datamover_outerloop_0/datamover_outerloop_0/datamover_outerloop_0/solution/.autopilot/db/datamover_outerloop_0.pp.0.cpp:35496:17: warning: Added loop label VITIS_LOOP_4527_8:   [xilinx-label-all-loops]
                for (unsigned int i = 0; i < NUM_BANKS; i++)
                ^~~
                VITIS_LOOP_4527_8: 
/scratch/hpc-prf-acgasm/beniel/ops-hls-batching-tiling-artifacts/codegen_apps/tiling/poisson2d/u280_project/maxtile_8192_p60/hls/build/hw/temp_dir/datamover_outerloop_0/datamover_outerloop_0/datamover_outerloop_0/solution/.autopilot/db/datamover_outerloop_0.pp.0.cpp:35496:17: note: FIX-IT applied suggested code changes
/scratch/hpc-prf-acgasm/beniel/ops-hls-batching-tiling-artifacts/codegen_apps/tiling/poisson2d/u280_project/maxtile_8192_p60/hls/build/hw/temp_dir/datamover_outerloop_0/datamover_outerloop_0/datamover_outerloop_0/solution/.autopilot/db/datamover_outerloop_0.pp.0.cpp:35499:2: warning: Added loop label VITIS_LOOP_4530_9:   [xilinx-label-all-loops]
 for (unsigned int k = 0; k < pkts_per_beat; k++)
 ^~~
 VITIS_LOOP_4530_9: 
/scratch/hpc-prf-acgasm/beniel/ops-hls-batching-tiling-artifacts/codegen_apps/tiling/poisson2d/u280_project/maxtile_8192_p60/hls/build/hw/temp_dir/datamover_outerloop_0/datamover_outerloop_0/datamover_outerloop_0/solution/.autopilot/db/datamover_outerloop_0.pp.0.cpp:35499:2: note: FIX-IT applied suggested code changes
/scratch/hpc-prf-acgasm/beniel/ops-hls-batching-tiling-artifacts/codegen_apps/tiling/poisson2d/u280_project/maxtile_8192_p60/hls/build/hw/temp_dir/datamover_outerloop_0/datamover_outerloop_0/datamover_outerloop_0/solution/.autopilot/db/datamover_outerloop_0.pp.0.cpp:35532:5: warning: Added loop label VITIS_LOOP_4620_1:   [xilinx-label-all-loops]
    for (unsigned short z = 0; z < size_z; z++)
    ^~~
    VITIS_LOOP_4620_1: 
/scratch/hpc-prf-acgasm/beniel/ops-hls-batching-tiling-artifacts/codegen_apps/tiling/poisson2d/u280_project/maxtile_8192_p60/hls/build/hw/temp_dir/datamover_outerloop_0/datamover_outerloop_0/datamover_outerloop_0/solution/.autopilot/db/datamover_outerloop_0.pp.0.cpp:35532:5: note: FIX-IT applied suggested code changes
/scratch/hpc-prf-acgasm/beniel/ops-hls-batching-tiling-artifacts/codegen_apps/tiling/poisson2d/u280_project/maxtile_8192_p60/hls/build/hw/temp_dir/datamover_outerloop_0/datamover_outerloop_0/datamover_outerloop_0/solution/.autopilot/db/datamover_outerloop_0.pp.0.cpp:35534:9: warning: Added loop label VITIS_LOOP_4622_2:   [xilinx-label-all-loops]
        for (unsigned short y = 0; y < size_y; y++)
        ^~~
        VITIS_LOOP_4622_2: 
/scratch/hpc-prf-acgasm/beniel/ops-hls-batching-tiling-artifacts/codegen_apps/tiling/poisson2d/u280_project/maxtile_8192_p60/hls/build/hw/temp_dir/datamover_outerloop_0/datamover_outerloop_0/datamover_outerloop_0/solution/.autopilot/db/datamover_outerloop_0.pp.0.cpp:35534:9: note: FIX-IT applied suggested code changes
/scratch/hpc-prf-acgasm/beniel/ops-hls-batching-tiling-artifacts/codegen_apps/tiling/poisson2d/u280_project/maxtile_8192_p60/hls/build/hw/temp_dir/datamover_outerloop_0/datamover_outerloop_0/datamover_outerloop_0/solution/.autopilot/db/datamover_outerloop_0.pp.0.cpp:35549:2: warning: Added loop label VITIS_LOOP_4637_3:   [xilinx-label-all-loops]
 for (unsigned int i = 0; i < NUM_BANKS; i++)
 ^~~
 VITIS_LOOP_4637_3: 
/scratch/hpc-prf-acgasm/beniel/ops-hls-batching-tiling-artifacts/codegen_apps/tiling/poisson2d/u280_project/maxtile_8192_p60/hls/build/hw/temp_dir/datamover_outerloop_0/datamover_outerloop_0/datamover_outerloop_0/solution/.autopilot/db/datamover_outerloop_0.pp.0.cpp:35549:2: note: FIX-IT applied suggested code changes
/scratch/hpc-prf-acgasm/beniel/ops-hls-batching-tiling-artifacts/codegen_apps/tiling/poisson2d/u280_project/maxtile_8192_p60/hls/build/hw/temp_dir/datamover_outerloop_0/datamover_outerloop_0/datamover_outerloop_0/solution/.autopilot/db/datamover_outerloop_0.pp.0.cpp:35562:13: warning: Added loop label VITIS_LOOP_4650_4:   [xilinx-label-all-loops]
            for (unsigned short x = 0; x < size_x_div_by_banks_ceil; x++)
            ^~~
            VITIS_LOOP_4650_4: 
/scratch/hpc-prf-acgasm/beniel/ops-hls-batching-tiling-artifacts/codegen_apps/tiling/poisson2d/u280_project/maxtile_8192_p60/hls/build/hw/temp_dir/datamover_outerloop_0/datamover_outerloop_0/datamover_outerloop_0/solution/.autopilot/db/datamover_outerloop_0.pp.0.cpp:35562:13: note: FIX-IT applied suggested code changes
/scratch/hpc-prf-acgasm/beniel/ops-hls-batching-tiling-artifacts/codegen_apps/tiling/poisson2d/u280_project/maxtile_8192_p60/hls/build/hw/temp_dir/datamover_outerloop_0/datamover_outerloop_0/datamover_outerloop_0/solution/.autopilot/db/datamover_outerloop_0.pp.0.cpp:35574:17: warning: Added loop label VITIS_LOOP_4662_5:   [xilinx-label-all-loops]
                for (unsigned int i = 0; i < NUM_BANKS; i++)
                ^~~
                VITIS_LOOP_4662_5: 
/scratch/hpc-prf-acgasm/beniel/ops-hls-batching-tiling-artifacts/codegen_apps/tiling/poisson2d/u280_project/maxtile_8192_p60/hls/build/hw/temp_dir/datamover_outerloop_0/datamover_outerloop_0/datamover_outerloop_0/solution/.autopilot/db/datamover_outerloop_0.pp.0.cpp:35574:17: note: FIX-IT applied suggested code changes
/scratch/hpc-prf-acgasm/beniel/ops-hls-batching-tiling-artifacts/codegen_apps/tiling/poisson2d/u280_project/maxtile_8192_p60/hls/build/hw/temp_dir/datamover_outerloop_0/datamover_outerloop_0/datamover_outerloop_0/solution/.autopilot/db/datamover_outerloop_0.pp.0.cpp:35582:17: warning: Added loop label VITIS_LOOP_4682_6:   [xilinx-label-all-loops]
                for (unsigned int i = 0; i < NUM_BANKS; i++)
                ^~~
                VITIS_LOOP_4682_6: 
/scratch/hpc-prf-acgasm/beniel/ops-hls-batching-tiling-artifacts/codegen_apps/tiling/poisson2d/u280_project/maxtile_8192_p60/hls/build/hw/temp_dir/datamover_outerloop_0/datamover_outerloop_0/datamover_outerloop_0/solution/.autopilot/db/datamover_outerloop_0.pp.0.cpp:35582:17: note: FIX-IT applied suggested code changes
/scratch/hpc-prf-acgasm/beniel/ops-hls-batching-tiling-artifacts/codegen_apps/tiling/poisson2d/u280_project/maxtile_8192_p60/hls/build/hw/temp_dir/datamover_outerloop_0/datamover_outerloop_0/datamover_outerloop_0/solution/.autopilot/db/datamover_outerloop_0.pp.0.cpp:35590:17: warning: Added loop label VITIS_LOOP_4690_7:   [xilinx-label-all-loops]
                for (unsigned int i = 0; i < NUM_BANKS; i++)
                ^~~
                VITIS_LOOP_4690_7: 
/scratch/hpc-prf-acgasm/beniel/ops-hls-batching-tiling-artifacts/codegen_apps/tiling/poisson2d/u280_project/maxtile_8192_p60/hls/build/hw/temp_dir/datamover_outerloop_0/datamover_outerloop_0/datamover_outerloop_0/solution/.autopilot/db/datamover_outerloop_0.pp.0.cpp:35590:17: note: FIX-IT applied suggested code changes
/scratch/hpc-prf-acgasm/beniel/ops-hls-batching-tiling-artifacts/codegen_apps/tiling/poisson2d/u280_project/maxtile_8192_p60/hls/build/hw/temp_dir/datamover_outerloop_0/datamover_outerloop_0/datamover_outerloop_0/solution/.autopilot/db/datamover_outerloop_0.pp.0.cpp:35621:5: warning: Added loop label VITIS_LOOP_4784_1:   [xilinx-label-all-loops]
    for (unsigned int row_id = 0; row_id < total_rows; row_id++)
    ^~~
    VITIS_LOOP_4784_1: 
/scratch/hpc-prf-acgasm/beniel/ops-hls-batching-tiling-artifacts/codegen_apps/tiling/poisson2d/u280_project/maxtile_8192_p60/hls/build/hw/temp_dir/datamover_outerloop_0/datamover_outerloop_0/datamover_outerloop_0/solution/.autopilot/db/datamover_outerloop_0.pp.0.cpp:35621:5: note: FIX-IT applied suggested code changes
/scratch/hpc-prf-acgasm/beniel/ops-hls-batching-tiling-artifacts/codegen_apps/tiling/poisson2d/u280_project/maxtile_8192_p60/hls/build/hw/temp_dir/datamover_outerloop_0/datamover_outerloop_0/datamover_outerloop_0/solution/.autopilot/db/datamover_outerloop_0.pp.0.cpp:35626:3: warning: Added loop label VITIS_LOOP_4812_2:   [xilinx-label-all-loops]
  for (unsigned short x = 0; x < bank_tile_size_x_ceil; x++)
  ^~~
  VITIS_LOOP_4812_2: 
/scratch/hpc-prf-acgasm/beniel/ops-hls-batching-tiling-artifacts/codegen_apps/tiling/poisson2d/u280_project/maxtile_8192_p60/hls/build/hw/temp_dir/datamover_outerloop_0/datamover_outerloop_0/datamover_outerloop_0/solution/.autopilot/db/datamover_outerloop_0.pp.0.cpp:35626:3: note: FIX-IT applied suggested code changes
/scratch/hpc-prf-acgasm/beniel/ops-hls-batching-tiling-artifacts/codegen_apps/tiling/poisson2d/u280_project/maxtile_8192_p60/hls/build/hw/temp_dir/datamover_outerloop_0/datamover_outerloop_0/datamover_outerloop_0/solution/.autopilot/db/datamover_outerloop_0.pp.0.cpp:35638:4: warning: Added loop label VITIS_LOOP_4824_3:   [xilinx-label-all-loops]
   for (unsigned int i = 0; i < NUM_BANKS; i++)
   ^~~
   VITIS_LOOP_4824_3: 
/scratch/hpc-prf-acgasm/beniel/ops-hls-batching-tiling-artifacts/codegen_apps/tiling/poisson2d/u280_project/maxtile_8192_p60/hls/build/hw/temp_dir/datamover_outerloop_0/datamover_outerloop_0/datamover_outerloop_0/solution/.autopilot/db/datamover_outerloop_0.pp.0.cpp:35638:4: note: FIX-IT applied suggested code changes
/scratch/hpc-prf-acgasm/beniel/ops-hls-batching-tiling-artifacts/codegen_apps/tiling/poisson2d/u280_project/maxtile_8192_p60/hls/build/hw/temp_dir/datamover_outerloop_0/datamover_outerloop_0/datamover_outerloop_0/solution/.autopilot/db/datamover_outerloop_0.pp.0.cpp:35646:4: warning: Added loop label VITIS_LOOP_4844_4:   [xilinx-label-all-loops]
   for (unsigned int i = 0; i < NUM_BANKS; i++)
   ^~~
   VITIS_LOOP_4844_4: 
/scratch/hpc-prf-acgasm/beniel/ops-hls-batching-tiling-artifacts/codegen_apps/tiling/poisson2d/u280_project/maxtile_8192_p60/hls/build/hw/temp_dir/datamover_outerloop_0/datamover_outerloop_0/datamover_outerloop_0/solution/.autopilot/db/datamover_outerloop_0.pp.0.cpp:35646:4: note: FIX-IT applied suggested code changes
/scratch/hpc-prf-acgasm/beniel/ops-hls-batching-tiling-artifacts/codegen_apps/tiling/poisson2d/u280_project/maxtile_8192_p60/hls/build/hw/temp_dir/datamover_outerloop_0/datamover_outerloop_0/datamover_outerloop_0/solution/.autopilot/db/datamover_outerloop_0.pp.0.cpp:35654:4: warning: Added loop label VITIS_LOOP_4852_5:   [xilinx-label-all-loops]
   for (unsigned int i = 0; i < NUM_BANKS; i++)
   ^~~
   VITIS_LOOP_4852_5: 
/scratch/hpc-prf-acgasm/beniel/ops-hls-batching-tiling-artifacts/codegen_apps/tiling/poisson2d/u280_project/maxtile_8192_p60/hls/build/hw/temp_dir/datamover_outerloop_0/datamover_outerloop_0/datamover_outerloop_0/solution/.autopilot/db/datamover_outerloop_0.pp.0.cpp:35654:4: note: FIX-IT applied suggested code changes
/scratch/hpc-prf-acgasm/beniel/ops-hls-batching-tiling-artifacts/codegen_apps/tiling/poisson2d/u280_project/maxtile_8192_p60/hls/build/hw/temp_dir/datamover_outerloop_0/datamover_outerloop_0/datamover_outerloop_0/solution/.autopilot/db/datamover_outerloop_0.pp.0.cpp:35692:5: warning: Added loop label VITIS_LOOP_4950_1:   [xilinx-label-all-loops]
    for (unsigned short z = 0; z < size_z; z++)
    ^~~
    VITIS_LOOP_4950_1: 
/scratch/hpc-prf-acgasm/beniel/ops-hls-batching-tiling-artifacts/codegen_apps/tiling/poisson2d/u280_project/maxtile_8192_p60/hls/build/hw/temp_dir/datamover_outerloop_0/datamover_outerloop_0/datamover_outerloop_0/solution/.autopilot/db/datamover_outerloop_0.pp.0.cpp:35692:5: note: FIX-IT applied suggested code changes
/scratch/hpc-prf-acgasm/beniel/ops-hls-batching-tiling-artifacts/codegen_apps/tiling/poisson2d/u280_project/maxtile_8192_p60/hls/build/hw/temp_dir/datamover_outerloop_0/datamover_outerloop_0/datamover_outerloop_0/solution/.autopilot/db/datamover_outerloop_0.pp.0.cpp:35694:9: warning: Added loop label VITIS_LOOP_4952_2:   [xilinx-label-all-loops]
        for (unsigned short y = 0; y < size_y; y++)
        ^~~
        VITIS_LOOP_4952_2: 
/scratch/hpc-prf-acgasm/beniel/ops-hls-batching-tiling-artifacts/codegen_apps/tiling/poisson2d/u280_project/maxtile_8192_p60/hls/build/hw/temp_dir/datamover_outerloop_0/datamover_outerloop_0/datamover_outerloop_0/solution/.autopilot/db/datamover_outerloop_0.pp.0.cpp:35694:9: note: FIX-IT applied suggested code changes
/scratch/hpc-prf-acgasm/beniel/ops-hls-batching-tiling-artifacts/codegen_apps/tiling/poisson2d/u280_project/maxtile_8192_p60/hls/build/hw/temp_dir/datamover_outerloop_0/datamover_outerloop_0/datamover_outerloop_0/solution/.autopilot/db/datamover_outerloop_0.pp.0.cpp:35709:2: warning: Added loop label VITIS_LOOP_4967_3:   [xilinx-label-all-loops]
 for (unsigned int i = 0; i < NUM_BANKS; i++)
 ^~~
 VITIS_LOOP_4967_3: 
/scratch/hpc-prf-acgasm/beniel/ops-hls-batching-tiling-artifacts/codegen_apps/tiling/poisson2d/u280_project/maxtile_8192_p60/hls/build/hw/temp_dir/datamover_outerloop_0/datamover_outerloop_0/datamover_outerloop_0/solution/.autopilot/db/datamover_outerloop_0.pp.0.cpp:35709:2: note: FIX-IT applied suggested code changes
/scratch/hpc-prf-acgasm/beniel/ops-hls-batching-tiling-artifacts/codegen_apps/tiling/poisson2d/u280_project/maxtile_8192_p60/hls/build/hw/temp_dir/datamover_outerloop_0/datamover_outerloop_0/datamover_outerloop_0/solution/.autopilot/db/datamover_outerloop_0.pp.0.cpp:35722:13: warning: Added loop label VITIS_LOOP_4980_4:   [xilinx-label-all-loops]
            for (unsigned short x = 0; x < size_x_div_by_banks_ceil; x++)
            ^~~
            VITIS_LOOP_4980_4: 
/scratch/hpc-prf-acgasm/beniel/ops-hls-batching-tiling-artifacts/codegen_apps/tiling/poisson2d/u280_project/maxtile_8192_p60/hls/build/hw/temp_dir/datamover_outerloop_0/datamover_outerloop_0/datamover_outerloop_0/solution/.autopilot/db/datamover_outerloop_0.pp.0.cpp:35722:13: note: FIX-IT applied suggested code changes
/scratch/hpc-prf-acgasm/beniel/ops-hls-batching-tiling-artifacts/codegen_apps/tiling/poisson2d/u280_project/maxtile_8192_p60/hls/build/hw/temp_dir/datamover_outerloop_0/datamover_outerloop_0/datamover_outerloop_0/solution/.autopilot/db/datamover_outerloop_0.pp.0.cpp:35734:17: warning: Added loop label VITIS_LOOP_4992_5:   [xilinx-label-all-loops]
                for (unsigned int i = 0; i < NUM_BANKS; i++)
                ^~~
                VITIS_LOOP_4992_5: 
/scratch/hpc-prf-acgasm/beniel/ops-hls-batching-tiling-artifacts/codegen_apps/tiling/poisson2d/u280_project/maxtile_8192_p60/hls/build/hw/temp_dir/datamover_outerloop_0/datamover_outerloop_0/datamover_outerloop_0/solution/.autopilot/db/datamover_outerloop_0.pp.0.cpp:35734:17: note: FIX-IT applied suggested code changes
/scratch/hpc-prf-acgasm/beniel/ops-hls-batching-tiling-artifacts/codegen_apps/tiling/poisson2d/u280_project/maxtile_8192_p60/hls/build/hw/temp_dir/datamover_outerloop_0/datamover_outerloop_0/datamover_outerloop_0/solution/.autopilot/db/datamover_outerloop_0.pp.0.cpp:35737:2: warning: Added loop label VITIS_LOOP_4995_6:   [xilinx-label-all-loops]
 for (unsigned int k = 0; k < pkts_per_beat; k++)
 ^~~
 VITIS_LOOP_4995_6: 
/scratch/hpc-prf-acgasm/beniel/ops-hls-batching-tiling-artifacts/codegen_apps/tiling/poisson2d/u280_project/maxtile_8192_p60/hls/build/hw/temp_dir/datamover_outerloop_0/datamover_outerloop_0/datamover_outerloop_0/solution/.autopilot/db/datamover_outerloop_0.pp.0.cpp:35737:2: note: FIX-IT applied suggested code changes
/scratch/hpc-prf-acgasm/beniel/ops-hls-batching-tiling-artifacts/codegen_apps/tiling/poisson2d/u280_project/maxtile_8192_p60/hls/build/hw/temp_dir/datamover_outerloop_0/datamover_outerloop_0/datamover_outerloop_0/solution/.autopilot/db/datamover_outerloop_0.pp.0.cpp:35747:17: warning: Added loop label VITIS_LOOP_5017_7:   [xilinx-label-all-loops]
                for (unsigned int i = 0; i < NUM_BANKS; i++)
                ^~~
                VITIS_LOOP_5017_7: 
/scratch/hpc-prf-acgasm/beniel/ops-hls-batching-tiling-artifacts/codegen_apps/tiling/poisson2d/u280_project/maxtile_8192_p60/hls/build/hw/temp_dir/datamover_outerloop_0/datamover_outerloop_0/datamover_outerloop_0/solution/.autopilot/db/datamover_outerloop_0.pp.0.cpp:35747:17: note: FIX-IT applied suggested code changes
/scratch/hpc-prf-acgasm/beniel/ops-hls-batching-tiling-artifacts/codegen_apps/tiling/poisson2d/u280_project/maxtile_8192_p60/hls/build/hw/temp_dir/datamover_outerloop_0/datamover_outerloop_0/datamover_outerloop_0/solution/.autopilot/db/datamover_outerloop_0.pp.0.cpp:35755:17: warning: Added loop label VITIS_LOOP_5025_8:   [xilinx-label-all-loops]
                for (unsigned int i = 0; i < NUM_BANKS; i++)
                ^~~
                VITIS_LOOP_5025_8: 
/scratch/hpc-prf-acgasm/beniel/ops-hls-batching-tiling-artifacts/codegen_apps/tiling/poisson2d/u280_project/maxtile_8192_p60/hls/build/hw/temp_dir/datamover_outerloop_0/datamover_outerloop_0/datamover_outerloop_0/solution/.autopilot/db/datamover_outerloop_0.pp.0.cpp:35755:17: note: FIX-IT applied suggested code changes
/scratch/hpc-prf-acgasm/beniel/ops-hls-batching-tiling-artifacts/codegen_apps/tiling/poisson2d/u280_project/maxtile_8192_p60/hls/build/hw/temp_dir/datamover_outerloop_0/datamover_outerloop_0/datamover_outerloop_0/solution/.autopilot/db/datamover_outerloop_0.pp.0.cpp:35760:6: warning: Added loop label VITIS_LOOP_5030_9:   [xilinx-label-all-loops]
     for (unsigned int k = 0; k < pkts_per_beat; k++)
     ^~~
     VITIS_LOOP_5030_9: 
/scratch/hpc-prf-acgasm/beniel/ops-hls-batching-tiling-artifacts/codegen_apps/tiling/poisson2d/u280_project/maxtile_8192_p60/hls/build/hw/temp_dir/datamover_outerloop_0/datamover_outerloop_0/datamover_outerloop_0/solution/.autopilot/db/datamover_outerloop_0.pp.0.cpp:35760:6: note: FIX-IT applied suggested code changes
/scratch/hpc-prf-acgasm/beniel/ops-hls-batching-tiling-artifacts/codegen_apps/tiling/poisson2d/u280_project/maxtile_8192_p60/hls/build/hw/temp_dir/datamover_outerloop_0/datamover_outerloop_0/datamover_outerloop_0/solution/.autopilot/db/datamover_outerloop_0.pp.0.cpp:35789:5: warning: Added loop label VITIS_LOOP_5186_1:   [xilinx-label-all-loops]
    for (unsigned short tile_x = 0; tile_x < config.tile_count_x; tile_x++)
    ^~~
    VITIS_LOOP_5186_1: 
/scratch/hpc-prf-acgasm/beniel/ops-hls-batching-tiling-artifacts/codegen_apps/tiling/poisson2d/u280_project/maxtile_8192_p60/hls/build/hw/temp_dir/datamover_outerloop_0/datamover_outerloop_0/datamover_outerloop_0/solution/.autopilot/db/datamover_outerloop_0.pp.0.cpp:35789:5: note: FIX-IT applied suggested code changes
/scratch/hpc-prf-acgasm/beniel/ops-hls-batching-tiling-artifacts/codegen_apps/tiling/poisson2d/u280_project/maxtile_8192_p60/hls/build/hw/temp_dir/datamover_outerloop_0/datamover_outerloop_0/datamover_outerloop_0/solution/.autopilot/db/datamover_outerloop_0.pp.0.cpp:35796:9: warning: Added loop label VITIS_LOOP_5193_2:   [xilinx-label-all-loops]
        for (unsigned short j = 0; j < total_rows; j++)
        ^~~
        VITIS_LOOP_5193_2: 
/scratch/hpc-prf-acgasm/beniel/ops-hls-batching-tiling-artifacts/codegen_apps/tiling/poisson2d/u280_project/maxtile_8192_p60/hls/build/hw/temp_dir/datamover_outerloop_0/datamover_outerloop_0/datamover_outerloop_0/solution/.autopilot/db/datamover_outerloop_0.pp.0.cpp:35796:9: note: FIX-IT applied suggested code changes
/scratch/hpc-prf-acgasm/beniel/ops-hls-batching-tiling-artifacts/codegen_apps/tiling/poisson2d/u280_project/maxtile_8192_p60/hls/build/hw/temp_dir/datamover_outerloop_0/datamover_outerloop_0/datamover_outerloop_0/solution/.autopilot/db/datamover_outerloop_0.pp.0.cpp:35827:5: warning: Added loop label VITIS_LOOP_5252_1:   [xilinx-label-all-loops]
    for (unsigned short tile_y = 0; tile_y < config.tile_count_y; tile_y++)
    ^~~
    VITIS_LOOP_5252_1: 
/scratch/hpc-prf-acgasm/beniel/ops-hls-batching-tiling-artifacts/codegen_apps/tiling/poisson2d/u280_project/maxtile_8192_p60/hls/build/hw/temp_dir/datamover_outerloop_0/datamover_outerloop_0/datamover_outerloop_0/solution/.autopilot/db/datamover_outerloop_0.pp.0.cpp:35827:5: note: FIX-IT applied suggested code changes
/scratch/hpc-prf-acgasm/beniel/ops-hls-batching-tiling-artifacts/codegen_apps/tiling/poisson2d/u280_project/maxtile_8192_p60/hls/build/hw/temp_dir/datamover_outerloop_0/datamover_outerloop_0/datamover_outerloop_0/solution/.autopilot/db/datamover_outerloop_0.pp.0.cpp:35849:9: warning: Added loop label VITIS_LOOP_5274_2:   [xilinx-label-all-loops]
        for (unsigned short tile_x = 0; tile_x < config.tile_count_x; tile_x++)
        ^~~
        VITIS_LOOP_5274_2: 
/scratch/hpc-prf-acgasm/beniel/ops-hls-batching-tiling-artifacts/codegen_apps/tiling/poisson2d/u280_project/maxtile_8192_p60/hls/build/hw/temp_dir/datamover_outerloop_0/datamover_outerloop_0/datamover_outerloop_0/solution/.autopilot/db/datamover_outerloop_0.pp.0.cpp:35849:9: note: FIX-IT applied suggested code changes
/scratch/hpc-prf-acgasm/beniel/ops-hls-batching-tiling-artifacts/codegen_apps/tiling/poisson2d/u280_project/maxtile_8192_p60/hls/build/hw/temp_dir/datamover_outerloop_0/datamover_outerloop_0/datamover_outerloop_0/solution/.autopilot/db/datamover_outerloop_0.pp.0.cpp:35856:13: warning: Added loop label VITIS_LOOP_5281_3:   [xilinx-label-all-loops]
            for (unsigned short k = 0; k < z_diff; k++)
            ^~~
            VITIS_LOOP_5281_3: 
/scratch/hpc-prf-acgasm/beniel/ops-hls-batching-tiling-artifacts/codegen_apps/tiling/poisson2d/u280_project/maxtile_8192_p60/hls/build/hw/temp_dir/datamover_outerloop_0/datamover_outerloop_0/datamover_outerloop_0/solution/.autopilot/db/datamover_outerloop_0.pp.0.cpp:35856:13: note: FIX-IT applied suggested code changes
/scratch/hpc-prf-acgasm/beniel/ops-hls-batching-tiling-artifacts/codegen_apps/tiling/poisson2d/u280_project/maxtile_8192_p60/hls/build/hw/temp_dir/datamover_outerloop_0/datamover_outerloop_0/datamover_outerloop_0/solution/.autopilot/db/datamover_outerloop_0.pp.0.cpp:35860:17: warning: Added loop label VITIS_LOOP_5285_4:   [xilinx-label-all-loops]
                for (unsigned short j = 0; j < local_tile_size_y; j++)
                ^~~
                VITIS_LOOP_5285_4: 
/scratch/hpc-prf-acgasm/beniel/ops-hls-batching-tiling-artifacts/codegen_apps/tiling/poisson2d/u280_project/maxtile_8192_p60/hls/build/hw/temp_dir/datamover_outerloop_0/datamover_outerloop_0/datamover_outerloop_0/solution/.autopilot/db/datamover_outerloop_0.pp.0.cpp:35860:17: note: FIX-IT applied suggested code changes
/scratch/hpc-prf-acgasm/beniel/ops-hls-batching-tiling-artifacts/codegen_apps/tiling/poisson2d/u280_project/maxtile_8192_p60/hls/build/hw/temp_dir/datamover_outerloop_0/datamover_outerloop_0/datamover_outerloop_0/solution/.autopilot/db/datamover_outerloop_0.pp.0.cpp:35896:5: warning: Added loop label VITIS_LOOP_5418_1:   [xilinx-label-all-loops]
    for (unsigned short tile_x = 0; tile_x < config.tile_count_x; tile_x++)
    ^~~
    VITIS_LOOP_5418_1: 
/scratch/hpc-prf-acgasm/beniel/ops-hls-batching-tiling-artifacts/codegen_apps/tiling/poisson2d/u280_project/maxtile_8192_p60/hls/build/hw/temp_dir/datamover_outerloop_0/datamover_outerloop_0/datamover_outerloop_0/solution/.autopilot/db/datamover_outerloop_0.pp.0.cpp:35896:5: note: FIX-IT applied suggested code changes
/scratch/hpc-prf-acgasm/beniel/ops-hls-batching-tiling-artifacts/codegen_apps/tiling/poisson2d/u280_project/maxtile_8192_p60/hls/build/hw/temp_dir/datamover_outerloop_0/datamover_outerloop_0/datamover_outerloop_0/solution/.autopilot/db/datamover_outerloop_0.pp.0.cpp:35900:9: warning: Added loop label VITIS_LOOP_5422_2:   [xilinx-label-all-loops]
        for (unsigned short j = 0; j < config.grid_size_y; j++)
        ^~~
        VITIS_LOOP_5422_2: 
/scratch/hpc-prf-acgasm/beniel/ops-hls-batching-tiling-artifacts/codegen_apps/tiling/poisson2d/u280_project/maxtile_8192_p60/hls/build/hw/temp_dir/datamover_outerloop_0/datamover_outerloop_0/datamover_outerloop_0/solution/.autopilot/db/datamover_outerloop_0.pp.0.cpp:35900:9: note: FIX-IT applied suggested code changes
/scratch/hpc-prf-acgasm/beniel/ops-hls-batching-tiling-artifacts/codegen_apps/tiling/poisson2d/u280_project/maxtile_8192_p60/hls/build/hw/temp_dir/datamover_outerloop_0/datamover_outerloop_0/datamover_outerloop_0/solution/.autopilot/db/datamover_outerloop_0.pp.0.cpp:35904:13: warning: Added loop label VITIS_LOOP_5426_3:   [xilinx-label-all-loops]
            for (unsigned short i = 0; i < tile_size_x; i++)
            ^~~
            VITIS_LOOP_5426_3: 
/scratch/hpc-prf-acgasm/beniel/ops-hls-batching-tiling-artifacts/codegen_apps/tiling/poisson2d/u280_project/maxtile_8192_p60/hls/build/hw/temp_dir/datamover_outerloop_0/datamover_outerloop_0/datamover_outerloop_0/solution/.autopilot/db/datamover_outerloop_0.pp.0.cpp:35904:13: note: FIX-IT applied suggested code changes
/scratch/hpc-prf-acgasm/beniel/ops-hls-batching-tiling-artifacts/codegen_apps/tiling/poisson2d/u280_project/maxtile_8192_p60/hls/build/hw/temp_dir/datamover_outerloop_0/datamover_outerloop_0/datamover_outerloop_0/solution/.autopilot/db/datamover_outerloop_0.pp.0.cpp:35937:5: warning: Added loop label VITIS_LOOP_5495_1:   [xilinx-label-all-loops]
    for (unsigned short tile_y = 0; tile_y < config.tile_count_y; tile_y++)
    ^~~
    VITIS_LOOP_5495_1: 
/scratch/hpc-prf-acgasm/beniel/ops-hls-batching-tiling-artifacts/codegen_apps/tiling/poisson2d/u280_project/maxtile_8192_p60/hls/build/hw/temp_dir/datamover_outerloop_0/datamover_outerloop_0/datamover_outerloop_0/solution/.autopilot/db/datamover_outerloop_0.pp.0.cpp:35937:5: note: FIX-IT applied suggested code changes
/scratch/hpc-prf-acgasm/beniel/ops-hls-batching-tiling-artifacts/codegen_apps/tiling/poisson2d/u280_project/maxtile_8192_p60/hls/build/hw/temp_dir/datamover_outerloop_0/datamover_outerloop_0/datamover_outerloop_0/solution/.autopilot/db/datamover_outerloop_0.pp.0.cpp:35942:9: warning: Added loop label VITIS_LOOP_5500_2:   [xilinx-label-all-loops]
        for (unsigned short tile_x = 0; tile_x < config.tile_count_x; tile_x++)
        ^~~
        VITIS_LOOP_5500_2: 
/scratch/hpc-prf-acgasm/beniel/ops-hls-batching-tiling-artifacts/codegen_apps/tiling/poisson2d/u280_project/maxtile_8192_p60/hls/build/hw/temp_dir/datamover_outerloop_0/datamover_outerloop_0/datamover_outerloop_0/solution/.autopilot/db/datamover_outerloop_0.pp.0.cpp:35942:9: note: FIX-IT applied suggested code changes
/scratch/hpc-prf-acgasm/beniel/ops-hls-batching-tiling-artifacts/codegen_apps/tiling/poisson2d/u280_project/maxtile_8192_p60/hls/build/hw/temp_dir/datamover_outerloop_0/datamover_outerloop_0/datamover_outerloop_0/solution/.autopilot/db/datamover_outerloop_0.pp.0.cpp:35946:13: warning: Added loop label VITIS_LOOP_5504_3:   [xilinx-label-all-loops]
            for (unsigned short k = 0; k < z_diff; k++)
            ^~~
            VITIS_LOOP_5504_3: 
/scratch/hpc-prf-acgasm/beniel/ops-hls-batching-tiling-artifacts/codegen_apps/tiling/poisson2d/u280_project/maxtile_8192_p60/hls/build/hw/temp_dir/datamover_outerloop_0/datamover_outerloop_0/datamover_outerloop_0/solution/.autopilot/db/datamover_outerloop_0.pp.0.cpp:35946:13: note: FIX-IT applied suggested code changes
/scratch/hpc-prf-acgasm/beniel/ops-hls-batching-tiling-artifacts/codegen_apps/tiling/poisson2d/u280_project/maxtile_8192_p60/hls/build/hw/temp_dir/datamover_outerloop_0/datamover_outerloop_0/datamover_outerloop_0/solution/.autopilot/db/datamover_outerloop_0.pp.0.cpp:35948:17: warning: Added loop label VITIS_LOOP_5506_4:   [xilinx-label-all-loops]
                for (unsigned short j = 0; j < tile_size_y; j++)
                ^~~
                VITIS_LOOP_5506_4: 
/scratch/hpc-prf-acgasm/beniel/ops-hls-batching-tiling-artifacts/codegen_apps/tiling/poisson2d/u280_project/maxtile_8192_p60/hls/build/hw/temp_dir/datamover_outerloop_0/datamover_outerloop_0/datamover_outerloop_0/solution/.autopilot/db/datamover_outerloop_0.pp.0.cpp:35948:17: note: FIX-IT applied suggested code changes
/scratch/hpc-prf-acgasm/beniel/ops-hls-batching-tiling-artifacts/codegen_apps/tiling/poisson2d/u280_project/maxtile_8192_p60/hls/build/hw/temp_dir/datamover_outerloop_0/datamover_outerloop_0/datamover_outerloop_0/solution/.autopilot/db/datamover_outerloop_0.pp.0.cpp:35953:21: warning: Added loop label VITIS_LOOP_5511_5:   [xilinx-label-all-loops]
                    for (unsigned short i = 0; i < tile_size_x; i++)
                    ^~~
                    VITIS_LOOP_5511_5: 
/scratch/hpc-prf-acgasm/beniel/ops-hls-batching-tiling-artifacts/codegen_apps/tiling/poisson2d/u280_project/maxtile_8192_p60/hls/build/hw/temp_dir/datamover_outerloop_0/datamover_outerloop_0/datamover_outerloop_0/solution/.autopilot/db/datamover_outerloop_0.pp.0.cpp:35953:21: note: FIX-IT applied suggested code changes
/scratch/hpc-prf-acgasm/beniel/ops-hls-batching-tiling-artifacts/codegen_apps/tiling/poisson2d/u280_project/maxtile_8192_p60/hls/build/hw/temp_dir/datamover_outerloop_0/datamover_outerloop_0/datamover_outerloop_0/solution/.autopilot/db/datamover_outerloop_0.pp.0.cpp:35984:5: warning: Added loop label VITIS_LOOP_5571_1:   [xilinx-label-all-loops]
    for (unsigned short tile_x = 0; tile_x < config.tile_count_x; tile_x++)
    ^~~
    VITIS_LOOP_5571_1: 
/scratch/hpc-prf-acgasm/beniel/ops-hls-batching-tiling-artifacts/codegen_apps/tiling/poisson2d/u280_project/maxtile_8192_p60/hls/build/hw/temp_dir/datamover_outerloop_0/datamover_outerloop_0/datamover_outerloop_0/solution/.autopilot/db/datamover_outerloop_0.pp.0.cpp:35984:5: note: FIX-IT applied suggested code changes
/scratch/hpc-prf-acgasm/beniel/ops-hls-batching-tiling-artifacts/codegen_apps/tiling/poisson2d/u280_project/maxtile_8192_p60/hls/build/hw/temp_dir/datamover_outerloop_0/datamover_outerloop_0/datamover_outerloop_0/solution/.autopilot/db/datamover_outerloop_0.pp.0.cpp:35988:9: warning: Added loop label VITIS_LOOP_5575_2:   [xilinx-label-all-loops]
        for (unsigned short j = 0; j < config.grid_size_y; j++)
        ^~~
        VITIS_LOOP_5575_2: 
/scratch/hpc-prf-acgasm/beniel/ops-hls-batching-tiling-artifacts/codegen_apps/tiling/poisson2d/u280_project/maxtile_8192_p60/hls/build/hw/temp_dir/datamover_outerloop_0/datamover_outerloop_0/datamover_outerloop_0/solution/.autopilot/db/datamover_outerloop_0.pp.0.cpp:35988:9: note: FIX-IT applied suggested code changes
/scratch/hpc-prf-acgasm/beniel/ops-hls-batching-tiling-artifacts/codegen_apps/tiling/poisson2d/u280_project/maxtile_8192_p60/hls/build/hw/temp_dir/datamover_outerloop_0/datamover_outerloop_0/datamover_outerloop_0/solution/.autopilot/db/datamover_outerloop_0.pp.0.cpp:35992:13: warning: Added loop label VITIS_LOOP_5579_3:   [xilinx-label-all-loops]
            for (unsigned short i = 0; i < tile_size_x; i++)
            ^~~
            VITIS_LOOP_5579_3: 
/scratch/hpc-prf-acgasm/beniel/ops-hls-batching-tiling-artifacts/codegen_apps/tiling/poisson2d/u280_project/maxtile_8192_p60/hls/build/hw/temp_dir/datamover_outerloop_0/datamover_outerloop_0/datamover_outerloop_0/solution/.autopilot/db/datamover_outerloop_0.pp.0.cpp:35992:13: note: FIX-IT applied suggested code changes
/scratch/hpc-prf-acgasm/beniel/ops-hls-batching-tiling-artifacts/codegen_apps/tiling/poisson2d/u280_project/maxtile_8192_p60/hls/build/hw/temp_dir/datamover_outerloop_0/datamover_outerloop_0/datamover_outerloop_0/solution/.autopilot/db/datamover_outerloop_0.pp.0.cpp:36023:5: warning: Added loop label VITIS_LOOP_5646_1:   [xilinx-label-all-loops]
    for (unsigned short tile_y = 0; tile_y < config.tile_count_y; tile_y++)
    ^~~
    VITIS_LOOP_5646_1: 
/scratch/hpc-prf-acgasm/beniel/ops-hls-batching-tiling-artifacts/codegen_apps/tiling/poisson2d/u280_project/maxtile_8192_p60/hls/build/hw/temp_dir/datamover_outerloop_0/datamover_outerloop_0/datamover_outerloop_0/solution/.autopilot/db/datamover_outerloop_0.pp.0.cpp:36023:5: note: FIX-IT applied suggested code changes
/scratch/hpc-prf-acgasm/beniel/ops-hls-batching-tiling-artifacts/codegen_apps/tiling/poisson2d/u280_project/maxtile_8192_p60/hls/build/hw/temp_dir/datamover_outerloop_0/datamover_outerloop_0/datamover_outerloop_0/solution/.autopilot/db/datamover_outerloop_0.pp.0.cpp:36028:9: warning: Added loop label VITIS_LOOP_5651_2:   [xilinx-label-all-loops]
        for (unsigned short tile_x = 0; tile_x < config.tile_count_x; tile_x++)
        ^~~
        VITIS_LOOP_5651_2: 
/scratch/hpc-prf-acgasm/beniel/ops-hls-batching-tiling-artifacts/codegen_apps/tiling/poisson2d/u280_project/maxtile_8192_p60/hls/build/hw/temp_dir/datamover_outerloop_0/datamover_outerloop_0/datamover_outerloop_0/solution/.autopilot/db/datamover_outerloop_0.pp.0.cpp:36028:9: note: FIX-IT applied suggested code changes
/scratch/hpc-prf-acgasm/beniel/ops-hls-batching-tiling-artifacts/codegen_apps/tiling/poisson2d/u280_project/maxtile_8192_p60/hls/build/hw/temp_dir/datamover_outerloop_0/datamover_outerloop_0/datamover_outerloop_0/solution/.autopilot/db/datamover_outerloop_0.pp.0.cpp:36032:13: warning: Added loop label VITIS_LOOP_5655_3:   [xilinx-label-all-loops]
            for (unsigned short k = 0; k < z_diff; k++)
            ^~~
            VITIS_LOOP_5655_3: 
/scratch/hpc-prf-acgasm/beniel/ops-hls-batching-tiling-artifacts/codegen_apps/tiling/poisson2d/u280_project/maxtile_8192_p60/hls/build/hw/temp_dir/datamover_outerloop_0/datamover_outerloop_0/datamover_outerloop_0/solution/.autopilot/db/datamover_outerloop_0.pp.0.cpp:36032:13: note: FIX-IT applied suggested code changes
/scratch/hpc-prf-acgasm/beniel/ops-hls-batching-tiling-artifacts/codegen_apps/tiling/poisson2d/u280_project/maxtile_8192_p60/hls/build/hw/temp_dir/datamover_outerloop_0/datamover_outerloop_0/datamover_outerloop_0/solution/.autopilot/db/datamover_outerloop_0.pp.0.cpp:36034:17: warning: Added loop label VITIS_LOOP_5657_4:   [xilinx-label-all-loops]
                for (unsigned short j = 0; j < tile_size_y; j++)
                ^~~
                VITIS_LOOP_5657_4: 
/scratch/hpc-prf-acgasm/beniel/ops-hls-batching-tiling-artifacts/codegen_apps/tiling/poisson2d/u280_project/maxtile_8192_p60/hls/build/hw/temp_dir/datamover_outerloop_0/datamover_outerloop_0/datamover_outerloop_0/solution/.autopilot/db/datamover_outerloop_0.pp.0.cpp:36034:17: note: FIX-IT applied suggested code changes
/scratch/hpc-prf-acgasm/beniel/ops-hls-batching-tiling-artifacts/codegen_apps/tiling/poisson2d/u280_project/maxtile_8192_p60/hls/build/hw/temp_dir/datamover_outerloop_0/datamover_outerloop_0/datamover_outerloop_0/solution/.autopilot/db/datamover_outerloop_0.pp.0.cpp:36039:21: warning: Added loop label VITIS_LOOP_5662_5:   [xilinx-label-all-loops]
                    for (unsigned short i = 0; i < tile_size_x; i++)
                    ^~~
                    VITIS_LOOP_5662_5: 
/scratch/hpc-prf-acgasm/beniel/ops-hls-batching-tiling-artifacts/codegen_apps/tiling/poisson2d/u280_project/maxtile_8192_p60/hls/build/hw/temp_dir/datamover_outerloop_0/datamover_outerloop_0/datamover_outerloop_0/solution/.autopilot/db/datamover_outerloop_0.pp.0.cpp:36039:21: note: FIX-IT applied suggested code changes
/scratch/hpc-prf-acgasm/beniel/ops-hls-batching-tiling-artifacts/codegen_apps/tiling/poisson2d/u280_project/maxtile_8192_p60/hls/build/hw/temp_dir/datamover_outerloop_0/datamover_outerloop_0/datamover_outerloop_0/solution/.autopilot/db/datamover_outerloop_0.pp.0.cpp:36073:3: warning: Added loop label VITIS_LOOP_5825_1:   [xilinx-label-all-loops]
  for (int pkt = 0; pkt < num_big_pkts; pkt++)
  ^~~
  VITIS_LOOP_5825_1: 
/scratch/hpc-prf-acgasm/beniel/ops-hls-batching-tiling-artifacts/codegen_apps/tiling/poisson2d/u280_project/maxtile_8192_p60/hls/build/hw/temp_dir/datamover_outerloop_0/datamover_outerloop_0/datamover_outerloop_0/solution/.autopilot/db/datamover_outerloop_0.pp.0.cpp:36073:3: note: FIX-IT applied suggested code changes
/scratch/hpc-prf-acgasm/beniel/ops-hls-batching-tiling-artifacts/codegen_apps/tiling/poisson2d/u280_project/maxtile_8192_p60/hls/build/hw/temp_dir/datamover_outerloop_0/datamover_outerloop_0/datamover_outerloop_0/solution/.autopilot/db/datamover_outerloop_0.pp.0.cpp:36075:4: warning: Added loop label VITIS_LOOP_5827_2:   [xilinx-label-all-loops]
   for (unsigned n = 0; n < FACTOR; n++)
   ^~~
   VITIS_LOOP_5827_2: 
/scratch/hpc-prf-acgasm/beniel/ops-hls-batching-tiling-artifacts/codegen_apps/tiling/poisson2d/u280_project/maxtile_8192_p60/hls/build/hw/temp_dir/datamover_outerloop_0/datamover_outerloop_0/datamover_outerloop_0/solution/.autopilot/db/datamover_outerloop_0.pp.0.cpp:36075:4: note: FIX-IT applied suggested code changes
/scratch/hpc-prf-acgasm/beniel/ops-hls-batching-tiling-artifacts/codegen_apps/tiling/poisson2d/u280_project/maxtile_8192_p60/hls/build/hw/temp_dir/datamover_outerloop_0/datamover_outerloop_0/datamover_outerloop_0/solution/.autopilot/db/datamover_outerloop_0.pp.0.cpp:36095:3: warning: Added loop label VITIS_LOOP_5871_3:   [xilinx-label-all-loops]
  for (int pkt = 0; pkt < num_big_pkts; pkt++)
  ^~~
  VITIS_LOOP_5871_3: 
/scratch/hpc-prf-acgasm/beniel/ops-hls-batching-tiling-artifacts/codegen_apps/tiling/poisson2d/u280_project/maxtile_8192_p60/hls/build/hw/temp_dir/datamover_outerloop_0/datamover_outerloop_0/datamover_outerloop_0/solution/.autopilot/db/datamover_outerloop_0.pp.0.cpp:36095:3: note: FIX-IT applied suggested code changes
/scratch/hpc-prf-acgasm/beniel/ops-hls-batching-tiling-artifacts/codegen_apps/tiling/poisson2d/u280_project/maxtile_8192_p60/hls/build/hw/temp_dir/datamover_outerloop_0/datamover_outerloop_0/datamover_outerloop_0/solution/.autopilot/db/datamover_outerloop_0.pp.0.cpp:36097:4: warning: Added loop label VITIS_LOOP_5873_4:   [xilinx-label-all-loops]
   for (unsigned n = 0; n < FACTOR; n++)
   ^~~
   VITIS_LOOP_5873_4: 
/scratch/hpc-prf-acgasm/beniel/ops-hls-batching-tiling-artifacts/codegen_apps/tiling/poisson2d/u280_project/maxtile_8192_p60/hls/build/hw/temp_dir/datamover_outerloop_0/datamover_outerloop_0/datamover_outerloop_0/solution/.autopilot/db/datamover_outerloop_0.pp.0.cpp:36097:4: note: FIX-IT applied suggested code changes
/scratch/hpc-prf-acgasm/beniel/ops-hls-batching-tiling-artifacts/codegen_apps/tiling/poisson2d/u280_project/maxtile_8192_p60/hls/build/hw/temp_dir/datamover_outerloop_0/datamover_outerloop_0/datamover_outerloop_0/solution/.autopilot/db/datamover_outerloop_0.pp.0.cpp:36129:5: warning: Added loop label VITIS_LOOP_5953_1:   [xilinx-label-all-loops]
    for (unsigned int pkt = 0; pkt < num_big_pkts; pkt++)
    ^~~
    VITIS_LOOP_5953_1: 
/scratch/hpc-prf-acgasm/beniel/ops-hls-batching-tiling-artifacts/codegen_apps/tiling/poisson2d/u280_project/maxtile_8192_p60/hls/build/hw/temp_dir/datamover_outerloop_0/datamover_outerloop_0/datamover_outerloop_0/solution/.autopilot/db/datamover_outerloop_0.pp.0.cpp:36129:5: note: FIX-IT applied suggested code changes
/scratch/hpc-prf-acgasm/beniel/ops-hls-batching-tiling-artifacts/codegen_apps/tiling/poisson2d/u280_project/maxtile_8192_p60/hls/build/hw/temp_dir/datamover_outerloop_0/datamover_outerloop_0/datamover_outerloop_0/solution/.autopilot/db/datamover_outerloop_0.pp.0.cpp:36131:9: warning: Added loop label VITIS_LOOP_5955_2:   [xilinx-label-all-loops]
        for (unsigned short n = 0; n < FACTOR; n++)
        ^~~
        VITIS_LOOP_5955_2: 
/scratch/hpc-prf-acgasm/beniel/ops-hls-batching-tiling-artifacts/codegen_apps/tiling/poisson2d/u280_project/maxtile_8192_p60/hls/build/hw/temp_dir/datamover_outerloop_0/datamover_outerloop_0/datamover_outerloop_0/solution/.autopilot/db/datamover_outerloop_0.pp.0.cpp:36131:9: note: FIX-IT applied suggested code changes
/scratch/hpc-prf-acgasm/beniel/ops-hls-batching-tiling-artifacts/codegen_apps/tiling/poisson2d/u280_project/maxtile_8192_p60/hls/build/hw/temp_dir/datamover_outerloop_0/datamover_outerloop_0/datamover_outerloop_0/solution/.autopilot/db/datamover_outerloop_0.pp.0.cpp:36170:5: warning: Added loop label VITIS_LOOP_6033_1:   [xilinx-label-all-loops]
    for (unsigned int pkt = 0; pkt < num_big_pkts; pkt++)
    ^~~
    VITIS_LOOP_6033_1: 
/scratch/hpc-prf-acgasm/beniel/ops-hls-batching-tiling-artifacts/codegen_apps/tiling/poisson2d/u280_project/maxtile_8192_p60/hls/build/hw/temp_dir/datamover_outerloop_0/datamover_outerloop_0/datamover_outerloop_0/solution/.autopilot/db/datamover_outerloop_0.pp.0.cpp:36170:5: note: FIX-IT applied suggested code changes
/scratch/hpc-prf-acgasm/beniel/ops-hls-batching-tiling-artifacts/codegen_apps/tiling/poisson2d/u280_project/maxtile_8192_p60/hls/build/hw/temp_dir/datamover_outerloop_0/datamover_outerloop_0/datamover_outerloop_0/solution/.autopilot/db/datamover_outerloop_0.pp.0.cpp:36172:9: warning: Added loop label VITIS_LOOP_6035_2:   [xilinx-label-all-loops]
        for (unsigned short n = 0; n < FACTOR; n++)
        ^~~
        VITIS_LOOP_6035_2: 
/scratch/hpc-prf-acgasm/beniel/ops-hls-batching-tiling-artifacts/codegen_apps/tiling/poisson2d/u280_project/maxtile_8192_p60/hls/build/hw/temp_dir/datamover_outerloop_0/datamover_outerloop_0/datamover_outerloop_0/solution/.autopilot/db/datamover_outerloop_0.pp.0.cpp:36172:9: note: FIX-IT applied suggested code changes
/scratch/hpc-prf-acgasm/beniel/ops-hls-batching-tiling-artifacts/codegen_apps/tiling/poisson2d/u280_project/maxtile_8192_p60/hls/build/hw/temp_dir/datamover_outerloop_0/datamover_outerloop_0/datamover_outerloop_0/solution/.autopilot/db/datamover_outerloop_0.pp.0.cpp:36201:2: warning: Added loop label VITIS_LOOP_6103_1:   [xilinx-label-all-loops]
 for (unsigned itr = 0; itr < pkts; itr++){
 ^~~
 VITIS_LOOP_6103_1: 
/scratch/hpc-prf-acgasm/beniel/ops-hls-batching-tiling-artifacts/codegen_apps/tiling/poisson2d/u280_project/maxtile_8192_p60/hls/build/hw/temp_dir/datamover_outerloop_0/datamover_outerloop_0/datamover_outerloop_0/solution/.autopilot/db/datamover_outerloop_0.pp.0.cpp:36201:2: note: FIX-IT applied suggested code changes
/scratch/hpc-prf-acgasm/beniel/ops-hls-batching-tiling-artifacts/codegen_apps/tiling/poisson2d/u280_project/maxtile_8192_p60/hls/build/hw/temp_dir/datamover_outerloop_0/datamover_outerloop_0/datamover_outerloop_0/solution/.autopilot/db/datamover_outerloop_0.pp.0.cpp:36224:2: warning: Added loop label VITIS_LOOP_6156_1:   [xilinx-label-all-loops]
 for (int itr = 0; itr < pkts; itr++){
 ^~~
 VITIS_LOOP_6156_1: 
/scratch/hpc-prf-acgasm/beniel/ops-hls-batching-tiling-artifacts/codegen_apps/tiling/poisson2d/u280_project/maxtile_8192_p60/hls/build/hw/temp_dir/datamover_outerloop_0/datamover_outerloop_0/datamover_outerloop_0/solution/.autopilot/db/datamover_outerloop_0.pp.0.cpp:36224:2: note: FIX-IT applied suggested code changes
/scratch/hpc-prf-acgasm/beniel/ops-hls-batching-tiling-artifacts/codegen_apps/tiling/poisson2d/u280_project/maxtile_8192_p60/hls/build/hw/temp_dir/datamover_outerloop_0/datamover_outerloop_0/datamover_outerloop_0/solution/.autopilot/db/datamover_outerloop_0.pp.0.cpp:36258:2: warning: Added loop label VITIS_LOOP_6230_1:   [xilinx-label-all-loops]
 for (unsigned int brst = 0; brst < num_bursts; brst++)
 ^~~
 VITIS_LOOP_6230_1: 
/scratch/hpc-prf-acgasm/beniel/ops-hls-batching-tiling-artifacts/codegen_apps/tiling/poisson2d/u280_project/maxtile_8192_p60/hls/build/hw/temp_dir/datamover_outerloop_0/datamover_outerloop_0/datamover_outerloop_0/solution/.autopilot/db/datamover_outerloop_0.pp.0.cpp:36258:2: note: FIX-IT applied suggested code changes
/scratch/hpc-prf-acgasm/beniel/ops-hls-batching-tiling-artifacts/codegen_apps/tiling/poisson2d/u280_project/maxtile_8192_p60/hls/build/hw/temp_dir/datamover_outerloop_0/datamover_outerloop_0/datamover_outerloop_0/solution/.autopilot/db/datamover_outerloop_0.pp.0.cpp:36262:2: warning: Added loop label VITIS_LOOP_6234_2:   [xilinx-label-all-loops]
 for (unsigned int beat = 0; beat < BURST_SIZE; beat++)
 ^~~
 VITIS_LOOP_6234_2: 
/scratch/hpc-prf-acgasm/beniel/ops-hls-batching-tiling-artifacts/codegen_apps/tiling/poisson2d/u280_project/maxtile_8192_p60/hls/build/hw/temp_dir/datamover_outerloop_0/datamover_outerloop_0/datamover_outerloop_0/solution/.autopilot/db/datamover_outerloop_0.pp.0.cpp:36262:2: note: FIX-IT applied suggested code changes
/scratch/hpc-prf-acgasm/beniel/ops-hls-batching-tiling-artifacts/codegen_apps/tiling/poisson2d/u280_project/maxtile_8192_p60/hls/build/hw/temp_dir/datamover_outerloop_0/datamover_outerloop_0/datamover_outerloop_0/solution/.autopilot/db/datamover_outerloop_0.pp.0.cpp:36272:2: warning: Added loop label VITIS_LOOP_6244_3:   [xilinx-label-all-loops]
 for (unsigned int beat = 0; beat < non_burst_beats; beat++)
 ^~~
 VITIS_LOOP_6244_3: 
/scratch/hpc-prf-acgasm/beniel/ops-hls-batching-tiling-artifacts/codegen_apps/tiling/poisson2d/u280_project/maxtile_8192_p60/hls/build/hw/temp_dir/datamover_outerloop_0/datamover_outerloop_0/datamover_outerloop_0/solution/.autopilot/db/datamover_outerloop_0.pp.0.cpp:36272:2: note: FIX-IT applied suggested code changes
/scratch/hpc-prf-acgasm/beniel/ops-hls-batching-tiling-artifacts/codegen_apps/tiling/poisson2d/u280_project/maxtile_8192_p60/hls/build/hw/temp_dir/datamover_outerloop_0/datamover_outerloop_0/datamover_outerloop_0/solution/.autopilot/db/datamover_outerloop_0.pp.0.cpp:36331:4: warning: Added loop label VITIS_LOOP_6351_1:   [xilinx-label-all-loops]
   for (unsigned int brst = 0; brst < num_bursts; brst++)
   ^~~
   VITIS_LOOP_6351_1: 
/scratch/hpc-prf-acgasm/beniel/ops-hls-batching-tiling-artifacts/codegen_apps/tiling/poisson2d/u280_project/maxtile_8192_p60/hls/build/hw/temp_dir/datamover_outerloop_0/datamover_outerloop_0/datamover_outerloop_0/solution/.autopilot/db/datamover_outerloop_0.pp.0.cpp:36331:4: note: FIX-IT applied suggested code changes
/scratch/hpc-prf-acgasm/beniel/ops-hls-batching-tiling-artifacts/codegen_apps/tiling/poisson2d/u280_project/maxtile_8192_p60/hls/build/hw/temp_dir/datamover_outerloop_0/datamover_outerloop_0/datamover_outerloop_0/solution/.autopilot/db/datamover_outerloop_0.pp.0.cpp:36335:2: warning: Added loop label VITIS_LOOP_6355_2:   [xilinx-label-all-loops]
 for (unsigned int beat = 0; beat < BURST_SIZE; beat++)
 ^~~
 VITIS_LOOP_6355_2: 
/scratch/hpc-prf-acgasm/beniel/ops-hls-batching-tiling-artifacts/codegen_apps/tiling/poisson2d/u280_project/maxtile_8192_p60/hls/build/hw/temp_dir/datamover_outerloop_0/datamover_outerloop_0/datamover_outerloop_0/solution/.autopilot/db/datamover_outerloop_0.pp.0.cpp:36335:2: note: FIX-IT applied suggested code changes
/scratch/hpc-prf-acgasm/beniel/ops-hls-batching-tiling-artifacts/codegen_apps/tiling/poisson2d/u280_project/maxtile_8192_p60/hls/build/hw/temp_dir/datamover_outerloop_0/datamover_outerloop_0/datamover_outerloop_0/solution/.autopilot/db/datamover_outerloop_0.pp.0.cpp:36345:4: warning: Added loop label VITIS_LOOP_6365_3:   [xilinx-label-all-loops]
   for (unsigned int beat = 0; beat < non_burst_beats; beat++)
   ^~~
   VITIS_LOOP_6365_3: 
/scratch/hpc-prf-acgasm/beniel/ops-hls-batching-tiling-artifacts/codegen_apps/tiling/poisson2d/u280_project/maxtile_8192_p60/hls/build/hw/temp_dir/datamover_outerloop_0/datamover_outerloop_0/datamover_outerloop_0/solution/.autopilot/db/datamover_outerloop_0.pp.0.cpp:36345:4: note: FIX-IT applied suggested code changes
/scratch/hpc-prf-acgasm/beniel/ops-hls-batching-tiling-artifacts/codegen_apps/tiling/poisson2d/u280_project/maxtile_8192_p60/hls/build/hw/temp_dir/datamover_outerloop_0/datamover_outerloop_0/datamover_outerloop_0/solution/.autopilot/db/datamover_outerloop_0.pp.0.cpp:36354:4: warning: Added loop label VITIS_LOOP_6374_4:   [xilinx-label-all-loops]
   for (unsigned int brst = 0; brst < num_bursts; brst++)
   ^~~
   VITIS_LOOP_6374_4: 
/scratch/hpc-prf-acgasm/beniel/ops-hls-batching-tiling-artifacts/codegen_apps/tiling/poisson2d/u280_project/maxtile_8192_p60/hls/build/hw/temp_dir/datamover_outerloop_0/datamover_outerloop_0/datamover_outerloop_0/solution/.autopilot/db/datamover_outerloop_0.pp.0.cpp:36354:4: note: FIX-IT applied suggested code changes
/scratch/hpc-prf-acgasm/beniel/ops-hls-batching-tiling-artifacts/codegen_apps/tiling/poisson2d/u280_project/maxtile_8192_p60/hls/build/hw/temp_dir/datamover_outerloop_0/datamover_outerloop_0/datamover_outerloop_0/solution/.autopilot/db/datamover_outerloop_0.pp.0.cpp:36358:2: warning: Added loop label VITIS_LOOP_6378_5:   [xilinx-label-all-loops]
 for (unsigned int beat = 0; beat < BURST_SIZE; beat++)
 ^~~
 VITIS_LOOP_6378_5: 
/scratch/hpc-prf-acgasm/beniel/ops-hls-batching-tiling-artifacts/codegen_apps/tiling/poisson2d/u280_project/maxtile_8192_p60/hls/build/hw/temp_dir/datamover_outerloop_0/datamover_outerloop_0/datamover_outerloop_0/solution/.autopilot/db/datamover_outerloop_0.pp.0.cpp:36358:2: note: FIX-IT applied suggested code changes
/scratch/hpc-prf-acgasm/beniel/ops-hls-batching-tiling-artifacts/codegen_apps/tiling/poisson2d/u280_project/maxtile_8192_p60/hls/build/hw/temp_dir/datamover_outerloop_0/datamover_outerloop_0/datamover_outerloop_0/solution/.autopilot/db/datamover_outerloop_0.pp.0.cpp:36368:4: warning: Added loop label VITIS_LOOP_6388_6:   [xilinx-label-all-loops]
   for (unsigned int beat = 0; beat < non_burst_beats; beat++)
   ^~~
   VITIS_LOOP_6388_6: 
/scratch/hpc-prf-acgasm/beniel/ops-hls-batching-tiling-artifacts/codegen_apps/tiling/poisson2d/u280_project/maxtile_8192_p60/hls/build/hw/temp_dir/datamover_outerloop_0/datamover_outerloop_0/datamover_outerloop_0/solution/.autopilot/db/datamover_outerloop_0.pp.0.cpp:36368:4: note: FIX-IT applied suggested code changes
/scratch/hpc-prf-acgasm/beniel/ops-hls-batching-tiling-artifacts/codegen_apps/tiling/poisson2d/u280_project/maxtile_8192_p60/hls/build/hw/temp_dir/datamover_outerloop_0/datamover_outerloop_0/datamover_outerloop_0/solution/.autopilot/db/datamover_outerloop_0.pp.0.cpp:36395:2: warning: Added loop label VITIS_LOOP_6449_1:   [xilinx-label-all-loops]
 for (unsigned int brst = 0; brst < num_bursts; brst++)
 ^~~
 VITIS_LOOP_6449_1: 
/scratch/hpc-prf-acgasm/beniel/ops-hls-batching-tiling-artifacts/codegen_apps/tiling/poisson2d/u280_project/maxtile_8192_p60/hls/build/hw/temp_dir/datamover_outerloop_0/datamover_outerloop_0/datamover_outerloop_0/solution/.autopilot/db/datamover_outerloop_0.pp.0.cpp:36395:2: note: FIX-IT applied suggested code changes
/scratch/hpc-prf-acgasm/beniel/ops-hls-batching-tiling-artifacts/codegen_apps/tiling/poisson2d/u280_project/maxtile_8192_p60/hls/build/hw/temp_dir/datamover_outerloop_0/datamover_outerloop_0/datamover_outerloop_0/solution/.autopilot/db/datamover_outerloop_0.pp.0.cpp:36399:2: warning: Added loop label VITIS_LOOP_6453_2:   [xilinx-label-all-loops]
 for (unsigned int beat = 0; beat < BURST_SIZE; beat++)
 ^~~
 VITIS_LOOP_6453_2: 
/scratch/hpc-prf-acgasm/beniel/ops-hls-batching-tiling-artifacts/codegen_apps/tiling/poisson2d/u280_project/maxtile_8192_p60/hls/build/hw/temp_dir/datamover_outerloop_0/datamover_outerloop_0/datamover_outerloop_0/solution/.autopilot/db/datamover_outerloop_0.pp.0.cpp:36399:2: note: FIX-IT applied suggested code changes
/scratch/hpc-prf-acgasm/beniel/ops-hls-batching-tiling-artifacts/codegen_apps/tiling/poisson2d/u280_project/maxtile_8192_p60/hls/build/hw/temp_dir/datamover_outerloop_0/datamover_outerloop_0/datamover_outerloop_0/solution/.autopilot/db/datamover_outerloop_0.pp.0.cpp:36409:2: warning: Added loop label VITIS_LOOP_6463_3:   [xilinx-label-all-loops]
 for (unsigned int beat = 0; beat < non_burst_beats; beat++)
 ^~~
 VITIS_LOOP_6463_3: 
/scratch/hpc-prf-acgasm/beniel/ops-hls-batching-tiling-artifacts/codegen_apps/tiling/poisson2d/u280_project/maxtile_8192_p60/hls/build/hw/temp_dir/datamover_outerloop_0/datamover_outerloop_0/datamover_outerloop_0/solution/.autopilot/db/datamover_outerloop_0.pp.0.cpp:36409:2: note: FIX-IT applied suggested code changes
/scratch/hpc-prf-acgasm/beniel/ops-hls-batching-tiling-artifacts/codegen_apps/tiling/poisson2d/u280_project/maxtile_8192_p60/hls/build/hw/temp_dir/datamover_outerloop_0/datamover_outerloop_0/datamover_outerloop_0/solution/.autopilot/db/datamover_outerloop_0.pp.0.cpp:36462:4: warning: Added loop label VITIS_LOOP_6572_1:   [xilinx-label-all-loops]
   for (unsigned int brst = 0; brst < num_bursts; brst++)
   ^~~
   VITIS_LOOP_6572_1: 
/scratch/hpc-prf-acgasm/beniel/ops-hls-batching-tiling-artifacts/codegen_apps/tiling/poisson2d/u280_project/maxtile_8192_p60/hls/build/hw/temp_dir/datamover_outerloop_0/datamover_outerloop_0/datamover_outerloop_0/solution/.autopilot/db/datamover_outerloop_0.pp.0.cpp:36462:4: note: FIX-IT applied suggested code changes
/scratch/hpc-prf-acgasm/beniel/ops-hls-batching-tiling-artifacts/codegen_apps/tiling/poisson2d/u280_project/maxtile_8192_p60/hls/build/hw/temp_dir/datamover_outerloop_0/datamover_outerloop_0/datamover_outerloop_0/solution/.autopilot/db/datamover_outerloop_0.pp.0.cpp:36466:2: warning: Added loop label VITIS_LOOP_6576_2:   [xilinx-label-all-loops]
 for (unsigned int beat = 0; beat < BURST_SIZE; beat++)
 ^~~
 VITIS_LOOP_6576_2: 
/scratch/hpc-prf-acgasm/beniel/ops-hls-batching-tiling-artifacts/codegen_apps/tiling/poisson2d/u280_project/maxtile_8192_p60/hls/build/hw/temp_dir/datamover_outerloop_0/datamover_outerloop_0/datamover_outerloop_0/solution/.autopilot/db/datamover_outerloop_0.pp.0.cpp:36466:2: note: FIX-IT applied suggested code changes
/scratch/hpc-prf-acgasm/beniel/ops-hls-batching-tiling-artifacts/codegen_apps/tiling/poisson2d/u280_project/maxtile_8192_p60/hls/build/hw/temp_dir/datamover_outerloop_0/datamover_outerloop_0/datamover_outerloop_0/solution/.autopilot/db/datamover_outerloop_0.pp.0.cpp:36476:4: warning: Added loop label VITIS_LOOP_6586_3:   [xilinx-label-all-loops]
   for (unsigned int beat = 0; beat < non_burst_beats; beat++)
   ^~~
   VITIS_LOOP_6586_3: 
/scratch/hpc-prf-acgasm/beniel/ops-hls-batching-tiling-artifacts/codegen_apps/tiling/poisson2d/u280_project/maxtile_8192_p60/hls/build/hw/temp_dir/datamover_outerloop_0/datamover_outerloop_0/datamover_outerloop_0/solution/.autopilot/db/datamover_outerloop_0.pp.0.cpp:36476:4: note: FIX-IT applied suggested code changes
/scratch/hpc-prf-acgasm/beniel/ops-hls-batching-tiling-artifacts/codegen_apps/tiling/poisson2d/u280_project/maxtile_8192_p60/hls/build/hw/temp_dir/datamover_outerloop_0/datamover_outerloop_0/datamover_outerloop_0/solution/.autopilot/db/datamover_outerloop_0.pp.0.cpp:36485:4: warning: Added loop label VITIS_LOOP_6595_4:   [xilinx-label-all-loops]
   for (unsigned int brst = 0; brst < num_bursts; brst++)
   ^~~
   VITIS_LOOP_6595_4: 
/scratch/hpc-prf-acgasm/beniel/ops-hls-batching-tiling-artifacts/codegen_apps/tiling/poisson2d/u280_project/maxtile_8192_p60/hls/build/hw/temp_dir/datamover_outerloop_0/datamover_outerloop_0/datamover_outerloop_0/solution/.autopilot/db/datamover_outerloop_0.pp.0.cpp:36485:4: note: FIX-IT applied suggested code changes
/scratch/hpc-prf-acgasm/beniel/ops-hls-batching-tiling-artifacts/codegen_apps/tiling/poisson2d/u280_project/maxtile_8192_p60/hls/build/hw/temp_dir/datamover_outerloop_0/datamover_outerloop_0/datamover_outerloop_0/solution/.autopilot/db/datamover_outerloop_0.pp.0.cpp:36489:2: warning: Added loop label VITIS_LOOP_6599_5:   [xilinx-label-all-loops]
 for (unsigned int beat = 0; beat < BURST_SIZE; beat++)
 ^~~
 VITIS_LOOP_6599_5: 
/scratch/hpc-prf-acgasm/beniel/ops-hls-batching-tiling-artifacts/codegen_apps/tiling/poisson2d/u280_project/maxtile_8192_p60/hls/build/hw/temp_dir/datamover_outerloop_0/datamover_outerloop_0/datamover_outerloop_0/solution/.autopilot/db/datamover_outerloop_0.pp.0.cpp:36489:2: note: FIX-IT applied suggested code changes
/scratch/hpc-prf-acgasm/beniel/ops-hls-batching-tiling-artifacts/codegen_apps/tiling/poisson2d/u280_project/maxtile_8192_p60/hls/build/hw/temp_dir/datamover_outerloop_0/datamover_outerloop_0/datamover_outerloop_0/solution/.autopilot/db/datamover_outerloop_0.pp.0.cpp:36499:4: warning: Added loop label VITIS_LOOP_6609_6:   [xilinx-label-all-loops]
   for (unsigned int beat = 0; beat < non_burst_beats; beat++)
   ^~~
   VITIS_LOOP_6609_6: 
/scratch/hpc-prf-acgasm/beniel/ops-hls-batching-tiling-artifacts/codegen_apps/tiling/poisson2d/u280_project/maxtile_8192_p60/hls/build/hw/temp_dir/datamover_outerloop_0/datamover_outerloop_0/datamover_outerloop_0/solution/.autopilot/db/datamover_outerloop_0.pp.0.cpp:36499:4: note: FIX-IT applied suggested code changes
/scratch/hpc-prf-acgasm/beniel/ops-hls-batching-tiling-artifacts/codegen_apps/tiling/poisson2d/u280_project/maxtile_8192_p60/hls/build/hw/temp_dir/datamover_outerloop_0/datamover_outerloop_0/datamover_outerloop_0/solution/.autopilot/db/datamover_outerloop_0.pp.0.cpp:36530:2: warning: Added loop label VITIS_LOOP_6653_1:   [xilinx-label-all-loops]
 for (unsigned int brst = 0; brst < num_of_axis_pkt; brst++)
 ^~~
 VITIS_LOOP_6653_1: 
/scratch/hpc-prf-acgasm/beniel/ops-hls-batching-tiling-artifacts/codegen_apps/tiling/poisson2d/u280_project/maxtile_8192_p60/hls/build/hw/temp_dir/datamover_outerloop_0/datamover_outerloop_0/datamover_outerloop_0/solution/.autopilot/db/datamover_outerloop_0.pp.0.cpp:36530:2: note: FIX-IT applied suggested code changes
/scratch/hpc-prf-acgasm/beniel/ops-hls-batching-tiling-artifacts/codegen_apps/tiling/poisson2d/u280_project/maxtile_8192_p60/hls/build/hw/temp_dir/datamover_outerloop_0/datamover_outerloop_0/datamover_outerloop_0/solution/.autopilot/db/datamover_outerloop_0.pp.0.cpp:36558:2: warning: Added loop label VITIS_LOOP_6699_1:   [xilinx-label-all-loops]
 for (unsigned int itr = 0; itr < num_axis_pkts; itr++)
 ^~~
 VITIS_LOOP_6699_1: 
/scratch/hpc-prf-acgasm/beniel/ops-hls-batching-tiling-artifacts/codegen_apps/tiling/poisson2d/u280_project/maxtile_8192_p60/hls/build/hw/temp_dir/datamover_outerloop_0/datamover_outerloop_0/datamover_outerloop_0/solution/.autopilot/db/datamover_outerloop_0.pp.0.cpp:36558:2: note: FIX-IT applied suggested code changes
/scratch/hpc-prf-acgasm/beniel/ops-hls-batching-tiling-artifacts/codegen_apps/tiling/poisson2d/u280_project/maxtile_8192_p60/hls/build/hw/temp_dir/datamover_outerloop_0/datamover_outerloop_0/datamover_outerloop_0/solution/.autopilot/db/datamover_outerloop_0.pp.0.cpp:36560:3: warning: Added loop label VITIS_LOOP_6701_2:   [xilinx-label-all-loops]
  for (unsigned int j = 0; j < num_hls_pkt_per_axis_pkt; j++)
  ^~~
  VITIS_LOOP_6701_2: 
/scratch/hpc-prf-acgasm/beniel/ops-hls-batching-tiling-artifacts/codegen_apps/tiling/poisson2d/u280_project/maxtile_8192_p60/hls/build/hw/temp_dir/datamover_outerloop_0/datamover_outerloop_0/datamover_outerloop_0/solution/.autopilot/db/datamover_outerloop_0.pp.0.cpp:36560:3: note: FIX-IT applied suggested code changes
/scratch/hpc-prf-acgasm/beniel/ops-hls-batching-tiling-artifacts/codegen_apps/tiling/poisson2d/u280_project/maxtile_8192_p60/hls/build/hw/temp_dir/datamover_outerloop_0/datamover_outerloop_0/datamover_outerloop_0/solution/.autopilot/db/datamover_outerloop_0.pp.0.cpp:36603:2: warning: Added loop label VITIS_LOOP_6798_1:   [xilinx-label-all-loops]
 for (unsigned int j = 0; j < num_hls_pkt_per_axis_pkt; j++)
 ^~~
 VITIS_LOOP_6798_1: 
/scratch/hpc-prf-acgasm/beniel/ops-hls-batching-tiling-artifacts/codegen_apps/tiling/poisson2d/u280_project/maxtile_8192_p60/hls/build/hw/temp_dir/datamover_outerloop_0/datamover_outerloop_0/datamover_outerloop_0/solution/.autopilot/db/datamover_outerloop_0.pp.0.cpp:36603:2: note: FIX-IT applied suggested code changes
/scratch/hpc-prf-acgasm/beniel/ops-hls-batching-tiling-artifacts/codegen_apps/tiling/poisson2d/u280_project/maxtile_8192_p60/hls/build/hw/temp_dir/datamover_outerloop_0/datamover_outerloop_0/datamover_outerloop_0/solution/.autopilot/db/datamover_outerloop_0.pp.0.cpp:36612:2: warning: Added loop label VITIS_LOOP_6807_2:   [xilinx-label-all-loops]
 for (unsigned int itr = 1; itr < num_axis_pkts; itr++)
 ^~~
 VITIS_LOOP_6807_2: 
/scratch/hpc-prf-acgasm/beniel/ops-hls-batching-tiling-artifacts/codegen_apps/tiling/poisson2d/u280_project/maxtile_8192_p60/hls/build/hw/temp_dir/datamover_outerloop_0/datamover_outerloop_0/datamover_outerloop_0/solution/.autopilot/db/datamover_outerloop_0.pp.0.cpp:36612:2: note: FIX-IT applied suggested code changes
/scratch/hpc-prf-acgasm/beniel/ops-hls-batching-tiling-artifacts/codegen_apps/tiling/poisson2d/u280_project/maxtile_8192_p60/hls/build/hw/temp_dir/datamover_outerloop_0/datamover_outerloop_0/datamover_outerloop_0/solution/.autopilot/db/datamover_outerloop_0.pp.0.cpp:36632:3: warning: Added loop label VITIS_LOOP_6856_3:   [xilinx-label-all-loops]
  for (unsigned int j = 0; j < num_hls_pkt_per_axis_pkt; j++)
  ^~~
  VITIS_LOOP_6856_3: 
/scratch/hpc-prf-acgasm/beniel/ops-hls-batching-tiling-artifacts/codegen_apps/tiling/poisson2d/u280_project/maxtile_8192_p60/hls/build/hw/temp_dir/datamover_outerloop_0/datamover_outerloop_0/datamover_outerloop_0/solution/.autopilot/db/datamover_outerloop_0.pp.0.cpp:36632:3: note: FIX-IT applied suggested code changes
/scratch/hpc-prf-acgasm/beniel/ops-hls-batching-tiling-artifacts/codegen_apps/tiling/poisson2d/u280_project/maxtile_8192_p60/hls/build/hw/temp_dir/datamover_outerloop_0/datamover_outerloop_0/datamover_outerloop_0/solution/.autopilot/db/datamover_outerloop_0.pp.0.cpp:36676:2: warning: Added loop label VITIS_LOOP_6925_1:   [xilinx-label-all-loops]
 for (unsigned short pkt = 0; pkt < n_pkts; pkt++)
 ^~~
 VITIS_LOOP_6925_1: 
/scratch/hpc-prf-acgasm/beniel/ops-hls-batching-tiling-artifacts/codegen_apps/tiling/poisson2d/u280_project/maxtile_8192_p60/hls/build/hw/temp_dir/datamover_outerloop_0/datamover_outerloop_0/datamover_outerloop_0/solution/.autopilot/db/datamover_outerloop_0.pp.0.cpp:36676:2: note: FIX-IT applied suggested code changes
/scratch/hpc-prf-acgasm/beniel/ops-hls-batching-tiling-artifacts/codegen_apps/tiling/poisson2d/u280_project/maxtile_8192_p60/hls/build/hw/temp_dir/datamover_outerloop_0/datamover_outerloop_0/datamover_outerloop_0/solution/.autopilot/db/datamover_outerloop_0.pp.0.cpp:36728:2: warning: Added loop label VITIS_LOOP_6992_1:   [xilinx-label-all-loops]
 for (unsigned short k = range.start[2]; k < range.end[2]; k++)
 ^~~
 VITIS_LOOP_6992_1: 
/scratch/hpc-prf-acgasm/beniel/ops-hls-batching-tiling-artifacts/codegen_apps/tiling/poisson2d/u280_project/maxtile_8192_p60/hls/build/hw/temp_dir/datamover_outerloop_0/datamover_outerloop_0/datamover_outerloop_0/solution/.autopilot/db/datamover_outerloop_0.pp.0.cpp:36728:2: note: FIX-IT applied suggested code changes
/scratch/hpc-prf-acgasm/beniel/ops-hls-batching-tiling-artifacts/codegen_apps/tiling/poisson2d/u280_project/maxtile_8192_p60/hls/build/hw/temp_dir/datamover_outerloop_0/datamover_outerloop_0/datamover_outerloop_0/solution/.autopilot/db/datamover_outerloop_0.pp.0.cpp:36730:3: warning: Added loop label VITIS_LOOP_6994_2:   [xilinx-label-all-loops]
  for (unsigned short j = range.start[1]; j < range.end[1]; j++)
  ^~~
  VITIS_LOOP_6994_2: 
/scratch/hpc-prf-acgasm/beniel/ops-hls-batching-tiling-artifacts/codegen_apps/tiling/poisson2d/u280_project/maxtile_8192_p60/hls/build/hw/temp_dir/datamover_outerloop_0/datamover_outerloop_0/datamover_outerloop_0/solution/.autopilot/db/datamover_outerloop_0.pp.0.cpp:36730:3: note: FIX-IT applied suggested code changes
/scratch/hpc-prf-acgasm/beniel/ops-hls-batching-tiling-artifacts/codegen_apps/tiling/poisson2d/u280_project/maxtile_8192_p60/hls/build/hw/temp_dir/datamover_outerloop_0/datamover_outerloop_0/datamover_outerloop_0/solution/.autopilot/db/datamover_outerloop_0.pp.0.cpp:36732:4: warning: Added loop label VITIS_LOOP_6996_3:   [xilinx-label-all-loops]
   for (unsigned short x_pkt = start_x; x_pkt < end_x; x_pkt++)
   ^~~
   VITIS_LOOP_6996_3: 
/scratch/hpc-prf-acgasm/beniel/ops-hls-batching-tiling-artifacts/codegen_apps/tiling/poisson2d/u280_project/maxtile_8192_p60/hls/build/hw/temp_dir/datamover_outerloop_0/datamover_outerloop_0/datamover_outerloop_0/solution/.autopilot/db/datamover_outerloop_0.pp.0.cpp:36732:4: note: FIX-IT applied suggested code changes
/scratch/hpc-prf-acgasm/beniel/ops-hls-batching-tiling-artifacts/codegen_apps/tiling/poisson2d/u280_project/maxtile_8192_p60/hls/build/hw/temp_dir/datamover_outerloop_0/datamover_outerloop_0/datamover_outerloop_0/solution/.autopilot/db/datamover_outerloop_0.pp.0.cpp:36759:2: warning: Added loop label VITIS_LOOP_7032_1:   [xilinx-label-all-loops]
 for (unsigned int i = 0; i < num_pkts; i++)
 ^~~
 VITIS_LOOP_7032_1: 
/scratch/hpc-prf-acgasm/beniel/ops-hls-batching-tiling-artifacts/codegen_apps/tiling/poisson2d/u280_project/maxtile_8192_p60/hls/build/hw/temp_dir/datamover_outerloop_0/datamover_outerloop_0/datamover_outerloop_0/solution/.autopilot/db/datamover_outerloop_0.pp.0.cpp:36759:2: note: FIX-IT applied suggested code changes
/scratch/hpc-prf-acgasm/beniel/ops-hls-batching-tiling-artifacts/codegen_apps/tiling/poisson2d/u280_project/maxtile_8192_p60/hls/build/hw/temp_dir/datamover_outerloop_0/datamover_outerloop_0/datamover_outerloop_0/solution/.autopilot/db/datamover_outerloop_0.pp.0.cpp:36792:2: warning: Added loop label VITIS_LOOP_7084_1:   [xilinx-label-all-loops]
 for (unsigned int itr = 0; itr < num_axis_pkts; itr++)
 ^~~
 VITIS_LOOP_7084_1: 
/scratch/hpc-prf-acgasm/beniel/ops-hls-batching-tiling-artifacts/codegen_apps/tiling/poisson2d/u280_project/maxtile_8192_p60/hls/build/hw/temp_dir/datamover_outerloop_0/datamover_outerloop_0/datamover_outerloop_0/solution/.autopilot/db/datamover_outerloop_0.pp.0.cpp:36792:2: note: FIX-IT applied suggested code changes
/scratch/hpc-prf-acgasm/beniel/ops-hls-batching-tiling-artifacts/codegen_apps/tiling/poisson2d/u280_project/maxtile_8192_p60/hls/build/hw/temp_dir/datamover_outerloop_0/datamover_outerloop_0/datamover_outerloop_0/solution/.autopilot/db/datamover_outerloop_0.pp.0.cpp:36799:3: warning: Added loop label VITIS_LOOP_7091_2:   [xilinx-label-all-loops]
  for (unsigned int j = 0; j < num_hls_pkt_per_axis_pkt; j++)
  ^~~
  VITIS_LOOP_7091_2: 
/scratch/hpc-prf-acgasm/beniel/ops-hls-batching-tiling-artifacts/codegen_apps/tiling/poisson2d/u280_project/maxtile_8192_p60/hls/build/hw/temp_dir/datamover_outerloop_0/datamover_outerloop_0/datamover_outerloop_0/solution/.autopilot/db/datamover_outerloop_0.pp.0.cpp:36799:3: note: FIX-IT applied suggested code changes
/scratch/hpc-prf-acgasm/beniel/ops-hls-batching-tiling-artifacts/codegen_apps/tiling/poisson2d/u280_project/maxtile_8192_p60/hls/build/hw/temp_dir/datamover_outerloop_0/datamover_outerloop_0/datamover_outerloop_0/solution/.autopilot/db/datamover_outerloop_0.pp.0.cpp:36840:2: warning: Added loop label VITIS_LOOP_7153_1:   [xilinx-label-all-loops]
 for (unsigned int itr = 0; itr < num_axis_pkts; itr++)
 ^~~
 VITIS_LOOP_7153_1: 
/scratch/hpc-prf-acgasm/beniel/ops-hls-batching-tiling-artifacts/codegen_apps/tiling/poisson2d/u280_project/maxtile_8192_p60/hls/build/hw/temp_dir/datamover_outerloop_0/datamover_outerloop_0/datamover_outerloop_0/solution/.autopilot/db/datamover_outerloop_0.pp.0.cpp:36840:2: note: FIX-IT applied suggested code changes
/scratch/hpc-prf-acgasm/beniel/ops-hls-batching-tiling-artifacts/codegen_apps/tiling/poisson2d/u280_project/maxtile_8192_p60/hls/build/hw/temp_dir/datamover_outerloop_0/datamover_outerloop_0/datamover_outerloop_0/solution/.autopilot/db/datamover_outerloop_0.pp.0.cpp:36847:3: warning: Added loop label VITIS_LOOP_7160_2:   [xilinx-label-all-loops]
  for (unsigned int j = 0; j < num_hls_pkt_per_axis_pkt; j++)
  ^~~
  VITIS_LOOP_7160_2: 
/scratch/hpc-prf-acgasm/beniel/ops-hls-batching-tiling-artifacts/codegen_apps/tiling/poisson2d/u280_project/maxtile_8192_p60/hls/build/hw/temp_dir/datamover_outerloop_0/datamover_outerloop_0/datamover_outerloop_0/solution/.autopilot/db/datamover_outerloop_0.pp.0.cpp:36847:3: note: FIX-IT applied suggested code changes
/scratch/hpc-prf-acgasm/beniel/ops-hls-batching-tiling-artifacts/codegen_apps/tiling/poisson2d/u280_project/maxtile_8192_p60/hls/build/hw/temp_dir/datamover_outerloop_0/datamover_outerloop_0/datamover_outerloop_0/solution/.autopilot/db/datamover_outerloop_0.pp.0.cpp:36890:2: warning: Added loop label VITIS_LOOP_7276_1:   [xilinx-label-all-loops]
 for (unsigned int brst = 0; brst < num_of_strm_pkt; brst++)
 ^~~
 VITIS_LOOP_7276_1: 
/scratch/hpc-prf-acgasm/beniel/ops-hls-batching-tiling-artifacts/codegen_apps/tiling/poisson2d/u280_project/maxtile_8192_p60/hls/build/hw/temp_dir/datamover_outerloop_0/datamover_outerloop_0/datamover_outerloop_0/solution/.autopilot/db/datamover_outerloop_0.pp.0.cpp:36890:2: note: FIX-IT applied suggested code changes
/scratch/hpc-prf-acgasm/beniel/ops-hls-batching-tiling-artifacts/codegen_apps/tiling/poisson2d/u280_project/maxtile_8192_p60/hls/build/hw/temp_dir/datamover_outerloop_0/datamover_outerloop_0/datamover_outerloop_0/solution/.autopilot/db/datamover_outerloop_0.pp.0.cpp:36936:2: warning: Added loop label VITIS_LOOP_7330_1:   [xilinx-label-all-loops]
 for (unsigned short k = range.start[2]; k < range.end[2]; k++)
 ^~~
 VITIS_LOOP_7330_1: 
/scratch/hpc-prf-acgasm/beniel/ops-hls-batching-tiling-artifacts/codegen_apps/tiling/poisson2d/u280_project/maxtile_8192_p60/hls/build/hw/temp_dir/datamover_outerloop_0/datamover_outerloop_0/datamover_outerloop_0/solution/.autopilot/db/datamover_outerloop_0.pp.0.cpp:36936:2: note: FIX-IT applied suggested code changes
/scratch/hpc-prf-acgasm/beniel/ops-hls-batching-tiling-artifacts/codegen_apps/tiling/poisson2d/u280_project/maxtile_8192_p60/hls/build/hw/temp_dir/datamover_outerloop_0/datamover_outerloop_0/datamover_outerloop_0/solution/.autopilot/db/datamover_outerloop_0.pp.0.cpp:36938:3: warning: Added loop label VITIS_LOOP_7332_2:   [xilinx-label-all-loops]
  for (unsigned short j = range.start[1]; j < range.end[1]; j++)
  ^~~
  VITIS_LOOP_7332_2: 
/scratch/hpc-prf-acgasm/beniel/ops-hls-batching-tiling-artifacts/codegen_apps/tiling/poisson2d/u280_project/maxtile_8192_p60/hls/build/hw/temp_dir/datamover_outerloop_0/datamover_outerloop_0/datamover_outerloop_0/solution/.autopilot/db/datamover_outerloop_0.pp.0.cpp:36938:3: note: FIX-IT applied suggested code changes
/scratch/hpc-prf-acgasm/beniel/ops-hls-batching-tiling-artifacts/codegen_apps/tiling/poisson2d/u280_project/maxtile_8192_p60/hls/build/hw/temp_dir/datamover_outerloop_0/datamover_outerloop_0/datamover_outerloop_0/solution/.autopilot/db/datamover_outerloop_0.pp.0.cpp:37002:3: warning: Added loop label VITIS_LOOP_7403_1:   [xilinx-label-all-loops]
  for (unsigned short k = range.start[2]; k < range.end[2]; k++)
  ^~~
  VITIS_LOOP_7403_1: 
/scratch/hpc-prf-acgasm/beniel/ops-hls-batching-tiling-artifacts/codegen_apps/tiling/poisson2d/u280_project/maxtile_8192_p60/hls/build/hw/temp_dir/datamover_outerloop_0/datamover_outerloop_0/datamover_outerloop_0/solution/.autopilot/db/datamover_outerloop_0.pp.0.cpp:37002:3: note: FIX-IT applied suggested code changes
/scratch/hpc-prf-acgasm/beniel/ops-hls-batching-tiling-artifacts/codegen_apps/tiling/poisson2d/u280_project/maxtile_8192_p60/hls/build/hw/temp_dir/datamover_outerloop_0/datamover_outerloop_0/datamover_outerloop_0/solution/.autopilot/db/datamover_outerloop_0.pp.0.cpp:37004:4: warning: Added loop label VITIS_LOOP_7405_2:   [xilinx-label-all-loops]
   for (unsigned short j = range.start[1]; j < range.end[1]; j++)
   ^~~
   VITIS_LOOP_7405_2: 
/scratch/hpc-prf-acgasm/beniel/ops-hls-batching-tiling-artifacts/codegen_apps/tiling/poisson2d/u280_project/maxtile_8192_p60/hls/build/hw/temp_dir/datamover_outerloop_0/datamover_outerloop_0/datamover_outerloop_0/solution/.autopilot/db/datamover_outerloop_0.pp.0.cpp:37004:4: note: FIX-IT applied suggested code changes
/scratch/hpc-prf-acgasm/beniel/ops-hls-batching-tiling-artifacts/codegen_apps/tiling/poisson2d/u280_project/maxtile_8192_p60/hls/build/hw/temp_dir/datamover_outerloop_0/datamover_outerloop_0/datamover_outerloop_0/solution/.autopilot/db/datamover_outerloop_0.pp.0.cpp:37098:2: warning: Added loop label VITIS_LOOP_7499_1:   [xilinx-label-all-loops]
 for (unsigned short k = range.start[2]; k < range.end[2]; k++)
 ^~~
 VITIS_LOOP_7499_1: 
/scratch/hpc-prf-acgasm/beniel/ops-hls-batching-tiling-artifacts/codegen_apps/tiling/poisson2d/u280_project/maxtile_8192_p60/hls/build/hw/temp_dir/datamover_outerloop_0/datamover_outerloop_0/datamover_outerloop_0/solution/.autopilot/db/datamover_outerloop_0.pp.0.cpp:37098:2: note: FIX-IT applied suggested code changes
/scratch/hpc-prf-acgasm/beniel/ops-hls-batching-tiling-artifacts/codegen_apps/tiling/poisson2d/u280_project/maxtile_8192_p60/hls/build/hw/temp_dir/datamover_outerloop_0/datamover_outerloop_0/datamover_outerloop_0/solution/.autopilot/db/datamover_outerloop_0.pp.0.cpp:37100:3: warning: Added loop label VITIS_LOOP_7501_2:   [xilinx-label-all-loops]
  for (unsigned short j = range.start[1]; j < range.end[1]; j++)
  ^~~
  VITIS_LOOP_7501_2: 
/scratch/hpc-prf-acgasm/beniel/ops-hls-batching-tiling-artifacts/codegen_apps/tiling/poisson2d/u280_project/maxtile_8192_p60/hls/build/hw/temp_dir/datamover_outerloop_0/datamover_outerloop_0/datamover_outerloop_0/solution/.autopilot/db/datamover_outerloop_0.pp.0.cpp:37100:3: note: FIX-IT applied suggested code changes
/scratch/hpc-prf-acgasm/beniel/ops-hls-batching-tiling-artifacts/codegen_apps/tiling/poisson2d/u280_project/maxtile_8192_p60/hls/build/hw/temp_dir/datamover_outerloop_0/datamover_outerloop_0/datamover_outerloop_0/solution/.autopilot/db/datamover_outerloop_0.pp.0.cpp:37160:2: warning: Added loop label VITIS_LOOP_7578_1:   [xilinx-label-all-loops]
 for (unsigned short k = range.start[2]; k < range.end[2]; k++)
 ^~~
 VITIS_LOOP_7578_1: 
/scratch/hpc-prf-acgasm/beniel/ops-hls-batching-tiling-artifacts/codegen_apps/tiling/poisson2d/u280_project/maxtile_8192_p60/hls/build/hw/temp_dir/datamover_outerloop_0/datamover_outerloop_0/datamover_outerloop_0/solution/.autopilot/db/datamover_outerloop_0.pp.0.cpp:37160:2: note: FIX-IT applied suggested code changes
/scratch/hpc-prf-acgasm/beniel/ops-hls-batching-tiling-artifacts/codegen_apps/tiling/poisson2d/u280_project/maxtile_8192_p60/hls/build/hw/temp_dir/datamover_outerloop_0/datamover_outerloop_0/datamover_outerloop_0/solution/.autopilot/db/datamover_outerloop_0.pp.0.cpp:37162:3: warning: Added loop label VITIS_LOOP_7580_2:   [xilinx-label-all-loops]
  for (unsigned short j = range.start[1]; j < range.end[1]; j++)
  ^~~
  VITIS_LOOP_7580_2: 
/scratch/hpc-prf-acgasm/beniel/ops-hls-batching-tiling-artifacts/codegen_apps/tiling/poisson2d/u280_project/maxtile_8192_p60/hls/build/hw/temp_dir/datamover_outerloop_0/datamover_outerloop_0/datamover_outerloop_0/solution/.autopilot/db/datamover_outerloop_0.pp.0.cpp:37162:3: note: FIX-IT applied suggested code changes
/scratch/hpc-prf-acgasm/beniel/ops-hls-batching-tiling-artifacts/codegen_apps/tiling/poisson2d/u280_project/maxtile_8192_p60/hls/build/hw/temp_dir/datamover_outerloop_0/datamover_outerloop_0/datamover_outerloop_0/solution/.autopilot/db/datamover_outerloop_0.pp.0.cpp:37231:3: warning: Added loop label VITIS_LOOP_7674_1:   [xilinx-label-all-loops]
  for (unsigned short k = range.start[2]; k < range.end[2]; k++)
  ^~~
  VITIS_LOOP_7674_1: 
/scratch/hpc-prf-acgasm/beniel/ops-hls-batching-tiling-artifacts/codegen_apps/tiling/poisson2d/u280_project/maxtile_8192_p60/hls/build/hw/temp_dir/datamover_outerloop_0/datamover_outerloop_0/datamover_outerloop_0/solution/.autopilot/db/datamover_outerloop_0.pp.0.cpp:37231:3: note: FIX-IT applied suggested code changes
/scratch/hpc-prf-acgasm/beniel/ops-hls-batching-tiling-artifacts/codegen_apps/tiling/poisson2d/u280_project/maxtile_8192_p60/hls/build/hw/temp_dir/datamover_outerloop_0/datamover_outerloop_0/datamover_outerloop_0/solution/.autopilot/db/datamover_outerloop_0.pp.0.cpp:37233:4: warning: Added loop label VITIS_LOOP_7676_2:   [xilinx-label-all-loops]
   for (unsigned short j = range.start[1]; j < range.end[1]; j++)
   ^~~
   VITIS_LOOP_7676_2: 
/scratch/hpc-prf-acgasm/beniel/ops-hls-batching-tiling-artifacts/codegen_apps/tiling/poisson2d/u280_project/maxtile_8192_p60/hls/build/hw/temp_dir/datamover_outerloop_0/datamover_outerloop_0/datamover_outerloop_0/solution/.autopilot/db/datamover_outerloop_0.pp.0.cpp:37233:4: note: FIX-IT applied suggested code changes
/scratch/hpc-prf-acgasm/beniel/ops-hls-batching-tiling-artifacts/codegen_apps/tiling/poisson2d/u280_project/maxtile_8192_p60/hls/build/hw/temp_dir/datamover_outerloop_0/datamover_outerloop_0/datamover_outerloop_0/solution/.autopilot/db/datamover_outerloop_0.pp.0.cpp:37314:3: warning: Added loop label VITIS_LOOP_7808_1:   [xilinx-label-all-loops]
  for (unsigned short k = config.start_z; k < config.end_z; k++)
  ^~~
  VITIS_LOOP_7808_1: 
/scratch/hpc-prf-acgasm/beniel/ops-hls-batching-tiling-artifacts/codegen_apps/tiling/poisson2d/u280_project/maxtile_8192_p60/hls/build/hw/temp_dir/datamover_outerloop_0/datamover_outerloop_0/datamover_outerloop_0/solution/.autopilot/db/datamover_outerloop_0.pp.0.cpp:37314:3: note: FIX-IT applied suggested code changes
/scratch/hpc-prf-acgasm/beniel/ops-hls-batching-tiling-artifacts/codegen_apps/tiling/poisson2d/u280_project/maxtile_8192_p60/hls/build/hw/temp_dir/datamover_outerloop_0/datamover_outerloop_0/datamover_outerloop_0/solution/.autopilot/db/datamover_outerloop_0.pp.0.cpp:37316:4: warning: Added loop label VITIS_LOOP_7810_2:   [xilinx-label-all-loops]
   for (unsigned short j = config.start_y; j < config.end_y; j++)
   ^~~
   VITIS_LOOP_7810_2: 
/scratch/hpc-prf-acgasm/beniel/ops-hls-batching-tiling-artifacts/codegen_apps/tiling/poisson2d/u280_project/maxtile_8192_p60/hls/build/hw/temp_dir/datamover_outerloop_0/datamover_outerloop_0/datamover_outerloop_0/solution/.autopilot/db/datamover_outerloop_0.pp.0.cpp:37316:4: note: FIX-IT applied suggested code changes
/scratch/hpc-prf-acgasm/beniel/ops-hls-batching-tiling-artifacts/codegen_apps/tiling/poisson2d/u280_project/maxtile_8192_p60/hls/build/hw/temp_dir/datamover_outerloop_0/datamover_outerloop_0/datamover_outerloop_0/solution/.autopilot/db/datamover_outerloop_0.pp.0.cpp:37493:5: warning: Added loop label VITIS_LOOP_202_1:   [xilinx-label-all-loops]
    while (check != 0) {
    ^~~~~
    VITIS_LOOP_202_1: 
/scratch/hpc-prf-acgasm/beniel/ops-hls-batching-tiling-artifacts/codegen_apps/tiling/poisson2d/u280_project/maxtile_8192_p60/hls/build/hw/temp_dir/datamover_outerloop_0/datamover_outerloop_0/datamover_outerloop_0/solution/.autopilot/db/datamover_outerloop_0.pp.0.cpp:37493:5: note: FIX-IT applied suggested code changes
/scratch/hpc-prf-acgasm/beniel/ops-hls-batching-tiling-artifacts/codegen_apps/tiling/poisson2d/u280_project/maxtile_8192_p60/hls/build/hw/temp_dir/datamover_outerloop_0/datamover_outerloop_0/datamover_outerloop_0/solution/.autopilot/db/datamover_outerloop_0.pp.0.cpp:37565:5: warning: Added loop label VITIS_LOOP_290_1:   [xilinx-label-all-loops]
    while (read_left != 0) {
    ^~~~~
    VITIS_LOOP_290_1: 
/scratch/hpc-prf-acgasm/beniel/ops-hls-batching-tiling-artifacts/codegen_apps/tiling/poisson2d/u280_project/maxtile_8192_p60/hls/build/hw/temp_dir/datamover_outerloop_0/datamover_outerloop_0/datamover_outerloop_0/solution/.autopilot/db/datamover_outerloop_0.pp.0.cpp:37565:5: note: FIX-IT applied suggested code changes
/scratch/hpc-prf-acgasm/beniel/ops-hls-batching-tiling-artifacts/codegen_apps/tiling/poisson2d/u280_project/maxtile_8192_p60/hls/build/hw/temp_dir/datamover_outerloop_0/datamover_outerloop_0/datamover_outerloop_0/solution/.autopilot/db/datamover_outerloop_0.pp.0.cpp:37593:5: warning: Added loop label VITIS_LOOP_348_1:   [xilinx-label-all-loops]
    for (ap_uint<16> z = 0; z < size_z; z++)
    ^~~
    VITIS_LOOP_348_1: 
/scratch/hpc-prf-acgasm/beniel/ops-hls-batching-tiling-artifacts/codegen_apps/tiling/poisson2d/u280_project/maxtile_8192_p60/hls/build/hw/temp_dir/datamover_outerloop_0/datamover_outerloop_0/datamover_outerloop_0/solution/.autopilot/db/datamover_outerloop_0.pp.0.cpp:37593:5: note: FIX-IT applied suggested code changes
/scratch/hpc-prf-acgasm/beniel/ops-hls-batching-tiling-artifacts/codegen_apps/tiling/poisson2d/u280_project/maxtile_8192_p60/hls/build/hw/temp_dir/datamover_outerloop_0/datamover_outerloop_0/datamover_outerloop_0/solution/.autopilot/db/datamover_outerloop_0.pp.0.cpp:37596:9: warning: Added loop label VITIS_LOOP_351_2:   [xilinx-label-all-loops]
        for (ap_uint<16> y = 0; y < size_y; y++)
        ^~~
        VITIS_LOOP_351_2: 
/scratch/hpc-prf-acgasm/beniel/ops-hls-batching-tiling-artifacts/codegen_apps/tiling/poisson2d/u280_project/maxtile_8192_p60/hls/build/hw/temp_dir/datamover_outerloop_0/datamover_outerloop_0/datamover_outerloop_0/solution/.autopilot/db/datamover_outerloop_0.pp.0.cpp:37596:9: note: FIX-IT applied suggested code changes
/scratch/hpc-prf-acgasm/beniel/ops-hls-batching-tiling-artifacts/codegen_apps/tiling/poisson2d/u280_project/maxtile_8192_p60/hls/build/hw/temp_dir/datamover_outerloop_0/datamover_outerloop_0/datamover_outerloop_0/solution/.autopilot/db/datamover_outerloop_0.pp.0.cpp:37599:13: warning: Added loop label VITIS_LOOP_354_3:   [xilinx-label-all-loops]
            for (ap_uint<16> x = 0; x < size_x; x += x_inc)
            ^~~
            VITIS_LOOP_354_3: 
/scratch/hpc-prf-acgasm/beniel/ops-hls-batching-tiling-artifacts/codegen_apps/tiling/poisson2d/u280_project/maxtile_8192_p60/hls/build/hw/temp_dir/datamover_outerloop_0/datamover_outerloop_0/datamover_outerloop_0/solution/.autopilot/db/datamover_outerloop_0.pp.0.cpp:37599:13: note: FIX-IT applied suggested code changes
/scratch/hpc-prf-acgasm/beniel/ops-hls-batching-tiling-artifacts/codegen_apps/tiling/poisson2d/u280_project/maxtile_8192_p60/hls/build/hw/temp_dir/datamover_outerloop_0/datamover_outerloop_0/datamover_outerloop_0/solution/.autopilot/db/datamover_outerloop_0.pp.0.cpp:37703:2: warning: Added loop label VITIS_LOOP_555_1:   [xilinx-label-all-loops]
 for (unsigned short tile_y = 0; tile_y < config.tile_count_y; tile_y++)
 ^~~
 VITIS_LOOP_555_1: 
/scratch/hpc-prf-acgasm/beniel/ops-hls-batching-tiling-artifacts/codegen_apps/tiling/poisson2d/u280_project/maxtile_8192_p60/hls/build/hw/temp_dir/datamover_outerloop_0/datamover_outerloop_0/datamover_outerloop_0/solution/.autopilot/db/datamover_outerloop_0.pp.0.cpp:37703:2: note: FIX-IT applied suggested code changes
/scratch/hpc-prf-acgasm/beniel/ops-hls-batching-tiling-artifacts/codegen_apps/tiling/poisson2d/u280_project/maxtile_8192_p60/hls/build/hw/temp_dir/datamover_outerloop_0/datamover_outerloop_0/datamover_outerloop_0/solution/.autopilot/db/datamover_outerloop_0.pp.0.cpp:37708:9: warning: Added loop label VITIS_LOOP_560_2:   [xilinx-label-all-loops]
        for (unsigned short tile_x = 0; tile_x < config.tile_count_x; tile_x++)
        ^~~
        VITIS_LOOP_560_2: 
/scratch/hpc-prf-acgasm/beniel/ops-hls-batching-tiling-artifacts/codegen_apps/tiling/poisson2d/u280_project/maxtile_8192_p60/hls/build/hw/temp_dir/datamover_outerloop_0/datamover_outerloop_0/datamover_outerloop_0/solution/.autopilot/db/datamover_outerloop_0.pp.0.cpp:37708:9: note: FIX-IT applied suggested code changes
/scratch/hpc-prf-acgasm/beniel/ops-hls-batching-tiling-artifacts/codegen_apps/tiling/poisson2d/u280_project/maxtile_8192_p60/hls/build/hw/temp_dir/datamover_outerloop_0/datamover_outerloop_0/datamover_outerloop_0/solution/.autopilot/db/datamover_outerloop_0.pp.0.cpp:37737:2: warning: Added loop label VITIS_LOOP_622_1:   [xilinx-label-all-loops]
 for (unsigned short tile_y = 0; tile_y < config.tile_count_y; tile_y++)
 ^~~
 VITIS_LOOP_622_1: 
/scratch/hpc-prf-acgasm/beniel/ops-hls-batching-tiling-artifacts/codegen_apps/tiling/poisson2d/u280_project/maxtile_8192_p60/hls/build/hw/temp_dir/datamover_outerloop_0/datamover_outerloop_0/datamover_outerloop_0/solution/.autopilot/db/datamover_outerloop_0.pp.0.cpp:37737:2: note: FIX-IT applied suggested code changes
/scratch/hpc-prf-acgasm/beniel/ops-hls-batching-tiling-artifacts/codegen_apps/tiling/poisson2d/u280_project/maxtile_8192_p60/hls/build/hw/temp_dir/datamover_outerloop_0/datamover_outerloop_0/datamover_outerloop_0/solution/.autopilot/db/datamover_outerloop_0.pp.0.cpp:37742:9: warning: Added loop label VITIS_LOOP_627_2:   [xilinx-label-all-loops]
        for (unsigned short tile_x = 0; tile_x < config.tile_count_x; tile_x++)
        ^~~
        VITIS_LOOP_627_2: 
/scratch/hpc-prf-acgasm/beniel/ops-hls-batching-tiling-artifacts/codegen_apps/tiling/poisson2d/u280_project/maxtile_8192_p60/hls/build/hw/temp_dir/datamover_outerloop_0/datamover_outerloop_0/datamover_outerloop_0/solution/.autopilot/db/datamover_outerloop_0.pp.0.cpp:37742:9: note: FIX-IT applied suggested code changes
/scratch/hpc-prf-acgasm/beniel/ops-hls-batching-tiling-artifacts/codegen_apps/tiling/poisson2d/u280_project/maxtile_8192_p60/hls/build/hw/temp_dir/datamover_outerloop_0/datamover_outerloop_0/datamover_outerloop_0/solution/.autopilot/db/datamover_outerloop_0.pp.0.cpp:38003:5: warning: Added loop label VITIS_LOOP_62_1:   [xilinx-label-all-loops]
    for (unsigned short y = 0; y < size_y; y++)
    ^~~
    VITIS_LOOP_62_1: 
/scratch/hpc-prf-acgasm/beniel/ops-hls-batching-tiling-artifacts/codegen_apps/tiling/poisson2d/u280_project/maxtile_8192_p60/hls/build/hw/temp_dir/datamover_outerloop_0/datamover_outerloop_0/datamover_outerloop_0/solution/.autopilot/db/datamover_outerloop_0.pp.0.cpp:38003:5: note: FIX-IT applied suggested code changes
/scratch/hpc-prf-acgasm/beniel/ops-hls-batching-tiling-artifacts/codegen_apps/tiling/poisson2d/u280_project/maxtile_8192_p60/hls/build/hw/temp_dir/datamover_outerloop_0/datamover_outerloop_0/datamover_outerloop_0/solution/.autopilot/db/datamover_outerloop_0.pp.0.cpp:38059:9: warning: Added loop label VITIS_LOOP_118_1:   [xilinx-label-all-loops]
        for (ap_uint<16> y = 0; y < size_y; y++)
        ^~~
        VITIS_LOOP_118_1: 
/scratch/hpc-prf-acgasm/beniel/ops-hls-batching-tiling-artifacts/codegen_apps/tiling/poisson2d/u280_project/maxtile_8192_p60/hls/build/hw/temp_dir/datamover_outerloop_0/datamover_outerloop_0/datamover_outerloop_0/solution/.autopilot/db/datamover_outerloop_0.pp.0.cpp:38059:9: note: FIX-IT applied suggested code changes
/scratch/hpc-prf-acgasm/beniel/ops-hls-batching-tiling-artifacts/codegen_apps/tiling/poisson2d/u280_project/maxtile_8192_p60/hls/build/hw/temp_dir/datamover_outerloop_0/datamover_outerloop_0/datamover_outerloop_0/solution/.autopilot/db/datamover_outerloop_0.pp.0.cpp:38193:5: warning: Added loop label VITIS_LOOP_274_1:   [xilinx-label-all-loops]
    for (unsigned int i = 0; i < iter_by_2; i++)
    ^~~
    VITIS_LOOP_274_1: 
/scratch/hpc-prf-acgasm/beniel/ops-hls-batching-tiling-artifacts/codegen_apps/tiling/poisson2d/u280_project/maxtile_8192_p60/hls/build/hw/temp_dir/datamover_outerloop_0/datamover_outerloop_0/datamover_outerloop_0/solution/.autopilot/db/datamover_outerloop_0.pp.0.cpp:38193:5: note: FIX-IT applied suggested code changes
