
*** Running vivado
    with args -log ulp_datamover_outerloop_0_1_0.vds -m64 -product Vivado -mode batch -messageDb vivado.pb -notrace -source ulp_datamover_outerloop_0_1_0.tcl


****** Vivado v2022.2 (64-bit)
  **** SW Build 3671981 on Fri Oct 14 04:59:54 MDT 2022
  **** IP Build 3669848 on Fri Oct 14 08:30:02 MDT 2022
    ** Copyright 1986-2022 Xilinx, Inc. All Rights Reserved.

source ulp_datamover_outerloop_0_1_0.tcl -notrace
INFO: Dispatch client connection id - 35685
INFO: [IP_Flow 19-234] Refreshing IP repositories
INFO: [IP_Flow 19-1700] Loaded user IP repository '/home/x_thileeb/repos/ops-hls-batching-new/codegen_apps/tapa_batching/jacobian2d/u280_datacopy_async_project2/_x/link/int/xo/ip_repo/tapa_xrtl_kernel_outerloop_0_1_0'.
INFO: [IP_Flow 19-1700] Loaded user IP repository '/home/x_thileeb/repos/ops-hls-batching-new/codegen_apps/tapa_batching/jacobian2d/u280_datacopy_async_project2/_x/link/int/xo/ip_repo/tapa_xrtl_datamover_outerloop_0_1_0'.
INFO: [IP_Flow 19-1700] Loaded user IP repository '/home/x_thileeb/repos/ops-hls-batching-new/codegen_apps/tapa_batching/jacobian2d/u280_datacopy_async_project2/_x/link/vivado/vpl/.local/hw_platform/iprepo'.
INFO: [IP_Flow 19-1700] Loaded user IP repository '/home/x_thileeb/repos/ops-hls-batching-new/codegen_apps/tapa_batching/jacobian2d/u280_datacopy_async_project2/_x/link/vivado/vpl/.local/hw_platform/ipcache'.
INFO: [IP_Flow 19-1700] Loaded user IP repository '/tools/Xilinx/Vitis/2022.2/data/ip'.
INFO: [IP_Flow 19-2313] Loaded Vivado IP repository '/tools/Xilinx/Vivado/2022.2/data/ip'.
WARNING: [IP_Flow 19-1663] Duplicate IP found for 'xilinx.com:ip:clk_metadata_adapter:1.0'. The one found in IP location '/home/x_thileeb/repos/ops-hls-batching-new/codegen_apps/tapa_batching/jacobian2d/u280_datacopy_async_project2/_x/link/vivado/vpl/.local/hw_platform/iprepo/ipdefs/pxi_ii_infra/clk_metadata_adapter_v1_0' will take precedence over the same IP in location /home/x_thileeb/repos/ops-hls-batching-new/codegen_apps/tapa_batching/jacobian2d/u280_datacopy_async_project2/_x/link/vivado/vpl/.local/hw_platform/iprepo/ipdefs/other_ipdefs/clk_metadata_adapter_v1_0
WARNING: [IP_Flow 19-1663] Duplicate IP found for 'xilinx.com:ip:pipeline_reg:1.0'. The one found in IP location '/home/x_thileeb/repos/ops-hls-batching-new/codegen_apps/tapa_batching/jacobian2d/u280_datacopy_async_project2/_x/link/vivado/vpl/.local/hw_platform/iprepo/ipdefs/pxi_ii_infra/pipeline_reg_v1_0' will take precedence over the same IP in location /home/x_thileeb/repos/ops-hls-batching-new/codegen_apps/tapa_batching/jacobian2d/u280_datacopy_async_project2/_x/link/vivado/vpl/.local/hw_platform/iprepo/ipdefs/other_ipdefs/pipeline_reg_v1_0
WARNING: [IP_Flow 19-1663] Duplicate IP found for 'xilinx.com:ip:shell_utils_build_info:1.0'. The one found in IP location '/home/x_thileeb/repos/ops-hls-batching-new/codegen_apps/tapa_batching/jacobian2d/u280_datacopy_async_project2/_x/link/vivado/vpl/.local/hw_platform/iprepo/ipdefs/other_ipdefs/shell_utils_build_info_v1_0' will take precedence over the same IP in the Xilinx installed IP.
WARNING: [IP_Flow 19-1663] Duplicate IP found for 'xilinx.com:ip:axis_clk_metadata_adapter:1.0'. The one found in IP location '/home/x_thileeb/repos/ops-hls-batching-new/codegen_apps/tapa_batching/jacobian2d/u280_datacopy_async_project2/_x/link/vivado/vpl/.local/hw_platform/iprepo/ipdefs/other_ipdefs/axis_clk_metadata_adapter_v1_0' will take precedence over the same IP in location /home/x_thileeb/repos/ops-hls-batching-new/codegen_apps/tapa_batching/jacobian2d/u280_datacopy_async_project2/_x/link/vivado/vpl/.local/hw_platform/iprepo/ipdefs/pxi_ii_infra/axis_clk_metadata_adapter_v1_0
WARNING: [IP_Flow 19-1663] Duplicate IP found for 'xilinx.com:ip:axi_clk_metadata_adapter:1.0'. The one found in IP location '/home/x_thileeb/repos/ops-hls-batching-new/codegen_apps/tapa_batching/jacobian2d/u280_datacopy_async_project2/_x/link/vivado/vpl/.local/hw_platform/iprepo/ipdefs/other_ipdefs/axi_clk_metadata_adapter_v1_0' will take precedence over the same IP in location /home/x_thileeb/repos/ops-hls-batching-new/codegen_apps/tapa_batching/jacobian2d/u280_datacopy_async_project2/_x/link/vivado/vpl/.local/hw_platform/iprepo/ipdefs/pxi_ii_infra/axi_clk_metadata_adapter_v1_0
INFO: [IP_Flow 19-6924] IPCACHE: Running cache check for IP inst: ulp_datamover_outerloop_0_1_0
Command: synth_design -top ulp_datamover_outerloop_0_1_0 -part xcu280-fsvh2892-2L-e -incremental_mode off -mode out_of_context
Starting synth_design
Attempting to get a license for feature 'Synthesis' and/or device 'xcu280'
INFO: [Common 17-349] Got license for feature 'Synthesis' and/or device 'xcu280'
INFO: [Device 21-403] Loading part xcu280-fsvh2892-2L-e
INFO: [Synth 8-7079] Multithreading enabled for synth_design using a maximum of 1 processes.
INFO: [Synth 8-7078] Launching helper process for spawning children vivado processes
INFO: [Synth 8-7075] Helper process launched with PID 49958
INFO: [Synth 8-11241] undeclared symbol 'REGCCE', assumed default net type 'wire' [/tools/Xilinx/Vivado/2022.2/data/verilog/src/unimacro/BRAM_SINGLE_MACRO.v:2170]
WARNING: [Synth 8-6901] identifier 'S_COUNT' is used before its declaration [/home/x_thileeb/repos/ops-hls-batching-new/codegen_apps/tapa_batching/jacobian2d/u280_datacopy_async_project2/_x/link/vivado/vpl/prj/prj.gen/my_rm/bd/ulp/ipshared/61d8/src/axi_crossbar_2x1.v:46]
WARNING: [Synth 8-11065] parameter 'CL_S_COUNT' becomes localparam in 'axi_crossbar_addr' with formal parameter declaration list [/home/x_thileeb/repos/ops-hls-batching-new/codegen_apps/tapa_batching/jacobian2d/u280_datacopy_async_project2/_x/link/vivado/vpl/prj/prj.gen/my_rm/bd/ulp/ipshared/61d8/src/axi_crossbar_addr.v:112]
WARNING: [Synth 8-11065] parameter 'CL_M_COUNT' becomes localparam in 'axi_crossbar_addr' with formal parameter declaration list [/home/x_thileeb/repos/ops-hls-batching-new/codegen_apps/tapa_batching/jacobian2d/u280_datacopy_async_project2/_x/link/vivado/vpl/prj/prj.gen/my_rm/bd/ulp/ipshared/61d8/src/axi_crossbar_addr.v:113]
WARNING: [Synth 8-11065] parameter 'S_INT_THREADS' becomes localparam in 'axi_crossbar_addr' with formal parameter declaration list [/home/x_thileeb/repos/ops-hls-batching-new/codegen_apps/tapa_batching/jacobian2d/u280_datacopy_async_project2/_x/link/vivado/vpl/prj/prj.gen/my_rm/bd/ulp/ipshared/61d8/src/axi_crossbar_addr.v:115]
WARNING: [Synth 8-11065] parameter 'CL_S_INT_THREADS' becomes localparam in 'axi_crossbar_addr' with formal parameter declaration list [/home/x_thileeb/repos/ops-hls-batching-new/codegen_apps/tapa_batching/jacobian2d/u280_datacopy_async_project2/_x/link/vivado/vpl/prj/prj.gen/my_rm/bd/ulp/ipshared/61d8/src/axi_crossbar_addr.v:116]
WARNING: [Synth 8-11065] parameter 'CL_S_ACCEPT' becomes localparam in 'axi_crossbar_addr' with formal parameter declaration list [/home/x_thileeb/repos/ops-hls-batching-new/codegen_apps/tapa_batching/jacobian2d/u280_datacopy_async_project2/_x/link/vivado/vpl/prj/prj.gen/my_rm/bd/ulp/ipshared/61d8/src/axi_crossbar_addr.v:117]
WARNING: [Synth 8-11065] parameter 'M_BASE_ADDR_INT' becomes localparam in 'axi_crossbar_addr' with formal parameter declaration list [/home/x_thileeb/repos/ops-hls-batching-new/codegen_apps/tapa_batching/jacobian2d/u280_datacopy_async_project2/_x/link/vivado/vpl/prj/prj.gen/my_rm/bd/ulp/ipshared/61d8/src/axi_crossbar_addr.v:144]
WARNING: [Synth 8-11065] parameter 'CL_S_COUNT' becomes localparam in 'axi_crossbar_rd' with formal parameter declaration list [/home/x_thileeb/repos/ops-hls-batching-new/codegen_apps/tapa_batching/jacobian2d/u280_datacopy_async_project2/_x/link/vivado/vpl/prj/prj.gen/my_rm/bd/ulp/ipshared/61d8/src/axi_crossbar_rd.v:148]
WARNING: [Synth 8-11065] parameter 'CL_M_COUNT' becomes localparam in 'axi_crossbar_rd' with formal parameter declaration list [/home/x_thileeb/repos/ops-hls-batching-new/codegen_apps/tapa_batching/jacobian2d/u280_datacopy_async_project2/_x/link/vivado/vpl/prj/prj.gen/my_rm/bd/ulp/ipshared/61d8/src/axi_crossbar_rd.v:149]
WARNING: [Synth 8-11065] parameter 'M_COUNT_P1' becomes localparam in 'axi_crossbar_rd' with formal parameter declaration list [/home/x_thileeb/repos/ops-hls-batching-new/codegen_apps/tapa_batching/jacobian2d/u280_datacopy_async_project2/_x/link/vivado/vpl/prj/prj.gen/my_rm/bd/ulp/ipshared/61d8/src/axi_crossbar_rd.v:150]
WARNING: [Synth 8-11065] parameter 'CL_M_COUNT_P1' becomes localparam in 'axi_crossbar_rd' with formal parameter declaration list [/home/x_thileeb/repos/ops-hls-batching-new/codegen_apps/tapa_batching/jacobian2d/u280_datacopy_async_project2/_x/link/vivado/vpl/prj/prj.gen/my_rm/bd/ulp/ipshared/61d8/src/axi_crossbar_rd.v:151]
WARNING: [Synth 8-11065] parameter 'CL_S_COUNT' becomes localparam in 'axi_crossbar_wr' with formal parameter declaration list [/home/x_thileeb/repos/ops-hls-batching-new/codegen_apps/tapa_batching/jacobian2d/u280_datacopy_async_project2/_x/link/vivado/vpl/prj/prj.gen/my_rm/bd/ulp/ipshared/61d8/src/axi_crossbar_wr.v:166]
WARNING: [Synth 8-11065] parameter 'CL_M_COUNT' becomes localparam in 'axi_crossbar_wr' with formal parameter declaration list [/home/x_thileeb/repos/ops-hls-batching-new/codegen_apps/tapa_batching/jacobian2d/u280_datacopy_async_project2/_x/link/vivado/vpl/prj/prj.gen/my_rm/bd/ulp/ipshared/61d8/src/axi_crossbar_wr.v:167]
WARNING: [Synth 8-11065] parameter 'M_COUNT_P1' becomes localparam in 'axi_crossbar_wr' with formal parameter declaration list [/home/x_thileeb/repos/ops-hls-batching-new/codegen_apps/tapa_batching/jacobian2d/u280_datacopy_async_project2/_x/link/vivado/vpl/prj/prj.gen/my_rm/bd/ulp/ipshared/61d8/src/axi_crossbar_wr.v:168]
WARNING: [Synth 8-11065] parameter 'CL_M_COUNT_P1' becomes localparam in 'axi_crossbar_wr' with formal parameter declaration list [/home/x_thileeb/repos/ops-hls-batching-new/codegen_apps/tapa_batching/jacobian2d/u280_datacopy_async_project2/_x/link/vivado/vpl/prj/prj.gen/my_rm/bd/ulp/ipshared/61d8/src/axi_crossbar_wr.v:169]
INFO: [Synth 8-11241] undeclared symbol 'task_pingpong_mem2stream_0__ap_start', assumed default net type 'wire' [/home/x_thileeb/repos/ops-hls-batching-new/codegen_apps/tapa_batching/jacobian2d/u280_datacopy_async_project2/_x/link/vivado/vpl/prj/prj.gen/my_rm/bd/ulp/ipshared/61d8/src/datamover_outerloop_0_fsm.v:89]
WARNING: [Synth 8-8895] 'task_pingpong_mem2stream_0__ap_start' is already implicitly declared on line 89 [/home/x_thileeb/repos/ops-hls-batching-new/codegen_apps/tapa_batching/jacobian2d/u280_datacopy_async_project2/_x/link/vivado/vpl/prj/prj.gen/my_rm/bd/ulp/ipshared/61d8/src/datamover_outerloop_0_fsm.v:90]
INFO: [Synth 8-11241] undeclared symbol 'task_pingpong_stream2mem_0__ap_start', assumed default net type 'wire' [/home/x_thileeb/repos/ops-hls-batching-new/codegen_apps/tapa_batching/jacobian2d/u280_datacopy_async_project2/_x/link/vivado/vpl/prj/prj.gen/my_rm/bd/ulp/ipshared/61d8/src/datamover_outerloop_0_fsm.v:139]
WARNING: [Synth 8-8895] 'task_pingpong_stream2mem_0__ap_start' is already implicitly declared on line 139 [/home/x_thileeb/repos/ops-hls-batching-new/codegen_apps/tapa_batching/jacobian2d/u280_datacopy_async_project2/_x/link/vivado/vpl/prj/prj.gen/my_rm/bd/ulp/ipshared/61d8/src/datamover_outerloop_0_fsm.v:140]
INFO: [Synth 8-11241] undeclared symbol 'task_stepdown_0__ap_start', assumed default net type 'wire' [/home/x_thileeb/repos/ops-hls-batching-new/codegen_apps/tapa_batching/jacobian2d/u280_datacopy_async_project2/_x/link/vivado/vpl/prj/prj.gen/my_rm/bd/ulp/ipshared/61d8/src/datamover_outerloop_0_fsm.v:185]
WARNING: [Synth 8-8895] 'task_stepdown_0__ap_start' is already implicitly declared on line 185 [/home/x_thileeb/repos/ops-hls-batching-new/codegen_apps/tapa_batching/jacobian2d/u280_datacopy_async_project2/_x/link/vivado/vpl/prj/prj.gen/my_rm/bd/ulp/ipshared/61d8/src/datamover_outerloop_0_fsm.v:186]
INFO: [Synth 8-11241] undeclared symbol 'task_stepup_0__ap_start', assumed default net type 'wire' [/home/x_thileeb/repos/ops-hls-batching-new/codegen_apps/tapa_batching/jacobian2d/u280_datacopy_async_project2/_x/link/vivado/vpl/prj/prj.gen/my_rm/bd/ulp/ipshared/61d8/src/datamover_outerloop_0_fsm.v:231]
WARNING: [Synth 8-8895] 'task_stepup_0__ap_start' is already implicitly declared on line 231 [/home/x_thileeb/repos/ops-hls-batching-new/codegen_apps/tapa_batching/jacobian2d/u280_datacopy_async_project2/_x/link/vivado/vpl/prj/prj.gen/my_rm/bd/ulp/ipshared/61d8/src/datamover_outerloop_0_fsm.v:232]
WARNING: [Synth 8-6901] identifier 'ap_start__q0' is used before its declaration [/home/x_thileeb/repos/ops-hls-batching-new/codegen_apps/tapa_batching/jacobian2d/u280_datacopy_async_project2/_x/link/vivado/vpl/prj/prj.gen/my_rm/bd/ulp/ipshared/61d8/src/datamover_outerloop_0_fsm.v:54]
WARNING: [Synth 8-6901] identifier 'task_pingpong_mem2stream_0__state' is used before its declaration [/home/x_thileeb/repos/ops-hls-batching-new/codegen_apps/tapa_batching/jacobian2d/u280_datacopy_async_project2/_x/link/vivado/vpl/prj/prj.gen/my_rm/bd/ulp/ipshared/61d8/src/datamover_outerloop_0_fsm.v:56]
WARNING: [Synth 8-6901] identifier 'ap_done__q0' is used before its declaration [/home/x_thileeb/repos/ops-hls-batching-new/codegen_apps/tapa_batching/jacobian2d/u280_datacopy_async_project2/_x/link/vivado/vpl/prj/prj.gen/my_rm/bd/ulp/ipshared/61d8/src/datamover_outerloop_0_fsm.v:58]
WARNING: [Synth 8-6901] identifier 'task_pingpong_mem2stream_0__state' is used before its declaration [/home/x_thileeb/repos/ops-hls-batching-new/codegen_apps/tapa_batching/jacobian2d/u280_datacopy_async_project2/_x/link/vivado/vpl/prj/prj.gen/my_rm/bd/ulp/ipshared/61d8/src/datamover_outerloop_0_fsm.v:61]
WARNING: [Synth 8-6901] identifier 'task_pingpong_mem2stream_0__state' is used before its declaration [/home/x_thileeb/repos/ops-hls-batching-new/codegen_apps/tapa_batching/jacobian2d/u280_datacopy_async_project2/_x/link/vivado/vpl/prj/prj.gen/my_rm/bd/ulp/ipshared/61d8/src/datamover_outerloop_0_fsm.v:63]
WARNING: [Synth 8-6901] identifier 'task_pingpong_mem2stream_0__state' is used before its declaration [/home/x_thileeb/repos/ops-hls-batching-new/codegen_apps/tapa_batching/jacobian2d/u280_datacopy_async_project2/_x/link/vivado/vpl/prj/prj.gen/my_rm/bd/ulp/ipshared/61d8/src/datamover_outerloop_0_fsm.v:65]
WARNING: [Synth 8-6901] identifier 'task_pingpong_mem2stream_0__state' is used before its declaration [/home/x_thileeb/repos/ops-hls-batching-new/codegen_apps/tapa_batching/jacobian2d/u280_datacopy_async_project2/_x/link/vivado/vpl/prj/prj.gen/my_rm/bd/ulp/ipshared/61d8/src/datamover_outerloop_0_fsm.v:68]
WARNING: [Synth 8-6901] identifier 'task_pingpong_mem2stream_0__state' is used before its declaration [/home/x_thileeb/repos/ops-hls-batching-new/codegen_apps/tapa_batching/jacobian2d/u280_datacopy_async_project2/_x/link/vivado/vpl/prj/prj.gen/my_rm/bd/ulp/ipshared/61d8/src/datamover_outerloop_0_fsm.v:71]
WARNING: [Synth 8-6901] identifier 'task_pingpong_mem2stream_0__state' is used before its declaration [/home/x_thileeb/repos/ops-hls-batching-new/codegen_apps/tapa_batching/jacobian2d/u280_datacopy_async_project2/_x/link/vivado/vpl/prj/prj.gen/my_rm/bd/ulp/ipshared/61d8/src/datamover_outerloop_0_fsm.v:73]
WARNING: [Synth 8-6901] identifier 'task_pingpong_mem2stream_0__state' is used before its declaration [/home/x_thileeb/repos/ops-hls-batching-new/codegen_apps/tapa_batching/jacobian2d/u280_datacopy_async_project2/_x/link/vivado/vpl/prj/prj.gen/my_rm/bd/ulp/ipshared/61d8/src/datamover_outerloop_0_fsm.v:77]
WARNING: [Synth 8-6901] identifier 'task_pingpong_mem2stream_0__state' is used before its declaration [/home/x_thileeb/repos/ops-hls-batching-new/codegen_apps/tapa_batching/jacobian2d/u280_datacopy_async_project2/_x/link/vivado/vpl/prj/prj.gen/my_rm/bd/ulp/ipshared/61d8/src/datamover_outerloop_0_fsm.v:79]
WARNING: [Synth 8-6901] identifier 'task_pingpong_mem2stream_0__state' is used before its declaration [/home/x_thileeb/repos/ops-hls-batching-new/codegen_apps/tapa_batching/jacobian2d/u280_datacopy_async_project2/_x/link/vivado/vpl/prj/prj.gen/my_rm/bd/ulp/ipshared/61d8/src/datamover_outerloop_0_fsm.v:82]
WARNING: [Synth 8-6901] identifier 'task_pingpong_mem2stream_0__state' is used before its declaration [/home/x_thileeb/repos/ops-hls-batching-new/codegen_apps/tapa_batching/jacobian2d/u280_datacopy_async_project2/_x/link/vivado/vpl/prj/prj.gen/my_rm/bd/ulp/ipshared/61d8/src/datamover_outerloop_0_fsm.v:84]
WARNING: [Synth 8-6901] identifier 'task_pingpong_mem2stream_0__state' is used before its declaration [/home/x_thileeb/repos/ops-hls-batching-new/codegen_apps/tapa_batching/jacobian2d/u280_datacopy_async_project2/_x/link/vivado/vpl/prj/prj.gen/my_rm/bd/ulp/ipshared/61d8/src/datamover_outerloop_0_fsm.v:89]
WARNING: [Synth 8-6901] identifier 'ap_start__q0' is used before its declaration [/home/x_thileeb/repos/ops-hls-batching-new/codegen_apps/tapa_batching/jacobian2d/u280_datacopy_async_project2/_x/link/vivado/vpl/prj/prj.gen/my_rm/bd/ulp/ipshared/61d8/src/datamover_outerloop_0_fsm.v:104]
WARNING: [Synth 8-6901] identifier 'task_pingpong_stream2mem_0__state' is used before its declaration [/home/x_thileeb/repos/ops-hls-batching-new/codegen_apps/tapa_batching/jacobian2d/u280_datacopy_async_project2/_x/link/vivado/vpl/prj/prj.gen/my_rm/bd/ulp/ipshared/61d8/src/datamover_outerloop_0_fsm.v:106]
WARNING: [Synth 8-6901] identifier 'ap_done__q0' is used before its declaration [/home/x_thileeb/repos/ops-hls-batching-new/codegen_apps/tapa_batching/jacobian2d/u280_datacopy_async_project2/_x/link/vivado/vpl/prj/prj.gen/my_rm/bd/ulp/ipshared/61d8/src/datamover_outerloop_0_fsm.v:108]
WARNING: [Synth 8-6901] identifier 'task_pingpong_stream2mem_0__state' is used before its declaration [/home/x_thileeb/repos/ops-hls-batching-new/codegen_apps/tapa_batching/jacobian2d/u280_datacopy_async_project2/_x/link/vivado/vpl/prj/prj.gen/my_rm/bd/ulp/ipshared/61d8/src/datamover_outerloop_0_fsm.v:111]
WARNING: [Synth 8-6901] identifier 'task_pingpong_stream2mem_0__state' is used before its declaration [/home/x_thileeb/repos/ops-hls-batching-new/codegen_apps/tapa_batching/jacobian2d/u280_datacopy_async_project2/_x/link/vivado/vpl/prj/prj.gen/my_rm/bd/ulp/ipshared/61d8/src/datamover_outerloop_0_fsm.v:113]
WARNING: [Synth 8-6901] identifier 'task_pingpong_stream2mem_0__state' is used before its declaration [/home/x_thileeb/repos/ops-hls-batching-new/codegen_apps/tapa_batching/jacobian2d/u280_datacopy_async_project2/_x/link/vivado/vpl/prj/prj.gen/my_rm/bd/ulp/ipshared/61d8/src/datamover_outerloop_0_fsm.v:115]
WARNING: [Synth 8-6901] identifier 'task_pingpong_stream2mem_0__state' is used before its declaration [/home/x_thileeb/repos/ops-hls-batching-new/codegen_apps/tapa_batching/jacobian2d/u280_datacopy_async_project2/_x/link/vivado/vpl/prj/prj.gen/my_rm/bd/ulp/ipshared/61d8/src/datamover_outerloop_0_fsm.v:118]
WARNING: [Synth 8-6901] identifier 'task_pingpong_stream2mem_0__state' is used before its declaration [/home/x_thileeb/repos/ops-hls-batching-new/codegen_apps/tapa_batching/jacobian2d/u280_datacopy_async_project2/_x/link/vivado/vpl/prj/prj.gen/my_rm/bd/ulp/ipshared/61d8/src/datamover_outerloop_0_fsm.v:121]
WARNING: [Synth 8-6901] identifier 'task_pingpong_stream2mem_0__state' is used before its declaration [/home/x_thileeb/repos/ops-hls-batching-new/codegen_apps/tapa_batching/jacobian2d/u280_datacopy_async_project2/_x/link/vivado/vpl/prj/prj.gen/my_rm/bd/ulp/ipshared/61d8/src/datamover_outerloop_0_fsm.v:123]
WARNING: [Synth 8-6901] identifier 'task_pingpong_stream2mem_0__state' is used before its declaration [/home/x_thileeb/repos/ops-hls-batching-new/codegen_apps/tapa_batching/jacobian2d/u280_datacopy_async_project2/_x/link/vivado/vpl/prj/prj.gen/my_rm/bd/ulp/ipshared/61d8/src/datamover_outerloop_0_fsm.v:127]
WARNING: [Synth 8-6901] identifier 'task_pingpong_stream2mem_0__state' is used before its declaration [/home/x_thileeb/repos/ops-hls-batching-new/codegen_apps/tapa_batching/jacobian2d/u280_datacopy_async_project2/_x/link/vivado/vpl/prj/prj.gen/my_rm/bd/ulp/ipshared/61d8/src/datamover_outerloop_0_fsm.v:129]
WARNING: [Synth 8-6901] identifier 'task_pingpong_stream2mem_0__state' is used before its declaration [/home/x_thileeb/repos/ops-hls-batching-new/codegen_apps/tapa_batching/jacobian2d/u280_datacopy_async_project2/_x/link/vivado/vpl/prj/prj.gen/my_rm/bd/ulp/ipshared/61d8/src/datamover_outerloop_0_fsm.v:132]
WARNING: [Synth 8-6901] identifier 'task_pingpong_stream2mem_0__state' is used before its declaration [/home/x_thileeb/repos/ops-hls-batching-new/codegen_apps/tapa_batching/jacobian2d/u280_datacopy_async_project2/_x/link/vivado/vpl/prj/prj.gen/my_rm/bd/ulp/ipshared/61d8/src/datamover_outerloop_0_fsm.v:134]
WARNING: [Synth 8-6901] identifier 'task_pingpong_stream2mem_0__state' is used before its declaration [/home/x_thileeb/repos/ops-hls-batching-new/codegen_apps/tapa_batching/jacobian2d/u280_datacopy_async_project2/_x/link/vivado/vpl/prj/prj.gen/my_rm/bd/ulp/ipshared/61d8/src/datamover_outerloop_0_fsm.v:139]
WARNING: [Synth 8-6901] identifier 'ap_start__q0' is used before its declaration [/home/x_thileeb/repos/ops-hls-batching-new/codegen_apps/tapa_batching/jacobian2d/u280_datacopy_async_project2/_x/link/vivado/vpl/prj/prj.gen/my_rm/bd/ulp/ipshared/61d8/src/datamover_outerloop_0_fsm.v:150]
WARNING: [Synth 8-6901] identifier 'task_stepdown_0__state' is used before its declaration [/home/x_thileeb/repos/ops-hls-batching-new/codegen_apps/tapa_batching/jacobian2d/u280_datacopy_async_project2/_x/link/vivado/vpl/prj/prj.gen/my_rm/bd/ulp/ipshared/61d8/src/datamover_outerloop_0_fsm.v:152]
WARNING: [Synth 8-6901] identifier 'ap_done__q0' is used before its declaration [/home/x_thileeb/repos/ops-hls-batching-new/codegen_apps/tapa_batching/jacobian2d/u280_datacopy_async_project2/_x/link/vivado/vpl/prj/prj.gen/my_rm/bd/ulp/ipshared/61d8/src/datamover_outerloop_0_fsm.v:154]
WARNING: [Synth 8-6901] identifier 'task_stepdown_0__state' is used before its declaration [/home/x_thileeb/repos/ops-hls-batching-new/codegen_apps/tapa_batching/jacobian2d/u280_datacopy_async_project2/_x/link/vivado/vpl/prj/prj.gen/my_rm/bd/ulp/ipshared/61d8/src/datamover_outerloop_0_fsm.v:157]
WARNING: [Synth 8-6901] identifier 'task_stepdown_0__state' is used before its declaration [/home/x_thileeb/repos/ops-hls-batching-new/codegen_apps/tapa_batching/jacobian2d/u280_datacopy_async_project2/_x/link/vivado/vpl/prj/prj.gen/my_rm/bd/ulp/ipshared/61d8/src/datamover_outerloop_0_fsm.v:159]
WARNING: [Synth 8-6901] identifier 'task_stepdown_0__state' is used before its declaration [/home/x_thileeb/repos/ops-hls-batching-new/codegen_apps/tapa_batching/jacobian2d/u280_datacopy_async_project2/_x/link/vivado/vpl/prj/prj.gen/my_rm/bd/ulp/ipshared/61d8/src/datamover_outerloop_0_fsm.v:161]
WARNING: [Synth 8-6901] identifier 'task_stepdown_0__state' is used before its declaration [/home/x_thileeb/repos/ops-hls-batching-new/codegen_apps/tapa_batching/jacobian2d/u280_datacopy_async_project2/_x/link/vivado/vpl/prj/prj.gen/my_rm/bd/ulp/ipshared/61d8/src/datamover_outerloop_0_fsm.v:164]
WARNING: [Synth 8-6901] identifier 'task_stepdown_0__state' is used before its declaration [/home/x_thileeb/repos/ops-hls-batching-new/codegen_apps/tapa_batching/jacobian2d/u280_datacopy_async_project2/_x/link/vivado/vpl/prj/prj.gen/my_rm/bd/ulp/ipshared/61d8/src/datamover_outerloop_0_fsm.v:167]
WARNING: [Synth 8-6901] identifier 'task_stepdown_0__state' is used before its declaration [/home/x_thileeb/repos/ops-hls-batching-new/codegen_apps/tapa_batching/jacobian2d/u280_datacopy_async_project2/_x/link/vivado/vpl/prj/prj.gen/my_rm/bd/ulp/ipshared/61d8/src/datamover_outerloop_0_fsm.v:169]
WARNING: [Synth 8-6901] identifier 'task_stepdown_0__state' is used before its declaration [/home/x_thileeb/repos/ops-hls-batching-new/codegen_apps/tapa_batching/jacobian2d/u280_datacopy_async_project2/_x/link/vivado/vpl/prj/prj.gen/my_rm/bd/ulp/ipshared/61d8/src/datamover_outerloop_0_fsm.v:173]
WARNING: [Synth 8-6901] identifier 'task_stepdown_0__state' is used before its declaration [/home/x_thileeb/repos/ops-hls-batching-new/codegen_apps/tapa_batching/jacobian2d/u280_datacopy_async_project2/_x/link/vivado/vpl/prj/prj.gen/my_rm/bd/ulp/ipshared/61d8/src/datamover_outerloop_0_fsm.v:175]
WARNING: [Synth 8-6901] identifier 'task_stepdown_0__state' is used before its declaration [/home/x_thileeb/repos/ops-hls-batching-new/codegen_apps/tapa_batching/jacobian2d/u280_datacopy_async_project2/_x/link/vivado/vpl/prj/prj.gen/my_rm/bd/ulp/ipshared/61d8/src/datamover_outerloop_0_fsm.v:178]
WARNING: [Synth 8-6901] identifier 'task_stepdown_0__state' is used before its declaration [/home/x_thileeb/repos/ops-hls-batching-new/codegen_apps/tapa_batching/jacobian2d/u280_datacopy_async_project2/_x/link/vivado/vpl/prj/prj.gen/my_rm/bd/ulp/ipshared/61d8/src/datamover_outerloop_0_fsm.v:180]
WARNING: [Synth 8-6901] identifier 'task_stepdown_0__state' is used before its declaration [/home/x_thileeb/repos/ops-hls-batching-new/codegen_apps/tapa_batching/jacobian2d/u280_datacopy_async_project2/_x/link/vivado/vpl/prj/prj.gen/my_rm/bd/ulp/ipshared/61d8/src/datamover_outerloop_0_fsm.v:185]
WARNING: [Synth 8-6901] identifier 'ap_start__q0' is used before its declaration [/home/x_thileeb/repos/ops-hls-batching-new/codegen_apps/tapa_batching/jacobian2d/u280_datacopy_async_project2/_x/link/vivado/vpl/prj/prj.gen/my_rm/bd/ulp/ipshared/61d8/src/datamover_outerloop_0_fsm.v:196]
WARNING: [Synth 8-6901] identifier 'task_stepup_0__state' is used before its declaration [/home/x_thileeb/repos/ops-hls-batching-new/codegen_apps/tapa_batching/jacobian2d/u280_datacopy_async_project2/_x/link/vivado/vpl/prj/prj.gen/my_rm/bd/ulp/ipshared/61d8/src/datamover_outerloop_0_fsm.v:198]
WARNING: [Synth 8-6901] identifier 'ap_done__q0' is used before its declaration [/home/x_thileeb/repos/ops-hls-batching-new/codegen_apps/tapa_batching/jacobian2d/u280_datacopy_async_project2/_x/link/vivado/vpl/prj/prj.gen/my_rm/bd/ulp/ipshared/61d8/src/datamover_outerloop_0_fsm.v:200]
WARNING: [Synth 8-6901] identifier 'task_stepup_0__state' is used before its declaration [/home/x_thileeb/repos/ops-hls-batching-new/codegen_apps/tapa_batching/jacobian2d/u280_datacopy_async_project2/_x/link/vivado/vpl/prj/prj.gen/my_rm/bd/ulp/ipshared/61d8/src/datamover_outerloop_0_fsm.v:203]
WARNING: [Synth 8-6901] identifier 'task_stepup_0__state' is used before its declaration [/home/x_thileeb/repos/ops-hls-batching-new/codegen_apps/tapa_batching/jacobian2d/u280_datacopy_async_project2/_x/link/vivado/vpl/prj/prj.gen/my_rm/bd/ulp/ipshared/61d8/src/datamover_outerloop_0_fsm.v:205]
WARNING: [Synth 8-6901] identifier 'task_stepup_0__state' is used before its declaration [/home/x_thileeb/repos/ops-hls-batching-new/codegen_apps/tapa_batching/jacobian2d/u280_datacopy_async_project2/_x/link/vivado/vpl/prj/prj.gen/my_rm/bd/ulp/ipshared/61d8/src/datamover_outerloop_0_fsm.v:207]
WARNING: [Synth 8-6901] identifier 'task_stepup_0__state' is used before its declaration [/home/x_thileeb/repos/ops-hls-batching-new/codegen_apps/tapa_batching/jacobian2d/u280_datacopy_async_project2/_x/link/vivado/vpl/prj/prj.gen/my_rm/bd/ulp/ipshared/61d8/src/datamover_outerloop_0_fsm.v:210]
WARNING: [Synth 8-6901] identifier 'task_stepup_0__state' is used before its declaration [/home/x_thileeb/repos/ops-hls-batching-new/codegen_apps/tapa_batching/jacobian2d/u280_datacopy_async_project2/_x/link/vivado/vpl/prj/prj.gen/my_rm/bd/ulp/ipshared/61d8/src/datamover_outerloop_0_fsm.v:213]
WARNING: [Synth 8-6901] identifier 'task_stepup_0__state' is used before its declaration [/home/x_thileeb/repos/ops-hls-batching-new/codegen_apps/tapa_batching/jacobian2d/u280_datacopy_async_project2/_x/link/vivado/vpl/prj/prj.gen/my_rm/bd/ulp/ipshared/61d8/src/datamover_outerloop_0_fsm.v:215]
WARNING: [Synth 8-6901] identifier 'task_stepup_0__state' is used before its declaration [/home/x_thileeb/repos/ops-hls-batching-new/codegen_apps/tapa_batching/jacobian2d/u280_datacopy_async_project2/_x/link/vivado/vpl/prj/prj.gen/my_rm/bd/ulp/ipshared/61d8/src/datamover_outerloop_0_fsm.v:219]
WARNING: [Synth 8-6901] identifier 'task_stepup_0__state' is used before its declaration [/home/x_thileeb/repos/ops-hls-batching-new/codegen_apps/tapa_batching/jacobian2d/u280_datacopy_async_project2/_x/link/vivado/vpl/prj/prj.gen/my_rm/bd/ulp/ipshared/61d8/src/datamover_outerloop_0_fsm.v:221]
WARNING: [Synth 8-6901] identifier 'task_stepup_0__state' is used before its declaration [/home/x_thileeb/repos/ops-hls-batching-new/codegen_apps/tapa_batching/jacobian2d/u280_datacopy_async_project2/_x/link/vivado/vpl/prj/prj.gen/my_rm/bd/ulp/ipshared/61d8/src/datamover_outerloop_0_fsm.v:224]
WARNING: [Synth 8-6901] identifier 'task_stepup_0__state' is used before its declaration [/home/x_thileeb/repos/ops-hls-batching-new/codegen_apps/tapa_batching/jacobian2d/u280_datacopy_async_project2/_x/link/vivado/vpl/prj/prj.gen/my_rm/bd/ulp/ipshared/61d8/src/datamover_outerloop_0_fsm.v:226]
WARNING: [Synth 8-6901] identifier 'task_stepup_0__state' is used before its declaration [/home/x_thileeb/repos/ops-hls-batching-new/codegen_apps/tapa_batching/jacobian2d/u280_datacopy_async_project2/_x/link/vivado/vpl/prj/prj.gen/my_rm/bd/ulp/ipshared/61d8/src/datamover_outerloop_0_fsm.v:231]
WARNING: [Synth 8-6901] identifier 'ap_start__q0' is used before its declaration [/home/x_thileeb/repos/ops-hls-batching-new/codegen_apps/tapa_batching/jacobian2d/u280_datacopy_async_project2/_x/link/vivado/vpl/prj/prj.gen/my_rm/bd/ulp/ipshared/61d8/src/datamover_outerloop_0_fsm.v:283]
WARNING: [Synth 8-6901] identifier 'ap_done__q0' is used before its declaration [/home/x_thileeb/repos/ops-hls-batching-new/codegen_apps/tapa_batching/jacobian2d/u280_datacopy_async_project2/_x/link/vivado/vpl/prj/prj.gen/my_rm/bd/ulp/ipshared/61d8/src/datamover_outerloop_0_fsm.v:299]
WARNING: [Synth 8-6901] identifier 'ap_done__q0' is used before its declaration [/home/x_thileeb/repos/ops-hls-batching-new/codegen_apps/tapa_batching/jacobian2d/u280_datacopy_async_project2/_x/link/vivado/vpl/prj/prj.gen/my_rm/bd/ulp/ipshared/61d8/src/datamover_outerloop_0_fsm.v:300]
WARNING: [Synth 8-11065] parameter 'REAL_DEPTH' becomes localparam in 'fifo_srl' with formal parameter declaration list [/home/x_thileeb/repos/ops-hls-batching-new/codegen_apps/tapa_batching/jacobian2d/u280_datacopy_async_project2/_x/link/vivado/vpl/prj/prj.gen/my_rm/bd/ulp/ipshared/61d8/src/fifo_srl.v:30]
WARNING: [Synth 8-11065] parameter 'REAL_ADDR_WIDTH' becomes localparam in 'fifo_srl' with formal parameter declaration list [/home/x_thileeb/repos/ops-hls-batching-new/codegen_apps/tapa_batching/jacobian2d/u280_datacopy_async_project2/_x/link/vivado/vpl/prj/prj.gen/my_rm/bd/ulp/ipshared/61d8/src/fifo_srl.v:31]
WARNING: [Synth 8-11065] parameter 'LEVELS' becomes localparam in 'priority_encoder' with formal parameter declaration list [/home/x_thileeb/repos/ops-hls-batching-new/codegen_apps/tapa_batching/jacobian2d/u280_datacopy_async_project2/_x/link/vivado/vpl/prj/prj.gen/my_rm/bd/ulp/ipshared/61d8/src/priority_encoder.v:47]
WARNING: [Synth 8-11065] parameter 'W' becomes localparam in 'priority_encoder' with formal parameter declaration list [/home/x_thileeb/repos/ops-hls-batching-new/codegen_apps/tapa_batching/jacobian2d/u280_datacopy_async_project2/_x/link/vivado/vpl/prj/prj.gen/my_rm/bd/ulp/ipshared/61d8/src/priority_encoder.v:48]
WARNING: [Synth 8-11065] parameter 'GRACE_PERIOD' becomes localparam in 'relay_station' with formal parameter declaration list [/home/x_thileeb/repos/ops-hls-batching-new/codegen_apps/tapa_batching/jacobian2d/u280_datacopy_async_project2/_x/link/vivado/vpl/prj/prj.gen/my_rm/bd/ulp/ipshared/61d8/src/relay_station.v:37]
WARNING: [Synth 8-11065] parameter 'REAL_DEPTH' becomes localparam in 'relay_station' with formal parameter declaration list [/home/x_thileeb/repos/ops-hls-batching-new/codegen_apps/tapa_batching/jacobian2d/u280_datacopy_async_project2/_x/link/vivado/vpl/prj/prj.gen/my_rm/bd/ulp/ipshared/61d8/src/relay_station.v:38]
WARNING: [Synth 8-11065] parameter 'REAL_ADDR_WIDTH' becomes localparam in 'relay_station' with formal parameter declaration list [/home/x_thileeb/repos/ops-hls-batching-new/codegen_apps/tapa_batching/jacobian2d/u280_datacopy_async_project2/_x/link/vivado/vpl/prj/prj.gen/my_rm/bd/ulp/ipshared/61d8/src/relay_station.v:39]
WARNING: [Synth 8-11065] parameter 'REAL_DEPTH' becomes localparam in 'fifo_srl_almost_full' with formal parameter declaration list [/home/x_thileeb/repos/ops-hls-batching-new/codegen_apps/tapa_batching/jacobian2d/u280_datacopy_async_project2/_x/link/vivado/vpl/prj/prj.gen/my_rm/bd/ulp/ipshared/61d8/src/relay_station.v:273]
WARNING: [Synth 8-11065] parameter 'REAL_ADDR_WIDTH' becomes localparam in 'fifo_srl_almost_full' with formal parameter declaration list [/home/x_thileeb/repos/ops-hls-batching-new/codegen_apps/tapa_batching/jacobian2d/u280_datacopy_async_project2/_x/link/vivado/vpl/prj/prj.gen/my_rm/bd/ulp/ipshared/61d8/src/relay_station.v:274]
---------------------------------------------------------------------------------
Starting RTL Elaboration : Time (s): cpu = 00:00:03 ; elapsed = 00:00:04 . Memory (MB): peak = 3468.461 ; gain = 354.637 ; free physical = 157573 ; free virtual = 376744
Synthesis current peak Physical Memory [PSS] (MB): peak = 2699.968; parent = 2556.570; children = 143.397
Synthesis current peak Virtual Memory [VSS] (MB): peak = 4448.027; parent = 3475.402; children = 972.625
---------------------------------------------------------------------------------
INFO: [Synth 8-6157] synthesizing module 'ulp_datamover_outerloop_0_1_0' [/home/x_thileeb/repos/ops-hls-batching-new/codegen_apps/tapa_batching/jacobian2d/u280_datacopy_async_project2/_x/link/vivado/vpl/prj/prj.gen/my_rm/bd/ulp/ip/ulp_datamover_outerloop_0_1_0/synth/ulp_datamover_outerloop_0_1_0.v:53]
INFO: [Synth 8-6157] synthesizing module 'datamover_outerloop_0' [/home/x_thileeb/repos/ops-hls-batching-new/codegen_apps/tapa_batching/jacobian2d/u280_datacopy_async_project2/_x/link/vivado/vpl/prj/prj.gen/my_rm/bd/ulp/ipshared/61d8/src/datamover_outerloop_0.v:8]
INFO: [Synth 8-6157] synthesizing module 'datamover_outerloop_0_control_s_axi' [/home/x_thileeb/repos/ops-hls-batching-new/codegen_apps/tapa_batching/jacobian2d/u280_datacopy_async_project2/_x/link/vivado/vpl/prj/prj.gen/my_rm/bd/ulp/ipshared/61d8/src/datamover_outerloop_0_control_s_axi.v:7]
INFO: [Synth 8-155] case statement is not full and has no default [/home/x_thileeb/repos/ops-hls-batching-new/codegen_apps/tapa_batching/jacobian2d/u280_datacopy_async_project2/_x/link/vivado/vpl/prj/prj.gen/my_rm/bd/ulp/ipshared/61d8/src/datamover_outerloop_0_control_s_axi.v:256]
INFO: [Synth 8-6155] done synthesizing module 'datamover_outerloop_0_control_s_axi' (0#1) [/home/x_thileeb/repos/ops-hls-batching-new/codegen_apps/tapa_batching/jacobian2d/u280_datacopy_async_project2/_x/link/vivado/vpl/prj/prj.gen/my_rm/bd/ulp/ipshared/61d8/src/datamover_outerloop_0_control_s_axi.v:7]
INFO: [Synth 8-6157] synthesizing module 'fifo' [/home/x_thileeb/repos/ops-hls-batching-new/codegen_apps/tapa_batching/jacobian2d/u280_datacopy_async_project2/_x/link/vivado/vpl/prj/prj.gen/my_rm/bd/ulp/ipshared/61d8/src/fifo.v:8]
INFO: [Synth 8-6157] synthesizing module 'fifo_bram' [/home/x_thileeb/repos/ops-hls-batching-new/codegen_apps/tapa_batching/jacobian2d/u280_datacopy_async_project2/_x/link/vivado/vpl/prj/prj.gen/my_rm/bd/ulp/ipshared/61d8/src/fifo_bram.v:9]
INFO: [Synth 8-6155] done synthesizing module 'fifo_bram' (0#1) [/home/x_thileeb/repos/ops-hls-batching-new/codegen_apps/tapa_batching/jacobian2d/u280_datacopy_async_project2/_x/link/vivado/vpl/prj/prj.gen/my_rm/bd/ulp/ipshared/61d8/src/fifo_bram.v:9]
INFO: [Synth 8-6155] done synthesizing module 'fifo' (0#1) [/home/x_thileeb/repos/ops-hls-batching-new/codegen_apps/tapa_batching/jacobian2d/u280_datacopy_async_project2/_x/link/vivado/vpl/prj/prj.gen/my_rm/bd/ulp/ipshared/61d8/src/fifo.v:8]
INFO: [Synth 8-6157] synthesizing module 'fifo__parameterized0' [/home/x_thileeb/repos/ops-hls-batching-new/codegen_apps/tapa_batching/jacobian2d/u280_datacopy_async_project2/_x/link/vivado/vpl/prj/prj.gen/my_rm/bd/ulp/ipshared/61d8/src/fifo.v:8]
INFO: [Synth 8-6157] synthesizing module 'fifo_srl' [/home/x_thileeb/repos/ops-hls-batching-new/codegen_apps/tapa_batching/jacobian2d/u280_datacopy_async_project2/_x/link/vivado/vpl/prj/prj.gen/my_rm/bd/ulp/ipshared/61d8/src/fifo_srl.v:9]
INFO: [Synth 8-6155] done synthesizing module 'fifo_srl' (0#1) [/home/x_thileeb/repos/ops-hls-batching-new/codegen_apps/tapa_batching/jacobian2d/u280_datacopy_async_project2/_x/link/vivado/vpl/prj/prj.gen/my_rm/bd/ulp/ipshared/61d8/src/fifo_srl.v:9]
INFO: [Synth 8-6155] done synthesizing module 'fifo__parameterized0' (0#1) [/home/x_thileeb/repos/ops-hls-batching-new/codegen_apps/tapa_batching/jacobian2d/u280_datacopy_async_project2/_x/link/vivado/vpl/prj/prj.gen/my_rm/bd/ulp/ipshared/61d8/src/fifo.v:8]
INFO: [Synth 8-6157] synthesizing module 'fifo__parameterized1' [/home/x_thileeb/repos/ops-hls-batching-new/codegen_apps/tapa_batching/jacobian2d/u280_datacopy_async_project2/_x/link/vivado/vpl/prj/prj.gen/my_rm/bd/ulp/ipshared/61d8/src/fifo.v:8]
INFO: [Synth 8-6157] synthesizing module 'fifo_srl__parameterized0' [/home/x_thileeb/repos/ops-hls-batching-new/codegen_apps/tapa_batching/jacobian2d/u280_datacopy_async_project2/_x/link/vivado/vpl/prj/prj.gen/my_rm/bd/ulp/ipshared/61d8/src/fifo_srl.v:9]
INFO: [Synth 8-6155] done synthesizing module 'fifo_srl__parameterized0' (0#1) [/home/x_thileeb/repos/ops-hls-batching-new/codegen_apps/tapa_batching/jacobian2d/u280_datacopy_async_project2/_x/link/vivado/vpl/prj/prj.gen/my_rm/bd/ulp/ipshared/61d8/src/fifo_srl.v:9]
INFO: [Synth 8-6155] done synthesizing module 'fifo__parameterized1' (0#1) [/home/x_thileeb/repos/ops-hls-batching-new/codegen_apps/tapa_batching/jacobian2d/u280_datacopy_async_project2/_x/link/vivado/vpl/prj/prj.gen/my_rm/bd/ulp/ipshared/61d8/src/fifo.v:8]
INFO: [Synth 8-6157] synthesizing module 'axi_crossbar_2x1' [/home/x_thileeb/repos/ops-hls-batching-new/codegen_apps/tapa_batching/jacobian2d/u280_datacopy_async_project2/_x/link/vivado/vpl/prj/prj.gen/my_rm/bd/ulp/ipshared/61d8/src/axi_crossbar_2x1.v:34]
INFO: [Synth 8-6157] synthesizing module 'axi_crossbar' [/home/x_thileeb/repos/ops-hls-batching-new/codegen_apps/tapa_batching/jacobian2d/u280_datacopy_async_project2/_x/link/vivado/vpl/prj/prj.gen/my_rm/bd/ulp/ipshared/61d8/src/axi_crossbar.v:34]
INFO: [Synth 8-6157] synthesizing module 'axi_crossbar_wr' [/home/x_thileeb/repos/ops-hls-batching-new/codegen_apps/tapa_batching/jacobian2d/u280_datacopy_async_project2/_x/link/vivado/vpl/prj/prj.gen/my_rm/bd/ulp/ipshared/61d8/src/axi_crossbar_wr.v:34]
INFO: [Synth 8-6157] synthesizing module 'axi_crossbar_addr' [/home/x_thileeb/repos/ops-hls-batching-new/codegen_apps/tapa_batching/jacobian2d/u280_datacopy_async_project2/_x/link/vivado/vpl/prj/prj.gen/my_rm/bd/ulp/ipshared/61d8/src/axi_crossbar_addr.v:34]
INFO: [Synth 8-251] Addressing configuration for axi_crossbar_addr instance  [/home/x_thileeb/repos/ops-hls-batching-new/codegen_apps/tapa_batching/jacobian2d/u280_datacopy_async_project2/_x/link/vivado/vpl/prj/prj.gen/my_rm/bd/ulp/ipshared/61d8/src/axi_crossbar_addr.v:176]
INFO: [Synth 8-251] 0 (0): 0 / 64 -- 0-ffffffffffffffff [/home/x_thileeb/repos/ops-hls-batching-new/codegen_apps/tapa_batching/jacobian2d/u280_datacopy_async_project2/_x/link/vivado/vpl/prj/prj.gen/my_rm/bd/ulp/ipshared/61d8/src/axi_crossbar_addr.v:179]
INFO: [Synth 8-155] case statement is not full and has no default [/home/x_thileeb/repos/ops-hls-batching-new/codegen_apps/tapa_batching/jacobian2d/u280_datacopy_async_project2/_x/link/vivado/vpl/prj/prj.gen/my_rm/bd/ulp/ipshared/61d8/src/axi_crossbar_addr.v:331]
INFO: [Synth 8-6155] done synthesizing module 'axi_crossbar_addr' (0#1) [/home/x_thileeb/repos/ops-hls-batching-new/codegen_apps/tapa_batching/jacobian2d/u280_datacopy_async_project2/_x/link/vivado/vpl/prj/prj.gen/my_rm/bd/ulp/ipshared/61d8/src/axi_crossbar_addr.v:34]
INFO: [Synth 8-6157] synthesizing module 'arbiter' [/home/x_thileeb/repos/ops-hls-batching-new/codegen_apps/tapa_batching/jacobian2d/u280_datacopy_async_project2/_x/link/vivado/vpl/prj/prj.gen/my_rm/bd/ulp/ipshared/61d8/src/arbiter.v:34]
INFO: [Synth 8-6157] synthesizing module 'priority_encoder' [/home/x_thileeb/repos/ops-hls-batching-new/codegen_apps/tapa_batching/jacobian2d/u280_datacopy_async_project2/_x/link/vivado/vpl/prj/prj.gen/my_rm/bd/ulp/ipshared/61d8/src/priority_encoder.v:34]
WARNING: [Synth 8-693] zero replication count - replication ignored [/home/x_thileeb/repos/ops-hls-batching-new/codegen_apps/tapa_batching/jacobian2d/u280_datacopy_async_project2/_x/link/vivado/vpl/prj/prj.gen/my_rm/bd/ulp/ipshared/61d8/src/priority_encoder.v:51]
INFO: [Synth 8-6155] done synthesizing module 'priority_encoder' (0#1) [/home/x_thileeb/repos/ops-hls-batching-new/codegen_apps/tapa_batching/jacobian2d/u280_datacopy_async_project2/_x/link/vivado/vpl/prj/prj.gen/my_rm/bd/ulp/ipshared/61d8/src/priority_encoder.v:34]
INFO: [Synth 8-6155] done synthesizing module 'arbiter' (0#1) [/home/x_thileeb/repos/ops-hls-batching-new/codegen_apps/tapa_batching/jacobian2d/u280_datacopy_async_project2/_x/link/vivado/vpl/prj/prj.gen/my_rm/bd/ulp/ipshared/61d8/src/arbiter.v:34]
INFO: [Synth 8-6157] synthesizing module 'axi_register_wr' [/home/x_thileeb/repos/ops-hls-batching-new/codegen_apps/tapa_batching/jacobian2d/u280_datacopy_async_project2/_x/link/vivado/vpl/prj/prj.gen/my_rm/bd/ulp/ipshared/61d8/src/axi_register_wr.v:34]
INFO: [Synth 8-6155] done synthesizing module 'axi_register_wr' (0#1) [/home/x_thileeb/repos/ops-hls-batching-new/codegen_apps/tapa_batching/jacobian2d/u280_datacopy_async_project2/_x/link/vivado/vpl/prj/prj.gen/my_rm/bd/ulp/ipshared/61d8/src/axi_register_wr.v:34]
INFO: [Synth 8-6157] synthesizing module 'axi_crossbar_addr__parameterized0' [/home/x_thileeb/repos/ops-hls-batching-new/codegen_apps/tapa_batching/jacobian2d/u280_datacopy_async_project2/_x/link/vivado/vpl/prj/prj.gen/my_rm/bd/ulp/ipshared/61d8/src/axi_crossbar_addr.v:34]
INFO: [Synth 8-251] Addressing configuration for axi_crossbar_addr instance  [/home/x_thileeb/repos/ops-hls-batching-new/codegen_apps/tapa_batching/jacobian2d/u280_datacopy_async_project2/_x/link/vivado/vpl/prj/prj.gen/my_rm/bd/ulp/ipshared/61d8/src/axi_crossbar_addr.v:176]
INFO: [Synth 8-251] 0 (0): 0 / 64 -- 0-ffffffffffffffff [/home/x_thileeb/repos/ops-hls-batching-new/codegen_apps/tapa_batching/jacobian2d/u280_datacopy_async_project2/_x/link/vivado/vpl/prj/prj.gen/my_rm/bd/ulp/ipshared/61d8/src/axi_crossbar_addr.v:179]
INFO: [Synth 8-155] case statement is not full and has no default [/home/x_thileeb/repos/ops-hls-batching-new/codegen_apps/tapa_batching/jacobian2d/u280_datacopy_async_project2/_x/link/vivado/vpl/prj/prj.gen/my_rm/bd/ulp/ipshared/61d8/src/axi_crossbar_addr.v:331]
INFO: [Synth 8-6155] done synthesizing module 'axi_crossbar_addr__parameterized0' (0#1) [/home/x_thileeb/repos/ops-hls-batching-new/codegen_apps/tapa_batching/jacobian2d/u280_datacopy_async_project2/_x/link/vivado/vpl/prj/prj.gen/my_rm/bd/ulp/ipshared/61d8/src/axi_crossbar_addr.v:34]
INFO: [Synth 8-6157] synthesizing module 'axi_register_wr__parameterized0' [/home/x_thileeb/repos/ops-hls-batching-new/codegen_apps/tapa_batching/jacobian2d/u280_datacopy_async_project2/_x/link/vivado/vpl/prj/prj.gen/my_rm/bd/ulp/ipshared/61d8/src/axi_register_wr.v:34]
INFO: [Synth 8-6155] done synthesizing module 'axi_register_wr__parameterized0' (0#1) [/home/x_thileeb/repos/ops-hls-batching-new/codegen_apps/tapa_batching/jacobian2d/u280_datacopy_async_project2/_x/link/vivado/vpl/prj/prj.gen/my_rm/bd/ulp/ipshared/61d8/src/axi_register_wr.v:34]
INFO: [Synth 8-6155] done synthesizing module 'axi_crossbar_wr' (0#1) [/home/x_thileeb/repos/ops-hls-batching-new/codegen_apps/tapa_batching/jacobian2d/u280_datacopy_async_project2/_x/link/vivado/vpl/prj/prj.gen/my_rm/bd/ulp/ipshared/61d8/src/axi_crossbar_wr.v:34]
INFO: [Synth 8-6157] synthesizing module 'axi_crossbar_rd' [/home/x_thileeb/repos/ops-hls-batching-new/codegen_apps/tapa_batching/jacobian2d/u280_datacopy_async_project2/_x/link/vivado/vpl/prj/prj.gen/my_rm/bd/ulp/ipshared/61d8/src/axi_crossbar_rd.v:34]
INFO: [Synth 8-6157] synthesizing module 'axi_crossbar_addr__parameterized1' [/home/x_thileeb/repos/ops-hls-batching-new/codegen_apps/tapa_batching/jacobian2d/u280_datacopy_async_project2/_x/link/vivado/vpl/prj/prj.gen/my_rm/bd/ulp/ipshared/61d8/src/axi_crossbar_addr.v:34]
INFO: [Synth 8-251] Addressing configuration for axi_crossbar_addr instance  [/home/x_thileeb/repos/ops-hls-batching-new/codegen_apps/tapa_batching/jacobian2d/u280_datacopy_async_project2/_x/link/vivado/vpl/prj/prj.gen/my_rm/bd/ulp/ipshared/61d8/src/axi_crossbar_addr.v:176]
INFO: [Synth 8-251] 0 (0): 0 / 64 -- 0-ffffffffffffffff [/home/x_thileeb/repos/ops-hls-batching-new/codegen_apps/tapa_batching/jacobian2d/u280_datacopy_async_project2/_x/link/vivado/vpl/prj/prj.gen/my_rm/bd/ulp/ipshared/61d8/src/axi_crossbar_addr.v:179]
INFO: [Synth 8-155] case statement is not full and has no default [/home/x_thileeb/repos/ops-hls-batching-new/codegen_apps/tapa_batching/jacobian2d/u280_datacopy_async_project2/_x/link/vivado/vpl/prj/prj.gen/my_rm/bd/ulp/ipshared/61d8/src/axi_crossbar_addr.v:331]
INFO: [Synth 8-6155] done synthesizing module 'axi_crossbar_addr__parameterized1' (0#1) [/home/x_thileeb/repos/ops-hls-batching-new/codegen_apps/tapa_batching/jacobian2d/u280_datacopy_async_project2/_x/link/vivado/vpl/prj/prj.gen/my_rm/bd/ulp/ipshared/61d8/src/axi_crossbar_addr.v:34]
INFO: [Synth 8-6157] synthesizing module 'axi_register_rd' [/home/x_thileeb/repos/ops-hls-batching-new/codegen_apps/tapa_batching/jacobian2d/u280_datacopy_async_project2/_x/link/vivado/vpl/prj/prj.gen/my_rm/bd/ulp/ipshared/61d8/src/axi_register_rd.v:34]
INFO: [Synth 8-6155] done synthesizing module 'axi_register_rd' (0#1) [/home/x_thileeb/repos/ops-hls-batching-new/codegen_apps/tapa_batching/jacobian2d/u280_datacopy_async_project2/_x/link/vivado/vpl/prj/prj.gen/my_rm/bd/ulp/ipshared/61d8/src/axi_register_rd.v:34]
INFO: [Synth 8-6157] synthesizing module 'axi_crossbar_addr__parameterized2' [/home/x_thileeb/repos/ops-hls-batching-new/codegen_apps/tapa_batching/jacobian2d/u280_datacopy_async_project2/_x/link/vivado/vpl/prj/prj.gen/my_rm/bd/ulp/ipshared/61d8/src/axi_crossbar_addr.v:34]
INFO: [Synth 8-251] Addressing configuration for axi_crossbar_addr instance  [/home/x_thileeb/repos/ops-hls-batching-new/codegen_apps/tapa_batching/jacobian2d/u280_datacopy_async_project2/_x/link/vivado/vpl/prj/prj.gen/my_rm/bd/ulp/ipshared/61d8/src/axi_crossbar_addr.v:176]
INFO: [Synth 8-251] 0 (0): 0 / 64 -- 0-ffffffffffffffff [/home/x_thileeb/repos/ops-hls-batching-new/codegen_apps/tapa_batching/jacobian2d/u280_datacopy_async_project2/_x/link/vivado/vpl/prj/prj.gen/my_rm/bd/ulp/ipshared/61d8/src/axi_crossbar_addr.v:179]
INFO: [Synth 8-155] case statement is not full and has no default [/home/x_thileeb/repos/ops-hls-batching-new/codegen_apps/tapa_batching/jacobian2d/u280_datacopy_async_project2/_x/link/vivado/vpl/prj/prj.gen/my_rm/bd/ulp/ipshared/61d8/src/axi_crossbar_addr.v:331]
INFO: [Synth 8-6155] done synthesizing module 'axi_crossbar_addr__parameterized2' (0#1) [/home/x_thileeb/repos/ops-hls-batching-new/codegen_apps/tapa_batching/jacobian2d/u280_datacopy_async_project2/_x/link/vivado/vpl/prj/prj.gen/my_rm/bd/ulp/ipshared/61d8/src/axi_crossbar_addr.v:34]
INFO: [Synth 8-6157] synthesizing module 'axi_register_rd__parameterized0' [/home/x_thileeb/repos/ops-hls-batching-new/codegen_apps/tapa_batching/jacobian2d/u280_datacopy_async_project2/_x/link/vivado/vpl/prj/prj.gen/my_rm/bd/ulp/ipshared/61d8/src/axi_register_rd.v:34]
INFO: [Synth 8-6155] done synthesizing module 'axi_register_rd__parameterized0' (0#1) [/home/x_thileeb/repos/ops-hls-batching-new/codegen_apps/tapa_batching/jacobian2d/u280_datacopy_async_project2/_x/link/vivado/vpl/prj/prj.gen/my_rm/bd/ulp/ipshared/61d8/src/axi_register_rd.v:34]
INFO: [Synth 8-6155] done synthesizing module 'axi_crossbar_rd' (0#1) [/home/x_thileeb/repos/ops-hls-batching-new/codegen_apps/tapa_batching/jacobian2d/u280_datacopy_async_project2/_x/link/vivado/vpl/prj/prj.gen/my_rm/bd/ulp/ipshared/61d8/src/axi_crossbar_rd.v:34]
INFO: [Synth 8-6155] done synthesizing module 'axi_crossbar' (0#1) [/home/x_thileeb/repos/ops-hls-batching-new/codegen_apps/tapa_batching/jacobian2d/u280_datacopy_async_project2/_x/link/vivado/vpl/prj/prj.gen/my_rm/bd/ulp/ipshared/61d8/src/axi_crossbar.v:34]
INFO: [Synth 8-6155] done synthesizing module 'axi_crossbar_2x1' (0#1) [/home/x_thileeb/repos/ops-hls-batching-new/codegen_apps/tapa_batching/jacobian2d/u280_datacopy_async_project2/_x/link/vivado/vpl/prj/prj.gen/my_rm/bd/ulp/ipshared/61d8/src/axi_crossbar_2x1.v:34]
WARNING: [Synth 8-7071] port 's00_axi_awuser' of module 'axi_crossbar_2x1' is unconnected for instance 'axi_crossbar_2x1__arg0' [/home/x_thileeb/repos/ops-hls-batching-new/codegen_apps/tapa_batching/jacobian2d/u280_datacopy_async_project2/_x/link/vivado/vpl/prj/prj.gen/my_rm/bd/ulp/ipshared/61d8/src/datamover_outerloop_0.v:682]
WARNING: [Synth 8-7071] port 's00_axi_wuser' of module 'axi_crossbar_2x1' is unconnected for instance 'axi_crossbar_2x1__arg0' [/home/x_thileeb/repos/ops-hls-batching-new/codegen_apps/tapa_batching/jacobian2d/u280_datacopy_async_project2/_x/link/vivado/vpl/prj/prj.gen/my_rm/bd/ulp/ipshared/61d8/src/datamover_outerloop_0.v:682]
WARNING: [Synth 8-7071] port 's00_axi_buser' of module 'axi_crossbar_2x1' is unconnected for instance 'axi_crossbar_2x1__arg0' [/home/x_thileeb/repos/ops-hls-batching-new/codegen_apps/tapa_batching/jacobian2d/u280_datacopy_async_project2/_x/link/vivado/vpl/prj/prj.gen/my_rm/bd/ulp/ipshared/61d8/src/datamover_outerloop_0.v:682]
WARNING: [Synth 8-7071] port 's00_axi_aruser' of module 'axi_crossbar_2x1' is unconnected for instance 'axi_crossbar_2x1__arg0' [/home/x_thileeb/repos/ops-hls-batching-new/codegen_apps/tapa_batching/jacobian2d/u280_datacopy_async_project2/_x/link/vivado/vpl/prj/prj.gen/my_rm/bd/ulp/ipshared/61d8/src/datamover_outerloop_0.v:682]
WARNING: [Synth 8-7071] port 's00_axi_ruser' of module 'axi_crossbar_2x1' is unconnected for instance 'axi_crossbar_2x1__arg0' [/home/x_thileeb/repos/ops-hls-batching-new/codegen_apps/tapa_batching/jacobian2d/u280_datacopy_async_project2/_x/link/vivado/vpl/prj/prj.gen/my_rm/bd/ulp/ipshared/61d8/src/datamover_outerloop_0.v:682]
WARNING: [Synth 8-7071] port 's01_axi_awuser' of module 'axi_crossbar_2x1' is unconnected for instance 'axi_crossbar_2x1__arg0' [/home/x_thileeb/repos/ops-hls-batching-new/codegen_apps/tapa_batching/jacobian2d/u280_datacopy_async_project2/_x/link/vivado/vpl/prj/prj.gen/my_rm/bd/ulp/ipshared/61d8/src/datamover_outerloop_0.v:682]
WARNING: [Synth 8-7071] port 's01_axi_wuser' of module 'axi_crossbar_2x1' is unconnected for instance 'axi_crossbar_2x1__arg0' [/home/x_thileeb/repos/ops-hls-batching-new/codegen_apps/tapa_batching/jacobian2d/u280_datacopy_async_project2/_x/link/vivado/vpl/prj/prj.gen/my_rm/bd/ulp/ipshared/61d8/src/datamover_outerloop_0.v:682]
WARNING: [Synth 8-7071] port 's01_axi_buser' of module 'axi_crossbar_2x1' is unconnected for instance 'axi_crossbar_2x1__arg0' [/home/x_thileeb/repos/ops-hls-batching-new/codegen_apps/tapa_batching/jacobian2d/u280_datacopy_async_project2/_x/link/vivado/vpl/prj/prj.gen/my_rm/bd/ulp/ipshared/61d8/src/datamover_outerloop_0.v:682]
WARNING: [Synth 8-7071] port 's01_axi_aruser' of module 'axi_crossbar_2x1' is unconnected for instance 'axi_crossbar_2x1__arg0' [/home/x_thileeb/repos/ops-hls-batching-new/codegen_apps/tapa_batching/jacobian2d/u280_datacopy_async_project2/_x/link/vivado/vpl/prj/prj.gen/my_rm/bd/ulp/ipshared/61d8/src/datamover_outerloop_0.v:682]
WARNING: [Synth 8-7071] port 's01_axi_ruser' of module 'axi_crossbar_2x1' is unconnected for instance 'axi_crossbar_2x1__arg0' [/home/x_thileeb/repos/ops-hls-batching-new/codegen_apps/tapa_batching/jacobian2d/u280_datacopy_async_project2/_x/link/vivado/vpl/prj/prj.gen/my_rm/bd/ulp/ipshared/61d8/src/datamover_outerloop_0.v:682]
WARNING: [Synth 8-7071] port 'm00_axi_awregion' of module 'axi_crossbar_2x1' is unconnected for instance 'axi_crossbar_2x1__arg0' [/home/x_thileeb/repos/ops-hls-batching-new/codegen_apps/tapa_batching/jacobian2d/u280_datacopy_async_project2/_x/link/vivado/vpl/prj/prj.gen/my_rm/bd/ulp/ipshared/61d8/src/datamover_outerloop_0.v:682]
WARNING: [Synth 8-7071] port 'm00_axi_awuser' of module 'axi_crossbar_2x1' is unconnected for instance 'axi_crossbar_2x1__arg0' [/home/x_thileeb/repos/ops-hls-batching-new/codegen_apps/tapa_batching/jacobian2d/u280_datacopy_async_project2/_x/link/vivado/vpl/prj/prj.gen/my_rm/bd/ulp/ipshared/61d8/src/datamover_outerloop_0.v:682]
WARNING: [Synth 8-7071] port 'm00_axi_wuser' of module 'axi_crossbar_2x1' is unconnected for instance 'axi_crossbar_2x1__arg0' [/home/x_thileeb/repos/ops-hls-batching-new/codegen_apps/tapa_batching/jacobian2d/u280_datacopy_async_project2/_x/link/vivado/vpl/prj/prj.gen/my_rm/bd/ulp/ipshared/61d8/src/datamover_outerloop_0.v:682]
WARNING: [Synth 8-7071] port 'm00_axi_buser' of module 'axi_crossbar_2x1' is unconnected for instance 'axi_crossbar_2x1__arg0' [/home/x_thileeb/repos/ops-hls-batching-new/codegen_apps/tapa_batching/jacobian2d/u280_datacopy_async_project2/_x/link/vivado/vpl/prj/prj.gen/my_rm/bd/ulp/ipshared/61d8/src/datamover_outerloop_0.v:682]
WARNING: [Synth 8-7071] port 'm00_axi_arregion' of module 'axi_crossbar_2x1' is unconnected for instance 'axi_crossbar_2x1__arg0' [/home/x_thileeb/repos/ops-hls-batching-new/codegen_apps/tapa_batching/jacobian2d/u280_datacopy_async_project2/_x/link/vivado/vpl/prj/prj.gen/my_rm/bd/ulp/ipshared/61d8/src/datamover_outerloop_0.v:682]
WARNING: [Synth 8-7071] port 'm00_axi_aruser' of module 'axi_crossbar_2x1' is unconnected for instance 'axi_crossbar_2x1__arg0' [/home/x_thileeb/repos/ops-hls-batching-new/codegen_apps/tapa_batching/jacobian2d/u280_datacopy_async_project2/_x/link/vivado/vpl/prj/prj.gen/my_rm/bd/ulp/ipshared/61d8/src/datamover_outerloop_0.v:682]
WARNING: [Synth 8-7071] port 'm00_axi_ruser' of module 'axi_crossbar_2x1' is unconnected for instance 'axi_crossbar_2x1__arg0' [/home/x_thileeb/repos/ops-hls-batching-new/codegen_apps/tapa_batching/jacobian2d/u280_datacopy_async_project2/_x/link/vivado/vpl/prj/prj.gen/my_rm/bd/ulp/ipshared/61d8/src/datamover_outerloop_0.v:682]
WARNING: [Synth 8-7023] instance 'axi_crossbar_2x1__arg0' of module 'axi_crossbar_2x1' has 130 connections declared, but only 113 given [/home/x_thileeb/repos/ops-hls-batching-new/codegen_apps/tapa_batching/jacobian2d/u280_datacopy_async_project2/_x/link/vivado/vpl/prj/prj.gen/my_rm/bd/ulp/ipshared/61d8/src/datamover_outerloop_0.v:682]
WARNING: [Synth 8-7071] port 's00_axi_awuser' of module 'axi_crossbar_2x1' is unconnected for instance 'axi_crossbar_2x1__arg1' [/home/x_thileeb/repos/ops-hls-batching-new/codegen_apps/tapa_batching/jacobian2d/u280_datacopy_async_project2/_x/link/vivado/vpl/prj/prj.gen/my_rm/bd/ulp/ipshared/61d8/src/datamover_outerloop_0.v:810]
WARNING: [Synth 8-7071] port 's00_axi_wuser' of module 'axi_crossbar_2x1' is unconnected for instance 'axi_crossbar_2x1__arg1' [/home/x_thileeb/repos/ops-hls-batching-new/codegen_apps/tapa_batching/jacobian2d/u280_datacopy_async_project2/_x/link/vivado/vpl/prj/prj.gen/my_rm/bd/ulp/ipshared/61d8/src/datamover_outerloop_0.v:810]
WARNING: [Synth 8-7071] port 's00_axi_buser' of module 'axi_crossbar_2x1' is unconnected for instance 'axi_crossbar_2x1__arg1' [/home/x_thileeb/repos/ops-hls-batching-new/codegen_apps/tapa_batching/jacobian2d/u280_datacopy_async_project2/_x/link/vivado/vpl/prj/prj.gen/my_rm/bd/ulp/ipshared/61d8/src/datamover_outerloop_0.v:810]
WARNING: [Synth 8-7071] port 's00_axi_aruser' of module 'axi_crossbar_2x1' is unconnected for instance 'axi_crossbar_2x1__arg1' [/home/x_thileeb/repos/ops-hls-batching-new/codegen_apps/tapa_batching/jacobian2d/u280_datacopy_async_project2/_x/link/vivado/vpl/prj/prj.gen/my_rm/bd/ulp/ipshared/61d8/src/datamover_outerloop_0.v:810]
WARNING: [Synth 8-7071] port 's00_axi_ruser' of module 'axi_crossbar_2x1' is unconnected for instance 'axi_crossbar_2x1__arg1' [/home/x_thileeb/repos/ops-hls-batching-new/codegen_apps/tapa_batching/jacobian2d/u280_datacopy_async_project2/_x/link/vivado/vpl/prj/prj.gen/my_rm/bd/ulp/ipshared/61d8/src/datamover_outerloop_0.v:810]
WARNING: [Synth 8-7071] port 's01_axi_awuser' of module 'axi_crossbar_2x1' is unconnected for instance 'axi_crossbar_2x1__arg1' [/home/x_thileeb/repos/ops-hls-batching-new/codegen_apps/tapa_batching/jacobian2d/u280_datacopy_async_project2/_x/link/vivado/vpl/prj/prj.gen/my_rm/bd/ulp/ipshared/61d8/src/datamover_outerloop_0.v:810]
WARNING: [Synth 8-7071] port 's01_axi_wuser' of module 'axi_crossbar_2x1' is unconnected for instance 'axi_crossbar_2x1__arg1' [/home/x_thileeb/repos/ops-hls-batching-new/codegen_apps/tapa_batching/jacobian2d/u280_datacopy_async_project2/_x/link/vivado/vpl/prj/prj.gen/my_rm/bd/ulp/ipshared/61d8/src/datamover_outerloop_0.v:810]
WARNING: [Synth 8-7071] port 's01_axi_buser' of module 'axi_crossbar_2x1' is unconnected for instance 'axi_crossbar_2x1__arg1' [/home/x_thileeb/repos/ops-hls-batching-new/codegen_apps/tapa_batching/jacobian2d/u280_datacopy_async_project2/_x/link/vivado/vpl/prj/prj.gen/my_rm/bd/ulp/ipshared/61d8/src/datamover_outerloop_0.v:810]
WARNING: [Synth 8-7071] port 's01_axi_aruser' of module 'axi_crossbar_2x1' is unconnected for instance 'axi_crossbar_2x1__arg1' [/home/x_thileeb/repos/ops-hls-batching-new/codegen_apps/tapa_batching/jacobian2d/u280_datacopy_async_project2/_x/link/vivado/vpl/prj/prj.gen/my_rm/bd/ulp/ipshared/61d8/src/datamover_outerloop_0.v:810]
WARNING: [Synth 8-7071] port 's01_axi_ruser' of module 'axi_crossbar_2x1' is unconnected for instance 'axi_crossbar_2x1__arg1' [/home/x_thileeb/repos/ops-hls-batching-new/codegen_apps/tapa_batching/jacobian2d/u280_datacopy_async_project2/_x/link/vivado/vpl/prj/prj.gen/my_rm/bd/ulp/ipshared/61d8/src/datamover_outerloop_0.v:810]
WARNING: [Synth 8-7071] port 'm00_axi_awregion' of module 'axi_crossbar_2x1' is unconnected for instance 'axi_crossbar_2x1__arg1' [/home/x_thileeb/repos/ops-hls-batching-new/codegen_apps/tapa_batching/jacobian2d/u280_datacopy_async_project2/_x/link/vivado/vpl/prj/prj.gen/my_rm/bd/ulp/ipshared/61d8/src/datamover_outerloop_0.v:810]
WARNING: [Synth 8-7071] port 'm00_axi_awuser' of module 'axi_crossbar_2x1' is unconnected for instance 'axi_crossbar_2x1__arg1' [/home/x_thileeb/repos/ops-hls-batching-new/codegen_apps/tapa_batching/jacobian2d/u280_datacopy_async_project2/_x/link/vivado/vpl/prj/prj.gen/my_rm/bd/ulp/ipshared/61d8/src/datamover_outerloop_0.v:810]
WARNING: [Synth 8-7071] port 'm00_axi_wuser' of module 'axi_crossbar_2x1' is unconnected for instance 'axi_crossbar_2x1__arg1' [/home/x_thileeb/repos/ops-hls-batching-new/codegen_apps/tapa_batching/jacobian2d/u280_datacopy_async_project2/_x/link/vivado/vpl/prj/prj.gen/my_rm/bd/ulp/ipshared/61d8/src/datamover_outerloop_0.v:810]
WARNING: [Synth 8-7071] port 'm00_axi_buser' of module 'axi_crossbar_2x1' is unconnected for instance 'axi_crossbar_2x1__arg1' [/home/x_thileeb/repos/ops-hls-batching-new/codegen_apps/tapa_batching/jacobian2d/u280_datacopy_async_project2/_x/link/vivado/vpl/prj/prj.gen/my_rm/bd/ulp/ipshared/61d8/src/datamover_outerloop_0.v:810]
WARNING: [Synth 8-7071] port 'm00_axi_arregion' of module 'axi_crossbar_2x1' is unconnected for instance 'axi_crossbar_2x1__arg1' [/home/x_thileeb/repos/ops-hls-batching-new/codegen_apps/tapa_batching/jacobian2d/u280_datacopy_async_project2/_x/link/vivado/vpl/prj/prj.gen/my_rm/bd/ulp/ipshared/61d8/src/datamover_outerloop_0.v:810]
WARNING: [Synth 8-7071] port 'm00_axi_aruser' of module 'axi_crossbar_2x1' is unconnected for instance 'axi_crossbar_2x1__arg1' [/home/x_thileeb/repos/ops-hls-batching-new/codegen_apps/tapa_batching/jacobian2d/u280_datacopy_async_project2/_x/link/vivado/vpl/prj/prj.gen/my_rm/bd/ulp/ipshared/61d8/src/datamover_outerloop_0.v:810]
WARNING: [Synth 8-7071] port 'm00_axi_ruser' of module 'axi_crossbar_2x1' is unconnected for instance 'axi_crossbar_2x1__arg1' [/home/x_thileeb/repos/ops-hls-batching-new/codegen_apps/tapa_batching/jacobian2d/u280_datacopy_async_project2/_x/link/vivado/vpl/prj/prj.gen/my_rm/bd/ulp/ipshared/61d8/src/datamover_outerloop_0.v:810]
WARNING: [Synth 8-7023] instance 'axi_crossbar_2x1__arg1' of module 'axi_crossbar_2x1' has 130 connections declared, but only 113 given [/home/x_thileeb/repos/ops-hls-batching-new/codegen_apps/tapa_batching/jacobian2d/u280_datacopy_async_project2/_x/link/vivado/vpl/prj/prj.gen/my_rm/bd/ulp/ipshared/61d8/src/datamover_outerloop_0.v:810]
INFO: [Synth 8-6157] synthesizing module 'task_pingpong_mem2stream' [/home/x_thileeb/repos/ops-hls-batching-new/codegen_apps/tapa_batching/jacobian2d/u280_datacopy_async_project2/_x/link/vivado/vpl/prj/prj.gen/my_rm/bd/ulp/ipshared/61d8/src/task_pingpong_mem2stream.v:10]
INFO: [Synth 8-6157] synthesizing module 'task_pingpong_mem2stream_mem2stream_float_16u_2u_s' [/home/x_thileeb/repos/ops-hls-batching-new/codegen_apps/tapa_batching/jacobian2d/u280_datacopy_async_project2/_x/link/vivado/vpl/prj/prj.gen/my_rm/bd/ulp/ipshared/61d8/src/task_pingpong_mem2stream_mem2stream_float_16u_2u_s.v:10]
INFO: [Synth 8-6157] synthesizing module 'task_pingpong_mem2stream_flow_control_loop_pipe_sequential_init' [/home/x_thileeb/repos/ops-hls-batching-new/codegen_apps/tapa_batching/jacobian2d/u280_datacopy_async_project2/_x/link/vivado/vpl/prj/prj.gen/my_rm/bd/ulp/ipshared/61d8/src/task_pingpong_mem2stream_flow_control_loop_pipe_sequential_init.v:9]
INFO: [Synth 8-6155] done synthesizing module 'task_pingpong_mem2stream_flow_control_loop_pipe_sequential_init' (0#1) [/home/x_thileeb/repos/ops-hls-batching-new/codegen_apps/tapa_batching/jacobian2d/u280_datacopy_async_project2/_x/link/vivado/vpl/prj/prj.gen/my_rm/bd/ulp/ipshared/61d8/src/task_pingpong_mem2stream_flow_control_loop_pipe_sequential_init.v:9]
INFO: [Synth 8-6155] done synthesizing module 'task_pingpong_mem2stream_mem2stream_float_16u_2u_s' (0#1) [/home/x_thileeb/repos/ops-hls-batching-new/codegen_apps/tapa_batching/jacobian2d/u280_datacopy_async_project2/_x/link/vivado/vpl/prj/prj.gen/my_rm/bd/ulp/ipshared/61d8/src/task_pingpong_mem2stream_mem2stream_float_16u_2u_s.v:10]
INFO: [Synth 8-6155] done synthesizing module 'task_pingpong_mem2stream' (0#1) [/home/x_thileeb/repos/ops-hls-batching-new/codegen_apps/tapa_batching/jacobian2d/u280_datacopy_async_project2/_x/link/vivado/vpl/prj/prj.gen/my_rm/bd/ulp/ipshared/61d8/src/task_pingpong_mem2stream.v:10]
WARNING: [Synth 8-689] width (512) of port connection 'arg0_write_data_s_din' does not match port width (513) of module 'task_pingpong_mem2stream' [/home/x_thileeb/repos/ops-hls-batching-new/codegen_apps/tapa_batching/jacobian2d/u280_datacopy_async_project2/_x/link/vivado/vpl/prj/prj.gen/my_rm/bd/ulp/ipshared/61d8/src/datamover_outerloop_0.v:950]
WARNING: [Synth 8-689] width (512) of port connection 'arg1_write_data_s_din' does not match port width (513) of module 'task_pingpong_mem2stream' [/home/x_thileeb/repos/ops-hls-batching-new/codegen_apps/tapa_batching/jacobian2d/u280_datacopy_async_project2/_x/link/vivado/vpl/prj/prj.gen/my_rm/bd/ulp/ipshared/61d8/src/datamover_outerloop_0.v:981]
WARNING: [Synth 8-7071] port 'arg0_write_data_peek' of module 'task_pingpong_mem2stream' is unconnected for instance 'task_pingpong_mem2stream_0' [/home/x_thileeb/repos/ops-hls-batching-new/codegen_apps/tapa_batching/jacobian2d/u280_datacopy_async_project2/_x/link/vivado/vpl/prj/prj.gen/my_rm/bd/ulp/ipshared/61d8/src/datamover_outerloop_0.v:928]
WARNING: [Synth 8-7071] port 'arg1_write_data_peek' of module 'task_pingpong_mem2stream' is unconnected for instance 'task_pingpong_mem2stream_0' [/home/x_thileeb/repos/ops-hls-batching-new/codegen_apps/tapa_batching/jacobian2d/u280_datacopy_async_project2/_x/link/vivado/vpl/prj/prj.gen/my_rm/bd/ulp/ipshared/61d8/src/datamover_outerloop_0.v:928]
WARNING: [Synth 8-7071] port 'strm_out_peek' of module 'task_pingpong_mem2stream' is unconnected for instance 'task_pingpong_mem2stream_0' [/home/x_thileeb/repos/ops-hls-batching-new/codegen_apps/tapa_batching/jacobian2d/u280_datacopy_async_project2/_x/link/vivado/vpl/prj/prj.gen/my_rm/bd/ulp/ipshared/61d8/src/datamover_outerloop_0.v:928]
WARNING: [Synth 8-7071] port 'sync_in_peek_read' of module 'task_pingpong_mem2stream' is unconnected for instance 'task_pingpong_mem2stream_0' [/home/x_thileeb/repos/ops-hls-batching-new/codegen_apps/tapa_batching/jacobian2d/u280_datacopy_async_project2/_x/link/vivado/vpl/prj/prj.gen/my_rm/bd/ulp/ipshared/61d8/src/datamover_outerloop_0.v:928]
WARNING: [Synth 8-7023] instance 'task_pingpong_mem2stream_0' of module 'task_pingpong_mem2stream' has 66 connections declared, but only 62 given [/home/x_thileeb/repos/ops-hls-batching-new/codegen_apps/tapa_batching/jacobian2d/u280_datacopy_async_project2/_x/link/vivado/vpl/prj/prj.gen/my_rm/bd/ulp/ipshared/61d8/src/datamover_outerloop_0.v:928]
INFO: [Synth 8-6157] synthesizing module 'task_pingpong_stream2mem' [/home/x_thileeb/repos/ops-hls-batching-new/codegen_apps/tapa_batching/jacobian2d/u280_datacopy_async_project2/_x/link/vivado/vpl/prj/prj.gen/my_rm/bd/ulp/ipshared/61d8/src/task_pingpong_stream2mem.v:10]
INFO: [Synth 8-6157] synthesizing module 'task_pingpong_stream2mem_stream2mem_float_16u_2u_s' [/home/x_thileeb/repos/ops-hls-batching-new/codegen_apps/tapa_batching/jacobian2d/u280_datacopy_async_project2/_x/link/vivado/vpl/prj/prj.gen/my_rm/bd/ulp/ipshared/61d8/src/task_pingpong_stream2mem_stream2mem_float_16u_2u_s.v:10]
INFO: [Synth 8-6157] synthesizing module 'task_pingpong_stream2mem_flow_control_loop_pipe_sequential_init' [/home/x_thileeb/repos/ops-hls-batching-new/codegen_apps/tapa_batching/jacobian2d/u280_datacopy_async_project2/_x/link/vivado/vpl/prj/prj.gen/my_rm/bd/ulp/ipshared/61d8/src/task_pingpong_stream2mem_flow_control_loop_pipe_sequential_init.v:9]
INFO: [Synth 8-6155] done synthesizing module 'task_pingpong_stream2mem_flow_control_loop_pipe_sequential_init' (0#1) [/home/x_thileeb/repos/ops-hls-batching-new/codegen_apps/tapa_batching/jacobian2d/u280_datacopy_async_project2/_x/link/vivado/vpl/prj/prj.gen/my_rm/bd/ulp/ipshared/61d8/src/task_pingpong_stream2mem_flow_control_loop_pipe_sequential_init.v:9]
INFO: [Synth 8-6155] done synthesizing module 'task_pingpong_stream2mem_stream2mem_float_16u_2u_s' (0#1) [/home/x_thileeb/repos/ops-hls-batching-new/codegen_apps/tapa_batching/jacobian2d/u280_datacopy_async_project2/_x/link/vivado/vpl/prj/prj.gen/my_rm/bd/ulp/ipshared/61d8/src/task_pingpong_stream2mem_stream2mem_float_16u_2u_s.v:10]
INFO: [Synth 8-6155] done synthesizing module 'task_pingpong_stream2mem' (0#1) [/home/x_thileeb/repos/ops-hls-batching-new/codegen_apps/tapa_batching/jacobian2d/u280_datacopy_async_project2/_x/link/vivado/vpl/prj/prj.gen/my_rm/bd/ulp/ipshared/61d8/src/task_pingpong_stream2mem.v:10]
WARNING: [Synth 8-689] width (512) of port connection 'arg0_write_data_s_din' does not match port width (513) of module 'task_pingpong_stream2mem' [/home/x_thileeb/repos/ops-hls-batching-new/codegen_apps/tapa_batching/jacobian2d/u280_datacopy_async_project2/_x/link/vivado/vpl/prj/prj.gen/my_rm/bd/ulp/ipshared/61d8/src/datamover_outerloop_0.v:1017]
WARNING: [Synth 8-689] width (512) of port connection 'arg1_write_data_s_din' does not match port width (513) of module 'task_pingpong_stream2mem' [/home/x_thileeb/repos/ops-hls-batching-new/codegen_apps/tapa_batching/jacobian2d/u280_datacopy_async_project2/_x/link/vivado/vpl/prj/prj.gen/my_rm/bd/ulp/ipshared/61d8/src/datamover_outerloop_0.v:1043]
WARNING: [Synth 8-7071] port 'arg0_write_data_peek' of module 'task_pingpong_stream2mem' is unconnected for instance 'task_pingpong_stream2mem_0' [/home/x_thileeb/repos/ops-hls-batching-new/codegen_apps/tapa_batching/jacobian2d/u280_datacopy_async_project2/_x/link/vivado/vpl/prj/prj.gen/my_rm/bd/ulp/ipshared/61d8/src/datamover_outerloop_0.v:995]
WARNING: [Synth 8-7071] port 'arg1_write_data_peek' of module 'task_pingpong_stream2mem' is unconnected for instance 'task_pingpong_stream2mem_0' [/home/x_thileeb/repos/ops-hls-batching-new/codegen_apps/tapa_batching/jacobian2d/u280_datacopy_async_project2/_x/link/vivado/vpl/prj/prj.gen/my_rm/bd/ulp/ipshared/61d8/src/datamover_outerloop_0.v:995]
WARNING: [Synth 8-7071] port 'strm_in_peek_read' of module 'task_pingpong_stream2mem' is unconnected for instance 'task_pingpong_stream2mem_0' [/home/x_thileeb/repos/ops-hls-batching-new/codegen_apps/tapa_batching/jacobian2d/u280_datacopy_async_project2/_x/link/vivado/vpl/prj/prj.gen/my_rm/bd/ulp/ipshared/61d8/src/datamover_outerloop_0.v:995]
WARNING: [Synth 8-7071] port 'sync_out_peek' of module 'task_pingpong_stream2mem' is unconnected for instance 'task_pingpong_stream2mem_0' [/home/x_thileeb/repos/ops-hls-batching-new/codegen_apps/tapa_batching/jacobian2d/u280_datacopy_async_project2/_x/link/vivado/vpl/prj/prj.gen/my_rm/bd/ulp/ipshared/61d8/src/datamover_outerloop_0.v:995]
WARNING: [Synth 8-7023] instance 'task_pingpong_stream2mem_0' of module 'task_pingpong_stream2mem' has 66 connections declared, but only 62 given [/home/x_thileeb/repos/ops-hls-batching-new/codegen_apps/tapa_batching/jacobian2d/u280_datacopy_async_project2/_x/link/vivado/vpl/prj/prj.gen/my_rm/bd/ulp/ipshared/61d8/src/datamover_outerloop_0.v:995]
INFO: [Synth 8-6157] synthesizing module 'task_stepdown' [/home/x_thileeb/repos/ops-hls-batching-new/codegen_apps/tapa_batching/jacobian2d/u280_datacopy_async_project2/_x/link/vivado/vpl/prj/prj.gen/my_rm/bd/ulp/ipshared/61d8/src/task_stepdown.v:10]
INFO: [Synth 8-6157] synthesizing module 'task_stepdown_task_stepdown_Pipeline_VITIS_LOOP_1434_1_VITIS_LOOP_1034_1' [/home/x_thileeb/repos/ops-hls-batching-new/codegen_apps/tapa_batching/jacobian2d/u280_datacopy_async_project2/_x/link/vivado/vpl/prj/prj.gen/my_rm/bd/ulp/ipshared/61d8/src/task_stepdown_task_stepdown_Pipeline_VITIS_LOOP_1434_1_VITIS_LOOP_1034_1.v:10]
INFO: [Synth 8-6157] synthesizing module 'task_stepdown_flow_control_loop_pipe_sequential_init' [/home/x_thileeb/repos/ops-hls-batching-new/codegen_apps/tapa_batching/jacobian2d/u280_datacopy_async_project2/_x/link/vivado/vpl/prj/prj.gen/my_rm/bd/ulp/ipshared/61d8/src/task_stepdown_flow_control_loop_pipe_sequential_init.v:9]
INFO: [Synth 8-6155] done synthesizing module 'task_stepdown_flow_control_loop_pipe_sequential_init' (0#1) [/home/x_thileeb/repos/ops-hls-batching-new/codegen_apps/tapa_batching/jacobian2d/u280_datacopy_async_project2/_x/link/vivado/vpl/prj/prj.gen/my_rm/bd/ulp/ipshared/61d8/src/task_stepdown_flow_control_loop_pipe_sequential_init.v:9]
INFO: [Synth 8-6155] done synthesizing module 'task_stepdown_task_stepdown_Pipeline_VITIS_LOOP_1434_1_VITIS_LOOP_1034_1' (0#1) [/home/x_thileeb/repos/ops-hls-batching-new/codegen_apps/tapa_batching/jacobian2d/u280_datacopy_async_project2/_x/link/vivado/vpl/prj/prj.gen/my_rm/bd/ulp/ipshared/61d8/src/task_stepdown_task_stepdown_Pipeline_VITIS_LOOP_1434_1_VITIS_LOOP_1034_1.v:10]
INFO: [Synth 8-6157] synthesizing module 'task_stepdown_mul_32ns_32ns_64_2_1' [/home/x_thileeb/repos/ops-hls-batching-new/codegen_apps/tapa_batching/jacobian2d/u280_datacopy_async_project2/_x/link/vivado/vpl/prj/prj.gen/my_rm/bd/ulp/ipshared/61d8/src/task_stepdown_mul_32ns_32ns_64_2_1.v:9]
INFO: [Synth 8-6155] done synthesizing module 'task_stepdown_mul_32ns_32ns_64_2_1' (0#1) [/home/x_thileeb/repos/ops-hls-batching-new/codegen_apps/tapa_batching/jacobian2d/u280_datacopy_async_project2/_x/link/vivado/vpl/prj/prj.gen/my_rm/bd/ulp/ipshared/61d8/src/task_stepdown_mul_32ns_32ns_64_2_1.v:9]
INFO: [Synth 8-6155] done synthesizing module 'task_stepdown' (0#1) [/home/x_thileeb/repos/ops-hls-batching-new/codegen_apps/tapa_batching/jacobian2d/u280_datacopy_async_project2/_x/link/vivado/vpl/prj/prj.gen/my_rm/bd/ulp/ipshared/61d8/src/task_stepdown.v:10]
WARNING: [Synth 8-7071] port 'strm_in_peek_read' of module 'task_stepdown' is unconnected for instance 'task_stepdown_0' [/home/x_thileeb/repos/ops-hls-batching-new/codegen_apps/tapa_batching/jacobian2d/u280_datacopy_async_project2/_x/link/vivado/vpl/prj/prj.gen/my_rm/bd/ulp/ipshared/61d8/src/datamover_outerloop_0.v:1062]
WARNING: [Synth 8-7071] port 'strm_out_peek' of module 'task_stepdown' is unconnected for instance 'task_stepdown_0' [/home/x_thileeb/repos/ops-hls-batching-new/codegen_apps/tapa_batching/jacobian2d/u280_datacopy_async_project2/_x/link/vivado/vpl/prj/prj.gen/my_rm/bd/ulp/ipshared/61d8/src/datamover_outerloop_0.v:1062]
WARNING: [Synth 8-7023] instance 'task_stepdown_0' of module 'task_stepdown' has 18 connections declared, but only 16 given [/home/x_thileeb/repos/ops-hls-batching-new/codegen_apps/tapa_batching/jacobian2d/u280_datacopy_async_project2/_x/link/vivado/vpl/prj/prj.gen/my_rm/bd/ulp/ipshared/61d8/src/datamover_outerloop_0.v:1062]
INFO: [Synth 8-6157] synthesizing module 'task_stepup' [/home/x_thileeb/repos/ops-hls-batching-new/codegen_apps/tapa_batching/jacobian2d/u280_datacopy_async_project2/_x/link/vivado/vpl/prj/prj.gen/my_rm/bd/ulp/ipshared/61d8/src/task_stepup.v:10]
INFO: [Synth 8-6157] synthesizing module 'task_stepup_task_stepup_Pipeline_VITIS_LOOP_1439_1_VITIS_LOOP_1081_1' [/home/x_thileeb/repos/ops-hls-batching-new/codegen_apps/tapa_batching/jacobian2d/u280_datacopy_async_project2/_x/link/vivado/vpl/prj/prj.gen/my_rm/bd/ulp/ipshared/61d8/src/task_stepup_task_stepup_Pipeline_VITIS_LOOP_1439_1_VITIS_LOOP_1081_1.v:10]
INFO: [Synth 8-6157] synthesizing module 'task_stepup_flow_control_loop_pipe_sequential_init' [/home/x_thileeb/repos/ops-hls-batching-new/codegen_apps/tapa_batching/jacobian2d/u280_datacopy_async_project2/_x/link/vivado/vpl/prj/prj.gen/my_rm/bd/ulp/ipshared/61d8/src/task_stepup_flow_control_loop_pipe_sequential_init.v:9]
INFO: [Synth 8-6155] done synthesizing module 'task_stepup_flow_control_loop_pipe_sequential_init' (0#1) [/home/x_thileeb/repos/ops-hls-batching-new/codegen_apps/tapa_batching/jacobian2d/u280_datacopy_async_project2/_x/link/vivado/vpl/prj/prj.gen/my_rm/bd/ulp/ipshared/61d8/src/task_stepup_flow_control_loop_pipe_sequential_init.v:9]
INFO: [Synth 8-6155] done synthesizing module 'task_stepup_task_stepup_Pipeline_VITIS_LOOP_1439_1_VITIS_LOOP_1081_1' (0#1) [/home/x_thileeb/repos/ops-hls-batching-new/codegen_apps/tapa_batching/jacobian2d/u280_datacopy_async_project2/_x/link/vivado/vpl/prj/prj.gen/my_rm/bd/ulp/ipshared/61d8/src/task_stepup_task_stepup_Pipeline_VITIS_LOOP_1439_1_VITIS_LOOP_1081_1.v:10]
INFO: [Synth 8-6157] synthesizing module 'task_stepup_mul_32ns_32ns_64_2_1' [/home/x_thileeb/repos/ops-hls-batching-new/codegen_apps/tapa_batching/jacobian2d/u280_datacopy_async_project2/_x/link/vivado/vpl/prj/prj.gen/my_rm/bd/ulp/ipshared/61d8/src/task_stepup_mul_32ns_32ns_64_2_1.v:9]
INFO: [Synth 8-6155] done synthesizing module 'task_stepup_mul_32ns_32ns_64_2_1' (0#1) [/home/x_thileeb/repos/ops-hls-batching-new/codegen_apps/tapa_batching/jacobian2d/u280_datacopy_async_project2/_x/link/vivado/vpl/prj/prj.gen/my_rm/bd/ulp/ipshared/61d8/src/task_stepup_mul_32ns_32ns_64_2_1.v:9]
INFO: [Synth 8-6155] done synthesizing module 'task_stepup' (0#1) [/home/x_thileeb/repos/ops-hls-batching-new/codegen_apps/tapa_batching/jacobian2d/u280_datacopy_async_project2/_x/link/vivado/vpl/prj/prj.gen/my_rm/bd/ulp/ipshared/61d8/src/task_stepup.v:10]
WARNING: [Synth 8-7071] port 'strm_in_peek_read' of module 'task_stepup' is unconnected for instance 'task_stepup_0' [/home/x_thileeb/repos/ops-hls-batching-new/codegen_apps/tapa_batching/jacobian2d/u280_datacopy_async_project2/_x/link/vivado/vpl/prj/prj.gen/my_rm/bd/ulp/ipshared/61d8/src/datamover_outerloop_0.v:1083]
WARNING: [Synth 8-7071] port 'strm_out_peek' of module 'task_stepup' is unconnected for instance 'task_stepup_0' [/home/x_thileeb/repos/ops-hls-batching-new/codegen_apps/tapa_batching/jacobian2d/u280_datacopy_async_project2/_x/link/vivado/vpl/prj/prj.gen/my_rm/bd/ulp/ipshared/61d8/src/datamover_outerloop_0.v:1083]
WARNING: [Synth 8-7023] instance 'task_stepup_0' of module 'task_stepup' has 18 connections declared, but only 16 given [/home/x_thileeb/repos/ops-hls-batching-new/codegen_apps/tapa_batching/jacobian2d/u280_datacopy_async_project2/_x/link/vivado/vpl/prj/prj.gen/my_rm/bd/ulp/ipshared/61d8/src/datamover_outerloop_0.v:1083]
INFO: [Synth 8-6157] synthesizing module 'async_mmap' [/home/x_thileeb/repos/ops-hls-batching-new/codegen_apps/tapa_batching/jacobian2d/u280_datacopy_async_project2/_x/link/vivado/vpl/prj/prj.gen/my_rm/bd/ulp/ipshared/61d8/src/async_mmap.v:7]
INFO: [Synth 8-6157] synthesizing module 'relay_station' [/home/x_thileeb/repos/ops-hls-batching-new/codegen_apps/tapa_batching/jacobian2d/u280_datacopy_async_project2/_x/link/vivado/vpl/prj/prj.gen/my_rm/bd/ulp/ipshared/61d8/src/relay_station.v:8]
INFO: [Synth 8-6157] synthesizing module 'fifo_almost_full' [/home/x_thileeb/repos/ops-hls-batching-new/codegen_apps/tapa_batching/jacobian2d/u280_datacopy_async_project2/_x/link/vivado/vpl/prj/prj.gen/my_rm/bd/ulp/ipshared/61d8/src/relay_station.v:158]
INFO: [Synth 8-6157] synthesizing module 'fifo_srl_almost_full' [/home/x_thileeb/repos/ops-hls-batching-new/codegen_apps/tapa_batching/jacobian2d/u280_datacopy_async_project2/_x/link/vivado/vpl/prj/prj.gen/my_rm/bd/ulp/ipshared/61d8/src/relay_station.v:250]
INFO: [Synth 8-6157] synthesizing module 'fifo_srl_almost_full_internal' [/home/x_thileeb/repos/ops-hls-batching-new/codegen_apps/tapa_batching/jacobian2d/u280_datacopy_async_project2/_x/link/vivado/vpl/prj/prj.gen/my_rm/bd/ulp/ipshared/61d8/src/relay_station.v:339]
INFO: [Synth 8-6155] done synthesizing module 'fifo_srl_almost_full_internal' (0#1) [/home/x_thileeb/repos/ops-hls-batching-new/codegen_apps/tapa_batching/jacobian2d/u280_datacopy_async_project2/_x/link/vivado/vpl/prj/prj.gen/my_rm/bd/ulp/ipshared/61d8/src/relay_station.v:339]
INFO: [Synth 8-6155] done synthesizing module 'fifo_srl_almost_full' (0#1) [/home/x_thileeb/repos/ops-hls-batching-new/codegen_apps/tapa_batching/jacobian2d/u280_datacopy_async_project2/_x/link/vivado/vpl/prj/prj.gen/my_rm/bd/ulp/ipshared/61d8/src/relay_station.v:250]
INFO: [Synth 8-6155] done synthesizing module 'fifo_almost_full' (0#1) [/home/x_thileeb/repos/ops-hls-batching-new/codegen_apps/tapa_batching/jacobian2d/u280_datacopy_async_project2/_x/link/vivado/vpl/prj/prj.gen/my_rm/bd/ulp/ipshared/61d8/src/relay_station.v:158]
INFO: [Synth 8-6155] done synthesizing module 'relay_station' (0#1) [/home/x_thileeb/repos/ops-hls-batching-new/codegen_apps/tapa_batching/jacobian2d/u280_datacopy_async_project2/_x/link/vivado/vpl/prj/prj.gen/my_rm/bd/ulp/ipshared/61d8/src/relay_station.v:8]
INFO: [Synth 8-6157] synthesizing module 'detect_burst' [/home/x_thileeb/repos/ops-hls-batching-new/codegen_apps/tapa_batching/jacobian2d/u280_datacopy_async_project2/_x/link/vivado/vpl/prj/prj.gen/my_rm/bd/ulp/ipshared/61d8/src/detect_burst.v:8]
INFO: [Synth 8-6155] done synthesizing module 'detect_burst' (0#1) [/home/x_thileeb/repos/ops-hls-batching-new/codegen_apps/tapa_batching/jacobian2d/u280_datacopy_async_project2/_x/link/vivado/vpl/prj/prj.gen/my_rm/bd/ulp/ipshared/61d8/src/detect_burst.v:8]
INFO: [Synth 8-6157] synthesizing module 'relay_station__parameterized0' [/home/x_thileeb/repos/ops-hls-batching-new/codegen_apps/tapa_batching/jacobian2d/u280_datacopy_async_project2/_x/link/vivado/vpl/prj/prj.gen/my_rm/bd/ulp/ipshared/61d8/src/relay_station.v:8]
INFO: [Synth 8-6157] synthesizing module 'fifo_almost_full__parameterized0' [/home/x_thileeb/repos/ops-hls-batching-new/codegen_apps/tapa_batching/jacobian2d/u280_datacopy_async_project2/_x/link/vivado/vpl/prj/prj.gen/my_rm/bd/ulp/ipshared/61d8/src/relay_station.v:158]
INFO: [Synth 8-6157] synthesizing module 'fifo_srl_almost_full__parameterized0' [/home/x_thileeb/repos/ops-hls-batching-new/codegen_apps/tapa_batching/jacobian2d/u280_datacopy_async_project2/_x/link/vivado/vpl/prj/prj.gen/my_rm/bd/ulp/ipshared/61d8/src/relay_station.v:250]
INFO: [Synth 8-6157] synthesizing module 'fifo_srl_almost_full_internal__parameterized0' [/home/x_thileeb/repos/ops-hls-batching-new/codegen_apps/tapa_batching/jacobian2d/u280_datacopy_async_project2/_x/link/vivado/vpl/prj/prj.gen/my_rm/bd/ulp/ipshared/61d8/src/relay_station.v:339]
INFO: [Synth 8-6155] done synthesizing module 'fifo_srl_almost_full_internal__parameterized0' (0#1) [/home/x_thileeb/repos/ops-hls-batching-new/codegen_apps/tapa_batching/jacobian2d/u280_datacopy_async_project2/_x/link/vivado/vpl/prj/prj.gen/my_rm/bd/ulp/ipshared/61d8/src/relay_station.v:339]
INFO: [Synth 8-6155] done synthesizing module 'fifo_srl_almost_full__parameterized0' (0#1) [/home/x_thileeb/repos/ops-hls-batching-new/codegen_apps/tapa_batching/jacobian2d/u280_datacopy_async_project2/_x/link/vivado/vpl/prj/prj.gen/my_rm/bd/ulp/ipshared/61d8/src/relay_station.v:250]
INFO: [Synth 8-6155] done synthesizing module 'fifo_almost_full__parameterized0' (0#1) [/home/x_thileeb/repos/ops-hls-batching-new/codegen_apps/tapa_batching/jacobian2d/u280_datacopy_async_project2/_x/link/vivado/vpl/prj/prj.gen/my_rm/bd/ulp/ipshared/61d8/src/relay_station.v:158]
INFO: [Synth 8-6155] done synthesizing module 'relay_station__parameterized0' (0#1) [/home/x_thileeb/repos/ops-hls-batching-new/codegen_apps/tapa_batching/jacobian2d/u280_datacopy_async_project2/_x/link/vivado/vpl/prj/prj.gen/my_rm/bd/ulp/ipshared/61d8/src/relay_station.v:8]
INFO: [Synth 8-6157] synthesizing module 'relay_station__parameterized1' [/home/x_thileeb/repos/ops-hls-batching-new/codegen_apps/tapa_batching/jacobian2d/u280_datacopy_async_project2/_x/link/vivado/vpl/prj/prj.gen/my_rm/bd/ulp/ipshared/61d8/src/relay_station.v:8]
INFO: [Synth 8-6157] synthesizing module 'fifo_almost_full__parameterized1' [/home/x_thileeb/repos/ops-hls-batching-new/codegen_apps/tapa_batching/jacobian2d/u280_datacopy_async_project2/_x/link/vivado/vpl/prj/prj.gen/my_rm/bd/ulp/ipshared/61d8/src/relay_station.v:158]
INFO: [Synth 8-6157] synthesizing module 'fifo_srl_almost_full__parameterized1' [/home/x_thileeb/repos/ops-hls-batching-new/codegen_apps/tapa_batching/jacobian2d/u280_datacopy_async_project2/_x/link/vivado/vpl/prj/prj.gen/my_rm/bd/ulp/ipshared/61d8/src/relay_station.v:250]
INFO: [Synth 8-6157] synthesizing module 'fifo_srl_almost_full_internal__parameterized1' [/home/x_thileeb/repos/ops-hls-batching-new/codegen_apps/tapa_batching/jacobian2d/u280_datacopy_async_project2/_x/link/vivado/vpl/prj/prj.gen/my_rm/bd/ulp/ipshared/61d8/src/relay_station.v:339]
INFO: [Synth 8-6155] done synthesizing module 'fifo_srl_almost_full_internal__parameterized1' (0#1) [/home/x_thileeb/repos/ops-hls-batching-new/codegen_apps/tapa_batching/jacobian2d/u280_datacopy_async_project2/_x/link/vivado/vpl/prj/prj.gen/my_rm/bd/ulp/ipshared/61d8/src/relay_station.v:339]
INFO: [Synth 8-6155] done synthesizing module 'fifo_srl_almost_full__parameterized1' (0#1) [/home/x_thileeb/repos/ops-hls-batching-new/codegen_apps/tapa_batching/jacobian2d/u280_datacopy_async_project2/_x/link/vivado/vpl/prj/prj.gen/my_rm/bd/ulp/ipshared/61d8/src/relay_station.v:250]
INFO: [Synth 8-6155] done synthesizing module 'fifo_almost_full__parameterized1' (0#1) [/home/x_thileeb/repos/ops-hls-batching-new/codegen_apps/tapa_batching/jacobian2d/u280_datacopy_async_project2/_x/link/vivado/vpl/prj/prj.gen/my_rm/bd/ulp/ipshared/61d8/src/relay_station.v:158]
INFO: [Synth 8-6155] done synthesizing module 'relay_station__parameterized1' (0#1) [/home/x_thileeb/repos/ops-hls-batching-new/codegen_apps/tapa_batching/jacobian2d/u280_datacopy_async_project2/_x/link/vivado/vpl/prj/prj.gen/my_rm/bd/ulp/ipshared/61d8/src/relay_station.v:8]
INFO: [Synth 8-6157] synthesizing module 'generate_last' [/home/x_thileeb/repos/ops-hls-batching-new/codegen_apps/tapa_batching/jacobian2d/u280_datacopy_async_project2/_x/link/vivado/vpl/prj/prj.gen/my_rm/bd/ulp/ipshared/61d8/src/generate_last.v:7]
INFO: [Synth 8-6155] done synthesizing module 'generate_last' (0#1) [/home/x_thileeb/repos/ops-hls-batching-new/codegen_apps/tapa_batching/jacobian2d/u280_datacopy_async_project2/_x/link/vivado/vpl/prj/prj.gen/my_rm/bd/ulp/ipshared/61d8/src/generate_last.v:7]
INFO: [Synth 8-6157] synthesizing module 'relay_station__parameterized2' [/home/x_thileeb/repos/ops-hls-batching-new/codegen_apps/tapa_batching/jacobian2d/u280_datacopy_async_project2/_x/link/vivado/vpl/prj/prj.gen/my_rm/bd/ulp/ipshared/61d8/src/relay_station.v:8]
INFO: [Synth 8-6157] synthesizing module 'fifo_almost_full__parameterized2' [/home/x_thileeb/repos/ops-hls-batching-new/codegen_apps/tapa_batching/jacobian2d/u280_datacopy_async_project2/_x/link/vivado/vpl/prj/prj.gen/my_rm/bd/ulp/ipshared/61d8/src/relay_station.v:158]
INFO: [Synth 8-6157] synthesizing module 'fifo_srl_almost_full__parameterized2' [/home/x_thileeb/repos/ops-hls-batching-new/codegen_apps/tapa_batching/jacobian2d/u280_datacopy_async_project2/_x/link/vivado/vpl/prj/prj.gen/my_rm/bd/ulp/ipshared/61d8/src/relay_station.v:250]
INFO: [Synth 8-6157] synthesizing module 'fifo_srl_almost_full_internal__parameterized2' [/home/x_thileeb/repos/ops-hls-batching-new/codegen_apps/tapa_batching/jacobian2d/u280_datacopy_async_project2/_x/link/vivado/vpl/prj/prj.gen/my_rm/bd/ulp/ipshared/61d8/src/relay_station.v:339]
INFO: [Synth 8-6155] done synthesizing module 'fifo_srl_almost_full_internal__parameterized2' (0#1) [/home/x_thileeb/repos/ops-hls-batching-new/codegen_apps/tapa_batching/jacobian2d/u280_datacopy_async_project2/_x/link/vivado/vpl/prj/prj.gen/my_rm/bd/ulp/ipshared/61d8/src/relay_station.v:339]
INFO: [Synth 8-6155] done synthesizing module 'fifo_srl_almost_full__parameterized2' (0#1) [/home/x_thileeb/repos/ops-hls-batching-new/codegen_apps/tapa_batching/jacobian2d/u280_datacopy_async_project2/_x/link/vivado/vpl/prj/prj.gen/my_rm/bd/ulp/ipshared/61d8/src/relay_station.v:250]
INFO: [Synth 8-6155] done synthesizing module 'fifo_almost_full__parameterized2' (0#1) [/home/x_thileeb/repos/ops-hls-batching-new/codegen_apps/tapa_batching/jacobian2d/u280_datacopy_async_project2/_x/link/vivado/vpl/prj/prj.gen/my_rm/bd/ulp/ipshared/61d8/src/relay_station.v:158]
INFO: [Synth 8-6155] done synthesizing module 'relay_station__parameterized2' (0#1) [/home/x_thileeb/repos/ops-hls-batching-new/codegen_apps/tapa_batching/jacobian2d/u280_datacopy_async_project2/_x/link/vivado/vpl/prj/prj.gen/my_rm/bd/ulp/ipshared/61d8/src/relay_station.v:8]
INFO: [Synth 8-6157] synthesizing module 'relay_station__parameterized3' [/home/x_thileeb/repos/ops-hls-batching-new/codegen_apps/tapa_batching/jacobian2d/u280_datacopy_async_project2/_x/link/vivado/vpl/prj/prj.gen/my_rm/bd/ulp/ipshared/61d8/src/relay_station.v:8]
INFO: [Synth 8-6157] synthesizing module 'fifo_almost_full__parameterized3' [/home/x_thileeb/repos/ops-hls-batching-new/codegen_apps/tapa_batching/jacobian2d/u280_datacopy_async_project2/_x/link/vivado/vpl/prj/prj.gen/my_rm/bd/ulp/ipshared/61d8/src/relay_station.v:158]
INFO: [Synth 8-6157] synthesizing module 'fifo_srl_almost_full__parameterized3' [/home/x_thileeb/repos/ops-hls-batching-new/codegen_apps/tapa_batching/jacobian2d/u280_datacopy_async_project2/_x/link/vivado/vpl/prj/prj.gen/my_rm/bd/ulp/ipshared/61d8/src/relay_station.v:250]
INFO: [Synth 8-6157] synthesizing module 'fifo_srl_almost_full_internal__parameterized3' [/home/x_thileeb/repos/ops-hls-batching-new/codegen_apps/tapa_batching/jacobian2d/u280_datacopy_async_project2/_x/link/vivado/vpl/prj/prj.gen/my_rm/bd/ulp/ipshared/61d8/src/relay_station.v:339]
INFO: [Synth 8-6155] done synthesizing module 'fifo_srl_almost_full_internal__parameterized3' (0#1) [/home/x_thileeb/repos/ops-hls-batching-new/codegen_apps/tapa_batching/jacobian2d/u280_datacopy_async_project2/_x/link/vivado/vpl/prj/prj.gen/my_rm/bd/ulp/ipshared/61d8/src/relay_station.v:339]
INFO: [Synth 8-6155] done synthesizing module 'fifo_srl_almost_full__parameterized3' (0#1) [/home/x_thileeb/repos/ops-hls-batching-new/codegen_apps/tapa_batching/jacobian2d/u280_datacopy_async_project2/_x/link/vivado/vpl/prj/prj.gen/my_rm/bd/ulp/ipshared/61d8/src/relay_station.v:250]
INFO: [Synth 8-6155] done synthesizing module 'fifo_almost_full__parameterized3' (0#1) [/home/x_thileeb/repos/ops-hls-batching-new/codegen_apps/tapa_batching/jacobian2d/u280_datacopy_async_project2/_x/link/vivado/vpl/prj/prj.gen/my_rm/bd/ulp/ipshared/61d8/src/relay_station.v:158]
INFO: [Synth 8-6155] done synthesizing module 'relay_station__parameterized3' (0#1) [/home/x_thileeb/repos/ops-hls-batching-new/codegen_apps/tapa_batching/jacobian2d/u280_datacopy_async_project2/_x/link/vivado/vpl/prj/prj.gen/my_rm/bd/ulp/ipshared/61d8/src/relay_station.v:8]
WARNING: [Synth 8-689] width (8) of port connection 'if_dout' does not match port width (9) of module 'relay_station__parameterized1' [/home/x_thileeb/repos/ops-hls-batching-new/codegen_apps/tapa_batching/jacobian2d/u280_datacopy_async_project2/_x/link/vivado/vpl/prj/prj.gen/my_rm/bd/ulp/ipshared/61d8/src/async_mmap.v:363]
WARNING: [Synth 8-693] zero replication count - replication ignored [/home/x_thileeb/repos/ops-hls-batching-new/codegen_apps/tapa_batching/jacobian2d/u280_datacopy_async_project2/_x/link/vivado/vpl/prj/prj.gen/my_rm/bd/ulp/ipshared/61d8/src/async_mmap.v:369]
WARNING: [Synth 8-693] zero replication count - replication ignored [/home/x_thileeb/repos/ops-hls-batching-new/codegen_apps/tapa_batching/jacobian2d/u280_datacopy_async_project2/_x/link/vivado/vpl/prj/prj.gen/my_rm/bd/ulp/ipshared/61d8/src/async_mmap.v:511]
INFO: [Synth 8-6155] done synthesizing module 'async_mmap' (0#1) [/home/x_thileeb/repos/ops-hls-batching-new/codegen_apps/tapa_batching/jacobian2d/u280_datacopy_async_project2/_x/link/vivado/vpl/prj/prj.gen/my_rm/bd/ulp/ipshared/61d8/src/async_mmap.v:7]
INFO: [Synth 8-6157] synthesizing module 'datamover_outerloop_0_fsm' [/home/x_thileeb/repos/ops-hls-batching-new/codegen_apps/tapa_batching/jacobian2d/u280_datacopy_async_project2/_x/link/vivado/vpl/prj/prj.gen/my_rm/bd/ulp/ipshared/61d8/src/datamover_outerloop_0_fsm.v:1]
INFO: [Synth 8-155] case statement is not full and has no default [/home/x_thileeb/repos/ops-hls-batching-new/codegen_apps/tapa_batching/jacobian2d/u280_datacopy_async_project2/_x/link/vivado/vpl/prj/prj.gen/my_rm/bd/ulp/ipshared/61d8/src/datamover_outerloop_0_fsm.v:281]
INFO: [Synth 8-6155] done synthesizing module 'datamover_outerloop_0_fsm' (0#1) [/home/x_thileeb/repos/ops-hls-batching-new/codegen_apps/tapa_batching/jacobian2d/u280_datacopy_async_project2/_x/link/vivado/vpl/prj/prj.gen/my_rm/bd/ulp/ipshared/61d8/src/datamover_outerloop_0_fsm.v:1]
INFO: [Synth 8-6155] done synthesizing module 'datamover_outerloop_0' (0#1) [/home/x_thileeb/repos/ops-hls-batching-new/codegen_apps/tapa_batching/jacobian2d/u280_datacopy_async_project2/_x/link/vivado/vpl/prj/prj.gen/my_rm/bd/ulp/ipshared/61d8/src/datamover_outerloop_0.v:8]
INFO: [Synth 8-6155] done synthesizing module 'ulp_datamover_outerloop_0_1_0' (0#1) [/home/x_thileeb/repos/ops-hls-batching-new/codegen_apps/tapa_batching/jacobian2d/u280_datacopy_async_project2/_x/link/vivado/vpl/prj/prj.gen/my_rm/bd/ulp/ip/ulp_datamover_outerloop_0_1_0/synth/ulp_datamover_outerloop_0_1_0.v:53]
WARNING: [Synth 8-6014] Unused sequential element int_ap_done_reg was removed.  [/home/x_thileeb/repos/ops-hls-batching-new/codegen_apps/tapa_batching/jacobian2d/u280_datacopy_async_project2/_x/link/vivado/vpl/prj/prj.gen/my_rm/bd/ulp/ipshared/61d8/src/datamover_outerloop_0_control_s_axi.v:351]
WARNING: [Synth 8-6014] Unused sequential element genblk1[0].thread_region_reg_reg[0] was removed.  [/home/x_thileeb/repos/ops-hls-batching-new/codegen_apps/tapa_batching/jacobian2d/u280_datacopy_async_project2/_x/link/vivado/vpl/prj/prj.gen/my_rm/bd/ulp/ipshared/61d8/src/axi_crossbar_addr.v:309]
WARNING: [Synth 8-6014] Unused sequential element s_axi_buser_reg_reg was removed.  [/home/x_thileeb/repos/ops-hls-batching-new/codegen_apps/tapa_batching/jacobian2d/u280_datacopy_async_project2/_x/link/vivado/vpl/prj/prj.gen/my_rm/bd/ulp/ipshared/61d8/src/axi_register_wr.v:672]
WARNING: [Synth 8-6014] Unused sequential element genblk1[0].thread_region_reg_reg[0] was removed.  [/home/x_thileeb/repos/ops-hls-batching-new/codegen_apps/tapa_batching/jacobian2d/u280_datacopy_async_project2/_x/link/vivado/vpl/prj/prj.gen/my_rm/bd/ulp/ipshared/61d8/src/axi_crossbar_addr.v:309]
WARNING: [Synth 8-6014] Unused sequential element m_axi_awuser_reg_reg was removed.  [/home/x_thileeb/repos/ops-hls-batching-new/codegen_apps/tapa_batching/jacobian2d/u280_datacopy_async_project2/_x/link/vivado/vpl/prj/prj.gen/my_rm/bd/ulp/ipshared/61d8/src/axi_register_wr.v:342]
WARNING: [Synth 8-6014] Unused sequential element m_axi_wuser_reg_reg was removed.  [/home/x_thileeb/repos/ops-hls-batching-new/codegen_apps/tapa_batching/jacobian2d/u280_datacopy_async_project2/_x/link/vivado/vpl/prj/prj.gen/my_rm/bd/ulp/ipshared/61d8/src/axi_register_wr.v:445]
WARNING: [Synth 8-6014] Unused sequential element temp_m_axi_wuser_reg_reg was removed.  [/home/x_thileeb/repos/ops-hls-batching-new/codegen_apps/tapa_batching/jacobian2d/u280_datacopy_async_project2/_x/link/vivado/vpl/prj/prj.gen/my_rm/bd/ulp/ipshared/61d8/src/axi_register_wr.v:450]
WARNING: [Synth 8-6014] Unused sequential element genblk1[0].thread_region_reg_reg[0] was removed.  [/home/x_thileeb/repos/ops-hls-batching-new/codegen_apps/tapa_batching/jacobian2d/u280_datacopy_async_project2/_x/link/vivado/vpl/prj/prj.gen/my_rm/bd/ulp/ipshared/61d8/src/axi_crossbar_addr.v:309]
WARNING: [Synth 8-6014] Unused sequential element s_axi_ruser_reg_reg was removed.  [/home/x_thileeb/repos/ops-hls-batching-new/codegen_apps/tapa_batching/jacobian2d/u280_datacopy_async_project2/_x/link/vivado/vpl/prj/prj.gen/my_rm/bd/ulp/ipshared/61d8/src/axi_register_rd.v:434]
WARNING: [Synth 8-6014] Unused sequential element temp_s_axi_ruser_reg_reg was removed.  [/home/x_thileeb/repos/ops-hls-batching-new/codegen_apps/tapa_batching/jacobian2d/u280_datacopy_async_project2/_x/link/vivado/vpl/prj/prj.gen/my_rm/bd/ulp/ipshared/61d8/src/axi_register_rd.v:440]
WARNING: [Synth 8-6014] Unused sequential element genblk1[0].thread_region_reg_reg[0] was removed.  [/home/x_thileeb/repos/ops-hls-batching-new/codegen_apps/tapa_batching/jacobian2d/u280_datacopy_async_project2/_x/link/vivado/vpl/prj/prj.gen/my_rm/bd/ulp/ipshared/61d8/src/axi_crossbar_addr.v:309]
WARNING: [Synth 8-6014] Unused sequential element m_axi_aruser_reg_reg was removed.  [/home/x_thileeb/repos/ops-hls-batching-new/codegen_apps/tapa_batching/jacobian2d/u280_datacopy_async_project2/_x/link/vivado/vpl/prj/prj.gen/my_rm/bd/ulp/ipshared/61d8/src/axi_register_rd.v:327]
WARNING: [Synth 8-7129] Port task_pingpong_mem2stream_0__ap_idle in module datamover_outerloop_0_fsm is either unconnected or has no load
WARNING: [Synth 8-7129] Port task_pingpong_stream2mem_0__ap_idle in module datamover_outerloop_0_fsm is either unconnected or has no load
WARNING: [Synth 8-7129] Port task_stepdown_0__ap_idle in module datamover_outerloop_0_fsm is either unconnected or has no load
WARNING: [Synth 8-7129] Port task_stepup_0__ap_idle in module datamover_outerloop_0_fsm is either unconnected or has no load
WARNING: [Synth 8-7129] Port a[6] in module fifo_srl_almost_full_internal__parameterized2 is either unconnected or has no load
WARNING: [Synth 8-7129] Port a[6] in module fifo_srl_almost_full_internal__parameterized0 is either unconnected or has no load
WARNING: [Synth 8-7129] Port a[6] in module fifo_srl_almost_full_internal is either unconnected or has no load
WARNING: [Synth 8-7129] Port a[6] in module fifo_srl_almost_full_internal__parameterized1 is either unconnected or has no load
WARNING: [Synth 8-7129] Port a[6] in module fifo_srl_almost_full_internal__parameterized3 is either unconnected or has no load
WARNING: [Synth 8-7129] Port m_axi_BRESP[1] in module async_mmap is either unconnected or has no load
WARNING: [Synth 8-7129] Port m_axi_BRESP[0] in module async_mmap is either unconnected or has no load
WARNING: [Synth 8-7129] Port m_axi_BID[0] in module async_mmap is either unconnected or has no load
WARNING: [Synth 8-7129] Port m_axi_RLAST in module async_mmap is either unconnected or has no load
WARNING: [Synth 8-7129] Port m_axi_RID[0] in module async_mmap is either unconnected or has no load
WARNING: [Synth 8-7129] Port m_axi_RRESP[1] in module async_mmap is either unconnected or has no load
WARNING: [Synth 8-7129] Port m_axi_RRESP[0] in module async_mmap is either unconnected or has no load
WARNING: [Synth 8-7129] Port reset in module task_stepup_mul_32ns_32ns_64_2_1 is either unconnected or has no load
WARNING: [Synth 8-7129] Port strm_in_s_dout[256] in module task_stepup_task_stepup_Pipeline_VITIS_LOOP_1439_1_VITIS_LOOP_1081_1 is either unconnected or has no load
WARNING: [Synth 8-7129] Port strm_in_peek_dout[256] in module task_stepup is either unconnected or has no load
WARNING: [Synth 8-7129] Port strm_in_peek_dout[255] in module task_stepup is either unconnected or has no load
WARNING: [Synth 8-7129] Port strm_in_peek_dout[254] in module task_stepup is either unconnected or has no load
WARNING: [Synth 8-7129] Port strm_in_peek_dout[253] in module task_stepup is either unconnected or has no load
WARNING: [Synth 8-7129] Port strm_in_peek_dout[252] in module task_stepup is either unconnected or has no load
WARNING: [Synth 8-7129] Port strm_in_peek_dout[251] in module task_stepup is either unconnected or has no load
WARNING: [Synth 8-7129] Port strm_in_peek_dout[250] in module task_stepup is either unconnected or has no load
WARNING: [Synth 8-7129] Port strm_in_peek_dout[249] in module task_stepup is either unconnected or has no load
WARNING: [Synth 8-7129] Port strm_in_peek_dout[248] in module task_stepup is either unconnected or has no load
WARNING: [Synth 8-7129] Port strm_in_peek_dout[247] in module task_stepup is either unconnected or has no load
WARNING: [Synth 8-7129] Port strm_in_peek_dout[246] in module task_stepup is either unconnected or has no load
WARNING: [Synth 8-7129] Port strm_in_peek_dout[245] in module task_stepup is either unconnected or has no load
WARNING: [Synth 8-7129] Port strm_in_peek_dout[244] in module task_stepup is either unconnected or has no load
WARNING: [Synth 8-7129] Port strm_in_peek_dout[243] in module task_stepup is either unconnected or has no load
WARNING: [Synth 8-7129] Port strm_in_peek_dout[242] in module task_stepup is either unconnected or has no load
WARNING: [Synth 8-7129] Port strm_in_peek_dout[241] in module task_stepup is either unconnected or has no load
WARNING: [Synth 8-7129] Port strm_in_peek_dout[240] in module task_stepup is either unconnected or has no load
WARNING: [Synth 8-7129] Port strm_in_peek_dout[239] in module task_stepup is either unconnected or has no load
WARNING: [Synth 8-7129] Port strm_in_peek_dout[238] in module task_stepup is either unconnected or has no load
WARNING: [Synth 8-7129] Port strm_in_peek_dout[237] in module task_stepup is either unconnected or has no load
WARNING: [Synth 8-7129] Port strm_in_peek_dout[236] in module task_stepup is either unconnected or has no load
WARNING: [Synth 8-7129] Port strm_in_peek_dout[235] in module task_stepup is either unconnected or has no load
WARNING: [Synth 8-7129] Port strm_in_peek_dout[234] in module task_stepup is either unconnected or has no load
WARNING: [Synth 8-7129] Port strm_in_peek_dout[233] in module task_stepup is either unconnected or has no load
WARNING: [Synth 8-7129] Port strm_in_peek_dout[232] in module task_stepup is either unconnected or has no load
WARNING: [Synth 8-7129] Port strm_in_peek_dout[231] in module task_stepup is either unconnected or has no load
WARNING: [Synth 8-7129] Port strm_in_peek_dout[230] in module task_stepup is either unconnected or has no load
WARNING: [Synth 8-7129] Port strm_in_peek_dout[229] in module task_stepup is either unconnected or has no load
WARNING: [Synth 8-7129] Port strm_in_peek_dout[228] in module task_stepup is either unconnected or has no load
WARNING: [Synth 8-7129] Port strm_in_peek_dout[227] in module task_stepup is either unconnected or has no load
WARNING: [Synth 8-7129] Port strm_in_peek_dout[226] in module task_stepup is either unconnected or has no load
WARNING: [Synth 8-7129] Port strm_in_peek_dout[225] in module task_stepup is either unconnected or has no load
WARNING: [Synth 8-7129] Port strm_in_peek_dout[224] in module task_stepup is either unconnected or has no load
WARNING: [Synth 8-7129] Port strm_in_peek_dout[223] in module task_stepup is either unconnected or has no load
WARNING: [Synth 8-7129] Port strm_in_peek_dout[222] in module task_stepup is either unconnected or has no load
WARNING: [Synth 8-7129] Port strm_in_peek_dout[221] in module task_stepup is either unconnected or has no load
WARNING: [Synth 8-7129] Port strm_in_peek_dout[220] in module task_stepup is either unconnected or has no load
WARNING: [Synth 8-7129] Port strm_in_peek_dout[219] in module task_stepup is either unconnected or has no load
WARNING: [Synth 8-7129] Port strm_in_peek_dout[218] in module task_stepup is either unconnected or has no load
WARNING: [Synth 8-7129] Port strm_in_peek_dout[217] in module task_stepup is either unconnected or has no load
WARNING: [Synth 8-7129] Port strm_in_peek_dout[216] in module task_stepup is either unconnected or has no load
WARNING: [Synth 8-7129] Port strm_in_peek_dout[215] in module task_stepup is either unconnected or has no load
WARNING: [Synth 8-7129] Port strm_in_peek_dout[214] in module task_stepup is either unconnected or has no load
WARNING: [Synth 8-7129] Port strm_in_peek_dout[213] in module task_stepup is either unconnected or has no load
WARNING: [Synth 8-7129] Port strm_in_peek_dout[212] in module task_stepup is either unconnected or has no load
WARNING: [Synth 8-7129] Port strm_in_peek_dout[211] in module task_stepup is either unconnected or has no load
WARNING: [Synth 8-7129] Port strm_in_peek_dout[210] in module task_stepup is either unconnected or has no load
WARNING: [Synth 8-7129] Port strm_in_peek_dout[209] in module task_stepup is either unconnected or has no load
WARNING: [Synth 8-7129] Port strm_in_peek_dout[208] in module task_stepup is either unconnected or has no load
WARNING: [Synth 8-7129] Port strm_in_peek_dout[207] in module task_stepup is either unconnected or has no load
WARNING: [Synth 8-7129] Port strm_in_peek_dout[206] in module task_stepup is either unconnected or has no load
WARNING: [Synth 8-7129] Port strm_in_peek_dout[205] in module task_stepup is either unconnected or has no load
WARNING: [Synth 8-7129] Port strm_in_peek_dout[204] in module task_stepup is either unconnected or has no load
WARNING: [Synth 8-7129] Port strm_in_peek_dout[203] in module task_stepup is either unconnected or has no load
WARNING: [Synth 8-7129] Port strm_in_peek_dout[202] in module task_stepup is either unconnected or has no load
WARNING: [Synth 8-7129] Port strm_in_peek_dout[201] in module task_stepup is either unconnected or has no load
WARNING: [Synth 8-7129] Port strm_in_peek_dout[200] in module task_stepup is either unconnected or has no load
WARNING: [Synth 8-7129] Port strm_in_peek_dout[199] in module task_stepup is either unconnected or has no load
WARNING: [Synth 8-7129] Port strm_in_peek_dout[198] in module task_stepup is either unconnected or has no load
WARNING: [Synth 8-7129] Port strm_in_peek_dout[197] in module task_stepup is either unconnected or has no load
WARNING: [Synth 8-7129] Port strm_in_peek_dout[196] in module task_stepup is either unconnected or has no load
WARNING: [Synth 8-7129] Port strm_in_peek_dout[195] in module task_stepup is either unconnected or has no load
WARNING: [Synth 8-7129] Port strm_in_peek_dout[194] in module task_stepup is either unconnected or has no load
WARNING: [Synth 8-7129] Port strm_in_peek_dout[193] in module task_stepup is either unconnected or has no load
WARNING: [Synth 8-7129] Port strm_in_peek_dout[192] in module task_stepup is either unconnected or has no load
WARNING: [Synth 8-7129] Port strm_in_peek_dout[191] in module task_stepup is either unconnected or has no load
WARNING: [Synth 8-7129] Port strm_in_peek_dout[190] in module task_stepup is either unconnected or has no load
WARNING: [Synth 8-7129] Port strm_in_peek_dout[189] in module task_stepup is either unconnected or has no load
WARNING: [Synth 8-7129] Port strm_in_peek_dout[188] in module task_stepup is either unconnected or has no load
WARNING: [Synth 8-7129] Port strm_in_peek_dout[187] in module task_stepup is either unconnected or has no load
WARNING: [Synth 8-7129] Port strm_in_peek_dout[186] in module task_stepup is either unconnected or has no load
WARNING: [Synth 8-7129] Port strm_in_peek_dout[185] in module task_stepup is either unconnected or has no load
WARNING: [Synth 8-7129] Port strm_in_peek_dout[184] in module task_stepup is either unconnected or has no load
WARNING: [Synth 8-7129] Port strm_in_peek_dout[183] in module task_stepup is either unconnected or has no load
WARNING: [Synth 8-7129] Port strm_in_peek_dout[182] in module task_stepup is either unconnected or has no load
WARNING: [Synth 8-7129] Port strm_in_peek_dout[181] in module task_stepup is either unconnected or has no load
WARNING: [Synth 8-7129] Port strm_in_peek_dout[180] in module task_stepup is either unconnected or has no load
WARNING: [Synth 8-7129] Port strm_in_peek_dout[179] in module task_stepup is either unconnected or has no load
WARNING: [Synth 8-7129] Port strm_in_peek_dout[178] in module task_stepup is either unconnected or has no load
WARNING: [Synth 8-7129] Port strm_in_peek_dout[177] in module task_stepup is either unconnected or has no load
WARNING: [Synth 8-7129] Port strm_in_peek_dout[176] in module task_stepup is either unconnected or has no load
WARNING: [Synth 8-7129] Port strm_in_peek_dout[175] in module task_stepup is either unconnected or has no load
INFO: [Common 17-14] Message 'Synth 8-7129' appears 100 times and further instances of the messages will be disabled. Use the Tcl command set_msg_config to change the current settings.
---------------------------------------------------------------------------------
Finished RTL Elaboration : Time (s): cpu = 00:00:05 ; elapsed = 00:00:06 . Memory (MB): peak = 3604.367 ; gain = 490.543 ; free physical = 157309 ; free virtual = 376483
Synthesis current peak Physical Memory [PSS] (MB): peak = 2699.968; parent = 2556.570; children = 143.397
Synthesis current peak Virtual Memory [VSS] (MB): peak = 4576.996; parent = 3604.371; children = 972.625
---------------------------------------------------------------------------------
---------------------------------------------------------------------------------
Start Handling Custom Attributes
---------------------------------------------------------------------------------
---------------------------------------------------------------------------------
Finished Handling Custom Attributes : Time (s): cpu = 00:00:05 ; elapsed = 00:00:07 . Memory (MB): peak = 3622.180 ; gain = 508.355 ; free physical = 157268 ; free virtual = 376442
Synthesis current peak Physical Memory [PSS] (MB): peak = 2699.968; parent = 2556.570; children = 143.397
Synthesis current peak Virtual Memory [VSS] (MB): peak = 4594.809; parent = 3622.184; children = 972.625
---------------------------------------------------------------------------------
---------------------------------------------------------------------------------
Finished RTL Optimization Phase 1 : Time (s): cpu = 00:00:05 ; elapsed = 00:00:07 . Memory (MB): peak = 3622.180 ; gain = 508.355 ; free physical = 157256 ; free virtual = 376430
Synthesis current peak Physical Memory [PSS] (MB): peak = 2699.968; parent = 2556.570; children = 143.397
Synthesis current peak Virtual Memory [VSS] (MB): peak = 4594.809; parent = 3622.184; children = 972.625
---------------------------------------------------------------------------------
Netlist sorting complete. Time (s): cpu = 00:00:01 ; elapsed = 00:00:01 . Memory (MB): peak = 3670.969 ; gain = 0.000 ; free physical = 157383 ; free virtual = 376564
INFO: [Project 1-570] Preparing netlist for logic optimization

Processing XDC Constraints
Initializing timing engine
Completed Processing XDC Constraints

Netlist sorting complete. Time (s): cpu = 00:00:00.01 ; elapsed = 00:00:00.02 . Memory (MB): peak = 4080.215 ; gain = 0.000 ; free physical = 155997 ; free virtual = 375178
INFO: [Project 1-111] Unisim Transformation Summary:
No Unisim elements were transformed.

Constraint Validation Runtime : Time (s): cpu = 00:00:03 ; elapsed = 00:00:03 . Memory (MB): peak = 4175.059 ; gain = 94.844 ; free physical = 155385 ; free virtual = 374566
INFO: [Designutils 20-5008] Incremental synthesis strategy off
INFO: [Synth 8-11241] undeclared symbol 'REGCCE', assumed default net type 'wire' [/tools/Xilinx/Vivado/2022.2/data/verilog/src/unimacro/BRAM_SINGLE_MACRO.v:2170]
---------------------------------------------------------------------------------
Finished Constraint Validation : Time (s): cpu = 00:00:25 ; elapsed = 00:00:28 . Memory (MB): peak = 4175.059 ; gain = 1061.234 ; free physical = 155113 ; free virtual = 374294
Synthesis current peak Physical Memory [PSS] (MB): peak = 3285.914; parent = 3142.657; children = 143.397
Synthesis current peak Virtual Memory [VSS] (MB): peak = 5147.688; parent = 4175.062; children = 972.625
---------------------------------------------------------------------------------
---------------------------------------------------------------------------------
Start Loading Part and Timing Information
---------------------------------------------------------------------------------
Loading part: xcu280-fsvh2892-2L-e
INFO: [Synth 8-6742] Reading net delay rules and data
---------------------------------------------------------------------------------
Finished Loading Part and Timing Information : Time (s): cpu = 00:00:25 ; elapsed = 00:00:28 . Memory (MB): peak = 4175.059 ; gain = 1061.234 ; free physical = 155094 ; free virtual = 374275
Synthesis current peak Physical Memory [PSS] (MB): peak = 3285.914; parent = 3142.657; children = 143.397
Synthesis current peak Virtual Memory [VSS] (MB): peak = 5147.688; parent = 4175.062; children = 972.625
---------------------------------------------------------------------------------
---------------------------------------------------------------------------------
Start Applying 'set_property' XDC Constraints
---------------------------------------------------------------------------------
---------------------------------------------------------------------------------
Finished applying 'set_property' XDC Constraints : Time (s): cpu = 00:00:25 ; elapsed = 00:00:28 . Memory (MB): peak = 4175.059 ; gain = 1061.234 ; free physical = 155072 ; free virtual = 374253
Synthesis current peak Physical Memory [PSS] (MB): peak = 3285.914; parent = 3142.657; children = 143.397
Synthesis current peak Virtual Memory [VSS] (MB): peak = 5147.688; parent = 4175.062; children = 972.625
---------------------------------------------------------------------------------
INFO: [Synth 8-802] inferred FSM for state register 'wstate_reg' in module 'datamover_outerloop_0_control_s_axi'
INFO: [Synth 8-802] inferred FSM for state register 'rstate_reg' in module 'datamover_outerloop_0_control_s_axi'
INFO: [Synth 8-802] inferred FSM for state register 'state_reg_reg' in module 'axi_crossbar_addr'
INFO: [Synth 8-802] inferred FSM for state register 'state_reg_reg' in module 'axi_crossbar_addr__parameterized0'
INFO: [Synth 8-802] inferred FSM for state register 'state_reg_reg' in module 'axi_crossbar_addr__parameterized1'
INFO: [Synth 8-802] inferred FSM for state register 'state_reg_reg' in module 'axi_crossbar_addr__parameterized2'
INFO: [Synth 8-4490] FSM extraction disabled for register 'ap_CS_fsm_reg' through user attribute
INFO: [Synth 8-4490] FSM extraction disabled for register 'ap_CS_fsm_reg' through user attribute
WARNING: [Synth 8-3936] Found unconnected internal register 'arg1_write_resp_s_read_reg_294_1_reg' and it is trimmed from '9' to '8' bits. [/home/x_thileeb/repos/ops-hls-batching-new/codegen_apps/tapa_batching/jacobian2d/u280_datacopy_async_project2/_x/link/vivado/vpl/prj/prj.gen/my_rm/bd/ulp/ipshared/61d8/src/task_pingpong_stream2mem_stream2mem_float_16u_2u_s.v:206]
INFO: [Synth 8-4490] FSM extraction disabled for register 'ap_CS_fsm_reg' through user attribute
INFO: [Synth 8-4490] FSM extraction disabled for register 'ap_CS_fsm_reg' through user attribute
INFO: [Synth 8-4490] FSM extraction disabled for register 'ap_CS_fsm_reg' through user attribute
INFO: [Synth 8-4490] FSM extraction disabled for register 'ap_CS_fsm_reg' through user attribute
INFO: [Synth 8-802] inferred FSM for state register 'task_pingpong_mem2stream_0__state_reg' in module 'datamover_outerloop_0_fsm'
INFO: [Synth 8-802] inferred FSM for state register 'task_pingpong_stream2mem_0__state_reg' in module 'datamover_outerloop_0_fsm'
INFO: [Synth 8-802] inferred FSM for state register 'task_stepdown_0__state_reg' in module 'datamover_outerloop_0_fsm'
INFO: [Synth 8-802] inferred FSM for state register 'task_stepup_0__state_reg' in module 'datamover_outerloop_0_fsm'
INFO: [Synth 8-802] inferred FSM for state register 'tapa_state_reg' in module 'datamover_outerloop_0_fsm'
---------------------------------------------------------------------------------------------------
                   State |                     New Encoding |                Previous Encoding 
---------------------------------------------------------------------------------------------------
                  iSTATE |                             0001 |                               11
*
                  WRIDLE |                             0010 |                               00
                  WRDATA |                             0100 |                               01
                  WRRESP |                             1000 |                               10
---------------------------------------------------------------------------------------------------
INFO: [Synth 8-3354] encoded FSM with state register 'wstate_reg' using encoding 'one-hot' in module 'datamover_outerloop_0_control_s_axi'
---------------------------------------------------------------------------------------------------
                   State |                     New Encoding |                Previous Encoding 
---------------------------------------------------------------------------------------------------
                  iSTATE |                              001 |                               10
*
                  RDIDLE |                              010 |                               00
                  RDDATA |                              100 |                               01
---------------------------------------------------------------------------------------------------
INFO: [Synth 8-3354] encoded FSM with state register 'rstate_reg' using encoding 'one-hot' in module 'datamover_outerloop_0_control_s_axi'
INFO: [Synth 8-7082] The signal mem_reg is implemented as Block RAM but is better mapped onto distributed LUT RAM for the following reason(s): The depth (8 address bits) is shallow. Please use attribute (* ram_style = "distributed" *) to instruct Vivado to infer distributed LUT RAM.
INFO: [Synth 8-7030] Implemented Non-Cascaded Block Ram (cascade_height = 1) of width 2 for RAM "fifo_bram:/mem_reg"
---------------------------------------------------------------------------------------------------
                   State |                     New Encoding |                Previous Encoding 
---------------------------------------------------------------------------------------------------
              STATE_IDLE |                                0 |                              000
            STATE_DECODE |                                1 |                              001
---------------------------------------------------------------------------------------------------
INFO: [Synth 8-3354] encoded FSM with state register 'state_reg_reg' using encoding 'sequential' in module 'axi_crossbar_addr'
---------------------------------------------------------------------------------------------------
                   State |                     New Encoding |                Previous Encoding 
---------------------------------------------------------------------------------------------------
              STATE_IDLE |                                0 |                              000
            STATE_DECODE |                                1 |                              001
---------------------------------------------------------------------------------------------------
INFO: [Synth 8-3354] encoded FSM with state register 'state_reg_reg' using encoding 'sequential' in module 'axi_crossbar_addr__parameterized0'
---------------------------------------------------------------------------------------------------
                   State |                     New Encoding |                Previous Encoding 
---------------------------------------------------------------------------------------------------
              STATE_IDLE |                                0 |                              000
            STATE_DECODE |                                1 |                              001
---------------------------------------------------------------------------------------------------
INFO: [Synth 8-3354] encoded FSM with state register 'state_reg_reg' using encoding 'sequential' in module 'axi_crossbar_addr__parameterized1'
---------------------------------------------------------------------------------------------------
                   State |                     New Encoding |                Previous Encoding 
---------------------------------------------------------------------------------------------------
              STATE_IDLE |                                0 |                              000
            STATE_DECODE |                                1 |                              001
---------------------------------------------------------------------------------------------------
INFO: [Synth 8-3354] encoded FSM with state register 'state_reg_reg' using encoding 'sequential' in module 'axi_crossbar_addr__parameterized2'
---------------------------------------------------------------------------------------------------
                   State |                     New Encoding |                Previous Encoding 
---------------------------------------------------------------------------------------------------
                  iSTATE |                               00 |                               00
*
                 iSTATE0 |                               01 |                               01
                 iSTATE1 |                               10 |                               11
                 iSTATE2 |                               11 |                               10
---------------------------------------------------------------------------------------------------
INFO: [Synth 8-3354] encoded FSM with state register 'task_pingpong_stream2mem_0__state_reg' using encoding 'sequential' in module 'datamover_outerloop_0_fsm'
---------------------------------------------------------------------------------------------------
                   State |                     New Encoding |                Previous Encoding 
---------------------------------------------------------------------------------------------------
                  iSTATE |                               00 |                               00
*
                 iSTATE0 |                               01 |                               01
                 iSTATE1 |                               10 |                               11
                 iSTATE2 |                               11 |                               10
---------------------------------------------------------------------------------------------------
INFO: [Synth 8-3354] encoded FSM with state register 'task_stepdown_0__state_reg' using encoding 'sequential' in module 'datamover_outerloop_0_fsm'
---------------------------------------------------------------------------------------------------
                   State |                     New Encoding |                Previous Encoding 
---------------------------------------------------------------------------------------------------
                  iSTATE |                               00 |                               00
*
                 iSTATE0 |                               01 |                               01
                 iSTATE1 |                               10 |                               11
                 iSTATE2 |                               11 |                               10
---------------------------------------------------------------------------------------------------
INFO: [Synth 8-3354] encoded FSM with state register 'task_stepup_0__state_reg' using encoding 'sequential' in module 'datamover_outerloop_0_fsm'
---------------------------------------------------------------------------------------------------
                   State |                     New Encoding |                Previous Encoding 
---------------------------------------------------------------------------------------------------
                  iSTATE |                               00 |                               00
*
                 iSTATE0 |                               01 |                               01
                 iSTATE1 |                               10 |                               11
                 iSTATE2 |                               11 |                               10
---------------------------------------------------------------------------------------------------
INFO: [Synth 8-3354] encoded FSM with state register 'task_pingpong_mem2stream_0__state_reg' using encoding 'sequential' in module 'datamover_outerloop_0_fsm'
---------------------------------------------------------------------------------------------------
                   State |                     New Encoding |                Previous Encoding 
---------------------------------------------------------------------------------------------------
                  iSTATE |                              001 |                               00
                 iSTATE0 |                              010 |                               01
                 iSTATE1 |                              100 |                               10
---------------------------------------------------------------------------------------------------
INFO: [Synth 8-3354] encoded FSM with state register 'tapa_state_reg' using encoding 'one-hot' in module 'datamover_outerloop_0_fsm'
---------------------------------------------------------------------------------
Finished RTL Optimization Phase 2 : Time (s): cpu = 00:00:26 ; elapsed = 00:00:30 . Memory (MB): peak = 4175.059 ; gain = 1061.234 ; free physical = 154685 ; free virtual = 373869
Synthesis current peak Physical Memory [PSS] (MB): peak = 3285.914; parent = 3142.657; children = 143.397
Synthesis current peak Virtual Memory [VSS] (MB): peak = 5147.688; parent = 4175.062; children = 972.625
---------------------------------------------------------------------------------
---------------------------------------------------------------------------------
Start RTL Component Statistics 
---------------------------------------------------------------------------------
Detailed RTL Component Info : 
+---Adders : 
	   2 Input   64 Bit       Adders := 2     
	   3 Input   58 Bit       Adders := 8     
	   2 Input   32 Bit       Adders := 3     
	   2 Input   16 Bit       Adders := 2     
	   2 Input    9 Bit       Adders := 13    
	   2 Input    8 Bit       Adders := 47    
	   2 Input    7 Bit       Adders := 2     
	   2 Input    5 Bit       Adders := 20    
	   2 Input    4 Bit       Adders := 2     
	   2 Input    2 Bit       Adders := 32    
+---XORs : 
	   2 Input      1 Bit         XORs := 2     
+---Registers : 
	              512 Bit    Registers := 16    
	              256 Bit    Registers := 2     
	               64 Bit    Registers := 28    
	               58 Bit    Registers := 8     
	               32 Bit    Registers := 14    
	               31 Bit    Registers := 4     
	               16 Bit    Registers := 3     
	                9 Bit    Registers := 12    
	                8 Bit    Registers := 51    
	                7 Bit    Registers := 3     
	                5 Bit    Registers := 22    
	                4 Bit    Registers := 22    
	                3 Bit    Registers := 10    
	                2 Bit    Registers := 78    
	                1 Bit    Registers := 379   
+---Multipliers : 
	              32x32  Multipliers := 2     
+---RAMs : 
	              512 Bit	(256 X 2 bit)          RAMs := 1     
+---Muxes : 
	   2 Input  513 Bit        Muxes := 2     
	   2 Input  512 Bit        Muxes := 10    
	   2 Input  256 Bit        Muxes := 1     
	   2 Input   64 Bit        Muxes := 66    
	   5 Input   32 Bit        Muxes := 2     
	   2 Input   16 Bit        Muxes := 1     
	   2 Input    9 Bit        Muxes := 103   
	   2 Input    8 Bit        Muxes := 12    
	   2 Input    7 Bit        Muxes := 40    
	   2 Input    5 Bit        Muxes := 5     
	   2 Input    4 Bit        Muxes := 17    
	   4 Input    4 Bit        Muxes := 1     
	   2 Input    3 Bit        Muxes := 11    
	   3 Input    3 Bit        Muxes := 2     
	   5 Input    3 Bit        Muxes := 2     
	   2 Input    2 Bit        Muxes := 112   
	   4 Input    2 Bit        Muxes := 6     
	   2 Input    1 Bit        Muxes := 580   
	   5 Input    1 Bit        Muxes := 4     
	   3 Input    1 Bit        Muxes := 1     
---------------------------------------------------------------------------------
Finished RTL Component Statistics 
---------------------------------------------------------------------------------
---------------------------------------------------------------------------------
Start Part Resource Summary
---------------------------------------------------------------------------------
Part Resources:
DSPs: 9024 (col length:94)
BRAMs: 4032 (col length: RAMB18 288 RAMB36 144)
---------------------------------------------------------------------------------
Finished Part Resource Summary
---------------------------------------------------------------------------------
---------------------------------------------------------------------------------
Start Cross Boundary and Area Optimization
---------------------------------------------------------------------------------
WARNING: [Synth 8-7080] Parallel synthesis criteria is not met
DSP Report: Generating DSP mul_32ns_32ns_64_2_1_U5/tmp_product, operation Mode is: A*B.
DSP Report: operator mul_32ns_32ns_64_2_1_U5/tmp_product is absorbed into DSP mul_32ns_32ns_64_2_1_U5/tmp_product.
DSP Report: operator mul_32ns_32ns_64_2_1_U5/tmp_product is absorbed into DSP mul_32ns_32ns_64_2_1_U5/tmp_product.
DSP Report: Generating DSP mul_32ns_32ns_64_2_1_U5/dout_reg, operation Mode is: (PCIN>>17)+A*B.
DSP Report: register mul_32ns_32ns_64_2_1_U5/dout_reg is absorbed into DSP mul_32ns_32ns_64_2_1_U5/dout_reg.
DSP Report: operator mul_32ns_32ns_64_2_1_U5/tmp_product is absorbed into DSP mul_32ns_32ns_64_2_1_U5/dout_reg.
DSP Report: operator mul_32ns_32ns_64_2_1_U5/tmp_product is absorbed into DSP mul_32ns_32ns_64_2_1_U5/dout_reg.
DSP Report: Generating DSP mul_32ns_32ns_64_2_1_U5/tmp_product, operation Mode is: A*B.
DSP Report: operator mul_32ns_32ns_64_2_1_U5/tmp_product is absorbed into DSP mul_32ns_32ns_64_2_1_U5/tmp_product.
DSP Report: operator mul_32ns_32ns_64_2_1_U5/tmp_product is absorbed into DSP mul_32ns_32ns_64_2_1_U5/tmp_product.
DSP Report: Generating DSP mul_32ns_32ns_64_2_1_U5/dout_reg, operation Mode is: (PCIN>>17)+A*B.
DSP Report: register mul_32ns_32ns_64_2_1_U5/dout_reg is absorbed into DSP mul_32ns_32ns_64_2_1_U5/dout_reg.
DSP Report: operator mul_32ns_32ns_64_2_1_U5/tmp_product is absorbed into DSP mul_32ns_32ns_64_2_1_U5/dout_reg.
DSP Report: operator mul_32ns_32ns_64_2_1_U5/tmp_product is absorbed into DSP mul_32ns_32ns_64_2_1_U5/dout_reg.
DSP Report: Generating DSP mul_32ns_32ns_64_2_1_U5/tmp_product, operation Mode is: A*B.
DSP Report: operator mul_32ns_32ns_64_2_1_U5/tmp_product is absorbed into DSP mul_32ns_32ns_64_2_1_U5/tmp_product.
DSP Report: operator mul_32ns_32ns_64_2_1_U5/tmp_product is absorbed into DSP mul_32ns_32ns_64_2_1_U5/tmp_product.
DSP Report: Generating DSP mul_32ns_32ns_64_2_1_U5/dout_reg, operation Mode is: (PCIN>>17)+A*B.
DSP Report: register mul_32ns_32ns_64_2_1_U5/dout_reg is absorbed into DSP mul_32ns_32ns_64_2_1_U5/dout_reg.
DSP Report: operator mul_32ns_32ns_64_2_1_U5/tmp_product is absorbed into DSP mul_32ns_32ns_64_2_1_U5/dout_reg.
DSP Report: operator mul_32ns_32ns_64_2_1_U5/tmp_product is absorbed into DSP mul_32ns_32ns_64_2_1_U5/dout_reg.
DSP Report: Generating DSP mul_32ns_32ns_64_2_1_U5/tmp_product, operation Mode is: A*B.
DSP Report: operator mul_32ns_32ns_64_2_1_U5/tmp_product is absorbed into DSP mul_32ns_32ns_64_2_1_U5/tmp_product.
DSP Report: operator mul_32ns_32ns_64_2_1_U5/tmp_product is absorbed into DSP mul_32ns_32ns_64_2_1_U5/tmp_product.
DSP Report: Generating DSP mul_32ns_32ns_64_2_1_U5/dout_reg, operation Mode is: (PCIN>>17)+A*B.
DSP Report: register mul_32ns_32ns_64_2_1_U5/dout_reg is absorbed into DSP mul_32ns_32ns_64_2_1_U5/dout_reg.
DSP Report: operator mul_32ns_32ns_64_2_1_U5/tmp_product is absorbed into DSP mul_32ns_32ns_64_2_1_U5/dout_reg.
DSP Report: operator mul_32ns_32ns_64_2_1_U5/tmp_product is absorbed into DSP mul_32ns_32ns_64_2_1_U5/dout_reg.
INFO: [Synth 8-3917] design ulp_datamover_outerloop_0_1_0 has port arg0_axis_out_TKEEP[31] driven by constant 1
INFO: [Synth 8-3917] design ulp_datamover_outerloop_0_1_0 has port arg0_axis_out_TKEEP[30] driven by constant 1
INFO: [Synth 8-3917] design ulp_datamover_outerloop_0_1_0 has port arg0_axis_out_TKEEP[29] driven by constant 1
INFO: [Synth 8-3917] design ulp_datamover_outerloop_0_1_0 has port arg0_axis_out_TKEEP[28] driven by constant 1
INFO: [Synth 8-3917] design ulp_datamover_outerloop_0_1_0 has port arg0_axis_out_TKEEP[27] driven by constant 1
INFO: [Synth 8-3917] design ulp_datamover_outerloop_0_1_0 has port arg0_axis_out_TKEEP[26] driven by constant 1
INFO: [Synth 8-3917] design ulp_datamover_outerloop_0_1_0 has port arg0_axis_out_TKEEP[25] driven by constant 1
INFO: [Synth 8-3917] design ulp_datamover_outerloop_0_1_0 has port arg0_axis_out_TKEEP[24] driven by constant 1
INFO: [Synth 8-3917] design ulp_datamover_outerloop_0_1_0 has port arg0_axis_out_TKEEP[23] driven by constant 1
INFO: [Synth 8-3917] design ulp_datamover_outerloop_0_1_0 has port arg0_axis_out_TKEEP[22] driven by constant 1
INFO: [Synth 8-3917] design ulp_datamover_outerloop_0_1_0 has port arg0_axis_out_TKEEP[21] driven by constant 1
INFO: [Synth 8-3917] design ulp_datamover_outerloop_0_1_0 has port arg0_axis_out_TKEEP[20] driven by constant 1
INFO: [Synth 8-3917] design ulp_datamover_outerloop_0_1_0 has port arg0_axis_out_TKEEP[19] driven by constant 1
INFO: [Synth 8-3917] design ulp_datamover_outerloop_0_1_0 has port arg0_axis_out_TKEEP[18] driven by constant 1
INFO: [Synth 8-3917] design ulp_datamover_outerloop_0_1_0 has port arg0_axis_out_TKEEP[17] driven by constant 1
INFO: [Synth 8-3917] design ulp_datamover_outerloop_0_1_0 has port arg0_axis_out_TKEEP[16] driven by constant 1
INFO: [Synth 8-3917] design ulp_datamover_outerloop_0_1_0 has port arg0_axis_out_TKEEP[15] driven by constant 1
INFO: [Synth 8-3917] design ulp_datamover_outerloop_0_1_0 has port arg0_axis_out_TKEEP[14] driven by constant 1
INFO: [Synth 8-3917] design ulp_datamover_outerloop_0_1_0 has port arg0_axis_out_TKEEP[13] driven by constant 1
INFO: [Synth 8-3917] design ulp_datamover_outerloop_0_1_0 has port arg0_axis_out_TKEEP[12] driven by constant 1
INFO: [Synth 8-3917] design ulp_datamover_outerloop_0_1_0 has port arg0_axis_out_TKEEP[11] driven by constant 1
INFO: [Synth 8-3917] design ulp_datamover_outerloop_0_1_0 has port arg0_axis_out_TKEEP[10] driven by constant 1
INFO: [Synth 8-3917] design ulp_datamover_outerloop_0_1_0 has port arg0_axis_out_TKEEP[9] driven by constant 1
INFO: [Synth 8-3917] design ulp_datamover_outerloop_0_1_0 has port arg0_axis_out_TKEEP[8] driven by constant 1
INFO: [Synth 8-3917] design ulp_datamover_outerloop_0_1_0 has port arg0_axis_out_TKEEP[7] driven by constant 1
INFO: [Synth 8-3917] design ulp_datamover_outerloop_0_1_0 has port arg0_axis_out_TKEEP[6] driven by constant 1
INFO: [Synth 8-3917] design ulp_datamover_outerloop_0_1_0 has port arg0_axis_out_TKEEP[5] driven by constant 1
INFO: [Synth 8-3917] design ulp_datamover_outerloop_0_1_0 has port arg0_axis_out_TKEEP[4] driven by constant 1
INFO: [Synth 8-3917] design ulp_datamover_outerloop_0_1_0 has port arg0_axis_out_TKEEP[3] driven by constant 1
INFO: [Synth 8-3917] design ulp_datamover_outerloop_0_1_0 has port arg0_axis_out_TKEEP[2] driven by constant 1
INFO: [Synth 8-3917] design ulp_datamover_outerloop_0_1_0 has port arg0_axis_out_TKEEP[1] driven by constant 1
INFO: [Synth 8-3917] design ulp_datamover_outerloop_0_1_0 has port arg0_axis_out_TKEEP[0] driven by constant 1
INFO: [Synth 8-7082] The signal bram.unit/mem_reg is implemented as Block RAM but is better mapped onto distributed LUT RAM for the following reason(s): The depth (8 address bits) is shallow. Please use attribute (* ram_style = "distributed" *) to instruct Vivado to infer distributed LUT RAM.
INFO: [Synth 8-7030] Implemented Non-Cascaded Block Ram (cascade_height = 1) of width 2 for RAM "insti_3_0/arg0_arg1_sync_strm/bram.unit/mem_reg"
WARNING: [Synth 8-3332] Sequential element (FSM_onehot_wstate_reg[0]) is unused and will be removed from module datamover_outerloop_0_control_s_axi.
WARNING: [Synth 8-3332] Sequential element (FSM_onehot_rstate_reg[0]) is unused and will be removed from module datamover_outerloop_0_control_s_axi.
WARNING: [Synth 8-3332] Sequential element (mul_32ns_32ns_64_2_1_U5/dout_reg[47]) is unused and will be removed from module task_stepdown.
WARNING: [Synth 8-3332] Sequential element (mul_32ns_32ns_64_2_1_U5/dout_reg[46]) is unused and will be removed from module task_stepdown.
WARNING: [Synth 8-3332] Sequential element (mul_32ns_32ns_64_2_1_U5/dout_reg[45]) is unused and will be removed from module task_stepdown.
WARNING: [Synth 8-3332] Sequential element (mul_32ns_32ns_64_2_1_U5/dout_reg[44]) is unused and will be removed from module task_stepdown.
WARNING: [Synth 8-3332] Sequential element (mul_32ns_32ns_64_2_1_U5/dout_reg[43]) is unused and will be removed from module task_stepdown.
WARNING: [Synth 8-3332] Sequential element (mul_32ns_32ns_64_2_1_U5/dout_reg[42]) is unused and will be removed from module task_stepdown.
WARNING: [Synth 8-3332] Sequential element (mul_32ns_32ns_64_2_1_U5/dout_reg[41]) is unused and will be removed from module task_stepdown.
WARNING: [Synth 8-3332] Sequential element (mul_32ns_32ns_64_2_1_U5/dout_reg[40]) is unused and will be removed from module task_stepdown.
WARNING: [Synth 8-3332] Sequential element (mul_32ns_32ns_64_2_1_U5/dout_reg[39]) is unused and will be removed from module task_stepdown.
WARNING: [Synth 8-3332] Sequential element (mul_32ns_32ns_64_2_1_U5/dout_reg[38]) is unused and will be removed from module task_stepdown.
WARNING: [Synth 8-3332] Sequential element (mul_32ns_32ns_64_2_1_U5/dout_reg[37]) is unused and will be removed from module task_stepdown.
WARNING: [Synth 8-3332] Sequential element (mul_32ns_32ns_64_2_1_U5/dout_reg[36]) is unused and will be removed from module task_stepdown.
WARNING: [Synth 8-3332] Sequential element (mul_32ns_32ns_64_2_1_U5/dout_reg[35]) is unused and will be removed from module task_stepdown.
WARNING: [Synth 8-3332] Sequential element (mul_32ns_32ns_64_2_1_U5/dout_reg[34]) is unused and will be removed from module task_stepdown.
WARNING: [Synth 8-3332] Sequential element (mul_32ns_32ns_64_2_1_U5/dout_reg[33]) is unused and will be removed from module task_stepdown.
WARNING: [Synth 8-3332] Sequential element (mul_32ns_32ns_64_2_1_U5/dout_reg[32]) is unused and will be removed from module task_stepdown.
WARNING: [Synth 8-3332] Sequential element (mul_32ns_32ns_64_2_1_U5/dout_reg[31]) is unused and will be removed from module task_stepdown.
WARNING: [Synth 8-3332] Sequential element (mul_32ns_32ns_64_2_1_U5/dout_reg[30]) is unused and will be removed from module task_stepdown.
WARNING: [Synth 8-3332] Sequential element (mul_32ns_32ns_64_2_1_U5/dout_reg[29]) is unused and will be removed from module task_stepdown.
WARNING: [Synth 8-3332] Sequential element (mul_32ns_32ns_64_2_1_U5/dout_reg[28]) is unused and will be removed from module task_stepdown.
WARNING: [Synth 8-3332] Sequential element (mul_32ns_32ns_64_2_1_U5/dout_reg[27]) is unused and will be removed from module task_stepdown.
WARNING: [Synth 8-3332] Sequential element (mul_32ns_32ns_64_2_1_U5/dout_reg[26]) is unused and will be removed from module task_stepdown.
WARNING: [Synth 8-3332] Sequential element (mul_32ns_32ns_64_2_1_U5/dout_reg[25]) is unused and will be removed from module task_stepdown.
WARNING: [Synth 8-3332] Sequential element (mul_32ns_32ns_64_2_1_U5/dout_reg[24]) is unused and will be removed from module task_stepdown.
WARNING: [Synth 8-3332] Sequential element (mul_32ns_32ns_64_2_1_U5/dout_reg[23]) is unused and will be removed from module task_stepdown.
WARNING: [Synth 8-3332] Sequential element (mul_32ns_32ns_64_2_1_U5/dout_reg[22]) is unused and will be removed from module task_stepdown.
WARNING: [Synth 8-3332] Sequential element (mul_32ns_32ns_64_2_1_U5/dout_reg[21]) is unused and will be removed from module task_stepdown.
WARNING: [Synth 8-3332] Sequential element (mul_32ns_32ns_64_2_1_U5/dout_reg[20]) is unused and will be removed from module task_stepdown.
WARNING: [Synth 8-3332] Sequential element (mul_32ns_32ns_64_2_1_U5/dout_reg[19]) is unused and will be removed from module task_stepdown.
WARNING: [Synth 8-3332] Sequential element (mul_32ns_32ns_64_2_1_U5/dout_reg[18]) is unused and will be removed from module task_stepdown.
WARNING: [Synth 8-3332] Sequential element (mul_32ns_32ns_64_2_1_U5/dout_reg[17]) is unused and will be removed from module task_stepdown.
WARNING: [Synth 8-3332] Sequential element (mul_32ns_32ns_64_2_1_U5/dout_reg[47]__0) is unused and will be removed from module task_stepdown.
WARNING: [Synth 8-3332] Sequential element (mul_32ns_32ns_64_2_1_U5/dout_reg[46]__0) is unused and will be removed from module task_stepdown.
WARNING: [Synth 8-3332] Sequential element (mul_32ns_32ns_64_2_1_U5/dout_reg[45]__0) is unused and will be removed from module task_stepdown.
WARNING: [Synth 8-3332] Sequential element (mul_32ns_32ns_64_2_1_U5/dout_reg[44]__0) is unused and will be removed from module task_stepdown.
WARNING: [Synth 8-3332] Sequential element (mul_32ns_32ns_64_2_1_U5/dout_reg[43]__0) is unused and will be removed from module task_stepdown.
WARNING: [Synth 8-3332] Sequential element (mul_32ns_32ns_64_2_1_U5/dout_reg[42]__0) is unused and will be removed from module task_stepdown.
WARNING: [Synth 8-3332] Sequential element (mul_32ns_32ns_64_2_1_U5/dout_reg[41]__0) is unused and will be removed from module task_stepdown.
WARNING: [Synth 8-3332] Sequential element (mul_32ns_32ns_64_2_1_U5/dout_reg[40]__0) is unused and will be removed from module task_stepdown.
WARNING: [Synth 8-3332] Sequential element (mul_32ns_32ns_64_2_1_U5/dout_reg[39]__0) is unused and will be removed from module task_stepdown.
WARNING: [Synth 8-3332] Sequential element (mul_32ns_32ns_64_2_1_U5/dout_reg[38]__0) is unused and will be removed from module task_stepdown.
WARNING: [Synth 8-3332] Sequential element (mul_32ns_32ns_64_2_1_U5/dout_reg[37]__0) is unused and will be removed from module task_stepdown.
WARNING: [Synth 8-3332] Sequential element (mul_32ns_32ns_64_2_1_U5/dout_reg[36]__0) is unused and will be removed from module task_stepdown.
WARNING: [Synth 8-3332] Sequential element (mul_32ns_32ns_64_2_1_U5/dout_reg[35]__0) is unused and will be removed from module task_stepdown.
WARNING: [Synth 8-3332] Sequential element (mul_32ns_32ns_64_2_1_U5/dout_reg[34]__0) is unused and will be removed from module task_stepdown.
WARNING: [Synth 8-3332] Sequential element (mul_32ns_32ns_64_2_1_U5/dout_reg[33]__0) is unused and will be removed from module task_stepdown.
WARNING: [Synth 8-3332] Sequential element (mul_32ns_32ns_64_2_1_U5/dout_reg[32]__0) is unused and will be removed from module task_stepdown.
WARNING: [Synth 8-3332] Sequential element (mul_32ns_32ns_64_2_1_U5/dout_reg[31]__0) is unused and will be removed from module task_stepdown.
WARNING: [Synth 8-3332] Sequential element (mul_32ns_32ns_64_2_1_U5/dout_reg[30]__0) is unused and will be removed from module task_stepdown.
WARNING: [Synth 8-3332] Sequential element (mul_32ns_32ns_64_2_1_U5/dout_reg[29]__0) is unused and will be removed from module task_stepdown.
WARNING: [Synth 8-3332] Sequential element (mul_32ns_32ns_64_2_1_U5/dout_reg[28]__0) is unused and will be removed from module task_stepdown.
WARNING: [Synth 8-3332] Sequential element (mul_32ns_32ns_64_2_1_U5/dout_reg[27]__0) is unused and will be removed from module task_stepdown.
WARNING: [Synth 8-3332] Sequential element (mul_32ns_32ns_64_2_1_U5/dout_reg[26]__0) is unused and will be removed from module task_stepdown.
WARNING: [Synth 8-3332] Sequential element (mul_32ns_32ns_64_2_1_U5/dout_reg[25]__0) is unused and will be removed from module task_stepdown.
WARNING: [Synth 8-3332] Sequential element (mul_32ns_32ns_64_2_1_U5/dout_reg[24]__0) is unused and will be removed from module task_stepdown.
WARNING: [Synth 8-3332] Sequential element (mul_32ns_32ns_64_2_1_U5/dout_reg[23]__0) is unused and will be removed from module task_stepdown.
WARNING: [Synth 8-3332] Sequential element (mul_32ns_32ns_64_2_1_U5/dout_reg[22]__0) is unused and will be removed from module task_stepdown.
WARNING: [Synth 8-3332] Sequential element (mul_32ns_32ns_64_2_1_U5/dout_reg[21]__0) is unused and will be removed from module task_stepdown.
WARNING: [Synth 8-3332] Sequential element (mul_32ns_32ns_64_2_1_U5/dout_reg[20]__0) is unused and will be removed from module task_stepdown.
WARNING: [Synth 8-3332] Sequential element (mul_32ns_32ns_64_2_1_U5/dout_reg[19]__0) is unused and will be removed from module task_stepdown.
WARNING: [Synth 8-3332] Sequential element (mul_32ns_32ns_64_2_1_U5/dout_reg[18]__0) is unused and will be removed from module task_stepdown.
WARNING: [Synth 8-3332] Sequential element (mul_32ns_32ns_64_2_1_U5/dout_reg[17]__0) is unused and will be removed from module task_stepdown.
WARNING: [Synth 8-3332] Sequential element (mul_32ns_32ns_64_2_1_U5/dout_reg[47]) is unused and will be removed from module task_stepup.
WARNING: [Synth 8-3332] Sequential element (mul_32ns_32ns_64_2_1_U5/dout_reg[46]) is unused and will be removed from module task_stepup.
WARNING: [Synth 8-3332] Sequential element (mul_32ns_32ns_64_2_1_U5/dout_reg[45]) is unused and will be removed from module task_stepup.
WARNING: [Synth 8-3332] Sequential element (mul_32ns_32ns_64_2_1_U5/dout_reg[44]) is unused and will be removed from module task_stepup.
WARNING: [Synth 8-3332] Sequential element (mul_32ns_32ns_64_2_1_U5/dout_reg[43]) is unused and will be removed from module task_stepup.
WARNING: [Synth 8-3332] Sequential element (mul_32ns_32ns_64_2_1_U5/dout_reg[42]) is unused and will be removed from module task_stepup.
WARNING: [Synth 8-3332] Sequential element (mul_32ns_32ns_64_2_1_U5/dout_reg[41]) is unused and will be removed from module task_stepup.
WARNING: [Synth 8-3332] Sequential element (mul_32ns_32ns_64_2_1_U5/dout_reg[40]) is unused and will be removed from module task_stepup.
WARNING: [Synth 8-3332] Sequential element (mul_32ns_32ns_64_2_1_U5/dout_reg[39]) is unused and will be removed from module task_stepup.
WARNING: [Synth 8-3332] Sequential element (mul_32ns_32ns_64_2_1_U5/dout_reg[38]) is unused and will be removed from module task_stepup.
WARNING: [Synth 8-3332] Sequential element (mul_32ns_32ns_64_2_1_U5/dout_reg[37]) is unused and will be removed from module task_stepup.
WARNING: [Synth 8-3332] Sequential element (mul_32ns_32ns_64_2_1_U5/dout_reg[36]) is unused and will be removed from module task_stepup.
WARNING: [Synth 8-3332] Sequential element (mul_32ns_32ns_64_2_1_U5/dout_reg[35]) is unused and will be removed from module task_stepup.
WARNING: [Synth 8-3332] Sequential element (mul_32ns_32ns_64_2_1_U5/dout_reg[34]) is unused and will be removed from module task_stepup.
WARNING: [Synth 8-3332] Sequential element (mul_32ns_32ns_64_2_1_U5/dout_reg[33]) is unused and will be removed from module task_stepup.
WARNING: [Synth 8-3332] Sequential element (mul_32ns_32ns_64_2_1_U5/dout_reg[32]) is unused and will be removed from module task_stepup.
WARNING: [Synth 8-3332] Sequential element (mul_32ns_32ns_64_2_1_U5/dout_reg[31]) is unused and will be removed from module task_stepup.
WARNING: [Synth 8-3332] Sequential element (mul_32ns_32ns_64_2_1_U5/dout_reg[30]) is unused and will be removed from module task_stepup.
WARNING: [Synth 8-3332] Sequential element (mul_32ns_32ns_64_2_1_U5/dout_reg[29]) is unused and will be removed from module task_stepup.
WARNING: [Synth 8-3332] Sequential element (mul_32ns_32ns_64_2_1_U5/dout_reg[28]) is unused and will be removed from module task_stepup.
WARNING: [Synth 8-3332] Sequential element (mul_32ns_32ns_64_2_1_U5/dout_reg[27]) is unused and will be removed from module task_stepup.
WARNING: [Synth 8-3332] Sequential element (mul_32ns_32ns_64_2_1_U5/dout_reg[26]) is unused and will be removed from module task_stepup.
WARNING: [Synth 8-3332] Sequential element (mul_32ns_32ns_64_2_1_U5/dout_reg[25]) is unused and will be removed from module task_stepup.
WARNING: [Synth 8-3332] Sequential element (mul_32ns_32ns_64_2_1_U5/dout_reg[24]) is unused and will be removed from module task_stepup.
WARNING: [Synth 8-3332] Sequential element (mul_32ns_32ns_64_2_1_U5/dout_reg[23]) is unused and will be removed from module task_stepup.
WARNING: [Synth 8-3332] Sequential element (mul_32ns_32ns_64_2_1_U5/dout_reg[22]) is unused and will be removed from module task_stepup.
WARNING: [Synth 8-3332] Sequential element (mul_32ns_32ns_64_2_1_U5/dout_reg[21]) is unused and will be removed from module task_stepup.
WARNING: [Synth 8-3332] Sequential element (mul_32ns_32ns_64_2_1_U5/dout_reg[20]) is unused and will be removed from module task_stepup.
WARNING: [Synth 8-3332] Sequential element (mul_32ns_32ns_64_2_1_U5/dout_reg[19]) is unused and will be removed from module task_stepup.
WARNING: [Synth 8-3332] Sequential element (mul_32ns_32ns_64_2_1_U5/dout_reg[18]) is unused and will be removed from module task_stepup.
WARNING: [Synth 8-3332] Sequential element (mul_32ns_32ns_64_2_1_U5/dout_reg[17]) is unused and will be removed from module task_stepup.
WARNING: [Synth 8-3332] Sequential element (mul_32ns_32ns_64_2_1_U5/dout_reg[47]__0) is unused and will be removed from module task_stepup.
WARNING: [Synth 8-3332] Sequential element (mul_32ns_32ns_64_2_1_U5/dout_reg[46]__0) is unused and will be removed from module task_stepup.
WARNING: [Synth 8-3332] Sequential element (mul_32ns_32ns_64_2_1_U5/dout_reg[45]__0) is unused and will be removed from module task_stepup.
WARNING: [Synth 8-3332] Sequential element (mul_32ns_32ns_64_2_1_U5/dout_reg[44]__0) is unused and will be removed from module task_stepup.
WARNING: [Synth 8-3332] Sequential element (mul_32ns_32ns_64_2_1_U5/dout_reg[43]__0) is unused and will be removed from module task_stepup.
INFO: [Common 17-14] Message 'Synth 8-3332' appears 100 times and further instances of the messages will be disabled. Use the Tcl command set_msg_config to change the current settings.
---------------------------------------------------------------------------------
Finished Cross Boundary and Area Optimization : Time (s): cpu = 00:00:42 ; elapsed = 00:00:47 . Memory (MB): peak = 4175.059 ; gain = 1061.234 ; free physical = 151554 ; free virtual = 370755
Synthesis current peak Physical Memory [PSS] (MB): peak = 3285.914; parent = 3142.657; children = 143.397
Synthesis current peak Virtual Memory [VSS] (MB): peak = 5147.688; parent = 4175.062; children = 972.625
---------------------------------------------------------------------------------
---------------------------------------------------------------------------------
Start ROM, RAM, DSP, Shift Register and Retiming Reporting
---------------------------------------------------------------------------------

DSP: Preliminary Mapping Report (see note below. The ' indicates corresponding REG is set)
+--------------+----------------+--------+--------+--------+--------+--------+------+------+------+------+-------+------+------+
|Module Name   | DSP Mapping    | A Size | B Size | C Size | D Size | P Size | AREG | BREG | CREG | DREG | ADREG | MREG | PREG | 
+--------------+----------------+--------+--------+--------+--------+--------+------+------+------+------+-------+------+------+
|task_stepdown | A*B            | 18     | 16     | -      | -      | 48     | 0    | 0    | -    | -    | -     | 0    | 0    | 
|task_stepdown | (PCIN>>17)+A*B | 16     | 16     | -      | -      | 48     | 0    | 0    | -    | -    | -     | 0    | 1    | 
|task_stepdown | A*B            | 18     | 18     | -      | -      | 48     | 0    | 0    | -    | -    | -     | 0    | 0    | 
|task_stepdown | (PCIN>>17)+A*B | 18     | 16     | -      | -      | 48     | 0    | 0    | -    | -    | -     | 0    | 1    | 
|task_stepup   | A*B            | 18     | 16     | -      | -      | 48     | 0    | 0    | -    | -    | -     | 0    | 0    | 
|task_stepup   | (PCIN>>17)+A*B | 16     | 16     | -      | -      | 48     | 0    | 0    | -    | -    | -     | 0    | 1    | 
|task_stepup   | A*B            | 18     | 18     | -      | -      | 48     | 0    | 0    | -    | -    | -     | 0    | 0    | 
|task_stepup   | (PCIN>>17)+A*B | 18     | 16     | -      | -      | 48     | 0    | 0    | -    | -    | -     | 0    | 1    | 
+--------------+----------------+--------+--------+--------+--------+--------+------+------+------+------+-------+------+------+

Note: The table above is a preliminary report that shows the DSPs inferred at the current stage of the synthesis flow. Some DSP may be reimplemented as non DSP primitives later in the synthesis flow. Multiple instantiated DSPs are reported only once.
---------------------------------------------------------------------------------
Finished ROM, RAM, DSP, Shift Register and Retiming Reporting
---------------------------------------------------------------------------------
---------------------------------------------------------------------------------
Start Applying XDC Timing Constraints
---------------------------------------------------------------------------------
---------------------------------------------------------------------------------
Finished Applying XDC Timing Constraints : Time (s): cpu = 00:00:50 ; elapsed = 00:00:58 . Memory (MB): peak = 4202.746 ; gain = 1088.922 ; free physical = 150390 ; free virtual = 369591
Synthesis current peak Physical Memory [PSS] (MB): peak = 3285.914; parent = 3142.657; children = 143.397
Synthesis current peak Virtual Memory [VSS] (MB): peak = 5175.375; parent = 4202.750; children = 972.625
---------------------------------------------------------------------------------
---------------------------------------------------------------------------------
Start Timing Optimization
---------------------------------------------------------------------------------
---------------------------------------------------------------------------------
Finished Timing Optimization : Time (s): cpu = 00:00:51 ; elapsed = 00:00:59 . Memory (MB): peak = 4202.746 ; gain = 1088.922 ; free physical = 150376 ; free virtual = 369578
Synthesis current peak Physical Memory [PSS] (MB): peak = 3285.914; parent = 3142.657; children = 143.397
Synthesis current peak Virtual Memory [VSS] (MB): peak = 5175.375; parent = 4202.750; children = 972.625
---------------------------------------------------------------------------------
---------------------------------------------------------------------------------
Start Technology Mapping
---------------------------------------------------------------------------------
---------------------------------------------------------------------------------
Finished Technology Mapping : Time (s): cpu = 00:00:52 ; elapsed = 00:01:01 . Memory (MB): peak = 4202.746 ; gain = 1088.922 ; free physical = 150281 ; free virtual = 369482
Synthesis current peak Physical Memory [PSS] (MB): peak = 3285.914; parent = 3142.657; children = 143.397
Synthesis current peak Virtual Memory [VSS] (MB): peak = 5175.375; parent = 4202.750; children = 972.625
---------------------------------------------------------------------------------
---------------------------------------------------------------------------------
Start IO Insertion
---------------------------------------------------------------------------------
---------------------------------------------------------------------------------
Start Flattening Before IO Insertion
---------------------------------------------------------------------------------
---------------------------------------------------------------------------------
Finished Flattening Before IO Insertion
---------------------------------------------------------------------------------
---------------------------------------------------------------------------------
Start Final Netlist Cleanup
---------------------------------------------------------------------------------
---------------------------------------------------------------------------------
Finished Final Netlist Cleanup
---------------------------------------------------------------------------------
---------------------------------------------------------------------------------
Finished IO Insertion : Time (s): cpu = 00:00:56 ; elapsed = 00:01:05 . Memory (MB): peak = 4202.746 ; gain = 1088.922 ; free physical = 150132 ; free virtual = 369333
Synthesis current peak Physical Memory [PSS] (MB): peak = 3285.914; parent = 3142.657; children = 143.397
Synthesis current peak Virtual Memory [VSS] (MB): peak = 5175.375; parent = 4202.750; children = 972.625
---------------------------------------------------------------------------------
---------------------------------------------------------------------------------
Start Renaming Generated Instances
---------------------------------------------------------------------------------
---------------------------------------------------------------------------------
Finished Renaming Generated Instances : Time (s): cpu = 00:00:56 ; elapsed = 00:01:05 . Memory (MB): peak = 4202.746 ; gain = 1088.922 ; free physical = 150127 ; free virtual = 369329
Synthesis current peak Physical Memory [PSS] (MB): peak = 3285.914; parent = 3142.657; children = 143.397
Synthesis current peak Virtual Memory [VSS] (MB): peak = 5175.375; parent = 4202.750; children = 972.625
---------------------------------------------------------------------------------
---------------------------------------------------------------------------------
Start Rebuilding User Hierarchy
---------------------------------------------------------------------------------
---------------------------------------------------------------------------------
Finished Rebuilding User Hierarchy : Time (s): cpu = 00:00:57 ; elapsed = 00:01:06 . Memory (MB): peak = 4202.746 ; gain = 1088.922 ; free physical = 150118 ; free virtual = 369319
Synthesis current peak Physical Memory [PSS] (MB): peak = 3285.914; parent = 3142.657; children = 143.397
Synthesis current peak Virtual Memory [VSS] (MB): peak = 5175.375; parent = 4202.750; children = 972.625
---------------------------------------------------------------------------------
---------------------------------------------------------------------------------
Start Renaming Generated Ports
---------------------------------------------------------------------------------
---------------------------------------------------------------------------------
Finished Renaming Generated Ports : Time (s): cpu = 00:00:57 ; elapsed = 00:01:06 . Memory (MB): peak = 4202.746 ; gain = 1088.922 ; free physical = 150118 ; free virtual = 369319
Synthesis current peak Physical Memory [PSS] (MB): peak = 3285.914; parent = 3142.657; children = 143.397
Synthesis current peak Virtual Memory [VSS] (MB): peak = 5175.375; parent = 4202.750; children = 972.625
---------------------------------------------------------------------------------
---------------------------------------------------------------------------------
Start Handling Custom Attributes
---------------------------------------------------------------------------------
---------------------------------------------------------------------------------
Finished Handling Custom Attributes : Time (s): cpu = 00:00:58 ; elapsed = 00:01:07 . Memory (MB): peak = 4202.746 ; gain = 1088.922 ; free physical = 150118 ; free virtual = 369319
Synthesis current peak Physical Memory [PSS] (MB): peak = 3285.914; parent = 3142.657; children = 143.397
Synthesis current peak Virtual Memory [VSS] (MB): peak = 5175.375; parent = 4202.750; children = 972.625
---------------------------------------------------------------------------------
---------------------------------------------------------------------------------
Start Renaming Generated Nets
---------------------------------------------------------------------------------
---------------------------------------------------------------------------------
Finished Renaming Generated Nets : Time (s): cpu = 00:00:58 ; elapsed = 00:01:07 . Memory (MB): peak = 4202.746 ; gain = 1088.922 ; free physical = 150117 ; free virtual = 369318
Synthesis current peak Physical Memory [PSS] (MB): peak = 3285.914; parent = 3142.657; children = 143.397
Synthesis current peak Virtual Memory [VSS] (MB): peak = 5175.375; parent = 4202.750; children = 972.625
---------------------------------------------------------------------------------
---------------------------------------------------------------------------------
Start ROM, RAM, DSP, Shift Register and Retiming Reporting
---------------------------------------------------------------------------------

Dynamic Shift Register Report:
+------------+-----------------+--------+------------+--------+---------+--------+--------+--------+
|Module Name | RTL Name        | Length | Data Width | SRL16E | SRLC32E | Mux F7 | Mux F8 | Mux F9 | 
+------------+-----------------+--------+------------+--------+---------+--------+--------+--------+
|dsrl        | mem_reg[17]     | 513    | 513        | 0      | 513     | 0      | 0      | 0      | 
|dsrl__1     | mem_reg[3]      | 257    | 257        | 257    | 0       | 0      | 0      | 0      | 
|dsrl__2     | SRL_SIG_reg[37] | 64     | 64         | 0      | 128     | 64     | 0      | 0      | 
|dsrl__3     | SRL_SIG_reg[37] | 73     | 73         | 0      | 146     | 73     | 0      | 0      | 
|dsrl__4     | SRL_SIG_reg[37] | 9      | 9          | 0      | 18      | 9      | 0      | 0      | 
|dsrl__5     | SRL_SIG_reg[37] | 512    | 512        | 0      | 1024    | 512    | 0      | 0      | 
|dsrl__6     | SRL_SIG_reg[37] | 1      | 1          | 0      | 2       | 1      | 0      | 0      | 
+------------+-----------------+--------+------------+--------+---------+--------+--------+--------+

---------------------------------------------------------------------------------
Finished ROM, RAM, DSP, Shift Register and Retiming Reporting
---------------------------------------------------------------------------------
---------------------------------------------------------------------------------
Start Writing Synthesis Report
---------------------------------------------------------------------------------

DSP Final Report (the ' indicates corresponding REG is set)
+--------------+-------------------+--------+--------+--------+--------+--------+------+------+------+------+-------+------+------+
|Module Name   | DSP Mapping       | A Size | B Size | C Size | D Size | P Size | AREG | BREG | CREG | DREG | ADREG | MREG | PREG | 
+--------------+-------------------+--------+--------+--------+--------+--------+------+------+------+------+-------+------+------+
|task_stepdown | A'*B'             | 17     | 15     | -      | -      | 48     | 1    | 1    | -    | -    | -     | 0    | 0    | 
|task_stepdown | (PCIN>>17+A'*B')' | 15     | 15     | -      | -      | 48     | 1    | 1    | -    | -    | -     | 0    | 1    | 
|task_stepdown | A'*B'             | 17     | 17     | -      | -      | 48     | 1    | 1    | -    | -    | -     | 0    | 0    | 
|task_stepdown | (PCIN>>17+A'*B')' | 17     | 15     | -      | -      | 48     | 1    | 1    | -    | -    | -     | 0    | 1    | 
|task_stepup   | A'*B'             | 17     | 15     | -      | -      | 48     | 1    | 1    | -    | -    | -     | 0    | 0    | 
|task_stepup   | (PCIN>>17+A'*B')' | 15     | 15     | -      | -      | 48     | 1    | 1    | -    | -    | -     | 0    | 1    | 
|task_stepup   | A'*B'             | 17     | 17     | -      | -      | 48     | 1    | 1    | -    | -    | -     | 0    | 0    | 
|task_stepup   | (PCIN>>17+A'*B')' | 17     | 15     | -      | -      | 48     | 1    | 1    | -    | -    | -     | 0    | 1    | 
+--------------+-------------------+--------+--------+--------+--------+--------+------+------+------+------+-------+------+------+


Report BlackBoxes: 
+-+--------------+----------+
| |BlackBox name |Instances |
+-+--------------+----------+
+-+--------------+----------+

Report Cell Usage: 
+------+----------------+------+
|      |Cell            |Count |
+------+----------------+------+
|1     |CARRY8          |   173|
|2     |DSP_ALU         |     8|
|3     |DSP_A_B_DATA    |     8|
|4     |DSP_C_DATA      |     8|
|5     |DSP_MULTIPLIER  |     8|
|6     |DSP_M_DATA      |     8|
|7     |DSP_OUTPUT      |     8|
|9     |DSP_PREADD      |     8|
|10    |DSP_PREADD_DATA |     8|
|11    |LUT1            |    69|
|12    |LUT2            |  1745|
|13    |LUT3            |  1231|
|14    |LUT4            |  1708|
|15    |LUT5            |  1262|
|16    |LUT6            |   589|
|17    |MUXF7           |  2644|
|18    |SRL16E          |   512|
|19    |SRLC32E         |  6314|
|20    |FDRE            |  7654|
|21    |FDSE            |   213|
+------+----------------+------+
---------------------------------------------------------------------------------
Finished Writing Synthesis Report : Time (s): cpu = 00:00:58 ; elapsed = 00:01:07 . Memory (MB): peak = 4202.746 ; gain = 1088.922 ; free physical = 150117 ; free virtual = 369318
Synthesis current peak Physical Memory [PSS] (MB): peak = 3285.914; parent = 3142.657; children = 143.397
Synthesis current peak Virtual Memory [VSS] (MB): peak = 5175.375; parent = 4202.750; children = 972.625
---------------------------------------------------------------------------------
Synthesis finished with 0 errors, 0 critical warnings and 162 warnings.
Synthesis Optimization Runtime : Time (s): cpu = 00:00:42 ; elapsed = 00:00:50 . Memory (MB): peak = 4202.746 ; gain = 536.043 ; free physical = 150154 ; free virtual = 369355
Synthesis Optimization Complete : Time (s): cpu = 00:00:58 ; elapsed = 00:01:07 . Memory (MB): peak = 4202.754 ; gain = 1088.922 ; free physical = 150153 ; free virtual = 369354
INFO: [Project 1-571] Translating synthesized netlist
Netlist sorting complete. Time (s): cpu = 00:00:00.24 ; elapsed = 00:00:00.25 . Memory (MB): peak = 4202.754 ; gain = 0.000 ; free physical = 150234 ; free virtual = 369435
INFO: [Netlist 29-17] Analyzing 2825 Unisim elements for replacement
INFO: [Netlist 29-28] Unisim Transformation completed in 0 CPU seconds
INFO: [Project 1-570] Preparing netlist for logic optimization
INFO: [Constraints 18-8706] Failed to create MUXF7 shape for instance inst/arg0___task_pingpong_mem2stream_0___arg0__m_axi/burst_read_addr/inst[0].unit/srl.unit/U_fifo_w32_d16_A_ram/SRL_SIG_reg[37][0]_mux. inst/arg0___task_pingpong_mem2stream_0___arg0__m_axi/burst_read_addr/inst[0].unit/srl.unit/U_fifo_w32_d16_A_ram/SRL_SIG_reg[37][0]_mux 
	to bel F7MUX_AB. Flop can not be placed in the same row as its driver in order to avoid hold issue since they either have different clock signals or not driven by global clock.
INFO: [Constraints 18-8706] Failed to create MUXF7 shape for instance inst/arg0___task_pingpong_mem2stream_0___arg0__m_axi/burst_read_addr/inst[0].unit/srl.unit/U_fifo_w32_d16_A_ram/SRL_SIG_reg[37][10]_mux. inst/arg0___task_pingpong_mem2stream_0___arg0__m_axi/burst_read_addr/inst[0].unit/srl.unit/U_fifo_w32_d16_A_ram/SRL_SIG_reg[37][10]_mux 
	to bel F7MUX_AB. Flop can not be placed in the same row as its driver in order to avoid hold issue since they either have different clock signals or not driven by global clock.
INFO: [Constraints 18-8706] Failed to create MUXF7 shape for instance inst/arg0___task_pingpong_mem2stream_0___arg0__m_axi/burst_read_addr/inst[0].unit/srl.unit/U_fifo_w32_d16_A_ram/SRL_SIG_reg[37][11]_mux. inst/arg0___task_pingpong_mem2stream_0___arg0__m_axi/burst_read_addr/inst[0].unit/srl.unit/U_fifo_w32_d16_A_ram/SRL_SIG_reg[37][11]_mux 
	to bel F7MUX_AB. Flop can not be placed in the same row as its driver in order to avoid hold issue since they either have different clock signals or not driven by global clock.
INFO: [Constraints 18-8706] Failed to create MUXF7 shape for instance inst/arg0___task_pingpong_mem2stream_0___arg0__m_axi/burst_read_addr/inst[0].unit/srl.unit/U_fifo_w32_d16_A_ram/SRL_SIG_reg[37][12]_mux. inst/arg0___task_pingpong_mem2stream_0___arg0__m_axi/burst_read_addr/inst[0].unit/srl.unit/U_fifo_w32_d16_A_ram/SRL_SIG_reg[37][12]_mux 
	to bel F7MUX_AB. Flop can not be placed in the same row as its driver in order to avoid hold issue since they either have different clock signals or not driven by global clock.
INFO: [Constraints 18-8706] Failed to create MUXF7 shape for instance inst/arg0___task_pingpong_mem2stream_0___arg0__m_axi/burst_read_addr/inst[0].unit/srl.unit/U_fifo_w32_d16_A_ram/SRL_SIG_reg[37][13]_mux. inst/arg0___task_pingpong_mem2stream_0___arg0__m_axi/burst_read_addr/inst[0].unit/srl.unit/U_fifo_w32_d16_A_ram/SRL_SIG_reg[37][13]_mux 
	to bel F7MUX_AB. Flop can not be placed in the same row as its driver in order to avoid hold issue since they either have different clock signals or not driven by global clock.
INFO: [Constraints 18-8706] Failed to create MUXF7 shape for instance inst/arg0___task_pingpong_mem2stream_0___arg0__m_axi/burst_read_addr/inst[0].unit/srl.unit/U_fifo_w32_d16_A_ram/SRL_SIG_reg[37][14]_mux. inst/arg0___task_pingpong_mem2stream_0___arg0__m_axi/burst_read_addr/inst[0].unit/srl.unit/U_fifo_w32_d16_A_ram/SRL_SIG_reg[37][14]_mux 
	to bel F7MUX_AB. Flop can not be placed in the same row as its driver in order to avoid hold issue since they either have different clock signals or not driven by global clock.
INFO: [Constraints 18-8706] Failed to create MUXF7 shape for instance inst/arg0___task_pingpong_mem2stream_0___arg0__m_axi/burst_read_addr/inst[0].unit/srl.unit/U_fifo_w32_d16_A_ram/SRL_SIG_reg[37][15]_mux. inst/arg0___task_pingpong_mem2stream_0___arg0__m_axi/burst_read_addr/inst[0].unit/srl.unit/U_fifo_w32_d16_A_ram/SRL_SIG_reg[37][15]_mux 
	to bel F7MUX_AB. Flop can not be placed in the same row as its driver in order to avoid hold issue since they either have different clock signals or not driven by global clock.
INFO: [Constraints 18-8706] Failed to create MUXF7 shape for instance inst/arg0___task_pingpong_mem2stream_0___arg0__m_axi/burst_read_addr/inst[0].unit/srl.unit/U_fifo_w32_d16_A_ram/SRL_SIG_reg[37][16]_mux. inst/arg0___task_pingpong_mem2stream_0___arg0__m_axi/burst_read_addr/inst[0].unit/srl.unit/U_fifo_w32_d16_A_ram/SRL_SIG_reg[37][16]_mux 
	to bel F7MUX_AB. Flop can not be placed in the same row as its driver in order to avoid hold issue since they either have different clock signals or not driven by global clock.
INFO: [Constraints 18-8706] Failed to create MUXF7 shape for instance inst/arg0___task_pingpong_mem2stream_0___arg0__m_axi/burst_read_addr/inst[0].unit/srl.unit/U_fifo_w32_d16_A_ram/SRL_SIG_reg[37][17]_mux. inst/arg0___task_pingpong_mem2stream_0___arg0__m_axi/burst_read_addr/inst[0].unit/srl.unit/U_fifo_w32_d16_A_ram/SRL_SIG_reg[37][17]_mux 
	to bel F7MUX_AB. Flop can not be placed in the same row as its driver in order to avoid hold issue since they either have different clock signals or not driven by global clock.
INFO: [Constraints 18-8706] Failed to create MUXF7 shape for instance inst/arg0___task_pingpong_mem2stream_0___arg0__m_axi/burst_read_addr/inst[0].unit/srl.unit/U_fifo_w32_d16_A_ram/SRL_SIG_reg[37][18]_mux. inst/arg0___task_pingpong_mem2stream_0___arg0__m_axi/burst_read_addr/inst[0].unit/srl.unit/U_fifo_w32_d16_A_ram/SRL_SIG_reg[37][18]_mux 
	to bel F7MUX_AB. Flop can not be placed in the same row as its driver in order to avoid hold issue since they either have different clock signals or not driven by global clock.
INFO: [Constraints 18-8706] Failed to create MUXF7 shape for instance inst/arg0___task_pingpong_mem2stream_0___arg0__m_axi/burst_read_addr/inst[0].unit/srl.unit/U_fifo_w32_d16_A_ram/SRL_SIG_reg[37][19]_mux. inst/arg0___task_pingpong_mem2stream_0___arg0__m_axi/burst_read_addr/inst[0].unit/srl.unit/U_fifo_w32_d16_A_ram/SRL_SIG_reg[37][19]_mux 
	to bel F7MUX_AB. Flop can not be placed in the same row as its driver in order to avoid hold issue since they either have different clock signals or not driven by global clock.
INFO: [Constraints 18-8706] Failed to create MUXF7 shape for instance inst/arg0___task_pingpong_mem2stream_0___arg0__m_axi/burst_read_addr/inst[0].unit/srl.unit/U_fifo_w32_d16_A_ram/SRL_SIG_reg[37][1]_mux. inst/arg0___task_pingpong_mem2stream_0___arg0__m_axi/burst_read_addr/inst[0].unit/srl.unit/U_fifo_w32_d16_A_ram/SRL_SIG_reg[37][1]_mux 
	to bel F7MUX_AB. Flop can not be placed in the same row as its driver in order to avoid hold issue since they either have different clock signals or not driven by global clock.
INFO: [Constraints 18-8706] Failed to create MUXF7 shape for instance inst/arg0___task_pingpong_mem2stream_0___arg0__m_axi/burst_read_addr/inst[0].unit/srl.unit/U_fifo_w32_d16_A_ram/SRL_SIG_reg[37][20]_mux. inst/arg0___task_pingpong_mem2stream_0___arg0__m_axi/burst_read_addr/inst[0].unit/srl.unit/U_fifo_w32_d16_A_ram/SRL_SIG_reg[37][20]_mux 
	to bel F7MUX_AB. Flop can not be placed in the same row as its driver in order to avoid hold issue since they either have different clock signals or not driven by global clock.
INFO: [Constraints 18-8706] Failed to create MUXF7 shape for instance inst/arg0___task_pingpong_mem2stream_0___arg0__m_axi/burst_read_addr/inst[0].unit/srl.unit/U_fifo_w32_d16_A_ram/SRL_SIG_reg[37][21]_mux. inst/arg0___task_pingpong_mem2stream_0___arg0__m_axi/burst_read_addr/inst[0].unit/srl.unit/U_fifo_w32_d16_A_ram/SRL_SIG_reg[37][21]_mux 
	to bel F7MUX_AB. Flop can not be placed in the same row as its driver in order to avoid hold issue since they either have different clock signals or not driven by global clock.
INFO: [Constraints 18-8706] Failed to create MUXF7 shape for instance inst/arg0___task_pingpong_mem2stream_0___arg0__m_axi/burst_read_addr/inst[0].unit/srl.unit/U_fifo_w32_d16_A_ram/SRL_SIG_reg[37][22]_mux. inst/arg0___task_pingpong_mem2stream_0___arg0__m_axi/burst_read_addr/inst[0].unit/srl.unit/U_fifo_w32_d16_A_ram/SRL_SIG_reg[37][22]_mux 
	to bel F7MUX_AB. Flop can not be placed in the same row as its driver in order to avoid hold issue since they either have different clock signals or not driven by global clock.
INFO: [Constraints 18-8706] Failed to create MUXF7 shape for instance inst/arg0___task_pingpong_mem2stream_0___arg0__m_axi/burst_read_addr/inst[0].unit/srl.unit/U_fifo_w32_d16_A_ram/SRL_SIG_reg[37][23]_mux. inst/arg0___task_pingpong_mem2stream_0___arg0__m_axi/burst_read_addr/inst[0].unit/srl.unit/U_fifo_w32_d16_A_ram/SRL_SIG_reg[37][23]_mux 
	to bel F7MUX_AB. Flop can not be placed in the same row as its driver in order to avoid hold issue since they either have different clock signals or not driven by global clock.
INFO: [Constraints 18-8706] Failed to create MUXF7 shape for instance inst/arg0___task_pingpong_mem2stream_0___arg0__m_axi/burst_read_addr/inst[0].unit/srl.unit/U_fifo_w32_d16_A_ram/SRL_SIG_reg[37][24]_mux. inst/arg0___task_pingpong_mem2stream_0___arg0__m_axi/burst_read_addr/inst[0].unit/srl.unit/U_fifo_w32_d16_A_ram/SRL_SIG_reg[37][24]_mux 
	to bel F7MUX_AB. Flop can not be placed in the same row as its driver in order to avoid hold issue since they either have different clock signals or not driven by global clock.
INFO: [Constraints 18-8706] Failed to create MUXF7 shape for instance inst/arg0___task_pingpong_mem2stream_0___arg0__m_axi/burst_read_addr/inst[0].unit/srl.unit/U_fifo_w32_d16_A_ram/SRL_SIG_reg[37][25]_mux. inst/arg0___task_pingpong_mem2stream_0___arg0__m_axi/burst_read_addr/inst[0].unit/srl.unit/U_fifo_w32_d16_A_ram/SRL_SIG_reg[37][25]_mux 
	to bel F7MUX_AB. Flop can not be placed in the same row as its driver in order to avoid hold issue since they either have different clock signals or not driven by global clock.
INFO: [Constraints 18-8706] Failed to create MUXF7 shape for instance inst/arg0___task_pingpong_mem2stream_0___arg0__m_axi/burst_read_addr/inst[0].unit/srl.unit/U_fifo_w32_d16_A_ram/SRL_SIG_reg[37][26]_mux. inst/arg0___task_pingpong_mem2stream_0___arg0__m_axi/burst_read_addr/inst[0].unit/srl.unit/U_fifo_w32_d16_A_ram/SRL_SIG_reg[37][26]_mux 
	to bel F7MUX_AB. Flop can not be placed in the same row as its driver in order to avoid hold issue since they either have different clock signals or not driven by global clock.
INFO: [Constraints 18-8706] Failed to create MUXF7 shape for instance inst/arg0___task_pingpong_mem2stream_0___arg0__m_axi/burst_read_addr/inst[0].unit/srl.unit/U_fifo_w32_d16_A_ram/SRL_SIG_reg[37][27]_mux. inst/arg0___task_pingpong_mem2stream_0___arg0__m_axi/burst_read_addr/inst[0].unit/srl.unit/U_fifo_w32_d16_A_ram/SRL_SIG_reg[37][27]_mux 
	to bel F7MUX_AB. Flop can not be placed in the same row as its driver in order to avoid hold issue since they either have different clock signals or not driven by global clock.
INFO: [Constraints 18-8706] Failed to create MUXF7 shape for instance inst/arg0___task_pingpong_mem2stream_0___arg0__m_axi/burst_read_addr/inst[0].unit/srl.unit/U_fifo_w32_d16_A_ram/SRL_SIG_reg[37][28]_mux. inst/arg0___task_pingpong_mem2stream_0___arg0__m_axi/burst_read_addr/inst[0].unit/srl.unit/U_fifo_w32_d16_A_ram/SRL_SIG_reg[37][28]_mux 
	to bel F7MUX_AB. Flop can not be placed in the same row as its driver in order to avoid hold issue since they either have different clock signals or not driven by global clock.
INFO: [Constraints 18-8706] Failed to create MUXF7 shape for instance inst/arg0___task_pingpong_mem2stream_0___arg0__m_axi/burst_read_addr/inst[0].unit/srl.unit/U_fifo_w32_d16_A_ram/SRL_SIG_reg[37][29]_mux. inst/arg0___task_pingpong_mem2stream_0___arg0__m_axi/burst_read_addr/inst[0].unit/srl.unit/U_fifo_w32_d16_A_ram/SRL_SIG_reg[37][29]_mux 
	to bel F7MUX_AB. Flop can not be placed in the same row as its driver in order to avoid hold issue since they either have different clock signals or not driven by global clock.
INFO: [Constraints 18-8706] Failed to create MUXF7 shape for instance inst/arg0___task_pingpong_mem2stream_0___arg0__m_axi/burst_read_addr/inst[0].unit/srl.unit/U_fifo_w32_d16_A_ram/SRL_SIG_reg[37][2]_mux. inst/arg0___task_pingpong_mem2stream_0___arg0__m_axi/burst_read_addr/inst[0].unit/srl.unit/U_fifo_w32_d16_A_ram/SRL_SIG_reg[37][2]_mux 
	to bel F7MUX_AB. Flop can not be placed in the same row as its driver in order to avoid hold issue since they either have different clock signals or not driven by global clock.
INFO: [Constraints 18-8706] Failed to create MUXF7 shape for instance inst/arg0___task_pingpong_mem2stream_0___arg0__m_axi/burst_read_addr/inst[0].unit/srl.unit/U_fifo_w32_d16_A_ram/SRL_SIG_reg[37][30]_mux. inst/arg0___task_pingpong_mem2stream_0___arg0__m_axi/burst_read_addr/inst[0].unit/srl.unit/U_fifo_w32_d16_A_ram/SRL_SIG_reg[37][30]_mux 
	to bel F7MUX_AB. Flop can not be placed in the same row as its driver in order to avoid hold issue since they either have different clock signals or not driven by global clock.
INFO: [Constraints 18-8706] Failed to create MUXF7 shape for instance inst/arg0___task_pingpong_mem2stream_0___arg0__m_axi/burst_read_addr/inst[0].unit/srl.unit/U_fifo_w32_d16_A_ram/SRL_SIG_reg[37][31]_mux. inst/arg0___task_pingpong_mem2stream_0___arg0__m_axi/burst_read_addr/inst[0].unit/srl.unit/U_fifo_w32_d16_A_ram/SRL_SIG_reg[37][31]_mux 
	to bel F7MUX_AB. Flop can not be placed in the same row as its driver in order to avoid hold issue since they either have different clock signals or not driven by global clock.
INFO: [Constraints 18-8706] Failed to create MUXF7 shape for instance inst/arg0___task_pingpong_mem2stream_0___arg0__m_axi/burst_read_addr/inst[0].unit/srl.unit/U_fifo_w32_d16_A_ram/SRL_SIG_reg[37][32]_mux. inst/arg0___task_pingpong_mem2stream_0___arg0__m_axi/burst_read_addr/inst[0].unit/srl.unit/U_fifo_w32_d16_A_ram/SRL_SIG_reg[37][32]_mux 
	to bel F7MUX_AB. Flop can not be placed in the same row as its driver in order to avoid hold issue since they either have different clock signals or not driven by global clock.
INFO: [Constraints 18-8706] Failed to create MUXF7 shape for instance inst/arg0___task_pingpong_mem2stream_0___arg0__m_axi/burst_read_addr/inst[0].unit/srl.unit/U_fifo_w32_d16_A_ram/SRL_SIG_reg[37][33]_mux. inst/arg0___task_pingpong_mem2stream_0___arg0__m_axi/burst_read_addr/inst[0].unit/srl.unit/U_fifo_w32_d16_A_ram/SRL_SIG_reg[37][33]_mux 
	to bel F7MUX_AB. Flop can not be placed in the same row as its driver in order to avoid hold issue since they either have different clock signals or not driven by global clock.
INFO: [Constraints 18-8706] Failed to create MUXF7 shape for instance inst/arg0___task_pingpong_mem2stream_0___arg0__m_axi/burst_read_addr/inst[0].unit/srl.unit/U_fifo_w32_d16_A_ram/SRL_SIG_reg[37][34]_mux. inst/arg0___task_pingpong_mem2stream_0___arg0__m_axi/burst_read_addr/inst[0].unit/srl.unit/U_fifo_w32_d16_A_ram/SRL_SIG_reg[37][34]_mux 
	to bel F7MUX_AB. Flop can not be placed in the same row as its driver in order to avoid hold issue since they either have different clock signals or not driven by global clock.
INFO: [Constraints 18-8706] Failed to create MUXF7 shape for instance inst/arg0___task_pingpong_mem2stream_0___arg0__m_axi/burst_read_addr/inst[0].unit/srl.unit/U_fifo_w32_d16_A_ram/SRL_SIG_reg[37][35]_mux. inst/arg0___task_pingpong_mem2stream_0___arg0__m_axi/burst_read_addr/inst[0].unit/srl.unit/U_fifo_w32_d16_A_ram/SRL_SIG_reg[37][35]_mux 
	to bel F7MUX_AB. Flop can not be placed in the same row as its driver in order to avoid hold issue since they either have different clock signals or not driven by global clock.
INFO: [Constraints 18-8706] Failed to create MUXF7 shape for instance inst/arg0___task_pingpong_mem2stream_0___arg0__m_axi/burst_read_addr/inst[0].unit/srl.unit/U_fifo_w32_d16_A_ram/SRL_SIG_reg[37][36]_mux. inst/arg0___task_pingpong_mem2stream_0___arg0__m_axi/burst_read_addr/inst[0].unit/srl.unit/U_fifo_w32_d16_A_ram/SRL_SIG_reg[37][36]_mux 
	to bel F7MUX_AB. Flop can not be placed in the same row as its driver in order to avoid hold issue since they either have different clock signals or not driven by global clock.
INFO: [Constraints 18-8706] Failed to create MUXF7 shape for instance inst/arg0___task_pingpong_mem2stream_0___arg0__m_axi/burst_read_addr/inst[0].unit/srl.unit/U_fifo_w32_d16_A_ram/SRL_SIG_reg[37][37]_mux. inst/arg0___task_pingpong_mem2stream_0___arg0__m_axi/burst_read_addr/inst[0].unit/srl.unit/U_fifo_w32_d16_A_ram/SRL_SIG_reg[37][37]_mux 
	to bel F7MUX_AB. Flop can not be placed in the same row as its driver in order to avoid hold issue since they either have different clock signals or not driven by global clock.
INFO: [Constraints 18-8706] Failed to create MUXF7 shape for instance inst/arg0___task_pingpong_mem2stream_0___arg0__m_axi/burst_read_addr/inst[0].unit/srl.unit/U_fifo_w32_d16_A_ram/SRL_SIG_reg[37][38]_mux. inst/arg0___task_pingpong_mem2stream_0___arg0__m_axi/burst_read_addr/inst[0].unit/srl.unit/U_fifo_w32_d16_A_ram/SRL_SIG_reg[37][38]_mux 
	to bel F7MUX_AB. Flop can not be placed in the same row as its driver in order to avoid hold issue since they either have different clock signals or not driven by global clock.
INFO: [Constraints 18-8706] Failed to create MUXF7 shape for instance inst/arg0___task_pingpong_mem2stream_0___arg0__m_axi/burst_read_addr/inst[0].unit/srl.unit/U_fifo_w32_d16_A_ram/SRL_SIG_reg[37][39]_mux. inst/arg0___task_pingpong_mem2stream_0___arg0__m_axi/burst_read_addr/inst[0].unit/srl.unit/U_fifo_w32_d16_A_ram/SRL_SIG_reg[37][39]_mux 
	to bel F7MUX_AB. Flop can not be placed in the same row as its driver in order to avoid hold issue since they either have different clock signals or not driven by global clock.
INFO: [Constraints 18-8706] Failed to create MUXF7 shape for instance inst/arg0___task_pingpong_mem2stream_0___arg0__m_axi/burst_read_addr/inst[0].unit/srl.unit/U_fifo_w32_d16_A_ram/SRL_SIG_reg[37][3]_mux. inst/arg0___task_pingpong_mem2stream_0___arg0__m_axi/burst_read_addr/inst[0].unit/srl.unit/U_fifo_w32_d16_A_ram/SRL_SIG_reg[37][3]_mux 
	to bel F7MUX_AB. Flop can not be placed in the same row as its driver in order to avoid hold issue since they either have different clock signals or not driven by global clock.
INFO: [Constraints 18-8706] Failed to create MUXF7 shape for instance inst/arg0___task_pingpong_mem2stream_0___arg0__m_axi/burst_read_addr/inst[0].unit/srl.unit/U_fifo_w32_d16_A_ram/SRL_SIG_reg[37][40]_mux. inst/arg0___task_pingpong_mem2stream_0___arg0__m_axi/burst_read_addr/inst[0].unit/srl.unit/U_fifo_w32_d16_A_ram/SRL_SIG_reg[37][40]_mux 
	to bel F7MUX_AB. Flop can not be placed in the same row as its driver in order to avoid hold issue since they either have different clock signals or not driven by global clock.
INFO: [Constraints 18-8706] Failed to create MUXF7 shape for instance inst/arg0___task_pingpong_mem2stream_0___arg0__m_axi/burst_read_addr/inst[0].unit/srl.unit/U_fifo_w32_d16_A_ram/SRL_SIG_reg[37][41]_mux. inst/arg0___task_pingpong_mem2stream_0___arg0__m_axi/burst_read_addr/inst[0].unit/srl.unit/U_fifo_w32_d16_A_ram/SRL_SIG_reg[37][41]_mux 
	to bel F7MUX_AB. Flop can not be placed in the same row as its driver in order to avoid hold issue since they either have different clock signals or not driven by global clock.
INFO: [Constraints 18-8706] Failed to create MUXF7 shape for instance inst/arg0___task_pingpong_mem2stream_0___arg0__m_axi/burst_read_addr/inst[0].unit/srl.unit/U_fifo_w32_d16_A_ram/SRL_SIG_reg[37][42]_mux. inst/arg0___task_pingpong_mem2stream_0___arg0__m_axi/burst_read_addr/inst[0].unit/srl.unit/U_fifo_w32_d16_A_ram/SRL_SIG_reg[37][42]_mux 
	to bel F7MUX_AB. Flop can not be placed in the same row as its driver in order to avoid hold issue since they either have different clock signals or not driven by global clock.
INFO: [Constraints 18-8706] Failed to create MUXF7 shape for instance inst/arg0___task_pingpong_mem2stream_0___arg0__m_axi/burst_read_addr/inst[0].unit/srl.unit/U_fifo_w32_d16_A_ram/SRL_SIG_reg[37][43]_mux. inst/arg0___task_pingpong_mem2stream_0___arg0__m_axi/burst_read_addr/inst[0].unit/srl.unit/U_fifo_w32_d16_A_ram/SRL_SIG_reg[37][43]_mux 
	to bel F7MUX_AB. Flop can not be placed in the same row as its driver in order to avoid hold issue since they either have different clock signals or not driven by global clock.
INFO: [Constraints 18-8706] Failed to create MUXF7 shape for instance inst/arg0___task_pingpong_mem2stream_0___arg0__m_axi/burst_read_addr/inst[0].unit/srl.unit/U_fifo_w32_d16_A_ram/SRL_SIG_reg[37][44]_mux. inst/arg0___task_pingpong_mem2stream_0___arg0__m_axi/burst_read_addr/inst[0].unit/srl.unit/U_fifo_w32_d16_A_ram/SRL_SIG_reg[37][44]_mux 
	to bel F7MUX_AB. Flop can not be placed in the same row as its driver in order to avoid hold issue since they either have different clock signals or not driven by global clock.
INFO: [Constraints 18-8706] Failed to create MUXF7 shape for instance inst/arg0___task_pingpong_mem2stream_0___arg0__m_axi/burst_read_addr/inst[0].unit/srl.unit/U_fifo_w32_d16_A_ram/SRL_SIG_reg[37][45]_mux. inst/arg0___task_pingpong_mem2stream_0___arg0__m_axi/burst_read_addr/inst[0].unit/srl.unit/U_fifo_w32_d16_A_ram/SRL_SIG_reg[37][45]_mux 
	to bel F7MUX_AB. Flop can not be placed in the same row as its driver in order to avoid hold issue since they either have different clock signals or not driven by global clock.
INFO: [Constraints 18-8706] Failed to create MUXF7 shape for instance inst/arg0___task_pingpong_mem2stream_0___arg0__m_axi/burst_read_addr/inst[0].unit/srl.unit/U_fifo_w32_d16_A_ram/SRL_SIG_reg[37][46]_mux. inst/arg0___task_pingpong_mem2stream_0___arg0__m_axi/burst_read_addr/inst[0].unit/srl.unit/U_fifo_w32_d16_A_ram/SRL_SIG_reg[37][46]_mux 
	to bel F7MUX_AB. Flop can not be placed in the same row as its driver in order to avoid hold issue since they either have different clock signals or not driven by global clock.
INFO: [Constraints 18-8706] Failed to create MUXF7 shape for instance inst/arg0___task_pingpong_mem2stream_0___arg0__m_axi/burst_read_addr/inst[0].unit/srl.unit/U_fifo_w32_d16_A_ram/SRL_SIG_reg[37][47]_mux. inst/arg0___task_pingpong_mem2stream_0___arg0__m_axi/burst_read_addr/inst[0].unit/srl.unit/U_fifo_w32_d16_A_ram/SRL_SIG_reg[37][47]_mux 
	to bel F7MUX_AB. Flop can not be placed in the same row as its driver in order to avoid hold issue since they either have different clock signals or not driven by global clock.
INFO: [Constraints 18-8706] Failed to create MUXF7 shape for instance inst/arg0___task_pingpong_mem2stream_0___arg0__m_axi/burst_read_addr/inst[0].unit/srl.unit/U_fifo_w32_d16_A_ram/SRL_SIG_reg[37][48]_mux. inst/arg0___task_pingpong_mem2stream_0___arg0__m_axi/burst_read_addr/inst[0].unit/srl.unit/U_fifo_w32_d16_A_ram/SRL_SIG_reg[37][48]_mux 
	to bel F7MUX_AB. Flop can not be placed in the same row as its driver in order to avoid hold issue since they either have different clock signals or not driven by global clock.
INFO: [Constraints 18-8706] Failed to create MUXF7 shape for instance inst/arg0___task_pingpong_mem2stream_0___arg0__m_axi/burst_read_addr/inst[0].unit/srl.unit/U_fifo_w32_d16_A_ram/SRL_SIG_reg[37][49]_mux. inst/arg0___task_pingpong_mem2stream_0___arg0__m_axi/burst_read_addr/inst[0].unit/srl.unit/U_fifo_w32_d16_A_ram/SRL_SIG_reg[37][49]_mux 
	to bel F7MUX_AB. Flop can not be placed in the same row as its driver in order to avoid hold issue since they either have different clock signals or not driven by global clock.
INFO: [Constraints 18-8706] Failed to create MUXF7 shape for instance inst/arg0___task_pingpong_mem2stream_0___arg0__m_axi/burst_read_addr/inst[0].unit/srl.unit/U_fifo_w32_d16_A_ram/SRL_SIG_reg[37][4]_mux. inst/arg0___task_pingpong_mem2stream_0___arg0__m_axi/burst_read_addr/inst[0].unit/srl.unit/U_fifo_w32_d16_A_ram/SRL_SIG_reg[37][4]_mux 
	to bel F7MUX_AB. Flop can not be placed in the same row as its driver in order to avoid hold issue since they either have different clock signals or not driven by global clock.
INFO: [Constraints 18-8706] Failed to create MUXF7 shape for instance inst/arg0___task_pingpong_mem2stream_0___arg0__m_axi/burst_read_addr/inst[0].unit/srl.unit/U_fifo_w32_d16_A_ram/SRL_SIG_reg[37][50]_mux. inst/arg0___task_pingpong_mem2stream_0___arg0__m_axi/burst_read_addr/inst[0].unit/srl.unit/U_fifo_w32_d16_A_ram/SRL_SIG_reg[37][50]_mux 
	to bel F7MUX_AB. Flop can not be placed in the same row as its driver in order to avoid hold issue since they either have different clock signals or not driven by global clock.
INFO: [Constraints 18-8706] Failed to create MUXF7 shape for instance inst/arg0___task_pingpong_mem2stream_0___arg0__m_axi/burst_read_addr/inst[0].unit/srl.unit/U_fifo_w32_d16_A_ram/SRL_SIG_reg[37][51]_mux. inst/arg0___task_pingpong_mem2stream_0___arg0__m_axi/burst_read_addr/inst[0].unit/srl.unit/U_fifo_w32_d16_A_ram/SRL_SIG_reg[37][51]_mux 
	to bel F7MUX_AB. Flop can not be placed in the same row as its driver in order to avoid hold issue since they either have different clock signals or not driven by global clock.
INFO: [Constraints 18-8706] Failed to create MUXF7 shape for instance inst/arg0___task_pingpong_mem2stream_0___arg0__m_axi/burst_read_addr/inst[0].unit/srl.unit/U_fifo_w32_d16_A_ram/SRL_SIG_reg[37][52]_mux. inst/arg0___task_pingpong_mem2stream_0___arg0__m_axi/burst_read_addr/inst[0].unit/srl.unit/U_fifo_w32_d16_A_ram/SRL_SIG_reg[37][52]_mux 
	to bel F7MUX_AB. Flop can not be placed in the same row as its driver in order to avoid hold issue since they either have different clock signals or not driven by global clock.
INFO: [Constraints 18-8706] Failed to create MUXF7 shape for instance inst/arg0___task_pingpong_mem2stream_0___arg0__m_axi/burst_read_addr/inst[0].unit/srl.unit/U_fifo_w32_d16_A_ram/SRL_SIG_reg[37][53]_mux. inst/arg0___task_pingpong_mem2stream_0___arg0__m_axi/burst_read_addr/inst[0].unit/srl.unit/U_fifo_w32_d16_A_ram/SRL_SIG_reg[37][53]_mux 
	to bel F7MUX_AB. Flop can not be placed in the same row as its driver in order to avoid hold issue since they either have different clock signals or not driven by global clock.
INFO: [Constraints 18-8706] Failed to create MUXF7 shape for instance inst/arg0___task_pingpong_mem2stream_0___arg0__m_axi/burst_read_addr/inst[0].unit/srl.unit/U_fifo_w32_d16_A_ram/SRL_SIG_reg[37][54]_mux. inst/arg0___task_pingpong_mem2stream_0___arg0__m_axi/burst_read_addr/inst[0].unit/srl.unit/U_fifo_w32_d16_A_ram/SRL_SIG_reg[37][54]_mux 
	to bel F7MUX_AB. Flop can not be placed in the same row as its driver in order to avoid hold issue since they either have different clock signals or not driven by global clock.
INFO: [Constraints 18-8706] Failed to create MUXF7 shape for instance inst/arg0___task_pingpong_mem2stream_0___arg0__m_axi/burst_read_addr/inst[0].unit/srl.unit/U_fifo_w32_d16_A_ram/SRL_SIG_reg[37][55]_mux. inst/arg0___task_pingpong_mem2stream_0___arg0__m_axi/burst_read_addr/inst[0].unit/srl.unit/U_fifo_w32_d16_A_ram/SRL_SIG_reg[37][55]_mux 
	to bel F7MUX_AB. Flop can not be placed in the same row as its driver in order to avoid hold issue since they either have different clock signals or not driven by global clock.
INFO: [Constraints 18-8706] Failed to create MUXF7 shape for instance inst/arg0___task_pingpong_mem2stream_0___arg0__m_axi/burst_read_addr/inst[0].unit/srl.unit/U_fifo_w32_d16_A_ram/SRL_SIG_reg[37][56]_mux. inst/arg0___task_pingpong_mem2stream_0___arg0__m_axi/burst_read_addr/inst[0].unit/srl.unit/U_fifo_w32_d16_A_ram/SRL_SIG_reg[37][56]_mux 
	to bel F7MUX_AB. Flop can not be placed in the same row as its driver in order to avoid hold issue since they either have different clock signals or not driven by global clock.
INFO: [Constraints 18-8706] Failed to create MUXF7 shape for instance inst/arg0___task_pingpong_mem2stream_0___arg0__m_axi/burst_read_addr/inst[0].unit/srl.unit/U_fifo_w32_d16_A_ram/SRL_SIG_reg[37][57]_mux. inst/arg0___task_pingpong_mem2stream_0___arg0__m_axi/burst_read_addr/inst[0].unit/srl.unit/U_fifo_w32_d16_A_ram/SRL_SIG_reg[37][57]_mux 
	to bel F7MUX_AB. Flop can not be placed in the same row as its driver in order to avoid hold issue since they either have different clock signals or not driven by global clock.
INFO: [Constraints 18-8706] Failed to create MUXF7 shape for instance inst/arg0___task_pingpong_mem2stream_0___arg0__m_axi/burst_read_addr/inst[0].unit/srl.unit/U_fifo_w32_d16_A_ram/SRL_SIG_reg[37][58]_mux. inst/arg0___task_pingpong_mem2stream_0___arg0__m_axi/burst_read_addr/inst[0].unit/srl.unit/U_fifo_w32_d16_A_ram/SRL_SIG_reg[37][58]_mux 
	to bel F7MUX_AB. Flop can not be placed in the same row as its driver in order to avoid hold issue since they either have different clock signals or not driven by global clock.
INFO: [Constraints 18-8706] Failed to create MUXF7 shape for instance inst/arg0___task_pingpong_mem2stream_0___arg0__m_axi/burst_read_addr/inst[0].unit/srl.unit/U_fifo_w32_d16_A_ram/SRL_SIG_reg[37][59]_mux. inst/arg0___task_pingpong_mem2stream_0___arg0__m_axi/burst_read_addr/inst[0].unit/srl.unit/U_fifo_w32_d16_A_ram/SRL_SIG_reg[37][59]_mux 
	to bel F7MUX_AB. Flop can not be placed in the same row as its driver in order to avoid hold issue since they either have different clock signals or not driven by global clock.
INFO: [Constraints 18-8706] Failed to create MUXF7 shape for instance inst/arg0___task_pingpong_mem2stream_0___arg0__m_axi/burst_read_addr/inst[0].unit/srl.unit/U_fifo_w32_d16_A_ram/SRL_SIG_reg[37][5]_mux. inst/arg0___task_pingpong_mem2stream_0___arg0__m_axi/burst_read_addr/inst[0].unit/srl.unit/U_fifo_w32_d16_A_ram/SRL_SIG_reg[37][5]_mux 
	to bel F7MUX_AB. Flop can not be placed in the same row as its driver in order to avoid hold issue since they either have different clock signals or not driven by global clock.
INFO: [Constraints 18-8706] Failed to create MUXF7 shape for instance inst/arg0___task_pingpong_mem2stream_0___arg0__m_axi/burst_read_addr/inst[0].unit/srl.unit/U_fifo_w32_d16_A_ram/SRL_SIG_reg[37][60]_mux. inst/arg0___task_pingpong_mem2stream_0___arg0__m_axi/burst_read_addr/inst[0].unit/srl.unit/U_fifo_w32_d16_A_ram/SRL_SIG_reg[37][60]_mux 
	to bel F7MUX_AB. Flop can not be placed in the same row as its driver in order to avoid hold issue since they either have different clock signals or not driven by global clock.
INFO: [Constraints 18-8706] Failed to create MUXF7 shape for instance inst/arg0___task_pingpong_mem2stream_0___arg0__m_axi/burst_read_addr/inst[0].unit/srl.unit/U_fifo_w32_d16_A_ram/SRL_SIG_reg[37][61]_mux. inst/arg0___task_pingpong_mem2stream_0___arg0__m_axi/burst_read_addr/inst[0].unit/srl.unit/U_fifo_w32_d16_A_ram/SRL_SIG_reg[37][61]_mux 
	to bel F7MUX_AB. Flop can not be placed in the same row as its driver in order to avoid hold issue since they either have different clock signals or not driven by global clock.
INFO: [Constraints 18-8706] Failed to create MUXF7 shape for instance inst/arg0___task_pingpong_mem2stream_0___arg0__m_axi/burst_read_addr/inst[0].unit/srl.unit/U_fifo_w32_d16_A_ram/SRL_SIG_reg[37][62]_mux. inst/arg0___task_pingpong_mem2stream_0___arg0__m_axi/burst_read_addr/inst[0].unit/srl.unit/U_fifo_w32_d16_A_ram/SRL_SIG_reg[37][62]_mux 
	to bel F7MUX_AB. Flop can not be placed in the same row as its driver in order to avoid hold issue since they either have different clock signals or not driven by global clock.
INFO: [Constraints 18-8706] Failed to create MUXF7 shape for instance inst/arg0___task_pingpong_mem2stream_0___arg0__m_axi/burst_read_addr/inst[0].unit/srl.unit/U_fifo_w32_d16_A_ram/SRL_SIG_reg[37][63]_mux. inst/arg0___task_pingpong_mem2stream_0___arg0__m_axi/burst_read_addr/inst[0].unit/srl.unit/U_fifo_w32_d16_A_ram/SRL_SIG_reg[37][63]_mux 
	to bel F7MUX_AB. Flop can not be placed in the same row as its driver in order to avoid hold issue since they either have different clock signals or not driven by global clock.
INFO: [Constraints 18-8706] Failed to create MUXF7 shape for instance inst/arg0___task_pingpong_mem2stream_0___arg0__m_axi/burst_read_addr/inst[0].unit/srl.unit/U_fifo_w32_d16_A_ram/SRL_SIG_reg[37][64]_mux. inst/arg0___task_pingpong_mem2stream_0___arg0__m_axi/burst_read_addr/inst[0].unit/srl.unit/U_fifo_w32_d16_A_ram/SRL_SIG_reg[37][64]_mux 
	to bel F7MUX_AB. Flop can not be placed in the same row as its driver in order to avoid hold issue since they either have different clock signals or not driven by global clock.
INFO: [Constraints 18-8706] Failed to create MUXF7 shape for instance inst/arg0___task_pingpong_mem2stream_0___arg0__m_axi/burst_read_addr/inst[0].unit/srl.unit/U_fifo_w32_d16_A_ram/SRL_SIG_reg[37][65]_mux. inst/arg0___task_pingpong_mem2stream_0___arg0__m_axi/burst_read_addr/inst[0].unit/srl.unit/U_fifo_w32_d16_A_ram/SRL_SIG_reg[37][65]_mux 
	to bel F7MUX_AB. Flop can not be placed in the same row as its driver in order to avoid hold issue since they either have different clock signals or not driven by global clock.
INFO: [Constraints 18-8706] Failed to create MUXF7 shape for instance inst/arg0___task_pingpong_mem2stream_0___arg0__m_axi/burst_read_addr/inst[0].unit/srl.unit/U_fifo_w32_d16_A_ram/SRL_SIG_reg[37][66]_mux. inst/arg0___task_pingpong_mem2stream_0___arg0__m_axi/burst_read_addr/inst[0].unit/srl.unit/U_fifo_w32_d16_A_ram/SRL_SIG_reg[37][66]_mux 
	to bel F7MUX_AB. Flop can not be placed in the same row as its driver in order to avoid hold issue since they either have different clock signals or not driven by global clock.
INFO: [Constraints 18-8706] Failed to create MUXF7 shape for instance inst/arg0___task_pingpong_mem2stream_0___arg0__m_axi/burst_read_addr/inst[0].unit/srl.unit/U_fifo_w32_d16_A_ram/SRL_SIG_reg[37][67]_mux. inst/arg0___task_pingpong_mem2stream_0___arg0__m_axi/burst_read_addr/inst[0].unit/srl.unit/U_fifo_w32_d16_A_ram/SRL_SIG_reg[37][67]_mux 
	to bel F7MUX_AB. Flop can not be placed in the same row as its driver in order to avoid hold issue since they either have different clock signals or not driven by global clock.
INFO: [Constraints 18-8706] Failed to create MUXF7 shape for instance inst/arg0___task_pingpong_mem2stream_0___arg0__m_axi/burst_read_addr/inst[0].unit/srl.unit/U_fifo_w32_d16_A_ram/SRL_SIG_reg[37][68]_mux. inst/arg0___task_pingpong_mem2stream_0___arg0__m_axi/burst_read_addr/inst[0].unit/srl.unit/U_fifo_w32_d16_A_ram/SRL_SIG_reg[37][68]_mux 
	to bel F7MUX_AB. Flop can not be placed in the same row as its driver in order to avoid hold issue since they either have different clock signals or not driven by global clock.
INFO: [Constraints 18-8706] Failed to create MUXF7 shape for instance inst/arg0___task_pingpong_mem2stream_0___arg0__m_axi/burst_read_addr/inst[0].unit/srl.unit/U_fifo_w32_d16_A_ram/SRL_SIG_reg[37][69]_mux. inst/arg0___task_pingpong_mem2stream_0___arg0__m_axi/burst_read_addr/inst[0].unit/srl.unit/U_fifo_w32_d16_A_ram/SRL_SIG_reg[37][69]_mux 
	to bel F7MUX_AB. Flop can not be placed in the same row as its driver in order to avoid hold issue since they either have different clock signals or not driven by global clock.
INFO: [Constraints 18-8706] Failed to create MUXF7 shape for instance inst/arg0___task_pingpong_mem2stream_0___arg0__m_axi/burst_read_addr/inst[0].unit/srl.unit/U_fifo_w32_d16_A_ram/SRL_SIG_reg[37][6]_mux. inst/arg0___task_pingpong_mem2stream_0___arg0__m_axi/burst_read_addr/inst[0].unit/srl.unit/U_fifo_w32_d16_A_ram/SRL_SIG_reg[37][6]_mux 
	to bel F7MUX_AB. Flop can not be placed in the same row as its driver in order to avoid hold issue since they either have different clock signals or not driven by global clock.
INFO: [Constraints 18-8706] Failed to create MUXF7 shape for instance inst/arg0___task_pingpong_mem2stream_0___arg0__m_axi/burst_read_addr/inst[0].unit/srl.unit/U_fifo_w32_d16_A_ram/SRL_SIG_reg[37][70]_mux. inst/arg0___task_pingpong_mem2stream_0___arg0__m_axi/burst_read_addr/inst[0].unit/srl.unit/U_fifo_w32_d16_A_ram/SRL_SIG_reg[37][70]_mux 
	to bel F7MUX_AB. Flop can not be placed in the same row as its driver in order to avoid hold issue since they either have different clock signals or not driven by global clock.
INFO: [Constraints 18-8706] Failed to create MUXF7 shape for instance inst/arg0___task_pingpong_mem2stream_0___arg0__m_axi/burst_read_addr/inst[0].unit/srl.unit/U_fifo_w32_d16_A_ram/SRL_SIG_reg[37][71]_mux. inst/arg0___task_pingpong_mem2stream_0___arg0__m_axi/burst_read_addr/inst[0].unit/srl.unit/U_fifo_w32_d16_A_ram/SRL_SIG_reg[37][71]_mux 
	to bel F7MUX_AB. Flop can not be placed in the same row as its driver in order to avoid hold issue since they either have different clock signals or not driven by global clock.
INFO: [Constraints 18-8706] Failed to create MUXF7 shape for instance inst/arg0___task_pingpong_mem2stream_0___arg0__m_axi/burst_read_addr/inst[0].unit/srl.unit/U_fifo_w32_d16_A_ram/SRL_SIG_reg[37][7]_mux. inst/arg0___task_pingpong_mem2stream_0___arg0__m_axi/burst_read_addr/inst[0].unit/srl.unit/U_fifo_w32_d16_A_ram/SRL_SIG_reg[37][7]_mux 
	to bel F7MUX_AB. Flop can not be placed in the same row as its driver in order to avoid hold issue since they either have different clock signals or not driven by global clock.
INFO: [Constraints 18-8706] Failed to create MUXF7 shape for instance inst/arg0___task_pingpong_mem2stream_0___arg0__m_axi/burst_read_addr/inst[0].unit/srl.unit/U_fifo_w32_d16_A_ram/SRL_SIG_reg[37][8]_mux. inst/arg0___task_pingpong_mem2stream_0___arg0__m_axi/burst_read_addr/inst[0].unit/srl.unit/U_fifo_w32_d16_A_ram/SRL_SIG_reg[37][8]_mux 
	to bel F7MUX_AB. Flop can not be placed in the same row as its driver in order to avoid hold issue since they either have different clock signals or not driven by global clock.
INFO: [Constraints 18-8706] Failed to create MUXF7 shape for instance inst/arg0___task_pingpong_mem2stream_0___arg0__m_axi/burst_read_addr/inst[0].unit/srl.unit/U_fifo_w32_d16_A_ram/SRL_SIG_reg[37][9]_mux. inst/arg0___task_pingpong_mem2stream_0___arg0__m_axi/burst_read_addr/inst[0].unit/srl.unit/U_fifo_w32_d16_A_ram/SRL_SIG_reg[37][9]_mux 
	to bel F7MUX_AB. Flop can not be placed in the same row as its driver in order to avoid hold issue since they either have different clock signals or not driven by global clock.
INFO: [Constraints 18-8706] Failed to create MUXF7 shape for instance inst/arg0___task_pingpong_mem2stream_0___arg0__m_axi/read_addr/inst[0].unit/srl.unit/U_fifo_w32_d16_A_ram/SRL_SIG_reg[37][0]_mux. inst/arg0___task_pingpong_mem2stream_0___arg0__m_axi/read_addr/inst[0].unit/srl.unit/U_fifo_w32_d16_A_ram/SRL_SIG_reg[37][0]_mux 
	to bel F7MUX_AB. Flop can not be placed in the same row as its driver in order to avoid hold issue since they either have different clock signals or not driven by global clock.
INFO: [Constraints 18-8706] Failed to create MUXF7 shape for instance inst/arg0___task_pingpong_mem2stream_0___arg0__m_axi/read_addr/inst[0].unit/srl.unit/U_fifo_w32_d16_A_ram/SRL_SIG_reg[37][10]_mux. inst/arg0___task_pingpong_mem2stream_0___arg0__m_axi/read_addr/inst[0].unit/srl.unit/U_fifo_w32_d16_A_ram/SRL_SIG_reg[37][10]_mux 
	to bel F7MUX_AB. Flop can not be placed in the same row as its driver in order to avoid hold issue since they either have different clock signals or not driven by global clock.
INFO: [Constraints 18-8706] Failed to create MUXF7 shape for instance inst/arg0___task_pingpong_mem2stream_0___arg0__m_axi/read_addr/inst[0].unit/srl.unit/U_fifo_w32_d16_A_ram/SRL_SIG_reg[37][11]_mux. inst/arg0___task_pingpong_mem2stream_0___arg0__m_axi/read_addr/inst[0].unit/srl.unit/U_fifo_w32_d16_A_ram/SRL_SIG_reg[37][11]_mux 
	to bel F7MUX_AB. Flop can not be placed in the same row as its driver in order to avoid hold issue since they either have different clock signals or not driven by global clock.
INFO: [Constraints 18-8706] Failed to create MUXF7 shape for instance inst/arg0___task_pingpong_mem2stream_0___arg0__m_axi/read_addr/inst[0].unit/srl.unit/U_fifo_w32_d16_A_ram/SRL_SIG_reg[37][12]_mux. inst/arg0___task_pingpong_mem2stream_0___arg0__m_axi/read_addr/inst[0].unit/srl.unit/U_fifo_w32_d16_A_ram/SRL_SIG_reg[37][12]_mux 
	to bel F7MUX_AB. Flop can not be placed in the same row as its driver in order to avoid hold issue since they either have different clock signals or not driven by global clock.
INFO: [Constraints 18-8706] Failed to create MUXF7 shape for instance inst/arg0___task_pingpong_mem2stream_0___arg0__m_axi/read_addr/inst[0].unit/srl.unit/U_fifo_w32_d16_A_ram/SRL_SIG_reg[37][13]_mux. inst/arg0___task_pingpong_mem2stream_0___arg0__m_axi/read_addr/inst[0].unit/srl.unit/U_fifo_w32_d16_A_ram/SRL_SIG_reg[37][13]_mux 
	to bel F7MUX_AB. Flop can not be placed in the same row as its driver in order to avoid hold issue since they either have different clock signals or not driven by global clock.
INFO: [Constraints 18-8706] Failed to create MUXF7 shape for instance inst/arg0___task_pingpong_mem2stream_0___arg0__m_axi/read_addr/inst[0].unit/srl.unit/U_fifo_w32_d16_A_ram/SRL_SIG_reg[37][14]_mux. inst/arg0___task_pingpong_mem2stream_0___arg0__m_axi/read_addr/inst[0].unit/srl.unit/U_fifo_w32_d16_A_ram/SRL_SIG_reg[37][14]_mux 
	to bel F7MUX_AB. Flop can not be placed in the same row as its driver in order to avoid hold issue since they either have different clock signals or not driven by global clock.
INFO: [Constraints 18-8706] Failed to create MUXF7 shape for instance inst/arg0___task_pingpong_mem2stream_0___arg0__m_axi/read_addr/inst[0].unit/srl.unit/U_fifo_w32_d16_A_ram/SRL_SIG_reg[37][15]_mux. inst/arg0___task_pingpong_mem2stream_0___arg0__m_axi/read_addr/inst[0].unit/srl.unit/U_fifo_w32_d16_A_ram/SRL_SIG_reg[37][15]_mux 
	to bel F7MUX_AB. Flop can not be placed in the same row as its driver in order to avoid hold issue since they either have different clock signals or not driven by global clock.
INFO: [Constraints 18-8706] Failed to create MUXF7 shape for instance inst/arg0___task_pingpong_mem2stream_0___arg0__m_axi/read_addr/inst[0].unit/srl.unit/U_fifo_w32_d16_A_ram/SRL_SIG_reg[37][16]_mux. inst/arg0___task_pingpong_mem2stream_0___arg0__m_axi/read_addr/inst[0].unit/srl.unit/U_fifo_w32_d16_A_ram/SRL_SIG_reg[37][16]_mux 
	to bel F7MUX_AB. Flop can not be placed in the same row as its driver in order to avoid hold issue since they either have different clock signals or not driven by global clock.
INFO: [Constraints 18-8706] Failed to create MUXF7 shape for instance inst/arg0___task_pingpong_mem2stream_0___arg0__m_axi/read_addr/inst[0].unit/srl.unit/U_fifo_w32_d16_A_ram/SRL_SIG_reg[37][17]_mux. inst/arg0___task_pingpong_mem2stream_0___arg0__m_axi/read_addr/inst[0].unit/srl.unit/U_fifo_w32_d16_A_ram/SRL_SIG_reg[37][17]_mux 
	to bel F7MUX_AB. Flop can not be placed in the same row as its driver in order to avoid hold issue since they either have different clock signals or not driven by global clock.
INFO: [Constraints 18-8706] Failed to create MUXF7 shape for instance inst/arg0___task_pingpong_mem2stream_0___arg0__m_axi/read_addr/inst[0].unit/srl.unit/U_fifo_w32_d16_A_ram/SRL_SIG_reg[37][18]_mux. inst/arg0___task_pingpong_mem2stream_0___arg0__m_axi/read_addr/inst[0].unit/srl.unit/U_fifo_w32_d16_A_ram/SRL_SIG_reg[37][18]_mux 
	to bel F7MUX_AB. Flop can not be placed in the same row as its driver in order to avoid hold issue since they either have different clock signals or not driven by global clock.
INFO: [Constraints 18-8706] Failed to create MUXF7 shape for instance inst/arg0___task_pingpong_mem2stream_0___arg0__m_axi/read_addr/inst[0].unit/srl.unit/U_fifo_w32_d16_A_ram/SRL_SIG_reg[37][19]_mux. inst/arg0___task_pingpong_mem2stream_0___arg0__m_axi/read_addr/inst[0].unit/srl.unit/U_fifo_w32_d16_A_ram/SRL_SIG_reg[37][19]_mux 
	to bel F7MUX_AB. Flop can not be placed in the same row as its driver in order to avoid hold issue since they either have different clock signals or not driven by global clock.
INFO: [Constraints 18-8706] Failed to create MUXF7 shape for instance inst/arg0___task_pingpong_mem2stream_0___arg0__m_axi/read_addr/inst[0].unit/srl.unit/U_fifo_w32_d16_A_ram/SRL_SIG_reg[37][1]_mux. inst/arg0___task_pingpong_mem2stream_0___arg0__m_axi/read_addr/inst[0].unit/srl.unit/U_fifo_w32_d16_A_ram/SRL_SIG_reg[37][1]_mux 
	to bel F7MUX_AB. Flop can not be placed in the same row as its driver in order to avoid hold issue since they either have different clock signals or not driven by global clock.
INFO: [Constraints 18-8706] Failed to create MUXF7 shape for instance inst/arg0___task_pingpong_mem2stream_0___arg0__m_axi/read_addr/inst[0].unit/srl.unit/U_fifo_w32_d16_A_ram/SRL_SIG_reg[37][20]_mux. inst/arg0___task_pingpong_mem2stream_0___arg0__m_axi/read_addr/inst[0].unit/srl.unit/U_fifo_w32_d16_A_ram/SRL_SIG_reg[37][20]_mux 
	to bel F7MUX_AB. Flop can not be placed in the same row as its driver in order to avoid hold issue since they either have different clock signals or not driven by global clock.
INFO: [Constraints 18-8706] Failed to create MUXF7 shape for instance inst/arg0___task_pingpong_mem2stream_0___arg0__m_axi/read_addr/inst[0].unit/srl.unit/U_fifo_w32_d16_A_ram/SRL_SIG_reg[37][21]_mux. inst/arg0___task_pingpong_mem2stream_0___arg0__m_axi/read_addr/inst[0].unit/srl.unit/U_fifo_w32_d16_A_ram/SRL_SIG_reg[37][21]_mux 
	to bel F7MUX_AB. Flop can not be placed in the same row as its driver in order to avoid hold issue since they either have different clock signals or not driven by global clock.
INFO: [Constraints 18-8706] Failed to create MUXF7 shape for instance inst/arg0___task_pingpong_mem2stream_0___arg0__m_axi/read_addr/inst[0].unit/srl.unit/U_fifo_w32_d16_A_ram/SRL_SIG_reg[37][22]_mux. inst/arg0___task_pingpong_mem2stream_0___arg0__m_axi/read_addr/inst[0].unit/srl.unit/U_fifo_w32_d16_A_ram/SRL_SIG_reg[37][22]_mux 
	to bel F7MUX_AB. Flop can not be placed in the same row as its driver in order to avoid hold issue since they either have different clock signals or not driven by global clock.
INFO: [Constraints 18-8706] Failed to create MUXF7 shape for instance inst/arg0___task_pingpong_mem2stream_0___arg0__m_axi/read_addr/inst[0].unit/srl.unit/U_fifo_w32_d16_A_ram/SRL_SIG_reg[37][23]_mux. inst/arg0___task_pingpong_mem2stream_0___arg0__m_axi/read_addr/inst[0].unit/srl.unit/U_fifo_w32_d16_A_ram/SRL_SIG_reg[37][23]_mux 
	to bel F7MUX_AB. Flop can not be placed in the same row as its driver in order to avoid hold issue since they either have different clock signals or not driven by global clock.
INFO: [Constraints 18-8706] Failed to create MUXF7 shape for instance inst/arg0___task_pingpong_mem2stream_0___arg0__m_axi/read_addr/inst[0].unit/srl.unit/U_fifo_w32_d16_A_ram/SRL_SIG_reg[37][24]_mux. inst/arg0___task_pingpong_mem2stream_0___arg0__m_axi/read_addr/inst[0].unit/srl.unit/U_fifo_w32_d16_A_ram/SRL_SIG_reg[37][24]_mux 
	to bel F7MUX_AB. Flop can not be placed in the same row as its driver in order to avoid hold issue since they either have different clock signals or not driven by global clock.
INFO: [Constraints 18-8706] Failed to create MUXF7 shape for instance inst/arg0___task_pingpong_mem2stream_0___arg0__m_axi/read_addr/inst[0].unit/srl.unit/U_fifo_w32_d16_A_ram/SRL_SIG_reg[37][25]_mux. inst/arg0___task_pingpong_mem2stream_0___arg0__m_axi/read_addr/inst[0].unit/srl.unit/U_fifo_w32_d16_A_ram/SRL_SIG_reg[37][25]_mux 
	to bel F7MUX_AB. Flop can not be placed in the same row as its driver in order to avoid hold issue since they either have different clock signals or not driven by global clock.
INFO: [Constraints 18-8706] Failed to create MUXF7 shape for instance inst/arg0___task_pingpong_mem2stream_0___arg0__m_axi/read_addr/inst[0].unit/srl.unit/U_fifo_w32_d16_A_ram/SRL_SIG_reg[37][26]_mux. inst/arg0___task_pingpong_mem2stream_0___arg0__m_axi/read_addr/inst[0].unit/srl.unit/U_fifo_w32_d16_A_ram/SRL_SIG_reg[37][26]_mux 
	to bel F7MUX_AB. Flop can not be placed in the same row as its driver in order to avoid hold issue since they either have different clock signals or not driven by global clock.
INFO: [Constraints 18-8706] Failed to create MUXF7 shape for instance inst/arg0___task_pingpong_mem2stream_0___arg0__m_axi/read_addr/inst[0].unit/srl.unit/U_fifo_w32_d16_A_ram/SRL_SIG_reg[37][27]_mux. inst/arg0___task_pingpong_mem2stream_0___arg0__m_axi/read_addr/inst[0].unit/srl.unit/U_fifo_w32_d16_A_ram/SRL_SIG_reg[37][27]_mux 
	to bel F7MUX_AB. Flop can not be placed in the same row as its driver in order to avoid hold issue since they either have different clock signals or not driven by global clock.
INFO: [Constraints 18-8706] Failed to create MUXF7 shape for instance inst/arg0___task_pingpong_mem2stream_0___arg0__m_axi/read_addr/inst[0].unit/srl.unit/U_fifo_w32_d16_A_ram/SRL_SIG_reg[37][28]_mux. inst/arg0___task_pingpong_mem2stream_0___arg0__m_axi/read_addr/inst[0].unit/srl.unit/U_fifo_w32_d16_A_ram/SRL_SIG_reg[37][28]_mux 
	to bel F7MUX_AB. Flop can not be placed in the same row as its driver in order to avoid hold issue since they either have different clock signals or not driven by global clock.
INFO: [Constraints 18-8706] Failed to create MUXF7 shape for instance inst/arg0___task_pingpong_mem2stream_0___arg0__m_axi/read_addr/inst[0].unit/srl.unit/U_fifo_w32_d16_A_ram/SRL_SIG_reg[37][29]_mux. inst/arg0___task_pingpong_mem2stream_0___arg0__m_axi/read_addr/inst[0].unit/srl.unit/U_fifo_w32_d16_A_ram/SRL_SIG_reg[37][29]_mux 
	to bel F7MUX_AB. Flop can not be placed in the same row as its driver in order to avoid hold issue since they either have different clock signals or not driven by global clock.
INFO: [Constraints 18-8706] Failed to create MUXF7 shape for instance inst/arg0___task_pingpong_mem2stream_0___arg0__m_axi/read_addr/inst[0].unit/srl.unit/U_fifo_w32_d16_A_ram/SRL_SIG_reg[37][2]_mux. inst/arg0___task_pingpong_mem2stream_0___arg0__m_axi/read_addr/inst[0].unit/srl.unit/U_fifo_w32_d16_A_ram/SRL_SIG_reg[37][2]_mux 
	to bel F7MUX_AB. Flop can not be placed in the same row as its driver in order to avoid hold issue since they either have different clock signals or not driven by global clock.
INFO: [Constraints 18-8706] Failed to create MUXF7 shape for instance inst/arg0___task_pingpong_mem2stream_0___arg0__m_axi/read_addr/inst[0].unit/srl.unit/U_fifo_w32_d16_A_ram/SRL_SIG_reg[37][30]_mux. inst/arg0___task_pingpong_mem2stream_0___arg0__m_axi/read_addr/inst[0].unit/srl.unit/U_fifo_w32_d16_A_ram/SRL_SIG_reg[37][30]_mux 
	to bel F7MUX_AB. Flop can not be placed in the same row as its driver in order to avoid hold issue since they either have different clock signals or not driven by global clock.
INFO: [Constraints 18-8706] Failed to create MUXF7 shape for instance inst/arg0___task_pingpong_mem2stream_0___arg0__m_axi/read_addr/inst[0].unit/srl.unit/U_fifo_w32_d16_A_ram/SRL_SIG_reg[37][31]_mux. inst/arg0___task_pingpong_mem2stream_0___arg0__m_axi/read_addr/inst[0].unit/srl.unit/U_fifo_w32_d16_A_ram/SRL_SIG_reg[37][31]_mux 
	to bel F7MUX_AB. Flop can not be placed in the same row as its driver in order to avoid hold issue since they either have different clock signals or not driven by global clock.
INFO: [Constraints 18-8706] Failed to create MUXF7 shape for instance inst/arg0___task_pingpong_mem2stream_0___arg0__m_axi/read_addr/inst[0].unit/srl.unit/U_fifo_w32_d16_A_ram/SRL_SIG_reg[37][32]_mux. inst/arg0___task_pingpong_mem2stream_0___arg0__m_axi/read_addr/inst[0].unit/srl.unit/U_fifo_w32_d16_A_ram/SRL_SIG_reg[37][32]_mux 
	to bel F7MUX_AB. Flop can not be placed in the same row as its driver in order to avoid hold issue since they either have different clock signals or not driven by global clock.
INFO: [Constraints 18-8706] Failed to create MUXF7 shape for instance inst/arg0___task_pingpong_mem2stream_0___arg0__m_axi/read_addr/inst[0].unit/srl.unit/U_fifo_w32_d16_A_ram/SRL_SIG_reg[37][33]_mux. inst/arg0___task_pingpong_mem2stream_0___arg0__m_axi/read_addr/inst[0].unit/srl.unit/U_fifo_w32_d16_A_ram/SRL_SIG_reg[37][33]_mux 
	to bel F7MUX_AB. Flop can not be placed in the same row as its driver in order to avoid hold issue since they either have different clock signals or not driven by global clock.
INFO: [Constraints 18-8706] Failed to create MUXF7 shape for instance inst/arg0___task_pingpong_mem2stream_0___arg0__m_axi/read_addr/inst[0].unit/srl.unit/U_fifo_w32_d16_A_ram/SRL_SIG_reg[37][34]_mux. inst/arg0___task_pingpong_mem2stream_0___arg0__m_axi/read_addr/inst[0].unit/srl.unit/U_fifo_w32_d16_A_ram/SRL_SIG_reg[37][34]_mux 
	to bel F7MUX_AB. Flop can not be placed in the same row as its driver in order to avoid hold issue since they either have different clock signals or not driven by global clock.
INFO: [Common 17-14] Message 'Constraints 18-8706' appears 100 times and further instances of the messages will be disabled. Use the Tcl command set_msg_config to change the current settings.
INFO: [Opt 31-138] Pushed 0 inverter(s) to 0 load pin(s).
Netlist sorting complete. Time (s): cpu = 00:00:00 ; elapsed = 00:00:00 . Memory (MB): peak = 4202.754 ; gain = 0.000 ; free physical = 150060 ; free virtual = 369261
INFO: [Project 1-111] Unisim Transformation Summary:
  A total of 8 instances were transformed.
  DSP48E2 => DSP48E2 (DSP_ALU, DSP_A_B_DATA, DSP_C_DATA, DSP_MULTIPLIER, DSP_M_DATA, DSP_OUTPUT, DSP_PREADD, DSP_PREADD_DATA): 8 instances

Synth Design complete, checksum: 7444047a
INFO: [Common 17-83] Releasing license: Synthesis
333 Infos, 366 Warnings, 0 Critical Warnings and 0 Errors encountered.
synth_design completed successfully
synth_design: Time (s): cpu = 00:01:11 ; elapsed = 00:01:21 . Memory (MB): peak = 4202.754 ; gain = 2405.973 ; free physical = 150274 ; free virtual = 369475
INFO: [Common 17-600] The following parameters have non-default value.
general.maxThreads
INFO: [Common 17-1381] The checkpoint '/home/x_thileeb/repos/ops-hls-batching-new/codegen_apps/tapa_batching/jacobian2d/u280_datacopy_async_project2/_x/link/vivado/vpl/prj/prj.runs/ulp_datamover_outerloop_0_1_0_synth_1/ulp_datamover_outerloop_0_1_0.dcp' has been generated.
INFO: [Coretcl 2-1648] Added synthesis output to IP cache for IP ulp_datamover_outerloop_0_1_0, cache-ID = 2daec40b02518a79
INFO: [Coretcl 2-1174] Renamed 167 cell refs.
INFO: [Common 17-1381] The checkpoint '/home/x_thileeb/repos/ops-hls-batching-new/codegen_apps/tapa_batching/jacobian2d/u280_datacopy_async_project2/_x/link/vivado/vpl/prj/prj.runs/ulp_datamover_outerloop_0_1_0_synth_1/ulp_datamover_outerloop_0_1_0.dcp' has been generated.
INFO: [runtcl-4] Executing : report_utilization -file ulp_datamover_outerloop_0_1_0_utilization_synth.rpt -pb ulp_datamover_outerloop_0_1_0_utilization_synth.pb
INFO: [Common 17-206] Exiting Vivado at Mon Jul 20 04:13:00 2026...
