Timestamp,Power (W)
1785098619058,39.177322
1785098619399,39.177322
1785098619553,35.795441
1785098619712,35.795441
1785098619885,35.795441
1785098620046,35.795441
1785098620195,35.795441
1785098620357,35.795441
1785098620509,35.795441
1785098620668,38.422576
1785098620828,38.422576
1785098620980,38.422576
1785098621150,38.422576
1785098621306,38.422576
1785098621461,38.422576
1785098621616,38.422576
1785098621773,39.534963
1785098621931,39.534963
1785098622093,39.534963
1785098622257,39.534963
1785098622409,39.534963
1785098622565,39.534963
1785098622718,39.534963
1785098622870,38.810216
1785098623025,38.810216
1785098623176,38.810216
1785098623348,38.810216
1785098623506,38.810216
1785098623659,38.810216
1785098623809,38.810216
1785098623967,40.605012
1785098624121,40.605012
1785098624274,40.605012
1785098624448,40.605012
1785098624598,40.605012
1785098624751,40.605012
1785098624909,40.605012
1785098625059,40.049081
1785098625209,40.049081
1785098625366,40.049081
1785098625532,40.049081
1785098625690,40.049081
1785098625853,40.049081
1785098626006,40.049081
1785098626175,40.144500
1785098626336,40.144500
1785098626487,40.144500
1785098626650,40.144500
1785098626807,40.144500
1785098626959,40.144500
1785098627118,40.144500
1785098627277,39.522571
1785098627448,39.522571
1785098627618,39.522571
1785098627785,39.522571
1785098627941,39.522571
1785098628099,39.522571
1785098628251,38.812163
1785098628410,38.812163
1785098628568,38.812163
1785098628720,38.812163
1785098628883,38.812163
1785098629044,38.812163
1785098629200,38.812163
1785098629352,39.272301
1785098629512,39.272301
1785098629663,39.272301
1785098629817,39.272301
1785098629987,39.272301
1785098630135,39.272301
1785098630285,39.272301
1785098630445,39.000207
1785098630601,39.000207
1785098630753,39.000207
1785098630913,39.000207
1785098631075,39.000207
1785098631230,39.000207
1785098631391,39.000207
1785098631551,39.642912
1785098631714,39.642912
1785098631877,39.642912
1785098632045,39.642912
1785098632213,39.642912
1785098632375,39.642912
1785098632531,40.277790
1785098632689,40.277790
1785098632843,40.277790
1785098633007,40.277790
1785098633166,40.277790
1785098633336,40.277790
1785098633497,40.277790
1785098633659,40.120129
1785098633813,40.120129
1785098633976,40.120129
1785098634145,40.120129
1785098634302,40.120129
1785098634474,40.120129
1785098634641,40.122955
1785098634810,40.122955
1785098634966,40.122955
1785098635124,40.122955
1785098635283,40.122955
1785098635437,40.122955
1785098635605,40.122955
1785098635764,40.272660
1785098635926,40.272660
1785098636086,40.272660
1785098636253,40.272660
1785098636418,40.272660
1785098636571,40.272660
1785098636729,40.152270
1785098636894,40.152270
1785098637051,40.152270
1785098637205,40.152270
1785098637360,40.152270
1785098637522,40.152270
1785098637672,40.152270
1785098637835,40.159667
1785098637991,40.159667
1785098638143,40.159667
1785098638294,40.159667
1785098638458,40.159667
1785098638611,40.159667
1785098638771,40.159667
1785098639048,39.161454
1785098639218,39.161454
1785098639369,39.161454
1785098639539,39.161454
1785098639699,39.161454
1785098639849,39.161454
1785098640008,39.006321
1785098640174,39.006321
1785098640327,39.006321
1785098640495,39.006321
1785098640647,39.006321
1785098640797,39.006321
1785098640955,39.006321
1785098641111,39.780706
1785098641279,39.780706
1785098641435,39.780706
1785098641590,39.780706
1785098641738,39.780706
1785098641887,39.780706
1785098642043,39.780706
1785098642202,39.477125
1785098642361,39.477125
1785098642516,39.477125
1785098642672,39.477125
1785098642829,39.477125
1785098642986,39.477125
1785098643137,39.477125
1785098643289,39.308664
1785098643456,39.308664
1785098643610,39.308664
1785098643759,39.308664
1785098643921,39.308664
1785098644079,39.308664
1785098644229,39.308664
1785098644382,40.033741
1785098644549,40.033741
1785098644705,40.033741
1785098644872,40.033741
1785098645027,40.033741
1785098645178,40.033741
1785098645331,40.033741
1785098645490,39.182294
1785098645658,39.182294
1785098645818,39.182294
1785098645975,39.182294
1785098646133,39.182294
1785098646300,39.182294
1785098646463,39.920823
1785098646615,39.920823
1785098646779,39.920823
1785098646937,39.920823
1785098647089,39.920823
1785098647248,39.920823
1785098647411,39.920823
1785098647570,40.147614
1785098647735,40.147614
1785098647903,40.147614
1785098648059,40.147614
1785098648225,40.147614
1785098648380,40.147614
1785098648533,40.004835
1785098648692,40.004835
1785098648847,40.004835
1785098649026,40.004835
1785098649190,40.004835
1785098649338,40.004835
1785098649499,40.004835
1785098649655,39.521598
1785098649810,39.521598
1785098649972,39.521598
1785098650137,39.521598
1785098650288,39.521598
1785098650449,39.521598
1785098650612,39.236534
1785098650766,39.236534
1785098650929,39.236534
1785098651093,39.236534
1785098651257,39.236534
1785098651414,39.236534
1785098651577,39.236534
1785098651733,39.613791
1785098651896,39.613791
1785098652056,39.613791
1785098652217,39.613791
1785098652378,39.613791
1785098652534,39.613791
1785098652684,39.613791
1785098652848,40.352312
1785098653002,40.352312
1785098653152,40.352312
1785098653308,40.352312
1785098653470,40.352312
1785098653618,40.352312
1785098653779,40.352312
1785098653936,39.724821
1785098654089,39.724821
1785098654244,39.724821
1785098654400,39.724821
1785098654562,39.724821
1785098654722,39.724821
1785098654871,39.724821
1785098655020,39.935460
1785098655176,39.935460
1785098655331,39.935460
1785098655486,39.935460
1785098655657,39.935460
1785098655807,39.935460
1785098655967,39.935460
1785098656130,40.566485
1785098656285,40.566485
1785098656436,40.566485
1785098656596,40.566485
1785098656756,40.566485
1785098656922,40.566485
1785098657083,39.721640
1785098657245,39.721640
1785098657407,39.721640
1785098657567,39.721640
1785098657737,39.721640
1785098657892,39.721640
1785098658050,39.721640
1785098658207,40.670626
1785098658362,40.670626
1785098658516,40.670626
1785098658673,40.670626
1785098658839,40.670626
1785098658996,40.670626
1785098659152,40.670626
1785098659311,40.256286
1785098659467,40.256286
1785098659620,40.256286
1785098659770,40.256286
1785098659936,40.256286
1785098660085,40.256286
1785098660243,40.256286
1785098660405,39.753156
1785098660560,39.753156
1785098660717,39.753156
1785098660871,39.753156
1785098661036,39.753156
1785098661195,39.753156
1785098661354,39.753156
1785098661513,40.772955
1785098661676,40.772955
1785098661825,40.772955
1785098661975,40.772955
1785098662155,40.772955
1785098662306,40.772955
1785098662456,40.772955
1785098662617,40.325412
1785098662774,40.325412
1785098662934,40.325412
1785098663094,40.325412
1785098663262,40.325412
1785098663425,40.325412
1785098663585,40.058096
1785098663732,40.058096
1785098663893,40.058096
1785098664051,40.058096
1785098664200,40.058096
1785098664359,40.058096
1785098664518,40.058096
1785098664664,40.111815
1785098664835,40.111815
1785098664991,40.111815
1785098665147,40.111815
1785098665304,40.111815
1785098665472,40.111815
1785098665622,38.782575
1785098665788,38.782575
1785098665945,38.782575
1785098666099,38.782575
1785098666271,38.782575
1785098666434,38.782575
1785098666624,40.305628
1785098666783,40.305628
1785098666936,40.305628
1785098667090,40.305628
1785098667247,40.305628
1785098667406,40.305628
1785098667566,40.305628
1785098667730,39.487916
1785098667885,39.487916
1785098668046,39.487916
1785098668201,39.487916
1785098668349,39.487916
1785098668517,39.487916
1785098668678,38.581075
1785098668838,38.581075
1785098668995,38.581075
1785098669150,38.581075
1785098669300,38.581075
1785098669469,38.581075
1785098669623,38.581075
1785098669777,40.411148
1785098669949,40.411148
1785098670136,40.411148
1785098670286,40.411148
1785098670444,40.411148
1785098670604,40.411148
1785098670767,40.030395
1785098670918,40.030395
1785098671090,40.030395
1785098671243,40.030395
1785098671404,40.030395
1785098671561,40.030395
1785098671719,40.030395
1785098671878,40.402371
1785098672035,40.402371
1785098672202,40.402371
1785098672366,40.402371
1785098672526,40.402371
1785098672687,40.402371
1785098672849,38.616610
1785098673000,38.616610
1785098673155,38.616610
1785098673316,38.616610
1785098673464,38.616610
1785098673608,38.616610
1785098673763,38.616610
1785098673924,39.971446
1785098674076,39.971446
1785098674232,39.971446
1785098674403,39.971446
1785098674565,39.971446
1785098674716,39.971446
1785098674871,39.971446
1785098675035,39.831711
1785098675194,39.831711
1785098675360,39.831711
1785098675523,39.831711
1785098675678,39.831711
1785098675826,39.831711
1785098675980,39.831711
1785098676138,38.991310
1785098676293,38.991310
1785098676456,38.991310
1785098676625,38.991310
1785098676779,38.991310
1785098676935,38.991310
1785098677099,38.947147
1785098677254,38.947147
1785098677426,38.947147
1785098677580,38.947147
1785098677747,38.947147
1785098677910,38.947147
1785098678060,38.947147
1785098678217,39.220244
1785098678373,39.220244
1785098678526,39.220244
1785098678686,39.220244
1785098678858,39.220244
1785098679015,39.220244
1785098679167,39.220244
1785098679319,39.792672
1785098679464,39.792672
1785098679620,39.792672
1785098679783,39.792672
1785098679947,39.792672
1785098680105,39.792672
1785098680259,39.792672
1785098680421,40.660192
1785098680574,40.660192
1785098680739,40.660192
1785098680896,40.660192
1785098681055,40.660192
1785098681215,40.660192
1785098681366,40.660192
1785098681527,39.878548
1785098681692,39.878548
1785098681850,39.878548
1785098682009,39.878548
1785098682174,39.878548
1785098682332,39.878548
1785098682483,39.237468
1785098682649,39.237468
1785098682806,39.237468
1785098682952,39.237468
1785098683120,39.237468
1785098683282,39.237468
1785098683436,39.237468
1785098683592,40.294601
1785098683747,40.294601
1785098683896,40.294601
1785098684067,40.294601
1785098684223,40.294601
1785098684392,40.294601
1785098684555,39.193663
1785098684709,39.193663
1785098684865,39.193663
1785098685022,39.193663
1785098685174,39.193663
1785098685330,39.193663
1785098685498,39.193663
1785098685655,39.806432
1785098685815,39.806432
1785098685975,39.806432
1785098686142,39.806432
1785098686302,39.806432
1785098686468,39.806432
1785098686635,40.018796
1785098686790,40.018796
1785098686945,40.018796
1785098687099,40.018796
1785098687262,40.018796
1785098687423,40.018796
1785098687582,40.018796
1785098687751,39.827275
1785098687912,39.827275
1785098688072,39.827275
1785098688222,39.827275
1785098688374,39.827275
1785098688531,39.827275
1785098688687,39.827275
1785098688951,39.646814
1785098689099,39.646814
1785098689245,39.646814
1785098689404,39.646814
1785098689563,39.646814
1785098689712,39.646814
1785098689867,39.646814
1785098690031,39.117827
1785098690185,39.117827
1785098690346,39.117827
1785098690504,39.117827
1785098690655,39.117827
1785098690824,39.117827
1785098690980,38.777204
1785098691146,38.777204
1785098691299,38.777204
1785098691456,38.777204
1785098691609,38.777204
1785098691760,38.777204
1785098691913,38.777204
1785098692072,40.097360
1785098692246,40.097360
1785098692403,40.097360
1785098692561,40.097360
1785098692706,40.097360
1785098692863,40.097360
1785098693025,40.097360
1785098693181,40.115778
1785098693351,40.115778
1785098693508,40.115778
1785098693663,40.115778
1785098693821,40.115778
1785098693978,40.115778
1785098694132,40.115778
1785098694295,39.559809
1785098694464,39.559809
1785098694616,39.559809
1785098694773,39.559809
1785098694935,39.559809
1785098695089,39.559809
1785098695254,40.009140
1785098695414,40.009140
1785098695579,40.009140
1785098695742,40.009140
1785098695910,40.009140
1785098696064,40.009140
1785098696226,40.009140
1785098696390,39.008929
1785098696543,39.008929
1785098696706,39.008929
1785098696864,39.008929
1785098697022,39.008929
1785098697172,39.008929
1785098697330,39.008929
1785098697484,40.702981
1785098697641,40.702981
1785098697820,40.702981
1785098697974,40.702981
1785098698129,40.702981
1785098698291,40.702981
1785098698453,39.396571
1785098698607,39.396571
1785098698771,39.396571
1785098698935,39.396571
1785098699091,39.396571
1785098699254,39.396571
1785098699415,39.396571
1785098699566,39.804245
1785098699717,39.804245
1785098699882,39.804245
1785098700052,39.804245
1785098700208,39.804245
1785098700365,39.804245
1785098700524,39.933217
1785098700683,39.933217
1785098700839,39.933217
1785098700994,39.933217
1785098701154,39.933217
1785098701313,39.933217
1785098701467,39.933217
1785098701615,39.968692
1785098701770,39.968692
1785098701933,39.968692
1785098702083,39.968692
1785098702248,39.968692
1785098702418,39.968692
1785098702569,39.756450
1785098702730,39.756450
1785098702887,39.756450
1785098703035,39.756450
1785098703179,39.756450
1785098703346,39.756450
1785098703498,39.756450
1785098703650,39.901016
1785098703804,39.901016
1785098703962,39.901016
1785098704110,39.901016
1785098704259,39.901016
1785098704425,39.901016
1785098704574,39.901016
1785098704732,40.170502
1785098704892,40.170502
1785098705047,40.170502
1785098705198,40.170502
1785098705353,40.170502
1785098705515,40.170502
1785098705666,40.170502
1785098705819,39.036862
1785098705973,39.036862
1785098706129,39.036862
1785098706286,39.036862
1785098706440,39.036862
1785098706600,39.036862
1785098706755,39.036862
1785098706911,40.541407
1785098707061,40.541407
1785098707216,40.541407
1785098707371,40.541407
1785098707525,40.541407
1785098707691,40.541407
1785098707849,40.541407
1785098708006,39.715573
1785098708158,39.715573
1785098708316,39.715573
1785098708521,39.715573
1785098708683,39.715573
1785098708840,39.715573
1785098709001,39.904067
1785098709160,39.904067
1785098709319,39.904067
1785098709475,39.904067
1785098709644,39.904067
1785098709809,39.904067
1785098709968,38.658576
1785098710124,38.658576
1785098710282,38.658576
1785098710438,38.658576
1785098710597,38.658576
1785098710752,38.658576
1785098710912,38.658576
1785098711072,40.978633
1785098711238,40.978633
1785098711403,40.978633
1785098711560,40.978633
1785098711721,40.978633
1785098711876,40.978633
1785098712051,40.088988
1785098712205,40.088988
1785098712360,40.088988
1785098712522,40.088988
1785098712683,40.088988
1785098712834,40.088988
1785098712988,40.088988
1785098713156,39.214717
1785098713311,39.214717
1785098713469,39.214717
1785098713633,39.214717
1785098713793,39.214717
1785098713942,39.214717
1785098714094,39.214717
1785098714326,39.730321
1785098714481,39.730321
1785098714645,39.730321
1785098714797,39.730321
1785098714947,39.730321
1785098715105,39.730321
1785098715265,39.730321
1785098715477,39.653914
1785098715631,39.653914
1785098715796,39.653914
1785098715948,39.653914
1785098716105,39.653914
1785098716261,39.653914
1785098716410,39.653914
1785098716627,39.412653
1785098716783,39.412653
1785098716942,39.412653
1785098717107,39.412653
1785098717270,39.412653
1785098717415,39.412653
1785098717567,39.412653
1785098717774,39.492176
1785098717932,39.492176
1785098718095,39.492176
1785098718249,39.492176
1785098718401,39.492176
1785098718569,39.492176
1785098718728,39.945659
1785098718890,39.945659
1785098719050,39.945659
1785098719207,39.945659
1785098719354,39.945659
1785098719514,39.945659
1785098719670,39.945659
1785098719822,39.989172
1785098719998,39.989172
1785098720152,39.989172
1785098720307,39.989172
1785098720472,39.989172
1785098720627,39.989172
1785098720783,39.444856
1785098720946,39.444856
1785098721116,39.444856
1785098721273,39.444856
1785098721428,39.444856
1785098721587,39.444856
1785098721741,39.444856
1785098721897,39.799798
1785098722054,39.799798
1785098722216,39.799798
1785098722370,39.799798
1785098722531,39.799798
1785098722686,39.799798
1785098722835,39.799798
1785098722994,39.233732
1785098723152,39.233732
1785098723309,39.233732
1785098723467,39.233732
1785098723618,39.233732
1785098723773,39.233732
1785098723931,39.233732
1785098724088,40.087464
1785098724246,40.087464
1785098724427,40.087464
1785098724587,40.087464
1785098724736,40.087464
1785098724897,40.087464
1785098725053,39.940285
1785098725212,39.940285
1785098725371,39.940285
1785098725537,39.940285
1785098725694,39.940285
1785098725855,39.940285
1785098726013,39.940285
1785098726170,40.171089
1785098726335,40.171089
1785098726491,40.171089
1785098726653,40.171089
1785098726807,40.171089
1785098726958,40.171089
1785098727111,40.171089
1785098727274,38.846127
1785098727428,38.846127
1785098727585,38.846127
1785098727759,38.846127
1785098727911,38.846127
1785098728063,38.846127
1785098728220,38.846127
1785098728371,39.320166
1785098728531,39.320166
1785098728687,39.320166
1785098728845,39.320166
1785098728990,39.320166
1785098729145,39.320166
1785098729298,39.320166
1785098729450,38.898821
1785098729618,38.898821
1785098729767,38.898821
1785098729933,38.898821
1785098730092,38.898821
1785098730243,38.898821
1785098730398,38.898821
1785098730556,39.390801
1785098730710,39.390801
1785098730864,39.390801
1785098731035,39.390801
1785098731185,39.390801
1785098731333,39.390801
1785098731494,39.390801
1785098731643,39.959341
1785098731800,39.959341
1785098731959,39.959341
1785098732117,39.959341
1785098732269,39.959341
1785098732422,39.959341
1785098732571,39.959341
1785098732721,39.050730
1785098732876,39.050730
1785098733030,39.050730
1785098733193,39.050730
1785098733357,39.050730
1785098733506,39.050730
1785098733658,39.050730
1785098733815,38.441288
1785098733973,38.441288
1785098734135,38.441288
1785098734298,38.441288
1785098734450,38.441288
1785098734597,38.441288
1785098734753,38.441288
1785098734909,40.389864
1785098735069,40.389864
1785098735239,40.389864
1785098735397,40.389864
1785098735556,40.389864
1785098735715,40.389864
1785098735865,40.551923
1785098736020,40.551923
1785098736178,40.551923
1785098736334,40.551923
1785098736500,40.551923
1785098736659,40.551923
1785098736813,40.551923
1785098736970,38.588950
1785098737121,38.588950
1785098737280,38.588950
1785098737440,38.588950
1785098737611,38.588950
1785098737767,38.588950
1785098737919,38.588950
1785098738078,39.264932
1785098738239,39.264932
1785098738392,39.264932
1785098738551,39.264932
1785098738722,39.264932
1785098738877,39.264932
1785098739033,39.148233
1785098739191,39.148233
1785098739343,39.148233
1785098739500,39.148233
1785098739655,39.148233
1785098739822,39.148233
1785098739984,39.148233
1785098740142,38.861154
1785098740294,38.861154
1785098740448,38.861154
1785098740610,38.861154
1785098740763,38.861154
1785098740940,38.861154
1785098741095,38.861154
1785098741248,40.184294
1785098741400,40.184294
1785098741558,40.184294
1785098741711,40.184294
1785098741874,40.184294
1785098742037,40.184294
1785098742196,40.184294
1785098742353,40.431780
1785098742513,40.431780
1785098742665,40.431780
1785098742816,40.431780
1785098742975,40.431780
1785098743142,40.431780
1785098743308,40.093844
1785098743465,40.093844
1785098743620,40.093844
1785098743786,40.093844
1785098743943,40.093844
1785098744098,40.093844
1785098744260,40.093844
1785098744427,39.975808
1785098744585,39.975808
1785098744747,39.975808
1785098744907,39.975808
1785098745059,39.975808
1785098745215,39.975808
1785098745390,40.428014
1785098745542,40.428014
1785098745703,40.428014
1785098745865,40.428014
1785098746023,40.428014
1785098746183,40.428014
1785098746342,40.428014
1785098746496,39.696625
1785098746654,39.696625
1785098746812,39.696625
1785098746965,39.696625
1785098747137,39.696625
1785098747301,39.696625
1785098747451,39.750624
1785098747616,39.750624
1785098747783,39.750624
1785098747938,39.750624
1785098748089,39.750624
1785098748254,39.750624
1785098748401,39.750624
1785098748559,40.286665
1785098748735,40.286665
1785098748887,40.286665
1785098749035,40.286665
1785098749199,40.286665
1785098749352,40.286665
1785098749507,40.286665
1785098749669,41.087165
1785098749832,41.087165
1785098749992,41.087165
1785098750152,41.087165
1785098750309,41.087165
1785098750471,41.087165
1785098750638,40.039960
1785098750786,40.039960
1785098750954,40.039960
1785098751117,40.039960
1785098751272,40.039960
1785098751429,40.039960
1785098751583,40.039960
1785098751736,40.723390
1785098751903,40.723390
1785098752072,40.723390
1785098752227,40.723390
1785098752381,40.723390
1785098752540,40.723390
1785098752692,39.782913
1785098752852,39.782913
1785098753011,39.782913
1785098753220,39.782913
1785098753367,39.782913
1785098753524,39.782913
1785098753681,39.782913
1785098753838,39.115045
1785098753994,39.115045
1785098754154,39.115045
1785098754320,39.115045
1785098754475,39.115045
1785098754633,39.115045
1785098754792,39.470286
1785098754949,39.470286
1785098755103,39.470286
1785098755262,39.470286
1785098755426,39.470286
1785098755574,39.470286
1785098755732,39.470286
1785098755888,40.455416
1785098756046,40.455416
1785098756208,40.455416
1785098756365,40.455416
1785098756525,40.455416
1785098756686,40.455416
1785098756845,39.833179
1785098757008,39.833179
1785098757162,39.833179
1785098757315,39.833179
1785098757478,39.833179
1785098757647,39.833179
1785098757806,39.833179
1785098757968,39.788841
1785098758123,39.788841
1785098758278,39.788841
1785098758435,39.788841
1785098758603,39.788841
1785098758775,39.788841
1785098758932,38.849836
1785098759089,38.849836
1785098759244,38.849836
1785098759401,38.849836
1785098759558,38.849836
1785098759721,38.849836
1785098759887,38.849836
1785098760047,39.119568
1785098760217,39.119568
1785098760372,39.119568
1785098760529,39.119568
1785098760687,39.119568
1785098760841,39.119568
1785098761006,39.514634
1785098761164,39.514634
1785098761322,39.514634
1785098761479,39.514634
1785098761658,39.514634
1785098761813,39.514634
1785098761966,39.514634
1785098762138,39.292455
1785098762293,39.292455
1785098762451,39.292455
1785098762615,39.292455
1785098762772,39.292455
1785098762927,39.292455
1785098763086,40.139408
1785098763253,40.139408
1785098763412,40.139408
1785098763568,40.139408
1785098763726,40.139408
1785098763875,40.139408
1785098764028,40.139408
1785098764185,39.401176
1785098764345,39.401176
1785098764497,39.401176
1785098764653,39.401176
1785098764803,39.401176
1785098764971,39.401176
1785098765128,39.401176
1785098765289,40.763395
1785098765449,40.763395
1785098765607,40.763395
1785098765759,40.763395
1785098765916,40.763395
1785098766066,40.763395
1785098766215,40.763395
1785098766370,39.747290
1785098766544,39.747290
1785098766702,39.747290
1785098766860,39.747290
1785098767015,39.747290
1785098767169,39.747290
1785098767320,39.747290
1785098767478,40.084984
1785098767640,40.084984
1785098767793,40.084984
1785098767948,40.084984
1785098768101,40.084984
1785098768253,40.084984
1785098768415,40.084984
1785098768569,40.397928
1785098768736,40.397928
1785098768890,40.397928
1785098769042,40.397928
1785098769203,40.397928
1785098769359,40.397928
1785098769515,40.397928
1785098769666,40.291772
1785098769833,40.291772
1785098769987,40.291772
1785098770135,40.291772
1785098770293,40.291772
1785098770458,40.291772
1785098770611,40.291772
1785098770774,38.718456
1785098770944,38.718456
1785098771090,38.718456
1785098771242,38.718456
1785098771397,38.718456
1785098771553,38.718456
1785098771711,38.718456
1785098771872,39.362137
1785098772036,39.362137
1785098772187,39.362137
1785098772342,39.362137
1785098772501,39.362137
1785098772656,39.362137
1785098772826,39.460084
1785098772984,39.460084
1785098773149,39.460084
1785098773323,39.460084
1785098773480,39.460084
1785098773642,39.460084
1785098773803,39.460084
1785098773958,40.849594
1785098774133,40.849594
1785098774291,40.849594
1785098774447,40.849594
1785098774604,40.849594
1785098774766,40.849594
1785098774924,39.861800
1785098775086,39.861800
1785098775255,39.861800
1785098775411,39.861800
1785098775575,39.861800
1785098775728,39.861800
1785098775879,39.861800
1785098776045,40.506948
1785098776204,40.506948
1785098776370,40.506948
1785098776519,40.506948
1785098776675,40.506948
1785098776832,40.506948
1785098776985,40.506948
1785098777145,39.589544
1785098777305,39.589544
1785098777466,39.589544
1785098777631,39.589544
1785098777787,39.589544
1785098777932,39.589544
1785098778093,39.589544
1785098778249,40.324105
1785098778406,40.324105
1785098778566,40.324105
1785098778714,40.324105
1785098778870,40.324105
1785098779044,40.324105
1785098779196,40.324105
1785098779351,40.201437
1785098779522,40.201437
1785098779687,40.201437
1785098779838,40.201437
1785098779997,40.201437
1785098780152,40.201437
1785098780310,40.034041
1785098780464,40.034041
1785098780616,40.034041
1785098780782,40.034041
1785098780935,40.034041
1785098781094,40.034041
1785098781246,40.034041
1785098781412,40.473294
1785098781566,40.473294
1785098781727,40.473294
1785098781898,40.473294
1785098782051,40.473294
1785098782208,40.473294
1785098782369,39.896322
1785098782522,39.896322
1785098782677,39.896322
1785098782829,39.896322
1785098782993,39.896322
1785098783150,39.896322
1785098783315,39.896322
1785098783468,39.717826
1785098783619,39.717826
1785098783778,39.717826
1785098783934,39.717826
1785098784092,39.717826
1785098784243,39.717826
1785098784405,39.717826
1785098784562,40.253333
1785098784730,40.253333
1785098784894,40.253333
1785098785050,40.253333
1785098785223,40.253333
1785098785378,40.253333
1785098785537,38.978194
1785098785699,38.978194
1785098785857,38.978194
1785098786014,38.978194
1785098786168,38.978194
1785098786336,38.978194
1785098786496,38.978194
1785098786653,39.958545
1785098786810,39.958545
1785098786963,39.958545
1785098787115,39.958545
1785098787289,39.958545
1785098787448,39.958545
1785098787609,39.205150
1785098787766,39.205150
1785098787924,39.205150
1785098788076,39.205150
1785098788227,39.205150
1785098788384,39.205150
1785098788545,39.205150
1785098788715,39.761027
1785098788871,39.761027
1785098789023,39.761027
1785098789183,39.761027
1785098789337,39.761027
1785098789489,39.761027
1785098789655,39.761027
1785098789812,38.684132
1785098789968,38.684132
1785098790117,38.684132
1785098790275,38.684132
1785098790434,38.684132
1785098790595,38.684132
1785098790764,39.563517
1785098790913,39.563517
1785098791060,39.563517
1785098791215,39.563517
1785098791376,39.563517
1785098791527,39.563517
1785098791680,39.563517
1785098791847,39.441287
1785098792002,39.441287
1785098792171,39.441287
1785098792332,39.441287
1785098792492,39.441287
1785098792654,39.441287
1785098792812,40.170819
1785098792971,40.170819
1785098793130,40.170819
1785098793294,40.170819
1785098793455,40.170819
1785098793607,40.170819
1785098793762,40.170819
1785098793913,39.932454
1785098794075,39.932454
1785098794235,39.932454
1785098794392,39.932454
1785098794542,39.932454
1785098794692,39.932454
1785098794851,39.932454
1785098795020,40.014985
1785098795187,40.014985
1785098795366,40.014985
1785098795541,40.014985
1785098795705,40.014985
1785098795867,40.014985
1785098796031,38.547828
1785098796198,38.547828
1785098796350,38.547828
1785098796514,38.547828
1785098796671,38.547828
1785098796836,38.547828
1785098796989,40.245009
1785098797146,40.245009
1785098797315,40.245009
1785098797467,40.245009
1785098797632,40.245009
1785098797782,40.245009
1785098797936,40.245009
1785098798088,40.032487
1785098798241,40.032487
1785098798408,40.032487
1785098798561,40.032487
1785098798717,40.032487
1785098798885,40.032487
1785098799047,40.220428
1785098799203,40.220428
1785098799362,40.220428
1785098799520,40.220428
1785098799674,40.220428
1785098799830,40.220428
1785098799984,40.220428
1785098800141,39.713508
1785098800296,39.713508
1785098800448,39.713508
1785098800614,39.713508
1785098800773,39.713508
1785098800930,39.713508
1785098801079,39.713508
1785098801245,39.938760
1785098801403,39.938760
1785098801556,39.938760
1785098801712,39.938760
1785098801869,39.938760
1785098802023,39.938760
1785098802187,39.290494
1785098802348,39.290494
1785098802505,39.290494
1785098802663,39.290494
1785098802830,39.290494
1785098802996,39.290494
1785098803153,39.290494
1785098803308,40.562294
1785098803464,40.562294
1785098803619,40.562294
1785098803777,40.562294
1785098803943,40.562294
1785098804091,40.562294
1785098804250,40.562294
1785098804408,39.725862
1785098804562,39.725862
1785098804719,39.725862
1785098804882,39.725862
1785098805056,39.725862
1785098805217,39.725862
1785098805378,39.618804
1785098805536,39.618804
1785098805692,39.618804
1785098805851,39.618804
1785098806006,39.618804
1785098806166,39.618804
1785098806320,39.618804
1785098806481,39.677539
1785098806629,39.677539
1785098806786,39.677539
1785098806941,39.677539
1785098807094,39.677539
1785098807257,39.677539
1785098807410,39.677539
1785098807567,40.030640
1785098807724,40.030640
1785098807881,40.030640
1785098808034,40.030640
1785098808186,40.030640
1785098808350,40.030640
1785098808514,40.030640
1785098808667,40.289940
1785098808814,40.289940
1785098808965,40.289940
1785098809125,40.289940
1785098809290,40.289940
1785098809463,40.289940
1785098809618,40.289940
1785098809777,39.460955
1785098809936,39.460955
1785098810095,39.460955
1785098810247,39.460955
1785098810407,39.460955
1785098810568,39.460955
1785098810721,39.460955
1785098810881,39.305481
1785098811038,39.305481
1785098811191,39.305481
1785098811344,39.305481
1785098811506,39.305481
1785098811671,39.305481
1785098811823,39.305481
1785098811986,39.493091
1785098812139,39.493091
1785098812290,39.493091
1785098812450,39.493091
1785098812611,39.493091
1785098812771,39.493091
1785098812923,39.493091
1785098813084,39.537768
1785098813241,39.537768
1785098813391,39.537768
1785098813552,39.537768
1785098813709,39.537768
1785098813869,39.537768
1785098814023,39.537768
1785098814179,39.524192
1785098814336,39.524192
1785098814490,39.524192
1785098814647,39.524192
1785098814805,39.524192
1785098814964,39.524192
1785098815115,39.524192
1785098815284,40.300614
1785098815444,40.300614
1785098815599,40.300614
1785098815757,40.300614
1785098815912,40.300614
1785098816074,40.300614
1785098816233,38.290430
1785098816392,38.290430
1785098816546,38.290430
1785098816703,38.290430
1785098816859,38.290430
1785098817010,38.290430
1785098817168,38.290430
1785098817325,40.557296
1785098817478,40.557296
1785098817635,40.557296
1785098817796,40.557296
1785098817953,40.557296
1785098818106,40.557296
1785098818264,40.557296
1785098818424,40.353546
1785098818574,40.353546
1785098818734,40.353546
1785098818892,40.353546
1785098819043,40.353546
1785098819197,40.353546
1785098819358,40.353546
1785098819520,40.355584
1785098819674,40.355584
1785098819824,40.355584
1785098819982,40.355584
1785098820128,40.355584
1785098820280,40.355584
1785098820458,40.355584
1785098820618,40.192044
1785098820764,40.192044
1785098820919,40.192044
1785098821077,40.192044
1785098821231,40.192044
1785098821395,40.192044
1785098821563,40.192044
1785098821722,39.660690
1785098821890,39.660690
1785098822050,39.660690
1785098822210,39.660690
1785098822360,39.660690
1785098822511,39.660690
1785098822674,39.660690
1785098822829,39.158824
1785098822990,39.158824
1785098823159,39.158824
1785098823323,39.158824
1785098823470,39.158824
1785098823631,39.158824
1785098823800,39.827489
1785098823962,39.827489
1785098824129,39.827489
1785098824286,39.827489
1785098824440,39.827489
1785098824591,39.827489
1785098824751,39.827489
1785098825107,41.076312
1785098825271,41.076312
1785098825428,41.076312
1785098825576,41.076312
1785098825727,41.076312
1785098825884,41.076312
1785098826039,41.076312
1785098826361,40.093816
1785098826514,40.093816
1785098826675,40.093816
1785098826837,40.093816
1785098827003,40.093816
1785098827159,40.093816
1785098827320,39.006520
1785098827488,39.006520
1785098827640,39.006520
1785098827802,39.006520
1785098827966,39.006520
1785098828127,39.006520
1785098828280,39.006520
1785098828432,39.335634
1785098828600,39.335634
1785098828756,39.335634
1785098828910,39.335634
1785098829082,39.335634
1785098829242,39.335634
1785098829396,38.925370
1785098829572,38.925370
1785098829740,38.925370
1785098829895,38.925370
1785098830055,38.925370
1785098830211,38.925370
1785098830365,38.925370
1785098830521,40.075530
1785098830680,40.075530
1785098830854,40.075530
1785098830999,40.075530
1785098831150,40.075530
1785098831306,40.075530
1785098831460,40.075530
1785098831620,39.324936
1785098831776,39.324936
1785098831944,39.324936
1785098832095,39.324936
1785098832260,39.324936
1785098832414,39.324936
1785098832564,39.324936
1785098832726,39.260310
1785098832891,39.260310
1785098833055,39.260310
1785098833217,39.260310
1785098833376,39.260310
1785098833538,39.260310
1785098833687,39.347050
1785098833846,39.347050
1785098834004,39.347050
1785098834164,39.347050
1785098834314,39.347050
1785098834468,39.347050
1785098834631,39.347050
1785098834787,39.449309
1785098834939,39.449309
1785098835095,39.449309
1785098835259,39.449309
1785098835418,39.449309
1785098835579,39.449309
1785098835736,39.449309
1785098835888,40.035533
1785098836048,40.035533
1785098836205,40.035533
1785098836366,40.035533
1785098836524,40.035533
1785098836684,40.035533
1785098836838,40.035533
1785098837004,40.218238
1785098837164,40.218238
1785098837322,40.218238
1785098837486,40.218238
1785098837653,40.218238
1785098837813,40.218238
1785098837970,39.686602
1785098838121,39.686602
1785098838280,39.686602
1785098838436,39.686602
1785098838602,39.686602
1785098838757,39.686602
1785098838911,39.686602
1785098839066,38.420580
1785098839223,38.420580
1785098839380,38.420580
1785098839535,38.420580
1785098839699,38.420580
1785098839864,38.420580
1785098840020,40.419706
1785098840179,40.419706
1785098840342,40.419706
1785098840522,40.419706
1785098840700,40.419706
1785098840861,40.419706
1785098841028,40.548763
1785098841187,40.548763
1785098841343,40.548763
1785098841497,40.548763
1785098841657,40.548763
1785098841811,40.548763
1785098841970,40.548763
1785098842133,41.018923
1785098842305,41.018923
1785098842463,41.018923
1785098842617,41.018923
1785098842764,41.018923
1785098842933,41.018923
1785098843091,39.850878
1785098843253,39.850878
1785098843415,39.850878
1785098843578,39.850878
1785098843734,39.850878
1785098843887,39.850878
1785098844056,39.850878
1785098844215,40.264750
1785098844376,40.264750
1785098844532,40.264750
1785098844689,40.264750
1785098844845,40.264750
1785098845005,40.264750
1785098845176,39.128238
1785098845338,39.128238
1785098845490,39.128238
1785098845649,39.128238
1785098845817,39.128238
1785098845974,39.128238
1785098846132,39.128238
1785098846311,39.224887
1785098846468,39.224887
1785098846628,39.224887
1785098846785,39.224887
1785098846944,39.224887
1785098847108,39.224887
1785098847261,40.106002
1785098847432,40.106002
1785098847587,40.106002
1785098847740,40.106002
1785098847913,40.106002
1785098848080,40.106002
1785098848245,40.106002
1785098848411,39.746837
1785098848568,39.746837
1785098848727,39.746837
1785098848873,39.746837
1785098849020,39.746837
1785098849173,39.746837
1785098849330,39.746837
1785098849498,39.596855
1785098849661,39.596855
1785098849819,39.596855
1785098849974,39.596855
1785098850134,39.596855
1785098850290,39.596855
1785098850445,40.521357
1785098850606,40.521357
1785098850763,40.521357
1785098850920,40.521357
1785098851077,40.521357
1785098851235,40.521357
1785098851388,40.521357
1785098851544,40.207300
1785098851714,40.207300
1785098851875,40.207300
1785098852032,40.207300
1785098852194,40.207300
1785098852349,40.207300
1785098852503,41.272331
1785098852660,41.272331
1785098852836,41.272331
1785098852989,41.272331
1785098853142,41.272331
1785098853299,41.272331
1785098853449,41.272331
1785098853612,40.860144
1785098853766,40.860144
1785098853928,40.860144
1785098854085,40.860144
1785098854238,40.860144
1785098854399,40.860144
1785098854553,40.860144
1785098854708,39.092249
1785098854854,39.092249
1785098855018,39.092249
1785098855173,39.092249
1785098855340,39.092249
1785098855508,39.092249
1785098855663,39.700431
1785098855826,39.700431
1785098855985,39.700431
1785098856148,39.700431
1785098856302,39.700431
1785098856456,39.700431
1785098856608,39.700431
1785098856760,38.625412
1785098856912,38.625412
1785098857073,38.625412
1785098857246,38.625412
1785098857406,38.625412
1785098857574,38.625412
1785098857737,40.348284
1785098857886,40.348284
1785098858036,40.348284
1785098858198,40.348284
1785098858358,40.348284
1785098858508,40.348284
1785098858661,40.348284
1785098858824,40.052198
1785098858982,40.052198
1785098859134,40.052198
1785098859288,40.052198
1785098859446,40.052198
1785098859595,40.052198
1785098859763,40.052198
1785098859916,38.684478
1785098860076,38.684478
1785098860236,38.684478
1785098860391,38.684478
1785098860548,38.684478
1785098860705,38.684478
1785098860859,38.684478
1785098861012,39.654477
1785098861167,39.654477
1785098861333,39.654477
1785098861488,39.654477
1785098861655,39.654477
1785098861814,39.654477
1785098861974,38.762811
1785098862137,38.762811
1785098862293,38.762811
1785098862450,38.762811
1785098862601,38.762811
1785098862764,38.762811
1785098862930,38.762811
1785098863086,38.349572
1785098863243,38.349572
1785098863404,38.349572
1785098863561,38.349572
1785098863715,38.349572
1785098863876,38.349572
1785098864034,38.349572
1785098864192,39.747888
1785098864338,39.747888
1785098864484,39.747888
1785098864638,39.747888
1785098864791,39.747888
1785098864954,39.747888
1785098865114,39.747888
1785098865275,40.097928
1785098865425,40.097928
1785098865573,40.097928
1785098865728,40.097928
1785098865885,40.097928
1785098866043,40.097928
1785098866198,40.097928
1785098866361,40.239111
1785098866510,40.239111
1785098866667,40.239111
1785098866823,40.239111
1785098866973,40.239111
1785098867132,40.239111
1785098867295,40.239111
1785098867456,39.608257
1785098867612,39.608257
1785098867771,39.608257
1785098867930,39.608257
1785098868081,39.608257
1785098868246,39.608257
1785098868402,39.608257
1785098868556,40.405514
1785098868709,40.405514
1785098868875,40.405514
1785098869032,40.405514
1785098869187,40.405514
1785098869373,40.405514
1785098869532,40.414176
1785098869682,40.414176
1785098869837,40.414176
1785098869993,40.414176
1785098870147,40.414176
1785098870301,40.414176
1785098870465,40.414176
1785098870624,39.460724
1785098870775,39.460724
1785098870934,39.460724
1785098871089,39.460724
1785098871242,39.460724
1785098871404,39.460724
1785098871576,39.281512
1785098871727,39.281512
1785098871880,39.281512
1785098872037,39.281512
1785098872195,39.281512
1785098872346,39.281512
1785098872502,39.281512
1785098872668,39.940008
1785098872819,39.940008
1785098872981,39.940008
1785098873150,39.940008
1785098873305,39.940008
1785098873463,39.940008
1785098873640,39.544382
1785098873802,39.544382
1785098873961,39.544382
1785098874125,39.544382
1785098874281,39.544382
1785098874435,39.544382
1785098874588,39.544382
1785098874745,39.011086
1785098874910,39.011086
1785098875066,39.011086
1785098875223,39.011086
1785098875379,39.011086
1785098875532,39.011086
1785098875683,39.011086
1785098875835,38.806137
1785098875996,38.806137
1785098876152,38.806137
1785098876313,38.806137
1785098876471,38.806137
1785098876622,38.806137
1785098876778,38.806137
1785098876936,39.367876
1785098877103,39.367876
1785098877258,39.367876
1785098877432,39.367876
1785098877591,39.367876
1785098877741,39.367876
1785098877896,39.665741
1785098878051,39.665741
1785098878212,39.665741
1785098878369,39.665741
1785098878520,39.665741
1785098878679,39.665741
1785098878835,39.665741
1785098878991,39.850960
1785098879144,39.850960
1785098879310,39.850960
1785098879467,39.850960
1785098879625,39.850960
1785098879773,39.850960
1785098879926,39.850960
1785098880092,39.593997
1785098880247,39.593997
1785098880410,39.593997
1785098880565,39.593997
1785098880722,39.593997
1785098880872,39.593997
1785098881022,39.593997
1785098881195,39.909077
1785098881347,39.909077
1785098881504,39.909077
1785098881660,39.909077
1785098881821,39.909077
1785098881975,39.909077
1785098882130,39.909077
1785098882290,39.116485
1785098882447,39.116485
1785098882611,39.116485
1785098882773,39.116485
1785098882929,39.116485
1785098883084,39.116485
1785098883246,39.372821
1785098883411,39.372821
1785098883570,39.372821
1785098883741,39.372821
1785098883903,39.372821
1785098884055,39.372821
1785098884211,39.372821
1785098884364,39.801571
1785098884523,39.801571
1785098884680,39.801571
1785098884850,39.801571
1785098885002,39.801571
1785098885158,39.801571
1785098885310,39.801571
1785098885476,39.028906
1785098885631,39.028906
1785098885786,39.028906
1785098885953,39.028906
1785098886111,39.028906
1785098886268,39.028906
1785098886427,38.552900
1785098886581,38.552900
1785098886736,38.552900
1785098886916,38.552900
1785098887082,38.552900
1785098887246,38.552900
1785098887415,38.552900
1785098887574,38.343942
1785098887732,38.343942
1785098887888,38.343942
1785098888040,38.343942
1785098888201,38.343942
1785098888354,38.343942
1785098888522,38.343942
1785098888678,40.495491
1785098888839,40.495491
1785098888996,40.495491
1785098889148,40.495491
1785098889312,40.495491
1785098889468,40.495491
1785098889640,40.247016
1785098889806,40.247016
1785098889975,40.247016
1785098890143,40.247016
1785098890310,40.247016
1785098890464,40.247016
1785098890630,40.247016
1785098890794,39.618405
1785098890962,39.618405
1785098891126,39.618405
1785098891289,39.618405
1785098891457,39.618405
1785098891610,39.618405
1785098891764,40.194207
1785098891925,40.194207
1785098892088,40.194207
1785098892246,40.194207
1785098892403,40.194207
1785098892569,40.194207
1785098892729,40.194207
1785098892882,39.345354
1785098893040,39.345354
1785098893202,39.345354
1785098893356,39.345354
1785098893512,39.345354
1785098893679,39.345354
1785098893833,39.345354
1785098893989,39.238132
1785098894142,39.238132
1785098894299,39.238132
1785098894463,39.238132
1785098894620,39.238132
1785098894780,39.238132
1785098894935,39.238132
1785098895098,40.018811
1785098895245,40.018811
1785098895403,40.018811
1785098895561,40.018811
1785098895720,40.018811
1785098895881,40.018811
1785098896058,40.028498
1785098896223,40.028498
1785098896374,40.028498
1785098896529,40.028498
1785098896686,40.028498
1785098896843,40.028498
1785098897009,40.028498
1785098897162,39.012357
1785098897320,39.012357
1785098897478,39.012357
1785098897636,39.012357
1785098897807,39.012357
1785098897979,39.012357
1785098898138,39.922647
1785098898292,39.922647
1785098898454,39.922647
1785098898614,39.922647
1785098898767,39.922647
1785098898928,39.922647
1785098899089,39.922647
1785098899247,38.405776
1785098899406,38.405776
1785098899559,38.405776
1785098899720,38.405776
1785098899881,38.405776
1785098900037,38.405776
1785098900193,38.405776
1785098900476,39.826742
1785098900639,39.826742
1785098900798,39.826742
1785098900964,39.826742
1785098901132,39.826742
1785098901285,39.826742
1785098901447,40.331563
1785098901613,40.331563
1785098901766,40.331563
1785098901924,40.331563
1785098902073,40.331563
1785098902224,40.331563
1785098902383,40.331563
1785098902540,40.465510
1785098902702,40.465510
1785098902860,40.465510
1785098903015,40.465510
1785098903172,40.465510
1785098903331,40.465510
1785098903504,39.611355
1785098903664,39.611355
1785098903827,39.611355
1785098903992,39.611355
1785098904151,39.611355
1785098904301,39.611355
1785098904455,39.611355
1785098904614,40.122236
1785098904773,40.122236
1785098904933,40.122236
1785098905088,40.122236
1785098905247,40.122236
1785098905408,40.122236
1785098905577,39.825137
1785098905740,39.825137
1785098905893,39.825137
1785098906049,39.825137
1785098906197,39.825137
1785098906352,39.825137
1785098906497,39.825137
1785098906653,40.455168
1785098906813,40.455168
1785098906972,40.455168
1785098907134,40.455168
1785098907295,40.455168
1785098907456,40.455168
1785098907609,39.931425
1785098907755,39.931425
1785098907910,39.931425
1785098908063,39.931425
1785098908221,39.931425
1785098908371,39.931425
1785098908530,39.931425
1785098908689,39.374270
1785098908847,39.374270
1785098909000,39.374270
1785098909156,39.374270
1785098909323,39.374270
1785098909485,39.374270
1785098909643,39.696010
1785098909793,39.696010
1785098909946,39.696010
1785098910099,39.696010
1785098910254,39.696010
1785098910422,39.696010
1785098910577,39.696010
1785098910736,39.541638
1785098910890,39.541638
1785098911052,39.541638
1785098911208,39.541638
1785098911360,39.541638
1785098911533,39.541638
1785098911698,39.999318
1785098911859,39.999318
1785098912014,39.999318
1785098912164,39.999318
1785098912317,39.999318
1785098912471,39.999318
1785098912639,39.999318
1785098912802,38.525533
1785098912960,38.525533
1785098913119,38.525533
1785098913284,38.525533
1785098913444,38.525533
1785098913597,38.525533
1785098913759,40.195610
1785098913931,40.195610
1785098914090,40.195610
1785098914244,40.195610
1785098914406,40.195610
1785098914559,40.195610
1785098914721,40.195610
1785098914891,40.180520
1785098915060,40.180520
1785098915219,40.180520
1785098915373,40.180520
1785098915525,40.180520
1785098915678,40.180520
1785098915838,38.901637
1785098916000,38.901637
1785098916162,38.901637
1785098916335,38.901637
1785098916502,38.901637
1785098916655,38.901637
1785098916822,38.901637
1785098916990,40.248142
1785098917150,40.248142
1785098917315,40.248142
1785098917476,40.248142
1785098917637,40.248142
1785098917788,40.248142
1785098917938,40.526231
1785098918104,40.526231
1785098918267,40.526231
1785098918418,40.526231
1785098918566,40.526231
1785098918723,40.526231
1785098918883,40.526231
1785098919040,40.008724
1785098919216,40.008724
1785098919377,40.008724
1785098919530,40.008724
1785098919694,40.008724
1785098919862,40.008724
1785098920022,39.952206
1785098920197,39.952206
1785098920361,39.952206
1785098920519,39.952206
1785098920672,39.952206
1785098920827,39.952206
1785098920984,39.952206
1785098921146,39.046223
1785098921306,39.046223
1785098921456,39.046223
1785098921617,39.046223
1785098921778,39.046223
1785098921928,39.046223
1785098922091,39.046223
1785098922250,38.744155
1785098922409,38.744155
1785098922563,38.744155
1785098922732,38.744155
1785098922894,38.744155
1785098923049,38.744155
1785098923212,39.400782
1785098923370,39.400782
1785098923530,39.400782
1785098923679,39.400782
1785098923834,39.400782
1785098924001,39.400782
1785098924153,39.400782
1785098924312,40.206714
1785098924471,40.206714
1785098924638,40.206714
1785098924799,40.206714
1785098924959,40.206714
1785098925120,40.206714
1785098925276,39.915500
1785098925434,39.915500
1785098925594,39.915500
1785098925757,39.915500
1785098925910,39.915500
1785098926067,39.915500
1785098926226,39.915500
1785098926388,40.626157
1785098926544,40.626157
1785098926707,40.626157
1785098926877,40.626157
1785098927027,40.626157
1785098927178,40.626157
1785098927335,40.626157
1785098927491,40.219839
1785098927644,40.219839
1785098927804,40.219839
1785098927972,40.219839
1785098928128,40.219839
1785098928292,40.219839
1785098928455,39.485843
1785098928616,39.485843
1785098928773,39.485843
1785098928932,39.485843
1785098929100,39.485843
1785098929256,39.485843
1785098929420,39.485843
1785098929579,40.825449
1785098929737,40.825449
1785098929895,40.825449
1785098930051,40.825449
1785098930215,40.825449
1785098930362,40.825449
1785098930511,40.825449
1785098930669,40.513335
1785098930822,40.513335
1785098930971,40.513335
1785098931135,40.513335
1785098931304,40.513335
1785098931477,40.513335
1785098931635,39.665542
1785098931794,39.665542
1785098931953,39.665542
1785098932111,39.665542
1785098932266,39.665542
1785098932425,39.665542
1785098932580,39.665542
1785098932737,38.904104
1785098932893,38.904104
1785098933044,38.904104
1785098933204,38.904104
1785098933366,38.904104
1785098933529,38.904104
1785098933677,38.904104
1785098933843,38.225050
1785098933996,38.225050
1785098934153,38.225050
1785098934309,38.225050
1785098934484,38.225050
1785098934650,38.225050
1785098934799,40.425670
1785098934956,40.425670
1785098935114,40.425670
1785098935273,40.425670
1785098935427,40.425670
1785098935579,40.425670
1785098935737,40.425670
1785098935896,40.415690
1785098936052,40.415690
1785098936210,40.415690
1785098936375,40.415690
1785098936535,40.415690
1785098936689,40.415690
1785098936854,39.448102
1785098937011,39.448102
1785098937166,39.448102
1785098937330,39.448102
1785098937494,39.448102
1785098937685,39.448102
1785098937854,39.820670
1785098938016,39.820670
1785098938180,39.820670
1785098938338,39.820670
1785098938494,39.820670
1785098938647,39.820670
1785098938811,39.820670
1785098939115,39.661802
1785098939276,39.661802
1785098939435,39.661802
1785098939594,39.661802
1785098939752,39.661802
1785098939909,39.661802
1785098940064,39.698829
1785098940226,39.698829
1785098940376,39.698829
1785098940538,39.698829
1785098940694,39.698829
1785098940867,39.698829
1785098941028,39.698829
1785098941189,41.170089
1785098941355,41.170089
1785098941509,41.170089
1785098941666,41.170089
1785098941826,41.170089
1785098941986,41.170089
1785098942151,40.440662
1785098942311,40.440662
1785098942466,40.440662
1785098942625,40.440662
1785098942784,40.440662
1785098942940,40.440662
1785098943091,40.440662
1785098943242,39.963630
1785098943397,39.963630
1785098943563,39.963630
1785098943720,39.963630
1785098943879,39.963630
1785098944038,39.963630
1785098944192,39.963630
1785098944353,40.333332
1785098944510,40.333332
1785098944676,40.333332
1785098944837,40.333332
1785098944993,40.333332
1785098945152,40.333332
1785098945306,39.617409
1785098945462,39.617409
1785098945616,39.617409
1785098945778,39.617409
1785098945935,39.617409
1785098946093,39.617409
1785098946246,39.617409
1785098946400,40.045107
1785098946557,40.045107
1785098946713,40.045107
1785098946882,40.045107
1785098947043,40.045107
1785098947203,40.045107
1785098947357,40.587226
1785098947509,40.587226
1785098947663,40.587226
1785098947829,40.587226
1785098947986,40.587226
1785098948140,40.587226
1785098948297,40.587226
1785098948457,40.141879
1785098948605,40.141879
1785098948756,40.141879
1785098948917,40.141879
1785098949091,40.141879
1785098949247,40.141879
1785098949407,40.141879
1785098949566,39.496575
1785098949717,39.496575
1785098949862,39.496575
1785098950016,39.496575
1785098950187,39.496575
1785098950332,39.496575
1785098950492,39.496575
1785098950658,39.138950
1785098950807,39.138950
1785098950958,39.138950
1785098951116,39.138950
1785098951283,39.138950
1785098951438,39.138950
1785098951600,39.138950
1785098951761,39.866737
1785098951916,39.866737
1785098952071,39.866737
1785098952240,39.866737
1785098952405,39.866737
1785098952562,39.866737
1785098952722,39.568099
1785098952876,39.568099
1785098953035,39.568099
1785098953182,39.568099
1785098953340,39.568099
1785098953507,39.568099
1785098953670,39.568099
1785098953827,38.869216
1785098953985,38.869216
1785098954145,38.869216
1785098954299,38.869216
1785098954464,38.869216
1785098954647,38.869216
1785098954801,39.652056
1785098954961,39.652056
1785098955112,39.652056
1785098955274,39.652056
1785098955434,39.652056
1785098955584,39.652056
1785098955747,39.652056
1785098955911,39.669593
1785098956070,39.669593
1785098956219,39.669593
1785098956381,39.669593
1785098956544,39.669593
1785098956705,39.669593
1785098956872,39.709621
1785098957028,39.709621
1785098957183,39.709621
1785098957339,39.709621
1785098957495,39.709621
1785098957648,39.709621
1785098957800,39.709621
1785098957971,40.521800
1785098958119,40.521800
1785098958285,40.521800
1785098958441,40.521800
1785098958592,40.521800
1785098958740,40.521800
1785098958895,40.521800
1785098959169,39.956553
1785098959322,39.956553
1785098959476,39.956553
1785098959640,39.956553
1785098959792,39.956553
1785098959951,39.956553
1785098960114,39.745972
1785098960278,39.745972
1785098960430,39.745972
1785098960591,39.745972
1785098960752,39.745972
1785098960907,39.745972
1785098961057,39.745972
1785098961217,40.407858
1785098961379,40.407858
1785098961540,40.407858
1785098961691,40.407858
1785098961849,40.407858
1785098962008,40.407858
1785098962176,40.458186
1785098962326,40.458186
1785098962482,40.458186
1785098962642,40.458186
1785098962797,40.458186
1785098962960,40.458186
1785098963120,40.458186
1785098963277,40.956780
1785098963433,40.956780
1785098963594,40.956780
1785098963754,40.956780
1785098963909,40.956780
1785098964070,40.956780
1785098964223,40.956780
1785098964375,39.853347
1785098964528,39.853347
1785098964698,39.853347
1785098964854,39.853347
1785098965014,39.853347
1785098965166,39.853347
1785098965316,39.853347
1785098965474,38.522242
1785098965633,38.522242
1785098965806,38.522242
1785098965955,38.522242
1785098966118,38.522242
1785098966277,38.522242
1785098966436,39.339817
1785098966589,39.339817
1785098966748,39.339817
1785098966913,39.339817
1785098967074,39.339817
1785098967233,39.339817
1785098967389,39.339817
1785098967549,39.783699
1785098967702,39.783699
1785098967852,39.783699
1785098968015,39.783699
1785098968170,39.783699
1785098968326,39.783699
1785098968475,39.783699
1785098968634,40.405638
1785098968803,40.405638
1785098968955,40.405638
1785098969122,40.405638
1785098969276,40.405638
1785098969434,40.405638
1785098969594,39.706599
1785098969759,39.706599
1785098969919,39.706599
1785098970076,39.706599
1785098970251,39.706599
1785098970411,39.706599
1785098970567,39.706599
1785098970720,39.393549
1785098970879,39.393549
1785098971038,39.393549
1785098971189,39.393549
1785098971363,39.393549
1785098971534,39.393549
1785098971697,39.308833
1785098971844,39.308833
1785098972004,39.308833
1785098972162,39.308833
1785098972312,39.308833
1785098972473,39.308833
1785098972631,39.308833
1785098972791,39.208804
1785098972941,39.208804
1785098973093,39.208804
1785098973249,39.208804
1785098973412,39.208804
1785098973572,39.208804
1785098973728,39.208804
1785098973890,38.677910
1785098974046,38.677910
1785098974194,38.677910
1785098974347,38.677910
1785098974506,38.677910
1785098974675,38.677910
1785098974829,38.677910
1785098974989,39.551124
1785098975148,39.551124
1785098975301,39.551124
1785098975460,39.551124
1785098975629,39.551124
1785098975792,39.551124
1785098975947,39.045882
1785098976105,39.045882
1785098976257,39.045882
1785098976418,39.045882
1785098976575,39.045882
1785098976746,39.045882
1785098976911,39.045882
1785098977068,39.300511
1785098977228,39.300511
1785098977401,39.300511
1785098977557,39.300511
1785098977711,39.300511
1785098977867,39.300511
1785098978035,40.542812
1785098978189,40.542812
1785098978351,40.542812
1785098978505,40.542812
1785098978664,40.542812
1785098978821,40.542812
1785098978983,40.542812
1785098979149,39.883614
1785098979299,39.883614
1785098979452,39.883614
1785098979609,39.883614
1785098979765,39.883614
1785098979921,39.883614
1785098980082,39.883614
1785098980326,40.206532
1785098980473,40.206532
1785098980634,40.206532
1785098980800,40.206532
1785098980954,40.206532
1785098981108,40.206532
1785098981264,40.206532
1785098981574,40.391561
1785098981737,40.391561
1785098981898,40.391561
1785098982059,40.391561
1785098982214,40.391561
1785098982370,40.391561
1785098982534,38.859532
1785098982703,38.859532
1785098982855,38.859532
1785098983018,38.859532
1785098983172,38.859532
1785098983324,38.859532
1785098983481,38.859532
1785098983643,40.060351
1785098983806,40.060351
1785098983958,40.060351
1785098984114,40.060351
1785098984268,40.060351
1785098984420,40.060351
1785098984582,40.060351
1785098984756,39.301388
1785098984921,39.301388
1785098985074,39.301388
1785098985228,39.301388
1785098985388,39.301388
1785098985544,39.301388
1785098985696,39.301388
1785098985851,39.039177
1785098986012,39.039177
1785098986172,39.039177
1785098986324,39.039177
1785098986475,39.039177
1785098986647,39.039177
1785098986802,39.039177
1785098986952,38.410360
1785098987109,38.410360
1785098987266,38.410360
1785098987419,38.410360
1785098987567,38.410360
1785098987718,38.410360
1785098987874,38.410360
1785098988030,38.538508
1785098988192,38.538508
1785098988362,38.538508
1785098988523,38.538508
1785098988682,38.538508
1785098988831,38.538508
1785098988982,39.631932
1785098989142,39.631932
1785098989303,39.631932
1785098989465,39.631932
1785098989621,39.631932
1785098989778,39.631932
1785098989933,39.631932
1785098990087,39.577542
1785098990240,39.577542
1785098990402,39.577542
1785098990557,39.577542
1785098990714,39.577542
1785098990873,39.577542
1785098991031,39.577542
1785098991188,39.962568
1785098991346,39.962568
1785098991513,39.962568
1785098991664,39.962568
1785098991819,39.962568
1785098991981,39.962568
1785098992139,39.962568
1785098992299,39.495030
1785098992465,39.495030
1785098992629,39.495030
1785098992795,39.495030
1785098992951,39.495030
1785098993113,39.495030
1785098993268,40.283380
1785098993423,40.283380
1785098993585,40.283380
1785098993751,40.283380
1785098993911,40.283380
1785098994075,40.283380
1785098994237,40.283380
1785098994399,40.028230
1785098994559,40.028230
1785098994717,40.028230
1785098994884,40.028230
1785098995045,40.028230
1785098995193,40.028230
1785098995342,40.028230
1785098995488,40.013672
1785098995640,40.013672
1785098995798,40.013672
1785098995962,40.013672
1785098996118,40.013672
1785098996266,40.013672
1785098996416,40.013672
1785098996565,39.464966
1785098996719,39.464966
1785098996877,39.464966
1785098997038,39.464966
1785098997185,39.464966
1785098997342,39.464966
1785098997500,39.464966
1785098997657,39.796476
1785098997806,39.796476
1785098997962,39.796476
1785098998126,39.796476
1785098998288,39.796476
1785098998442,39.796476
1785098998605,39.796476
1785098998773,39.603258
1785098998926,39.603258
1785098999090,39.603258
1785098999255,39.603258
1785098999414,39.603258
1785098999571,39.603258
1785098999728,40.253842
1785098999887,40.253842
1785099000040,40.253842
1785099000200,40.253842
1785099000367,40.253842
1785099000532,40.253842
1785099000700,40.253842
1785099000862,40.221671
1785099001020,40.221671
1785099001171,40.221671
1785099001323,40.221671
1785099001486,40.221671
1785099001642,40.221671
1785099001794,40.221671
1785099001952,40.365848
1785099002113,40.365848
1785099002263,40.365848
1785099002415,40.365848
1785099002581,40.365848
1785099002739,40.365848
1785099002903,40.365848
1785099003070,39.950646
1785099003230,39.950646
1785099003390,39.950646
1785099003565,39.950646
1785099003720,39.950646
1785099003871,39.950646
1785099004027,39.364400
1785099004185,39.364400
1785099004344,39.364400
1785099004498,39.364400
1785099004670,39.364400
1785099004825,39.364400
1785099004977,39.364400
1785099005131,40.748168
1785099005284,40.748168
1785099005442,40.748168
1785099005596,40.748168
1785099005757,40.748168
1785099005917,40.748168
1785099006083,40.748168
1785099006238,38.932804
1785099006388,38.932804
1785099006544,38.932804
1785099006703,38.932804
1785099006867,38.932804
1785099007024,38.932804
1785099007186,38.932804
1785099007338,39.387087
1785099007505,39.387087
1785099007658,39.387087
1785099007815,39.387087
1785099007982,39.387087
1785099008142,39.387087
1785099008295,40.338966
1785099008446,40.338966
1785099008599,40.338966
1785099008746,40.338966
1785099008904,40.338966
1785099009071,40.338966
1785099009218,40.338966
1785099009367,39.985112
1785099009525,39.985112
1785099009679,39.985112
1785099009831,39.985112
1785099010003,39.985112
1785099010172,39.985112
1785099010320,39.985112
1785099010482,40.087960
1785099010639,40.087960
1785099010798,40.087960
1785099010964,40.087960
1785099011123,40.087960
1785099011297,40.087960
1785099011458,40.011474
1785099011620,40.011474
1785099011781,40.011474
1785099011948,40.011474
1785099012104,40.011474
1785099012255,40.011474
1785099012424,39.692039
1785099012587,39.692039
1785099012743,39.692039
1785099012894,39.692039
1785099013052,39.692039
1785099013216,39.692039
1785099013365,39.692039
1785099013532,40.335060
1785099013701,40.335060
1785099013863,40.335060
1785099014018,40.335060
1785099014172,40.335060
1785099014338,40.335060
1785099014504,39.979314
1785099014660,39.979314
1785099014816,39.979314
1785099014971,39.979314
1785099015131,39.979314
1785099015285,39.979314
1785099015446,39.979314
1785099015600,40.412050
1785099015764,40.412050
1785099015912,40.412050
1785099016078,40.412050
1785099016236,40.412050
1785099016394,40.412050
1785099016548,40.412050
1785099016715,39.604446
1785099016879,39.604446
1785099017032,39.604446
1785099017194,39.604446
1785099017351,39.604446
1785099017514,39.604446
1785099017661,39.604446
1785099017807,39.716736
1785099017968,39.716736
1785099018125,39.716736
1785099018277,39.716736
1785099018437,39.716736
1785099018599,39.716736
1785099018757,39.716736
1785099018912,39.405774
1785099019072,39.405774
1785099019229,39.405774
1785099019385,39.405774
1785099019544,39.405774
1785099019703,39.405774
1785099019859,39.405774
1785099020020,40.417235
1785099020185,40.417235
1785099020348,40.417235
1785099020502,40.417235
1785099020655,40.417235
1785099020825,40.417235
1785099020978,40.151645
1785099021134,40.151645
1785099021299,40.151645
1785099021465,40.151645
1785099021622,40.151645
1785099021777,40.151645
1785099021933,40.151645
1785099022095,39.457648
1785099022254,39.457648
1785099022416,39.457648
1785099022570,39.457648
1785099022728,39.457648
1785099022883,39.457648
1785099023049,39.425510
1785099023213,39.425510
1785099023365,39.425510
1785099023529,39.425510
1785099023687,39.425510
1785099023844,39.425510
1785099024005,39.425510
1785099024165,40.161705
1785099024320,40.161705
1785099024477,40.161705
1785099024647,40.161705
1785099024796,40.161705
1785099024947,40.161705
1785099025103,40.161705
1785099025256,39.446090
1785099025413,39.446090
1785099025598,39.446090
1785099025768,39.446090
1785099025921,39.446090
1785099026071,39.446090
1785099026231,40.582614
1785099026383,40.582614
1785099026541,40.582614
1785099026705,40.582614
1785099026865,40.582614
1785099027016,40.582614
1785099027174,40.582614
1785099027334,40.114180
1785099027490,40.114180
1785099027637,40.114180
1785099027792,40.114180
1785099027957,40.114180
1785099028111,40.114180
1785099028263,40.114180
1785099028425,39.303938
1785099028581,39.303938
1785099028731,39.303938
1785099028882,39.303938
1785099029042,39.303938
1785099029204,39.303938
1785099029362,39.303938
1785099029523,39.280672
1785099029680,39.280672
1785099029838,39.280672
1785099029983,39.280672
1785099030141,39.280672
1785099030303,39.280672
1785099030454,39.280672
1785099030603,40.249404
1785099030769,40.249404
1785099030923,40.249404
1785099031076,40.249404
1785099031235,40.249404
1785099031392,40.249404
1785099031548,40.249404
1785099031700,40.147470
1785099031853,40.147470
1785099032010,40.147470
1785099032164,40.147470
1785099032325,40.147470
1785099032475,40.147470
1785099032631,40.147470
1785099032786,39.198162
1785099032946,39.198162
1785099033103,39.198162
1785099033265,39.198162
1785099033427,39.198162
1785099033581,39.198162
1785099033752,39.148435
1785099033908,39.148435
1785099034064,39.148435
1785099034217,39.148435
1785099034375,39.148435
1785099034538,39.148435
1785099034691,39.148435
1785099034842,39.591085
1785099035004,39.591085
1785099035155,39.591085
1785099035306,39.591085
1785099035464,39.591085
1785099035635,39.591085
1785099035787,39.591085
1785099035947,39.855906
1785099036104,39.855906
1785099036262,39.855906
1785099036414,39.855906
1785099036570,39.855906
1785099036730,39.855906
1785099036891,39.855906
1785099037043,39.882106
1785099037196,39.882106
1785099037364,39.882106
1785099037528,39.882106
1785099037678,39.882106
1785099037839,39.882106
1785099037993,39.882106
1785099038153,39.430820
1785099038305,39.430820
1785099038459,39.430820
1785099038614,39.430820
1785099038779,39.430820
1785099038940,39.430820
1785099039091,39.430820
1785099039255,39.063156
1785099039409,39.063156
1785099039557,39.063156
1785099039715,39.063156
1785099039875,39.063156
1785099040036,39.063156
1785099040193,39.063156
1785099040355,39.996802
1785099040517,39.996802
1785099040665,39.996802
1785099040820,39.996802
1785099040979,39.996802
1785099041147,39.996802
1785099041301,39.996802
1785099041451,39.524697
1785099041609,39.524697
1785099041769,39.524697
1785099041926,39.524697
1785099042081,39.524697
1785099042246,39.524697
1785099042409,39.743922
1785099042563,39.743922
1785099042736,39.743922
1785099042890,39.743922
1785099043045,39.743922
1785099043203,39.743922
1785099043373,39.743922
1785099043526,39.828781
1785099043687,39.828781
1785099043853,39.828781
1785099044012,39.828781
1785099044166,39.828781
1785099044323,39.828781
1785099044498,39.061560
1785099044658,39.061560
1785099044810,39.061560
1785099044966,39.061560
1785099045121,39.061560
1785099045281,39.061560
1785099045429,39.061560
1785099045592,40.389033
1785099045752,40.389033
1785099045905,40.389033
1785099046062,40.389033
1785099046217,40.389033
1785099046378,40.389033
1785099046532,40.389033
1785099046787,39.525324
1785099046949,39.525324
1785099047104,39.525324
1785099047265,39.525324
1785099047418,39.525324
1785099047575,39.525324
1785099047733,38.152890
1785099047908,38.152890
1785099048071,38.152890
1785099048225,38.152890
1785099048378,38.152890
1785099048536,38.152890
1785099048696,38.152890
1785099048854,39.553632
1785099049014,39.553632
1785099049169,39.553632
1785099049320,39.553632
1785099049472,39.553632
1785099049630,39.553632
1785099049785,39.553632
1785099049940,39.868095
1785099050113,39.868095
1785099050312,39.868095
1785099050461,39.868095
1785099050622,39.868095
1785099050774,39.868095
1785099050934,40.449915
1785099051100,40.449915
1785099051257,40.449915
1785099051413,40.449915
1785099051571,40.449915
1785099051725,40.449915
1785099051878,40.449915
1785099052035,40.175910
1785099052198,40.175910
1785099052356,40.175910
1785099052507,40.175910
1785099052659,40.175910
1785099052815,40.175910
1785099052970,40.175910
1785099053131,40.229504
1785099053303,40.229504
1785099053462,40.229504
1785099053623,40.229504
1785099053777,40.229504
1785099053930,40.229504
1785099054090,38.952382
1785099054243,38.952382
1785099054405,38.952382
1785099054566,38.952382
1785099054730,38.952382
1785099054882,38.952382
1785099055039,38.952382
1785099055191,39.666062
1785099055344,39.666062
1785099055500,39.666062
1785099055655,39.666062
1785099055809,39.666062
1785099055966,39.666062
1785099056121,39.666062
1785099056280,40.495037
1785099056435,40.495037
1785099056600,40.495037
1785099056754,40.495037
1785099056910,40.495037
1785099057066,40.495037
1785099057220,40.495037
1785099057378,40.670343
1785099057535,40.670343
1785099057705,40.670343
1785099057860,40.670343
1785099058016,40.670343
1785099058170,40.670343
1785099058335,40.227604
1785099058489,40.227604
1785099058648,40.227604
1785099058807,40.227604
1785099058952,40.227604
1785099059104,40.227604
1785099059262,40.227604
1785099059418,39.155468
1785099059572,39.155468
1785099059732,39.155468
1785099059894,39.155468
1785099060049,39.155468
1785099060203,39.155468
1785099060360,39.155468
1785099060513,39.765899
1785099060672,39.765899
1785099060824,39.765899
1785099060989,39.765899
1785099061139,39.765899
1785099061292,39.765899
1785099061446,39.765899
1785099061597,39.295610
1785099061748,39.295610
1785099061901,39.295610
1785099062068,39.295610
1785099062222,39.295610
1785099062382,39.295610
1785099062533,39.295610
1785099062689,39.240448
1785099062851,39.240448
1785099063005,39.240448
1785099063161,39.240448
1785099063327,39.240448
1785099063481,39.240448
1785099063639,39.240448
1785099063790,39.660287
1785099063953,39.660287
1785099064112,39.660287
1785099064275,39.660287
1785099064444,39.660287
1785099064596,39.660287
1785099064742,39.660287
1785099064892,38.812346
1785099065048,38.812346
1785099065204,38.812346
1785099065370,38.812346
1785099065533,38.812346
1785099065688,38.812346
1785099065849,39.109424
1785099066010,39.109424
1785099066163,39.109424
1785099066319,39.109424
1785099066483,39.109424
1785099066645,39.109424
1785099066804,39.109424
1785099066962,38.846895
1785099067116,38.846895
1785099067271,38.846895
1785099067430,38.846895
1785099067599,38.846895
1785099067754,38.846895
1785099067909,38.846895
1785099068078,39.707118
1785099068230,39.707118
1785099068386,39.707118
1785099068541,39.707118
1785099068700,39.707118
1785099068857,39.707118
1785099069011,39.707118
1785099069161,39.118722
1785099069310,39.118722
1785099069460,39.118722
1785099069621,39.118722
1785099069788,39.118722
1785099069942,39.118722
1785099070099,39.118722
1785099070266,39.825266
1785099070421,39.825266
1785099070578,39.825266
1785099070731,39.825266
1785099070890,39.825266
1785099071046,39.825266
1785099071203,39.825266
1785099071365,39.878568
1785099071519,39.878568
1785099071676,39.878568
1785099071827,39.878568
1785099071982,39.878568
1785099072138,39.878568
1785099072293,39.878568
1785099072447,39.299239
1785099072596,39.299239
1785099072760,39.299239
1785099072916,39.299239
1785099073079,39.299239
1785099073243,39.299239
1785099073399,39.132836
1785099073555,39.132836
1785099073705,39.132836
1785099073862,39.132836
1785099074016,39.132836
1785099074190,39.132836
1785099074345,39.132836
1785099074501,39.694964
1785099074660,39.694964
1785099074819,39.694964
1785099074980,39.694964
1785099075136,39.694964
1785099075297,39.694964
1785099075451,39.694964
1785099075608,40.304272
1785099075765,40.304272
1785099075917,40.304272
1785099076073,40.304272
1785099076234,40.304272
1785099076404,40.304272
1785099076558,40.304272
1785099076712,39.794682
1785099076867,39.794682
1785099077038,39.794682
1785099077194,39.794682
1785099077348,39.794682
1785099077510,39.794682
1785099077660,39.794682
1785099077813,39.659808
1785099077967,39.659808
1785099078123,39.659808
1785099078277,39.659808
1785099078438,39.659808
1785099078611,39.659808
1785099078765,39.659808
1785099078926,39.941565
1785099079077,39.941565
1785099079231,39.941565
1785099079380,39.941565
1785099079535,39.941565
1785099079699,39.941565
1785099079857,39.941565
1785099080009,39.903483
1785099080165,39.903483
1785099080317,39.903483
1785099080469,39.903483
1785099080628,39.903483
1785099080789,39.903483
1785099080949,39.903483
1785099081116,40.187179
1785099081275,40.187179
1785099081428,40.187179
1785099081592,40.187179
1785099081745,40.187179
1785099081907,40.187179
1785099082070,39.413019
1785099082223,39.413019
1785099082374,39.413019
1785099082522,39.413019
1785099082675,39.413019
1785099082827,39.413019
1785099082992,39.413019
1785099083141,39.782102
1785099083289,39.782102
1785099083444,39.782102
1785099083603,39.782102
1785099083753,39.782102
1785099083907,39.782102
1785099084067,39.782102
1785099084224,39.004109
1785099084386,39.004109
1785099084540,39.004109
1785099084698,39.004109
1785099084853,39.004109
1785099085002,39.004109
1785099085165,39.004109
1785099085331,39.397638
1785099085490,39.397638
1785099085650,39.397638
1785099085808,39.397638
1785099085971,39.397638
1785099086125,39.397638
1785099086287,39.170220
1785099086447,39.170220
1785099086604,39.170220
1785099086767,39.170220
1785099086923,39.170220
1785099087079,39.170220
1785099087229,39.170220
1785099087394,40.008450
1785099087543,40.008450
1785099087688,40.008450
1785099087832,40.008450
1785099087986,40.008450
1785099088138,40.008450
1785099088285,40.008450
1785099088460,39.676946
1785099088614,39.676946
1785099088762,39.676946
1785099088912,39.676946
1785099089079,39.676946
1785099089232,39.676946
1785099089390,39.676946
1785099089633,40.016808
1785099089786,40.016808
1785099089941,40.016808
1785099090093,40.016808
1785099090249,40.016808
1785099090409,40.016808
1785099090567,40.016808
1785099090782,38.627712
1785099090931,38.627712
1785099091090,38.627712
1785099091251,38.627712
1785099091406,38.627712
1785099091564,38.627712
1785099091725,38.627712
1785099091944,40.448625
1785099092098,40.448625
1785099092258,40.448625
1785099092414,40.448625
1785099092570,40.448625
1785099092732,40.448625
1785099092880,40.448625
1785099093106,40.236683
1785099093257,40.236683
1785099093408,40.236683
1785099093570,40.236683
1785099093723,40.236683
1785099093876,40.236683
1785099094039,40.236683
1785099094246,40.572252
1785099094399,40.572252
1785099094556,40.572252
1785099094717,40.572252
1785099094882,40.572252
1785099095036,40.572252
1785099095195,39.698900
1785099095362,39.698900
1785099095516,39.698900
1785099095677,39.698900
1785099095831,39.698900
1785099095981,39.698900
1785099096138,39.698900
1785099096297,38.767626
1785099096459,38.767626
1785099096621,38.767626
1785099096775,38.767626
1785099096932,38.767626
1785099097081,38.767626
1785099097230,38.767626
1785099097390,40.316315
1785099097553,40.316315
1785099097707,40.316315
1785099097865,40.316315
1785099098022,40.316315
1785099098178,40.316315
1785099098334,40.316315
1785099098492,39.945640
1785099098663,39.945640
1785099098817,39.945640
1785099098975,39.945640
1785099099131,39.945640
1785099099298,39.945640
1785099099455,40.745830
1785099099608,40.745830
1785099099772,40.745830
1785099099930,40.745830
1785099100083,40.745830
1785099100235,40.745830
1785099100382,40.745830
1785099100540,39.505712
1785099100694,39.505712
1785099100857,39.505712
1785099101011,39.505712
1785099101170,39.505712
1785099101325,39.505712
1785099101479,39.505712
1785099101650,39.567494
1785099101804,39.567494
1785099101967,39.567494
1785099102123,39.567494
1785099102279,39.567494
1785099102445,39.567494
1785099102604,40.226373
1785099102764,40.226373
1785099102927,40.226373
1785099103098,40.226373
1785099103258,40.226373
1785099103413,40.226373
1785099103568,40.226373
1785099103730,40.578486
1785099103884,40.578486
1785099104042,40.578486
1785099104213,40.578486
1785099104373,40.578486
1785099104527,40.578486
1785099104685,40.596187
1785099104845,40.596187
1785099105013,40.596187
1785099105169,40.596187
1785099105327,40.596187
1785099105481,40.596187
1785099105648,40.596187
1785099105803,40.169466
1785099105955,40.169466
1785099106107,40.169466
1785099106261,40.169466
1785099106426,40.169466
1785099106577,40.169466
1785099106731,40.169466
1785099106891,39.645214
1785099107048,39.645214
1785099107211,39.645214
1785099107362,39.645214
1785099107531,39.645214
1785099107684,39.645214
1785099107841,39.645214
1785099108001,40.351674
1785099108157,40.351674
1785099108313,40.351674
1785099108467,40.351674
1785099108630,40.351674
1785099108781,40.351674
1785099108931,40.351674
1785099109082,39.049372
1785099109239,39.049372
1785099109386,39.049372
1785099109532,39.049372
1785099109693,39.049372
1785099109850,39.049372
1785099110003,39.049372
1785099110156,39.430693
1785099110310,39.430693
1785099110462,39.430693
1785099110614,39.430693
1785099110776,39.430693
1785099110935,39.430693
1785099111089,39.430693
1785099111244,40.106651
1785099111398,40.106651
1785099111557,40.106651
1785099111713,40.106651
1785099111879,40.106651
1785099112028,40.106651
1785099112185,40.106651
1785099112343,39.987393
1785099112498,39.987393
1785099112643,39.987393
1785099112797,39.987393
1785099112957,39.987393
1785099113110,39.987393
1785099113263,39.987393
1785099113419,38.843503
1785099113578,38.843503
1785099113733,38.843503
1785099113896,38.843503
1785099114058,38.843503
1785099114211,38.843503
1785099114364,38.843503
1785099114524,40.802807
1785099114678,40.802807
1785099114842,40.802807
1785099114994,40.802807
1785099115156,40.802807
1785099115306,40.802807
1785099115454,40.802807
1785099115614,39.356232
1785099115766,39.356232
1785099115923,39.356232
1785099116071,39.356232
1785099116236,39.356232
1785099116392,39.356232
1785099116545,39.356232
1785099116704,39.519432
1785099116856,39.519432
1785099117006,39.519432
1785099117159,39.519432
1785099117317,39.519432
1785099117474,39.519432
1785099117626,39.519432
1785099117781,39.347034
1785099117932,39.347034
1785099118081,39.347034
1785099118239,39.347034
1785099118398,39.347034
1785099118559,39.347034
1785099118713,39.347034
1785099118869,41.248931
1785099119031,41.248931
1785099119186,41.248931
1785099119351,41.248931
1785099119516,41.248931
1785099119666,41.248931
1785099119819,41.248931
1785099119979,39.634318
1785099120128,39.634318
1785099120286,39.634318
1785099120439,39.634318
1785099120602,39.634318
1785099120758,39.634318
1785099120970,40.027176
1785099121123,40.027176
1785099121281,40.027176
1785099121434,40.027176
1785099121596,40.027176
1785099121749,40.027176
1785099121912,40.027176
1785099122074,39.923829
1785099122227,39.923829
1785099122377,39.923829
1785099122535,39.923829
1785099122697,39.923829
1785099122851,39.923829
1785099123005,39.923829
1785099123162,38.769962
1785099123317,38.769962
1785099123470,38.769962
1785099123620,38.769962
1785099123783,38.769962
1785099123950,38.769962
1785099124100,38.769962
1785099124256,39.601187
1785099124399,39.601187
1785099124549,39.601187
1785099124713,39.601187
1785099124885,39.601187
1785099125041,39.601187
1785099125194,39.601187
1785099125348,40.787358
1785099125507,40.787358
1785099125664,40.787358
1785099125821,40.787358
1785099125983,40.787358
1785099126140,40.787358
1785099126292,40.787358
1785099126447,38.436794
1785099126600,38.436794
1785099126758,38.436794
1785099126913,38.436794
1785099127078,38.436794
1785099127243,38.436794
1785099127393,38.436794
1785099127549,39.307643
1785099127709,39.307643
1785099127864,39.307643
1785099128018,39.307643
1785099128178,39.307643
1785099128335,39.307643
1785099128492,39.307643
1785099128648,39.679668
1785099128806,39.679668
1785099128967,39.679668
1785099129119,39.679668
1785099129278,39.679668
1785099129432,39.679668
1785099129594,39.679668
1785099129752,38.624414
1785099129905,38.624414
1785099130057,38.624414
1785099130211,38.624414
1785099130379,38.624414
1785099130538,38.624414
1785099130697,38.624414
1785099130851,39.599339
1785099131005,39.599339
1785099131159,39.599339
1785099131319,39.599339
1785099131500,39.599339
1785099131656,39.599339
1785099131809,39.816277
1785099131964,39.816277
1785099132119,39.816277
1785099132267,39.816277
1785099132419,39.816277
1785099132577,39.816277
1785099132735,39.816277
1785099132889,39.953977
1785099133043,39.953977
1785099133203,39.953977
1785099133356,39.953977
1785099133510,39.953977
1785099133677,39.953977
1785099133827,39.953977
1785099133992,40.671666
1785099134145,40.671666
1785099134298,40.671666
1785099134459,40.671666
1785099134614,40.671666
1785099134783,40.671666
1785099134932,40.671666
1785099135086,39.957548
1785099135240,39.957548
1785099135389,39.957548
1785099135545,39.957548
1785099135697,39.957548
1785099135857,39.957548
1785099136009,39.957548
1785099136180,39.657230
1785099136347,39.657230
1785099136500,39.657230
1785099136659,39.657230
1785099136810,39.657230
1785099136971,39.657230
1785099137126,39.657230
1785099137281,40.310925
1785099137433,40.310925
1785099137586,40.310925
1785099137742,40.310925
1785099137904,40.310925
1785099138065,40.310925
1785099138223,40.310925
1785099138374,40.686414
1785099138530,40.686414
1785099138685,40.686414
1785099138848,40.686414
1785099139000,40.686414
1785099139163,40.686414
1785099139316,40.686414
1785099139478,40.912013
1785099139633,40.912013
1785099139790,40.912013
1785099139940,40.912013
1785099140094,40.912013
1785099140259,40.912013
1785099140407,40.912013
1785099140564,39.129002
1785099140722,39.129002
1785099140874,39.129002
1785099141031,39.129002
1785099141190,39.129002
1785099141355,39.129002
1785099141513,39.129002
1785099141667,38.587380
1785099141822,38.587380
1785099141983,38.587380
1785099142141,38.587380
1785099142293,38.587380
1785099142459,38.587380
1785099142615,38.587380
1785099142770,39.234763
1785099142936,39.234763
1785099143094,39.234763
1785099143248,39.234763
1785099143403,39.234763
1785099143568,39.234763
1785099143724,39.234763
1785099143881,38.677213
1785099144036,38.677213
1785099144197,38.677213
1785099144349,38.677213
1785099144502,38.677213
1785099144663,38.677213
1785099144823,38.677213
1785099144979,39.328451
1785099145135,39.328451
1785099145290,39.328451
1785099145441,39.328451
1785099145600,39.328451
1785099145758,39.328451
1785099145910,39.328451
1785099146067,38.927945
1785099146224,38.927945
1785099146373,38.927945
1785099146527,38.927945
1785099146679,38.927945
1785099146838,38.927945
1785099146994,38.927945
1785099147161,38.648350
1785099147317,38.648350
1785099147473,38.648350
1785099147629,38.648350
1785099147791,38.648350
1785099147958,38.648350
1785099148111,38.648350
1785099148265,40.146696
1785099148432,40.146696
1785099148586,40.146696
1785099148741,40.146696
1785099148900,40.146696
1785099149063,40.146696
1785099149222,40.720788
1785099149385,40.720788
1785099149538,40.720788
1785099149691,40.720788
1785099149847,40.720788
1785099150002,40.720788
1785099150167,40.720788
1785099150324,40.233153
1785099150484,40.233153
1785099150645,40.233153
1785099150801,40.233153
1785099150955,40.233153
1785099151114,40.233153
1785099151272,40.233153
1785099151429,39.866072
1785099151583,39.866072
1785099151743,39.866072
1785099151898,39.866072
1785099152048,39.866072
1785099152217,39.866072
1785099152376,39.866072
1785099152534,38.476742
1785099152690,38.476742
1785099152850,38.476742
1785099153005,38.476742
1785099153163,38.476742
1785099153320,38.476742
1785099153480,38.476742
1785099153638,40.345092
1785099153799,40.345092
1785099153955,40.345092
1785099154120,40.345092
1785099154279,40.345092
1785099154435,40.345092
1785099154595,40.880197
1785099154746,40.880197
1785099154906,40.880197
1785099155060,40.880197
1785099155216,40.880197
1785099155373,40.880197
1785099155525,40.880197
1785099155688,39.934955
1785099155847,39.934955
1785099155997,39.934955
1785099156151,39.934955
1785099156307,39.934955
1785099156462,39.934955
1785099156616,39.934955
1785099156850,38.625718
1785099157012,38.625718
1785099157165,38.625718
1785099157329,38.625718
1785099157495,38.625718
1785099157652,38.625718
1785099157808,38.821329
1785099157974,38.821329
1785099158138,38.821329
1785099158298,38.821329
1785099158450,38.821329
1785099158599,38.821329
1785099158756,38.821329
1785099158910,39.488356
1785099159081,39.488356
1785099159235,39.488356
1785099159384,39.488356
1785099159541,39.488356
1785099159697,39.488356
1785099159851,39.488356
1785099160002,39.698771
1785099160171,39.698771
1785099160327,39.698771
1785099160482,39.698771
1785099160643,39.698771
1785099160801,39.698771
1785099160961,39.704655
1785099161125,39.704655
1785099161297,39.704655
1785099161454,39.704655
1785099161611,39.704655
1785099161766,39.704655
1785099161923,39.704655
1785099162077,39.367132
1785099162227,39.367132
1785099162404,39.367132
1785099162559,39.367132
1785099162708,39.367132
1785099162865,39.367132
1785099163026,39.367132
1785099163185,39.135676
1785099163339,39.135676
1785099163503,39.135676
1785099163664,39.135676
1785099163817,39.135676
1785099163974,39.135676
1785099164124,39.135676
1785099164279,40.149523
1785099164433,40.149523
1785099164594,40.149523
1785099164751,40.149523
1785099164902,40.149523
1785099165068,40.149523
1785099165220,40.149523
1785099165376,40.987650
1785099165526,40.987650
1785099165680,40.987650
1785099165839,40.987650
1785099165993,40.987650
1785099166149,40.987650
1785099166317,40.987650
1785099166482,39.434232
1785099166637,39.434232
1785099166804,39.434232
1785099166955,39.434232
1785099167101,39.434232
1785099167253,39.434232
1785099167411,39.434232
1785099167567,39.723382
1785099167733,39.723382
1785099167895,39.723382
1785099168052,39.723382
1785099168206,39.723382
1785099168352,39.723382
1785099168496,39.723382
1785099168649,38.995551
1785099168803,38.995551
1785099168970,38.995551
1785099169122,38.995551
1785099169279,38.995551
1785099169436,38.995551
1785099169593,38.995551
1785099169745,39.546338
1785099169899,39.546338
1785099170065,39.546338
1785099170218,39.546338
1785099170383,39.546338
1785099170529,39.546338
1785099170677,39.546338
1785099170833,40.173838
1785099170985,40.173838
1785099171147,40.173838
1785099171300,40.173838
1785099171461,40.173838
1785099171616,40.173838
1785099171769,40.173838
1785099171931,40.222586
1785099172085,40.222586
1785099172249,40.222586
1785099172407,40.222586
1785099172559,40.222586
1785099172715,40.222586
1785099172874,40.222586
1785099173035,38.490288
1785099173187,38.490288
1785099173350,38.490288
1785099173504,38.490288
1785099173662,38.490288
1785099173820,38.490288
1785099173975,38.490288
1785099174129,39.488458
1785099174279,39.488458
1785099174441,39.488458
1785099174594,39.488458
1785099174747,39.488458
1785099174899,39.488458
1785099175052,39.488458
1785099175214,40.560981
1785099175369,40.560981
1785099175537,40.560981
1785099175691,40.560981
1785099175837,40.560981
1785099175992,40.560981
1785099176148,40.560981
1785099176306,40.589246
1785099176457,40.589246
1785099176617,40.589246
1785099176773,40.589246
1785099176927,40.589246
1785099177087,40.589246
1785099177238,40.589246
1785099177385,39.463074
1785099177538,39.463074
1785099177702,39.463074
1785099177864,39.463074
1785099178014,39.463074
1785099178167,39.463074
1785099178323,39.463074
1785099178481,38.857945
1785099178640,38.857945
1785099178803,38.857945
1785099178955,38.857945
1785099179106,38.857945
1785099179259,38.857945
1785099179421,38.857945
1785099179584,39.299926
1785099179743,39.299926
1785099179904,39.299926
1785099180058,39.299926
1785099180214,39.299926
1785099180380,39.299926
1785099180538,40.600720
1785099180691,40.600720
1785099180844,40.600720
1785099181008,40.600720
1785099181175,40.600720
1785099181333,40.600720
1785099181486,40.600720
1785099181641,38.679458
1785099181804,38.679458
1785099181957,38.679458
1785099182117,38.679458
1785099182270,38.679458
1785099182424,38.679458
1785099182582,38.679458
1785099182732,40.629183
1785099182888,40.629183
1785099183039,40.629183
1785099183202,40.629183
1785099183350,40.629183
1785099183507,40.629183
1785099183660,40.629183
1785099183836,40.131709
1785099183990,40.131709
1785099184144,40.131709
1785099184304,40.131709
1785099184460,40.131709
1785099184620,40.131709
1785099184784,40.849282
1785099184939,40.849282
1785099185092,40.849282
1785099185246,40.849282
1785099185401,40.849282
1785099185549,40.849282
1785099185708,40.849282
1785099185865,39.742092
1785099186027,39.742092
1785099186187,39.742092
1785099186355,39.742092
1785099186525,39.742092
1785099186679,39.742092
1785099186835,39.628202
1785099186996,39.628202
1785099187147,39.628202
1785099187302,39.628202
1785099187456,39.628202
1785099187620,39.628202
1785099187776,39.628202
1785099187932,40.377210
1785099188082,40.377210
1785099188240,40.377210
1785099188406,40.377210
1785099188560,40.377210
1785099188723,40.377210
1785099188876,40.377210
1785099189037,40.657201
1785099189195,40.657201
1785099189351,40.657201
1785099189507,40.657201
1785099189662,40.657201
1785099189830,40.657201
1785099189999,40.134299
1785099190149,40.134299
1785099190306,40.134299
1785099190462,40.134299
1785099190616,40.134299
1785099190771,40.134299
1785099190938,40.134299
1785099191095,40.268137
1785099191243,40.268137
1785099191406,40.268137
1785099191558,40.268137
1785099191713,40.268137
1785099191870,40.268137
1785099192033,40.268137
1785099192193,40.510731
1785099192349,40.510731
1785099192502,40.510731
1785099192658,40.510731
1785099192812,40.510731
1785099192970,40.510731
1785099193124,40.510731
1785099193273,39.720560
1785099193428,39.720560
1785099193582,39.720560
1785099193737,39.720560
1785099193898,39.720560
1785099194049,39.720560
1785099194205,39.720560
1785099194362,40.503792
1785099194518,40.503792
1785099194679,40.503792
1785099194843,40.503792
1785099194996,40.503792
1785099195161,40.503792
1785099195327,40.219220
1785099195483,40.219220
1785099195636,40.219220
1785099195800,40.219220
1785099195965,40.219220
1785099196127,40.219220
1785099196298,40.219220
1785099196577,39.536389
1785099196740,39.536389
1785099196894,39.536389
1785099197055,39.536389
1785099197206,39.536389
1785099197357,39.536389
1785099197514,39.536389
1785099197736,40.081380
1785099197898,40.081380
1785099198051,40.081380
1785099198204,40.081380
1785099198358,40.081380
1785099198520,40.081380
1785099198684,39.805503
1785099198847,39.805503
1785099198998,39.805503
1785099199157,39.805503
1785099199310,39.805503
1785099199458,39.805503
1785099199623,39.805503
1785099199777,39.603699
1785099199940,39.603699
1785099200097,39.603699
1785099200252,39.603699
1785099200407,39.603699
1785099200570,39.603699
1785099200721,39.603699
1785099200876,39.744497
1785099201042,39.744497
1785099201195,39.744497
1785099201352,39.744497
1785099201515,39.744497
1785099201667,39.744497
1785099201821,39.744497
1785099201979,38.652087
1785099202144,38.652087
1785099202302,38.652087
1785099202461,38.652087
1785099202614,38.652087
1785099202766,38.652087
1785099202925,38.652087
1785099203078,39.432805
1785099203238,39.432805
1785099203394,39.432805
1785099203546,39.432805
1785099203697,39.432805
1785099203852,39.432805
1785099204007,39.432805
1785099204164,38.886333
1785099204332,38.886333
1785099204486,38.886333
1785099204641,38.886333
1785099204796,38.886333
1785099204948,38.886333
1785099205103,38.886333
1785099205261,40.229286
1785099205421,40.229286
1785099205578,40.229286
1785099205734,40.229286
1785099205883,40.229286
1785099206035,40.229286
1785099206201,40.229286
1785099206356,40.026003
1785099206524,40.026003
1785099206686,40.026003
1785099206843,40.026003
1785099207009,40.026003
1785099207166,40.026003
1785099207320,39.866804
1785099207475,39.866804
1785099207640,39.866804
1785099207794,39.866804
1785099207948,39.866804
1785099208105,39.866804
1785099208262,39.866804
1785099208418,39.569164
1785099208573,39.569164
1785099208738,39.569164
1785099208894,39.569164
1785099209055,39.569164
1785099209208,39.569164
1785099209366,39.569164
1785099209521,39.019926
1785099209674,39.019926
1785099209836,39.019926
1785099209998,39.019926
1785099210154,39.019926
1785099210312,39.019926
1785099210469,39.019926
1785099210624,39.890490
1785099210778,39.890490
1785099210947,39.890490
1785099211100,39.890490
1785099211258,39.890490
1785099211414,39.890490
1785099211574,39.890490
1785099211730,39.248784
1785099211885,39.248784
1785099212047,39.248784
1785099212200,39.248784
1785099212364,39.248784
1785099212531,39.248784
1785099212697,40.170523
1785099212855,40.170523
1785099213010,40.170523
1785099213176,40.170523
1785099213337,40.170523
1785099213487,40.170523
1785099213636,40.170523
1785099213790,39.890276
1785099213945,39.890276
1785099214096,39.890276
1785099214259,39.890276
1785099214415,39.890276
1785099214573,39.890276
1785099214732,39.890276
1785099214890,40.594498
1785099215043,40.594498
1785099215200,40.594498
1785099215359,40.594498
1785099215515,40.594498
1785099215676,40.594498
1785099215831,40.594498
1785099215985,40.920463
1785099216140,40.920463
1785099216294,40.920463
1785099216459,40.920463
1785099216623,40.920463
1785099216780,40.920463
1785099216936,40.920463
1785099217097,40.079081
1785099217255,40.079081
1785099217413,40.079081
1785099217570,40.079081
1785099217725,40.079081
1785099217881,40.079081
1785099218031,40.079081
1785099218195,38.656000
1785099218357,38.656000
1785099218514,38.656000
1785099218678,38.656000
1785099218834,38.656000
1785099218989,38.656000
1785099219149,39.862858
1785099219298,39.862858
1785099219453,39.862858
1785099219607,39.862858
1785099219770,39.862858
1785099219919,39.862858
1785099220070,39.862858
1785099220216,39.618416
1785099220372,39.618416
1785099220523,39.618416
1785099220677,39.618416
1785099220841,39.618416
1785099220996,39.618416
1785099221155,39.618416
1785099221309,39.458768
1785099221469,39.458768
1785099221667,39.458768
1785099221838,39.458768
1785099221991,39.458768
1785099222146,39.458768
1785099222303,40.057055
1785099222460,40.057055
1785099222615,40.057055
1785099222769,40.057055
1785099222927,40.057055
1785099223084,40.057055
1785099223237,40.057055
1785099223397,40.628443
1785099223545,40.628443
1785099223706,40.628443
1785099223864,40.628443
1785099224027,40.628443
1785099224182,40.628443
1785099224339,40.628443
1785099224497,39.597434
1785099224651,39.597434
1785099224806,39.597434
1785099224967,39.597434
1785099225137,39.597434
1785099225290,39.597434
1785099225440,39.597434
1785099225596,39.810174
1785099225749,39.810174
1785099225900,39.810174
1785099226062,39.810174
1785099226229,39.810174
1785099226387,39.810174
1785099226542,39.810174
1785099226698,40.358218
1785099226852,40.358218
1785099227008,40.358218
1785099227165,40.358218
1785099227330,40.358218
1785099227480,40.358218
1785099227630,40.358218
1785099227782,40.341902
1785099227939,40.341902
1785099228096,40.341902
1785099228250,40.341902
1785099228419,40.341902
1785099228575,40.341902
1785099228730,40.341902
1785099228887,39.652131
1785099229040,39.652131
1785099229192,39.652131
1785099229345,39.652131
1785099229505,39.652131
1785099229657,39.652131
1785099229811,39.652131
1785099229979,40.263118
1785099230127,40.263118
1785099230278,40.263118
1785099230427,40.263118
1785099230586,40.263118
1785099230741,40.263118
1785099230893,40.263118
1785099231051,40.537704
1785099231207,40.537704
1785099231362,40.537704
1785099231516,40.537704
1785099231675,40.537704
1785099231829,40.537704
1785099231990,40.537704
1785099232143,40.748477
1785099232301,40.748477
1785099232455,40.748477
1785099232612,40.748477
1785099232773,40.748477
1785099232931,40.748477
1785099233086,40.748477
1785099233247,40.552501
1785099233401,40.552501
1785099233557,40.552501
1785099233710,40.552501
1785099233877,40.552501
1785099234028,40.552501
1785099234190,40.552501
1785099234344,39.809428
1785099234499,39.809428
1785099234658,39.809428
1785099234809,39.809428
1785099234961,39.809428
1785099235115,39.809428
1785099235268,39.809428
1785099235424,39.342498
1785099235581,39.342498
1785099235731,39.342498
1785099235887,39.342498
1785099236051,39.342498
1785099236206,39.342498
1785099236362,39.342498
1785099236532,40.129294
1785099236689,40.129294
1785099236861,40.129294
1785099237014,40.129294
1785099237177,40.129294
1785099237331,40.129294
1785099237485,38.982972
1785099237644,38.982972
1785099237800,38.982972
1785099237953,38.982972
1785099238108,38.982972
1785099238275,38.982972
1785099238426,38.982972
1785099238579,39.857472
1785099238743,39.857472
1785099238899,39.857472
1785099239051,39.857472
1785099239207,39.857472
1785099239363,39.857472
1785099239518,39.857472
1785099239670,39.445404
1785099239821,39.445404
1785099239983,39.445404
1785099240142,39.445404
1785099240293,39.445404
1785099240455,39.445404
1785099240608,39.445404
1785099240762,40.289819
1785099240919,40.289819
1785099241077,40.289819
1785099241235,40.289819
1785099241397,40.289819
1785099241556,40.289819
1785099241710,40.289819
1785099241866,39.410624
1785099242019,39.410624
1785099242181,39.410624
1785099242333,39.410624
1785099242486,39.410624
1785099242655,39.410624
1785099242807,39.410624
1785099242963,39.544516
1785099243122,39.544516
1785099243270,39.544516
1785099243421,39.544516
1785099243582,39.544516
1785099243742,39.544516
1785099243900,39.544516
1785099244055,40.576805
1785099244205,40.576805
1785099244356,40.576805
1785099244519,40.576805
1785099244682,40.576805
1785099244850,40.576805
1785099245006,40.576805
1785099245159,40.478982
1785099245317,40.478982
1785099245468,40.478982
1785099245619,40.478982
1785099245778,40.478982
1785099245936,40.478982
1785099246086,40.478982
1785099246237,40.185953
1785099246398,40.185953
1785099246548,40.185953
1785099246714,40.185953
1785099246864,40.185953
1785099247025,40.185953
1785099247178,40.185953
1785099247339,39.730756
1785099247494,39.730756
1785099247652,39.730756
1785099247801,39.730756
1785099247952,39.730756
1785099248108,39.730756
1785099248263,39.730756
1785099248419,39.656736
1785099248570,39.656736
1785099248720,39.656736
1785099248869,39.656736
1785099249024,39.656736
1785099249184,39.656736
1785099249341,39.656736
1785099249501,40.041864
1785099249666,40.041864
1785099249819,40.041864
1785099249970,40.041864
1785099250124,40.041864
1785099250296,40.041864
1785099250448,40.041864
1785099250604,40.441791
1785099250754,40.441791
1785099250905,40.441791
1785099251053,40.441791
1785099251209,40.441791
1785099251367,40.441791
1785099251534,40.441791
1785099251692,40.003456
1785099251844,40.003456
1785099251995,40.003456
1785099252145,40.003456
1785099252301,40.003456
1785099252456,40.003456
1785099252611,40.003456
1785099252771,39.147538
1785099252929,39.147538
1785099253090,39.147538
1785099253244,39.147538
1785099253407,39.147538
1785099253582,39.147538
1785099253746,40.514441
1785099253909,40.514441
1785099254068,40.514441
1785099254227,40.514441
1785099254383,40.514441
1785099254543,40.514441
1785099254712,40.514441
1785099254868,40.518692
1785099255020,40.518692
1785099255179,40.518692
1785099255338,40.518692
1785099255490,40.518692
1785099255643,40.518692
1785099255802,40.518692
1785099255960,39.663490
1785099256113,39.663490
1785099256266,39.663490
1785099256416,39.663490
1785099256570,39.663490
1785099256723,39.663490
1785099256890,39.663490
1785099257047,39.813645
1785099257199,39.813645
1785099257361,39.813645
1785099257513,39.813645
1785099257665,39.813645
1785099257817,39.813645
1785099257985,39.813645
1785099258135,39.526175
1785099258298,39.526175
1785099258449,39.526175
1785099258602,39.526175
1785099258757,39.526175
1785099258909,39.526175
1785099259074,39.526175
1785099259236,39.693426
1785099259393,39.693426
1785099259547,39.693426
1785099259701,39.693426
1785099259853,39.693426
1785099260018,39.693426
1785099260183,39.693426
1785099260339,40.270204
1785099260497,40.270204
1785099260654,40.270204
1785099260803,40.270204
1785099260958,40.270204
1785099261119,40.270204
1785099261278,40.270204
1785099261431,39.634548
1785099261582,39.634548
1785099261732,39.634548
1785099261882,39.634548
1785099262038,39.634548
1785099262191,39.634548
1785099262353,39.634548
1785099262510,39.876860
1785099262663,39.876860
1785099262817,39.876860
1785099262969,39.876860
1785099263123,39.876860
1785099263279,39.876860
1785099263437,39.876860
1785099263592,39.631870
1785099263741,39.631870
1785099263896,39.631870
1785099264046,39.631870
1785099264206,39.631870
1785099264365,39.631870
1785099264527,39.631870
1785099264684,39.704580
1785099264837,39.704580
1785099264990,39.704580
1785099265148,39.704580
1785099265310,39.704580
1785099265476,39.704580
1785099265643,39.971711
1785099265794,39.971711
1785099265948,39.971711
1785099266106,39.971711
1785099266268,39.971711
1785099266427,39.971711
1785099266580,39.971711
1785099266741,40.081853
1785099266898,40.081853
1785099267054,40.081853
1785099267207,40.081853
1785099267369,40.081853
1785099267519,40.081853
1785099267670,40.081853
1785099267893,39.906578
1785099268046,39.906578
1785099268203,39.906578
1785099268359,39.906578
1785099268509,39.906578
1785099268661,39.906578
1785099268813,39.906578
1785099268973,39.825212
1785099269126,39.825212
1785099269295,39.825212
1785099269458,39.825212
1785099269611,39.825212
1785099269763,39.825212
1785099269918,39.030176
1785099270081,39.030176
1785099270247,39.030176
1785099270407,39.030176
1785099270564,39.030176
1785099270719,39.030176
1785099270870,39.030176
1785099271032,40.664656
1785099271193,40.664656
1785099271351,40.664656
1785099271513,40.664656
1785099271666,40.664656
1785099271817,40.664656
1785099271970,40.664656
1785099272134,40.099501
1785099272306,40.099501
1785099272466,40.099501
1785099272619,40.099501
1785099272773,40.099501
1785099272929,40.099501
1785099273091,39.717909
1785099273245,39.717909
1785099273418,39.717909
1785099273571,39.717909
1785099273726,39.717909
1785099273878,39.717909
1785099274037,39.717909
1785099274194,40.412829
1785099274351,40.412829
1785099274525,40.412829
1785099274680,40.412829
1785099274835,40.412829
1785099274991,40.412829
1785099275140,40.412829
1785099275305,39.381938
1785099275462,39.381938
1785099275622,39.381938
1785099275773,39.381938
1785099275931,39.381938
1785099276081,39.381938
1785099276231,39.381938
1785099276395,39.585090
1785099276548,39.585090
1785099276708,39.585090
1785099276864,39.585090
1785099277016,39.585090
1785099277182,39.585090
1785099277351,39.462162
1785099277507,39.462162
1785099277660,39.462162
1785099277833,39.462162
1785099277985,39.462162
1785099278146,39.462162
1785099278308,39.462162
1785099278462,40.768818
1785099278613,40.768818
1785099278774,40.768818
1785099278942,40.768818
1785099279091,40.768818
1785099279245,40.768818
1785099279397,40.768818
1785099279551,38.880479
1785099279706,38.880479
1785099279863,38.880479
1785099280032,38.880479
1785099280183,38.880479
1785099280336,38.880479
1785099280490,38.880479
1785099280645,39.060990
1785099280798,39.060990
1785099280951,39.060990
1785099281113,39.060990
1785099281265,39.060990
1785099281419,39.060990
1785099281569,39.060990
1785099281731,40.162226
1785099281894,40.162226
1785099282052,40.162226
1785099282221,40.162226
1785099282381,40.162226
1785099282531,40.162226
1785099282689,40.052727
1785099282845,40.052727
1785099283006,40.052727
1785099283167,40.052727
1785099283330,40.052727
1785099283489,40.052727
1785099283656,40.052727
1785099283814,39.858634
1785099283980,39.858634
1785099284147,39.858634
1785099284310,39.858634
1785099284473,39.858634
1785099284643,39.858634
1785099284811,40.197962
1785099284977,40.197962
1785099285135,40.197962
1785099285298,40.197962
1785099285469,40.197962
1785099285635,40.197962
1785099285799,40.288516
1785099285956,40.288516
1785099286123,40.288516
1785099286291,40.288516
1785099286448,40.288516
1785099286604,40.288516
1785099286759,40.288516
1785099286910,39.229298
1785099287060,39.229298
1785099287219,39.229298
1785099287373,39.229298
1785099287536,39.229298
1785099287694,39.229298
1785099287860,39.229298
1785099288022,40.159360
1785099288173,40.159360
1785099288325,40.159360
1785099288480,40.159360
1785099288647,40.159360
1785099288794,40.159360
1785099288945,40.159360
1785099289098,40.617298
1785099289254,40.617298
1785099289415,40.617298
1785099289573,40.617298
1785099289742,40.617298
1785099289896,40.617298
1785099290056,39.415074
1785099290213,39.415074
1785099290379,39.415074
1785099290546,39.415074
1785099290699,39.415074
1785099290861,39.415074
1785099291015,39.415074
1785099291179,38.904757
1785099291344,38.904757
1785099291505,38.904757
1785099291661,38.904757
1785099291819,38.904757
1785099291977,38.904757
1785099292136,38.929435
1785099292293,38.929435
1785099292450,38.929435
1785099292607,38.929435
1785099292752,38.929435
1785099292897,38.929435
1785099293060,38.929435
1785099293218,40.099243
1785099293377,40.099243
1785099293534,40.099243
1785099293694,40.099243
1785099293856,40.099243
1785099294014,40.099243
1785099294179,40.050420
1785099294335,40.050420
1785099294488,40.050420
1785099294647,40.050420
1785099294810,40.050420
1785099294963,40.050420
1785099295119,40.050420
1785099295281,39.999820
1785099295448,39.999820
1785099295616,39.999820
1785099295771,39.999820
1785099295929,39.999820
1785099296082,39.999820
1785099296245,40.490973
1785099296413,40.490973
1785099296565,40.490973
1785099296715,40.490973
1785099296866,40.490973
1785099297015,40.490973
1785099297173,40.490973
1785099297331,39.510914
1785099297490,39.510914
1785099297648,39.510914
1785099297810,39.510914
1785099297971,39.510914
1785099298123,39.510914
1785099298278,39.510914
1785099298433,39.201607
1785099298594,39.201607
1785099298755,39.201607
1785099298920,39.201607
1785099299071,39.201607
1785099299229,39.201607
1785099299383,39.201607
1785099299540,40.462721
1785099299707,40.462721
1785099299860,40.462721
1785099300026,40.462721
1785099300178,40.462721
1785099300330,40.462721
1785099300492,40.462721
1785099300650,40.378167
1785099300816,40.378167
1785099300966,40.378167
1785099301121,40.378167
1785099301287,40.378167
1785099301440,40.378167
1785099301593,40.378167
1785099301749,40.242160
1785099301908,40.242160
1785099302070,40.242160
1785099302223,40.242160
1785099302377,40.242160
1785099302532,40.242160
1785099302687,40.242160
1785099302845,39.388468
1785099303017,39.388468
1785099303172,39.388468
1785099303323,39.388468
1785099303479,39.388468
1785099303630,39.388468
1785099303795,39.388468
1785099303960,38.948598
1785099304123,38.948598
1785099304275,38.948598
1785099304431,38.948598
1785099304582,38.948598
1785099304726,38.948598
1785099304876,38.948598
1785099305030,38.811230
1785099305190,38.811230
1785099305345,38.811230
1785099305499,38.811230
1785099305654,38.811230
1785099305814,38.811230
1785099305965,38.811230
1785099306118,40.431292
1785099306288,40.431292
1785099306446,40.431292
1785099306602,40.431292
1785099306764,40.431292
1785099306918,40.431292
1785099307075,40.434420
1785099307233,40.434420
1785099307404,40.434420
1785099307567,40.434420
1785099307725,40.434420
1785099307882,40.434420
1785099308036,40.434420
1785099308192,40.209237
1785099308351,40.209237
1785099308519,40.209237
1785099308677,40.209237
1785099308832,40.209237
1785099308988,40.209237
1785099309145,40.209237
1785099309302,40.429995
1785099309458,40.429995
1785099309619,40.429995
1785099309782,40.429995
1785099309936,40.429995
1785099310090,40.429995
1785099310243,39.760053
1785099310398,39.760053
1785099310556,39.760053
1785099310726,39.760053
1785099310883,39.760053
1785099311037,39.760053
1785099311197,39.760053
1785099311355,38.991485
1785099311511,38.991485
1785099311681,38.991485
1785099311856,38.991485
1785099312010,38.991485
1785099312165,38.991485
1785099312323,38.743582
1785099312481,38.743582
1785099312636,38.743582
1785099312794,38.743582
1785099312960,38.743582
1785099313118,38.743582
1785099313273,38.743582
1785099313427,39.168261
1785099313581,39.168261
1785099313742,39.168261
1785099313910,39.168261
1785099314075,39.168261
1785099314230,39.168261
1785099314389,39.624234
1785099314547,39.624234
1785099314701,39.624234
1785099314855,39.624234
1785099315014,39.624234
1785099315180,39.624234
1785099315334,39.624234
1785099315490,40.543065
1785099315644,40.543065
1785099315800,40.543065
1785099315968,40.543065
1785099316127,40.543065
1785099316290,40.543065
1785099316444,40.172792
1785099316600,40.172792
1785099316761,40.172792
1785099316913,40.172792
1785099317067,40.172792
1785099317223,40.172792
1785099317384,40.172792
1785099317540,39.262102
1785099317697,39.262102
1785099317849,39.262102
1785099318011,39.262102
1785099318180,39.262102
1785099318337,39.262102
1785099318504,40.139326
1785099318658,40.139326
1785099318814,40.139326
1785099318966,40.139326
1785099319120,40.139326
1785099319274,40.139326
1785099319427,40.139326
1785099319592,40.950224
1785099319746,40.950224
1785099319905,40.950224
1785099320055,40.950224
1785099320221,40.950224
1785099320378,40.950224
1785099320534,40.950224
1785099320761,39.767920
1785099320914,39.767920
1785099321081,39.767920
1785099321229,39.767920
1785099321384,39.767920
1785099321538,39.767920
1785099321696,39.767920
1785099321918,40.045020
1785099322066,40.045020
1785099322227,40.045020
1785099322385,40.045020
1785099322537,40.045020
1785099322693,40.045020
1785099322849,40.045020
1785099323074,39.715393
1785099323239,39.715393
1785099323391,39.715393
1785099323545,39.715393
1785099323698,39.715393
1785099323852,39.715393
1785099324010,39.715393
1785099324318,39.033619
1785099324474,39.033619
1785099324630,39.033619
1785099324786,39.033619
1785099324945,39.033619
1785099325109,39.033619
1785099325268,39.218349
1785099325428,39.218349
1785099325583,39.218349
1785099325738,39.218349
1785099325893,39.218349
1785099326046,39.218349
1785099326209,39.218349
1785099326384,39.553894
1785099326548,39.553894
1785099326701,39.553894
1785099326856,39.553894
1785099327016,39.553894
1785099327171,39.553894
1785099327331,39.544801
1785099327488,39.544801
1785099327653,39.544801
1785099327807,39.544801
1785099327960,39.544801
1785099328119,39.544801
1785099328278,39.544801
1785099328433,39.879800
1785099328589,39.879800
1785099328752,39.879800
1785099328908,39.879800
1785099329066,39.879800
1785099329219,39.879800
1785099329379,39.879800
1785099329550,39.124836
1785099329703,39.124836
1785099329866,39.124836
1785099330023,39.124836
1785099330173,39.124836
1785099330328,39.124836
1785099330488,39.124836
1785099330640,40.091311
1785099330800,40.091311
1785099330979,40.091311
1785099331132,40.091311
1785099331285,40.091311
1785099331455,40.091311
1785099331623,39.761742
1785099331793,39.761742
1785099331971,39.761742
1785099332127,39.761742
1785099332297,39.761742
1785099332452,39.761742
1785099332612,38.882735
1785099332782,38.882735
1785099332972,38.882735
1785099333126,38.882735
1785099333284,38.882735
1785099333437,38.882735
1785099333602,39.447843
1785099333768,39.447843
1785099333934,39.447843
1785099334115,39.447843
1785099334276,39.447843
1785099334443,39.447843
1785099334608,39.793902
1785099334771,39.793902
1785099334932,39.793902
1785099335102,39.793902
1785099335259,39.793902
1785099335418,39.793902
1785099335574,39.793902
1785099335733,39.911702
1785099335892,39.911702
1785099336062,39.911702
1785099336243,39.911702
1785099336400,39.911702
1785099336556,39.911702
1785099336713,40.202055
1785099336867,40.202055
1785099337024,40.202055
1785099337181,40.202055
1785099337362,40.202055
1785099337518,40.202055
1785099337675,40.202055
1785099337833,39.906975
1785099337983,39.906975
1785099338148,39.906975
1785099338310,39.906975
1785099338483,39.906975
1785099338643,39.906975
1785099338802,40.204108
1785099338963,40.204108
1785099339118,40.204108
1785099339271,40.204108
1785099339436,40.204108
1785099339598,40.204108
1785099339761,40.204108
1785099339924,38.829534
1785099340079,38.829534
1785099340238,38.829534
1785099340386,38.829534
1785099340544,38.829534
1785099340708,38.829534
1785099340859,38.829534
1785099341017,39.547148
1785099341168,39.547148
1785099341324,39.547148
1785099341479,39.547148
1785099341634,39.547148
1785099341797,39.547148
1785099341957,39.547148
1785099342125,39.885232
1785099342296,39.885232
1785099342454,39.885232
1785099342612,39.885232
1785099342769,39.885232
1785099342935,39.885232
1785099343096,40.706496
1785099343250,40.706496
1785099343409,40.706496
1785099343567,40.706496
1785099343716,40.706496
1785099343864,40.706496
1785099344035,40.706496
1785099344193,40.504986
1785099344346,40.504986
1785099344504,40.504986
1785099344671,40.504986
1785099344825,40.504986
1785099344994,40.504986
1785099345158,38.858736
1785099345328,38.858736
1785099345507,38.858736
1785099345669,38.858736
1785099345833,38.858736
1785099345989,38.858736
1785099346145,38.858736
1785099346305,40.148044
1785099346469,40.148044
1785099346633,40.148044
1785099346783,40.148044
1785099346949,40.148044
1785099347113,40.148044
1785099347285,38.653956
1785099347450,38.653956
1785099347611,38.653956
1785099347774,38.653956
1785099347939,38.653956
1785099348105,38.653956
1785099348276,37.996493
1785099348431,37.996493
1785099348591,37.996493
1785099348754,37.996493
1785099348916,37.996493
1785099349075,37.996493
1785099349230,37.996493
1785099349455,39.164685
1785099349623,39.164685
1785099349787,39.164685
1785099349951,39.164685
1785099350103,39.164685
1785099350255,39.164685
1785099350421,39.227482
1785099350587,39.227482
1785099350750,39.227482
1785099350898,39.227482
1785099351050,39.227482
1785099351208,39.227482
1785099351370,39.227482
1785099351540,38.506354
1785099351701,38.506354
1785099351853,38.506354
1785099352020,38.506354
1785099352182,38.506354
1785099352350,38.506354
1785099352504,39.627021
1785099352658,39.627021
1785099352830,39.627021
1785099352995,39.627021
1785099353150,39.627021
1785099353300,39.627021
1785099353455,39.627021
1785099353620,40.597273
1785099353784,40.597273
1785099353953,40.597273
1785099354104,40.597273
1785099354264,40.597273
1785099354421,40.597273
1785099354584,40.532287
1785099354735,40.532287
1785099354894,40.532287
1785099355057,40.532287
1785099355219,40.532287
1785099355384,40.532287
1785099355534,40.532287
1785099355696,40.216737
1785099355852,40.216737
1785099356009,40.216737
1785099356173,40.216737
1785099356327,40.216737
1785099356481,40.216737
1785099356639,40.216737
1785099356805,39.587174
1785099356964,39.587174
1785099357123,39.587174
1785099357300,39.587174
1785099357458,39.587174
1785099357623,39.587174
1785099357780,40.805042
1785099357948,40.805042
1785099358118,40.805042
1785099358288,40.805042
1785099358447,40.805042
1785099358608,40.805042
1785099358772,40.450540
1785099358941,40.450540
1785099359105,40.450540
1785099359265,40.450540
1785099359442,40.450540
1785099359610,40.450540
1785099359773,40.294974
1785099359936,40.294974
1785099360106,40.294974
1785099360270,40.294974
1785099360448,40.294974
1785099360604,40.294974
1785099360765,40.294974
1785099360916,40.434784
1785099361084,40.434784
1785099361250,40.434784
1785099361407,40.434784
1785099361571,40.434784
1785099361738,40.434784
1785099361903,39.879500
1785099362066,39.879500
1785099362223,39.879500
1785099362390,39.879500
1785099362572,39.879500
1785099362738,39.879500
1785099362893,39.671963
1785099363050,39.671963
1785099363213,39.671963
1785099363379,39.671963
1785099363539,39.671963
1785099363706,39.671963
1785099363878,39.598716
1785099364043,39.598716
1785099364210,39.598716
1785099364375,39.598716
1785099364539,39.598716
1785099364708,39.598716
1785099364870,38.651753
1785099365022,38.651753
1785099365172,38.651753
1785099365327,38.651753
1785099365482,38.651753
1785099365639,38.651753
1785099365796,38.651753
1785099365949,39.516310
1785099366105,39.516310
1785099366257,39.516310
1785099366412,39.516310
1785099366569,39.516310
1785099366736,39.516310
1785099366911,38.998834
1785099367074,38.998834
1785099367223,38.998834
1785099367379,38.998834
1785099367537,38.998834
1785099367699,38.998834
1785099367851,38.998834
1785099368010,38.605971
1785099368174,38.605971
1785099368334,38.605971
1785099368499,38.605971
1785099368652,38.605971
1785099368803,38.605971
1785099368963,39.364226
1785099369129,39.364226
1785099369284,39.364226
1785099369449,39.364226
1785099369615,39.364226
1785099369772,39.364226
1785099369937,39.364226
1785099370090,40.200370
1785099370257,40.200370
1785099370418,40.200370
1785099370589,40.200370
1785099370746,40.200370
1785099370900,40.200370
1785099371058,38.615060
1785099371218,38.615060
1785099371391,38.615060
1785099371543,38.615060
1785099371703,38.615060
1785099371869,38.615060
1785099372036,38.615060
1785099372196,40.116300
1785099372372,40.116300
1785099372532,40.116300
1785099372693,40.116300
1785099372850,40.116300
1785099373006,40.116300
1785099373166,38.986885
1785099373333,38.986885
1785099373498,38.986885
1785099373654,38.986885
1785099373810,38.986885
1785099373967,38.986885
1785099374131,38.986885
1785099374285,39.606708
1785099374432,39.606708
1785099374589,39.606708
1785099374747,39.606708
1785099374903,39.606708
1785099375060,39.606708
1785099375218,39.606708
1785099375379,39.666295
1785099375538,39.666295
1785099375707,39.666295
1785099375867,39.666295
1785099376024,39.666295
1785099376180,39.666295
1785099376338,38.725533
1785099376498,38.725533
1785099376657,38.725533
1785099376822,38.725533
1785099376987,38.725533
1785099377142,38.725533
1785099377298,38.725533
1785099377449,38.886752
1785099377602,38.886752
1785099377758,38.886752
1785099377922,38.886752
1785099378074,38.886752
1785099378243,38.886752
1785099378406,39.108036
1785099378562,39.108036
1785099378731,39.108036
1785099378884,39.108036
1785099379058,39.108036
1785099379216,39.108036
1785099379375,39.108036
1785099379531,38.961816
1785099379693,38.961816
1785099379852,38.961816
1785099380019,38.961816
1785099380186,38.961816
1785099380335,38.961816
1785099380494,40.081339
1785099380656,40.081339
1785099380813,40.081339
1785099380966,40.081339
1785099381121,40.081339
1785099381300,40.081339
1785099381472,40.081339
1785099381630,40.635153
1785099381787,40.635153
1785099381951,40.635153
1785099382115,40.635153
1785099382289,40.635153
1785099382443,40.635153
1785099382618,40.235550
1785099382780,40.235550
1785099382946,40.235550
1785099383105,40.235550
1785099383259,40.235550
1785099383428,40.235550
1785099383594,39.665533
1785099383759,39.665533
1785099383907,39.665533
1785099384066,39.665533
1785099384218,39.665533
1785099384372,39.665533
1785099384538,39.665533
1785099384692,39.714189
1785099384848,39.714189
1785099385003,39.714189
1785099385158,39.714189
1785099385310,39.714189
1785099385460,39.714189
1785099385630,39.714189
1785099385785,40.754595
1785099385939,40.754595
1785099386091,40.754595
1785099386256,40.754595
1785099386409,40.754595
1785099386566,40.754595
1785099386720,40.754595
1785099386875,39.548925
1785099387031,39.548925
1785099387186,39.548925
1785099387343,39.548925
1785099387494,39.548925
1785099387645,39.548925
1785099387809,39.548925
1785099387962,40.503129
1785099388122,40.503129
1785099388280,40.503129
1785099388429,40.503129
1785099388582,40.503129
1785099388741,40.503129
1785099388904,40.503129
1785099389061,39.619167
1785099389227,39.619167
1785099389380,39.619167
1785099389537,39.619167
1785099389698,39.619167
1785099389855,39.619167
1785099390025,39.174006
1785099390180,39.174006
1785099390335,39.174006
1785099390486,39.174006
1785099390635,39.174006
1785099390787,39.174006
1785099390939,39.174006
1785099391097,39.390270
1785099391246,39.390270
1785099391394,39.390270
1785099391550,39.390270
1785099391706,39.390270
1785099391858,39.390270
1785099392006,39.390270
1785099392167,40.014726
1785099392323,40.014726
1785099392478,40.014726
1785099392632,40.014726
1785099392786,40.014726
1785099392942,40.014726
1785099393095,40.014726
1785099393407,40.658943
1785099393574,40.658943
1785099393733,40.658943
1785099393885,40.658943
1785099394041,40.658943
1785099394203,40.658943
1785099394368,38.801872
1785099394530,38.801872
1785099394688,38.801872
1785099394842,38.801872
1785099394999,38.801872
1785099395152,38.801872
1785099395304,38.801872
1785099395464,39.944918
1785099395628,39.944918
1785099395783,39.944918
1785099395945,39.944918
1785099396102,39.944918
1785099396256,39.944918
1785099396424,39.804350
1785099396582,39.804350
1785099396746,39.804350
1785099396901,39.804350
1785099397055,39.804350
1785099397209,39.804350
1785099397364,39.804350
1785099397517,39.474374
1785099397674,39.474374
1785099397835,39.474374
1785099397993,39.474374
1785099398156,39.474374
1785099398311,39.474374
1785099398468,39.474374
1785099398623,40.138446
1785099398786,40.138446
1785099398950,40.138446
1785099399104,40.138446
1785099399257,40.138446
1785099399410,40.138446
1785099399559,40.138446
1785099399719,38.930820
1785099399873,38.930820
1785099400034,38.930820
1785099400188,38.930820
1785099400346,38.930820
1785099400501,38.930820
1785099400660,38.930820
1785099400814,39.580660
1785099400964,39.580660
1785099401122,39.580660
1785099401276,39.580660
1785099401432,39.580660
1785099401586,39.580660
1785099401742,39.580660
1785099401908,40.482700
1785099402065,40.482700
1785099402231,40.482700
1785099402382,40.482700
1785099402537,40.482700
1785099402693,40.482700
1785099402845,40.482700
1785099403010,41.004504
1785099403155,41.004504
1785099403307,41.004504
1785099403460,41.004504
1785099403613,41.004504
1785099403772,41.004504
1785099403926,41.004504
1785099404084,39.599347
1785099404257,39.599347
1785099404421,39.599347
1785099404574,39.599347
1785099404729,39.599347
1785099404884,39.599347
1785099405043,40.127304
1785099405197,40.127304
1785099405355,40.127304
1785099405515,40.127304
1785099405670,40.127304
1785099405823,40.127304
1785099405985,40.127304
1785099406143,38.757742
1785099406298,38.757742
1785099406449,38.757742
1785099406605,38.757742
1785099406755,38.757742
1785099406908,38.757742
1785099407058,38.757742
1785099407220,39.472542
1785099407369,39.472542
1785099407522,39.472542
1785099407689,39.472542
1785099407843,39.472542
1785099407998,39.472542
1785099408155,39.472542
1785099408312,40.153720
1785099408460,40.153720
1785099408616,40.153720
1785099408776,40.153720
1785099408931,40.153720
1785099409080,40.153720
1785099409235,40.153720
1785099409388,39.812342
1785099409540,39.812342
1785099409691,39.812342
1785099409856,39.812342
1785099410014,39.812342
1785099410172,39.812342
1785099410324,39.812342
1785099410479,39.702637
1785099410635,39.702637
1785099410790,39.702637
1785099410952,39.702637
1785099411111,39.702637
1785099411265,39.702637
1785099411424,39.702637
1785099411580,38.671109
1785099411739,38.671109
1785099411902,38.671109
1785099412066,38.671109
1785099412221,38.671109
1785099412373,38.671109
1785099412527,38.671109
1785099412678,39.780203
1785099412831,39.780203
1785099412987,39.780203
1785099413150,39.780203
1785099413306,39.780203
1785099413468,39.780203
1785099413627,39.780203
1785099413780,40.170612
1785099413934,40.170612
1785099414086,40.170612
1785099414243,40.170612
1785099414391,40.170612
1785099414547,40.170612
1785099414700,40.170612
1785099414855,39.162384
1785099415005,39.162384
1785099415156,39.162384
1785099415311,39.162384
1785099415458,39.162384
1785099415611,39.162384
1785099415760,39.162384
1785099415914,40.386456
1785099416068,40.386456
1785099416218,40.386456
1785099416375,40.386456
1785099416528,40.386456
1785099416680,40.386456
1785099416831,40.386456
1785099416983,40.425125
1785099417134,40.425125
1785099417276,40.425125
1785099417442,40.425125
1785099417593,40.425125
1785099417745,40.425125
1785099417903,40.425125
1785099418057,40.707256
1785099418212,40.707256
1785099418368,40.707256
1785099418531,40.707256
1785099418689,40.707256
1785099418839,40.707256
1785099418988,40.707256
1785099419148,40.449180
1785099419298,40.449180
1785099419448,40.449180
1785099419604,40.449180
1785099419757,40.449180
1785099419909,40.449180
1785099420062,40.449180
1785099420215,40.258684
1785099420368,40.258684
1785099420523,40.258684
1785099420684,40.258684
1785099420847,40.258684
1785099420999,40.258684
1785099421154,40.258684
1785099421303,39.964840
1785099421456,39.964840
1785099421609,39.964840
1785099421769,39.964840
1785099421924,39.964840
1785099422073,39.964840
1785099422224,39.964840
1785099422391,39.004478
1785099422544,39.004478
1785099422697,39.004478
1785099422857,39.004478
1785099423012,39.004478
1785099423166,39.004478
1785099423331,39.004478
1785099423486,38.544012
1785099423641,38.544012
1785099423793,38.544012
1785099423951,38.544012
1785099424105,38.544012
1785099424259,38.544012
1785099424411,38.544012
1785099424564,40.604600
1785099424718,40.604600
1785099424872,40.604600
1785099425040,40.604600
1785099425196,40.604600
1785099425355,40.604600
1785099425520,39.307355
1785099425671,39.307355
1785099425825,39.307355
1785099425982,39.307355
1785099426150,39.307355
1785099426309,39.307355
1785099426463,39.307355
1785099426615,39.421627
1785099426763,39.421627
1785099426918,39.421627
1785099427075,39.421627
1785099427249,39.421627
1785099427408,39.421627
1785099427564,39.421627
1785099427719,39.989876
1785099427873,39.989876
1785099428025,39.989876
1785099428187,39.989876
1785099428345,39.989876
1785099428499,39.989876
1785099428653,39.989876
1785099428805,39.778721
1785099428959,39.778721
1785099429114,39.778721
1785099429266,39.778721
1785099429422,39.778721
1785099429586,39.778721
1785099429736,39.778721
1785099429890,38.718639
1785099430043,38.718639
1785099430203,38.718639
1785099430363,38.718639
1785099430529,38.718639
1785099430681,38.718639
1785099430833,38.718639
1785099430987,38.924686
1785099431139,38.924686
1785099431295,38.924686
1785099431465,38.924686
1785099431624,38.924686
1785099431784,38.924686
1785099431952,38.610594
1785099432109,38.610594
1785099432272,38.610594
1785099432427,38.610594
1785099432585,38.610594
1785099432753,38.610594
1785099432907,38.610594
1785099433069,39.179812
1785099433218,39.179812
1785099433363,39.179812
1785099433526,39.179812
1785099433692,39.179812
1785099433862,39.179812
1785099434014,39.179812
1785099434166,37.714624
1785099434315,37.714624
1785099434476,37.714624
1785099434637,37.714624
1785099434799,37.714624
1785099434959,37.714624
1785099435108,37.714624
1785099435267,39.469446
1785099435426,39.469446
1785099435593,39.469446
1785099435758,39.469446
1785099435909,39.469446
1785099436076,39.469446
1785099436236,39.054252
1785099436390,39.054252
1785099436542,39.054252
1785099436698,39.054252
1785099436847,39.054252
1785099437006,39.054252
1785099437174,39.054252
1785099437329,40.123383
1785099437484,40.123383
1785099437640,40.123383
1785099437792,40.123383
1785099437940,40.123383
1785099438102,40.123383
1785099438265,40.123383
1785099438421,39.371850
1785099438579,39.371850
1785099438739,39.371850
1785099438900,39.371850
1785099439063,39.371850
1785099439217,39.371850
1785099439377,40.194081
1785099439537,40.194081
1785099439687,40.194081
1785099439845,40.194081
1785099440012,40.194081
1785099440170,40.194081
1785099440323,40.194081
1785099440481,39.778774
1785099440640,39.778774
1785099440794,39.778774
1785099440953,39.778774
1785099441107,39.778774
1785099441262,39.778774
1785099441416,39.778774
1785099441701,39.701891
1785099441847,39.701891
1785099441996,39.701891
1785099442152,39.701891
1785099442305,39.701891
1785099442459,39.701891
1785099442611,39.701891
1785099442776,40.216624
1785099442936,40.216624
1785099443101,40.216624
1785099443255,40.216624
1785099443410,40.216624
1785099443566,40.216624
1785099443724,39.748684
1785099443886,39.748684
1785099444048,39.748684
1785099444204,39.748684
1785099444358,39.748684
1785099444509,39.748684
1785099444666,39.748684
1785099444824,39.624930
1785099444980,39.624930
1785099445134,39.624930
1785099445290,39.624930
1785099445446,39.624930
1785099445599,39.624930
1785099445755,39.624930
1785099445917,40.962961
1785099446078,40.962961
1785099446236,40.962961
1785099446388,40.962961
1785099446543,40.962961
1785099446698,40.962961
1785099446855,40.962961
1785099447012,40.655868
1785099447179,40.655868
1785099447334,40.655868
1785099447490,40.655868
1785099447644,40.655868
1785099447806,40.655868
1785099447963,40.655868
1785099448118,39.540344
1785099448278,39.540344
1785099448431,39.540344
1785099448586,39.540344
1785099448743,39.540344
1785099448891,39.540344
1785099449043,39.540344
1785099449203,39.871896
1785099449366,39.871896
1785099449519,39.871896
1785099449679,39.871896
1785099449840,39.871896
1785099450005,39.871896
1785099450161,40.239948
1785099450316,40.239948
1785099450480,40.239948
1785099450640,40.239948
1785099450801,40.239948
1785099450961,40.239948
1785099451119,40.239948
1785099451274,39.312515
1785099451429,39.312515
1785099451587,39.312515
1785099451743,39.312515
1785099451899,39.312515
1785099452053,39.312515
1785099452210,39.312515
1785099452365,39.022016
1785099452519,39.022016
1785099452679,39.022016
1785099452840,39.022016
1785099452994,39.022016
1785099453146,39.022016
1785099453302,39.022016
1785099453461,40.360450
1785099453621,40.360450
1785099453788,40.360450
1785099453941,40.360450
1785099454098,40.360450
1785099454251,40.360450
1785099454413,40.360450
1785099454580,39.805469
1785099454738,39.805469
1785099454904,39.805469
1785099455060,39.805469
1785099455220,39.805469
1785099455383,39.805469
1785099455551,39.906885
1785099455704,39.906885
1785099455862,39.906885
1785099456023,39.906885
1785099456184,39.906885
1785099456337,39.906885
1785099456497,39.906885
1785099456652,40.171003
1785099456805,40.171003
1785099456956,40.171003
1785099457119,40.171003
1785099457279,40.171003
1785099457436,40.171003
1785099457604,40.171003
1785099457755,39.712461
1785099457912,39.712461
1785099458065,39.712461
1785099458230,39.712461
1785099458383,39.712461
1785099458548,39.712461
1785099458699,39.712461
1785099458859,39.395249
1785099459012,39.395249
1785099459165,39.395249
1785099459337,39.395249
1785099459490,39.395249
1785099459645,39.395249
1785099459805,39.395249
1785099459959,38.960333
1785099460121,38.960333
1785099460272,38.960333
1785099460439,38.960333
1785099460587,38.960333
1785099460737,38.960333
1785099460891,38.960333
1785099461051,39.925521
1785099461208,39.925521
1785099461371,39.925521
1785099461538,39.925521
1785099461690,39.925521
1785099461845,39.925521
1785099461997,39.925521
1785099462149,39.903743
1785099462307,39.903743
1785099462461,39.903743
1785099462624,39.903743
1785099462772,39.903743
1785099462930,39.903743
1785099463078,39.903743
1785099463235,39.817520
1785099463387,39.817520
1785099463546,39.817520
1785099463715,39.817520
1785099463877,39.817520
1785099464043,39.817520
1785099464202,38.745670
1785099464360,38.745670
1785099464533,38.745670
1785099464696,38.745670
1785099464864,38.745670
1785099465029,38.745670
1785099465186,38.745670
1785099465342,39.467791
1785099465496,39.467791
1785099465653,39.467791
1785099465815,39.467791
1785099465980,39.467791
1785099466135,39.467791
1785099466291,39.467791
1785099466460,39.614988
1785099466619,39.614988
1785099466772,39.614988
1785099466932,39.614988
1785099467085,39.614988
1785099467240,39.614988
1785099467410,39.614988
1785099467575,39.214431
1785099467730,39.214431
1785099467893,39.214431
1785099468057,39.214431
1785099468214,39.214431
1785099468370,39.214431
1785099468533,40.196106
1785099468686,40.196106
1785099468853,40.196106
1785099469011,40.196106
1785099469173,40.196106
1785099469326,40.196106
1785099469486,40.196106
1785099469647,40.459442
1785099469804,40.459442
1785099469975,40.459442
1785099470127,40.459442
1785099470284,40.459442
1785099470445,40.459442
1785099470603,39.729007
1785099470758,39.729007
1785099470915,39.729007
1785099471065,39.729007
1785099471227,39.729007
1785099471385,39.729007
1785099471533,39.729007
1785099471686,39.731326
1785099471843,39.731326
1785099471996,39.731326
1785099472149,39.731326
1785099472302,39.731326
1785099472464,39.731326
1785099472618,39.731326
1785099472774,39.576342
1785099472931,39.576342
1785099473087,39.576342
1785099473243,39.576342
1785099473399,39.576342
1785099473562,39.576342
1785099473718,39.576342
1785099473876,40.478840
1785099474040,40.478840
1785099474203,40.478840
1785099474360,40.478840
1785099474511,40.478840
1785099474676,40.478840
1785099474829,39.484472
1785099474981,39.484472
1785099475150,39.484472
1785099475310,39.484472
1785099475470,39.484472
1785099475629,39.484472
1785099475800,39.484472
1785099475961,40.089426
1785099476118,40.089426
1785099476275,40.089426
1785099476426,40.089426
1785099476591,40.089426
1785099476751,40.089426
1785099476916,38.421435
1785099477075,38.421435
1785099477225,38.421435
1785099477375,38.421435
1785099477533,38.421435
1785099477687,38.421435
1785099477840,38.421435
1785099478007,40.712104
1785099478167,40.712104
1785099478320,40.712104
1785099478473,40.712104
1785099478629,40.712104
1785099478784,40.712104
1785099478932,40.712104
1785099479258,39.902612
1785099479406,39.902612
1785099479562,39.902612
1785099479716,39.902612
1785099479874,39.902612
1785099480033,39.902612
1785099480189,39.902612
1785099480417,40.302384
1785099480575,40.302384
1785099480727,40.302384
1785099480879,40.302384
1785099481032,40.302384
1785099481182,40.302384
1785099481334,40.302384
1785099481546,39.524564
1785099481706,39.524564
1785099481868,39.524564
1785099482017,39.524564
1785099482169,39.524564
1785099482322,39.524564
1785099482474,39.524564
1785099482699,38.975021
1785099482857,38.975021
1785099483010,38.975021
1785099483165,38.975021
1785099483323,38.975021
1785099483476,38.975021
1785099483641,39.872990
1785099483810,39.872990
1785099483962,39.872990
1785099484114,39.872990
1785099484270,39.872990
1785099484430,39.872990
1785099484599,39.872990
1785099484761,39.167157
1785099484925,39.167157
1785099485083,39.167157
1785099485242,39.167157
1785099485394,39.167157
1785099485556,39.167157
1785099485711,39.167157
1785099485865,39.503302
1785099486029,39.503302
1785099486190,39.503302
1785099486337,39.503302
1785099486493,39.503302
1785099486646,39.503302
1785099486800,39.503302
1785099486956,39.414715
1785099487116,39.414715
1785099487272,39.414715
1785099487429,39.414715
1785099487585,39.414715
1785099487740,39.414715
1785099487896,39.414715
1785099488057,39.147714
1785099488220,39.147714
1785099488377,39.147714
1785099488536,39.147714
1785099488689,39.147714
1785099488843,39.147714
1785099488996,39.147714
1785099489150,40.751068
1785099489315,40.751068
1785099489470,40.751068
1785099489630,40.751068
1785099489782,40.751068
1785099489939,40.751068
1785099490092,40.751068
1785099490245,39.531750
1785099490408,39.531750
1785099490564,39.531750
1785099490721,39.531750
1785099490878,39.531750
1785099491030,39.531750
1785099491183,39.531750
1785099491338,40.376865
1785099491501,40.376865
1785099491658,40.376865
1785099491822,40.376865
1785099491986,40.376865
1785099492138,40.376865
1785099492295,40.091210
1785099492445,40.091210
1785099492605,40.091210
1785099492762,40.091210
1785099492915,40.091210
1785099493077,40.091210
1785099493231,40.091210
1785099493382,40.621034
1785099493534,40.621034
1785099493696,40.621034
1785099493851,40.621034
1785099494004,40.621034
1785099494156,40.621034
1785099494311,40.621034
1785099494462,39.448481
1785099494617,39.448481
1785099494778,39.448481
1785099494932,39.448481
1785099495089,39.448481
1785099495244,39.448481
1785099495404,39.448481
1785099495558,39.854451
1785099495711,39.854451
1785099495873,39.854451
1785099496032,39.854451
1785099496186,39.854451
1785099496352,39.854451
1785099496524,39.664106
1785099496675,39.664106
1785099496827,39.664106
1785099496987,39.664106
1785099497142,39.664106
1785099497291,39.664106
1785099497443,39.664106
1785099497597,39.092412
1785099497750,39.092412
1785099497900,39.092412
1785099498061,39.092412
1785099498217,39.092412
1785099498368,39.092412
1785099498527,39.092412
1785099498680,38.687963
1785099498837,38.687963
1785099498995,38.687963
1785099499158,38.687963
1785099499317,38.687963
1785099499470,38.687963
1785099499620,38.687963
1785099499774,38.836545
1785099499925,38.836545
1785099500081,38.836545
1785099500246,38.836545
1785099500399,38.836545
1785099500554,38.836545
1785099500705,38.836545
1785099500859,39.969882
1785099501010,39.969882
1785099501166,39.969882
1785099501326,39.969882
1785099501481,39.969882
1785099501636,39.969882
1785099501784,39.969882
1785099501935,40.299768
1785099502090,40.299768
1785099502244,40.299768
1785099502408,40.299768
1785099502561,40.299768
1785099502718,40.299768
1785099502891,39.712377
1785099503046,39.712377
1785099503196,39.712377
1785099503350,39.712377
1785099503511,39.712377
1785099503664,39.712377
1785099503819,39.712377
1785099503975,39.948615
1785099504125,39.948615
1785099504278,39.948615
1785099504431,39.948615
1785099504595,39.948615
1785099504748,39.948615
1785099504903,39.948615
1785099505063,40.081374
1785099505221,40.081374
1785099505373,40.081374
1785099505523,40.081374
1785099505684,40.081374
1785099505841,40.081374
1785099506000,40.081374
1785099506152,39.428832
1785099506301,39.428832
1785099506452,39.428832
1785099506606,39.428832
1785099506766,39.428832
1785099506922,39.428832
1785099507087,39.428832
1785099507243,38.788561
1785099507394,38.788561
1785099507546,38.788561
1785099507698,38.788561
1785099507858,38.788561
1785099508011,38.788561
1785099508160,38.788561
1785099508310,40.061612
1785099508461,40.061612
1785099508611,40.061612
1785099508764,40.061612
1785099508926,40.061612
1785099509071,40.061612
1785099509222,40.061612
1785099509376,40.709871
1785099509530,40.709871
1785099509684,40.709871
1785099509837,40.709871
1785099510001,40.709871
1785099510166,40.709871
1785099510318,40.709871
1785099510470,39.138207
1785099510624,39.138207
1785099510780,39.138207
1785099510938,39.138207
1785099511109,39.138207
1785099511261,39.138207
1785099511416,39.138207
1785099511570,38.635324
1785099511727,38.635324
1785099511878,38.635324
1785099512029,38.635324
1785099512193,38.635324
1785099512347,38.635324
1785099512501,38.635324
1785099512655,40.661021
1785099512811,40.661021
1785099512974,40.661021
1785099513131,40.661021
1785099513294,40.661021
1785099513445,40.661021
1785099513598,40.661021
1785099513762,39.900342
1785099513915,39.900342
1785099514067,39.900342
1785099514221,39.900342
1785099514381,39.900342
1785099514541,39.900342
1785099514697,39.900342
1785099514854,40.392424
1785099515004,40.392424
1785099515156,40.392424
1785099515307,40.392424
1785099515472,40.392424
1785099515628,40.392424
1785099515785,40.392424
1785099515938,40.059715
1785099516090,40.059715
1785099516241,40.059715
1785099516399,40.059715
1785099516562,40.059715
1785099516711,40.059715
1785099516862,40.059715
1785099517018,40.192932
1785099517170,40.192932
1785099517327,40.192932
1785099517490,40.192932
1785099517660,40.192932
1785099517813,40.192932
1785099517965,40.192932
1785099518124,39.808017
1785099518274,39.808017
1785099518431,39.808017
1785099518588,39.808017
1785099518752,39.808017
1785099518905,39.808017
1785099519062,39.808017
1785099519224,38.978241
1785099519384,38.978241
1785099519537,38.978241
1785099519691,38.978241
1785099519856,38.978241
1785099520010,38.978241
1785099520167,38.978241
1785099520323,39.943773
1785099520479,39.943773
1785099520636,39.943773
1785099520791,39.943773
1785099520949,39.943773
1785099521101,39.943773
1785099521254,39.943773
1785099521408,39.775050
1785099521568,39.775050
1785099521726,39.775050
1785099521887,39.775050
1785099522060,39.775050
1785099522213,39.775050
1785099522372,40.136486
1785099522525,40.136486
1785099522679,40.136486
1785099522831,40.136486
1785099522989,40.136486
1785099523149,40.136486
1785099523308,40.136486
1785099523461,39.968928
1785099523614,39.968928
1785099523777,39.968928
1785099523930,39.968928
1785099524086,39.968928
1785099524248,39.968928
1785099524402,39.968928
1785099524564,39.597240
1785099524726,39.597240
1785099524880,39.597240
1785099525034,39.597240
1785099525192,39.597240
1785099525359,39.597240
1785099525522,40.476877
1785099525677,40.476877
1785099525830,40.476877
1785099525988,40.476877
1785099526143,40.476877
1785099526298,40.476877
1785099526467,40.476877
1785099526624,38.723230
1785099526779,38.723230
1785099526936,38.723230
1785099527096,38.723230
1785099527254,38.723230
1785099527405,38.723230
1785099527567,38.723230
1785099527728,39.894816
1785099527893,39.894816
1785099528047,39.894816
1785099528201,39.894816
1785099528353,39.894816
1785099528514,39.894816
1785099528685,39.185938
1785099528845,39.185938
1785099529000,39.185938
1785099529156,39.185938
1785099529311,39.185938
1785099529463,39.185938
1785099529609,39.185938
1785099529768,39.304720
1785099529919,39.304720
1785099530074,39.304720
1785099530230,39.304720
1785099530389,39.304720
1785099530544,39.304720
1785099530701,39.304720
1785099531004,39.639768
1785099531165,39.639768
1785099531331,39.639768
1785099531487,39.639768
1785099531644,39.639768
1785099531803,39.639768
1785099531962,39.829134
1785099532127,39.829134
1785099532280,39.829134
1785099532439,39.829134
1785099532605,39.829134
1785099532759,39.829134
1785099532912,39.829134
1785099533064,40.421283
1785099533227,40.421283
1785099533385,40.421283
1785099533540,40.421283
1785099533694,40.421283
1785099533853,40.421283
1785099534008,40.421283
1785099534178,40.793668
1785099534341,40.793668
1785099534494,40.793668
1785099534644,40.793668
1785099534794,40.793668
1785099534944,40.793668
1785099535096,40.793668
1785099535259,40.343757
1785099535416,40.343757
1785099535568,40.343757
1785099535718,40.343757
1785099535870,40.343757
1785099536026,40.343757
1785099536185,40.343757
1785099536350,39.245052
1785099536526,39.245052
1785099536685,39.245052
1785099536836,39.245052
1785099536993,39.245052
1785099537155,39.245052
1785099537311,39.670831
1785099537465,39.670831
1785099537624,39.670831
1785099537772,39.670831
1785099537930,39.670831
1785099538087,39.670831
1785099538238,39.670831
1785099538390,40.377291
1785099538558,40.377291
1785099538728,40.377291
1785099538888,40.377291
1785099539036,40.377291
1785099539200,40.377291
1785099539357,39.905280
1785099539510,39.905280
1785099539667,39.905280
1785099539832,39.905280
1785099539997,39.905280
1785099540154,39.905280
1785099540310,39.905280
1785099540466,39.318190
1785099540624,39.318190
1785099540782,39.318190
1785099540952,39.318190
1785099541099,39.318190
1785099541248,39.318190
1785099541404,39.318190
1785099541561,39.838719
1785099541729,39.838719
1785099541878,39.838719
1785099542032,39.838719
1785099542180,39.838719
1785099542336,39.838719
1785099542489,39.838719
1785099542635,39.360937
1785099542786,39.360937
1785099542942,39.360937
1785099543108,39.360937
1785099543261,39.360937
1785099543414,39.360937
1785099543566,39.360937
1785099543724,39.428776
1785099543880,39.428776
1785099544038,39.428776
1785099544202,39.428776
1785099544359,39.428776
1785099544510,39.428776
1785099544666,39.428776
1785099544819,39.612698
1785099544975,39.612698
1785099545141,39.612698
1785099545302,39.612698
1785099545465,39.612698
1785099545617,39.612698
1785099545775,39.460994
1785099545938,39.460994
1785099546092,39.460994
1785099546250,39.460994
1785099546417,39.460994
1785099546569,39.460994
1785099546725,39.460994
1785099546881,40.245716
1785099547032,40.245716
1785099547184,40.245716
1785099547340,40.245716
1785099547506,40.245716
1785099547661,40.245716
1785099547814,40.245716
1785099547970,39.200653
1785099548134,39.200653
1785099548284,39.200653
1785099548441,39.200653
1785099548599,39.200653
1785099548751,39.200653
1785099548910,39.200653
1785099549067,38.352384
1785099549220,38.352384
1785099549367,38.352384
1785099549524,38.352384
1785099549691,38.352384
1785099549846,38.352384
1785099550002,38.352384
1785099550156,40.040330
1785099550313,40.040330
1785099550464,40.040330
1785099550625,40.040330
1785099550780,40.040330
1785099550944,40.040330
1785099551110,40.040330
1785099551265,39.641968
1785099551425,39.641968
1785099551574,39.641968
1785099551725,39.641968
1785099551890,39.641968
1785099552045,39.641968
1785099552202,40.222252
1785099552358,40.222252
1785099552525,40.222252
1785099552678,40.222252
1785099552834,40.222252
1785099552999,40.222252
1785099553159,39.733665
1785099553319,39.733665
1785099553475,39.733665
1785099553630,39.733665
1785099553792,39.733665
1785099553949,39.733665
1785099554119,39.733665
1785099554273,40.338908
1785099554428,40.338908
1785099554584,40.338908
1785099554740,40.338908
1785099554893,40.338908
1785099555053,40.338908
1785099555218,40.338908
1785099555373,40.560474
1785099555525,40.560474
1785099555681,40.560474
1785099555834,40.560474
1785099555982,40.560474
1785099556136,40.560474
1785099556295,40.560474
1785099556450,40.692288
1785099556609,40.692288
1785099556769,40.692288
1785099556937,40.692288
1785099557096,40.692288
1785099557248,40.692288
1785099557410,39.584288
1785099557565,39.584288
1785099557718,39.584288
1785099557874,39.584288
1785099558029,39.584288
1785099558184,39.584288
1785099558336,39.584288
1785099558506,38.674560
1785099558660,38.674560
1785099558818,38.674560
1785099558975,38.674560
1785099559127,38.674560
1785099559277,38.674560
1785099559435,38.674560
1785099559657,39.998266
1785099559821,39.998266
1785099559976,39.998266
1785099560130,39.998266
1785099560283,39.998266
1785099560444,39.998266
1785099560596,39.127904
1785099560750,39.127904
1785099560907,39.127904
1785099561062,39.127904
1785099561218,39.127904
1785099561378,39.127904
1785099561535,39.127904
1785099561690,39.197676
1785099561859,39.197676
1785099562013,39.197676
1785099562169,39.197676
1785099562326,39.197676
1785099562482,39.197676
1785099562635,39.197676
1785099562792,38.788178
1785099562959,38.788178
1785099563112,38.788178
1785099563270,38.788178
1785099563428,38.788178
1785099563586,38.788178
1785099563744,38.788178
1785099563902,39.931872
1785099564064,39.931872
1785099564217,39.931872
1785099564377,39.931872
1785099564532,39.931872
1785099564689,39.931872
1785099564851,39.931872
1785099565008,40.428195
1785099565174,40.428195
1785099565337,40.428195
1785099565496,40.428195
1785099565659,40.428195
1785099565816,40.428195
1785099565971,40.652514
1785099566123,40.652514
1785099566288,40.652514
1785099566440,40.652514
1785099566595,40.652514
1785099566750,40.652514
1785099566906,40.652514
1785099567056,40.016552
1785099567217,40.016552
1785099567384,40.016552
1785099567535,40.016552
1785099567690,40.016552
1785099567844,40.016552
1785099567997,40.016552
1785099568150,38.684231
1785099568306,38.684231
1785099568475,38.684231
1785099568632,38.684231
1785099568785,38.684231
1785099568941,38.684231
1785099569096,38.684231
1785099569250,40.227620
1785099569425,40.227620
1785099569587,40.227620
1785099569741,40.227620
1785099569899,40.227620
1785099570062,40.227620
1785099570218,40.687188
1785099570379,40.687188
1785099570535,40.687188
1785099570694,40.687188
1785099570848,40.687188
1785099571002,40.687188
1785099571157,40.687188
1785099571314,39.592471
1785099571463,39.592471
1785099571620,39.592471
1785099571781,39.592471
1785099571928,39.592471
1785099572079,39.592471
1785099572234,39.592471
1785099572390,39.244531
1785099572547,39.244531
1785099572700,39.244531
1785099572868,39.244531
1785099573023,39.244531
1785099573175,39.244531
1785099573331,39.244531
1785099573484,39.342411
1785099573643,39.342411
1785099573799,39.342411
1785099573958,39.342411
1785099574120,39.342411
1785099574276,39.342411
1785099574430,39.342411
1785099574591,38.540233
1785099574746,38.540233
1785099574898,38.540233
1785099575061,38.540233
1785099575214,38.540233
1785099575365,38.540233
1785099575526,38.540233
1785099575680,39.003906
1785099575834,39.003906
1785099575997,39.003906
1785099576166,39.003906
1785099576323,39.003906
1785099576479,39.003906
1785099576636,39.906590
1785099576792,39.906590
1785099576945,39.906590
1785099577107,39.906590
1785099577272,39.906590
1785099577423,39.906590
1785099577581,39.906590
1785099577739,38.804697
1785099577894,38.804697
1785099578054,38.804697
1785099578214,38.804697
1785099578375,38.804697
1785099578531,38.804697
1785099578690,38.804697
1785099578849,40.809400
1785099579007,40.809400
1785099579170,40.809400
1785099579325,40.809400
1785099579488,40.809400
1785099579639,40.809400
1785099579790,40.809400
1785099579952,39.279885
1785099580105,39.279885
1785099580262,39.279885
1785099580421,39.279885
1785099580588,39.279885
1785099580735,39.279885
1785099580888,39.279885
1785099581041,40.683596
1785099581194,40.683596
1785099581355,40.683596
1785099581515,40.683596
1785099581676,40.683596
1785099581829,40.683596
1785099581984,40.683596
1785099582144,39.696123
1785099582295,39.696123
1785099582445,39.696123
1785099582594,39.696123
1785099582757,39.696123
1785099582912,39.696123
1785099583064,39.696123
1785099583220,39.277134
1785099583371,39.277134
1785099583530,39.277134
1785099583685,39.277134
1785099583847,39.277134
1785099584008,39.277134
1785099584154,39.277134
1785099584305,39.215110
1785099584462,39.215110
1785099584612,39.215110
1785099584766,39.215110
1785099584930,39.215110
1785099585083,39.215110
1785099585242,39.215110
1785099585404,38.813417
1785099585560,38.813417
1785099585713,38.813417
1785099585866,38.813417
1785099586026,38.813417
1785099586184,38.813417
1785099586339,38.813417
1785099586497,39.575293
1785099586654,39.575293
1785099586807,39.575293
1785099586963,39.575293
1785099587125,39.575293
1785099587283,39.575293
1785099587438,39.575293
1785099587595,39.078316
1785099587750,39.078316
1785099587899,39.078316
1785099588053,39.078316
1785099588214,39.078316
1785099588375,39.078316
1785099588528,39.078316
1785099588683,39.508591
1785099588846,39.508591
1785099588999,39.508591
1785099589155,39.508591
1785099589316,39.508591
1785099589471,39.508591
1785099589628,39.508591
1785099589788,39.306585
1785099589942,39.306585
1785099590093,39.306585
1785099590245,39.306585
1785099590405,39.306585
1785099590558,39.306585
1785099590715,39.306585
1785099590884,39.466329
1785099591048,39.466329
1785099591211,39.466329
1785099591367,39.466329
1785099591534,39.466329
1785099591689,39.466329
1785099591847,39.383154
1785099592006,39.383154
1785099592166,39.383154
1785099592340,39.383154
1785099592493,39.383154
1785099592651,39.383154
1785099592806,39.383154
1785099592965,39.137465
1785099593121,39.137465
1785099593282,39.137465
1785099593438,39.137465
1785099593592,39.137465
1785099593752,39.137465
1785099593907,39.137465
1785099594064,40.355423
1785099594229,40.355423
1785099594381,40.355423
1785099594529,40.355423
1785099594683,40.355423
1785099594843,40.355423
1785099594996,40.355423
1785099595152,40.498572
1785099595305,40.498572
1785099595456,40.498572
1785099595611,40.498572
1785099595768,40.498572
1785099595931,40.498572
1785099596086,40.498572
1785099596240,39.275600
1785099596392,39.275600
1785099596549,39.275600
1785099596716,39.275600
1785099596872,39.275600
1785099597038,39.275600
1785099597195,40.530474
1785099597347,40.530474
1785099597502,40.530474
1785099597660,40.530474
1785099597830,40.530474
1785099597989,40.530474
1785099598152,40.530474
1785099598310,40.458633
1785099598474,40.458633
1785099598630,40.458633
1785099598785,40.458633
1785099598953,40.458633
1785099599112,40.458633
1785099599276,40.225870
1785099599435,40.225870
1785099599596,40.225870
1785099599757,40.225870
1785099599911,40.225870
1785099600069,40.225870
1785099600225,40.225870
1785099600390,39.025611
1785099600544,39.025611
1785099600696,39.025611
1785099600853,39.025611
1785099601006,39.025611
1785099601162,39.025611
1785099601327,39.025611
1785099601505,39.457339
1785099601659,39.457339
1785099601823,39.457339
1785099601977,39.457339
1785099602129,39.457339
1785099602281,39.457339
1785099602434,39.457339
1785099602675,40.082161
1785099602833,40.082161
1785099602987,40.082161
1785099603146,40.082161
1785099603297,40.082161
1785099603451,40.082161
1785099603602,40.082161
1785099603843,39.758262
1785099603991,39.758262
1785099604143,39.758262
1785099604299,39.758262
1785099604444,39.758262
1785099604594,39.758262
1785099604748,39.758262
1785099605012,40.319176
1785099605160,40.319176
1785099605317,40.319176
1785099605473,40.319176
1785099605625,40.319176
1785099605777,40.319176
1785099605934,40.319176
1785099606274,38.935172
1785099606429,38.935172
1785099606585,38.935172
1785099606742,38.935172
1785099606894,38.935172
1785099607056,38.935172
1785099607211,38.935172
1785099607523,39.940786
1785099607673,39.940786
1785099607827,39.940786
1785099607997,39.940786
1785099608151,39.940786
1785099608313,39.940786
1785099608468,39.655260
1785099608630,39.655260
1785099608793,39.655260
1785099608945,39.655260
1785099609098,39.655260
1785099609247,39.655260
1785099609400,39.655260
1785099609557,39.746108
1785099609728,39.746108
1785099609885,39.746108
1785099610034,39.746108
1785099610195,39.746108
1785099610349,39.746108
1785099610505,39.746108
1785099610661,39.574164
1785099610812,39.574164
1785099610963,39.574164
1785099611118,39.574164
1785099611277,39.574164
1785099611433,39.574164
1785099611595,39.574164
1785099611751,38.729255
1785099611916,38.729255
1785099612071,38.729255
1785099612221,38.729255
1785099612375,38.729255
1785099612529,38.729255
1785099612684,38.729255
1785099612843,39.410798
1785099613001,39.410798
1785099613154,39.410798
1785099613299,39.410798
1785099613456,39.410798
1785099613613,39.410798
1785099613767,39.410798
1785099613934,40.049463
1785099614106,40.049463
1785099614259,40.049463
1785099614416,40.049463
1785099614566,40.049463
1785099614726,40.049463
1785099614873,40.049463
1785099615032,39.848464
1785099615195,39.848464
1785099615350,39.848464
1785099615507,39.848464
1785099615667,39.848464
1785099615824,39.848464
1785099615984,39.848464
1785099616137,39.772018
1785099616294,39.772018
1785099616448,39.772018
1785099616602,39.772018
1785099616756,39.772018
1785099616910,39.772018
1785099617066,39.772018
1785099617217,39.269612
1785099617381,39.269612
1785099617535,39.269612
1785099617695,39.269612
1785099617860,39.269612
1785099618010,39.269612
1785099618171,39.269612
1785099618329,40.457124
1785099618495,40.457124
1785099618658,40.457124
1785099618813,40.457124
1785099618968,40.457124
1785099619122,40.457124
1785099619276,40.457124
1785099619438,39.949968
1785099619605,39.949968
1785099619761,39.949968
1785099619921,39.949968
1785099620082,39.949968
1785099620238,39.949968
1785099620408,39.681494
1785099620563,39.681494
1785099620729,39.681494
1785099620882,39.681494
1785099621044,39.681494
1785099621209,39.681494
1785099621365,39.681494
1785099621524,39.945453
1785099621676,39.945453
1785099621843,39.945453
1785099622007,39.945453
1785099622163,39.945453
1785099622323,39.945453
1785099622481,38.937473
1785099622639,38.937473
1785099622796,38.937473
1785099622958,38.937473
1785099623112,38.937473
1785099623264,38.937473
1785099623413,38.937473
1785099623565,39.650820
1785099623721,39.650820
1785099623876,39.650820
1785099624038,39.650820
1785099624195,39.650820
1785099624360,39.650820
1785099624515,39.650820
1785099624680,40.084086
1785099624835,40.084086
1785099624987,40.084086
1785099625146,40.084086
1785099625302,40.084086
1785099625460,40.084086
1785099625617,40.084086
1785099625766,39.090572
1785099625925,39.090572
1785099626079,39.090572
1785099626241,39.090572
1785099626391,39.090572
1785099626540,39.090572
1785099626697,39.090572
1785099626849,38.768339
1785099627000,38.768339
1785099627159,38.768339
1785099627323,38.768339
1785099627476,38.768339
1785099627633,38.768339
1785099627790,38.768339
1785099627958,40.550088
1785099628116,40.550088
1785099628271,40.550088
1785099628434,40.550088
1785099628587,40.550088
1785099628747,40.550088
1785099628905,40.550088
1785099629065,39.710795
1785099629220,39.710795
1785099629378,39.710795
1785099629548,39.710795
1785099629708,39.710795
1785099629869,39.710795
1785099630022,40.595224
1785099630179,40.595224
1785099630333,40.595224
1785099630482,40.595224
1785099630635,40.595224
1785099630792,40.595224
1785099630946,40.595224
1785099631112,39.863343
1785099631268,39.863343
1785099631432,39.863343
1785099631589,39.863343
1785099631751,39.863343
1785099631911,39.863343
1785099632082,39.964133
1785099632253,39.964133
1785099632405,39.964133
1785099632560,39.964133
1785099632716,39.964133
1785099632887,39.964133
1785099633044,39.964133
1785099633204,40.156850
1785099633359,40.156850
1785099633517,40.156850
1785099633676,40.156850
1785099633830,40.156850
1785099633999,40.156850
1785099634153,40.156850
1785099634311,38.173400
1785099634466,38.173400
1785099634622,38.173400
1785099634781,38.173400
1785099634937,38.173400
1785099635098,38.173400
1785099635259,38.173400
1785099635414,38.806928
1785099635584,38.806928
1785099635736,38.806928
1785099635891,38.806928
1785099636045,38.806928
1785099636209,38.806928
1785099636385,38.536558
1785099636540,38.536558
1785099636694,38.536558
1785099636850,38.536558
1785099637020,38.536558
1785099637181,38.536558
1785099637344,38.536558
1785099637503,39.932235
1785099637656,39.932235
1785099637822,39.932235
1785099637982,39.932235
1785099638136,39.932235
1785099638292,39.932235
1785099638461,38.968138
1785099638632,38.968138
1785099638795,38.968138
1785099638950,38.968138
1785099639107,38.968138
1785099639268,38.968138
1785099639441,38.968138
1785099639599,39.189541
1785099639755,39.189541
1785099639918,39.189541
1785099640078,39.189541
1785099640235,39.189541
1785099640391,39.189541
1785099640556,40.241715
1785099640711,40.241715
1785099640874,40.241715
1785099641031,40.241715
1785099641191,40.241715
1785099641346,40.241715
1785099641498,40.241715
1785099641673,40.281280
1785099641829,40.281280
1785099641990,40.281280
1785099642146,40.281280
1785099642302,40.281280
1785099642455,40.281280
1785099642613,40.417840
1785099642785,40.417840
1785099642943,40.417840
1785099643099,40.417840
1785099643263,40.417840
1785099643439,40.417840
1785099643595,40.417840
1785099643753,39.728855
1785099643918,39.728855
1785099644070,39.728855
1785099644222,39.728855
1785099644377,39.728855
1785099644531,39.728855
1785099644691,39.728855
1785099644859,40.117366
1785099645029,40.117366
1785099645184,40.117366
1785099645339,40.117366
1785099645494,40.117366
1785099645656,40.117366
1785099645832,40.518348
1785099645988,40.518348
1785099646154,40.518348
1785099646311,40.518348
1785099646467,40.518348
1785099646624,40.518348
1785099646778,40.518348
1785099646930,39.161190
1785099647085,39.161190
1785099647248,39.161190
1785099647407,39.161190
1785099647571,39.161190
1785099647724,39.161190
1785099647879,39.161190
1785099648032,39.214534
1785099648187,39.214534
1785099648352,39.214534
1785099648506,39.214534
1785099648666,39.214534
1785099648820,39.214534
1785099648975,39.214534
1785099649130,40.472652
1785099649285,40.472652
1785099649455,40.472652
1785099649619,40.472652
1785099649783,40.472652
1785099649939,40.472652
1785099650096,40.111226
1785099650250,40.111226
1785099650402,40.111226
1785099650568,40.111226
1785099650736,40.111226
1785099650907,40.111226
1785099651060,40.111226
1785099651214,39.092026
1785099651365,39.092026
1785099651520,39.092026
1785099651692,39.092026
1785099651845,39.092026
1785099652001,39.092026
1785099652158,39.092026
1785099652312,39.814133
1785099652468,39.814133
1785099652622,39.814133
1785099652790,39.814133
1785099652944,39.814133
1785099653095,39.814133
1785099653257,39.814133
1785099653412,39.500708
1785099653568,39.500708
1785099653723,39.500708
1785099653887,39.500708
1785099654041,39.500708
1785099654193,39.500708
1785099654354,39.500708
1785099654514,39.020760
1785099654671,39.020760
1785099654823,39.020760
1785099654982,39.020760
1785099655144,39.020760
1785099655297,39.020760
1785099655448,39.020760
1785099655610,39.463197
1785099655763,39.463197
1785099655918,39.463197
1785099656079,39.463197
1785099656233,39.463197
1785099656390,39.463197
1785099656546,39.463197
1785099656704,38.864435
1785099656861,38.864435
1785099657014,38.864435
1785099657173,38.864435
1785099657330,38.864435
1785099657491,38.864435
1785099657646,38.864435
1785099657798,40.160929
1785099657955,40.160929
1785099658109,40.160929
1785099658268,40.160929
1785099658421,40.160929
1785099658582,40.160929
1785099658731,40.160929
1785099658890,39.562000
1785099659050,39.562000
1785099659202,39.562000
1785099659363,39.562000
1785099659515,39.562000
1785099659667,39.562000
1785099659823,39.562000
1785099659972,40.799976
1785099660122,40.799976
1785099660276,40.799976
1785099660438,40.799976
1785099660589,40.799976
1785099660743,40.799976
1785099660900,40.799976
1785099661058,40.875525
1785099661215,40.875525
1785099661378,40.875525
1785099661541,40.875525
1785099661694,40.875525
1785099661844,40.875525
1785099661998,40.875525
1785099662156,40.445830
1785099662313,40.445830
1785099662469,40.445830
1785099662630,40.445830
1785099662782,40.445830
1785099662936,40.445830
1785099663089,40.445830
1785099663250,39.334583
1785099663407,39.334583
1785099663570,39.334583
1785099663736,39.334583
1785099663889,39.334583
1785099664043,39.334583
1785099664194,39.334583
1785099664352,39.848402
1785099664508,39.848402
1785099664669,39.848402
1785099664833,39.848402
1785099664988,39.848402
1785099665143,39.848402
1785099665297,39.848402
1785099665455,38.958732
1785099665610,38.958732
1785099665763,38.958732
1785099665933,38.958732
1785099666087,38.958732
1785099666240,38.958732
1785099666389,38.958732
1785099666544,38.020687
1785099666697,38.020687
1785099666858,38.020687
1785099667032,38.020687
1785099667195,38.020687
1785099667351,38.020687
1785099667507,39.130659
1785099667661,39.130659
1785099667816,39.130659
1785099667972,39.130659
1785099668132,39.130659
1785099668298,39.130659
1785099668452,39.130659
1785099668607,39.124029
1785099668764,39.124029
1785099668918,39.124029
1785099669075,39.124029
1785099669237,39.124029
1785099669398,39.124029
1785099669554,39.124029
1785099669709,40.266201
1785099669866,40.266201
1785099670019,40.266201
1785099670188,40.266201
1785099670353,40.266201
1785099670518,40.266201
1785099670684,39.210499
1785099670844,39.210499
1785099671000,39.210499
1785099671158,39.210499
1785099671318,39.210499
1785099671490,39.210499
1785099671649,39.210499
1785099671809,39.297343
1785099671967,39.297343
1785099672124,39.297343
1785099672280,39.297343
1785099672448,39.297343
1785099672615,39.297343
1785099672795,40.296874
1785099672947,40.296874
1785099673106,40.296874
1785099673259,40.296874
1785099673420,40.296874
1785099673594,40.296874
1785099673756,40.296874
1785099673919,39.717495
1785099674072,39.717495
1785099674227,39.717495
1785099674386,39.717495
1785099674541,39.717495
1785099674705,39.717495
1785099674869,39.717495
1785099675024,39.275450
1785099675183,39.275450
1785099675338,39.275450
1785099675499,39.275450
1785099675665,39.275450
1785099675829,39.275450
1785099675984,39.652974
1785099676140,39.652974
1785099676294,39.652974
1785099676451,39.652974
1785099676607,39.652974
1785099676755,39.652974
1785099676920,39.652974
1785099677075,39.625735
1785099677231,39.625735
1785099677386,39.625735
1785099677542,39.625735
1785099677710,39.625735
1785099677875,39.625735
1785099678039,40.087772
1785099678191,40.087772
1785099678343,40.087772
1785099678506,40.087772
1785099678673,40.087772
1785099678835,40.087772
1785099678992,40.087772
1785099679156,39.838392
1785099679315,39.838392
1785099679477,39.838392
1785099679631,39.838392
1785099679800,39.838392
1785099679956,39.838392
1785099680113,39.480066
1785099680279,39.480066
1785099680435,39.480066
1785099680595,39.480066
1785099680756,39.480066
1785099680915,39.480066
1785099681072,39.480066
1785099681229,39.946168
1785099681394,39.946168
1785099681554,39.946168
1785099681718,39.946168
1785099681881,39.946168
1785099682035,39.946168
1785099682192,39.833952
1785099682346,39.833952
1785099682515,39.833952
1785099682671,39.833952
1785099682838,39.833952
1785099682993,39.833952
1785099683148,39.833952
1785099683304,38.607871
1785099683466,38.607871
1785099683638,38.607871
1785099683809,38.607871
1785099683966,38.607871
1785099684122,38.607871
1785099684280,40.502396
1785099684437,40.502396
1785099684603,40.502396
1785099684779,40.502396
1785099684934,40.502396
1785099685089,40.502396
1785099685252,40.502396
1785099685407,39.516750
1785099685573,39.516750
1785099685742,39.516750
1785099685905,39.516750
1785099686062,39.516750
1785099686221,39.516750
1785099686377,39.545894
1785099686531,39.545894
1785099686685,39.545894
1785099686848,39.545894
1785099687010,39.545894
1785099687163,39.545894
1785099687317,39.545894
1785099687475,39.599613
1785099687638,39.599613
1785099687794,39.599613
1785099687949,39.599613
1785099688113,39.599613
1785099688267,39.599613
1785099688425,39.599613
1785099688583,40.175060
1785099688737,40.175060
1785099688894,40.175060
1785099689052,40.175060
1785099689220,40.175060
1785099689387,40.175060
1785099689542,39.915536
1785099689699,39.915536
1785099689856,39.915536
1785099690015,39.915536
1785099690181,39.915536
1785099690354,39.915536
1785099690507,39.915536
1785099690667,39.431382
1785099690821,39.431382
1785099690980,39.431382
1785099691143,39.431382
1785099691306,39.431382
1785099691470,39.431382
1785099691627,38.919628
1785099691795,38.919628
1785099691955,38.919628
1785099692112,38.919628
1785099692270,38.919628
1785099692422,38.919628
1785099692596,38.919628
1785099692748,39.319717
1785099692897,39.319717
1785099693052,39.319717
1785099693206,39.319717
1785099693361,39.319717
1785099693510,39.319717
1785099693674,39.319717
1785099693834,39.723618
1785099693994,39.723618
1785099694147,39.723618
1785099694300,39.723618
1785099694449,39.723618
1785099694615,39.723618
1785099694783,39.723618
1785099694939,39.199555
1785099695096,39.199555
1785099695253,39.199555
1785099695411,39.199555
1785099695581,39.199555
1785099695738,39.199555
1785099695903,39.019166
1785099696061,39.019166
1785099696212,39.019166
1785099696382,39.019166
1785099696545,39.019166
1785099696701,39.019166
1785099696857,39.019166
1785099697023,38.991595
1785099697175,38.991595
1785099697323,38.991595
1785099697477,38.991595
1785099697628,38.991595
1785099697782,38.991595
1785099697940,38.991595
1785099698107,38.899712
1785099698267,38.899712
1785099698422,38.899712
1785099698576,38.899712
1785099698733,38.899712
1785099698891,38.899712
1785099699048,38.899712
1785099699382,40.541505
1785099699539,40.541505
1785099699696,40.541505
1785099699850,40.541505
1785099700004,40.541505
1785099700164,40.541505
1785099700319,40.541505
1785099700626,40.356991
1785099700770,40.356991
1785099700923,40.356991
1785099701087,40.356991
1785099701243,40.356991
1785099701397,40.356991
1785099701555,40.356991
1785099701774,40.040360
1785099701938,40.040360
1785099702102,40.040360
1785099702258,40.040360
1785099702418,40.040360
1785099702573,40.040360
1785099702724,40.171948
1785099702884,40.171948
1785099703039,40.171948
1785099703194,40.171948
1785099703350,40.171948
1785099703514,40.171948
1785099703678,40.171948
1785099703845,39.849114
1785099704012,39.849114
1785099704164,39.849114
1785099704318,39.849114
1785099704480,39.849114
1785099704633,39.849114
1785099704789,39.849114
1785099704947,39.901289
1785099705106,39.901289
1785099705263,39.901289
1785099705418,39.901289
1785099705580,39.901289
1785099705747,39.901289
1785099705903,39.348773
1785099706053,39.348773
1785099706221,39.348773
1785099706381,39.348773
1785099706543,39.348773
1785099706696,39.348773
1785099706849,39.348773
1785099707011,40.585170
1785099707166,40.585170
1785099707326,40.585170
1785099707482,40.585170
1785099707637,40.585170
1785099707788,40.585170
1785099707948,40.585170
1785099708104,39.507258
1785099708257,39.507258
1785099708421,39.507258
1785099708575,39.507258
1785099708728,39.507258
1785099708893,39.507258
1785099709054,39.507258
1785099709214,40.134372
1785099709367,40.134372
1785099709529,40.134372
1785099709681,40.134372
1785099709835,40.134372
1785099709997,40.134372
1785099710153,40.134372
1785099710314,39.931957
1785099710471,39.931957
1785099710633,39.931957
1785099710785,39.931957
1785099710935,39.931957
1785099711097,39.931957
1785099711255,39.931957
1785099711417,39.719076
1785099711571,39.719076
1785099711731,39.719076
1785099711887,39.719076
1785099712048,39.719076
1785099712211,39.719076
1785099712372,39.265969
1785099712525,39.265969
1785099712679,39.265969
1785099712839,39.265969
1785099712994,39.265969
1785099713153,39.265969
1785099713318,39.265969
1785099713470,39.765487
1785099713626,39.765487
1785099713778,39.765487
1785099713946,39.765487
1785099714108,39.765487
1785099714266,39.765487
1785099714421,39.765487
1785099714576,40.154827
1785099714728,40.154827
1785099714882,40.154827
1785099715054,40.154827
1785099715221,40.154827
1785099715380,40.154827
1785099715536,39.721971
1785099715687,39.721971
1785099715842,39.721971
1785099715999,39.721971
1785099716161,39.721971
1785099716318,39.721971
1785099716473,39.721971
1785099716627,39.700635
1785099716780,39.700635
1785099716936,39.700635
1785099717102,39.700635
1785099717276,39.700635
1785099717446,39.700635
1785099717598,39.896266
1785099717755,39.896266
1785099717909,39.896266
1785099718060,39.896266
1785099718214,39.896266
1785099718378,39.896266
1785099718544,39.896266
1785099718706,39.867450
1785099718858,39.867450
1785099719011,39.867450
1785099719166,39.867450
1785099719322,39.867450
1785099719491,39.867450
1785099719655,39.867450
1785099719821,40.174619
1785099719974,40.174619
1785099720128,40.174619
1785099720279,40.174619
1785099720428,40.174619
1785099720593,40.174619
1785099720750,40.174619
1785099720909,40.571477
1785099721067,40.571477
1785099721220,40.571477
1785099721373,40.571477
1785099721524,40.571477
1785099721685,40.571477
1785099721842,40.571477
1785099722006,40.058620
1785099722167,40.058620
1785099722323,40.058620
1785099722476,40.058620
1785099722631,40.058620
1785099722792,40.058620
1785099722946,40.058620
1785099723099,40.668876
1785099723249,40.668876
1785099723414,40.668876
1785099723568,40.668876
1785099723722,40.668876
1785099723884,40.668876
1785099724037,40.668876
1785099724197,40.359100
1785099724346,40.359100
1785099724503,40.359100
1785099724663,40.359100
1785099724818,40.359100
1785099724976,40.359100
1785099725126,40.359100
1785099725284,38.673306
1785099725440,38.673306
1785099725590,38.673306
1785099725735,38.673306
1785099725889,38.673306
1785099726048,38.673306
1785099726204,38.673306
1785099726357,40.406086
1785099726512,40.406086
1785099726662,40.406086
1785099726825,40.406086
1785099726981,40.406086
1785099727144,40.406086
1785099727297,40.406086
1785099727449,40.122070
1785099727603,40.122070
1785099727764,40.122070
1785099727934,40.122070
1785099728089,40.122070
1785099728258,40.122070
1785099728412,39.579618
1785099728565,39.579618
1785099728720,39.579618
1785099728874,39.579618
1785099729026,39.579618
1785099729175,39.579618
1785099729342,39.579618
1785099729495,39.996993
1785099729651,39.996993
1785099729805,39.996993
1785099729958,39.996993
1785099730122,39.996993
1785099730274,39.996993
1785099730433,39.996993
1785099730587,39.491694
1785099730739,39.491694
1785099730894,39.491694
1785099731045,39.491694
1785099731199,39.491694
1785099731351,39.491694
1785099731519,39.491694
1785099731674,40.269941
1785099731828,40.269941
1785099731977,40.269941
1785099732130,40.269941
1785099732297,40.269941
1785099732451,40.269941
1785099732606,40.269941
1785099732756,40.591584
1785099732905,40.591584
1785099733057,40.591584
1785099733214,40.591584
1785099733369,40.591584
1785099733522,40.591584
1785099733683,40.591584
1785099733836,39.037780
1785099733990,39.037780
1785099734142,39.037780
1785099734299,39.037780
1785099734457,39.037780
1785099734624,39.037780
1785099734781,39.037780
1785099734935,39.197068
1785099735084,39.197068
1785099735249,39.197068
1785099735407,39.197068
1785099735572,39.197068
1785099735734,39.197068
1785099735898,39.456138
1785099736049,39.456138
1785099736207,39.456138
1785099736360,39.456138
1785099736513,39.456138
1785099736669,39.456138
1785099736822,39.456138
1785099736985,39.604419
1785099737145,39.604419
1785099737375,39.604419
1785099737532,39.604419
1785099737682,39.604419
1785099737835,39.604419
1785099738000,38.362332
1785099738155,38.362332
1785099738308,38.362332
1785099738465,38.362332
1785099738629,38.362332
1785099738793,38.362332
1785099738951,38.538952
1785099739114,38.538952
1785099739271,38.538952
1785099739423,38.538952
1785099739575,38.538952
1785099739728,38.538952
1785099739881,38.538952
1785099740034,39.694653
1785099740201,39.694653
1785099740353,39.694653
1785099740508,39.694653
1785099740663,39.694653
1785099740818,39.694653
1785099740978,39.694653
1785099741131,39.877280
1785099741295,39.877280
1785099741451,39.877280
1785099741603,39.877280
1785099741759,39.877280
1785099741906,39.877280
1785099742063,39.877280
1785099742220,40.223055
1785099742384,40.223055
1785099742538,40.223055
1785099742684,40.223055
1785099742837,40.223055
1785099742990,40.223055
1785099743150,40.223055
1785099743307,39.882520
1785099743472,39.882520
1785099743627,39.882520
1785099743781,39.882520
1785099743944,39.882520
1785099744097,39.882520
1785099744244,39.882520
1785099744398,39.779841
1785099744562,39.779841
1785099744723,39.779841
1785099744878,39.779841
1785099745033,39.779841
1785099745190,39.779841
1785099745342,39.779841
1785099745499,39.467760
1785099745661,39.467760
1785099745811,39.467760
1785099745973,39.467760
1785099746125,39.467760
1785099746283,39.467760
1785099746440,39.467760
1785099746595,39.045415
1785099746764,39.045415
1785099746916,39.045415
1785099747071,39.045415
1785099747221,39.045415
1785099747370,39.045415
1785099747529,39.045415
1785099747684,39.937837
1785099747848,39.937837
1785099748000,39.937837
1785099748149,39.937837
1785099748301,39.937837
1785099748457,39.937837
1785099748613,39.937837
1785099748766,38.920256
1785099748929,38.920256
1785099749085,38.920256
1785099749240,38.920256
1785099749394,38.920256
1785099749543,38.920256
1785099749693,38.920256
1785099749858,39.320596
1785099750028,39.320596
1785099750182,39.320596
1785099750330,39.320596
1785099750484,39.320596
1785099750649,39.320596
1785099750802,39.320596
1785099750955,40.331580
1785099751120,40.331580
1785099751272,40.331580
1785099751429,40.331580
1785099751586,40.331580
1785099751741,40.331580
1785099751896,40.331580
1785099752056,39.489843
1785099752218,39.489843
1785099752372,39.489843
1785099752530,39.489843
1785099752686,39.489843
1785099752856,39.489843
1785099753012,39.331951
1785099753168,39.331951
1785099753330,39.331951
1785099753484,39.331951
1785099753642,39.331951
1785099753798,39.331951
1785099753950,39.331951
1785099754108,38.435880
1785099754261,38.435880
1785099754429,38.435880
1785099754586,38.435880
1785099754740,38.435880
1785099754894,38.435880
1785099755051,38.435880
1785099755204,40.324722
1785099755360,40.324722
1785099755522,40.324722
1785099755678,40.324722
1785099755823,40.324722
1785099755969,40.324722
1785099756133,40.324722
1785099756284,39.222157
1785099756440,39.222157
1785099756604,39.222157
1785099756755,39.222157
1785099756916,39.222157
1785099757069,39.222157
1785099757224,39.222157
1785099757377,39.475050
1785099757528,39.475050
1785099757694,39.475050
1785099757850,39.475050
1785099758005,39.475050
1785099758160,39.475050
1785099758314,39.475050
1785099758476,40.275078
1785099758633,40.275078
1785099758792,40.275078
1785099758949,40.275078
1785099759098,40.275078
1785099759243,40.275078
1785099759400,40.275078
1785099759554,39.890074
1785099759712,39.890074
1785099759878,39.890074
1785099760032,39.890074
1785099760196,39.890074
1785099760350,39.890074
1785099760510,40.923659
1785099760656,40.923659
1785099760802,40.923659
1785099760962,40.923659
1785099761114,40.923659
1785099761272,40.923659
1785099761427,40.923659
1785099761584,40.016706
1785099761746,40.016706
1785099761903,40.016706
1785099762065,40.016706
1785099762212,40.016706
1785099762366,40.016706
1785099762512,40.016706
1785099762671,39.880468
1785099762829,39.880468
1785099762979,39.880468
1785099763133,39.880468
1785099763277,39.880468
1785099763430,39.880468
1785099763586,39.880468
1785099763741,39.149751
1785099763891,39.149751
1785099764047,39.149751
1785099764208,39.149751
1785099764364,39.149751
1785099764519,39.149751
1785099764673,39.149751
1785099764826,39.572818
1785099764981,39.572818
1785099765138,39.572818
1785099765302,39.572818
1785099765454,39.572818
1785099765610,39.572818
1785099765761,39.572818
1785099765915,38.302052
1785099766063,38.302052
1785099766211,38.302052
1785099766371,38.302052
1785099766527,38.302052
1785099766679,38.302052
1785099766829,38.302052
1785099766987,39.526009
1785099767132,39.526009
1785099767286,39.526009
1785099767449,39.526009
1785099767606,39.526009
1785099767758,39.526009
1785099767910,39.526009
1785099768063,39.901798
1785099768216,39.901798
1785099768373,39.901798
1785099768536,39.901798
1785099768681,39.901798
1785099768839,39.901798
1785099768991,39.901798
1785099769151,38.993824
1785099769308,38.993824
1785099769460,38.993824
1785099769627,38.993824
1785099769779,38.993824
1785099769935,38.993824
1785099770084,38.993824
1785099770237,39.964879
1785099770394,39.964879
1785099770549,39.964879
1785099770715,39.964879
1785099770870,39.964879
1785099771029,39.964879
1785099771195,38.568537
1785099771348,38.568537
1785099771500,38.568537
1785099771652,38.568537
1785099771812,38.568537
1785099771958,38.568537
1785099772110,38.568537
1785099772266,39.065088
1785099772422,39.065088
1785099772572,39.065088
1785099772727,39.065088
1785099772905,39.065088
1785099773060,39.065088
1785099773214,39.065088
1785099773377,40.191244
1785099773533,40.191244
1785099773687,40.191244
1785099773844,40.191244
1785099774004,40.191244
1785099774160,40.191244
1785099774312,40.191244
1785099774471,39.899040
1785099774624,39.899040
1785099774776,39.899040
1785099774928,39.899040
1785099775092,39.899040
1785099775249,39.899040
1785099775406,39.899040
1785099775570,39.481966
1785099775719,39.481966
1785099775874,39.481966
1785099776034,39.481966
1785099776192,39.481966
1785099776350,39.481966
1785099776503,39.481966
1785099776656,39.078325
1785099776810,39.078325
1785099776960,39.078325
1785099777117,39.078325
1785099777283,39.078325
1785099777438,39.078325
1785099777592,39.078325
1785099777748,40.119397
1785099777900,40.119397
1785099778060,40.119397
1785099778221,40.119397
1785099778378,40.119397
1785099778528,40.119397
1785099778679,40.119397
1785099778836,40.161601
1785099778993,40.161601
1785099779144,40.161601
1785099779293,40.161601
1785099779467,40.161601
1785099779615,40.161601
1785099779767,40.161601
1785099779922,40.106433
1785099780072,40.106433
1785099780223,40.106433
1785099780370,40.106433
1785099780531,40.106433
1785099780683,40.106433
1785099780842,40.106433
1785099781002,40.284282
1785099781153,40.284282
1785099781305,40.284282
1785099781459,40.284282
1785099781618,40.284282
1785099781777,40.284282
1785099781946,40.284282
1785099782101,39.685216
1785099782257,39.685216
1785099782417,39.685216
1785099782572,39.685216
1785099782734,39.685216
1785099782898,39.685216
1785099783062,39.655804
1785099783217,39.655804
1785099783370,39.655804
1785099783525,39.655804
1785099783679,39.655804
1785099783849,39.655804
1785099784007,39.655804
1785099784158,38.749878
1785099784315,38.749878
1785099784473,38.749878
1785099784628,38.749878
1785099784790,38.749878
1785099784961,38.749878
1785099785122,39.096912
1785099785277,39.096912
1785099785438,39.096912
1785099785595,39.096912
1785099785746,39.096912
1785099785897,39.096912
1785099786061,39.096912
1785099786222,39.975720
1785099786389,39.975720
1785099786550,39.975720
1785099786708,39.975720
1785099786870,39.975720
1785099787024,39.975720
1785099787183,40.056392
1785099787336,40.056392
1785099787494,40.056392
1785099787648,40.056392
1785099787804,40.056392
1785099787958,40.056392
1785099788110,40.056392
1785099788273,40.353586
1785099788428,40.353586
1785099788575,40.353586
1785099788726,40.353586
1785099788882,40.353586
1785099789034,40.353586
1785099789187,40.353586
1785099789354,40.283767
1785099789507,40.283767
1785099789668,40.283767
1785099789829,40.283767
1785099789981,40.283767
1785099790133,40.283767
1785099790285,40.283767
1785099790564,38.610358
1785099790733,38.610358
1785099790888,38.610358
1785099791041,38.610358
1785099791194,38.610358
1785099791352,38.610358
1785099791502,38.610358
1785099791817,39.514785
1785099791968,39.514785
1785099792125,39.514785
1785099792280,39.514785
1785099792438,39.514785
1785099792601,39.514785
1785099792761,40.463836
1785099792922,40.463836
1785099793077,40.463836
1785099793230,40.463836
1785099793392,40.463836
1785099793537,40.463836
1785099793687,40.463836
1785099793848,38.690523
1785099794009,38.690523
1785099794161,38.690523
1785099794316,38.690523
1785099794470,38.690523
1785099794621,38.690523
1785099794782,38.690523
1785099794936,38.960076
1785099795099,38.960076
1785099795253,38.960076
1785099795413,38.960076
1785099795570,38.960076
1785099795726,38.960076
1785099795876,38.960076
1785099796028,39.426225
1785099796186,39.426225
1785099796343,39.426225
1785099796500,39.426225
1785099796655,39.426225
1785099796804,39.426225
1785099796950,39.426225
1785099797102,39.621570
1785099797260,39.621570
1785099797417,39.621570
1785099797570,39.621570
1785099797727,39.621570
1785099797882,39.621570
1785099798036,39.621570
1785099798189,40.476672
1785099798352,40.476672
1785099798513,40.476672
1785099798673,40.476672
1785099798836,40.476672
1785099798988,40.476672
1785099799145,39.353788
1785099799303,39.353788
1785099799462,39.353788
1785099799620,39.353788
1785099799779,39.353788
1785099799933,39.353788
1785099800086,39.353788
1785099800246,39.108659
1785099800399,39.108659
1785099800561,39.108659
1785099800719,39.108659
1785099800869,39.108659
1785099801020,39.108659
1785099801175,39.108659
1785099801332,39.073614
1785099801484,39.073614
1785099801660,39.073614
1785099801813,39.073614
1785099801974,39.073614
1785099802125,39.073614
1785099802277,39.073614
1785099802431,39.870432
1785099802583,39.870432
1785099802746,39.870432
1785099802904,39.870432
1785099803057,39.870432
1785099803206,39.870432
1785099803362,39.870432
1785099803516,40.102310
1785099803669,40.102310
1785099803829,40.102310
1785099803991,40.102310
1785099804153,40.102310
1785099804316,40.102310
1785099804470,39.382242
1785099804625,39.382242
1785099804788,39.382242
1785099804951,39.382242
1785099805101,39.382242
1785099805258,39.382242
1785099805411,39.382242
1785099805565,39.969691
1785099805718,39.969691
1785099805871,39.969691
1785099806036,39.969691
1785099806192,39.969691
1785099806342,39.969691
1785099806501,39.969691
1785099806665,40.039671
1785099806818,40.039671
1785099806977,40.039671
1785099807136,40.039671
1785099807292,40.039671
1785099807443,40.039671
1785099807600,40.039671
1785099807773,39.236422
1785099807925,39.236422
1785099808082,39.236422
1785099808246,39.236422
1785099808407,39.236422
1785099808566,39.236422
1785099808721,40.011414
1785099808875,40.011414
1785099809030,40.011414
1785099809188,40.011414
1785099809354,40.011414
1785099809509,40.011414
1785099809661,40.011414
1785099809815,39.542117
1785099809971,39.542117
1785099810130,39.542117
1785099810293,39.542117
1785099810456,39.542117
1785099810610,39.542117
1785099810766,39.542117
1785099810917,39.266191
1785099811069,39.266191
1785099811221,39.266191
1785099811376,39.266191
1785099811537,39.266191
1785099811696,39.266191
1785099811851,39.266191
1785099812003,39.735744
1785099812157,39.735744
1785099812315,39.735744
1785099812472,39.735744
1785099812637,39.735744
1785099812790,39.735744
1785099812946,39.735744
1785099813098,39.401072
1785099813254,39.401072
1785099813428,39.401072
1785099813582,39.401072
1785099813747,39.401072
1785099813898,39.401072
1785099814058,39.447900
1785099814222,39.447900
1785099814373,39.447900
1785099814527,39.447900
1785099814685,39.447900
1785099814844,39.447900
1785099814996,39.447900
1785099815149,39.831194
1785099815299,39.831194
1785099815452,39.831194
1785099815606,39.831194
1785099815763,39.831194
1785099815933,39.831194
1785099816087,39.831194
1785099816240,39.510025
1785099816396,39.510025
1785099816547,39.510025
1785099816693,39.510025
1785099816847,39.510025
1785099817007,39.510025
1785099817158,39.510025
1785099817310,38.663704
1785099817470,38.663704
1785099817625,38.663704
1785099817776,38.663704
1785099817929,38.663704
1785099818087,38.663704
1785099818241,38.663704
1785099818398,39.395050
1785099818552,39.395050
1785099818709,39.395050
1785099818864,39.395050
1785099819017,39.395050
1785099819183,39.395050
1785099819335,39.395050
1785099819489,39.070769
1785099819638,39.070769
1785099819800,39.070769
1785099819960,39.070769
1785099820120,39.070769
1785099820285,39.070769
1785099820435,39.070769
1785099820589,40.449269
1785099820741,40.449269
1785099820894,40.449269
1785099821049,40.449269
1785099821206,40.449269
1785099821365,40.449269
1785099821518,40.449269
1785099821679,40.716351
1785099821842,40.716351
1785099822005,40.716351
1785099822176,40.716351
1785099822335,40.716351
1785099822501,40.716351
1785099822666,39.793924
1785099822828,39.793924
1785099822986,39.793924
1785099823145,39.793924
1785099823307,39.793924
1785099823469,39.793924
1785099823646,39.993404
1785099823802,39.993404
1785099823962,39.993404
1785099824115,39.993404
1785099824272,39.993404
1785099824433,39.993404
1785099824596,39.993404
1785099824758,40.036710
1785099824912,40.036710
1785099825074,40.036710
1785099825234,40.036710
1785099825398,40.036710
1785099825557,40.036710
1785099825720,39.977492
1785099825879,39.977492
1785099826042,39.977492
1785099826206,39.977492
1785099826374,39.977492
1785099826532,39.977492
1785099826685,39.977492
1785099826842,39.796146
1785099827013,39.796146
1785099827178,39.796146
1785099827343,39.796146
1785099827510,39.796146
1785099827667,39.796146
1785099827828,39.998947
1785099827985,39.998947
1785099828153,39.998947
1785099828307,39.998947
1785099828473,39.998947
1785099828635,39.998947
1785099828803,39.557830
1785099828966,39.557830
1785099829136,39.557830
1785099829303,39.557830
1785099829463,39.557830
1785099829625,39.557830
1785099829784,39.557830
1785099829953,39.533158
1785099830107,39.533158
1785099830264,39.533158
1785099830423,39.533158
1785099830582,39.533158
1785099830739,39.533158
1785099830899,39.533158
1785099831055,38.972901
1785099831211,38.972901
1785099831391,38.972901
1785099831556,38.972901
1785099831723,38.972901
1785099831877,38.972901
1785099832026,38.123743
1785099832185,38.123743
1785099832350,38.123743
1785099832519,38.123743
1785099832679,38.123743
1785099832841,38.123743
1785099833000,38.123743
1785099833166,38.221864
1785099833338,38.221864
1785099833500,38.221864
1785099833651,38.221864
1785099833808,38.221864
1785099833969,38.221864
1785099834121,39.623812
1785099834277,39.623812
1785099834433,39.623812
1785099834591,39.623812
1785099834742,39.623812
1785099834899,39.623812
1785099835052,39.623812
1785099835207,40.029980
1785099835363,40.029980
1785099835511,40.029980
1785099835677,40.029980
1785099835831,40.029980
1785099835983,40.029980
1785099836132,40.029980
1785099836287,39.171829
1785099836450,39.171829
1785099836613,39.171829
1785099836790,39.171829
1785099836960,39.171829
1785099837121,39.171829
1785099837282,39.165172
1785099837439,39.165172
1785099837592,39.165172
1785099837762,39.165172
1785099837933,39.165172
1785099838096,39.165172
1785099838253,40.541533
1785099838408,40.541533
1785099838570,40.541533
1785099838734,40.541533
1785099838898,40.541533
1785099839070,40.541533
1785099839226,40.541533
1785099839386,39.717135
1785099839547,39.717135
1785099839700,39.717135
1785099839857,39.717135
1785099840006,39.717135
1785099840175,39.717135
1785099840332,39.717135
1785099840489,40.182564
1785099840640,40.182564
1785099840793,40.182564
1785099840947,40.182564
1785099841095,40.182564
1785099841260,40.182564
1785099841414,40.182564
1785099841566,39.503608
1785099841720,39.503608
1785099841868,39.503608
1785099842022,39.503608
1785099842177,39.503608
1785099842340,39.503608
1785099842495,39.503608
1785099842654,40.046643
1785099842808,40.046643
1785099842975,40.046643
1785099843135,40.046643
1785099843290,40.046643
1785099843451,40.046643
1785099843607,40.046643
1785099843767,40.704899
1785099843927,40.704899
1785099844082,40.704899
1785099844238,40.704899
1785099844401,40.704899
1785099844563,40.704899
1785099844725,38.758668
1785099844890,38.758668
1785099845043,38.758668
1785099845199,38.758668
1785099845356,38.758668
1785099845511,38.758668
1785099845667,38.758668
1785099845819,39.713352
1785099845971,39.713352
1785099846122,39.713352
1785099846281,39.713352
1785099846436,39.713352
1785099846597,39.713352
1785099846757,39.713352
1785099846910,39.560880
1785099847060,39.560880
1785099847214,39.560880
1785099847375,39.560880
1785099847530,39.560880
1785099847686,39.560880
1785099847846,39.560880
1785099848003,39.539456
1785099848157,39.539456
1785099848310,39.539456
1785099848461,39.539456
1785099848614,39.539456
1785099848767,39.539456
1785099848931,39.539456
1785099849092,39.891450
1785099849247,39.891450
1785099849401,39.891450
1785099849556,39.891450
1785099849709,39.891450
1785099849864,39.891450
1785099850027,39.891450
1785099850180,38.741673
1785099850337,38.741673
1785099850489,38.741673
1785099850644,38.741673
1785099850794,38.741673
1785099850947,38.741673
1785099851111,38.741673
1785099851266,39.612146
1785099851416,39.612146
1785099851575,39.612146
1785099851726,39.612146
1785099851877,39.612146
1785099852031,39.612146
1785099852196,39.612146
1785099852353,38.448106
1785099852506,38.448106
1785099852668,38.448106
1785099852832,38.448106
1785099852995,38.448106
1785099853159,38.448106
1785099853335,38.966975
1785099853508,38.966975
1785099853668,38.966975
1785099853828,38.966975
1785099853992,38.966975
1785099854155,38.966975
1785099854331,38.993411
1785099854491,38.993411
1785099854661,38.993411
1785099854822,38.993411
1785099854973,38.993411
1785099855122,38.993411
1785099855288,38.993411
1785099855509,39.417095
1785099855666,39.417095
1785099855827,39.417095
1785099855983,39.417095
1785099856133,39.417095
1785099856286,39.417095
1785099856447,39.417095
1785099856619,40.457069
1785099856785,40.457069
1785099856947,40.457069
1785099857107,40.457069
1785099857261,40.457069
1785099857421,40.457069
1785099857579,40.539884
1785099857750,40.539884
1785099857914,40.539884
1785099858081,40.539884
1785099858241,40.539884
1785099858396,40.539884
1785099858558,39.081751
1785099858709,39.081751
1785099858885,39.081751
1785099859036,39.081751
1785099859190,39.081751
1785099859354,39.081751
1785099859516,39.081751
1785099859673,38.538595
1785099859831,38.538595
1785099860001,38.538595
1785099860159,38.538595
1785099860319,38.538595
1785099860483,38.538595
1785099860645,39.912631
1785099860810,39.912631
1785099860961,39.912631
1785099861122,39.912631
1785099861282,39.912631
1785099861446,39.912631
1785099861607,39.912631
1785099861771,39.653765
1785099861930,39.653765
1785099862090,39.653765
1785099862259,39.653765
1785099862414,39.653765
1785099862583,39.653765
1785099862742,39.302947
1785099862912,39.302947
1785099863078,39.302947
1785099863250,39.302947
1785099863413,39.302947
1785099863571,39.302947
1785099863740,39.016405
1785099863904,39.016405
1785099864068,39.016405
1785099864227,39.016405
1785099864403,39.016405
1785099864556,39.016405
1785099864707,39.016405
1785099864856,39.452021
1785099865026,39.452021
1785099865195,39.452021
1785099865361,39.452021
1785099865537,39.452021
1785099865704,39.452021
1785099865855,39.699772
1785099865999,39.699772
1785099866155,39.699772
1785099866319,39.699772
1785099866482,39.699772
1785099866650,39.699772
1785099866807,39.699772
1785099866965,39.525306
1785099867116,39.525306
1785099867261,39.525306
1785099867419,39.525306
1785099867578,39.525306
1785099867750,39.525306
1785099867918,38.203272
1785099868082,38.203272
1785099868231,38.203272
1785099868392,38.203272
1785099868551,38.203272
1785099868718,38.203272
1785099868895,38.203272
1785099869064,39.664305
1785099869234,39.664305
1785099869387,39.664305
1785099869547,39.664305
1785099869710,39.664305
1785099869882,39.664305
1785099870051,38.585469
1785099870218,38.585469
1785099870384,38.585469
1785099870544,38.585469
1785099870694,38.585469
1785099870841,38.585469
1785099871007,38.585469
1785099871159,40.053624
1785099871310,40.053624
1785099871462,40.053624
1785099871626,40.053624
1785099871781,40.053624
1785099871930,40.053624
1785099872092,40.053624
1785099872250,40.389343
1785099872409,40.389343
1785099872574,40.389343
1785099872736,40.389343
1785099872902,40.389343
1785099873056,40.389343
1785099873231,39.529480
1785099873392,39.529480
1785099873557,39.529480
1785099873716,39.529480
1785099873872,39.529480
1785099874040,39.529480
1785099874193,39.529480
1785099874462,39.795186
1785099874626,39.795186
1785099874786,39.795186
1785099874947,39.795186
1785099875114,39.795186
1785099875269,39.795186
1785099875424,39.977523
1785099875599,39.977523
1785099875767,39.977523
1785099875928,39.977523
1785099876088,39.977523
1785099876241,39.977523
1785099876398,40.676010
1785099876559,40.676010
1785099876728,40.676010
1785099876887,40.676010
1785099877041,40.676010
1785099877198,40.676010
1785099877352,40.676010
1785099877506,40.097560
1785099877674,40.097560
1785099877855,40.097560
1785099878025,40.097560
1785099878194,40.097560
1785099878354,40.097560
1785099878516,39.375675
1785099878677,39.375675
1785099878848,39.375675
1785099879008,39.375675
1785099879172,39.375675
1785099879322,39.375675
1785099879478,39.755220
1785099879642,39.755220
1785099879802,39.755220
1785099879967,39.755220
1785099880125,39.755220
1785099880283,39.755220
1785099880437,39.755220
1785099880599,39.677184
1785099880763,39.677184
1785099880920,39.677184
1785099881084,39.677184
1785099881251,39.677184
1785099881403,39.677184
1785099881557,39.360435
1785099881721,39.360435
1785099881879,39.360435
1785099882040,39.360435
1785099882214,39.360435
1785099882382,39.360435
1785099882536,39.360435
1785099882693,39.548138
1785099882856,39.548138
1785099883015,39.548138
1785099883198,39.548138
1785099883367,39.548138
1785099883521,39.548138
1785099883687,39.525116
1785099883841,39.525116
1785099884010,39.525116
1785099884172,39.525116
1785099884349,39.525116
1785099884510,39.525116
1785099884675,39.762950
1785099884836,39.762950
1785099884997,39.762950
1785099885167,39.762950
1785099885339,39.762950
1785099885502,39.762950
1785099885663,40.590290
1785099885819,40.590290
1785099885973,40.590290
1785099886132,40.590290
1785099886286,40.590290
1785099886456,40.590290
1785099886615,40.590290
1785099886778,39.426840
1785099886944,39.426840
1785099887108,39.426840
1785099887265,39.426840
1785099887422,39.426840
1785099887603,39.426840
1785099887770,39.037670
1785099887935,39.037670
1785099888106,39.037670
1785099888275,39.037670
1785099888431,39.037670
1785099888597,39.037670
1785099888762,39.376592
1785099888927,39.376592
1785099889095,39.376592
1785099889262,39.376592
1785099889422,39.376592
1785099889574,39.376592
1785099889744,40.587778
1785099889905,40.587778
1785099890066,40.587778
1785099890234,40.587778
1785099890399,40.587778
1785099890553,40.587778
1785099890701,40.587778
1785099890865,39.377055
1785099891020,39.377055
1785099891182,39.377055
1785099891342,39.377055
1785099891498,39.377055
1785099891652,39.377055
1785099891801,39.377055
1785099892050,39.650166
1785099892206,39.650166
1785099892376,39.650166
1785099892531,39.650166
1785099892681,39.650166
1785099892834,39.650166
1785099892994,39.391847
1785099893160,39.391847
1785099893318,39.391847
1785099893476,39.391847
1785099893629,39.391847
1785099893783,39.391847
1785099893944,39.391847
1785099894102,38.266108
1785099894265,38.266108
1785099894429,38.266108
1785099894589,38.266108
1785099894739,38.266108
1785099894902,38.266108
1785099895071,39.071004
1785099895247,39.071004
1785099895409,39.071004
1785099895569,39.071004
1785099895731,39.071004
1785099895898,39.071004
1785099896061,39.134367
1785099896232,39.134367
1785099896409,39.134367
1785099896557,39.134367
1785099896707,39.134367
1785099896867,39.134367
1785099897023,39.134367
1785099897185,39.791166
1785099897349,39.791166
1785099897503,39.791166
1785099897655,39.791166
1785099897805,39.791166
1785099897968,39.791166
1785099898133,39.791166
1785099898294,39.484004
1785099898455,39.484004
1785099898620,39.484004
1785099898774,39.484004
1785099898933,39.484004
1785099899095,39.484004
1785099899256,38.884251
1785099899420,38.884251
1785099899575,38.884251
1785099899743,38.884251
1785099899908,38.884251
1785099900067,38.884251
1785099900232,38.884251
1785099900401,38.679128
1785099900555,38.679128
1785099900710,38.679128
1785099900879,38.679128
1785099901041,38.679128
1785099901205,38.679128
1785099901370,40.086046
1785099901532,40.086046
1785099901689,40.086046
1785099901865,40.086046
1785099902019,40.086046
1785099902190,40.086046
1785099902353,40.086046
1785099902512,39.559870
1785099902667,39.559870
1785099902826,39.559870
1785099903005,39.559870
1785099903169,39.559870
1785099903333,39.559870
1785099903491,39.489657
1785099903647,39.489657
1785099903815,39.489657
1785099903988,39.489657
1785099904157,39.489657
1785099904319,39.489657
1785099904471,39.891670
1785099904632,39.891670
1785099904795,39.891670
1785099904957,39.891670
1785099905126,39.891670
1785099905282,39.891670
1785099905441,39.891670
1785099905605,40.108259
1785099905768,40.108259
1785099905929,40.108259
1785099906081,40.108259
1785099906238,40.108259
1785099906387,40.108259
1785099906551,40.108259
1785099906710,39.985368
1785099906872,39.985368
1785099907027,39.985368
1785099907192,39.985368
1785099907358,39.985368
1785099907512,39.985368
1785099907666,38.398313
1785099907822,38.398313
1785099907975,38.398313
1785099908126,38.398313
1785099908283,38.398313
1785099908444,38.398313
1785099908596,38.398313
1785099908751,38.777559
1785099908901,38.777559
1785099909058,38.777559
1785099909212,38.777559
1785099909360,38.777559
1785099909518,38.777559
1785099909666,38.777559
1785099909819,38.874707
1785099909980,38.874707
1785099910132,38.874707
1785099910287,38.874707
1785099910442,38.874707
1785099910597,38.874707
1785099910751,38.874707
1785099910908,41.122367
1785099911064,41.122367
1785099911218,41.122367
1785099911373,41.122367
1785099911524,41.122367
1785099911674,41.122367
1785099911828,41.122367
1785099911985,39.086488
1785099912140,39.086488
1785099912297,39.086488
1785099912451,39.086488
1785099912619,39.086488
1785099912786,39.086488
1785099912951,38.652680
1785099913112,38.652680
1785099913276,38.652680
1785099913450,38.652680
1785099913615,38.652680
1785099913789,38.652680
1785099913950,39.549933
1785099914110,39.549933
1785099914279,39.549933
1785099914442,39.549933
1785099914603,39.549933
1785099914761,39.549933
1785099914938,39.549933
1785099915099,40.023124
1785099915263,40.023124
1785099915425,40.023124
1785099915582,40.023124
1785099915740,40.023124
1785099915899,40.023124
1785099916067,39.380285
1785099916230,39.380285
1785099916389,39.380285
1785099916544,39.380285
1785099916700,39.380285
1785099916865,39.380285
1785099917035,39.380285
1785099917294,39.347518
1785099917437,39.347518
1785099917594,39.347518
1785099917752,39.347518
1785099917916,39.347518
1785099918073,39.347518
1785099918230,39.347518
1785099918446,39.409984
1785099918608,39.409984
1785099918771,39.409984
1785099918939,39.409984
1785099919090,39.409984
1785099919245,39.409984
1785099919404,39.768384
1785099919562,39.768384
1785099919723,39.768384
1785099919874,39.768384
1785099920025,39.768384
1785099920171,39.768384
1785099920328,39.768384
1785099920479,39.760843
1785099920640,39.760843
1785099920790,39.760843
1785099920942,39.760843
1785099921097,39.760843
1785099921255,39.760843
1785099921420,39.760843
1785099921586,39.320726
1785099921747,39.320726
1785099921903,39.320726
1785099922063,39.320726
1785099922229,39.320726
1785099922390,39.320726
1785099922555,39.628078
1785099922711,39.628078
1785099922873,39.628078
1785099923038,39.628078
1785099923203,39.628078
1785099923378,39.628078
1785099923528,39.628078
1785099923689,39.019235
1785099923863,39.019235
1785099924019,39.019235
1785099924174,39.019235
1785099924325,39.019235
1785099924479,39.019235
1785099924642,39.019235
1785099924808,38.977839
1785099924988,38.977839
1785099925148,38.977839
1785099925310,38.977839
1785099925467,38.977839
1785099925617,38.977839
1785099925775,38.938560
1785099925945,38.938560
1785099926120,38.938560
1785099926286,38.938560
1785099926452,38.938560
1785099926615,38.938560
1785099926773,39.542487
1785099926939,39.542487
1785099927111,39.542487
1785099927275,39.542487
1785099927439,39.542487
1785099927599,39.542487
1785099927762,39.542487
1785099927919,39.720441
1785099928072,39.720441
1785099928246,39.720441
1785099928412,39.720441
1785099928575,39.720441
1785099928738,39.720441
1785099928902,40.187417
1785099929074,40.187417
1785099929237,40.187417
1785099929392,40.187417
1785099929550,40.187417
1785099929701,40.187417
1785099929855,40.187417
1785099930009,39.966666
1785099930162,39.966666
1785099930329,39.966666
1785099930480,39.966666
1785099930636,39.966666
1785099930799,39.966666
1785099930953,39.966666
1785099931106,39.734695
1785099931255,39.734695
1785099931431,39.734695
1785099931587,39.734695
1785099931748,39.734695
1785099931906,39.734695
1785099932062,40.475236
1785099932212,40.475236
1785099932368,40.475236
1785099932539,40.475236
1785099932693,40.475236
1785099932851,40.475236
1785099933007,40.475236
1785099933160,39.846906
1785099933316,39.846906
1785099933474,39.846906
1785099933632,39.846906
1785099933781,39.846906
1785099933934,39.846906
1785099934089,39.846906
1785099934247,40.303945
1785099934404,40.303945
1785099934564,40.303945
1785099934723,40.303945
1785099934878,40.303945
1785099935039,40.303945
1785099935195,40.303945
1785099935350,39.590788
1785099935506,39.590788
1785099935659,39.590788
1785099935820,39.590788
1785099935986,39.590788
1785099936145,39.590788
1785099936296,39.590788
1785099936450,40.262854
1785099936603,40.262854
1785099936759,40.262854
1785099936922,40.262854
1785099937077,40.262854
1785099937229,40.262854
1785099937383,40.262854
1785099937541,39.740490
1785099937694,39.740490
1785099937846,39.740490
1785099938004,39.740490
1785099938162,39.740490
1785099938319,39.740490
1785099938472,39.740490
1785099938627,40.158074
1785099938787,40.158074
1785099938945,40.158074
1785099939113,40.158074
1785099939268,40.158074
1785099939421,40.158074
1785099939573,40.158074
1785099939728,39.726273
1785099939880,39.726273
1785099940031,39.726273
1785099940183,39.726273
1785099940337,39.726273
1785099940489,39.726273
1785099940641,39.726273
1785099940807,40.118256
1785099940965,40.118256
1785099941121,40.118256
1785099941285,40.118256
1785099941441,40.118256
1785099941594,40.118256
1785099941746,40.118256
1785099941911,38.542777
1785099942062,38.542777
1785099942216,38.542777
1785099942382,38.542777
1785099942536,38.542777
1785099942689,38.542777
1785099942852,38.542777
1785099943007,39.345064
1785099943171,39.345064
1785099943328,39.345064
1785099943488,39.345064
1785099943642,39.345064
1785099943796,39.345064
1785099943953,39.345064
1785099944112,39.924268
1785099944270,39.924268
1785099944434,39.924268
1785099944592,39.924268
1785099944740,39.924268
1785099944893,39.924268
1785099945047,39.924268
1785099945207,39.524763
1785099945364,39.524763
1785099945522,39.524763
1785099945693,39.524763
1785099945849,39.524763
1785099946002,39.524763
1785099946158,39.404955
1785099946308,39.404955
1785099946469,39.404955
1785099946619,39.404955
1785099946786,39.404955
1785099946947,39.404955
1785099947100,39.404955
1785099947255,38.878578
1785099947409,38.878578
1785099947561,38.878578
1785099947717,38.878578
1785099947882,38.878578
1785099948032,38.878578
1785099948182,38.878578
1785099948331,40.430539
1785099948485,40.430539
1785099948641,40.430539
1785099948792,40.430539
1785099948958,40.430539
1785099949111,40.430539
1785099949267,40.430539
1785099949429,40.240552
1785099949584,40.240552
1785099949739,40.240552
1785099949894,40.240552
1785099950068,40.240552
1785099950214,40.240552
1785099950368,40.240552
1785099950535,40.035015
1785099950684,40.035015
1785099950838,40.035015
1785099950992,40.035015
1785099951163,40.035015
1785099951319,40.035015
1785099951472,40.035015
1785099951632,40.537875
1785099951788,40.537875
1785099951938,40.537875
1785099952092,40.537875
1785099952258,40.537875
1785099952415,40.537875
1785099952573,40.537875
1785099952727,39.679102
1785099952879,39.679102
1785099953038,39.679102
1785099953200,39.679102
1785099953374,39.679102
1785099953532,39.679102
1785099953688,40.355230
1785099953842,40.355230
1785099953998,40.355230
1785099954154,40.355230
1785099954307,40.355230
1785099954464,40.355230
1785099954620,40.355230
1785099954778,39.016547
1785099954931,39.016547
1785099955080,39.016547
1785099955232,39.016547
1785099955385,39.016547
1785099955548,39.016547
1785099955704,39.016547
1785099955867,40.847516
1785099956026,40.847516
1785099956181,40.847516
1785099956338,40.847516
1785099956498,40.847516
1785099956664,40.847516
1785099956822,39.186812
1785099956978,39.186812
1785099957137,39.186812
1785099957291,39.186812
1785099957446,39.186812
1785099957600,39.186812
1785099957762,39.186812
1785099957916,39.270886
1785099958072,39.270886
1785099958223,39.270886
1785099958378,39.270886
1785099958538,39.270886
1785099958689,39.270886
1785099958842,39.270886
1785099959000,39.789976
1785099959152,39.789976
1785099959309,39.789976
1785099959467,39.789976
1785099959620,39.789976
1785099959780,39.789976
1785099959941,39.789976
1785099960094,39.556612
1785099960247,39.556612
1785099960402,39.556612
1785099960562,39.556612
1785099960717,39.556612
1785099960873,39.556612
1785099961038,39.556612
1785099961192,40.054222
1785099961347,40.054222
1785099961509,40.054222
1785099961665,40.054222
1785099961818,40.054222
1785099961972,40.054222
1785099962137,40.054222
1785099962300,39.159335
1785099962454,39.159335
1785099962609,39.159335
1785099962760,39.159335
1785099962915,39.159335
1785099963074,39.159335
1785099963240,39.159335
1785099963396,39.797416
1785099963550,39.797416
1785099963705,39.797416
1785099963866,39.797416
1785099964022,39.797416
1785099964174,39.797416
1785099964334,39.797416
1785099964491,39.582999
1785099964643,39.582999
1785099964791,39.582999
1785099964948,39.582999
1785099965103,39.582999
1785099965257,39.582999
1785099965419,39.582999
1785099965577,39.419157
1785099965738,39.419157
1785099965902,39.419157
1785099966058,39.419157
1785099966211,39.419157
1785099966363,39.419157
1785099966527,39.419157
1785099966694,39.550811
1785099966853,39.550811
1785099967007,39.550811
1785099967158,39.550811
1785099967311,39.550811
1785099967462,39.550811
1785099967631,39.550811
1785099967783,39.409553
1785099967933,39.409553
1785099968085,39.409553
1785099968237,39.409553
1785099968394,39.409553
1785099968545,39.409553
1785099968705,39.409553
1785099968863,39.852839
1785099969013,39.852839
1785099969168,39.852839
1785099969320,39.852839
1785099969472,39.852839
1785099969627,39.852839
1785099969796,39.852839
1785099969964,39.747205
1785099970117,39.747205
1785099970270,39.747205
1785099970424,39.747205
1785099970575,39.747205
1785099970731,39.747205
1785099970903,39.747205
1785099971062,39.928920
1785099971223,39.928920
1785099971374,39.928920
1785099971528,39.928920
1785099971678,39.928920
1785099971830,39.928920
1785099971988,39.928920
1785099972146,39.186232
1785099972299,39.186232
1785099972449,39.186232
1785099972597,39.186232
1785099972747,39.186232
1785099972895,39.186232
1785099973056,39.186232
1785099973208,40.067655
1785099973367,40.067655
1785099973526,40.067655
1785099973693,40.067655
1785099973852,40.067655
1785099974005,40.067655
1785099974171,40.147906
1785099974323,40.147906
1785099974478,40.147906
1785099974636,40.147906
1785099974795,40.147906
1785099974951,40.147906
1785099975109,40.147906
1785099975269,40.032636
1785099975427,40.032636
1785099975581,40.032636
1785099975733,40.032636
1785099975892,40.032636
1785099976043,40.032636
1785099976210,40.032636
1785099976474,40.588328
1785099976627,40.588328
1785099976776,40.588328
1785099976927,40.588328
1785099977082,40.588328
1785099977239,40.588328
1785099977390,40.588328
1785099977619,39.370754
1785099977772,39.370754
1785099977925,39.370754
1785099978080,39.370754
1785099978232,39.370754
1785099978386,39.370754
1785099978538,39.370754
1785099978768,39.569202
1785099978924,39.569202
1785099979077,39.569202
1785099979232,39.569202
1785099979385,39.569202
1785099979540,39.569202
1785099979698,39.569202
1785099979910,39.461400
1785099980071,39.461400
1785099980226,39.461400
1785099980377,39.461400
1785099980529,39.461400
1785099980683,39.461400
1785099980837,39.461400
1785099981066,39.291800
1785099981222,39.291800
1785099981386,39.291800
1785099981544,39.291800
1785099981698,39.291800
1785099981848,39.291800
1785099982002,39.291800
1785099982206,40.294493
1785099982364,40.294493
1785099982516,40.294493
1785099982672,40.294493
1785099982824,40.294493
1785099982975,40.294493
1785099983127,40.294493
1785099983286,40.461723
1785099983440,40.461723
1785099983605,40.461723
1785099983757,40.461723
1785099983921,40.461723
1785099984083,40.461723
1785099984238,40.052724
1785099984401,40.052724
1785099984555,40.052724
1785099984709,40.052724
1785099984866,40.052724
1785099985025,40.052724
1785099985178,40.052724
1785099985329,39.933134
1785099985492,39.933134
1785099985645,39.933134
1785099985793,39.933134
1785099985946,39.933134
1785099986097,39.933134
1785099986258,39.933134
1785099986428,40.054296
1785099986605,40.054296
1785099986757,40.054296
1785099986912,40.054296
1785099987064,40.054296
1785099987216,40.054296
1785099987369,40.054296
1785099987534,38.506105
1785099987693,38.506105
1785099987846,38.506105
1785099987999,38.506105
1785099988152,38.506105
1785099988305,38.506105
1785099988457,38.506105
1785099988611,39.769605
1785099988776,39.769605
1785099988934,39.769605
1785099989096,39.769605
1785099989259,39.769605
1785099989412,39.769605
1785099989563,39.769605
1785099989716,39.860580
1785099989878,39.860580
1785099990030,39.860580
1785099990190,39.860580
1785099990348,39.860580
1785099990508,39.860580
1785099990656,39.860580
1785099990811,39.759176
1785099990973,39.759176
1785099991125,39.759176
1785099991280,39.759176
1785099991439,39.759176
1785099991589,39.759176
1785099991736,39.759176
1785099991893,40.380664
1785099992056,40.380664
1785099992207,40.380664
1785099992359,40.380664
1785099992513,40.380664
1785099992671,40.380664
1785099992828,40.380664
1785099992978,39.421195
1785099993143,39.421195
1785099993299,39.421195
1785099993452,39.421195
1785099993605,39.421195
1785099993759,39.421195
1785099993915,39.421195
1785099994071,40.464322
1785099994239,40.464322
1785099994404,40.464322
1785099994561,40.464322
1785099994713,40.464322
1785099994866,40.464322
1785099995019,40.464322
1785099995170,40.413866
1785099995334,40.413866
1785099995486,40.413866
1785099995648,40.413866
1785099995798,40.413866
1785099995954,40.413866
1785099996104,40.413866
1785099996260,40.310510
1785099996422,40.310510
1785099996580,40.310510
1785099996731,40.310510
1785099996893,40.310510
1785099997052,40.310510
1785099997203,40.310510
1785099997357,40.048885
1785099997516,40.048885
1785099997670,40.048885
1785099997824,40.048885
1785099997983,40.048885
1785099998134,40.048885
1785099998311,39.204345
1785099998459,39.204345
1785099998618,39.204345
1785099998769,39.204345
1785099998921,39.204345
1785099999073,39.204345
1785099999229,39.204345
1785099999387,39.583379
1785099999545,39.583379
1785099999709,39.583379
1785099999861,39.583379
1785100000012,39.583379
1785100000165,39.583379
1785100000318,39.583379
1785100000476,39.742838
1785100000627,39.742838
1785100000785,39.742838
1785100000946,39.742838
1785100001102,39.742838
1785100001256,39.742838
1785100001409,39.742838
1785100001563,40.429323
1785100001718,40.429323
1785100001884,40.429323
1785100002036,40.429323
1785100002198,40.429323
1785100002351,40.429323
1785100002507,40.429323
1785100002663,40.353579
1785100002814,40.353579
1785100002974,40.353579
1785100003136,40.353579
1785100003291,40.353579
1785100003448,40.353579
1785100003601,40.353579
1785100003756,39.868927
1785100003909,39.868927
1785100004071,39.868927
1785100004224,39.868927
1785100004377,39.868927
1785100004537,39.868927
1785100004686,39.868927
1785100004840,39.120364
1785100004993,39.120364
1785100005158,39.120364
1785100005314,39.120364
1785100005470,39.120364
1785100005623,39.120364
1785100005784,39.120364
1785100005941,40.361256
1785100006095,40.361256
1785100006260,40.361256
1785100006413,40.361256
1785100006570,40.361256
1785100006725,40.361256
1785100006878,40.361256
1785100007032,39.912977
1785100007195,39.912977
1785100007355,39.912977
1785100007510,39.912977
1785100007662,39.912977
1785100007812,39.912977
1785100007968,39.912977
1785100008123,39.702880
1785100008276,39.702880
1785100008442,39.702880
1785100008599,39.702880
1785100008754,39.702880
1785100008920,39.702880
1785100009070,39.702880
1785100009227,40.537411
1785100009381,40.537411
1785100009544,40.537411
1785100009701,40.537411
1785100009858,40.537411
1785100010019,40.537411
1785100010176,40.537411
1785100010331,39.418301
1785100010483,39.418301
1785100010645,39.418301
1785100010814,39.418301
1785100010967,39.418301
1785100011120,39.418301
1785100011276,39.418301
1785100011430,39.737040
1785100011584,39.737040
1785100011744,39.737040
1785100011902,39.737040
1785100012059,39.737040
1785100012218,39.737040
1785100012381,39.737040
1785100012535,40.367370
1785100012688,40.367370
1785100012853,40.367370
1785100013000,40.367370
1785100013153,40.367370
1785100013314,40.367370
1785100013467,40.367370
1785100013624,39.941640
1785100013783,39.941640
1785100013939,39.941640
1785100014100,39.941640
1785100014259,39.941640
1785100014409,39.941640
1785100014564,39.941640
1785100014721,40.371775
1785100014878,40.371775
1785100015049,40.371775
1785100015207,40.371775
1785100015359,40.371775
1785100015511,40.371775
1785100015669,40.371775
1785100015824,39.507684
1785100015987,39.507684
1785100016161,39.507684
1785100016313,39.507684
1785100016466,39.507684
1785100016621,39.507684
1785100016784,39.167034
1785100016941,39.167034
1785100017098,39.167034
1785100017260,39.167034
1785100017412,39.167034
1785100017571,39.167034
1785100017726,39.167034
1785100017887,38.731299
1785100018044,38.731299
1785100018199,38.731299
1785100018360,38.731299
1785100018515,38.731299
1785100018679,38.731299
1785100018853,39.113220
1785100019015,39.113220
1785100019167,39.113220
1785100019318,39.113220
1785100019486,39.113220
1785100019647,39.113220
1785100019815,39.113220
1785100019977,39.030577
1785100020130,39.030577
1785100020281,39.030577
1785100020437,39.030577
1785100020602,39.030577
1785100020759,39.030577
1785100020914,39.030577
1785100021069,39.283916
1785100021225,39.283916
1785100021379,39.283916
1785100021537,39.283916
1785100021705,39.283916
1785100021858,39.283916
1785100022074,39.283916
1785100022346,39.029412
Command: /home/x_thileeb/repos/ops-hls-batching-new/codegen_apps/batching/jacobian3d/u280_project/hls/build/hw/jac3D7pt_host /home/x_thileeb/repos/ops-hls-batching-new/codegen_apps/batching/jacobian3d/u280_project/hls/build/hw/jac3D7pt.xclbin -sizex=100 -sizey=100 -sizez=100 -iters=60048 -piter=1000 -bsize=1
