

================================================================
== Vitis HLS Report for 'kernel_outerloop_0_dataflow_region'
================================================================
* Date:           Tue Aug 11 20:42:17 2026

* Version:        2022.2 (Build 3670227 on Oct 13 2022)
* Project:        kernel_outerloop_0_2
* Solution:       solution (Vitis Kernel Flow Target)
* Product family: virtexuplus
* Target device:  xcu280-fsvh2892-2L-e


================================================================
== Performance Estimates
================================================================
+ Timing: 
    * Summary: 
    +--------+---------+----------+------------+
    |  Clock |  Target | Estimated| Uncertainty|
    +--------+---------+----------+------------+
    |ap_clk  |  3.33 ns|  2.433 ns|     0.90 ns|
    +--------+---------+----------+------------+

+ Latency: 
    * Summary: 
    +---------+---------+----------+----------+-----+-----+----------+
    |  Latency (cycles) |  Latency (absolute) |  Interval | Pipeline |
    |   min   |   max   |    min   |    max   | min | max |   Type   |
    +---------+---------+----------+----------+-----+-----+----------+
    |        ?|        ?|         ?|         ?|    ?|    ?|  dataflow|
    +---------+---------+----------+----------+-----+-----+----------+

    + Detail: 
        * Instance: 
        N/A

        * Loop: 
        N/A

============================================================
+ Verbose Summary: Synthesis Manager
============================================================
InlineROM: 1
ExposeGlobal: 0
============================================================
+ Verbose Summary: CDFG Model
============================================================
IsTopModel: 0
ResetActiveHigh: 1
IsCombinational: 2
IsDatapathOnly: 0
HasWiredReturn: 1
HasMFsm: 0
HasVarLatency: 1
IsPipeline: 0
IsRtlPipelined: 0
IsInstanceOverlapped: 0
IsDontTouch: 0
HasImplIP: 0
IsGatedGlobalClock: 0


============================================================
+ Verbose Summary: Schedule
============================================================
* Number of FSM states : 18
* Pipeline : 0
* Dataflow Pipeline: 1
  DF-Pipeline-0: Size = 18, States = { 1 2 3 4 5 6 7 8 9 10 11 12 13 14 15 16 17 18 }

* FSM state transitions: 
1 --> 2 
2 --> 3 
3 --> 4 
4 --> 5 
5 --> 6 
6 --> 7 
7 --> 8 
8 --> 9 
9 --> 10 
10 --> 11 
11 --> 12 
12 --> 13 
13 --> 14 
14 --> 15 
15 --> 16 
16 --> 17 
17 --> 18 
18 --> 

* FSM state operations: 

State 1 <SV = 0> <Delay = 1.21>
ST_1 : Operation 19 [1/1] (0.00ns)   --->   "%num_pkts_read = read i29 @_ssdm_op_Read.ap_auto.i29, i29 %num_pkts"   --->   Operation 19 'read' 'num_pkts_read' <Predicate = true> <Delay = 0.00>
ST_1 : Operation 20 [1/1] (0.00ns)   --->   "%p_read613 = read i14 @_ssdm_op_Read.ap_auto.i14, i14 %p_read6"   --->   Operation 20 'read' 'p_read613' <Predicate = true> <Delay = 0.00>
ST_1 : Operation 21 [1/1] (0.00ns)   --->   "%p_read512 = read i1 @_ssdm_op_Read.ap_auto.i1, i1 %p_read5"   --->   Operation 21 'read' 'p_read512' <Predicate = true> <Delay = 0.00>
ST_1 : Operation 22 [1/1] (0.00ns)   --->   "%p_read411 = read i1 @_ssdm_op_Read.ap_auto.i1, i1 %p_read4"   --->   Operation 22 'read' 'p_read411' <Predicate = true> <Delay = 0.00>
ST_1 : Operation 23 [1/1] (0.00ns)   --->   "%p_read310 = read i16 @_ssdm_op_Read.ap_auto.i16, i16 %p_read3"   --->   Operation 23 'read' 'p_read310' <Predicate = true> <Delay = 0.00>
ST_1 : Operation 24 [1/1] (0.00ns)   --->   "%p_read29 = read i16 @_ssdm_op_Read.ap_auto.i16, i16 %p_read2"   --->   Operation 24 'read' 'p_read29' <Predicate = true> <Delay = 0.00>
ST_1 : Operation 25 [1/1] (0.00ns)   --->   "%p_read18 = read i16 @_ssdm_op_Read.ap_auto.i16, i16 %p_read1"   --->   Operation 25 'read' 'p_read18' <Predicate = true> <Delay = 0.00>
ST_1 : Operation 26 [1/1] (0.00ns)   --->   "%p_read_25 = read i14 @_ssdm_op_Read.ap_auto.i14, i14 %p_read"   --->   Operation 26 'read' 'p_read_25' <Predicate = true> <Delay = 0.00>
ST_1 : Operation 27 [1/1] (0.00ns)   --->   "%num_pkts_c145 = alloca i64 1"   --->   Operation 27 'alloca' 'num_pkts_c145' <Predicate = true> <Delay = 0.00> <CoreInst = "FIFO_SRL">   --->   Core 81 'FIFO_SRL' <Latency = 0> <II = 1> <Delay = 1.39> <Storage> <Opcode : 'read' 'write' 'nbread' 'nbwrite'> <Ports = 0> <Width = 29> <Depth = 2> <FIFO>
ST_1 : Operation 28 [1/1] (0.00ns)   --->   "%num_pkts_c144 = alloca i64 1"   --->   Operation 28 'alloca' 'num_pkts_c144' <Predicate = true> <Delay = 0.00> <CoreInst = "FIFO_SRL">   --->   Core 81 'FIFO_SRL' <Latency = 0> <II = 1> <Delay = 1.46> <Storage> <Opcode : 'read' 'write' 'nbread' 'nbwrite'> <Ports = 0> <Width = 29> <Depth = 3> <FIFO>
ST_1 : Operation 29 [1/1] (0.00ns)   --->   "%num_pkts_c143 = alloca i64 1"   --->   Operation 29 'alloca' 'num_pkts_c143' <Predicate = true> <Delay = 0.00> <CoreInst = "FIFO_SRL">   --->   Core 81 'FIFO_SRL' <Latency = 0> <II = 1> <Delay = 1.46> <Storage> <Opcode : 'read' 'write' 'nbread' 'nbwrite'> <Ports = 0> <Width = 29> <Depth = 3> <FIFO>
ST_1 : Operation 30 [1/1] (0.00ns)   --->   "%num_pkts_c142 = alloca i64 1"   --->   Operation 30 'alloca' 'num_pkts_c142' <Predicate = true> <Delay = 0.00> <CoreInst = "FIFO_SRL">   --->   Core 81 'FIFO_SRL' <Latency = 0> <II = 1> <Delay = 1.46> <Storage> <Opcode : 'read' 'write' 'nbread' 'nbwrite'> <Ports = 0> <Width = 29> <Depth = 3> <FIFO>
ST_1 : Operation 31 [1/1] (0.00ns)   --->   "%num_pkts_c141 = alloca i64 1"   --->   Operation 31 'alloca' 'num_pkts_c141' <Predicate = true> <Delay = 0.00> <CoreInst = "FIFO_SRL">   --->   Core 81 'FIFO_SRL' <Latency = 0> <II = 1> <Delay = 1.39> <Storage> <Opcode : 'read' 'write' 'nbread' 'nbwrite'> <Ports = 0> <Width = 29> <Depth = 2> <FIFO>
ST_1 : Operation 32 [1/1] (0.00ns)   --->   "%num_pkts_c140 = alloca i64 1"   --->   Operation 32 'alloca' 'num_pkts_c140' <Predicate = true> <Delay = 0.00> <CoreInst = "FIFO_SRL">   --->   Core 81 'FIFO_SRL' <Latency = 0> <II = 1> <Delay = 1.39> <Storage> <Opcode : 'read' 'write' 'nbread' 'nbwrite'> <Ports = 0> <Width = 29> <Depth = 2> <FIFO>
ST_1 : Operation 33 [1/1] (0.00ns)   --->   "%num_pkts_c139 = alloca i64 1"   --->   Operation 33 'alloca' 'num_pkts_c139' <Predicate = true> <Delay = 0.00> <CoreInst = "FIFO_SRL">   --->   Core 81 'FIFO_SRL' <Latency = 0> <II = 1> <Delay = 1.39> <Storage> <Opcode : 'read' 'write' 'nbread' 'nbwrite'> <Ports = 0> <Width = 29> <Depth = 2> <FIFO>
ST_1 : Operation 34 [1/1] (0.00ns)   --->   "%num_pkts_c138 = alloca i64 1"   --->   Operation 34 'alloca' 'num_pkts_c138' <Predicate = true> <Delay = 0.00> <CoreInst = "FIFO_SRL">   --->   Core 81 'FIFO_SRL' <Latency = 0> <II = 1> <Delay = 1.39> <Storage> <Opcode : 'read' 'write' 'nbread' 'nbwrite'> <Ports = 0> <Width = 29> <Depth = 2> <FIFO>
ST_1 : Operation 35 [1/1] (0.00ns)   --->   "%num_pkts_c137 = alloca i64 1"   --->   Operation 35 'alloca' 'num_pkts_c137' <Predicate = true> <Delay = 0.00> <CoreInst = "FIFO_SRL">   --->   Core 81 'FIFO_SRL' <Latency = 0> <II = 1> <Delay = 1.39> <Storage> <Opcode : 'read' 'write' 'nbread' 'nbwrite'> <Ports = 0> <Width = 29> <Depth = 2> <FIFO>
ST_1 : Operation 36 [1/1] (0.00ns)   --->   "%num_pkts_c136 = alloca i64 1"   --->   Operation 36 'alloca' 'num_pkts_c136' <Predicate = true> <Delay = 0.00> <CoreInst = "FIFO_SRL">   --->   Core 81 'FIFO_SRL' <Latency = 0> <II = 1> <Delay = 1.39> <Storage> <Opcode : 'read' 'write' 'nbread' 'nbwrite'> <Ports = 0> <Width = 29> <Depth = 2> <FIFO>
ST_1 : Operation 37 [1/1] (0.00ns)   --->   "%num_pkts_c135 = alloca i64 1"   --->   Operation 37 'alloca' 'num_pkts_c135' <Predicate = true> <Delay = 0.00> <CoreInst = "FIFO_SRL">   --->   Core 81 'FIFO_SRL' <Latency = 0> <II = 1> <Delay = 1.39> <Storage> <Opcode : 'read' 'write' 'nbread' 'nbwrite'> <Ports = 0> <Width = 29> <Depth = 2> <FIFO>
ST_1 : Operation 38 [1/1] (0.00ns)   --->   "%num_pkts_c = alloca i64 1"   --->   Operation 38 'alloca' 'num_pkts_c' <Predicate = true> <Delay = 0.00> <CoreInst = "FIFO_SRL">   --->   Core 81 'FIFO_SRL' <Latency = 0> <II = 1> <Delay = 1.39> <Storage> <Opcode : 'read' 'write' 'nbread' 'nbwrite'> <Ports = 0> <Width = 29> <Depth = 2> <FIFO>
ST_1 : Operation 39 [1/1] (0.00ns)   --->   "%stencilConfig_6_c134 = alloca i64 1"   --->   Operation 39 'alloca' 'stencilConfig_6_c134' <Predicate = true> <Delay = 0.00> <CoreInst = "FIFO_SRL">   --->   Core 81 'FIFO_SRL' <Latency = 0> <II = 1> <Delay = 1.33> <Storage> <Opcode : 'read' 'write' 'nbread' 'nbwrite'> <Ports = 0> <Width = 14> <Depth = 4> <FIFO>
ST_1 : Operation 40 [1/1] (0.00ns)   --->   "%stencilConfig_6_c133 = alloca i64 1"   --->   Operation 40 'alloca' 'stencilConfig_6_c133' <Predicate = true> <Delay = 0.00> <CoreInst = "FIFO_SRL">   --->   Core 81 'FIFO_SRL' <Latency = 0> <II = 1> <Delay = 1.33> <Storage> <Opcode : 'read' 'write' 'nbread' 'nbwrite'> <Ports = 0> <Width = 14> <Depth = 4> <FIFO>
ST_1 : Operation 41 [1/1] (0.00ns)   --->   "%stencilConfig_6_c132 = alloca i64 1"   --->   Operation 41 'alloca' 'stencilConfig_6_c132' <Predicate = true> <Delay = 0.00> <CoreInst = "FIFO_SRL">   --->   Core 81 'FIFO_SRL' <Latency = 0> <II = 1> <Delay = 1.33> <Storage> <Opcode : 'read' 'write' 'nbread' 'nbwrite'> <Ports = 0> <Width = 14> <Depth = 4> <FIFO>
ST_1 : Operation 42 [1/1] (0.00ns)   --->   "%stencilConfig_6_c131 = alloca i64 1"   --->   Operation 42 'alloca' 'stencilConfig_6_c131' <Predicate = true> <Delay = 0.00> <CoreInst = "FIFO_SRL">   --->   Core 81 'FIFO_SRL' <Latency = 0> <II = 1> <Delay = 1.33> <Storage> <Opcode : 'read' 'write' 'nbread' 'nbwrite'> <Ports = 0> <Width = 14> <Depth = 4> <FIFO>
ST_1 : Operation 43 [1/1] (0.00ns)   --->   "%stencilConfig_6_c130 = alloca i64 1"   --->   Operation 43 'alloca' 'stencilConfig_6_c130' <Predicate = true> <Delay = 0.00> <CoreInst = "FIFO_SRL">   --->   Core 81 'FIFO_SRL' <Latency = 0> <II = 1> <Delay = 1.33> <Storage> <Opcode : 'read' 'write' 'nbread' 'nbwrite'> <Ports = 0> <Width = 14> <Depth = 3> <FIFO>
ST_1 : Operation 44 [1/1] (0.00ns)   --->   "%stencilConfig_6_c129 = alloca i64 1"   --->   Operation 44 'alloca' 'stencilConfig_6_c129' <Predicate = true> <Delay = 0.00> <CoreInst = "FIFO_SRL">   --->   Core 81 'FIFO_SRL' <Latency = 0> <II = 1> <Delay = 1.33> <Storage> <Opcode : 'read' 'write' 'nbread' 'nbwrite'> <Ports = 0> <Width = 14> <Depth = 3> <FIFO>
ST_1 : Operation 45 [1/1] (0.00ns)   --->   "%stencilConfig_6_c128 = alloca i64 1"   --->   Operation 45 'alloca' 'stencilConfig_6_c128' <Predicate = true> <Delay = 0.00> <CoreInst = "FIFO_SRL">   --->   Core 81 'FIFO_SRL' <Latency = 0> <II = 1> <Delay = 1.33> <Storage> <Opcode : 'read' 'write' 'nbread' 'nbwrite'> <Ports = 0> <Width = 14> <Depth = 3> <FIFO>
ST_1 : Operation 46 [1/1] (0.00ns)   --->   "%stencilConfig_6_c127 = alloca i64 1"   --->   Operation 46 'alloca' 'stencilConfig_6_c127' <Predicate = true> <Delay = 0.00> <CoreInst = "FIFO_SRL">   --->   Core 81 'FIFO_SRL' <Latency = 0> <II = 1> <Delay = 1.33> <Storage> <Opcode : 'read' 'write' 'nbread' 'nbwrite'> <Ports = 0> <Width = 14> <Depth = 3> <FIFO>
ST_1 : Operation 47 [1/1] (0.00ns)   --->   "%stencilConfig_6_c126 = alloca i64 1"   --->   Operation 47 'alloca' 'stencilConfig_6_c126' <Predicate = true> <Delay = 0.00> <CoreInst = "FIFO_SRL">   --->   Core 81 'FIFO_SRL' <Latency = 0> <II = 1> <Delay = 1.33> <Storage> <Opcode : 'read' 'write' 'nbread' 'nbwrite'> <Ports = 0> <Width = 14> <Depth = 3> <FIFO>
ST_1 : Operation 48 [1/1] (0.00ns)   --->   "%stencilConfig_6_c125 = alloca i64 1"   --->   Operation 48 'alloca' 'stencilConfig_6_c125' <Predicate = true> <Delay = 0.00> <CoreInst = "FIFO_SRL">   --->   Core 81 'FIFO_SRL' <Latency = 0> <II = 1> <Delay = 1.33> <Storage> <Opcode : 'read' 'write' 'nbread' 'nbwrite'> <Ports = 0> <Width = 14> <Depth = 3> <FIFO>
ST_1 : Operation 49 [1/1] (0.00ns)   --->   "%stencilConfig_6_c124 = alloca i64 1"   --->   Operation 49 'alloca' 'stencilConfig_6_c124' <Predicate = true> <Delay = 0.00> <CoreInst = "FIFO_SRL">   --->   Core 81 'FIFO_SRL' <Latency = 0> <II = 1> <Delay = 1.33> <Storage> <Opcode : 'read' 'write' 'nbread' 'nbwrite'> <Ports = 0> <Width = 14> <Depth = 3> <FIFO>
ST_1 : Operation 50 [1/1] (0.00ns)   --->   "%stencilConfig_6_c = alloca i64 1"   --->   Operation 50 'alloca' 'stencilConfig_6_c' <Predicate = true> <Delay = 0.00> <CoreInst = "FIFO_SRL">   --->   Core 81 'FIFO_SRL' <Latency = 0> <II = 1> <Delay = 1.33> <Storage> <Opcode : 'read' 'write' 'nbread' 'nbwrite'> <Ports = 0> <Width = 14> <Depth = 3> <FIFO>
ST_1 : Operation 51 [1/1] (0.00ns)   --->   "%stencilConfig_5_0_c123 = alloca i64 1"   --->   Operation 51 'alloca' 'stencilConfig_5_0_c123' <Predicate = true> <Delay = 0.00> <CoreInst = "FIFO_SRL">   --->   Core 81 'FIFO_SRL' <Latency = 0> <II = 1> <Delay = 1.35> <Storage> <Opcode : 'read' 'write' 'nbread' 'nbwrite'> <Ports = 0> <Width = 1> <Depth = 4> <FIFO>
ST_1 : Operation 52 [1/1] (0.00ns)   --->   "%stencilConfig_5_0_c122 = alloca i64 1"   --->   Operation 52 'alloca' 'stencilConfig_5_0_c122' <Predicate = true> <Delay = 0.00> <CoreInst = "FIFO_SRL">   --->   Core 81 'FIFO_SRL' <Latency = 0> <II = 1> <Delay = 1.35> <Storage> <Opcode : 'read' 'write' 'nbread' 'nbwrite'> <Ports = 0> <Width = 1> <Depth = 4> <FIFO>
ST_1 : Operation 53 [1/1] (0.00ns)   --->   "%stencilConfig_5_0_c121 = alloca i64 1"   --->   Operation 53 'alloca' 'stencilConfig_5_0_c121' <Predicate = true> <Delay = 0.00> <CoreInst = "FIFO_SRL">   --->   Core 81 'FIFO_SRL' <Latency = 0> <II = 1> <Delay = 1.35> <Storage> <Opcode : 'read' 'write' 'nbread' 'nbwrite'> <Ports = 0> <Width = 1> <Depth = 4> <FIFO>
ST_1 : Operation 54 [1/1] (0.00ns)   --->   "%stencilConfig_5_0_c120 = alloca i64 1"   --->   Operation 54 'alloca' 'stencilConfig_5_0_c120' <Predicate = true> <Delay = 0.00> <CoreInst = "FIFO_SRL">   --->   Core 81 'FIFO_SRL' <Latency = 0> <II = 1> <Delay = 1.35> <Storage> <Opcode : 'read' 'write' 'nbread' 'nbwrite'> <Ports = 0> <Width = 1> <Depth = 4> <FIFO>
ST_1 : Operation 55 [1/1] (0.00ns)   --->   "%stencilConfig_5_0_c119 = alloca i64 1"   --->   Operation 55 'alloca' 'stencilConfig_5_0_c119' <Predicate = true> <Delay = 0.00> <CoreInst = "FIFO_SRL">   --->   Core 81 'FIFO_SRL' <Latency = 0> <II = 1> <Delay = 1.35> <Storage> <Opcode : 'read' 'write' 'nbread' 'nbwrite'> <Ports = 0> <Width = 1> <Depth = 3> <FIFO>
ST_1 : Operation 56 [1/1] (0.00ns)   --->   "%stencilConfig_5_0_c118 = alloca i64 1"   --->   Operation 56 'alloca' 'stencilConfig_5_0_c118' <Predicate = true> <Delay = 0.00> <CoreInst = "FIFO_SRL">   --->   Core 81 'FIFO_SRL' <Latency = 0> <II = 1> <Delay = 1.35> <Storage> <Opcode : 'read' 'write' 'nbread' 'nbwrite'> <Ports = 0> <Width = 1> <Depth = 3> <FIFO>
ST_1 : Operation 57 [1/1] (0.00ns)   --->   "%stencilConfig_5_0_c117 = alloca i64 1"   --->   Operation 57 'alloca' 'stencilConfig_5_0_c117' <Predicate = true> <Delay = 0.00> <CoreInst = "FIFO_SRL">   --->   Core 81 'FIFO_SRL' <Latency = 0> <II = 1> <Delay = 1.35> <Storage> <Opcode : 'read' 'write' 'nbread' 'nbwrite'> <Ports = 0> <Width = 1> <Depth = 3> <FIFO>
ST_1 : Operation 58 [1/1] (0.00ns)   --->   "%stencilConfig_5_0_c116 = alloca i64 1"   --->   Operation 58 'alloca' 'stencilConfig_5_0_c116' <Predicate = true> <Delay = 0.00> <CoreInst = "FIFO_SRL">   --->   Core 81 'FIFO_SRL' <Latency = 0> <II = 1> <Delay = 1.35> <Storage> <Opcode : 'read' 'write' 'nbread' 'nbwrite'> <Ports = 0> <Width = 1> <Depth = 3> <FIFO>
ST_1 : Operation 59 [1/1] (0.00ns)   --->   "%stencilConfig_5_0_c115 = alloca i64 1"   --->   Operation 59 'alloca' 'stencilConfig_5_0_c115' <Predicate = true> <Delay = 0.00> <CoreInst = "FIFO_SRL">   --->   Core 81 'FIFO_SRL' <Latency = 0> <II = 1> <Delay = 1.35> <Storage> <Opcode : 'read' 'write' 'nbread' 'nbwrite'> <Ports = 0> <Width = 1> <Depth = 3> <FIFO>
ST_1 : Operation 60 [1/1] (0.00ns)   --->   "%stencilConfig_5_0_c114 = alloca i64 1"   --->   Operation 60 'alloca' 'stencilConfig_5_0_c114' <Predicate = true> <Delay = 0.00> <CoreInst = "FIFO_SRL">   --->   Core 81 'FIFO_SRL' <Latency = 0> <II = 1> <Delay = 1.35> <Storage> <Opcode : 'read' 'write' 'nbread' 'nbwrite'> <Ports = 0> <Width = 1> <Depth = 3> <FIFO>
ST_1 : Operation 61 [1/1] (0.00ns)   --->   "%stencilConfig_5_0_c113 = alloca i64 1"   --->   Operation 61 'alloca' 'stencilConfig_5_0_c113' <Predicate = true> <Delay = 0.00> <CoreInst = "FIFO_SRL">   --->   Core 81 'FIFO_SRL' <Latency = 0> <II = 1> <Delay = 1.35> <Storage> <Opcode : 'read' 'write' 'nbread' 'nbwrite'> <Ports = 0> <Width = 1> <Depth = 3> <FIFO>
ST_1 : Operation 62 [1/1] (0.00ns)   --->   "%stencilConfig_5_0_c = alloca i64 1"   --->   Operation 62 'alloca' 'stencilConfig_5_0_c' <Predicate = true> <Delay = 0.00> <CoreInst = "FIFO_SRL">   --->   Core 81 'FIFO_SRL' <Latency = 0> <II = 1> <Delay = 1.35> <Storage> <Opcode : 'read' 'write' 'nbread' 'nbwrite'> <Ports = 0> <Width = 1> <Depth = 3> <FIFO>
ST_1 : Operation 63 [1/1] (0.00ns)   --->   "%stencilConfig_4_0_c112 = alloca i64 1"   --->   Operation 63 'alloca' 'stencilConfig_4_0_c112' <Predicate = true> <Delay = 0.00> <CoreInst = "FIFO_SRL">   --->   Core 81 'FIFO_SRL' <Latency = 0> <II = 1> <Delay = 1.35> <Storage> <Opcode : 'read' 'write' 'nbread' 'nbwrite'> <Ports = 0> <Width = 1> <Depth = 4> <FIFO>
ST_1 : Operation 64 [1/1] (0.00ns)   --->   "%stencilConfig_4_0_c111 = alloca i64 1"   --->   Operation 64 'alloca' 'stencilConfig_4_0_c111' <Predicate = true> <Delay = 0.00> <CoreInst = "FIFO_SRL">   --->   Core 81 'FIFO_SRL' <Latency = 0> <II = 1> <Delay = 1.35> <Storage> <Opcode : 'read' 'write' 'nbread' 'nbwrite'> <Ports = 0> <Width = 1> <Depth = 3> <FIFO>
ST_1 : Operation 65 [1/1] (0.00ns)   --->   "%stencilConfig_4_0_c = alloca i64 1"   --->   Operation 65 'alloca' 'stencilConfig_4_0_c' <Predicate = true> <Delay = 0.00> <CoreInst = "FIFO_SRL">   --->   Core 81 'FIFO_SRL' <Latency = 0> <II = 1> <Delay = 1.35> <Storage> <Opcode : 'read' 'write' 'nbread' 'nbwrite'> <Ports = 0> <Width = 1> <Depth = 3> <FIFO>
ST_1 : Operation 66 [1/1] (0.00ns)   --->   "%stencilConfig_3_c110 = alloca i64 1"   --->   Operation 66 'alloca' 'stencilConfig_3_c110' <Predicate = true> <Delay = 0.00> <CoreInst = "FIFO_SRL">   --->   Core 81 'FIFO_SRL' <Latency = 0> <II = 1> <Delay = 1.33> <Storage> <Opcode : 'read' 'write' 'nbread' 'nbwrite'> <Ports = 0> <Width = 16> <Depth = 4> <FIFO>
ST_1 : Operation 67 [1/1] (0.00ns)   --->   "%stencilConfig_3_c109 = alloca i64 1"   --->   Operation 67 'alloca' 'stencilConfig_3_c109' <Predicate = true> <Delay = 0.00> <CoreInst = "FIFO_SRL">   --->   Core 81 'FIFO_SRL' <Latency = 0> <II = 1> <Delay = 1.33> <Storage> <Opcode : 'read' 'write' 'nbread' 'nbwrite'> <Ports = 0> <Width = 16> <Depth = 4> <FIFO>
ST_1 : Operation 68 [1/1] (0.00ns)   --->   "%stencilConfig_3_c108 = alloca i64 1"   --->   Operation 68 'alloca' 'stencilConfig_3_c108' <Predicate = true> <Delay = 0.00> <CoreInst = "FIFO_SRL">   --->   Core 81 'FIFO_SRL' <Latency = 0> <II = 1> <Delay = 1.33> <Storage> <Opcode : 'read' 'write' 'nbread' 'nbwrite'> <Ports = 0> <Width = 16> <Depth = 4> <FIFO>
ST_1 : Operation 69 [1/1] (0.00ns)   --->   "%stencilConfig_3_c107 = alloca i64 1"   --->   Operation 69 'alloca' 'stencilConfig_3_c107' <Predicate = true> <Delay = 0.00> <CoreInst = "FIFO_SRL">   --->   Core 81 'FIFO_SRL' <Latency = 0> <II = 1> <Delay = 1.33> <Storage> <Opcode : 'read' 'write' 'nbread' 'nbwrite'> <Ports = 0> <Width = 16> <Depth = 4> <FIFO>
ST_1 : Operation 70 [1/1] (0.00ns)   --->   "%stencilConfig_3_c106 = alloca i64 1"   --->   Operation 70 'alloca' 'stencilConfig_3_c106' <Predicate = true> <Delay = 0.00> <CoreInst = "FIFO_SRL">   --->   Core 81 'FIFO_SRL' <Latency = 0> <II = 1> <Delay = 1.33> <Storage> <Opcode : 'read' 'write' 'nbread' 'nbwrite'> <Ports = 0> <Width = 16> <Depth = 3> <FIFO>
ST_1 : Operation 71 [1/1] (0.00ns)   --->   "%stencilConfig_3_c105 = alloca i64 1"   --->   Operation 71 'alloca' 'stencilConfig_3_c105' <Predicate = true> <Delay = 0.00> <CoreInst = "FIFO_SRL">   --->   Core 81 'FIFO_SRL' <Latency = 0> <II = 1> <Delay = 1.33> <Storage> <Opcode : 'read' 'write' 'nbread' 'nbwrite'> <Ports = 0> <Width = 16> <Depth = 3> <FIFO>
ST_1 : Operation 72 [1/1] (0.00ns)   --->   "%stencilConfig_3_c104 = alloca i64 1"   --->   Operation 72 'alloca' 'stencilConfig_3_c104' <Predicate = true> <Delay = 0.00> <CoreInst = "FIFO_SRL">   --->   Core 81 'FIFO_SRL' <Latency = 0> <II = 1> <Delay = 1.33> <Storage> <Opcode : 'read' 'write' 'nbread' 'nbwrite'> <Ports = 0> <Width = 16> <Depth = 3> <FIFO>
ST_1 : Operation 73 [1/1] (0.00ns)   --->   "%stencilConfig_3_c103 = alloca i64 1"   --->   Operation 73 'alloca' 'stencilConfig_3_c103' <Predicate = true> <Delay = 0.00> <CoreInst = "FIFO_SRL">   --->   Core 81 'FIFO_SRL' <Latency = 0> <II = 1> <Delay = 1.33> <Storage> <Opcode : 'read' 'write' 'nbread' 'nbwrite'> <Ports = 0> <Width = 16> <Depth = 3> <FIFO>
ST_1 : Operation 74 [1/1] (0.00ns)   --->   "%stencilConfig_3_c102 = alloca i64 1"   --->   Operation 74 'alloca' 'stencilConfig_3_c102' <Predicate = true> <Delay = 0.00> <CoreInst = "FIFO_SRL">   --->   Core 81 'FIFO_SRL' <Latency = 0> <II = 1> <Delay = 1.33> <Storage> <Opcode : 'read' 'write' 'nbread' 'nbwrite'> <Ports = 0> <Width = 16> <Depth = 3> <FIFO>
ST_1 : Operation 75 [1/1] (0.00ns)   --->   "%stencilConfig_3_c101 = alloca i64 1"   --->   Operation 75 'alloca' 'stencilConfig_3_c101' <Predicate = true> <Delay = 0.00> <CoreInst = "FIFO_SRL">   --->   Core 81 'FIFO_SRL' <Latency = 0> <II = 1> <Delay = 1.33> <Storage> <Opcode : 'read' 'write' 'nbread' 'nbwrite'> <Ports = 0> <Width = 16> <Depth = 3> <FIFO>
ST_1 : Operation 76 [1/1] (0.00ns)   --->   "%stencilConfig_3_c100 = alloca i64 1"   --->   Operation 76 'alloca' 'stencilConfig_3_c100' <Predicate = true> <Delay = 0.00> <CoreInst = "FIFO_SRL">   --->   Core 81 'FIFO_SRL' <Latency = 0> <II = 1> <Delay = 1.33> <Storage> <Opcode : 'read' 'write' 'nbread' 'nbwrite'> <Ports = 0> <Width = 16> <Depth = 3> <FIFO>
ST_1 : Operation 77 [1/1] (0.00ns)   --->   "%stencilConfig_3_c = alloca i64 1"   --->   Operation 77 'alloca' 'stencilConfig_3_c' <Predicate = true> <Delay = 0.00> <CoreInst = "FIFO_SRL">   --->   Core 81 'FIFO_SRL' <Latency = 0> <II = 1> <Delay = 1.33> <Storage> <Opcode : 'read' 'write' 'nbread' 'nbwrite'> <Ports = 0> <Width = 16> <Depth = 3> <FIFO>
ST_1 : Operation 78 [1/1] (0.00ns)   --->   "%stencilConfig_2_c99 = alloca i64 1"   --->   Operation 78 'alloca' 'stencilConfig_2_c99' <Predicate = true> <Delay = 0.00> <CoreInst = "FIFO_SRL">   --->   Core 81 'FIFO_SRL' <Latency = 0> <II = 1> <Delay = 1.33> <Storage> <Opcode : 'read' 'write' 'nbread' 'nbwrite'> <Ports = 0> <Width = 16> <Depth = 4> <FIFO>
ST_1 : Operation 79 [1/1] (0.00ns)   --->   "%stencilConfig_2_c98 = alloca i64 1"   --->   Operation 79 'alloca' 'stencilConfig_2_c98' <Predicate = true> <Delay = 0.00> <CoreInst = "FIFO_SRL">   --->   Core 81 'FIFO_SRL' <Latency = 0> <II = 1> <Delay = 1.33> <Storage> <Opcode : 'read' 'write' 'nbread' 'nbwrite'> <Ports = 0> <Width = 16> <Depth = 4> <FIFO>
ST_1 : Operation 80 [1/1] (0.00ns)   --->   "%stencilConfig_2_c97 = alloca i64 1"   --->   Operation 80 'alloca' 'stencilConfig_2_c97' <Predicate = true> <Delay = 0.00> <CoreInst = "FIFO_SRL">   --->   Core 81 'FIFO_SRL' <Latency = 0> <II = 1> <Delay = 1.33> <Storage> <Opcode : 'read' 'write' 'nbread' 'nbwrite'> <Ports = 0> <Width = 16> <Depth = 4> <FIFO>
ST_1 : Operation 81 [1/1] (0.00ns)   --->   "%stencilConfig_2_c96 = alloca i64 1"   --->   Operation 81 'alloca' 'stencilConfig_2_c96' <Predicate = true> <Delay = 0.00> <CoreInst = "FIFO_SRL">   --->   Core 81 'FIFO_SRL' <Latency = 0> <II = 1> <Delay = 1.33> <Storage> <Opcode : 'read' 'write' 'nbread' 'nbwrite'> <Ports = 0> <Width = 16> <Depth = 4> <FIFO>
ST_1 : Operation 82 [1/1] (0.00ns)   --->   "%stencilConfig_2_c95 = alloca i64 1"   --->   Operation 82 'alloca' 'stencilConfig_2_c95' <Predicate = true> <Delay = 0.00> <CoreInst = "FIFO_SRL">   --->   Core 81 'FIFO_SRL' <Latency = 0> <II = 1> <Delay = 1.33> <Storage> <Opcode : 'read' 'write' 'nbread' 'nbwrite'> <Ports = 0> <Width = 16> <Depth = 3> <FIFO>
ST_1 : Operation 83 [1/1] (0.00ns)   --->   "%stencilConfig_2_c94 = alloca i64 1"   --->   Operation 83 'alloca' 'stencilConfig_2_c94' <Predicate = true> <Delay = 0.00> <CoreInst = "FIFO_SRL">   --->   Core 81 'FIFO_SRL' <Latency = 0> <II = 1> <Delay = 1.33> <Storage> <Opcode : 'read' 'write' 'nbread' 'nbwrite'> <Ports = 0> <Width = 16> <Depth = 3> <FIFO>
ST_1 : Operation 84 [1/1] (0.00ns)   --->   "%stencilConfig_2_c93 = alloca i64 1"   --->   Operation 84 'alloca' 'stencilConfig_2_c93' <Predicate = true> <Delay = 0.00> <CoreInst = "FIFO_SRL">   --->   Core 81 'FIFO_SRL' <Latency = 0> <II = 1> <Delay = 1.33> <Storage> <Opcode : 'read' 'write' 'nbread' 'nbwrite'> <Ports = 0> <Width = 16> <Depth = 3> <FIFO>
ST_1 : Operation 85 [1/1] (0.00ns)   --->   "%stencilConfig_2_c92 = alloca i64 1"   --->   Operation 85 'alloca' 'stencilConfig_2_c92' <Predicate = true> <Delay = 0.00> <CoreInst = "FIFO_SRL">   --->   Core 81 'FIFO_SRL' <Latency = 0> <II = 1> <Delay = 1.33> <Storage> <Opcode : 'read' 'write' 'nbread' 'nbwrite'> <Ports = 0> <Width = 16> <Depth = 3> <FIFO>
ST_1 : Operation 86 [1/1] (0.00ns)   --->   "%stencilConfig_2_c91 = alloca i64 1"   --->   Operation 86 'alloca' 'stencilConfig_2_c91' <Predicate = true> <Delay = 0.00> <CoreInst = "FIFO_SRL">   --->   Core 81 'FIFO_SRL' <Latency = 0> <II = 1> <Delay = 1.33> <Storage> <Opcode : 'read' 'write' 'nbread' 'nbwrite'> <Ports = 0> <Width = 16> <Depth = 3> <FIFO>
ST_1 : Operation 87 [1/1] (0.00ns)   --->   "%stencilConfig_2_c90 = alloca i64 1"   --->   Operation 87 'alloca' 'stencilConfig_2_c90' <Predicate = true> <Delay = 0.00> <CoreInst = "FIFO_SRL">   --->   Core 81 'FIFO_SRL' <Latency = 0> <II = 1> <Delay = 1.33> <Storage> <Opcode : 'read' 'write' 'nbread' 'nbwrite'> <Ports = 0> <Width = 16> <Depth = 3> <FIFO>
ST_1 : Operation 88 [1/1] (0.00ns)   --->   "%stencilConfig_2_c89 = alloca i64 1"   --->   Operation 88 'alloca' 'stencilConfig_2_c89' <Predicate = true> <Delay = 0.00> <CoreInst = "FIFO_SRL">   --->   Core 81 'FIFO_SRL' <Latency = 0> <II = 1> <Delay = 1.33> <Storage> <Opcode : 'read' 'write' 'nbread' 'nbwrite'> <Ports = 0> <Width = 16> <Depth = 3> <FIFO>
ST_1 : Operation 89 [1/1] (0.00ns)   --->   "%stencilConfig_2_c = alloca i64 1"   --->   Operation 89 'alloca' 'stencilConfig_2_c' <Predicate = true> <Delay = 0.00> <CoreInst = "FIFO_SRL">   --->   Core 81 'FIFO_SRL' <Latency = 0> <II = 1> <Delay = 1.33> <Storage> <Opcode : 'read' 'write' 'nbread' 'nbwrite'> <Ports = 0> <Width = 16> <Depth = 3> <FIFO>
ST_1 : Operation 90 [1/1] (0.00ns)   --->   "%stencilConfig_0_1_c88 = alloca i64 1"   --->   Operation 90 'alloca' 'stencilConfig_0_1_c88' <Predicate = true> <Delay = 0.00> <CoreInst = "FIFO_SRL">   --->   Core 81 'FIFO_SRL' <Latency = 0> <II = 1> <Delay = 1.33> <Storage> <Opcode : 'read' 'write' 'nbread' 'nbwrite'> <Ports = 0> <Width = 16> <Depth = 4> <FIFO>
ST_1 : Operation 91 [1/1] (0.00ns)   --->   "%stencilConfig_0_1_c87 = alloca i64 1"   --->   Operation 91 'alloca' 'stencilConfig_0_1_c87' <Predicate = true> <Delay = 0.00> <CoreInst = "FIFO_SRL">   --->   Core 81 'FIFO_SRL' <Latency = 0> <II = 1> <Delay = 1.33> <Storage> <Opcode : 'read' 'write' 'nbread' 'nbwrite'> <Ports = 0> <Width = 16> <Depth = 4> <FIFO>
ST_1 : Operation 92 [1/1] (0.00ns)   --->   "%stencilConfig_0_1_c86 = alloca i64 1"   --->   Operation 92 'alloca' 'stencilConfig_0_1_c86' <Predicate = true> <Delay = 0.00> <CoreInst = "FIFO_SRL">   --->   Core 81 'FIFO_SRL' <Latency = 0> <II = 1> <Delay = 1.33> <Storage> <Opcode : 'read' 'write' 'nbread' 'nbwrite'> <Ports = 0> <Width = 16> <Depth = 4> <FIFO>
ST_1 : Operation 93 [1/1] (0.00ns)   --->   "%stencilConfig_0_1_c85 = alloca i64 1"   --->   Operation 93 'alloca' 'stencilConfig_0_1_c85' <Predicate = true> <Delay = 0.00> <CoreInst = "FIFO_SRL">   --->   Core 81 'FIFO_SRL' <Latency = 0> <II = 1> <Delay = 1.33> <Storage> <Opcode : 'read' 'write' 'nbread' 'nbwrite'> <Ports = 0> <Width = 16> <Depth = 4> <FIFO>
ST_1 : Operation 94 [1/1] (0.00ns)   --->   "%stencilConfig_0_1_c84 = alloca i64 1"   --->   Operation 94 'alloca' 'stencilConfig_0_1_c84' <Predicate = true> <Delay = 0.00> <CoreInst = "FIFO_SRL">   --->   Core 81 'FIFO_SRL' <Latency = 0> <II = 1> <Delay = 1.33> <Storage> <Opcode : 'read' 'write' 'nbread' 'nbwrite'> <Ports = 0> <Width = 16> <Depth = 3> <FIFO>
ST_1 : Operation 95 [1/1] (0.00ns)   --->   "%stencilConfig_0_1_c83 = alloca i64 1"   --->   Operation 95 'alloca' 'stencilConfig_0_1_c83' <Predicate = true> <Delay = 0.00> <CoreInst = "FIFO_SRL">   --->   Core 81 'FIFO_SRL' <Latency = 0> <II = 1> <Delay = 1.33> <Storage> <Opcode : 'read' 'write' 'nbread' 'nbwrite'> <Ports = 0> <Width = 16> <Depth = 3> <FIFO>
ST_1 : Operation 96 [1/1] (0.00ns)   --->   "%stencilConfig_0_1_c82 = alloca i64 1"   --->   Operation 96 'alloca' 'stencilConfig_0_1_c82' <Predicate = true> <Delay = 0.00> <CoreInst = "FIFO_SRL">   --->   Core 81 'FIFO_SRL' <Latency = 0> <II = 1> <Delay = 1.33> <Storage> <Opcode : 'read' 'write' 'nbread' 'nbwrite'> <Ports = 0> <Width = 16> <Depth = 3> <FIFO>
ST_1 : Operation 97 [1/1] (0.00ns)   --->   "%stencilConfig_0_1_c81 = alloca i64 1"   --->   Operation 97 'alloca' 'stencilConfig_0_1_c81' <Predicate = true> <Delay = 0.00> <CoreInst = "FIFO_SRL">   --->   Core 81 'FIFO_SRL' <Latency = 0> <II = 1> <Delay = 1.33> <Storage> <Opcode : 'read' 'write' 'nbread' 'nbwrite'> <Ports = 0> <Width = 16> <Depth = 3> <FIFO>
ST_1 : Operation 98 [1/1] (0.00ns)   --->   "%stencilConfig_0_1_c80 = alloca i64 1"   --->   Operation 98 'alloca' 'stencilConfig_0_1_c80' <Predicate = true> <Delay = 0.00> <CoreInst = "FIFO_SRL">   --->   Core 81 'FIFO_SRL' <Latency = 0> <II = 1> <Delay = 1.33> <Storage> <Opcode : 'read' 'write' 'nbread' 'nbwrite'> <Ports = 0> <Width = 16> <Depth = 3> <FIFO>
ST_1 : Operation 99 [1/1] (0.00ns)   --->   "%stencilConfig_0_1_c79 = alloca i64 1"   --->   Operation 99 'alloca' 'stencilConfig_0_1_c79' <Predicate = true> <Delay = 0.00> <CoreInst = "FIFO_SRL">   --->   Core 81 'FIFO_SRL' <Latency = 0> <II = 1> <Delay = 1.33> <Storage> <Opcode : 'read' 'write' 'nbread' 'nbwrite'> <Ports = 0> <Width = 16> <Depth = 3> <FIFO>
ST_1 : Operation 100 [1/1] (0.00ns)   --->   "%stencilConfig_0_1_c78 = alloca i64 1"   --->   Operation 100 'alloca' 'stencilConfig_0_1_c78' <Predicate = true> <Delay = 0.00> <CoreInst = "FIFO_SRL">   --->   Core 81 'FIFO_SRL' <Latency = 0> <II = 1> <Delay = 1.33> <Storage> <Opcode : 'read' 'write' 'nbread' 'nbwrite'> <Ports = 0> <Width = 16> <Depth = 3> <FIFO>
ST_1 : Operation 101 [1/1] (0.00ns)   --->   "%stencilConfig_0_1_c = alloca i64 1"   --->   Operation 101 'alloca' 'stencilConfig_0_1_c' <Predicate = true> <Delay = 0.00> <CoreInst = "FIFO_SRL">   --->   Core 81 'FIFO_SRL' <Latency = 0> <II = 1> <Delay = 1.33> <Storage> <Opcode : 'read' 'write' 'nbread' 'nbwrite'> <Ports = 0> <Width = 16> <Depth = 3> <FIFO>
ST_1 : Operation 102 [1/1] (0.00ns)   --->   "%stencilConfig_0_0_c77 = alloca i64 1"   --->   Operation 102 'alloca' 'stencilConfig_0_0_c77' <Predicate = true> <Delay = 0.00> <CoreInst = "FIFO_SRL">   --->   Core 81 'FIFO_SRL' <Latency = 0> <II = 1> <Delay = 1.33> <Storage> <Opcode : 'read' 'write' 'nbread' 'nbwrite'> <Ports = 0> <Width = 14> <Depth = 4> <FIFO>
ST_1 : Operation 103 [1/1] (0.00ns)   --->   "%stencilConfig_0_0_c76 = alloca i64 1"   --->   Operation 103 'alloca' 'stencilConfig_0_0_c76' <Predicate = true> <Delay = 0.00> <CoreInst = "FIFO_SRL">   --->   Core 81 'FIFO_SRL' <Latency = 0> <II = 1> <Delay = 1.33> <Storage> <Opcode : 'read' 'write' 'nbread' 'nbwrite'> <Ports = 0> <Width = 14> <Depth = 4> <FIFO>
ST_1 : Operation 104 [1/1] (0.00ns)   --->   "%stencilConfig_0_0_c75 = alloca i64 1"   --->   Operation 104 'alloca' 'stencilConfig_0_0_c75' <Predicate = true> <Delay = 0.00> <CoreInst = "FIFO_SRL">   --->   Core 81 'FIFO_SRL' <Latency = 0> <II = 1> <Delay = 1.33> <Storage> <Opcode : 'read' 'write' 'nbread' 'nbwrite'> <Ports = 0> <Width = 14> <Depth = 4> <FIFO>
ST_1 : Operation 105 [1/1] (0.00ns)   --->   "%stencilConfig_0_0_c74 = alloca i64 1"   --->   Operation 105 'alloca' 'stencilConfig_0_0_c74' <Predicate = true> <Delay = 0.00> <CoreInst = "FIFO_SRL">   --->   Core 81 'FIFO_SRL' <Latency = 0> <II = 1> <Delay = 1.33> <Storage> <Opcode : 'read' 'write' 'nbread' 'nbwrite'> <Ports = 0> <Width = 14> <Depth = 4> <FIFO>
ST_1 : Operation 106 [1/1] (0.00ns)   --->   "%stencilConfig_0_0_c73 = alloca i64 1"   --->   Operation 106 'alloca' 'stencilConfig_0_0_c73' <Predicate = true> <Delay = 0.00> <CoreInst = "FIFO_SRL">   --->   Core 81 'FIFO_SRL' <Latency = 0> <II = 1> <Delay = 1.33> <Storage> <Opcode : 'read' 'write' 'nbread' 'nbwrite'> <Ports = 0> <Width = 14> <Depth = 3> <FIFO>
ST_1 : Operation 107 [1/1] (0.00ns)   --->   "%stencilConfig_0_0_c72 = alloca i64 1"   --->   Operation 107 'alloca' 'stencilConfig_0_0_c72' <Predicate = true> <Delay = 0.00> <CoreInst = "FIFO_SRL">   --->   Core 81 'FIFO_SRL' <Latency = 0> <II = 1> <Delay = 1.33> <Storage> <Opcode : 'read' 'write' 'nbread' 'nbwrite'> <Ports = 0> <Width = 14> <Depth = 3> <FIFO>
ST_1 : Operation 108 [1/1] (0.00ns)   --->   "%stencilConfig_0_0_c71 = alloca i64 1"   --->   Operation 108 'alloca' 'stencilConfig_0_0_c71' <Predicate = true> <Delay = 0.00> <CoreInst = "FIFO_SRL">   --->   Core 81 'FIFO_SRL' <Latency = 0> <II = 1> <Delay = 1.33> <Storage> <Opcode : 'read' 'write' 'nbread' 'nbwrite'> <Ports = 0> <Width = 14> <Depth = 3> <FIFO>
ST_1 : Operation 109 [1/1] (0.00ns)   --->   "%stencilConfig_0_0_c70 = alloca i64 1"   --->   Operation 109 'alloca' 'stencilConfig_0_0_c70' <Predicate = true> <Delay = 0.00> <CoreInst = "FIFO_SRL">   --->   Core 81 'FIFO_SRL' <Latency = 0> <II = 1> <Delay = 1.33> <Storage> <Opcode : 'read' 'write' 'nbread' 'nbwrite'> <Ports = 0> <Width = 14> <Depth = 3> <FIFO>
ST_1 : Operation 110 [1/1] (0.00ns)   --->   "%stencilConfig_0_0_c69 = alloca i64 1"   --->   Operation 110 'alloca' 'stencilConfig_0_0_c69' <Predicate = true> <Delay = 0.00> <CoreInst = "FIFO_SRL">   --->   Core 81 'FIFO_SRL' <Latency = 0> <II = 1> <Delay = 1.33> <Storage> <Opcode : 'read' 'write' 'nbread' 'nbwrite'> <Ports = 0> <Width = 14> <Depth = 3> <FIFO>
ST_1 : Operation 111 [1/1] (0.00ns)   --->   "%stencilConfig_0_0_c68 = alloca i64 1"   --->   Operation 111 'alloca' 'stencilConfig_0_0_c68' <Predicate = true> <Delay = 0.00> <CoreInst = "FIFO_SRL">   --->   Core 81 'FIFO_SRL' <Latency = 0> <II = 1> <Delay = 1.33> <Storage> <Opcode : 'read' 'write' 'nbread' 'nbwrite'> <Ports = 0> <Width = 14> <Depth = 3> <FIFO>
ST_1 : Operation 112 [1/1] (0.00ns)   --->   "%stencilConfig_0_0_c67 = alloca i64 1"   --->   Operation 112 'alloca' 'stencilConfig_0_0_c67' <Predicate = true> <Delay = 0.00> <CoreInst = "FIFO_SRL">   --->   Core 81 'FIFO_SRL' <Latency = 0> <II = 1> <Delay = 1.33> <Storage> <Opcode : 'read' 'write' 'nbread' 'nbwrite'> <Ports = 0> <Width = 14> <Depth = 3> <FIFO>
ST_1 : Operation 113 [1/1] (0.00ns)   --->   "%stencilConfig_0_0_c = alloca i64 1"   --->   Operation 113 'alloca' 'stencilConfig_0_0_c' <Predicate = true> <Delay = 0.00> <CoreInst = "FIFO_SRL">   --->   Core 81 'FIFO_SRL' <Latency = 0> <II = 1> <Delay = 1.33> <Storage> <Opcode : 'read' 'write' 'nbread' 'nbwrite'> <Ports = 0> <Width = 14> <Depth = 3> <FIFO>
ST_1 : Operation 114 [1/1] (0.00ns)   --->   "%arg0_arg1_streams_0_0 = alloca i64 1"   --->   Operation 114 'alloca' 'arg0_arg1_streams_0_0' <Predicate = true> <Delay = 0.00> <CoreInst = "FIFO">   --->   Core 78 'FIFO' <Latency = 0> <II = 1> <Delay = 1.13> <Storage> <Opcode : 'read' 'write' 'nbread' 'nbwrite'> <Ports = 0> <Width = 256> <Depth = 10> <FIFO>
ST_1 : Operation 115 [1/1] (0.00ns)   --->   "%arg0_arg1_streams_0_1 = alloca i64 1"   --->   Operation 115 'alloca' 'arg0_arg1_streams_0_1' <Predicate = true> <Delay = 0.00> <CoreInst = "FIFO">   --->   Core 78 'FIFO' <Latency = 0> <II = 1> <Delay = 1.13> <Storage> <Opcode : 'read' 'write' 'nbread' 'nbwrite'> <Ports = 0> <Width = 256> <Depth = 10> <FIFO>
ST_1 : Operation 116 [1/1] (0.00ns)   --->   "%arg0_arg1_streams_0_2 = alloca i64 1"   --->   Operation 116 'alloca' 'arg0_arg1_streams_0_2' <Predicate = true> <Delay = 0.00> <CoreInst = "FIFO">   --->   Core 78 'FIFO' <Latency = 0> <II = 1> <Delay = 1.13> <Storage> <Opcode : 'read' 'write' 'nbread' 'nbwrite'> <Ports = 0> <Width = 256> <Depth = 10> <FIFO>
ST_1 : Operation 117 [1/1] (0.00ns)   --->   "%arg0_arg1_streams_0_3 = alloca i64 1"   --->   Operation 117 'alloca' 'arg0_arg1_streams_0_3' <Predicate = true> <Delay = 0.00> <CoreInst = "FIFO">   --->   Core 78 'FIFO' <Latency = 0> <II = 1> <Delay = 1.13> <Storage> <Opcode : 'read' 'write' 'nbread' 'nbwrite'> <Ports = 0> <Width = 256> <Depth = 10> <FIFO>
ST_1 : Operation 118 [1/1] (0.00ns)   --->   "%arg0_arg1_streams_0_4 = alloca i64 1"   --->   Operation 118 'alloca' 'arg0_arg1_streams_0_4' <Predicate = true> <Delay = 0.00> <CoreInst = "FIFO">   --->   Core 78 'FIFO' <Latency = 0> <II = 1> <Delay = 1.13> <Storage> <Opcode : 'read' 'write' 'nbread' 'nbwrite'> <Ports = 0> <Width = 256> <Depth = 10> <FIFO>
ST_1 : Operation 119 [1/1] (0.00ns)   --->   "%arg0_arg1_streams_0_5 = alloca i64 1"   --->   Operation 119 'alloca' 'arg0_arg1_streams_0_5' <Predicate = true> <Delay = 0.00> <CoreInst = "FIFO">   --->   Core 78 'FIFO' <Latency = 0> <II = 1> <Delay = 1.13> <Storage> <Opcode : 'read' 'write' 'nbread' 'nbwrite'> <Ports = 0> <Width = 256> <Depth = 10> <FIFO>
ST_1 : Operation 120 [1/1] (0.00ns)   --->   "%arg0_arg1_streams_0_6 = alloca i64 1"   --->   Operation 120 'alloca' 'arg0_arg1_streams_0_6' <Predicate = true> <Delay = 0.00> <CoreInst = "FIFO">   --->   Core 78 'FIFO' <Latency = 0> <II = 1> <Delay = 1.13> <Storage> <Opcode : 'read' 'write' 'nbread' 'nbwrite'> <Ports = 0> <Width = 256> <Depth = 10> <FIFO>
ST_1 : Operation 121 [1/1] (0.00ns)   --->   "%arg0_arg1_streams_0_7 = alloca i64 1"   --->   Operation 121 'alloca' 'arg0_arg1_streams_0_7' <Predicate = true> <Delay = 0.00> <CoreInst = "FIFO">   --->   Core 78 'FIFO' <Latency = 0> <II = 1> <Delay = 1.13> <Storage> <Opcode : 'read' 'write' 'nbread' 'nbwrite'> <Ports = 0> <Width = 256> <Depth = 10> <FIFO>
ST_1 : Operation 122 [1/1] (0.00ns)   --->   "%arg0_arg1_streams_1_0 = alloca i64 1"   --->   Operation 122 'alloca' 'arg0_arg1_streams_1_0' <Predicate = true> <Delay = 0.00> <CoreInst = "FIFO">   --->   Core 78 'FIFO' <Latency = 0> <II = 1> <Delay = 1.13> <Storage> <Opcode : 'read' 'write' 'nbread' 'nbwrite'> <Ports = 0> <Width = 256> <Depth = 10> <FIFO>
ST_1 : Operation 123 [1/1] (0.00ns)   --->   "%arg0_arg1_streams_1_1 = alloca i64 1"   --->   Operation 123 'alloca' 'arg0_arg1_streams_1_1' <Predicate = true> <Delay = 0.00> <CoreInst = "FIFO">   --->   Core 78 'FIFO' <Latency = 0> <II = 1> <Delay = 1.13> <Storage> <Opcode : 'read' 'write' 'nbread' 'nbwrite'> <Ports = 0> <Width = 256> <Depth = 10> <FIFO>
ST_1 : Operation 124 [1/1] (0.00ns)   --->   "%arg0_arg1_streams_1_2 = alloca i64 1"   --->   Operation 124 'alloca' 'arg0_arg1_streams_1_2' <Predicate = true> <Delay = 0.00> <CoreInst = "FIFO">   --->   Core 78 'FIFO' <Latency = 0> <II = 1> <Delay = 1.13> <Storage> <Opcode : 'read' 'write' 'nbread' 'nbwrite'> <Ports = 0> <Width = 256> <Depth = 10> <FIFO>
ST_1 : Operation 125 [1/1] (0.00ns)   --->   "%arg0_arg1_streams_1_3 = alloca i64 1"   --->   Operation 125 'alloca' 'arg0_arg1_streams_1_3' <Predicate = true> <Delay = 0.00> <CoreInst = "FIFO">   --->   Core 78 'FIFO' <Latency = 0> <II = 1> <Delay = 1.13> <Storage> <Opcode : 'read' 'write' 'nbread' 'nbwrite'> <Ports = 0> <Width = 256> <Depth = 10> <FIFO>
ST_1 : Operation 126 [1/1] (0.00ns)   --->   "%arg0_arg1_streams_1_4 = alloca i64 1"   --->   Operation 126 'alloca' 'arg0_arg1_streams_1_4' <Predicate = true> <Delay = 0.00> <CoreInst = "FIFO">   --->   Core 78 'FIFO' <Latency = 0> <II = 1> <Delay = 1.13> <Storage> <Opcode : 'read' 'write' 'nbread' 'nbwrite'> <Ports = 0> <Width = 256> <Depth = 10> <FIFO>
ST_1 : Operation 127 [1/1] (0.00ns)   --->   "%arg0_arg1_streams_1_5 = alloca i64 1"   --->   Operation 127 'alloca' 'arg0_arg1_streams_1_5' <Predicate = true> <Delay = 0.00> <CoreInst = "FIFO">   --->   Core 78 'FIFO' <Latency = 0> <II = 1> <Delay = 1.13> <Storage> <Opcode : 'read' 'write' 'nbread' 'nbwrite'> <Ports = 0> <Width = 256> <Depth = 10> <FIFO>
ST_1 : Operation 128 [1/1] (0.00ns)   --->   "%arg0_arg1_streams_1_6 = alloca i64 1"   --->   Operation 128 'alloca' 'arg0_arg1_streams_1_6' <Predicate = true> <Delay = 0.00> <CoreInst = "FIFO">   --->   Core 78 'FIFO' <Latency = 0> <II = 1> <Delay = 1.13> <Storage> <Opcode : 'read' 'write' 'nbread' 'nbwrite'> <Ports = 0> <Width = 256> <Depth = 10> <FIFO>
ST_1 : Operation 129 [1/1] (0.00ns)   --->   "%arg0_arg1_streams_1_7 = alloca i64 1"   --->   Operation 129 'alloca' 'arg0_arg1_streams_1_7' <Predicate = true> <Delay = 0.00> <CoreInst = "FIFO">   --->   Core 78 'FIFO' <Latency = 0> <II = 1> <Delay = 1.13> <Storage> <Opcode : 'read' 'write' 'nbread' 'nbwrite'> <Ports = 0> <Width = 256> <Depth = 10> <FIFO>
ST_1 : Operation 130 [1/1] (0.00ns)   --->   "%arg0_poisson_kernel_stencil_in_subtile_stream_0_0 = alloca i64 1"   --->   Operation 130 'alloca' 'arg0_poisson_kernel_stencil_in_subtile_stream_0_0' <Predicate = true> <Delay = 0.00> <CoreInst = "FIFO_SRL">   --->   Core 81 'FIFO_SRL' <Latency = 0> <II = 1> <Delay = 1.41> <Storage> <Opcode : 'read' 'write' 'nbread' 'nbwrite'> <Ports = 0> <Width = 288> <Depth = 2> <FIFO>
ST_1 : Operation 131 [1/1] (0.00ns)   --->   "%arg0_poisson_kernel_stencil_in_subtile_stream_0_1 = alloca i64 1"   --->   Operation 131 'alloca' 'arg0_poisson_kernel_stencil_in_subtile_stream_0_1' <Predicate = true> <Delay = 0.00> <CoreInst = "FIFO_SRL">   --->   Core 81 'FIFO_SRL' <Latency = 0> <II = 1> <Delay = 1.41> <Storage> <Opcode : 'read' 'write' 'nbread' 'nbwrite'> <Ports = 0> <Width = 288> <Depth = 2> <FIFO>
ST_1 : Operation 132 [1/1] (0.00ns)   --->   "%arg0_poisson_kernel_stencil_in_subtile_stream_0_2 = alloca i64 1"   --->   Operation 132 'alloca' 'arg0_poisson_kernel_stencil_in_subtile_stream_0_2' <Predicate = true> <Delay = 0.00> <CoreInst = "FIFO_SRL">   --->   Core 81 'FIFO_SRL' <Latency = 0> <II = 1> <Delay = 1.41> <Storage> <Opcode : 'read' 'write' 'nbread' 'nbwrite'> <Ports = 0> <Width = 288> <Depth = 2> <FIFO>
ST_1 : Operation 133 [1/1] (0.00ns)   --->   "%arg0_poisson_kernel_stencil_in_subtile_stream_0_3 = alloca i64 1"   --->   Operation 133 'alloca' 'arg0_poisson_kernel_stencil_in_subtile_stream_0_3' <Predicate = true> <Delay = 0.00> <CoreInst = "FIFO_SRL">   --->   Core 81 'FIFO_SRL' <Latency = 0> <II = 1> <Delay = 1.41> <Storage> <Opcode : 'read' 'write' 'nbread' 'nbwrite'> <Ports = 0> <Width = 288> <Depth = 2> <FIFO>
ST_1 : Operation 134 [1/1] (0.00ns)   --->   "%arg0_poisson_kernel_stencil_in_subtile_stream_0_4 = alloca i64 1"   --->   Operation 134 'alloca' 'arg0_poisson_kernel_stencil_in_subtile_stream_0_4' <Predicate = true> <Delay = 0.00> <CoreInst = "FIFO_SRL">   --->   Core 81 'FIFO_SRL' <Latency = 0> <II = 1> <Delay = 1.41> <Storage> <Opcode : 'read' 'write' 'nbread' 'nbwrite'> <Ports = 0> <Width = 288> <Depth = 2> <FIFO>
ST_1 : Operation 135 [1/1] (0.00ns)   --->   "%arg0_poisson_kernel_stencil_in_subtile_stream_0_5 = alloca i64 1"   --->   Operation 135 'alloca' 'arg0_poisson_kernel_stencil_in_subtile_stream_0_5' <Predicate = true> <Delay = 0.00> <CoreInst = "FIFO_SRL">   --->   Core 81 'FIFO_SRL' <Latency = 0> <II = 1> <Delay = 1.41> <Storage> <Opcode : 'read' 'write' 'nbread' 'nbwrite'> <Ports = 0> <Width = 288> <Depth = 2> <FIFO>
ST_1 : Operation 136 [1/1] (0.00ns)   --->   "%arg0_poisson_kernel_stencil_in_subtile_stream_0_6 = alloca i64 1"   --->   Operation 136 'alloca' 'arg0_poisson_kernel_stencil_in_subtile_stream_0_6' <Predicate = true> <Delay = 0.00> <CoreInst = "FIFO_SRL">   --->   Core 81 'FIFO_SRL' <Latency = 0> <II = 1> <Delay = 1.41> <Storage> <Opcode : 'read' 'write' 'nbread' 'nbwrite'> <Ports = 0> <Width = 288> <Depth = 2> <FIFO>
ST_1 : Operation 137 [1/1] (0.00ns)   --->   "%arg0_poisson_kernel_stencil_in_subtile_stream_0_7 = alloca i64 1"   --->   Operation 137 'alloca' 'arg0_poisson_kernel_stencil_in_subtile_stream_0_7' <Predicate = true> <Delay = 0.00> <CoreInst = "FIFO_SRL">   --->   Core 81 'FIFO_SRL' <Latency = 0> <II = 1> <Delay = 1.41> <Storage> <Opcode : 'read' 'write' 'nbread' 'nbwrite'> <Ports = 0> <Width = 288> <Depth = 2> <FIFO>
ST_1 : Operation 138 [1/1] (0.00ns)   --->   "%arg0_poisson_kernel_stencil_in_subtile_stream_1_0 = alloca i64 1"   --->   Operation 138 'alloca' 'arg0_poisson_kernel_stencil_in_subtile_stream_1_0' <Predicate = true> <Delay = 0.00> <CoreInst = "FIFO_SRL">   --->   Core 81 'FIFO_SRL' <Latency = 0> <II = 1> <Delay = 1.41> <Storage> <Opcode : 'read' 'write' 'nbread' 'nbwrite'> <Ports = 0> <Width = 288> <Depth = 2> <FIFO>
ST_1 : Operation 139 [1/1] (0.00ns)   --->   "%arg0_poisson_kernel_stencil_in_subtile_stream_1_1 = alloca i64 1"   --->   Operation 139 'alloca' 'arg0_poisson_kernel_stencil_in_subtile_stream_1_1' <Predicate = true> <Delay = 0.00> <CoreInst = "FIFO_SRL">   --->   Core 81 'FIFO_SRL' <Latency = 0> <II = 1> <Delay = 1.41> <Storage> <Opcode : 'read' 'write' 'nbread' 'nbwrite'> <Ports = 0> <Width = 288> <Depth = 2> <FIFO>
ST_1 : Operation 140 [1/1] (0.00ns)   --->   "%arg0_poisson_kernel_stencil_in_subtile_stream_1_2 = alloca i64 1"   --->   Operation 140 'alloca' 'arg0_poisson_kernel_stencil_in_subtile_stream_1_2' <Predicate = true> <Delay = 0.00> <CoreInst = "FIFO_SRL">   --->   Core 81 'FIFO_SRL' <Latency = 0> <II = 1> <Delay = 1.41> <Storage> <Opcode : 'read' 'write' 'nbread' 'nbwrite'> <Ports = 0> <Width = 288> <Depth = 2> <FIFO>
ST_1 : Operation 141 [1/1] (0.00ns)   --->   "%arg0_poisson_kernel_stencil_in_subtile_stream_1_3 = alloca i64 1"   --->   Operation 141 'alloca' 'arg0_poisson_kernel_stencil_in_subtile_stream_1_3' <Predicate = true> <Delay = 0.00> <CoreInst = "FIFO_SRL">   --->   Core 81 'FIFO_SRL' <Latency = 0> <II = 1> <Delay = 1.41> <Storage> <Opcode : 'read' 'write' 'nbread' 'nbwrite'> <Ports = 0> <Width = 288> <Depth = 2> <FIFO>
ST_1 : Operation 142 [1/1] (0.00ns)   --->   "%arg0_poisson_kernel_stencil_in_subtile_stream_1_4 = alloca i64 1"   --->   Operation 142 'alloca' 'arg0_poisson_kernel_stencil_in_subtile_stream_1_4' <Predicate = true> <Delay = 0.00> <CoreInst = "FIFO_SRL">   --->   Core 81 'FIFO_SRL' <Latency = 0> <II = 1> <Delay = 1.41> <Storage> <Opcode : 'read' 'write' 'nbread' 'nbwrite'> <Ports = 0> <Width = 288> <Depth = 2> <FIFO>
ST_1 : Operation 143 [1/1] (0.00ns)   --->   "%arg0_poisson_kernel_stencil_in_subtile_stream_1_5 = alloca i64 1"   --->   Operation 143 'alloca' 'arg0_poisson_kernel_stencil_in_subtile_stream_1_5' <Predicate = true> <Delay = 0.00> <CoreInst = "FIFO_SRL">   --->   Core 81 'FIFO_SRL' <Latency = 0> <II = 1> <Delay = 1.41> <Storage> <Opcode : 'read' 'write' 'nbread' 'nbwrite'> <Ports = 0> <Width = 288> <Depth = 2> <FIFO>
ST_1 : Operation 144 [1/1] (0.00ns)   --->   "%arg0_poisson_kernel_stencil_in_subtile_stream_1_6 = alloca i64 1"   --->   Operation 144 'alloca' 'arg0_poisson_kernel_stencil_in_subtile_stream_1_6' <Predicate = true> <Delay = 0.00> <CoreInst = "FIFO_SRL">   --->   Core 81 'FIFO_SRL' <Latency = 0> <II = 1> <Delay = 1.41> <Storage> <Opcode : 'read' 'write' 'nbread' 'nbwrite'> <Ports = 0> <Width = 288> <Depth = 2> <FIFO>
ST_1 : Operation 145 [1/1] (0.00ns)   --->   "%arg0_poisson_kernel_stencil_in_subtile_stream_1_7 = alloca i64 1"   --->   Operation 145 'alloca' 'arg0_poisson_kernel_stencil_in_subtile_stream_1_7' <Predicate = true> <Delay = 0.00> <CoreInst = "FIFO_SRL">   --->   Core 81 'FIFO_SRL' <Latency = 0> <II = 1> <Delay = 1.41> <Storage> <Opcode : 'read' 'write' 'nbread' 'nbwrite'> <Ports = 0> <Width = 288> <Depth = 2> <FIFO>
ST_1 : Operation 146 [1/1] (0.00ns)   --->   "%arg0_poisson_kernel_stencil_in_subtile_stream_2_0 = alloca i64 1"   --->   Operation 146 'alloca' 'arg0_poisson_kernel_stencil_in_subtile_stream_2_0' <Predicate = true> <Delay = 0.00> <CoreInst = "FIFO_SRL">   --->   Core 81 'FIFO_SRL' <Latency = 0> <II = 1> <Delay = 1.41> <Storage> <Opcode : 'read' 'write' 'nbread' 'nbwrite'> <Ports = 0> <Width = 288> <Depth = 2> <FIFO>
ST_1 : Operation 147 [1/1] (0.00ns)   --->   "%arg0_poisson_kernel_stencil_in_subtile_stream_2_1 = alloca i64 1"   --->   Operation 147 'alloca' 'arg0_poisson_kernel_stencil_in_subtile_stream_2_1' <Predicate = true> <Delay = 0.00> <CoreInst = "FIFO_SRL">   --->   Core 81 'FIFO_SRL' <Latency = 0> <II = 1> <Delay = 1.41> <Storage> <Opcode : 'read' 'write' 'nbread' 'nbwrite'> <Ports = 0> <Width = 288> <Depth = 2> <FIFO>
ST_1 : Operation 148 [1/1] (0.00ns)   --->   "%arg0_poisson_kernel_stencil_in_subtile_stream_2_2 = alloca i64 1"   --->   Operation 148 'alloca' 'arg0_poisson_kernel_stencil_in_subtile_stream_2_2' <Predicate = true> <Delay = 0.00> <CoreInst = "FIFO_SRL">   --->   Core 81 'FIFO_SRL' <Latency = 0> <II = 1> <Delay = 1.41> <Storage> <Opcode : 'read' 'write' 'nbread' 'nbwrite'> <Ports = 0> <Width = 288> <Depth = 2> <FIFO>
ST_1 : Operation 149 [1/1] (0.00ns)   --->   "%arg0_poisson_kernel_stencil_in_subtile_stream_2_3 = alloca i64 1"   --->   Operation 149 'alloca' 'arg0_poisson_kernel_stencil_in_subtile_stream_2_3' <Predicate = true> <Delay = 0.00> <CoreInst = "FIFO_SRL">   --->   Core 81 'FIFO_SRL' <Latency = 0> <II = 1> <Delay = 1.41> <Storage> <Opcode : 'read' 'write' 'nbread' 'nbwrite'> <Ports = 0> <Width = 288> <Depth = 2> <FIFO>
ST_1 : Operation 150 [1/1] (0.00ns)   --->   "%arg0_poisson_kernel_stencil_in_subtile_stream_2_4 = alloca i64 1"   --->   Operation 150 'alloca' 'arg0_poisson_kernel_stencil_in_subtile_stream_2_4' <Predicate = true> <Delay = 0.00> <CoreInst = "FIFO_SRL">   --->   Core 81 'FIFO_SRL' <Latency = 0> <II = 1> <Delay = 1.41> <Storage> <Opcode : 'read' 'write' 'nbread' 'nbwrite'> <Ports = 0> <Width = 288> <Depth = 2> <FIFO>
ST_1 : Operation 151 [1/1] (0.00ns)   --->   "%arg0_poisson_kernel_stencil_in_subtile_stream_2_5 = alloca i64 1"   --->   Operation 151 'alloca' 'arg0_poisson_kernel_stencil_in_subtile_stream_2_5' <Predicate = true> <Delay = 0.00> <CoreInst = "FIFO_SRL">   --->   Core 81 'FIFO_SRL' <Latency = 0> <II = 1> <Delay = 1.41> <Storage> <Opcode : 'read' 'write' 'nbread' 'nbwrite'> <Ports = 0> <Width = 288> <Depth = 2> <FIFO>
ST_1 : Operation 152 [1/1] (0.00ns)   --->   "%arg0_poisson_kernel_stencil_in_subtile_stream_2_6 = alloca i64 1"   --->   Operation 152 'alloca' 'arg0_poisson_kernel_stencil_in_subtile_stream_2_6' <Predicate = true> <Delay = 0.00> <CoreInst = "FIFO_SRL">   --->   Core 81 'FIFO_SRL' <Latency = 0> <II = 1> <Delay = 1.41> <Storage> <Opcode : 'read' 'write' 'nbread' 'nbwrite'> <Ports = 0> <Width = 288> <Depth = 2> <FIFO>
ST_1 : Operation 153 [1/1] (0.00ns)   --->   "%arg0_poisson_kernel_stencil_in_subtile_stream_2_7 = alloca i64 1"   --->   Operation 153 'alloca' 'arg0_poisson_kernel_stencil_in_subtile_stream_2_7' <Predicate = true> <Delay = 0.00> <CoreInst = "FIFO_SRL">   --->   Core 81 'FIFO_SRL' <Latency = 0> <II = 1> <Delay = 1.41> <Storage> <Opcode : 'read' 'write' 'nbread' 'nbwrite'> <Ports = 0> <Width = 288> <Depth = 2> <FIFO>
ST_1 : Operation 154 [1/1] (0.00ns)   --->   "%arg1_poisson_kernel_stencil_out_subtile_stream_0_0 = alloca i64 1"   --->   Operation 154 'alloca' 'arg1_poisson_kernel_stencil_out_subtile_stream_0_0' <Predicate = true> <Delay = 0.00> <CoreInst = "FIFO_SRL">   --->   Core 81 'FIFO_SRL' <Latency = 0> <II = 1> <Delay = 1.41> <Storage> <Opcode : 'read' 'write' 'nbread' 'nbwrite'> <Ports = 0> <Width = 288> <Depth = 2> <FIFO>
ST_1 : Operation 155 [1/1] (0.00ns)   --->   "%arg1_poisson_kernel_stencil_out_subtile_stream_0_1 = alloca i64 1"   --->   Operation 155 'alloca' 'arg1_poisson_kernel_stencil_out_subtile_stream_0_1' <Predicate = true> <Delay = 0.00> <CoreInst = "FIFO_SRL">   --->   Core 81 'FIFO_SRL' <Latency = 0> <II = 1> <Delay = 1.41> <Storage> <Opcode : 'read' 'write' 'nbread' 'nbwrite'> <Ports = 0> <Width = 288> <Depth = 2> <FIFO>
ST_1 : Operation 156 [1/1] (0.00ns)   --->   "%arg1_poisson_kernel_stencil_out_subtile_stream_0_2 = alloca i64 1"   --->   Operation 156 'alloca' 'arg1_poisson_kernel_stencil_out_subtile_stream_0_2' <Predicate = true> <Delay = 0.00> <CoreInst = "FIFO_SRL">   --->   Core 81 'FIFO_SRL' <Latency = 0> <II = 1> <Delay = 1.41> <Storage> <Opcode : 'read' 'write' 'nbread' 'nbwrite'> <Ports = 0> <Width = 288> <Depth = 2> <FIFO>
ST_1 : Operation 157 [1/1] (0.00ns)   --->   "%arg1_poisson_kernel_stencil_out_subtile_stream_0_3 = alloca i64 1"   --->   Operation 157 'alloca' 'arg1_poisson_kernel_stencil_out_subtile_stream_0_3' <Predicate = true> <Delay = 0.00> <CoreInst = "FIFO_SRL">   --->   Core 81 'FIFO_SRL' <Latency = 0> <II = 1> <Delay = 1.41> <Storage> <Opcode : 'read' 'write' 'nbread' 'nbwrite'> <Ports = 0> <Width = 288> <Depth = 2> <FIFO>
ST_1 : Operation 158 [1/1] (0.00ns)   --->   "%arg1_poisson_kernel_stencil_out_subtile_stream_0_4 = alloca i64 1"   --->   Operation 158 'alloca' 'arg1_poisson_kernel_stencil_out_subtile_stream_0_4' <Predicate = true> <Delay = 0.00> <CoreInst = "FIFO_SRL">   --->   Core 81 'FIFO_SRL' <Latency = 0> <II = 1> <Delay = 1.41> <Storage> <Opcode : 'read' 'write' 'nbread' 'nbwrite'> <Ports = 0> <Width = 288> <Depth = 2> <FIFO>
ST_1 : Operation 159 [1/1] (0.00ns)   --->   "%arg1_poisson_kernel_stencil_out_subtile_stream_0_5 = alloca i64 1"   --->   Operation 159 'alloca' 'arg1_poisson_kernel_stencil_out_subtile_stream_0_5' <Predicate = true> <Delay = 0.00> <CoreInst = "FIFO_SRL">   --->   Core 81 'FIFO_SRL' <Latency = 0> <II = 1> <Delay = 1.41> <Storage> <Opcode : 'read' 'write' 'nbread' 'nbwrite'> <Ports = 0> <Width = 288> <Depth = 2> <FIFO>
ST_1 : Operation 160 [1/1] (0.00ns)   --->   "%arg1_poisson_kernel_stencil_out_subtile_stream_0_6 = alloca i64 1"   --->   Operation 160 'alloca' 'arg1_poisson_kernel_stencil_out_subtile_stream_0_6' <Predicate = true> <Delay = 0.00> <CoreInst = "FIFO_SRL">   --->   Core 81 'FIFO_SRL' <Latency = 0> <II = 1> <Delay = 1.41> <Storage> <Opcode : 'read' 'write' 'nbread' 'nbwrite'> <Ports = 0> <Width = 288> <Depth = 2> <FIFO>
ST_1 : Operation 161 [1/1] (0.00ns)   --->   "%arg1_poisson_kernel_stencil_out_subtile_stream_0_7 = alloca i64 1"   --->   Operation 161 'alloca' 'arg1_poisson_kernel_stencil_out_subtile_stream_0_7' <Predicate = true> <Delay = 0.00> <CoreInst = "FIFO_SRL">   --->   Core 81 'FIFO_SRL' <Latency = 0> <II = 1> <Delay = 1.41> <Storage> <Opcode : 'read' 'write' 'nbread' 'nbwrite'> <Ports = 0> <Width = 288> <Depth = 2> <FIFO>
ST_1 : Operation 162 [1/1] (0.00ns)   --->   "%arg1_poisson_kernel_stencil_out_subtile_stream_1_0 = alloca i64 1"   --->   Operation 162 'alloca' 'arg1_poisson_kernel_stencil_out_subtile_stream_1_0' <Predicate = true> <Delay = 0.00> <CoreInst = "FIFO_SRL">   --->   Core 81 'FIFO_SRL' <Latency = 0> <II = 1> <Delay = 1.41> <Storage> <Opcode : 'read' 'write' 'nbread' 'nbwrite'> <Ports = 0> <Width = 288> <Depth = 2> <FIFO>
ST_1 : Operation 163 [1/1] (0.00ns)   --->   "%arg1_poisson_kernel_stencil_out_subtile_stream_1_1 = alloca i64 1"   --->   Operation 163 'alloca' 'arg1_poisson_kernel_stencil_out_subtile_stream_1_1' <Predicate = true> <Delay = 0.00> <CoreInst = "FIFO_SRL">   --->   Core 81 'FIFO_SRL' <Latency = 0> <II = 1> <Delay = 1.41> <Storage> <Opcode : 'read' 'write' 'nbread' 'nbwrite'> <Ports = 0> <Width = 288> <Depth = 2> <FIFO>
ST_1 : Operation 164 [1/1] (0.00ns)   --->   "%arg1_poisson_kernel_stencil_out_subtile_stream_1_2 = alloca i64 1"   --->   Operation 164 'alloca' 'arg1_poisson_kernel_stencil_out_subtile_stream_1_2' <Predicate = true> <Delay = 0.00> <CoreInst = "FIFO_SRL">   --->   Core 81 'FIFO_SRL' <Latency = 0> <II = 1> <Delay = 1.41> <Storage> <Opcode : 'read' 'write' 'nbread' 'nbwrite'> <Ports = 0> <Width = 288> <Depth = 2> <FIFO>
ST_1 : Operation 165 [1/1] (0.00ns)   --->   "%arg1_poisson_kernel_stencil_out_subtile_stream_1_3 = alloca i64 1"   --->   Operation 165 'alloca' 'arg1_poisson_kernel_stencil_out_subtile_stream_1_3' <Predicate = true> <Delay = 0.00> <CoreInst = "FIFO_SRL">   --->   Core 81 'FIFO_SRL' <Latency = 0> <II = 1> <Delay = 1.41> <Storage> <Opcode : 'read' 'write' 'nbread' 'nbwrite'> <Ports = 0> <Width = 288> <Depth = 2> <FIFO>
ST_1 : Operation 166 [1/1] (0.00ns)   --->   "%arg1_poisson_kernel_stencil_out_subtile_stream_1_4 = alloca i64 1"   --->   Operation 166 'alloca' 'arg1_poisson_kernel_stencil_out_subtile_stream_1_4' <Predicate = true> <Delay = 0.00> <CoreInst = "FIFO_SRL">   --->   Core 81 'FIFO_SRL' <Latency = 0> <II = 1> <Delay = 1.41> <Storage> <Opcode : 'read' 'write' 'nbread' 'nbwrite'> <Ports = 0> <Width = 288> <Depth = 2> <FIFO>
ST_1 : Operation 167 [1/1] (0.00ns)   --->   "%arg1_poisson_kernel_stencil_out_subtile_stream_1_5 = alloca i64 1"   --->   Operation 167 'alloca' 'arg1_poisson_kernel_stencil_out_subtile_stream_1_5' <Predicate = true> <Delay = 0.00> <CoreInst = "FIFO_SRL">   --->   Core 81 'FIFO_SRL' <Latency = 0> <II = 1> <Delay = 1.41> <Storage> <Opcode : 'read' 'write' 'nbread' 'nbwrite'> <Ports = 0> <Width = 288> <Depth = 2> <FIFO>
ST_1 : Operation 168 [1/1] (0.00ns)   --->   "%arg1_poisson_kernel_stencil_out_subtile_stream_1_6 = alloca i64 1"   --->   Operation 168 'alloca' 'arg1_poisson_kernel_stencil_out_subtile_stream_1_6' <Predicate = true> <Delay = 0.00> <CoreInst = "FIFO_SRL">   --->   Core 81 'FIFO_SRL' <Latency = 0> <II = 1> <Delay = 1.41> <Storage> <Opcode : 'read' 'write' 'nbread' 'nbwrite'> <Ports = 0> <Width = 288> <Depth = 2> <FIFO>
ST_1 : Operation 169 [1/1] (0.00ns)   --->   "%arg1_poisson_kernel_stencil_out_subtile_stream_1_7 = alloca i64 1"   --->   Operation 169 'alloca' 'arg1_poisson_kernel_stencil_out_subtile_stream_1_7' <Predicate = true> <Delay = 0.00> <CoreInst = "FIFO_SRL">   --->   Core 81 'FIFO_SRL' <Latency = 0> <II = 1> <Delay = 1.41> <Storage> <Opcode : 'read' 'write' 'nbread' 'nbwrite'> <Ports = 0> <Width = 288> <Depth = 2> <FIFO>
ST_1 : Operation 170 [1/1] (0.00ns)   --->   "%arg1_poisson_kernel_stencil_out_subtile_stream_2_0 = alloca i64 1"   --->   Operation 170 'alloca' 'arg1_poisson_kernel_stencil_out_subtile_stream_2_0' <Predicate = true> <Delay = 0.00> <CoreInst = "FIFO_SRL">   --->   Core 81 'FIFO_SRL' <Latency = 0> <II = 1> <Delay = 1.41> <Storage> <Opcode : 'read' 'write' 'nbread' 'nbwrite'> <Ports = 0> <Width = 288> <Depth = 2> <FIFO>
ST_1 : Operation 171 [1/1] (0.00ns)   --->   "%arg1_poisson_kernel_stencil_out_subtile_stream_2_1 = alloca i64 1"   --->   Operation 171 'alloca' 'arg1_poisson_kernel_stencil_out_subtile_stream_2_1' <Predicate = true> <Delay = 0.00> <CoreInst = "FIFO_SRL">   --->   Core 81 'FIFO_SRL' <Latency = 0> <II = 1> <Delay = 1.41> <Storage> <Opcode : 'read' 'write' 'nbread' 'nbwrite'> <Ports = 0> <Width = 288> <Depth = 2> <FIFO>
ST_1 : Operation 172 [1/1] (0.00ns)   --->   "%arg1_poisson_kernel_stencil_out_subtile_stream_2_2 = alloca i64 1"   --->   Operation 172 'alloca' 'arg1_poisson_kernel_stencil_out_subtile_stream_2_2' <Predicate = true> <Delay = 0.00> <CoreInst = "FIFO_SRL">   --->   Core 81 'FIFO_SRL' <Latency = 0> <II = 1> <Delay = 1.41> <Storage> <Opcode : 'read' 'write' 'nbread' 'nbwrite'> <Ports = 0> <Width = 288> <Depth = 2> <FIFO>
ST_1 : Operation 173 [1/1] (0.00ns)   --->   "%arg1_poisson_kernel_stencil_out_subtile_stream_2_3 = alloca i64 1"   --->   Operation 173 'alloca' 'arg1_poisson_kernel_stencil_out_subtile_stream_2_3' <Predicate = true> <Delay = 0.00> <CoreInst = "FIFO_SRL">   --->   Core 81 'FIFO_SRL' <Latency = 0> <II = 1> <Delay = 1.41> <Storage> <Opcode : 'read' 'write' 'nbread' 'nbwrite'> <Ports = 0> <Width = 288> <Depth = 2> <FIFO>
ST_1 : Operation 174 [1/1] (0.00ns)   --->   "%arg1_poisson_kernel_stencil_out_subtile_stream_2_4 = alloca i64 1"   --->   Operation 174 'alloca' 'arg1_poisson_kernel_stencil_out_subtile_stream_2_4' <Predicate = true> <Delay = 0.00> <CoreInst = "FIFO_SRL">   --->   Core 81 'FIFO_SRL' <Latency = 0> <II = 1> <Delay = 1.41> <Storage> <Opcode : 'read' 'write' 'nbread' 'nbwrite'> <Ports = 0> <Width = 288> <Depth = 2> <FIFO>
ST_1 : Operation 175 [1/1] (0.00ns)   --->   "%arg1_poisson_kernel_stencil_out_subtile_stream_2_5 = alloca i64 1"   --->   Operation 175 'alloca' 'arg1_poisson_kernel_stencil_out_subtile_stream_2_5' <Predicate = true> <Delay = 0.00> <CoreInst = "FIFO_SRL">   --->   Core 81 'FIFO_SRL' <Latency = 0> <II = 1> <Delay = 1.41> <Storage> <Opcode : 'read' 'write' 'nbread' 'nbwrite'> <Ports = 0> <Width = 288> <Depth = 2> <FIFO>
ST_1 : Operation 176 [1/1] (0.00ns)   --->   "%arg1_poisson_kernel_stencil_out_subtile_stream_2_6 = alloca i64 1"   --->   Operation 176 'alloca' 'arg1_poisson_kernel_stencil_out_subtile_stream_2_6' <Predicate = true> <Delay = 0.00> <CoreInst = "FIFO_SRL">   --->   Core 81 'FIFO_SRL' <Latency = 0> <II = 1> <Delay = 1.41> <Storage> <Opcode : 'read' 'write' 'nbread' 'nbwrite'> <Ports = 0> <Width = 288> <Depth = 2> <FIFO>
ST_1 : Operation 177 [1/1] (0.00ns)   --->   "%arg1_poisson_kernel_stencil_out_subtile_stream_2_7 = alloca i64 1"   --->   Operation 177 'alloca' 'arg1_poisson_kernel_stencil_out_subtile_stream_2_7' <Predicate = true> <Delay = 0.00> <CoreInst = "FIFO_SRL">   --->   Core 81 'FIFO_SRL' <Latency = 0> <II = 1> <Delay = 1.41> <Storage> <Opcode : 'read' 'write' 'nbread' 'nbwrite'> <Ports = 0> <Width = 288> <Depth = 2> <FIFO>
ST_1 : Operation 178 [1/1] (1.21ns)   --->   "%call_ln0 = call void @entry_proc, i14 %p_read_25, i14 %stencilConfig_0_0_c74, i14 %stencilConfig_0_0_c75, i14 %stencilConfig_0_0_c76, i14 %stencilConfig_0_0_c77, i16 %p_read18, i16 %stencilConfig_0_1_c85, i16 %stencilConfig_0_1_c86, i16 %stencilConfig_0_1_c87, i16 %stencilConfig_0_1_c88, i16 %p_read29, i16 %stencilConfig_2_c96, i16 %stencilConfig_2_c97, i16 %stencilConfig_2_c98, i16 %stencilConfig_2_c99, i16 %p_read310, i16 %stencilConfig_3_c107, i16 %stencilConfig_3_c108, i16 %stencilConfig_3_c109, i16 %stencilConfig_3_c110, i1 %p_read411, i1 %stencilConfig_4_0_c112, i1 %p_read512, i1 %stencilConfig_5_0_c120, i1 %stencilConfig_5_0_c121, i1 %stencilConfig_5_0_c122, i1 %stencilConfig_5_0_c123, i14 %p_read613, i14 %stencilConfig_6_c131, i14 %stencilConfig_6_c132, i14 %stencilConfig_6_c133, i14 %stencilConfig_6_c134"   --->   Operation 178 'call' 'call_ln0' <Predicate = true> <Delay = 1.21> <CoreType = "Generic">   --->   Core 0 '' <Latency = 0> <II = 1> <Delay = 1.00> <Generic> <Opcode : >
ST_1 : Operation 179 [2/2] (1.21ns)   --->   "%call_ln111 = call void @axis2stream<256u>, i256 %arg0_0_axis_in_V_data_V, i32 %arg0_0_axis_in_V_keep_V, i32 %arg0_0_axis_in_V_strb_V, i1 %arg0_0_axis_in_V_last_V, i256 %arg0_arg1_streams_0_0, i29 %num_pkts_read, i29 %num_pkts_c145" [/home/x_thileeb/repos/ops-hls-batching-new/codegen_apps/tiling/poisson2d/u280_project/maxtile_8192_interleave_p8/hls/device/src/kernel_outerloop_0_2.cpp:111]   --->   Operation 179 'call' 'call_ln111' <Predicate = true> <Delay = 1.21> <CoreType = "Generic">   --->   Core 0 '' <Latency = 0> <II = 1> <Delay = 1.00> <Generic> <Opcode : >
ST_1 : Operation 180 [2/2] (1.21ns)   --->   "%call_ln112 = call void @axis2stream<256u>.1, i256 %arg0_1_axis_in_V_data_V, i32 %arg0_1_axis_in_V_keep_V, i32 %arg0_1_axis_in_V_strb_V, i1 %arg0_1_axis_in_V_last_V, i256 %arg0_arg1_streams_0_1, i29 %num_pkts_read" [/home/x_thileeb/repos/ops-hls-batching-new/codegen_apps/tiling/poisson2d/u280_project/maxtile_8192_interleave_p8/hls/device/src/kernel_outerloop_0_2.cpp:112]   --->   Operation 180 'call' 'call_ln112' <Predicate = true> <Delay = 1.21> <CoreType = "Generic">   --->   Core 0 '' <Latency = 0> <II = 1> <Delay = 1.00> <Generic> <Opcode : >
ST_1 : Operation 181 [2/2] (1.21ns)   --->   "%call_ln113 = call void @axis2stream<256u>.2, i256 %arg0_2_axis_in_V_data_V, i32 %arg0_2_axis_in_V_keep_V, i32 %arg0_2_axis_in_V_strb_V, i1 %arg0_2_axis_in_V_last_V, i256 %arg0_arg1_streams_0_2, i29 %num_pkts_read" [/home/x_thileeb/repos/ops-hls-batching-new/codegen_apps/tiling/poisson2d/u280_project/maxtile_8192_interleave_p8/hls/device/src/kernel_outerloop_0_2.cpp:113]   --->   Operation 181 'call' 'call_ln113' <Predicate = true> <Delay = 1.21> <CoreType = "Generic">   --->   Core 0 '' <Latency = 0> <II = 1> <Delay = 1.00> <Generic> <Opcode : >
ST_1 : Operation 182 [2/2] (1.21ns)   --->   "%call_ln114 = call void @axis2stream<256u>.3, i256 %arg0_3_axis_in_V_data_V, i32 %arg0_3_axis_in_V_keep_V, i32 %arg0_3_axis_in_V_strb_V, i1 %arg0_3_axis_in_V_last_V, i256 %arg0_arg1_streams_0_3, i29 %num_pkts_read" [/home/x_thileeb/repos/ops-hls-batching-new/codegen_apps/tiling/poisson2d/u280_project/maxtile_8192_interleave_p8/hls/device/src/kernel_outerloop_0_2.cpp:114]   --->   Operation 182 'call' 'call_ln114' <Predicate = true> <Delay = 1.21> <CoreType = "Generic">   --->   Core 0 '' <Latency = 0> <II = 1> <Delay = 1.00> <Generic> <Opcode : >
ST_1 : Operation 183 [2/2] (1.21ns)   --->   "%call_ln115 = call void @axis2stream<256u>.4, i256 %arg0_4_axis_in_V_data_V, i32 %arg0_4_axis_in_V_keep_V, i32 %arg0_4_axis_in_V_strb_V, i1 %arg0_4_axis_in_V_last_V, i256 %arg0_arg1_streams_0_4, i29 %num_pkts_read" [/home/x_thileeb/repos/ops-hls-batching-new/codegen_apps/tiling/poisson2d/u280_project/maxtile_8192_interleave_p8/hls/device/src/kernel_outerloop_0_2.cpp:115]   --->   Operation 183 'call' 'call_ln115' <Predicate = true> <Delay = 1.21> <CoreType = "Generic">   --->   Core 0 '' <Latency = 0> <II = 1> <Delay = 1.00> <Generic> <Opcode : >
ST_1 : Operation 184 [2/2] (1.21ns)   --->   "%call_ln116 = call void @axis2stream<256u>.5, i256 %arg0_5_axis_in_V_data_V, i32 %arg0_5_axis_in_V_keep_V, i32 %arg0_5_axis_in_V_strb_V, i1 %arg0_5_axis_in_V_last_V, i256 %arg0_arg1_streams_0_5, i29 %num_pkts_read" [/home/x_thileeb/repos/ops-hls-batching-new/codegen_apps/tiling/poisson2d/u280_project/maxtile_8192_interleave_p8/hls/device/src/kernel_outerloop_0_2.cpp:116]   --->   Operation 184 'call' 'call_ln116' <Predicate = true> <Delay = 1.21> <CoreType = "Generic">   --->   Core 0 '' <Latency = 0> <II = 1> <Delay = 1.00> <Generic> <Opcode : >
ST_1 : Operation 185 [2/2] (1.21ns)   --->   "%call_ln117 = call void @axis2stream<256u>.6, i256 %arg0_6_axis_in_V_data_V, i32 %arg0_6_axis_in_V_keep_V, i32 %arg0_6_axis_in_V_strb_V, i1 %arg0_6_axis_in_V_last_V, i256 %arg0_arg1_streams_0_6, i29 %num_pkts_read" [/home/x_thileeb/repos/ops-hls-batching-new/codegen_apps/tiling/poisson2d/u280_project/maxtile_8192_interleave_p8/hls/device/src/kernel_outerloop_0_2.cpp:117]   --->   Operation 185 'call' 'call_ln117' <Predicate = true> <Delay = 1.21> <CoreType = "Generic">   --->   Core 0 '' <Latency = 0> <II = 1> <Delay = 1.00> <Generic> <Opcode : >
ST_1 : Operation 186 [2/2] (1.21ns)   --->   "%call_ln118 = call void @axis2stream<256u>.7, i256 %arg0_7_axis_in_V_data_V, i32 %arg0_7_axis_in_V_keep_V, i32 %arg0_7_axis_in_V_strb_V, i1 %arg0_7_axis_in_V_last_V, i256 %arg0_arg1_streams_0_7, i29 %num_pkts_read" [/home/x_thileeb/repos/ops-hls-batching-new/codegen_apps/tiling/poisson2d/u280_project/maxtile_8192_interleave_p8/hls/device/src/kernel_outerloop_0_2.cpp:118]   --->   Operation 186 'call' 'call_ln118' <Predicate = true> <Delay = 1.21> <CoreType = "Generic">   --->   Core 0 '' <Latency = 0> <II = 1> <Delay = 1.00> <Generic> <Opcode : >

State 2 <SV = 1> <Delay = 0.00>
ST_2 : Operation 187 [1/2] (0.00ns)   --->   "%call_ln111 = call void @axis2stream<256u>, i256 %arg0_0_axis_in_V_data_V, i32 %arg0_0_axis_in_V_keep_V, i32 %arg0_0_axis_in_V_strb_V, i1 %arg0_0_axis_in_V_last_V, i256 %arg0_arg1_streams_0_0, i29 %num_pkts_read, i29 %num_pkts_c145" [/home/x_thileeb/repos/ops-hls-batching-new/codegen_apps/tiling/poisson2d/u280_project/maxtile_8192_interleave_p8/hls/device/src/kernel_outerloop_0_2.cpp:111]   --->   Operation 187 'call' 'call_ln111' <Predicate = true> <Delay = 0.00> <CoreType = "Generic">   --->   Core 0 '' <Latency = 0> <II = 1> <Delay = 1.00> <Generic> <Opcode : >
ST_2 : Operation 188 [1/2] (0.00ns)   --->   "%call_ln112 = call void @axis2stream<256u>.1, i256 %arg0_1_axis_in_V_data_V, i32 %arg0_1_axis_in_V_keep_V, i32 %arg0_1_axis_in_V_strb_V, i1 %arg0_1_axis_in_V_last_V, i256 %arg0_arg1_streams_0_1, i29 %num_pkts_read" [/home/x_thileeb/repos/ops-hls-batching-new/codegen_apps/tiling/poisson2d/u280_project/maxtile_8192_interleave_p8/hls/device/src/kernel_outerloop_0_2.cpp:112]   --->   Operation 188 'call' 'call_ln112' <Predicate = true> <Delay = 0.00> <CoreType = "Generic">   --->   Core 0 '' <Latency = 0> <II = 1> <Delay = 1.00> <Generic> <Opcode : >
ST_2 : Operation 189 [1/2] (0.00ns)   --->   "%call_ln113 = call void @axis2stream<256u>.2, i256 %arg0_2_axis_in_V_data_V, i32 %arg0_2_axis_in_V_keep_V, i32 %arg0_2_axis_in_V_strb_V, i1 %arg0_2_axis_in_V_last_V, i256 %arg0_arg1_streams_0_2, i29 %num_pkts_read" [/home/x_thileeb/repos/ops-hls-batching-new/codegen_apps/tiling/poisson2d/u280_project/maxtile_8192_interleave_p8/hls/device/src/kernel_outerloop_0_2.cpp:113]   --->   Operation 189 'call' 'call_ln113' <Predicate = true> <Delay = 0.00> <CoreType = "Generic">   --->   Core 0 '' <Latency = 0> <II = 1> <Delay = 1.00> <Generic> <Opcode : >
ST_2 : Operation 190 [1/2] (0.00ns)   --->   "%call_ln114 = call void @axis2stream<256u>.3, i256 %arg0_3_axis_in_V_data_V, i32 %arg0_3_axis_in_V_keep_V, i32 %arg0_3_axis_in_V_strb_V, i1 %arg0_3_axis_in_V_last_V, i256 %arg0_arg1_streams_0_3, i29 %num_pkts_read" [/home/x_thileeb/repos/ops-hls-batching-new/codegen_apps/tiling/poisson2d/u280_project/maxtile_8192_interleave_p8/hls/device/src/kernel_outerloop_0_2.cpp:114]   --->   Operation 190 'call' 'call_ln114' <Predicate = true> <Delay = 0.00> <CoreType = "Generic">   --->   Core 0 '' <Latency = 0> <II = 1> <Delay = 1.00> <Generic> <Opcode : >
ST_2 : Operation 191 [1/2] (0.00ns)   --->   "%call_ln115 = call void @axis2stream<256u>.4, i256 %arg0_4_axis_in_V_data_V, i32 %arg0_4_axis_in_V_keep_V, i32 %arg0_4_axis_in_V_strb_V, i1 %arg0_4_axis_in_V_last_V, i256 %arg0_arg1_streams_0_4, i29 %num_pkts_read" [/home/x_thileeb/repos/ops-hls-batching-new/codegen_apps/tiling/poisson2d/u280_project/maxtile_8192_interleave_p8/hls/device/src/kernel_outerloop_0_2.cpp:115]   --->   Operation 191 'call' 'call_ln115' <Predicate = true> <Delay = 0.00> <CoreType = "Generic">   --->   Core 0 '' <Latency = 0> <II = 1> <Delay = 1.00> <Generic> <Opcode : >
ST_2 : Operation 192 [1/2] (0.00ns)   --->   "%call_ln116 = call void @axis2stream<256u>.5, i256 %arg0_5_axis_in_V_data_V, i32 %arg0_5_axis_in_V_keep_V, i32 %arg0_5_axis_in_V_strb_V, i1 %arg0_5_axis_in_V_last_V, i256 %arg0_arg1_streams_0_5, i29 %num_pkts_read" [/home/x_thileeb/repos/ops-hls-batching-new/codegen_apps/tiling/poisson2d/u280_project/maxtile_8192_interleave_p8/hls/device/src/kernel_outerloop_0_2.cpp:116]   --->   Operation 192 'call' 'call_ln116' <Predicate = true> <Delay = 0.00> <CoreType = "Generic">   --->   Core 0 '' <Latency = 0> <II = 1> <Delay = 1.00> <Generic> <Opcode : >
ST_2 : Operation 193 [1/2] (0.00ns)   --->   "%call_ln117 = call void @axis2stream<256u>.6, i256 %arg0_6_axis_in_V_data_V, i32 %arg0_6_axis_in_V_keep_V, i32 %arg0_6_axis_in_V_strb_V, i1 %arg0_6_axis_in_V_last_V, i256 %arg0_arg1_streams_0_6, i29 %num_pkts_read" [/home/x_thileeb/repos/ops-hls-batching-new/codegen_apps/tiling/poisson2d/u280_project/maxtile_8192_interleave_p8/hls/device/src/kernel_outerloop_0_2.cpp:117]   --->   Operation 193 'call' 'call_ln117' <Predicate = true> <Delay = 0.00> <CoreType = "Generic">   --->   Core 0 '' <Latency = 0> <II = 1> <Delay = 1.00> <Generic> <Opcode : >
ST_2 : Operation 194 [1/2] (0.00ns)   --->   "%call_ln118 = call void @axis2stream<256u>.7, i256 %arg0_7_axis_in_V_data_V, i32 %arg0_7_axis_in_V_keep_V, i32 %arg0_7_axis_in_V_strb_V, i1 %arg0_7_axis_in_V_last_V, i256 %arg0_arg1_streams_0_7, i29 %num_pkts_read" [/home/x_thileeb/repos/ops-hls-batching-new/codegen_apps/tiling/poisson2d/u280_project/maxtile_8192_interleave_p8/hls/device/src/kernel_outerloop_0_2.cpp:118]   --->   Operation 194 'call' 'call_ln118' <Predicate = true> <Delay = 0.00> <CoreType = "Generic">   --->   Core 0 '' <Latency = 0> <II = 1> <Delay = 1.00> <Generic> <Opcode : >

State 3 <SV = 2> <Delay = 0.00>
ST_3 : Operation 195 [2/2] (0.00ns)   --->   "%call_ln124 = call void @stream2interleave, i256 %arg0_arg1_streams_0_0, i256 %arg0_arg1_streams_0_1, i256 %arg0_arg1_streams_0_2, i256 %arg0_arg1_streams_0_3, i256 %arg0_arg1_streams_0_4, i256 %arg0_arg1_streams_0_5, i256 %arg0_arg1_streams_0_6, i256 %arg0_arg1_streams_0_7, i288 %arg0_poisson_kernel_stencil_in_subtile_stream_0_0, i288 %arg0_poisson_kernel_stencil_in_subtile_stream_0_1, i288 %arg0_poisson_kernel_stencil_in_subtile_stream_0_2, i288 %arg0_poisson_kernel_stencil_in_subtile_stream_0_3, i288 %arg0_poisson_kernel_stencil_in_subtile_stream_0_4, i288 %arg0_poisson_kernel_stencil_in_subtile_stream_0_5, i288 %arg0_poisson_kernel_stencil_in_subtile_stream_0_6, i288 %arg0_poisson_kernel_stencil_in_subtile_stream_0_7, i29 %num_pkts_c145, i29 %num_pkts_c144" [/home/x_thileeb/repos/ops-hls-batching-new/codegen_apps/tiling/poisson2d/u280_project/maxtile_8192_interleave_p8/hls/device/src/kernel_outerloop_0_2.cpp:124]   --->   Operation 195 'call' 'call_ln124' <Predicate = true> <Delay = 0.00> <CoreType = "Generic">   --->   Core 0 '' <Latency = 0> <II = 1> <Delay = 1.00> <Generic> <Opcode : >

State 4 <SV = 3> <Delay = 0.00>
ST_4 : Operation 196 [1/2] (0.00ns)   --->   "%call_ln124 = call void @stream2interleave, i256 %arg0_arg1_streams_0_0, i256 %arg0_arg1_streams_0_1, i256 %arg0_arg1_streams_0_2, i256 %arg0_arg1_streams_0_3, i256 %arg0_arg1_streams_0_4, i256 %arg0_arg1_streams_0_5, i256 %arg0_arg1_streams_0_6, i256 %arg0_arg1_streams_0_7, i288 %arg0_poisson_kernel_stencil_in_subtile_stream_0_0, i288 %arg0_poisson_kernel_stencil_in_subtile_stream_0_1, i288 %arg0_poisson_kernel_stencil_in_subtile_stream_0_2, i288 %arg0_poisson_kernel_stencil_in_subtile_stream_0_3, i288 %arg0_poisson_kernel_stencil_in_subtile_stream_0_4, i288 %arg0_poisson_kernel_stencil_in_subtile_stream_0_5, i288 %arg0_poisson_kernel_stencil_in_subtile_stream_0_6, i288 %arg0_poisson_kernel_stencil_in_subtile_stream_0_7, i29 %num_pkts_c145, i29 %num_pkts_c144" [/home/x_thileeb/repos/ops-hls-batching-new/codegen_apps/tiling/poisson2d/u280_project/maxtile_8192_interleave_p8/hls/device/src/kernel_outerloop_0_2.cpp:124]   --->   Operation 196 'call' 'call_ln124' <Predicate = true> <Delay = 0.00> <CoreType = "Generic">   --->   Core 0 '' <Latency = 0> <II = 1> <Delay = 1.00> <Generic> <Opcode : >

State 5 <SV = 4> <Delay = 0.00>
ST_5 : Operation 197 [2/2] (0.00ns)   --->   "%call_ln125 = call void @kernel_poisson_kernel_stencil_PE<(unsigned short)4, (unsigned short)0>, i14 %stencilConfig_0_0_c77, i16 %stencilConfig_0_1_c88, i16 %stencilConfig_2_c99, i16 %stencilConfig_3_c110, i1 %stencilConfig_4_0_c112, i1 %stencilConfig_5_0_c123, i14 %stencilConfig_6_c134, i288 %arg0_poisson_kernel_stencil_in_subtile_stream_0_0, i288 %arg0_poisson_kernel_stencil_in_subtile_stream_0_1, i288 %arg1_poisson_kernel_stencil_out_subtile_stream_0_0, i288 %arg1_poisson_kernel_stencil_out_subtile_stream_0_1, i14 %stencilConfig_0_0_c70, i14 %stencilConfig_0_0_c71, i14 %stencilConfig_0_0_c72, i14 %stencilConfig_0_0_c73, i16 %stencilConfig_0_1_c81, i16 %stencilConfig_0_1_c82, i16 %stencilConfig_0_1_c83, i16 %stencilConfig_0_1_c84, i16 %stencilConfig_2_c92, i16 %stencilConfig_2_c93, i16 %stencilConfig_2_c94, i16 %stencilConfig_2_c95, i16 %stencilConfig_3_c103, i16 %stencilConfig_3_c104, i16 %stencilConfig_3_c105, i16 %stencilConfig_3_c106, i1 %stencilConfig_4_0_c111, i1 %stencilConfig_5_0_c116, i1 %stencilConfig_5_0_c117, i1 %stencilConfig_5_0_c118, i1 %stencilConfig_5_0_c119, i14 %stencilConfig_6_c127, i14 %stencilConfig_6_c128, i14 %stencilConfig_6_c129, i14 %stencilConfig_6_c130" [/home/x_thileeb/repos/ops-hls-batching-new/codegen_apps/tiling/poisson2d/u280_project/maxtile_8192_interleave_p8/hls/device/src/kernel_outerloop_0_2.cpp:125]   --->   Operation 197 'call' 'call_ln125' <Predicate = true> <Delay = 0.00> <CoreType = "Generic">   --->   Core 0 '' <Latency = 0> <II = 1> <Delay = 1.00> <Generic> <Opcode : >
ST_5 : Operation 198 [2/2] (0.00ns)   --->   "%call_ln134 = call void @kernel_poisson_kernel_stencil_PE<(unsigned short)4, (unsigned short)1>, i14 %stencilConfig_0_0_c76, i16 %stencilConfig_0_1_c87, i16 %stencilConfig_2_c98, i16 %stencilConfig_3_c109, i1 %stencilConfig_5_0_c122, i14 %stencilConfig_6_c133, i288 %arg0_poisson_kernel_stencil_in_subtile_stream_0_2, i288 %arg0_poisson_kernel_stencil_in_subtile_stream_0_3, i288 %arg1_poisson_kernel_stencil_out_subtile_stream_0_2, i288 %arg1_poisson_kernel_stencil_out_subtile_stream_0_3" [/home/x_thileeb/repos/ops-hls-batching-new/codegen_apps/tiling/poisson2d/u280_project/maxtile_8192_interleave_p8/hls/device/src/kernel_outerloop_0_2.cpp:134]   --->   Operation 198 'call' 'call_ln134' <Predicate = true> <Delay = 0.00> <CoreType = "Generic">   --->   Core 0 '' <Latency = 0> <II = 1> <Delay = 1.00> <Generic> <Opcode : >
ST_5 : Operation 199 [2/2] (0.00ns)   --->   "%call_ln143 = call void @kernel_poisson_kernel_stencil_PE<(unsigned short)4, (unsigned short)2>, i14 %stencilConfig_0_0_c75, i16 %stencilConfig_0_1_c86, i16 %stencilConfig_2_c97, i16 %stencilConfig_3_c108, i1 %stencilConfig_5_0_c121, i14 %stencilConfig_6_c132, i288 %arg0_poisson_kernel_stencil_in_subtile_stream_0_4, i288 %arg0_poisson_kernel_stencil_in_subtile_stream_0_5, i288 %arg1_poisson_kernel_stencil_out_subtile_stream_0_4, i288 %arg1_poisson_kernel_stencil_out_subtile_stream_0_5" [/home/x_thileeb/repos/ops-hls-batching-new/codegen_apps/tiling/poisson2d/u280_project/maxtile_8192_interleave_p8/hls/device/src/kernel_outerloop_0_2.cpp:143]   --->   Operation 199 'call' 'call_ln143' <Predicate = true> <Delay = 0.00> <CoreType = "Generic">   --->   Core 0 '' <Latency = 0> <II = 1> <Delay = 1.00> <Generic> <Opcode : >
ST_5 : Operation 200 [2/2] (0.00ns)   --->   "%call_ln152 = call void @kernel_poisson_kernel_stencil_PE<(unsigned short)4, (unsigned short)3>, i14 %stencilConfig_0_0_c74, i16 %stencilConfig_0_1_c85, i16 %stencilConfig_2_c96, i16 %stencilConfig_3_c107, i1 %stencilConfig_5_0_c120, i14 %stencilConfig_6_c131, i288 %arg0_poisson_kernel_stencil_in_subtile_stream_0_6, i288 %arg0_poisson_kernel_stencil_in_subtile_stream_0_7, i288 %arg1_poisson_kernel_stencil_out_subtile_stream_0_6, i288 %arg1_poisson_kernel_stencil_out_subtile_stream_0_7" [/home/x_thileeb/repos/ops-hls-batching-new/codegen_apps/tiling/poisson2d/u280_project/maxtile_8192_interleave_p8/hls/device/src/kernel_outerloop_0_2.cpp:152]   --->   Operation 200 'call' 'call_ln152' <Predicate = true> <Delay = 0.00> <CoreType = "Generic">   --->   Core 0 '' <Latency = 0> <II = 1> <Delay = 1.00> <Generic> <Opcode : >

State 6 <SV = 5> <Delay = 0.00>
ST_6 : Operation 201 [1/2] (0.00ns)   --->   "%call_ln125 = call void @kernel_poisson_kernel_stencil_PE<(unsigned short)4, (unsigned short)0>, i14 %stencilConfig_0_0_c77, i16 %stencilConfig_0_1_c88, i16 %stencilConfig_2_c99, i16 %stencilConfig_3_c110, i1 %stencilConfig_4_0_c112, i1 %stencilConfig_5_0_c123, i14 %stencilConfig_6_c134, i288 %arg0_poisson_kernel_stencil_in_subtile_stream_0_0, i288 %arg0_poisson_kernel_stencil_in_subtile_stream_0_1, i288 %arg1_poisson_kernel_stencil_out_subtile_stream_0_0, i288 %arg1_poisson_kernel_stencil_out_subtile_stream_0_1, i14 %stencilConfig_0_0_c70, i14 %stencilConfig_0_0_c71, i14 %stencilConfig_0_0_c72, i14 %stencilConfig_0_0_c73, i16 %stencilConfig_0_1_c81, i16 %stencilConfig_0_1_c82, i16 %stencilConfig_0_1_c83, i16 %stencilConfig_0_1_c84, i16 %stencilConfig_2_c92, i16 %stencilConfig_2_c93, i16 %stencilConfig_2_c94, i16 %stencilConfig_2_c95, i16 %stencilConfig_3_c103, i16 %stencilConfig_3_c104, i16 %stencilConfig_3_c105, i16 %stencilConfig_3_c106, i1 %stencilConfig_4_0_c111, i1 %stencilConfig_5_0_c116, i1 %stencilConfig_5_0_c117, i1 %stencilConfig_5_0_c118, i1 %stencilConfig_5_0_c119, i14 %stencilConfig_6_c127, i14 %stencilConfig_6_c128, i14 %stencilConfig_6_c129, i14 %stencilConfig_6_c130" [/home/x_thileeb/repos/ops-hls-batching-new/codegen_apps/tiling/poisson2d/u280_project/maxtile_8192_interleave_p8/hls/device/src/kernel_outerloop_0_2.cpp:125]   --->   Operation 201 'call' 'call_ln125' <Predicate = true> <Delay = 0.00> <CoreType = "Generic">   --->   Core 0 '' <Latency = 0> <II = 1> <Delay = 1.00> <Generic> <Opcode : >
ST_6 : Operation 202 [1/2] (0.00ns)   --->   "%call_ln134 = call void @kernel_poisson_kernel_stencil_PE<(unsigned short)4, (unsigned short)1>, i14 %stencilConfig_0_0_c76, i16 %stencilConfig_0_1_c87, i16 %stencilConfig_2_c98, i16 %stencilConfig_3_c109, i1 %stencilConfig_5_0_c122, i14 %stencilConfig_6_c133, i288 %arg0_poisson_kernel_stencil_in_subtile_stream_0_2, i288 %arg0_poisson_kernel_stencil_in_subtile_stream_0_3, i288 %arg1_poisson_kernel_stencil_out_subtile_stream_0_2, i288 %arg1_poisson_kernel_stencil_out_subtile_stream_0_3" [/home/x_thileeb/repos/ops-hls-batching-new/codegen_apps/tiling/poisson2d/u280_project/maxtile_8192_interleave_p8/hls/device/src/kernel_outerloop_0_2.cpp:134]   --->   Operation 202 'call' 'call_ln134' <Predicate = true> <Delay = 0.00> <CoreType = "Generic">   --->   Core 0 '' <Latency = 0> <II = 1> <Delay = 1.00> <Generic> <Opcode : >
ST_6 : Operation 203 [1/2] (0.00ns)   --->   "%call_ln143 = call void @kernel_poisson_kernel_stencil_PE<(unsigned short)4, (unsigned short)2>, i14 %stencilConfig_0_0_c75, i16 %stencilConfig_0_1_c86, i16 %stencilConfig_2_c97, i16 %stencilConfig_3_c108, i1 %stencilConfig_5_0_c121, i14 %stencilConfig_6_c132, i288 %arg0_poisson_kernel_stencil_in_subtile_stream_0_4, i288 %arg0_poisson_kernel_stencil_in_subtile_stream_0_5, i288 %arg1_poisson_kernel_stencil_out_subtile_stream_0_4, i288 %arg1_poisson_kernel_stencil_out_subtile_stream_0_5" [/home/x_thileeb/repos/ops-hls-batching-new/codegen_apps/tiling/poisson2d/u280_project/maxtile_8192_interleave_p8/hls/device/src/kernel_outerloop_0_2.cpp:143]   --->   Operation 203 'call' 'call_ln143' <Predicate = true> <Delay = 0.00> <CoreType = "Generic">   --->   Core 0 '' <Latency = 0> <II = 1> <Delay = 1.00> <Generic> <Opcode : >
ST_6 : Operation 204 [1/2] (0.00ns)   --->   "%call_ln152 = call void @kernel_poisson_kernel_stencil_PE<(unsigned short)4, (unsigned short)3>, i14 %stencilConfig_0_0_c74, i16 %stencilConfig_0_1_c85, i16 %stencilConfig_2_c96, i16 %stencilConfig_3_c107, i1 %stencilConfig_5_0_c120, i14 %stencilConfig_6_c131, i288 %arg0_poisson_kernel_stencil_in_subtile_stream_0_6, i288 %arg0_poisson_kernel_stencil_in_subtile_stream_0_7, i288 %arg1_poisson_kernel_stencil_out_subtile_stream_0_6, i288 %arg1_poisson_kernel_stencil_out_subtile_stream_0_7" [/home/x_thileeb/repos/ops-hls-batching-new/codegen_apps/tiling/poisson2d/u280_project/maxtile_8192_interleave_p8/hls/device/src/kernel_outerloop_0_2.cpp:152]   --->   Operation 204 'call' 'call_ln152' <Predicate = true> <Delay = 0.00> <CoreType = "Generic">   --->   Core 0 '' <Latency = 0> <II = 1> <Delay = 1.00> <Generic> <Opcode : >

State 7 <SV = 6> <Delay = 0.00>
ST_7 : Operation 205 [2/2] (0.00ns)   --->   "%call_ln162 = call void @updateInterleaveBoundaries.1, i288 %arg1_poisson_kernel_stencil_out_subtile_stream_0_0, i288 %arg1_poisson_kernel_stencil_out_subtile_stream_0_1, i288 %arg1_poisson_kernel_stencil_out_subtile_stream_0_2, i288 %arg1_poisson_kernel_stencil_out_subtile_stream_0_3, i288 %arg1_poisson_kernel_stencil_out_subtile_stream_0_4, i288 %arg1_poisson_kernel_stencil_out_subtile_stream_0_5, i288 %arg1_poisson_kernel_stencil_out_subtile_stream_0_6, i288 %arg1_poisson_kernel_stencil_out_subtile_stream_0_7, i288 %arg0_poisson_kernel_stencil_in_subtile_stream_1_0, i288 %arg0_poisson_kernel_stencil_in_subtile_stream_1_1, i288 %arg0_poisson_kernel_stencil_in_subtile_stream_1_2, i288 %arg0_poisson_kernel_stencil_in_subtile_stream_1_3, i288 %arg0_poisson_kernel_stencil_in_subtile_stream_1_4, i288 %arg0_poisson_kernel_stencil_in_subtile_stream_1_5, i288 %arg0_poisson_kernel_stencil_in_subtile_stream_1_6, i288 %arg0_poisson_kernel_stencil_in_subtile_stream_1_7, i29 %num_pkts_c144, i29 %num_pkts_c143" [/home/x_thileeb/repos/ops-hls-batching-new/codegen_apps/tiling/poisson2d/u280_project/maxtile_8192_interleave_p8/hls/device/src/kernel_outerloop_0_2.cpp:162]   --->   Operation 205 'call' 'call_ln162' <Predicate = true> <Delay = 0.00> <CoreType = "Generic">   --->   Core 0 '' <Latency = 0> <II = 1> <Delay = 1.00> <Generic> <Opcode : >

State 8 <SV = 7> <Delay = 0.00>
ST_8 : Operation 206 [1/2] (0.00ns)   --->   "%call_ln162 = call void @updateInterleaveBoundaries.1, i288 %arg1_poisson_kernel_stencil_out_subtile_stream_0_0, i288 %arg1_poisson_kernel_stencil_out_subtile_stream_0_1, i288 %arg1_poisson_kernel_stencil_out_subtile_stream_0_2, i288 %arg1_poisson_kernel_stencil_out_subtile_stream_0_3, i288 %arg1_poisson_kernel_stencil_out_subtile_stream_0_4, i288 %arg1_poisson_kernel_stencil_out_subtile_stream_0_5, i288 %arg1_poisson_kernel_stencil_out_subtile_stream_0_6, i288 %arg1_poisson_kernel_stencil_out_subtile_stream_0_7, i288 %arg0_poisson_kernel_stencil_in_subtile_stream_1_0, i288 %arg0_poisson_kernel_stencil_in_subtile_stream_1_1, i288 %arg0_poisson_kernel_stencil_in_subtile_stream_1_2, i288 %arg0_poisson_kernel_stencil_in_subtile_stream_1_3, i288 %arg0_poisson_kernel_stencil_in_subtile_stream_1_4, i288 %arg0_poisson_kernel_stencil_in_subtile_stream_1_5, i288 %arg0_poisson_kernel_stencil_in_subtile_stream_1_6, i288 %arg0_poisson_kernel_stencil_in_subtile_stream_1_7, i29 %num_pkts_c144, i29 %num_pkts_c143" [/home/x_thileeb/repos/ops-hls-batching-new/codegen_apps/tiling/poisson2d/u280_project/maxtile_8192_interleave_p8/hls/device/src/kernel_outerloop_0_2.cpp:162]   --->   Operation 206 'call' 'call_ln162' <Predicate = true> <Delay = 0.00> <CoreType = "Generic">   --->   Core 0 '' <Latency = 0> <II = 1> <Delay = 1.00> <Generic> <Opcode : >

State 9 <SV = 8> <Delay = 0.00>
ST_9 : Operation 207 [2/2] (0.00ns)   --->   "%call_ln163 = call void @kernel_poisson_kernel_stencil_PE<(unsigned short)4, (unsigned short)0>.8, i14 %stencilConfig_0_0_c73, i16 %stencilConfig_0_1_c84, i16 %stencilConfig_2_c95, i16 %stencilConfig_3_c106, i1 %stencilConfig_4_0_c111, i1 %stencilConfig_5_0_c119, i14 %stencilConfig_6_c130, i288 %arg0_poisson_kernel_stencil_in_subtile_stream_1_0, i288 %arg0_poisson_kernel_stencil_in_subtile_stream_1_1, i288 %arg1_poisson_kernel_stencil_out_subtile_stream_1_0, i288 %arg1_poisson_kernel_stencil_out_subtile_stream_1_1, i14 %stencilConfig_0_0_c, i14 %stencilConfig_0_0_c67, i14 %stencilConfig_0_0_c68, i14 %stencilConfig_0_0_c69, i16 %stencilConfig_0_1_c, i16 %stencilConfig_0_1_c78, i16 %stencilConfig_0_1_c79, i16 %stencilConfig_0_1_c80, i16 %stencilConfig_2_c, i16 %stencilConfig_2_c89, i16 %stencilConfig_2_c90, i16 %stencilConfig_2_c91, i16 %stencilConfig_3_c, i16 %stencilConfig_3_c100, i16 %stencilConfig_3_c101, i16 %stencilConfig_3_c102, i1 %stencilConfig_4_0_c, i1 %stencilConfig_5_0_c, i1 %stencilConfig_5_0_c113, i1 %stencilConfig_5_0_c114, i1 %stencilConfig_5_0_c115, i14 %stencilConfig_6_c, i14 %stencilConfig_6_c124, i14 %stencilConfig_6_c125, i14 %stencilConfig_6_c126" [/home/x_thileeb/repos/ops-hls-batching-new/codegen_apps/tiling/poisson2d/u280_project/maxtile_8192_interleave_p8/hls/device/src/kernel_outerloop_0_2.cpp:163]   --->   Operation 207 'call' 'call_ln163' <Predicate = true> <Delay = 0.00> <CoreType = "Generic">   --->   Core 0 '' <Latency = 0> <II = 1> <Delay = 1.00> <Generic> <Opcode : >
ST_9 : Operation 208 [2/2] (0.00ns)   --->   "%call_ln172 = call void @kernel_poisson_kernel_stencil_PE<(unsigned short)4, (unsigned short)1>.9, i14 %stencilConfig_0_0_c72, i16 %stencilConfig_0_1_c83, i16 %stencilConfig_2_c94, i16 %stencilConfig_3_c105, i1 %stencilConfig_5_0_c118, i14 %stencilConfig_6_c129, i288 %arg0_poisson_kernel_stencil_in_subtile_stream_1_2, i288 %arg0_poisson_kernel_stencil_in_subtile_stream_1_3, i288 %arg1_poisson_kernel_stencil_out_subtile_stream_1_2, i288 %arg1_poisson_kernel_stencil_out_subtile_stream_1_3" [/home/x_thileeb/repos/ops-hls-batching-new/codegen_apps/tiling/poisson2d/u280_project/maxtile_8192_interleave_p8/hls/device/src/kernel_outerloop_0_2.cpp:172]   --->   Operation 208 'call' 'call_ln172' <Predicate = true> <Delay = 0.00> <CoreType = "Generic">   --->   Core 0 '' <Latency = 0> <II = 1> <Delay = 1.00> <Generic> <Opcode : >
ST_9 : Operation 209 [2/2] (0.00ns)   --->   "%call_ln181 = call void @kernel_poisson_kernel_stencil_PE<(unsigned short)4, (unsigned short)2>.10, i14 %stencilConfig_0_0_c71, i16 %stencilConfig_0_1_c82, i16 %stencilConfig_2_c93, i16 %stencilConfig_3_c104, i1 %stencilConfig_5_0_c117, i14 %stencilConfig_6_c128, i288 %arg0_poisson_kernel_stencil_in_subtile_stream_1_4, i288 %arg0_poisson_kernel_stencil_in_subtile_stream_1_5, i288 %arg1_poisson_kernel_stencil_out_subtile_stream_1_4, i288 %arg1_poisson_kernel_stencil_out_subtile_stream_1_5" [/home/x_thileeb/repos/ops-hls-batching-new/codegen_apps/tiling/poisson2d/u280_project/maxtile_8192_interleave_p8/hls/device/src/kernel_outerloop_0_2.cpp:181]   --->   Operation 209 'call' 'call_ln181' <Predicate = true> <Delay = 0.00> <CoreType = "Generic">   --->   Core 0 '' <Latency = 0> <II = 1> <Delay = 1.00> <Generic> <Opcode : >
ST_9 : Operation 210 [2/2] (0.00ns)   --->   "%call_ln190 = call void @kernel_poisson_kernel_stencil_PE<(unsigned short)4, (unsigned short)3>.11, i14 %stencilConfig_0_0_c70, i16 %stencilConfig_0_1_c81, i16 %stencilConfig_2_c92, i16 %stencilConfig_3_c103, i1 %stencilConfig_5_0_c116, i14 %stencilConfig_6_c127, i288 %arg0_poisson_kernel_stencil_in_subtile_stream_1_6, i288 %arg0_poisson_kernel_stencil_in_subtile_stream_1_7, i288 %arg1_poisson_kernel_stencil_out_subtile_stream_1_6, i288 %arg1_poisson_kernel_stencil_out_subtile_stream_1_7" [/home/x_thileeb/repos/ops-hls-batching-new/codegen_apps/tiling/poisson2d/u280_project/maxtile_8192_interleave_p8/hls/device/src/kernel_outerloop_0_2.cpp:190]   --->   Operation 210 'call' 'call_ln190' <Predicate = true> <Delay = 0.00> <CoreType = "Generic">   --->   Core 0 '' <Latency = 0> <II = 1> <Delay = 1.00> <Generic> <Opcode : >

State 10 <SV = 9> <Delay = 0.00>
ST_10 : Operation 211 [1/2] (0.00ns)   --->   "%call_ln163 = call void @kernel_poisson_kernel_stencil_PE<(unsigned short)4, (unsigned short)0>.8, i14 %stencilConfig_0_0_c73, i16 %stencilConfig_0_1_c84, i16 %stencilConfig_2_c95, i16 %stencilConfig_3_c106, i1 %stencilConfig_4_0_c111, i1 %stencilConfig_5_0_c119, i14 %stencilConfig_6_c130, i288 %arg0_poisson_kernel_stencil_in_subtile_stream_1_0, i288 %arg0_poisson_kernel_stencil_in_subtile_stream_1_1, i288 %arg1_poisson_kernel_stencil_out_subtile_stream_1_0, i288 %arg1_poisson_kernel_stencil_out_subtile_stream_1_1, i14 %stencilConfig_0_0_c, i14 %stencilConfig_0_0_c67, i14 %stencilConfig_0_0_c68, i14 %stencilConfig_0_0_c69, i16 %stencilConfig_0_1_c, i16 %stencilConfig_0_1_c78, i16 %stencilConfig_0_1_c79, i16 %stencilConfig_0_1_c80, i16 %stencilConfig_2_c, i16 %stencilConfig_2_c89, i16 %stencilConfig_2_c90, i16 %stencilConfig_2_c91, i16 %stencilConfig_3_c, i16 %stencilConfig_3_c100, i16 %stencilConfig_3_c101, i16 %stencilConfig_3_c102, i1 %stencilConfig_4_0_c, i1 %stencilConfig_5_0_c, i1 %stencilConfig_5_0_c113, i1 %stencilConfig_5_0_c114, i1 %stencilConfig_5_0_c115, i14 %stencilConfig_6_c, i14 %stencilConfig_6_c124, i14 %stencilConfig_6_c125, i14 %stencilConfig_6_c126" [/home/x_thileeb/repos/ops-hls-batching-new/codegen_apps/tiling/poisson2d/u280_project/maxtile_8192_interleave_p8/hls/device/src/kernel_outerloop_0_2.cpp:163]   --->   Operation 211 'call' 'call_ln163' <Predicate = true> <Delay = 0.00> <CoreType = "Generic">   --->   Core 0 '' <Latency = 0> <II = 1> <Delay = 1.00> <Generic> <Opcode : >
ST_10 : Operation 212 [1/2] (0.00ns)   --->   "%call_ln172 = call void @kernel_poisson_kernel_stencil_PE<(unsigned short)4, (unsigned short)1>.9, i14 %stencilConfig_0_0_c72, i16 %stencilConfig_0_1_c83, i16 %stencilConfig_2_c94, i16 %stencilConfig_3_c105, i1 %stencilConfig_5_0_c118, i14 %stencilConfig_6_c129, i288 %arg0_poisson_kernel_stencil_in_subtile_stream_1_2, i288 %arg0_poisson_kernel_stencil_in_subtile_stream_1_3, i288 %arg1_poisson_kernel_stencil_out_subtile_stream_1_2, i288 %arg1_poisson_kernel_stencil_out_subtile_stream_1_3" [/home/x_thileeb/repos/ops-hls-batching-new/codegen_apps/tiling/poisson2d/u280_project/maxtile_8192_interleave_p8/hls/device/src/kernel_outerloop_0_2.cpp:172]   --->   Operation 212 'call' 'call_ln172' <Predicate = true> <Delay = 0.00> <CoreType = "Generic">   --->   Core 0 '' <Latency = 0> <II = 1> <Delay = 1.00> <Generic> <Opcode : >
ST_10 : Operation 213 [1/2] (0.00ns)   --->   "%call_ln181 = call void @kernel_poisson_kernel_stencil_PE<(unsigned short)4, (unsigned short)2>.10, i14 %stencilConfig_0_0_c71, i16 %stencilConfig_0_1_c82, i16 %stencilConfig_2_c93, i16 %stencilConfig_3_c104, i1 %stencilConfig_5_0_c117, i14 %stencilConfig_6_c128, i288 %arg0_poisson_kernel_stencil_in_subtile_stream_1_4, i288 %arg0_poisson_kernel_stencil_in_subtile_stream_1_5, i288 %arg1_poisson_kernel_stencil_out_subtile_stream_1_4, i288 %arg1_poisson_kernel_stencil_out_subtile_stream_1_5" [/home/x_thileeb/repos/ops-hls-batching-new/codegen_apps/tiling/poisson2d/u280_project/maxtile_8192_interleave_p8/hls/device/src/kernel_outerloop_0_2.cpp:181]   --->   Operation 213 'call' 'call_ln181' <Predicate = true> <Delay = 0.00> <CoreType = "Generic">   --->   Core 0 '' <Latency = 0> <II = 1> <Delay = 1.00> <Generic> <Opcode : >
ST_10 : Operation 214 [1/2] (0.00ns)   --->   "%call_ln190 = call void @kernel_poisson_kernel_stencil_PE<(unsigned short)4, (unsigned short)3>.11, i14 %stencilConfig_0_0_c70, i16 %stencilConfig_0_1_c81, i16 %stencilConfig_2_c92, i16 %stencilConfig_3_c103, i1 %stencilConfig_5_0_c116, i14 %stencilConfig_6_c127, i288 %arg0_poisson_kernel_stencil_in_subtile_stream_1_6, i288 %arg0_poisson_kernel_stencil_in_subtile_stream_1_7, i288 %arg1_poisson_kernel_stencil_out_subtile_stream_1_6, i288 %arg1_poisson_kernel_stencil_out_subtile_stream_1_7" [/home/x_thileeb/repos/ops-hls-batching-new/codegen_apps/tiling/poisson2d/u280_project/maxtile_8192_interleave_p8/hls/device/src/kernel_outerloop_0_2.cpp:190]   --->   Operation 214 'call' 'call_ln190' <Predicate = true> <Delay = 0.00> <CoreType = "Generic">   --->   Core 0 '' <Latency = 0> <II = 1> <Delay = 1.00> <Generic> <Opcode : >

State 11 <SV = 10> <Delay = 0.00>
ST_11 : Operation 215 [2/2] (0.00ns)   --->   "%call_ln200 = call void @updateInterleaveBoundaries, i288 %arg1_poisson_kernel_stencil_out_subtile_stream_1_0, i288 %arg1_poisson_kernel_stencil_out_subtile_stream_1_1, i288 %arg1_poisson_kernel_stencil_out_subtile_stream_1_2, i288 %arg1_poisson_kernel_stencil_out_subtile_stream_1_3, i288 %arg1_poisson_kernel_stencil_out_subtile_stream_1_4, i288 %arg1_poisson_kernel_stencil_out_subtile_stream_1_5, i288 %arg1_poisson_kernel_stencil_out_subtile_stream_1_6, i288 %arg1_poisson_kernel_stencil_out_subtile_stream_1_7, i288 %arg0_poisson_kernel_stencil_in_subtile_stream_2_0, i288 %arg0_poisson_kernel_stencil_in_subtile_stream_2_1, i288 %arg0_poisson_kernel_stencil_in_subtile_stream_2_2, i288 %arg0_poisson_kernel_stencil_in_subtile_stream_2_3, i288 %arg0_poisson_kernel_stencil_in_subtile_stream_2_4, i288 %arg0_poisson_kernel_stencil_in_subtile_stream_2_5, i288 %arg0_poisson_kernel_stencil_in_subtile_stream_2_6, i288 %arg0_poisson_kernel_stencil_in_subtile_stream_2_7, i29 %num_pkts_c143, i29 %num_pkts_c142" [/home/x_thileeb/repos/ops-hls-batching-new/codegen_apps/tiling/poisson2d/u280_project/maxtile_8192_interleave_p8/hls/device/src/kernel_outerloop_0_2.cpp:200]   --->   Operation 215 'call' 'call_ln200' <Predicate = true> <Delay = 0.00> <CoreType = "Generic">   --->   Core 0 '' <Latency = 0> <II = 1> <Delay = 1.00> <Generic> <Opcode : >

State 12 <SV = 11> <Delay = 0.00>
ST_12 : Operation 216 [1/2] (0.00ns)   --->   "%call_ln200 = call void @updateInterleaveBoundaries, i288 %arg1_poisson_kernel_stencil_out_subtile_stream_1_0, i288 %arg1_poisson_kernel_stencil_out_subtile_stream_1_1, i288 %arg1_poisson_kernel_stencil_out_subtile_stream_1_2, i288 %arg1_poisson_kernel_stencil_out_subtile_stream_1_3, i288 %arg1_poisson_kernel_stencil_out_subtile_stream_1_4, i288 %arg1_poisson_kernel_stencil_out_subtile_stream_1_5, i288 %arg1_poisson_kernel_stencil_out_subtile_stream_1_6, i288 %arg1_poisson_kernel_stencil_out_subtile_stream_1_7, i288 %arg0_poisson_kernel_stencil_in_subtile_stream_2_0, i288 %arg0_poisson_kernel_stencil_in_subtile_stream_2_1, i288 %arg0_poisson_kernel_stencil_in_subtile_stream_2_2, i288 %arg0_poisson_kernel_stencil_in_subtile_stream_2_3, i288 %arg0_poisson_kernel_stencil_in_subtile_stream_2_4, i288 %arg0_poisson_kernel_stencil_in_subtile_stream_2_5, i288 %arg0_poisson_kernel_stencil_in_subtile_stream_2_6, i288 %arg0_poisson_kernel_stencil_in_subtile_stream_2_7, i29 %num_pkts_c143, i29 %num_pkts_c142" [/home/x_thileeb/repos/ops-hls-batching-new/codegen_apps/tiling/poisson2d/u280_project/maxtile_8192_interleave_p8/hls/device/src/kernel_outerloop_0_2.cpp:200]   --->   Operation 216 'call' 'call_ln200' <Predicate = true> <Delay = 0.00> <CoreType = "Generic">   --->   Core 0 '' <Latency = 0> <II = 1> <Delay = 1.00> <Generic> <Opcode : >

State 13 <SV = 12> <Delay = 0.00>
ST_13 : Operation 217 [2/2] (0.00ns)   --->   "%call_ln201 = call void @kernel_poisson_kernel_stencil_PE<(unsigned short)4, (unsigned short)0>.13, i14 %stencilConfig_0_0_c69, i16 %stencilConfig_0_1_c80, i16 %stencilConfig_2_c91, i16 %stencilConfig_3_c102, i1 %stencilConfig_4_0_c, i1 %stencilConfig_5_0_c115, i14 %stencilConfig_6_c126, i288 %arg0_poisson_kernel_stencil_in_subtile_stream_2_0, i288 %arg0_poisson_kernel_stencil_in_subtile_stream_2_1, i288 %arg1_poisson_kernel_stencil_out_subtile_stream_2_0, i288 %arg1_poisson_kernel_stencil_out_subtile_stream_2_1" [/home/x_thileeb/repos/ops-hls-batching-new/codegen_apps/tiling/poisson2d/u280_project/maxtile_8192_interleave_p8/hls/device/src/kernel_outerloop_0_2.cpp:201]   --->   Operation 217 'call' 'call_ln201' <Predicate = true> <Delay = 0.00> <CoreType = "Generic">   --->   Core 0 '' <Latency = 0> <II = 1> <Delay = 1.00> <Generic> <Opcode : >
ST_13 : Operation 218 [2/2] (0.00ns)   --->   "%call_ln210 = call void @kernel_poisson_kernel_stencil_PE<(unsigned short)4, (unsigned short)1>.14, i14 %stencilConfig_0_0_c68, i16 %stencilConfig_0_1_c79, i16 %stencilConfig_2_c90, i16 %stencilConfig_3_c101, i1 %stencilConfig_5_0_c114, i14 %stencilConfig_6_c125, i288 %arg0_poisson_kernel_stencil_in_subtile_stream_2_2, i288 %arg0_poisson_kernel_stencil_in_subtile_stream_2_3, i288 %arg1_poisson_kernel_stencil_out_subtile_stream_2_2, i288 %arg1_poisson_kernel_stencil_out_subtile_stream_2_3" [/home/x_thileeb/repos/ops-hls-batching-new/codegen_apps/tiling/poisson2d/u280_project/maxtile_8192_interleave_p8/hls/device/src/kernel_outerloop_0_2.cpp:210]   --->   Operation 218 'call' 'call_ln210' <Predicate = true> <Delay = 0.00> <CoreType = "Generic">   --->   Core 0 '' <Latency = 0> <II = 1> <Delay = 1.00> <Generic> <Opcode : >
ST_13 : Operation 219 [2/2] (0.00ns)   --->   "%call_ln219 = call void @kernel_poisson_kernel_stencil_PE<(unsigned short)4, (unsigned short)2>.15, i14 %stencilConfig_0_0_c67, i16 %stencilConfig_0_1_c78, i16 %stencilConfig_2_c89, i16 %stencilConfig_3_c100, i1 %stencilConfig_5_0_c113, i14 %stencilConfig_6_c124, i288 %arg0_poisson_kernel_stencil_in_subtile_stream_2_4, i288 %arg0_poisson_kernel_stencil_in_subtile_stream_2_5, i288 %arg1_poisson_kernel_stencil_out_subtile_stream_2_4, i288 %arg1_poisson_kernel_stencil_out_subtile_stream_2_5" [/home/x_thileeb/repos/ops-hls-batching-new/codegen_apps/tiling/poisson2d/u280_project/maxtile_8192_interleave_p8/hls/device/src/kernel_outerloop_0_2.cpp:219]   --->   Operation 219 'call' 'call_ln219' <Predicate = true> <Delay = 0.00> <CoreType = "Generic">   --->   Core 0 '' <Latency = 0> <II = 1> <Delay = 1.00> <Generic> <Opcode : >
ST_13 : Operation 220 [2/2] (0.00ns)   --->   "%call_ln228 = call void @kernel_poisson_kernel_stencil_PE<(unsigned short)4, (unsigned short)3>.16, i14 %stencilConfig_0_0_c, i16 %stencilConfig_0_1_c, i16 %stencilConfig_2_c, i16 %stencilConfig_3_c, i1 %stencilConfig_5_0_c, i14 %stencilConfig_6_c, i288 %arg0_poisson_kernel_stencil_in_subtile_stream_2_6, i288 %arg0_poisson_kernel_stencil_in_subtile_stream_2_7, i288 %arg1_poisson_kernel_stencil_out_subtile_stream_2_6, i288 %arg1_poisson_kernel_stencil_out_subtile_stream_2_7" [/home/x_thileeb/repos/ops-hls-batching-new/codegen_apps/tiling/poisson2d/u280_project/maxtile_8192_interleave_p8/hls/device/src/kernel_outerloop_0_2.cpp:228]   --->   Operation 220 'call' 'call_ln228' <Predicate = true> <Delay = 0.00> <CoreType = "Generic">   --->   Core 0 '' <Latency = 0> <II = 1> <Delay = 1.00> <Generic> <Opcode : >

State 14 <SV = 13> <Delay = 0.00>
ST_14 : Operation 221 [1/2] (0.00ns)   --->   "%call_ln201 = call void @kernel_poisson_kernel_stencil_PE<(unsigned short)4, (unsigned short)0>.13, i14 %stencilConfig_0_0_c69, i16 %stencilConfig_0_1_c80, i16 %stencilConfig_2_c91, i16 %stencilConfig_3_c102, i1 %stencilConfig_4_0_c, i1 %stencilConfig_5_0_c115, i14 %stencilConfig_6_c126, i288 %arg0_poisson_kernel_stencil_in_subtile_stream_2_0, i288 %arg0_poisson_kernel_stencil_in_subtile_stream_2_1, i288 %arg1_poisson_kernel_stencil_out_subtile_stream_2_0, i288 %arg1_poisson_kernel_stencil_out_subtile_stream_2_1" [/home/x_thileeb/repos/ops-hls-batching-new/codegen_apps/tiling/poisson2d/u280_project/maxtile_8192_interleave_p8/hls/device/src/kernel_outerloop_0_2.cpp:201]   --->   Operation 221 'call' 'call_ln201' <Predicate = true> <Delay = 0.00> <CoreType = "Generic">   --->   Core 0 '' <Latency = 0> <II = 1> <Delay = 1.00> <Generic> <Opcode : >
ST_14 : Operation 222 [1/2] (0.00ns)   --->   "%call_ln210 = call void @kernel_poisson_kernel_stencil_PE<(unsigned short)4, (unsigned short)1>.14, i14 %stencilConfig_0_0_c68, i16 %stencilConfig_0_1_c79, i16 %stencilConfig_2_c90, i16 %stencilConfig_3_c101, i1 %stencilConfig_5_0_c114, i14 %stencilConfig_6_c125, i288 %arg0_poisson_kernel_stencil_in_subtile_stream_2_2, i288 %arg0_poisson_kernel_stencil_in_subtile_stream_2_3, i288 %arg1_poisson_kernel_stencil_out_subtile_stream_2_2, i288 %arg1_poisson_kernel_stencil_out_subtile_stream_2_3" [/home/x_thileeb/repos/ops-hls-batching-new/codegen_apps/tiling/poisson2d/u280_project/maxtile_8192_interleave_p8/hls/device/src/kernel_outerloop_0_2.cpp:210]   --->   Operation 222 'call' 'call_ln210' <Predicate = true> <Delay = 0.00> <CoreType = "Generic">   --->   Core 0 '' <Latency = 0> <II = 1> <Delay = 1.00> <Generic> <Opcode : >
ST_14 : Operation 223 [1/2] (0.00ns)   --->   "%call_ln219 = call void @kernel_poisson_kernel_stencil_PE<(unsigned short)4, (unsigned short)2>.15, i14 %stencilConfig_0_0_c67, i16 %stencilConfig_0_1_c78, i16 %stencilConfig_2_c89, i16 %stencilConfig_3_c100, i1 %stencilConfig_5_0_c113, i14 %stencilConfig_6_c124, i288 %arg0_poisson_kernel_stencil_in_subtile_stream_2_4, i288 %arg0_poisson_kernel_stencil_in_subtile_stream_2_5, i288 %arg1_poisson_kernel_stencil_out_subtile_stream_2_4, i288 %arg1_poisson_kernel_stencil_out_subtile_stream_2_5" [/home/x_thileeb/repos/ops-hls-batching-new/codegen_apps/tiling/poisson2d/u280_project/maxtile_8192_interleave_p8/hls/device/src/kernel_outerloop_0_2.cpp:219]   --->   Operation 223 'call' 'call_ln219' <Predicate = true> <Delay = 0.00> <CoreType = "Generic">   --->   Core 0 '' <Latency = 0> <II = 1> <Delay = 1.00> <Generic> <Opcode : >
ST_14 : Operation 224 [1/2] (0.00ns)   --->   "%call_ln228 = call void @kernel_poisson_kernel_stencil_PE<(unsigned short)4, (unsigned short)3>.16, i14 %stencilConfig_0_0_c, i16 %stencilConfig_0_1_c, i16 %stencilConfig_2_c, i16 %stencilConfig_3_c, i1 %stencilConfig_5_0_c, i14 %stencilConfig_6_c, i288 %arg0_poisson_kernel_stencil_in_subtile_stream_2_6, i288 %arg0_poisson_kernel_stencil_in_subtile_stream_2_7, i288 %arg1_poisson_kernel_stencil_out_subtile_stream_2_6, i288 %arg1_poisson_kernel_stencil_out_subtile_stream_2_7" [/home/x_thileeb/repos/ops-hls-batching-new/codegen_apps/tiling/poisson2d/u280_project/maxtile_8192_interleave_p8/hls/device/src/kernel_outerloop_0_2.cpp:228]   --->   Operation 224 'call' 'call_ln228' <Predicate = true> <Delay = 0.00> <CoreType = "Generic">   --->   Core 0 '' <Latency = 0> <II = 1> <Delay = 1.00> <Generic> <Opcode : >

State 15 <SV = 14> <Delay = 0.00>
ST_15 : Operation 225 [2/2] (0.00ns)   --->   "%call_ln237 = call void @interleave2stream, i288 %arg1_poisson_kernel_stencil_out_subtile_stream_2_0, i288 %arg1_poisson_kernel_stencil_out_subtile_stream_2_1, i288 %arg1_poisson_kernel_stencil_out_subtile_stream_2_2, i288 %arg1_poisson_kernel_stencil_out_subtile_stream_2_3, i288 %arg1_poisson_kernel_stencil_out_subtile_stream_2_4, i288 %arg1_poisson_kernel_stencil_out_subtile_stream_2_5, i288 %arg1_poisson_kernel_stencil_out_subtile_stream_2_6, i288 %arg1_poisson_kernel_stencil_out_subtile_stream_2_7, i256 %arg0_arg1_streams_1_0, i256 %arg0_arg1_streams_1_1, i256 %arg0_arg1_streams_1_2, i256 %arg0_arg1_streams_1_3, i256 %arg0_arg1_streams_1_4, i256 %arg0_arg1_streams_1_5, i256 %arg0_arg1_streams_1_6, i256 %arg0_arg1_streams_1_7, i29 %num_pkts_c142, i29 %num_pkts_c, i29 %num_pkts_c135, i29 %num_pkts_c136, i29 %num_pkts_c137, i29 %num_pkts_c138, i29 %num_pkts_c139, i29 %num_pkts_c140, i29 %num_pkts_c141" [/home/x_thileeb/repos/ops-hls-batching-new/codegen_apps/tiling/poisson2d/u280_project/maxtile_8192_interleave_p8/hls/device/src/kernel_outerloop_0_2.cpp:237]   --->   Operation 225 'call' 'call_ln237' <Predicate = true> <Delay = 0.00> <CoreType = "Generic">   --->   Core 0 '' <Latency = 0> <II = 1> <Delay = 1.00> <Generic> <Opcode : >

State 16 <SV = 15> <Delay = 0.00>
ST_16 : Operation 226 [1/2] (0.00ns)   --->   "%call_ln237 = call void @interleave2stream, i288 %arg1_poisson_kernel_stencil_out_subtile_stream_2_0, i288 %arg1_poisson_kernel_stencil_out_subtile_stream_2_1, i288 %arg1_poisson_kernel_stencil_out_subtile_stream_2_2, i288 %arg1_poisson_kernel_stencil_out_subtile_stream_2_3, i288 %arg1_poisson_kernel_stencil_out_subtile_stream_2_4, i288 %arg1_poisson_kernel_stencil_out_subtile_stream_2_5, i288 %arg1_poisson_kernel_stencil_out_subtile_stream_2_6, i288 %arg1_poisson_kernel_stencil_out_subtile_stream_2_7, i256 %arg0_arg1_streams_1_0, i256 %arg0_arg1_streams_1_1, i256 %arg0_arg1_streams_1_2, i256 %arg0_arg1_streams_1_3, i256 %arg0_arg1_streams_1_4, i256 %arg0_arg1_streams_1_5, i256 %arg0_arg1_streams_1_6, i256 %arg0_arg1_streams_1_7, i29 %num_pkts_c142, i29 %num_pkts_c, i29 %num_pkts_c135, i29 %num_pkts_c136, i29 %num_pkts_c137, i29 %num_pkts_c138, i29 %num_pkts_c139, i29 %num_pkts_c140, i29 %num_pkts_c141" [/home/x_thileeb/repos/ops-hls-batching-new/codegen_apps/tiling/poisson2d/u280_project/maxtile_8192_interleave_p8/hls/device/src/kernel_outerloop_0_2.cpp:237]   --->   Operation 226 'call' 'call_ln237' <Predicate = true> <Delay = 0.00> <CoreType = "Generic">   --->   Core 0 '' <Latency = 0> <II = 1> <Delay = 1.00> <Generic> <Opcode : >

State 17 <SV = 16> <Delay = 0.00>
ST_17 : Operation 227 [2/2] (0.00ns)   --->   "%call_ln240 = call void @stream2axis<256u>, i256 %arg0_arg1_streams_1_0, i256 %arg1_0_axis_out_V_data_V, i32 %arg1_0_axis_out_V_keep_V, i32 %arg1_0_axis_out_V_strb_V, i1 %arg1_0_axis_out_V_last_V, i29 %num_pkts_c141" [/home/x_thileeb/repos/ops-hls-batching-new/codegen_apps/tiling/poisson2d/u280_project/maxtile_8192_interleave_p8/hls/device/src/kernel_outerloop_0_2.cpp:240]   --->   Operation 227 'call' 'call_ln240' <Predicate = true> <Delay = 0.00> <CoreType = "Generic">   --->   Core 0 '' <Latency = 0> <II = 1> <Delay = 1.00> <Generic> <Opcode : >
ST_17 : Operation 228 [2/2] (0.00ns)   --->   "%call_ln241 = call void @stream2axis<256u>.17, i256 %arg0_arg1_streams_1_1, i256 %arg1_1_axis_out_V_data_V, i32 %arg1_1_axis_out_V_keep_V, i32 %arg1_1_axis_out_V_strb_V, i1 %arg1_1_axis_out_V_last_V, i29 %num_pkts_c140" [/home/x_thileeb/repos/ops-hls-batching-new/codegen_apps/tiling/poisson2d/u280_project/maxtile_8192_interleave_p8/hls/device/src/kernel_outerloop_0_2.cpp:241]   --->   Operation 228 'call' 'call_ln241' <Predicate = true> <Delay = 0.00> <CoreType = "Generic">   --->   Core 0 '' <Latency = 0> <II = 1> <Delay = 1.00> <Generic> <Opcode : >
ST_17 : Operation 229 [2/2] (0.00ns)   --->   "%call_ln242 = call void @stream2axis<256u>.18, i256 %arg0_arg1_streams_1_2, i256 %arg1_2_axis_out_V_data_V, i32 %arg1_2_axis_out_V_keep_V, i32 %arg1_2_axis_out_V_strb_V, i1 %arg1_2_axis_out_V_last_V, i29 %num_pkts_c139" [/home/x_thileeb/repos/ops-hls-batching-new/codegen_apps/tiling/poisson2d/u280_project/maxtile_8192_interleave_p8/hls/device/src/kernel_outerloop_0_2.cpp:242]   --->   Operation 229 'call' 'call_ln242' <Predicate = true> <Delay = 0.00> <CoreType = "Generic">   --->   Core 0 '' <Latency = 0> <II = 1> <Delay = 1.00> <Generic> <Opcode : >
ST_17 : Operation 230 [2/2] (0.00ns)   --->   "%call_ln243 = call void @stream2axis<256u>.19, i256 %arg0_arg1_streams_1_3, i256 %arg1_3_axis_out_V_data_V, i32 %arg1_3_axis_out_V_keep_V, i32 %arg1_3_axis_out_V_strb_V, i1 %arg1_3_axis_out_V_last_V, i29 %num_pkts_c138" [/home/x_thileeb/repos/ops-hls-batching-new/codegen_apps/tiling/poisson2d/u280_project/maxtile_8192_interleave_p8/hls/device/src/kernel_outerloop_0_2.cpp:243]   --->   Operation 230 'call' 'call_ln243' <Predicate = true> <Delay = 0.00> <CoreType = "Generic">   --->   Core 0 '' <Latency = 0> <II = 1> <Delay = 1.00> <Generic> <Opcode : >
ST_17 : Operation 231 [2/2] (0.00ns)   --->   "%call_ln244 = call void @stream2axis<256u>.20, i256 %arg0_arg1_streams_1_4, i256 %arg1_4_axis_out_V_data_V, i32 %arg1_4_axis_out_V_keep_V, i32 %arg1_4_axis_out_V_strb_V, i1 %arg1_4_axis_out_V_last_V, i29 %num_pkts_c137" [/home/x_thileeb/repos/ops-hls-batching-new/codegen_apps/tiling/poisson2d/u280_project/maxtile_8192_interleave_p8/hls/device/src/kernel_outerloop_0_2.cpp:244]   --->   Operation 231 'call' 'call_ln244' <Predicate = true> <Delay = 0.00> <CoreType = "Generic">   --->   Core 0 '' <Latency = 0> <II = 1> <Delay = 1.00> <Generic> <Opcode : >
ST_17 : Operation 232 [2/2] (0.00ns)   --->   "%call_ln245 = call void @stream2axis<256u>.21, i256 %arg0_arg1_streams_1_5, i256 %arg1_5_axis_out_V_data_V, i32 %arg1_5_axis_out_V_keep_V, i32 %arg1_5_axis_out_V_strb_V, i1 %arg1_5_axis_out_V_last_V, i29 %num_pkts_c136" [/home/x_thileeb/repos/ops-hls-batching-new/codegen_apps/tiling/poisson2d/u280_project/maxtile_8192_interleave_p8/hls/device/src/kernel_outerloop_0_2.cpp:245]   --->   Operation 232 'call' 'call_ln245' <Predicate = true> <Delay = 0.00> <CoreType = "Generic">   --->   Core 0 '' <Latency = 0> <II = 1> <Delay = 1.00> <Generic> <Opcode : >
ST_17 : Operation 233 [2/2] (0.00ns)   --->   "%call_ln246 = call void @stream2axis<256u>.22, i256 %arg0_arg1_streams_1_6, i256 %arg1_6_axis_out_V_data_V, i32 %arg1_6_axis_out_V_keep_V, i32 %arg1_6_axis_out_V_strb_V, i1 %arg1_6_axis_out_V_last_V, i29 %num_pkts_c135" [/home/x_thileeb/repos/ops-hls-batching-new/codegen_apps/tiling/poisson2d/u280_project/maxtile_8192_interleave_p8/hls/device/src/kernel_outerloop_0_2.cpp:246]   --->   Operation 233 'call' 'call_ln246' <Predicate = true> <Delay = 0.00> <CoreType = "Generic">   --->   Core 0 '' <Latency = 0> <II = 1> <Delay = 1.00> <Generic> <Opcode : >
ST_17 : Operation 234 [2/2] (0.00ns)   --->   "%call_ln247 = call void @stream2axis<256u>.23, i256 %arg0_arg1_streams_1_7, i256 %arg1_7_axis_out_V_data_V, i32 %arg1_7_axis_out_V_keep_V, i32 %arg1_7_axis_out_V_strb_V, i1 %arg1_7_axis_out_V_last_V, i29 %num_pkts_c" [/home/x_thileeb/repos/ops-hls-batching-new/codegen_apps/tiling/poisson2d/u280_project/maxtile_8192_interleave_p8/hls/device/src/kernel_outerloop_0_2.cpp:247]   --->   Operation 234 'call' 'call_ln247' <Predicate = true> <Delay = 0.00> <CoreType = "Generic">   --->   Core 0 '' <Latency = 0> <II = 1> <Delay = 1.00> <Generic> <Opcode : >

State 18 <SV = 17> <Delay = 0.00>
ST_18 : Operation 235 [1/1] (0.00ns)   --->   "%empty = specchannel i32 @_ssdm_op_SpecChannel, void @num_pkts_c145_str, i32 1, void @p_str, void @p_str, i32 2, i32 0, i29 %num_pkts_c145, i29 %num_pkts_c145"   --->   Operation 235 'specchannel' 'empty' <Predicate = true> <Delay = 0.00>
ST_18 : Operation 236 [1/1] (0.00ns)   --->   "%specinterface_ln0 = specinterface void @_ssdm_op_SpecInterface, i29 %num_pkts_c145, void @ap_fifo_str, i32 0, i32 0, void @p_str, i32 0, i32 0, void @p_str, void @p_str, void @p_str, i32 2, i32 2, i32 16, i32 16, void @p_str, void @p_str, i32 4294967295, i32 0"   --->   Operation 236 'specinterface' 'specinterface_ln0' <Predicate = true> <Delay = 0.00>
ST_18 : Operation 237 [1/1] (0.00ns)   --->   "%empty_69 = specchannel i32 @_ssdm_op_SpecChannel, void @num_pkts_c144_str, i32 1, void @p_str, void @p_str, i32 3, i32 0, i29 %num_pkts_c144, i29 %num_pkts_c144"   --->   Operation 237 'specchannel' 'empty_69' <Predicate = true> <Delay = 0.00>
ST_18 : Operation 238 [1/1] (0.00ns)   --->   "%specinterface_ln0 = specinterface void @_ssdm_op_SpecInterface, i29 %num_pkts_c144, void @ap_fifo_str, i32 0, i32 0, void @p_str, i32 0, i32 0, void @p_str, void @p_str, void @p_str, i32 2, i32 2, i32 16, i32 16, void @p_str, void @p_str, i32 4294967295, i32 0"   --->   Operation 238 'specinterface' 'specinterface_ln0' <Predicate = true> <Delay = 0.00>
ST_18 : Operation 239 [1/1] (0.00ns)   --->   "%empty_70 = specchannel i32 @_ssdm_op_SpecChannel, void @num_pkts_c143_str, i32 1, void @p_str, void @p_str, i32 3, i32 0, i29 %num_pkts_c143, i29 %num_pkts_c143"   --->   Operation 239 'specchannel' 'empty_70' <Predicate = true> <Delay = 0.00>
ST_18 : Operation 240 [1/1] (0.00ns)   --->   "%specinterface_ln0 = specinterface void @_ssdm_op_SpecInterface, i29 %num_pkts_c143, void @ap_fifo_str, i32 0, i32 0, void @p_str, i32 0, i32 0, void @p_str, void @p_str, void @p_str, i32 2, i32 2, i32 16, i32 16, void @p_str, void @p_str, i32 4294967295, i32 0"   --->   Operation 240 'specinterface' 'specinterface_ln0' <Predicate = true> <Delay = 0.00>
ST_18 : Operation 241 [1/1] (0.00ns)   --->   "%empty_71 = specchannel i32 @_ssdm_op_SpecChannel, void @num_pkts_c142_str, i32 1, void @p_str, void @p_str, i32 3, i32 0, i29 %num_pkts_c142, i29 %num_pkts_c142"   --->   Operation 241 'specchannel' 'empty_71' <Predicate = true> <Delay = 0.00>
ST_18 : Operation 242 [1/1] (0.00ns)   --->   "%specinterface_ln0 = specinterface void @_ssdm_op_SpecInterface, i29 %num_pkts_c142, void @ap_fifo_str, i32 0, i32 0, void @p_str, i32 0, i32 0, void @p_str, void @p_str, void @p_str, i32 2, i32 2, i32 16, i32 16, void @p_str, void @p_str, i32 4294967295, i32 0"   --->   Operation 242 'specinterface' 'specinterface_ln0' <Predicate = true> <Delay = 0.00>
ST_18 : Operation 243 [1/1] (0.00ns)   --->   "%empty_72 = specchannel i32 @_ssdm_op_SpecChannel, void @num_pkts_c141_str, i32 1, void @p_str, void @p_str, i32 2, i32 0, i29 %num_pkts_c141, i29 %num_pkts_c141"   --->   Operation 243 'specchannel' 'empty_72' <Predicate = true> <Delay = 0.00>
ST_18 : Operation 244 [1/1] (0.00ns)   --->   "%specinterface_ln0 = specinterface void @_ssdm_op_SpecInterface, i29 %num_pkts_c141, void @ap_fifo_str, i32 0, i32 0, void @p_str, i32 0, i32 0, void @p_str, void @p_str, void @p_str, i32 2, i32 2, i32 16, i32 16, void @p_str, void @p_str, i32 4294967295, i32 0"   --->   Operation 244 'specinterface' 'specinterface_ln0' <Predicate = true> <Delay = 0.00>
ST_18 : Operation 245 [1/1] (0.00ns)   --->   "%empty_73 = specchannel i32 @_ssdm_op_SpecChannel, void @num_pkts_c140_str, i32 1, void @p_str, void @p_str, i32 2, i32 0, i29 %num_pkts_c140, i29 %num_pkts_c140"   --->   Operation 245 'specchannel' 'empty_73' <Predicate = true> <Delay = 0.00>
ST_18 : Operation 246 [1/1] (0.00ns)   --->   "%specinterface_ln0 = specinterface void @_ssdm_op_SpecInterface, i29 %num_pkts_c140, void @ap_fifo_str, i32 0, i32 0, void @p_str, i32 0, i32 0, void @p_str, void @p_str, void @p_str, i32 2, i32 2, i32 16, i32 16, void @p_str, void @p_str, i32 4294967295, i32 0"   --->   Operation 246 'specinterface' 'specinterface_ln0' <Predicate = true> <Delay = 0.00>
ST_18 : Operation 247 [1/1] (0.00ns)   --->   "%empty_74 = specchannel i32 @_ssdm_op_SpecChannel, void @num_pkts_c139_str, i32 1, void @p_str, void @p_str, i32 2, i32 0, i29 %num_pkts_c139, i29 %num_pkts_c139"   --->   Operation 247 'specchannel' 'empty_74' <Predicate = true> <Delay = 0.00>
ST_18 : Operation 248 [1/1] (0.00ns)   --->   "%specinterface_ln0 = specinterface void @_ssdm_op_SpecInterface, i29 %num_pkts_c139, void @ap_fifo_str, i32 0, i32 0, void @p_str, i32 0, i32 0, void @p_str, void @p_str, void @p_str, i32 2, i32 2, i32 16, i32 16, void @p_str, void @p_str, i32 4294967295, i32 0"   --->   Operation 248 'specinterface' 'specinterface_ln0' <Predicate = true> <Delay = 0.00>
ST_18 : Operation 249 [1/1] (0.00ns)   --->   "%empty_75 = specchannel i32 @_ssdm_op_SpecChannel, void @num_pkts_c138_str, i32 1, void @p_str, void @p_str, i32 2, i32 0, i29 %num_pkts_c138, i29 %num_pkts_c138"   --->   Operation 249 'specchannel' 'empty_75' <Predicate = true> <Delay = 0.00>
ST_18 : Operation 250 [1/1] (0.00ns)   --->   "%specinterface_ln0 = specinterface void @_ssdm_op_SpecInterface, i29 %num_pkts_c138, void @ap_fifo_str, i32 0, i32 0, void @p_str, i32 0, i32 0, void @p_str, void @p_str, void @p_str, i32 2, i32 2, i32 16, i32 16, void @p_str, void @p_str, i32 4294967295, i32 0"   --->   Operation 250 'specinterface' 'specinterface_ln0' <Predicate = true> <Delay = 0.00>
ST_18 : Operation 251 [1/1] (0.00ns)   --->   "%empty_76 = specchannel i32 @_ssdm_op_SpecChannel, void @num_pkts_c137_str, i32 1, void @p_str, void @p_str, i32 2, i32 0, i29 %num_pkts_c137, i29 %num_pkts_c137"   --->   Operation 251 'specchannel' 'empty_76' <Predicate = true> <Delay = 0.00>
ST_18 : Operation 252 [1/1] (0.00ns)   --->   "%specinterface_ln0 = specinterface void @_ssdm_op_SpecInterface, i29 %num_pkts_c137, void @ap_fifo_str, i32 0, i32 0, void @p_str, i32 0, i32 0, void @p_str, void @p_str, void @p_str, i32 2, i32 2, i32 16, i32 16, void @p_str, void @p_str, i32 4294967295, i32 0"   --->   Operation 252 'specinterface' 'specinterface_ln0' <Predicate = true> <Delay = 0.00>
ST_18 : Operation 253 [1/1] (0.00ns)   --->   "%empty_77 = specchannel i32 @_ssdm_op_SpecChannel, void @num_pkts_c136_str, i32 1, void @p_str, void @p_str, i32 2, i32 0, i29 %num_pkts_c136, i29 %num_pkts_c136"   --->   Operation 253 'specchannel' 'empty_77' <Predicate = true> <Delay = 0.00>
ST_18 : Operation 254 [1/1] (0.00ns)   --->   "%specinterface_ln0 = specinterface void @_ssdm_op_SpecInterface, i29 %num_pkts_c136, void @ap_fifo_str, i32 0, i32 0, void @p_str, i32 0, i32 0, void @p_str, void @p_str, void @p_str, i32 2, i32 2, i32 16, i32 16, void @p_str, void @p_str, i32 4294967295, i32 0"   --->   Operation 254 'specinterface' 'specinterface_ln0' <Predicate = true> <Delay = 0.00>
ST_18 : Operation 255 [1/1] (0.00ns)   --->   "%empty_78 = specchannel i32 @_ssdm_op_SpecChannel, void @num_pkts_c135_str, i32 1, void @p_str, void @p_str, i32 2, i32 0, i29 %num_pkts_c135, i29 %num_pkts_c135"   --->   Operation 255 'specchannel' 'empty_78' <Predicate = true> <Delay = 0.00>
ST_18 : Operation 256 [1/1] (0.00ns)   --->   "%specinterface_ln0 = specinterface void @_ssdm_op_SpecInterface, i29 %num_pkts_c135, void @ap_fifo_str, i32 0, i32 0, void @p_str, i32 0, i32 0, void @p_str, void @p_str, void @p_str, i32 2, i32 2, i32 16, i32 16, void @p_str, void @p_str, i32 4294967295, i32 0"   --->   Operation 256 'specinterface' 'specinterface_ln0' <Predicate = true> <Delay = 0.00>
ST_18 : Operation 257 [1/1] (0.00ns)   --->   "%empty_79 = specchannel i32 @_ssdm_op_SpecChannel, void @num_pkts_c_str, i32 1, void @p_str, void @p_str, i32 2, i32 0, i29 %num_pkts_c, i29 %num_pkts_c"   --->   Operation 257 'specchannel' 'empty_79' <Predicate = true> <Delay = 0.00>
ST_18 : Operation 258 [1/1] (0.00ns)   --->   "%specinterface_ln0 = specinterface void @_ssdm_op_SpecInterface, i29 %num_pkts_c, void @ap_fifo_str, i32 0, i32 0, void @p_str, i32 0, i32 0, void @p_str, void @p_str, void @p_str, i32 2, i32 2, i32 16, i32 16, void @p_str, void @p_str, i32 4294967295, i32 0"   --->   Operation 258 'specinterface' 'specinterface_ln0' <Predicate = true> <Delay = 0.00>
ST_18 : Operation 259 [1/1] (0.00ns)   --->   "%empty_80 = specchannel i32 @_ssdm_op_SpecChannel, void @stencilConfig_OC_6_c134_str, i32 1, void @p_str, void @p_str, i32 4, i32 0, i14 %stencilConfig_6_c134, i14 %stencilConfig_6_c134"   --->   Operation 259 'specchannel' 'empty_80' <Predicate = true> <Delay = 0.00>
ST_18 : Operation 260 [1/1] (0.00ns)   --->   "%specinterface_ln0 = specinterface void @_ssdm_op_SpecInterface, i14 %stencilConfig_6_c134, void @ap_fifo_str, i32 0, i32 0, void @p_str, i32 0, i32 0, void @p_str, void @p_str, void @p_str, i32 2, i32 2, i32 16, i32 16, void @p_str, void @p_str, i32 4294967295, i32 0"   --->   Operation 260 'specinterface' 'specinterface_ln0' <Predicate = true> <Delay = 0.00>
ST_18 : Operation 261 [1/1] (0.00ns)   --->   "%empty_81 = specchannel i32 @_ssdm_op_SpecChannel, void @stencilConfig_OC_6_c133_str, i32 1, void @p_str, void @p_str, i32 4, i32 0, i14 %stencilConfig_6_c133, i14 %stencilConfig_6_c133"   --->   Operation 261 'specchannel' 'empty_81' <Predicate = true> <Delay = 0.00>
ST_18 : Operation 262 [1/1] (0.00ns)   --->   "%specinterface_ln0 = specinterface void @_ssdm_op_SpecInterface, i14 %stencilConfig_6_c133, void @ap_fifo_str, i32 0, i32 0, void @p_str, i32 0, i32 0, void @p_str, void @p_str, void @p_str, i32 2, i32 2, i32 16, i32 16, void @p_str, void @p_str, i32 4294967295, i32 0"   --->   Operation 262 'specinterface' 'specinterface_ln0' <Predicate = true> <Delay = 0.00>
ST_18 : Operation 263 [1/1] (0.00ns)   --->   "%empty_82 = specchannel i32 @_ssdm_op_SpecChannel, void @stencilConfig_OC_6_c132_str, i32 1, void @p_str, void @p_str, i32 4, i32 0, i14 %stencilConfig_6_c132, i14 %stencilConfig_6_c132"   --->   Operation 263 'specchannel' 'empty_82' <Predicate = true> <Delay = 0.00>
ST_18 : Operation 264 [1/1] (0.00ns)   --->   "%specinterface_ln0 = specinterface void @_ssdm_op_SpecInterface, i14 %stencilConfig_6_c132, void @ap_fifo_str, i32 0, i32 0, void @p_str, i32 0, i32 0, void @p_str, void @p_str, void @p_str, i32 2, i32 2, i32 16, i32 16, void @p_str, void @p_str, i32 4294967295, i32 0"   --->   Operation 264 'specinterface' 'specinterface_ln0' <Predicate = true> <Delay = 0.00>
ST_18 : Operation 265 [1/1] (0.00ns)   --->   "%empty_83 = specchannel i32 @_ssdm_op_SpecChannel, void @stencilConfig_OC_6_c131_str, i32 1, void @p_str, void @p_str, i32 4, i32 0, i14 %stencilConfig_6_c131, i14 %stencilConfig_6_c131"   --->   Operation 265 'specchannel' 'empty_83' <Predicate = true> <Delay = 0.00>
ST_18 : Operation 266 [1/1] (0.00ns)   --->   "%specinterface_ln0 = specinterface void @_ssdm_op_SpecInterface, i14 %stencilConfig_6_c131, void @ap_fifo_str, i32 0, i32 0, void @p_str, i32 0, i32 0, void @p_str, void @p_str, void @p_str, i32 2, i32 2, i32 16, i32 16, void @p_str, void @p_str, i32 4294967295, i32 0"   --->   Operation 266 'specinterface' 'specinterface_ln0' <Predicate = true> <Delay = 0.00>
ST_18 : Operation 267 [1/1] (0.00ns)   --->   "%empty_84 = specchannel i32 @_ssdm_op_SpecChannel, void @stencilConfig_OC_6_c130_str, i32 1, void @p_str, void @p_str, i32 3, i32 0, i14 %stencilConfig_6_c130, i14 %stencilConfig_6_c130"   --->   Operation 267 'specchannel' 'empty_84' <Predicate = true> <Delay = 0.00>
ST_18 : Operation 268 [1/1] (0.00ns)   --->   "%specinterface_ln0 = specinterface void @_ssdm_op_SpecInterface, i14 %stencilConfig_6_c130, void @ap_fifo_str, i32 0, i32 0, void @p_str, i32 0, i32 0, void @p_str, void @p_str, void @p_str, i32 2, i32 2, i32 16, i32 16, void @p_str, void @p_str, i32 4294967295, i32 0"   --->   Operation 268 'specinterface' 'specinterface_ln0' <Predicate = true> <Delay = 0.00>
ST_18 : Operation 269 [1/1] (0.00ns)   --->   "%empty_85 = specchannel i32 @_ssdm_op_SpecChannel, void @stencilConfig_OC_6_c129_str, i32 1, void @p_str, void @p_str, i32 3, i32 0, i14 %stencilConfig_6_c129, i14 %stencilConfig_6_c129"   --->   Operation 269 'specchannel' 'empty_85' <Predicate = true> <Delay = 0.00>
ST_18 : Operation 270 [1/1] (0.00ns)   --->   "%specinterface_ln0 = specinterface void @_ssdm_op_SpecInterface, i14 %stencilConfig_6_c129, void @ap_fifo_str, i32 0, i32 0, void @p_str, i32 0, i32 0, void @p_str, void @p_str, void @p_str, i32 2, i32 2, i32 16, i32 16, void @p_str, void @p_str, i32 4294967295, i32 0"   --->   Operation 270 'specinterface' 'specinterface_ln0' <Predicate = true> <Delay = 0.00>
ST_18 : Operation 271 [1/1] (0.00ns)   --->   "%empty_86 = specchannel i32 @_ssdm_op_SpecChannel, void @stencilConfig_OC_6_c128_str, i32 1, void @p_str, void @p_str, i32 3, i32 0, i14 %stencilConfig_6_c128, i14 %stencilConfig_6_c128"   --->   Operation 271 'specchannel' 'empty_86' <Predicate = true> <Delay = 0.00>
ST_18 : Operation 272 [1/1] (0.00ns)   --->   "%specinterface_ln0 = specinterface void @_ssdm_op_SpecInterface, i14 %stencilConfig_6_c128, void @ap_fifo_str, i32 0, i32 0, void @p_str, i32 0, i32 0, void @p_str, void @p_str, void @p_str, i32 2, i32 2, i32 16, i32 16, void @p_str, void @p_str, i32 4294967295, i32 0"   --->   Operation 272 'specinterface' 'specinterface_ln0' <Predicate = true> <Delay = 0.00>
ST_18 : Operation 273 [1/1] (0.00ns)   --->   "%empty_87 = specchannel i32 @_ssdm_op_SpecChannel, void @stencilConfig_OC_6_c127_str, i32 1, void @p_str, void @p_str, i32 3, i32 0, i14 %stencilConfig_6_c127, i14 %stencilConfig_6_c127"   --->   Operation 273 'specchannel' 'empty_87' <Predicate = true> <Delay = 0.00>
ST_18 : Operation 274 [1/1] (0.00ns)   --->   "%specinterface_ln0 = specinterface void @_ssdm_op_SpecInterface, i14 %stencilConfig_6_c127, void @ap_fifo_str, i32 0, i32 0, void @p_str, i32 0, i32 0, void @p_str, void @p_str, void @p_str, i32 2, i32 2, i32 16, i32 16, void @p_str, void @p_str, i32 4294967295, i32 0"   --->   Operation 274 'specinterface' 'specinterface_ln0' <Predicate = true> <Delay = 0.00>
ST_18 : Operation 275 [1/1] (0.00ns)   --->   "%empty_88 = specchannel i32 @_ssdm_op_SpecChannel, void @stencilConfig_OC_6_c126_str, i32 1, void @p_str, void @p_str, i32 3, i32 0, i14 %stencilConfig_6_c126, i14 %stencilConfig_6_c126"   --->   Operation 275 'specchannel' 'empty_88' <Predicate = true> <Delay = 0.00>
ST_18 : Operation 276 [1/1] (0.00ns)   --->   "%specinterface_ln0 = specinterface void @_ssdm_op_SpecInterface, i14 %stencilConfig_6_c126, void @ap_fifo_str, i32 0, i32 0, void @p_str, i32 0, i32 0, void @p_str, void @p_str, void @p_str, i32 2, i32 2, i32 16, i32 16, void @p_str, void @p_str, i32 4294967295, i32 0"   --->   Operation 276 'specinterface' 'specinterface_ln0' <Predicate = true> <Delay = 0.00>
ST_18 : Operation 277 [1/1] (0.00ns)   --->   "%empty_89 = specchannel i32 @_ssdm_op_SpecChannel, void @stencilConfig_OC_6_c125_str, i32 1, void @p_str, void @p_str, i32 3, i32 0, i14 %stencilConfig_6_c125, i14 %stencilConfig_6_c125"   --->   Operation 277 'specchannel' 'empty_89' <Predicate = true> <Delay = 0.00>
ST_18 : Operation 278 [1/1] (0.00ns)   --->   "%specinterface_ln0 = specinterface void @_ssdm_op_SpecInterface, i14 %stencilConfig_6_c125, void @ap_fifo_str, i32 0, i32 0, void @p_str, i32 0, i32 0, void @p_str, void @p_str, void @p_str, i32 2, i32 2, i32 16, i32 16, void @p_str, void @p_str, i32 4294967295, i32 0"   --->   Operation 278 'specinterface' 'specinterface_ln0' <Predicate = true> <Delay = 0.00>
ST_18 : Operation 279 [1/1] (0.00ns)   --->   "%empty_90 = specchannel i32 @_ssdm_op_SpecChannel, void @stencilConfig_OC_6_c124_str, i32 1, void @p_str, void @p_str, i32 3, i32 0, i14 %stencilConfig_6_c124, i14 %stencilConfig_6_c124"   --->   Operation 279 'specchannel' 'empty_90' <Predicate = true> <Delay = 0.00>
ST_18 : Operation 280 [1/1] (0.00ns)   --->   "%specinterface_ln0 = specinterface void @_ssdm_op_SpecInterface, i14 %stencilConfig_6_c124, void @ap_fifo_str, i32 0, i32 0, void @p_str, i32 0, i32 0, void @p_str, void @p_str, void @p_str, i32 2, i32 2, i32 16, i32 16, void @p_str, void @p_str, i32 4294967295, i32 0"   --->   Operation 280 'specinterface' 'specinterface_ln0' <Predicate = true> <Delay = 0.00>
ST_18 : Operation 281 [1/1] (0.00ns)   --->   "%empty_91 = specchannel i32 @_ssdm_op_SpecChannel, void @stencilConfig_OC_6_c_str, i32 1, void @p_str, void @p_str, i32 3, i32 0, i14 %stencilConfig_6_c, i14 %stencilConfig_6_c"   --->   Operation 281 'specchannel' 'empty_91' <Predicate = true> <Delay = 0.00>
ST_18 : Operation 282 [1/1] (0.00ns)   --->   "%specinterface_ln0 = specinterface void @_ssdm_op_SpecInterface, i14 %stencilConfig_6_c, void @ap_fifo_str, i32 0, i32 0, void @p_str, i32 0, i32 0, void @p_str, void @p_str, void @p_str, i32 2, i32 2, i32 16, i32 16, void @p_str, void @p_str, i32 4294967295, i32 0"   --->   Operation 282 'specinterface' 'specinterface_ln0' <Predicate = true> <Delay = 0.00>
ST_18 : Operation 283 [1/1] (0.00ns)   --->   "%empty_92 = specchannel i32 @_ssdm_op_SpecChannel, void @stencilConfig_OC_5_OC_0_c123_str, i32 1, void @p_str, void @p_str, i32 4, i32 0, i1 %stencilConfig_5_0_c123, i1 %stencilConfig_5_0_c123"   --->   Operation 283 'specchannel' 'empty_92' <Predicate = true> <Delay = 0.00>
ST_18 : Operation 284 [1/1] (0.00ns)   --->   "%specinterface_ln0 = specinterface void @_ssdm_op_SpecInterface, i1 %stencilConfig_5_0_c123, void @ap_fifo_str, i32 0, i32 0, void @p_str, i32 0, i32 0, void @p_str, void @p_str, void @p_str, i32 2, i32 2, i32 16, i32 16, void @p_str, void @p_str, i32 4294967295, i32 0"   --->   Operation 284 'specinterface' 'specinterface_ln0' <Predicate = true> <Delay = 0.00>
ST_18 : Operation 285 [1/1] (0.00ns)   --->   "%empty_93 = specchannel i32 @_ssdm_op_SpecChannel, void @stencilConfig_OC_5_OC_0_c122_str, i32 1, void @p_str, void @p_str, i32 4, i32 0, i1 %stencilConfig_5_0_c122, i1 %stencilConfig_5_0_c122"   --->   Operation 285 'specchannel' 'empty_93' <Predicate = true> <Delay = 0.00>
ST_18 : Operation 286 [1/1] (0.00ns)   --->   "%specinterface_ln0 = specinterface void @_ssdm_op_SpecInterface, i1 %stencilConfig_5_0_c122, void @ap_fifo_str, i32 0, i32 0, void @p_str, i32 0, i32 0, void @p_str, void @p_str, void @p_str, i32 2, i32 2, i32 16, i32 16, void @p_str, void @p_str, i32 4294967295, i32 0"   --->   Operation 286 'specinterface' 'specinterface_ln0' <Predicate = true> <Delay = 0.00>
ST_18 : Operation 287 [1/1] (0.00ns)   --->   "%empty_94 = specchannel i32 @_ssdm_op_SpecChannel, void @stencilConfig_OC_5_OC_0_c121_str, i32 1, void @p_str, void @p_str, i32 4, i32 0, i1 %stencilConfig_5_0_c121, i1 %stencilConfig_5_0_c121"   --->   Operation 287 'specchannel' 'empty_94' <Predicate = true> <Delay = 0.00>
ST_18 : Operation 288 [1/1] (0.00ns)   --->   "%specinterface_ln0 = specinterface void @_ssdm_op_SpecInterface, i1 %stencilConfig_5_0_c121, void @ap_fifo_str, i32 0, i32 0, void @p_str, i32 0, i32 0, void @p_str, void @p_str, void @p_str, i32 2, i32 2, i32 16, i32 16, void @p_str, void @p_str, i32 4294967295, i32 0"   --->   Operation 288 'specinterface' 'specinterface_ln0' <Predicate = true> <Delay = 0.00>
ST_18 : Operation 289 [1/1] (0.00ns)   --->   "%empty_95 = specchannel i32 @_ssdm_op_SpecChannel, void @stencilConfig_OC_5_OC_0_c120_str, i32 1, void @p_str, void @p_str, i32 4, i32 0, i1 %stencilConfig_5_0_c120, i1 %stencilConfig_5_0_c120"   --->   Operation 289 'specchannel' 'empty_95' <Predicate = true> <Delay = 0.00>
ST_18 : Operation 290 [1/1] (0.00ns)   --->   "%specinterface_ln0 = specinterface void @_ssdm_op_SpecInterface, i1 %stencilConfig_5_0_c120, void @ap_fifo_str, i32 0, i32 0, void @p_str, i32 0, i32 0, void @p_str, void @p_str, void @p_str, i32 2, i32 2, i32 16, i32 16, void @p_str, void @p_str, i32 4294967295, i32 0"   --->   Operation 290 'specinterface' 'specinterface_ln0' <Predicate = true> <Delay = 0.00>
ST_18 : Operation 291 [1/1] (0.00ns)   --->   "%empty_96 = specchannel i32 @_ssdm_op_SpecChannel, void @stencilConfig_OC_5_OC_0_c119_str, i32 1, void @p_str, void @p_str, i32 3, i32 0, i1 %stencilConfig_5_0_c119, i1 %stencilConfig_5_0_c119"   --->   Operation 291 'specchannel' 'empty_96' <Predicate = true> <Delay = 0.00>
ST_18 : Operation 292 [1/1] (0.00ns)   --->   "%specinterface_ln0 = specinterface void @_ssdm_op_SpecInterface, i1 %stencilConfig_5_0_c119, void @ap_fifo_str, i32 0, i32 0, void @p_str, i32 0, i32 0, void @p_str, void @p_str, void @p_str, i32 2, i32 2, i32 16, i32 16, void @p_str, void @p_str, i32 4294967295, i32 0"   --->   Operation 292 'specinterface' 'specinterface_ln0' <Predicate = true> <Delay = 0.00>
ST_18 : Operation 293 [1/1] (0.00ns)   --->   "%empty_97 = specchannel i32 @_ssdm_op_SpecChannel, void @stencilConfig_OC_5_OC_0_c118_str, i32 1, void @p_str, void @p_str, i32 3, i32 0, i1 %stencilConfig_5_0_c118, i1 %stencilConfig_5_0_c118"   --->   Operation 293 'specchannel' 'empty_97' <Predicate = true> <Delay = 0.00>
ST_18 : Operation 294 [1/1] (0.00ns)   --->   "%specinterface_ln0 = specinterface void @_ssdm_op_SpecInterface, i1 %stencilConfig_5_0_c118, void @ap_fifo_str, i32 0, i32 0, void @p_str, i32 0, i32 0, void @p_str, void @p_str, void @p_str, i32 2, i32 2, i32 16, i32 16, void @p_str, void @p_str, i32 4294967295, i32 0"   --->   Operation 294 'specinterface' 'specinterface_ln0' <Predicate = true> <Delay = 0.00>
ST_18 : Operation 295 [1/1] (0.00ns)   --->   "%empty_98 = specchannel i32 @_ssdm_op_SpecChannel, void @stencilConfig_OC_5_OC_0_c117_str, i32 1, void @p_str, void @p_str, i32 3, i32 0, i1 %stencilConfig_5_0_c117, i1 %stencilConfig_5_0_c117"   --->   Operation 295 'specchannel' 'empty_98' <Predicate = true> <Delay = 0.00>
ST_18 : Operation 296 [1/1] (0.00ns)   --->   "%specinterface_ln0 = specinterface void @_ssdm_op_SpecInterface, i1 %stencilConfig_5_0_c117, void @ap_fifo_str, i32 0, i32 0, void @p_str, i32 0, i32 0, void @p_str, void @p_str, void @p_str, i32 2, i32 2, i32 16, i32 16, void @p_str, void @p_str, i32 4294967295, i32 0"   --->   Operation 296 'specinterface' 'specinterface_ln0' <Predicate = true> <Delay = 0.00>
ST_18 : Operation 297 [1/1] (0.00ns)   --->   "%empty_99 = specchannel i32 @_ssdm_op_SpecChannel, void @stencilConfig_OC_5_OC_0_c116_str, i32 1, void @p_str, void @p_str, i32 3, i32 0, i1 %stencilConfig_5_0_c116, i1 %stencilConfig_5_0_c116"   --->   Operation 297 'specchannel' 'empty_99' <Predicate = true> <Delay = 0.00>
ST_18 : Operation 298 [1/1] (0.00ns)   --->   "%specinterface_ln0 = specinterface void @_ssdm_op_SpecInterface, i1 %stencilConfig_5_0_c116, void @ap_fifo_str, i32 0, i32 0, void @p_str, i32 0, i32 0, void @p_str, void @p_str, void @p_str, i32 2, i32 2, i32 16, i32 16, void @p_str, void @p_str, i32 4294967295, i32 0"   --->   Operation 298 'specinterface' 'specinterface_ln0' <Predicate = true> <Delay = 0.00>
ST_18 : Operation 299 [1/1] (0.00ns)   --->   "%empty_100 = specchannel i32 @_ssdm_op_SpecChannel, void @stencilConfig_OC_5_OC_0_c115_str, i32 1, void @p_str, void @p_str, i32 3, i32 0, i1 %stencilConfig_5_0_c115, i1 %stencilConfig_5_0_c115"   --->   Operation 299 'specchannel' 'empty_100' <Predicate = true> <Delay = 0.00>
ST_18 : Operation 300 [1/1] (0.00ns)   --->   "%specinterface_ln0 = specinterface void @_ssdm_op_SpecInterface, i1 %stencilConfig_5_0_c115, void @ap_fifo_str, i32 0, i32 0, void @p_str, i32 0, i32 0, void @p_str, void @p_str, void @p_str, i32 2, i32 2, i32 16, i32 16, void @p_str, void @p_str, i32 4294967295, i32 0"   --->   Operation 300 'specinterface' 'specinterface_ln0' <Predicate = true> <Delay = 0.00>
ST_18 : Operation 301 [1/1] (0.00ns)   --->   "%empty_101 = specchannel i32 @_ssdm_op_SpecChannel, void @stencilConfig_OC_5_OC_0_c114_str, i32 1, void @p_str, void @p_str, i32 3, i32 0, i1 %stencilConfig_5_0_c114, i1 %stencilConfig_5_0_c114"   --->   Operation 301 'specchannel' 'empty_101' <Predicate = true> <Delay = 0.00>
ST_18 : Operation 302 [1/1] (0.00ns)   --->   "%specinterface_ln0 = specinterface void @_ssdm_op_SpecInterface, i1 %stencilConfig_5_0_c114, void @ap_fifo_str, i32 0, i32 0, void @p_str, i32 0, i32 0, void @p_str, void @p_str, void @p_str, i32 2, i32 2, i32 16, i32 16, void @p_str, void @p_str, i32 4294967295, i32 0"   --->   Operation 302 'specinterface' 'specinterface_ln0' <Predicate = true> <Delay = 0.00>
ST_18 : Operation 303 [1/1] (0.00ns)   --->   "%empty_102 = specchannel i32 @_ssdm_op_SpecChannel, void @stencilConfig_OC_5_OC_0_c113_str, i32 1, void @p_str, void @p_str, i32 3, i32 0, i1 %stencilConfig_5_0_c113, i1 %stencilConfig_5_0_c113"   --->   Operation 303 'specchannel' 'empty_102' <Predicate = true> <Delay = 0.00>
ST_18 : Operation 304 [1/1] (0.00ns)   --->   "%specinterface_ln0 = specinterface void @_ssdm_op_SpecInterface, i1 %stencilConfig_5_0_c113, void @ap_fifo_str, i32 0, i32 0, void @p_str, i32 0, i32 0, void @p_str, void @p_str, void @p_str, i32 2, i32 2, i32 16, i32 16, void @p_str, void @p_str, i32 4294967295, i32 0"   --->   Operation 304 'specinterface' 'specinterface_ln0' <Predicate = true> <Delay = 0.00>
ST_18 : Operation 305 [1/1] (0.00ns)   --->   "%empty_103 = specchannel i32 @_ssdm_op_SpecChannel, void @stencilConfig_OC_5_OC_0_c_str, i32 1, void @p_str, void @p_str, i32 3, i32 0, i1 %stencilConfig_5_0_c, i1 %stencilConfig_5_0_c"   --->   Operation 305 'specchannel' 'empty_103' <Predicate = true> <Delay = 0.00>
ST_18 : Operation 306 [1/1] (0.00ns)   --->   "%specinterface_ln0 = specinterface void @_ssdm_op_SpecInterface, i1 %stencilConfig_5_0_c, void @ap_fifo_str, i32 0, i32 0, void @p_str, i32 0, i32 0, void @p_str, void @p_str, void @p_str, i32 2, i32 2, i32 16, i32 16, void @p_str, void @p_str, i32 4294967295, i32 0"   --->   Operation 306 'specinterface' 'specinterface_ln0' <Predicate = true> <Delay = 0.00>
ST_18 : Operation 307 [1/1] (0.00ns)   --->   "%empty_104 = specchannel i32 @_ssdm_op_SpecChannel, void @stencilConfig_OC_4_OC_0_c112_str, i32 1, void @p_str, void @p_str, i32 4, i32 0, i1 %stencilConfig_4_0_c112, i1 %stencilConfig_4_0_c112"   --->   Operation 307 'specchannel' 'empty_104' <Predicate = true> <Delay = 0.00>
ST_18 : Operation 308 [1/1] (0.00ns)   --->   "%specinterface_ln0 = specinterface void @_ssdm_op_SpecInterface, i1 %stencilConfig_4_0_c112, void @ap_fifo_str, i32 0, i32 0, void @p_str, i32 0, i32 0, void @p_str, void @p_str, void @p_str, i32 2, i32 2, i32 16, i32 16, void @p_str, void @p_str, i32 4294967295, i32 0"   --->   Operation 308 'specinterface' 'specinterface_ln0' <Predicate = true> <Delay = 0.00>
ST_18 : Operation 309 [1/1] (0.00ns)   --->   "%empty_105 = specchannel i32 @_ssdm_op_SpecChannel, void @stencilConfig_OC_4_OC_0_c111_str, i32 1, void @p_str, void @p_str, i32 3, i32 0, i1 %stencilConfig_4_0_c111, i1 %stencilConfig_4_0_c111"   --->   Operation 309 'specchannel' 'empty_105' <Predicate = true> <Delay = 0.00>
ST_18 : Operation 310 [1/1] (0.00ns)   --->   "%specinterface_ln0 = specinterface void @_ssdm_op_SpecInterface, i1 %stencilConfig_4_0_c111, void @ap_fifo_str, i32 0, i32 0, void @p_str, i32 0, i32 0, void @p_str, void @p_str, void @p_str, i32 2, i32 2, i32 16, i32 16, void @p_str, void @p_str, i32 4294967295, i32 0"   --->   Operation 310 'specinterface' 'specinterface_ln0' <Predicate = true> <Delay = 0.00>
ST_18 : Operation 311 [1/1] (0.00ns)   --->   "%empty_106 = specchannel i32 @_ssdm_op_SpecChannel, void @stencilConfig_OC_4_OC_0_c_str, i32 1, void @p_str, void @p_str, i32 3, i32 0, i1 %stencilConfig_4_0_c, i1 %stencilConfig_4_0_c"   --->   Operation 311 'specchannel' 'empty_106' <Predicate = true> <Delay = 0.00>
ST_18 : Operation 312 [1/1] (0.00ns)   --->   "%specinterface_ln0 = specinterface void @_ssdm_op_SpecInterface, i1 %stencilConfig_4_0_c, void @ap_fifo_str, i32 0, i32 0, void @p_str, i32 0, i32 0, void @p_str, void @p_str, void @p_str, i32 2, i32 2, i32 16, i32 16, void @p_str, void @p_str, i32 4294967295, i32 0"   --->   Operation 312 'specinterface' 'specinterface_ln0' <Predicate = true> <Delay = 0.00>
ST_18 : Operation 313 [1/1] (0.00ns)   --->   "%empty_107 = specchannel i32 @_ssdm_op_SpecChannel, void @stencilConfig_OC_3_c110_str, i32 1, void @p_str, void @p_str, i32 4, i32 0, i16 %stencilConfig_3_c110, i16 %stencilConfig_3_c110"   --->   Operation 313 'specchannel' 'empty_107' <Predicate = true> <Delay = 0.00>
ST_18 : Operation 314 [1/1] (0.00ns)   --->   "%specinterface_ln0 = specinterface void @_ssdm_op_SpecInterface, i16 %stencilConfig_3_c110, void @ap_fifo_str, i32 0, i32 0, void @p_str, i32 0, i32 0, void @p_str, void @p_str, void @p_str, i32 2, i32 2, i32 16, i32 16, void @p_str, void @p_str, i32 4294967295, i32 0"   --->   Operation 314 'specinterface' 'specinterface_ln0' <Predicate = true> <Delay = 0.00>
ST_18 : Operation 315 [1/1] (0.00ns)   --->   "%empty_108 = specchannel i32 @_ssdm_op_SpecChannel, void @stencilConfig_OC_3_c109_str, i32 1, void @p_str, void @p_str, i32 4, i32 0, i16 %stencilConfig_3_c109, i16 %stencilConfig_3_c109"   --->   Operation 315 'specchannel' 'empty_108' <Predicate = true> <Delay = 0.00>
ST_18 : Operation 316 [1/1] (0.00ns)   --->   "%specinterface_ln0 = specinterface void @_ssdm_op_SpecInterface, i16 %stencilConfig_3_c109, void @ap_fifo_str, i32 0, i32 0, void @p_str, i32 0, i32 0, void @p_str, void @p_str, void @p_str, i32 2, i32 2, i32 16, i32 16, void @p_str, void @p_str, i32 4294967295, i32 0"   --->   Operation 316 'specinterface' 'specinterface_ln0' <Predicate = true> <Delay = 0.00>
ST_18 : Operation 317 [1/1] (0.00ns)   --->   "%empty_109 = specchannel i32 @_ssdm_op_SpecChannel, void @stencilConfig_OC_3_c108_str, i32 1, void @p_str, void @p_str, i32 4, i32 0, i16 %stencilConfig_3_c108, i16 %stencilConfig_3_c108"   --->   Operation 317 'specchannel' 'empty_109' <Predicate = true> <Delay = 0.00>
ST_18 : Operation 318 [1/1] (0.00ns)   --->   "%specinterface_ln0 = specinterface void @_ssdm_op_SpecInterface, i16 %stencilConfig_3_c108, void @ap_fifo_str, i32 0, i32 0, void @p_str, i32 0, i32 0, void @p_str, void @p_str, void @p_str, i32 2, i32 2, i32 16, i32 16, void @p_str, void @p_str, i32 4294967295, i32 0"   --->   Operation 318 'specinterface' 'specinterface_ln0' <Predicate = true> <Delay = 0.00>
ST_18 : Operation 319 [1/1] (0.00ns)   --->   "%empty_110 = specchannel i32 @_ssdm_op_SpecChannel, void @stencilConfig_OC_3_c107_str, i32 1, void @p_str, void @p_str, i32 4, i32 0, i16 %stencilConfig_3_c107, i16 %stencilConfig_3_c107"   --->   Operation 319 'specchannel' 'empty_110' <Predicate = true> <Delay = 0.00>
ST_18 : Operation 320 [1/1] (0.00ns)   --->   "%specinterface_ln0 = specinterface void @_ssdm_op_SpecInterface, i16 %stencilConfig_3_c107, void @ap_fifo_str, i32 0, i32 0, void @p_str, i32 0, i32 0, void @p_str, void @p_str, void @p_str, i32 2, i32 2, i32 16, i32 16, void @p_str, void @p_str, i32 4294967295, i32 0"   --->   Operation 320 'specinterface' 'specinterface_ln0' <Predicate = true> <Delay = 0.00>
ST_18 : Operation 321 [1/1] (0.00ns)   --->   "%empty_111 = specchannel i32 @_ssdm_op_SpecChannel, void @stencilConfig_OC_3_c106_str, i32 1, void @p_str, void @p_str, i32 3, i32 0, i16 %stencilConfig_3_c106, i16 %stencilConfig_3_c106"   --->   Operation 321 'specchannel' 'empty_111' <Predicate = true> <Delay = 0.00>
ST_18 : Operation 322 [1/1] (0.00ns)   --->   "%specinterface_ln0 = specinterface void @_ssdm_op_SpecInterface, i16 %stencilConfig_3_c106, void @ap_fifo_str, i32 0, i32 0, void @p_str, i32 0, i32 0, void @p_str, void @p_str, void @p_str, i32 2, i32 2, i32 16, i32 16, void @p_str, void @p_str, i32 4294967295, i32 0"   --->   Operation 322 'specinterface' 'specinterface_ln0' <Predicate = true> <Delay = 0.00>
ST_18 : Operation 323 [1/1] (0.00ns)   --->   "%empty_112 = specchannel i32 @_ssdm_op_SpecChannel, void @stencilConfig_OC_3_c105_str, i32 1, void @p_str, void @p_str, i32 3, i32 0, i16 %stencilConfig_3_c105, i16 %stencilConfig_3_c105"   --->   Operation 323 'specchannel' 'empty_112' <Predicate = true> <Delay = 0.00>
ST_18 : Operation 324 [1/1] (0.00ns)   --->   "%specinterface_ln0 = specinterface void @_ssdm_op_SpecInterface, i16 %stencilConfig_3_c105, void @ap_fifo_str, i32 0, i32 0, void @p_str, i32 0, i32 0, void @p_str, void @p_str, void @p_str, i32 2, i32 2, i32 16, i32 16, void @p_str, void @p_str, i32 4294967295, i32 0"   --->   Operation 324 'specinterface' 'specinterface_ln0' <Predicate = true> <Delay = 0.00>
ST_18 : Operation 325 [1/1] (0.00ns)   --->   "%empty_113 = specchannel i32 @_ssdm_op_SpecChannel, void @stencilConfig_OC_3_c104_str, i32 1, void @p_str, void @p_str, i32 3, i32 0, i16 %stencilConfig_3_c104, i16 %stencilConfig_3_c104"   --->   Operation 325 'specchannel' 'empty_113' <Predicate = true> <Delay = 0.00>
ST_18 : Operation 326 [1/1] (0.00ns)   --->   "%specinterface_ln0 = specinterface void @_ssdm_op_SpecInterface, i16 %stencilConfig_3_c104, void @ap_fifo_str, i32 0, i32 0, void @p_str, i32 0, i32 0, void @p_str, void @p_str, void @p_str, i32 2, i32 2, i32 16, i32 16, void @p_str, void @p_str, i32 4294967295, i32 0"   --->   Operation 326 'specinterface' 'specinterface_ln0' <Predicate = true> <Delay = 0.00>
ST_18 : Operation 327 [1/1] (0.00ns)   --->   "%empty_114 = specchannel i32 @_ssdm_op_SpecChannel, void @stencilConfig_OC_3_c103_str, i32 1, void @p_str, void @p_str, i32 3, i32 0, i16 %stencilConfig_3_c103, i16 %stencilConfig_3_c103"   --->   Operation 327 'specchannel' 'empty_114' <Predicate = true> <Delay = 0.00>
ST_18 : Operation 328 [1/1] (0.00ns)   --->   "%specinterface_ln0 = specinterface void @_ssdm_op_SpecInterface, i16 %stencilConfig_3_c103, void @ap_fifo_str, i32 0, i32 0, void @p_str, i32 0, i32 0, void @p_str, void @p_str, void @p_str, i32 2, i32 2, i32 16, i32 16, void @p_str, void @p_str, i32 4294967295, i32 0"   --->   Operation 328 'specinterface' 'specinterface_ln0' <Predicate = true> <Delay = 0.00>
ST_18 : Operation 329 [1/1] (0.00ns)   --->   "%empty_115 = specchannel i32 @_ssdm_op_SpecChannel, void @stencilConfig_OC_3_c102_str, i32 1, void @p_str, void @p_str, i32 3, i32 0, i16 %stencilConfig_3_c102, i16 %stencilConfig_3_c102"   --->   Operation 329 'specchannel' 'empty_115' <Predicate = true> <Delay = 0.00>
ST_18 : Operation 330 [1/1] (0.00ns)   --->   "%specinterface_ln0 = specinterface void @_ssdm_op_SpecInterface, i16 %stencilConfig_3_c102, void @ap_fifo_str, i32 0, i32 0, void @p_str, i32 0, i32 0, void @p_str, void @p_str, void @p_str, i32 2, i32 2, i32 16, i32 16, void @p_str, void @p_str, i32 4294967295, i32 0"   --->   Operation 330 'specinterface' 'specinterface_ln0' <Predicate = true> <Delay = 0.00>
ST_18 : Operation 331 [1/1] (0.00ns)   --->   "%empty_116 = specchannel i32 @_ssdm_op_SpecChannel, void @stencilConfig_OC_3_c101_str, i32 1, void @p_str, void @p_str, i32 3, i32 0, i16 %stencilConfig_3_c101, i16 %stencilConfig_3_c101"   --->   Operation 331 'specchannel' 'empty_116' <Predicate = true> <Delay = 0.00>
ST_18 : Operation 332 [1/1] (0.00ns)   --->   "%specinterface_ln0 = specinterface void @_ssdm_op_SpecInterface, i16 %stencilConfig_3_c101, void @ap_fifo_str, i32 0, i32 0, void @p_str, i32 0, i32 0, void @p_str, void @p_str, void @p_str, i32 2, i32 2, i32 16, i32 16, void @p_str, void @p_str, i32 4294967295, i32 0"   --->   Operation 332 'specinterface' 'specinterface_ln0' <Predicate = true> <Delay = 0.00>
ST_18 : Operation 333 [1/1] (0.00ns)   --->   "%empty_117 = specchannel i32 @_ssdm_op_SpecChannel, void @stencilConfig_OC_3_c100_str, i32 1, void @p_str, void @p_str, i32 3, i32 0, i16 %stencilConfig_3_c100, i16 %stencilConfig_3_c100"   --->   Operation 333 'specchannel' 'empty_117' <Predicate = true> <Delay = 0.00>
ST_18 : Operation 334 [1/1] (0.00ns)   --->   "%specinterface_ln0 = specinterface void @_ssdm_op_SpecInterface, i16 %stencilConfig_3_c100, void @ap_fifo_str, i32 0, i32 0, void @p_str, i32 0, i32 0, void @p_str, void @p_str, void @p_str, i32 2, i32 2, i32 16, i32 16, void @p_str, void @p_str, i32 4294967295, i32 0"   --->   Operation 334 'specinterface' 'specinterface_ln0' <Predicate = true> <Delay = 0.00>
ST_18 : Operation 335 [1/1] (0.00ns)   --->   "%empty_118 = specchannel i32 @_ssdm_op_SpecChannel, void @stencilConfig_OC_3_c_str, i32 1, void @p_str, void @p_str, i32 3, i32 0, i16 %stencilConfig_3_c, i16 %stencilConfig_3_c"   --->   Operation 335 'specchannel' 'empty_118' <Predicate = true> <Delay = 0.00>
ST_18 : Operation 336 [1/1] (0.00ns)   --->   "%specinterface_ln0 = specinterface void @_ssdm_op_SpecInterface, i16 %stencilConfig_3_c, void @ap_fifo_str, i32 0, i32 0, void @p_str, i32 0, i32 0, void @p_str, void @p_str, void @p_str, i32 2, i32 2, i32 16, i32 16, void @p_str, void @p_str, i32 4294967295, i32 0"   --->   Operation 336 'specinterface' 'specinterface_ln0' <Predicate = true> <Delay = 0.00>
ST_18 : Operation 337 [1/1] (0.00ns)   --->   "%empty_119 = specchannel i32 @_ssdm_op_SpecChannel, void @stencilConfig_OC_2_c99_str, i32 1, void @p_str, void @p_str, i32 4, i32 0, i16 %stencilConfig_2_c99, i16 %stencilConfig_2_c99"   --->   Operation 337 'specchannel' 'empty_119' <Predicate = true> <Delay = 0.00>
ST_18 : Operation 338 [1/1] (0.00ns)   --->   "%specinterface_ln0 = specinterface void @_ssdm_op_SpecInterface, i16 %stencilConfig_2_c99, void @ap_fifo_str, i32 0, i32 0, void @p_str, i32 0, i32 0, void @p_str, void @p_str, void @p_str, i32 2, i32 2, i32 16, i32 16, void @p_str, void @p_str, i32 4294967295, i32 0"   --->   Operation 338 'specinterface' 'specinterface_ln0' <Predicate = true> <Delay = 0.00>
ST_18 : Operation 339 [1/1] (0.00ns)   --->   "%empty_120 = specchannel i32 @_ssdm_op_SpecChannel, void @stencilConfig_OC_2_c98_str, i32 1, void @p_str, void @p_str, i32 4, i32 0, i16 %stencilConfig_2_c98, i16 %stencilConfig_2_c98"   --->   Operation 339 'specchannel' 'empty_120' <Predicate = true> <Delay = 0.00>
ST_18 : Operation 340 [1/1] (0.00ns)   --->   "%specinterface_ln0 = specinterface void @_ssdm_op_SpecInterface, i16 %stencilConfig_2_c98, void @ap_fifo_str, i32 0, i32 0, void @p_str, i32 0, i32 0, void @p_str, void @p_str, void @p_str, i32 2, i32 2, i32 16, i32 16, void @p_str, void @p_str, i32 4294967295, i32 0"   --->   Operation 340 'specinterface' 'specinterface_ln0' <Predicate = true> <Delay = 0.00>
ST_18 : Operation 341 [1/1] (0.00ns)   --->   "%empty_121 = specchannel i32 @_ssdm_op_SpecChannel, void @stencilConfig_OC_2_c97_str, i32 1, void @p_str, void @p_str, i32 4, i32 0, i16 %stencilConfig_2_c97, i16 %stencilConfig_2_c97"   --->   Operation 341 'specchannel' 'empty_121' <Predicate = true> <Delay = 0.00>
ST_18 : Operation 342 [1/1] (0.00ns)   --->   "%specinterface_ln0 = specinterface void @_ssdm_op_SpecInterface, i16 %stencilConfig_2_c97, void @ap_fifo_str, i32 0, i32 0, void @p_str, i32 0, i32 0, void @p_str, void @p_str, void @p_str, i32 2, i32 2, i32 16, i32 16, void @p_str, void @p_str, i32 4294967295, i32 0"   --->   Operation 342 'specinterface' 'specinterface_ln0' <Predicate = true> <Delay = 0.00>
ST_18 : Operation 343 [1/1] (0.00ns)   --->   "%empty_122 = specchannel i32 @_ssdm_op_SpecChannel, void @stencilConfig_OC_2_c96_str, i32 1, void @p_str, void @p_str, i32 4, i32 0, i16 %stencilConfig_2_c96, i16 %stencilConfig_2_c96"   --->   Operation 343 'specchannel' 'empty_122' <Predicate = true> <Delay = 0.00>
ST_18 : Operation 344 [1/1] (0.00ns)   --->   "%specinterface_ln0 = specinterface void @_ssdm_op_SpecInterface, i16 %stencilConfig_2_c96, void @ap_fifo_str, i32 0, i32 0, void @p_str, i32 0, i32 0, void @p_str, void @p_str, void @p_str, i32 2, i32 2, i32 16, i32 16, void @p_str, void @p_str, i32 4294967295, i32 0"   --->   Operation 344 'specinterface' 'specinterface_ln0' <Predicate = true> <Delay = 0.00>
ST_18 : Operation 345 [1/1] (0.00ns)   --->   "%empty_123 = specchannel i32 @_ssdm_op_SpecChannel, void @stencilConfig_OC_2_c95_str, i32 1, void @p_str, void @p_str, i32 3, i32 0, i16 %stencilConfig_2_c95, i16 %stencilConfig_2_c95"   --->   Operation 345 'specchannel' 'empty_123' <Predicate = true> <Delay = 0.00>
ST_18 : Operation 346 [1/1] (0.00ns)   --->   "%specinterface_ln0 = specinterface void @_ssdm_op_SpecInterface, i16 %stencilConfig_2_c95, void @ap_fifo_str, i32 0, i32 0, void @p_str, i32 0, i32 0, void @p_str, void @p_str, void @p_str, i32 2, i32 2, i32 16, i32 16, void @p_str, void @p_str, i32 4294967295, i32 0"   --->   Operation 346 'specinterface' 'specinterface_ln0' <Predicate = true> <Delay = 0.00>
ST_18 : Operation 347 [1/1] (0.00ns)   --->   "%empty_124 = specchannel i32 @_ssdm_op_SpecChannel, void @stencilConfig_OC_2_c94_str, i32 1, void @p_str, void @p_str, i32 3, i32 0, i16 %stencilConfig_2_c94, i16 %stencilConfig_2_c94"   --->   Operation 347 'specchannel' 'empty_124' <Predicate = true> <Delay = 0.00>
ST_18 : Operation 348 [1/1] (0.00ns)   --->   "%specinterface_ln0 = specinterface void @_ssdm_op_SpecInterface, i16 %stencilConfig_2_c94, void @ap_fifo_str, i32 0, i32 0, void @p_str, i32 0, i32 0, void @p_str, void @p_str, void @p_str, i32 2, i32 2, i32 16, i32 16, void @p_str, void @p_str, i32 4294967295, i32 0"   --->   Operation 348 'specinterface' 'specinterface_ln0' <Predicate = true> <Delay = 0.00>
ST_18 : Operation 349 [1/1] (0.00ns)   --->   "%empty_125 = specchannel i32 @_ssdm_op_SpecChannel, void @stencilConfig_OC_2_c93_str, i32 1, void @p_str, void @p_str, i32 3, i32 0, i16 %stencilConfig_2_c93, i16 %stencilConfig_2_c93"   --->   Operation 349 'specchannel' 'empty_125' <Predicate = true> <Delay = 0.00>
ST_18 : Operation 350 [1/1] (0.00ns)   --->   "%specinterface_ln0 = specinterface void @_ssdm_op_SpecInterface, i16 %stencilConfig_2_c93, void @ap_fifo_str, i32 0, i32 0, void @p_str, i32 0, i32 0, void @p_str, void @p_str, void @p_str, i32 2, i32 2, i32 16, i32 16, void @p_str, void @p_str, i32 4294967295, i32 0"   --->   Operation 350 'specinterface' 'specinterface_ln0' <Predicate = true> <Delay = 0.00>
ST_18 : Operation 351 [1/1] (0.00ns)   --->   "%empty_126 = specchannel i32 @_ssdm_op_SpecChannel, void @stencilConfig_OC_2_c92_str, i32 1, void @p_str, void @p_str, i32 3, i32 0, i16 %stencilConfig_2_c92, i16 %stencilConfig_2_c92"   --->   Operation 351 'specchannel' 'empty_126' <Predicate = true> <Delay = 0.00>
ST_18 : Operation 352 [1/1] (0.00ns)   --->   "%specinterface_ln0 = specinterface void @_ssdm_op_SpecInterface, i16 %stencilConfig_2_c92, void @ap_fifo_str, i32 0, i32 0, void @p_str, i32 0, i32 0, void @p_str, void @p_str, void @p_str, i32 2, i32 2, i32 16, i32 16, void @p_str, void @p_str, i32 4294967295, i32 0"   --->   Operation 352 'specinterface' 'specinterface_ln0' <Predicate = true> <Delay = 0.00>
ST_18 : Operation 353 [1/1] (0.00ns)   --->   "%empty_127 = specchannel i32 @_ssdm_op_SpecChannel, void @stencilConfig_OC_2_c91_str, i32 1, void @p_str, void @p_str, i32 3, i32 0, i16 %stencilConfig_2_c91, i16 %stencilConfig_2_c91"   --->   Operation 353 'specchannel' 'empty_127' <Predicate = true> <Delay = 0.00>
ST_18 : Operation 354 [1/1] (0.00ns)   --->   "%specinterface_ln0 = specinterface void @_ssdm_op_SpecInterface, i16 %stencilConfig_2_c91, void @ap_fifo_str, i32 0, i32 0, void @p_str, i32 0, i32 0, void @p_str, void @p_str, void @p_str, i32 2, i32 2, i32 16, i32 16, void @p_str, void @p_str, i32 4294967295, i32 0"   --->   Operation 354 'specinterface' 'specinterface_ln0' <Predicate = true> <Delay = 0.00>
ST_18 : Operation 355 [1/1] (0.00ns)   --->   "%empty_128 = specchannel i32 @_ssdm_op_SpecChannel, void @stencilConfig_OC_2_c90_str, i32 1, void @p_str, void @p_str, i32 3, i32 0, i16 %stencilConfig_2_c90, i16 %stencilConfig_2_c90"   --->   Operation 355 'specchannel' 'empty_128' <Predicate = true> <Delay = 0.00>
ST_18 : Operation 356 [1/1] (0.00ns)   --->   "%specinterface_ln0 = specinterface void @_ssdm_op_SpecInterface, i16 %stencilConfig_2_c90, void @ap_fifo_str, i32 0, i32 0, void @p_str, i32 0, i32 0, void @p_str, void @p_str, void @p_str, i32 2, i32 2, i32 16, i32 16, void @p_str, void @p_str, i32 4294967295, i32 0"   --->   Operation 356 'specinterface' 'specinterface_ln0' <Predicate = true> <Delay = 0.00>
ST_18 : Operation 357 [1/1] (0.00ns)   --->   "%empty_129 = specchannel i32 @_ssdm_op_SpecChannel, void @stencilConfig_OC_2_c89_str, i32 1, void @p_str, void @p_str, i32 3, i32 0, i16 %stencilConfig_2_c89, i16 %stencilConfig_2_c89"   --->   Operation 357 'specchannel' 'empty_129' <Predicate = true> <Delay = 0.00>
ST_18 : Operation 358 [1/1] (0.00ns)   --->   "%specinterface_ln0 = specinterface void @_ssdm_op_SpecInterface, i16 %stencilConfig_2_c89, void @ap_fifo_str, i32 0, i32 0, void @p_str, i32 0, i32 0, void @p_str, void @p_str, void @p_str, i32 2, i32 2, i32 16, i32 16, void @p_str, void @p_str, i32 4294967295, i32 0"   --->   Operation 358 'specinterface' 'specinterface_ln0' <Predicate = true> <Delay = 0.00>
ST_18 : Operation 359 [1/1] (0.00ns)   --->   "%empty_130 = specchannel i32 @_ssdm_op_SpecChannel, void @stencilConfig_OC_2_c_str, i32 1, void @p_str, void @p_str, i32 3, i32 0, i16 %stencilConfig_2_c, i16 %stencilConfig_2_c"   --->   Operation 359 'specchannel' 'empty_130' <Predicate = true> <Delay = 0.00>
ST_18 : Operation 360 [1/1] (0.00ns)   --->   "%specinterface_ln0 = specinterface void @_ssdm_op_SpecInterface, i16 %stencilConfig_2_c, void @ap_fifo_str, i32 0, i32 0, void @p_str, i32 0, i32 0, void @p_str, void @p_str, void @p_str, i32 2, i32 2, i32 16, i32 16, void @p_str, void @p_str, i32 4294967295, i32 0"   --->   Operation 360 'specinterface' 'specinterface_ln0' <Predicate = true> <Delay = 0.00>
ST_18 : Operation 361 [1/1] (0.00ns)   --->   "%empty_131 = specchannel i32 @_ssdm_op_SpecChannel, void @stencilConfig_OC_0_OC_1_c88_str, i32 1, void @p_str, void @p_str, i32 4, i32 0, i16 %stencilConfig_0_1_c88, i16 %stencilConfig_0_1_c88"   --->   Operation 361 'specchannel' 'empty_131' <Predicate = true> <Delay = 0.00>
ST_18 : Operation 362 [1/1] (0.00ns)   --->   "%specinterface_ln0 = specinterface void @_ssdm_op_SpecInterface, i16 %stencilConfig_0_1_c88, void @ap_fifo_str, i32 0, i32 0, void @p_str, i32 0, i32 0, void @p_str, void @p_str, void @p_str, i32 2, i32 2, i32 16, i32 16, void @p_str, void @p_str, i32 4294967295, i32 0"   --->   Operation 362 'specinterface' 'specinterface_ln0' <Predicate = true> <Delay = 0.00>
ST_18 : Operation 363 [1/1] (0.00ns)   --->   "%empty_132 = specchannel i32 @_ssdm_op_SpecChannel, void @stencilConfig_OC_0_OC_1_c87_str, i32 1, void @p_str, void @p_str, i32 4, i32 0, i16 %stencilConfig_0_1_c87, i16 %stencilConfig_0_1_c87"   --->   Operation 363 'specchannel' 'empty_132' <Predicate = true> <Delay = 0.00>
ST_18 : Operation 364 [1/1] (0.00ns)   --->   "%specinterface_ln0 = specinterface void @_ssdm_op_SpecInterface, i16 %stencilConfig_0_1_c87, void @ap_fifo_str, i32 0, i32 0, void @p_str, i32 0, i32 0, void @p_str, void @p_str, void @p_str, i32 2, i32 2, i32 16, i32 16, void @p_str, void @p_str, i32 4294967295, i32 0"   --->   Operation 364 'specinterface' 'specinterface_ln0' <Predicate = true> <Delay = 0.00>
ST_18 : Operation 365 [1/1] (0.00ns)   --->   "%empty_133 = specchannel i32 @_ssdm_op_SpecChannel, void @stencilConfig_OC_0_OC_1_c86_str, i32 1, void @p_str, void @p_str, i32 4, i32 0, i16 %stencilConfig_0_1_c86, i16 %stencilConfig_0_1_c86"   --->   Operation 365 'specchannel' 'empty_133' <Predicate = true> <Delay = 0.00>
ST_18 : Operation 366 [1/1] (0.00ns)   --->   "%specinterface_ln0 = specinterface void @_ssdm_op_SpecInterface, i16 %stencilConfig_0_1_c86, void @ap_fifo_str, i32 0, i32 0, void @p_str, i32 0, i32 0, void @p_str, void @p_str, void @p_str, i32 2, i32 2, i32 16, i32 16, void @p_str, void @p_str, i32 4294967295, i32 0"   --->   Operation 366 'specinterface' 'specinterface_ln0' <Predicate = true> <Delay = 0.00>
ST_18 : Operation 367 [1/1] (0.00ns)   --->   "%empty_134 = specchannel i32 @_ssdm_op_SpecChannel, void @stencilConfig_OC_0_OC_1_c85_str, i32 1, void @p_str, void @p_str, i32 4, i32 0, i16 %stencilConfig_0_1_c85, i16 %stencilConfig_0_1_c85"   --->   Operation 367 'specchannel' 'empty_134' <Predicate = true> <Delay = 0.00>
ST_18 : Operation 368 [1/1] (0.00ns)   --->   "%specinterface_ln0 = specinterface void @_ssdm_op_SpecInterface, i16 %stencilConfig_0_1_c85, void @ap_fifo_str, i32 0, i32 0, void @p_str, i32 0, i32 0, void @p_str, void @p_str, void @p_str, i32 2, i32 2, i32 16, i32 16, void @p_str, void @p_str, i32 4294967295, i32 0"   --->   Operation 368 'specinterface' 'specinterface_ln0' <Predicate = true> <Delay = 0.00>
ST_18 : Operation 369 [1/1] (0.00ns)   --->   "%empty_135 = specchannel i32 @_ssdm_op_SpecChannel, void @stencilConfig_OC_0_OC_1_c84_str, i32 1, void @p_str, void @p_str, i32 3, i32 0, i16 %stencilConfig_0_1_c84, i16 %stencilConfig_0_1_c84"   --->   Operation 369 'specchannel' 'empty_135' <Predicate = true> <Delay = 0.00>
ST_18 : Operation 370 [1/1] (0.00ns)   --->   "%specinterface_ln0 = specinterface void @_ssdm_op_SpecInterface, i16 %stencilConfig_0_1_c84, void @ap_fifo_str, i32 0, i32 0, void @p_str, i32 0, i32 0, void @p_str, void @p_str, void @p_str, i32 2, i32 2, i32 16, i32 16, void @p_str, void @p_str, i32 4294967295, i32 0"   --->   Operation 370 'specinterface' 'specinterface_ln0' <Predicate = true> <Delay = 0.00>
ST_18 : Operation 371 [1/1] (0.00ns)   --->   "%empty_136 = specchannel i32 @_ssdm_op_SpecChannel, void @stencilConfig_OC_0_OC_1_c83_str, i32 1, void @p_str, void @p_str, i32 3, i32 0, i16 %stencilConfig_0_1_c83, i16 %stencilConfig_0_1_c83"   --->   Operation 371 'specchannel' 'empty_136' <Predicate = true> <Delay = 0.00>
ST_18 : Operation 372 [1/1] (0.00ns)   --->   "%specinterface_ln0 = specinterface void @_ssdm_op_SpecInterface, i16 %stencilConfig_0_1_c83, void @ap_fifo_str, i32 0, i32 0, void @p_str, i32 0, i32 0, void @p_str, void @p_str, void @p_str, i32 2, i32 2, i32 16, i32 16, void @p_str, void @p_str, i32 4294967295, i32 0"   --->   Operation 372 'specinterface' 'specinterface_ln0' <Predicate = true> <Delay = 0.00>
ST_18 : Operation 373 [1/1] (0.00ns)   --->   "%empty_137 = specchannel i32 @_ssdm_op_SpecChannel, void @stencilConfig_OC_0_OC_1_c82_str, i32 1, void @p_str, void @p_str, i32 3, i32 0, i16 %stencilConfig_0_1_c82, i16 %stencilConfig_0_1_c82"   --->   Operation 373 'specchannel' 'empty_137' <Predicate = true> <Delay = 0.00>
ST_18 : Operation 374 [1/1] (0.00ns)   --->   "%specinterface_ln0 = specinterface void @_ssdm_op_SpecInterface, i16 %stencilConfig_0_1_c82, void @ap_fifo_str, i32 0, i32 0, void @p_str, i32 0, i32 0, void @p_str, void @p_str, void @p_str, i32 2, i32 2, i32 16, i32 16, void @p_str, void @p_str, i32 4294967295, i32 0"   --->   Operation 374 'specinterface' 'specinterface_ln0' <Predicate = true> <Delay = 0.00>
ST_18 : Operation 375 [1/1] (0.00ns)   --->   "%empty_138 = specchannel i32 @_ssdm_op_SpecChannel, void @stencilConfig_OC_0_OC_1_c81_str, i32 1, void @p_str, void @p_str, i32 3, i32 0, i16 %stencilConfig_0_1_c81, i16 %stencilConfig_0_1_c81"   --->   Operation 375 'specchannel' 'empty_138' <Predicate = true> <Delay = 0.00>
ST_18 : Operation 376 [1/1] (0.00ns)   --->   "%specinterface_ln0 = specinterface void @_ssdm_op_SpecInterface, i16 %stencilConfig_0_1_c81, void @ap_fifo_str, i32 0, i32 0, void @p_str, i32 0, i32 0, void @p_str, void @p_str, void @p_str, i32 2, i32 2, i32 16, i32 16, void @p_str, void @p_str, i32 4294967295, i32 0"   --->   Operation 376 'specinterface' 'specinterface_ln0' <Predicate = true> <Delay = 0.00>
ST_18 : Operation 377 [1/1] (0.00ns)   --->   "%empty_139 = specchannel i32 @_ssdm_op_SpecChannel, void @stencilConfig_OC_0_OC_1_c80_str, i32 1, void @p_str, void @p_str, i32 3, i32 0, i16 %stencilConfig_0_1_c80, i16 %stencilConfig_0_1_c80"   --->   Operation 377 'specchannel' 'empty_139' <Predicate = true> <Delay = 0.00>
ST_18 : Operation 378 [1/1] (0.00ns)   --->   "%specinterface_ln0 = specinterface void @_ssdm_op_SpecInterface, i16 %stencilConfig_0_1_c80, void @ap_fifo_str, i32 0, i32 0, void @p_str, i32 0, i32 0, void @p_str, void @p_str, void @p_str, i32 2, i32 2, i32 16, i32 16, void @p_str, void @p_str, i32 4294967295, i32 0"   --->   Operation 378 'specinterface' 'specinterface_ln0' <Predicate = true> <Delay = 0.00>
ST_18 : Operation 379 [1/1] (0.00ns)   --->   "%empty_140 = specchannel i32 @_ssdm_op_SpecChannel, void @stencilConfig_OC_0_OC_1_c79_str, i32 1, void @p_str, void @p_str, i32 3, i32 0, i16 %stencilConfig_0_1_c79, i16 %stencilConfig_0_1_c79"   --->   Operation 379 'specchannel' 'empty_140' <Predicate = true> <Delay = 0.00>
ST_18 : Operation 380 [1/1] (0.00ns)   --->   "%specinterface_ln0 = specinterface void @_ssdm_op_SpecInterface, i16 %stencilConfig_0_1_c79, void @ap_fifo_str, i32 0, i32 0, void @p_str, i32 0, i32 0, void @p_str, void @p_str, void @p_str, i32 2, i32 2, i32 16, i32 16, void @p_str, void @p_str, i32 4294967295, i32 0"   --->   Operation 380 'specinterface' 'specinterface_ln0' <Predicate = true> <Delay = 0.00>
ST_18 : Operation 381 [1/1] (0.00ns)   --->   "%empty_141 = specchannel i32 @_ssdm_op_SpecChannel, void @stencilConfig_OC_0_OC_1_c78_str, i32 1, void @p_str, void @p_str, i32 3, i32 0, i16 %stencilConfig_0_1_c78, i16 %stencilConfig_0_1_c78"   --->   Operation 381 'specchannel' 'empty_141' <Predicate = true> <Delay = 0.00>
ST_18 : Operation 382 [1/1] (0.00ns)   --->   "%specinterface_ln0 = specinterface void @_ssdm_op_SpecInterface, i16 %stencilConfig_0_1_c78, void @ap_fifo_str, i32 0, i32 0, void @p_str, i32 0, i32 0, void @p_str, void @p_str, void @p_str, i32 2, i32 2, i32 16, i32 16, void @p_str, void @p_str, i32 4294967295, i32 0"   --->   Operation 382 'specinterface' 'specinterface_ln0' <Predicate = true> <Delay = 0.00>
ST_18 : Operation 383 [1/1] (0.00ns)   --->   "%empty_142 = specchannel i32 @_ssdm_op_SpecChannel, void @stencilConfig_OC_0_OC_1_c_str, i32 1, void @p_str, void @p_str, i32 3, i32 0, i16 %stencilConfig_0_1_c, i16 %stencilConfig_0_1_c"   --->   Operation 383 'specchannel' 'empty_142' <Predicate = true> <Delay = 0.00>
ST_18 : Operation 384 [1/1] (0.00ns)   --->   "%specinterface_ln0 = specinterface void @_ssdm_op_SpecInterface, i16 %stencilConfig_0_1_c, void @ap_fifo_str, i32 0, i32 0, void @p_str, i32 0, i32 0, void @p_str, void @p_str, void @p_str, i32 2, i32 2, i32 16, i32 16, void @p_str, void @p_str, i32 4294967295, i32 0"   --->   Operation 384 'specinterface' 'specinterface_ln0' <Predicate = true> <Delay = 0.00>
ST_18 : Operation 385 [1/1] (0.00ns)   --->   "%empty_143 = specchannel i32 @_ssdm_op_SpecChannel, void @stencilConfig_OC_0_OC_0_c77_str, i32 1, void @p_str, void @p_str, i32 4, i32 0, i14 %stencilConfig_0_0_c77, i14 %stencilConfig_0_0_c77"   --->   Operation 385 'specchannel' 'empty_143' <Predicate = true> <Delay = 0.00>
ST_18 : Operation 386 [1/1] (0.00ns)   --->   "%specinterface_ln0 = specinterface void @_ssdm_op_SpecInterface, i14 %stencilConfig_0_0_c77, void @ap_fifo_str, i32 0, i32 0, void @p_str, i32 0, i32 0, void @p_str, void @p_str, void @p_str, i32 2, i32 2, i32 16, i32 16, void @p_str, void @p_str, i32 4294967295, i32 0"   --->   Operation 386 'specinterface' 'specinterface_ln0' <Predicate = true> <Delay = 0.00>
ST_18 : Operation 387 [1/1] (0.00ns)   --->   "%empty_144 = specchannel i32 @_ssdm_op_SpecChannel, void @stencilConfig_OC_0_OC_0_c76_str, i32 1, void @p_str, void @p_str, i32 4, i32 0, i14 %stencilConfig_0_0_c76, i14 %stencilConfig_0_0_c76"   --->   Operation 387 'specchannel' 'empty_144' <Predicate = true> <Delay = 0.00>
ST_18 : Operation 388 [1/1] (0.00ns)   --->   "%specinterface_ln0 = specinterface void @_ssdm_op_SpecInterface, i14 %stencilConfig_0_0_c76, void @ap_fifo_str, i32 0, i32 0, void @p_str, i32 0, i32 0, void @p_str, void @p_str, void @p_str, i32 2, i32 2, i32 16, i32 16, void @p_str, void @p_str, i32 4294967295, i32 0"   --->   Operation 388 'specinterface' 'specinterface_ln0' <Predicate = true> <Delay = 0.00>
ST_18 : Operation 389 [1/1] (0.00ns)   --->   "%empty_145 = specchannel i32 @_ssdm_op_SpecChannel, void @stencilConfig_OC_0_OC_0_c75_str, i32 1, void @p_str, void @p_str, i32 4, i32 0, i14 %stencilConfig_0_0_c75, i14 %stencilConfig_0_0_c75"   --->   Operation 389 'specchannel' 'empty_145' <Predicate = true> <Delay = 0.00>
ST_18 : Operation 390 [1/1] (0.00ns)   --->   "%specinterface_ln0 = specinterface void @_ssdm_op_SpecInterface, i14 %stencilConfig_0_0_c75, void @ap_fifo_str, i32 0, i32 0, void @p_str, i32 0, i32 0, void @p_str, void @p_str, void @p_str, i32 2, i32 2, i32 16, i32 16, void @p_str, void @p_str, i32 4294967295, i32 0"   --->   Operation 390 'specinterface' 'specinterface_ln0' <Predicate = true> <Delay = 0.00>
ST_18 : Operation 391 [1/1] (0.00ns)   --->   "%empty_146 = specchannel i32 @_ssdm_op_SpecChannel, void @stencilConfig_OC_0_OC_0_c74_str, i32 1, void @p_str, void @p_str, i32 4, i32 0, i14 %stencilConfig_0_0_c74, i14 %stencilConfig_0_0_c74"   --->   Operation 391 'specchannel' 'empty_146' <Predicate = true> <Delay = 0.00>
ST_18 : Operation 392 [1/1] (0.00ns)   --->   "%specinterface_ln0 = specinterface void @_ssdm_op_SpecInterface, i14 %stencilConfig_0_0_c74, void @ap_fifo_str, i32 0, i32 0, void @p_str, i32 0, i32 0, void @p_str, void @p_str, void @p_str, i32 2, i32 2, i32 16, i32 16, void @p_str, void @p_str, i32 4294967295, i32 0"   --->   Operation 392 'specinterface' 'specinterface_ln0' <Predicate = true> <Delay = 0.00>
ST_18 : Operation 393 [1/1] (0.00ns)   --->   "%empty_147 = specchannel i32 @_ssdm_op_SpecChannel, void @stencilConfig_OC_0_OC_0_c73_str, i32 1, void @p_str, void @p_str, i32 3, i32 0, i14 %stencilConfig_0_0_c73, i14 %stencilConfig_0_0_c73"   --->   Operation 393 'specchannel' 'empty_147' <Predicate = true> <Delay = 0.00>
ST_18 : Operation 394 [1/1] (0.00ns)   --->   "%specinterface_ln0 = specinterface void @_ssdm_op_SpecInterface, i14 %stencilConfig_0_0_c73, void @ap_fifo_str, i32 0, i32 0, void @p_str, i32 0, i32 0, void @p_str, void @p_str, void @p_str, i32 2, i32 2, i32 16, i32 16, void @p_str, void @p_str, i32 4294967295, i32 0"   --->   Operation 394 'specinterface' 'specinterface_ln0' <Predicate = true> <Delay = 0.00>
ST_18 : Operation 395 [1/1] (0.00ns)   --->   "%empty_148 = specchannel i32 @_ssdm_op_SpecChannel, void @stencilConfig_OC_0_OC_0_c72_str, i32 1, void @p_str, void @p_str, i32 3, i32 0, i14 %stencilConfig_0_0_c72, i14 %stencilConfig_0_0_c72"   --->   Operation 395 'specchannel' 'empty_148' <Predicate = true> <Delay = 0.00>
ST_18 : Operation 396 [1/1] (0.00ns)   --->   "%specinterface_ln0 = specinterface void @_ssdm_op_SpecInterface, i14 %stencilConfig_0_0_c72, void @ap_fifo_str, i32 0, i32 0, void @p_str, i32 0, i32 0, void @p_str, void @p_str, void @p_str, i32 2, i32 2, i32 16, i32 16, void @p_str, void @p_str, i32 4294967295, i32 0"   --->   Operation 396 'specinterface' 'specinterface_ln0' <Predicate = true> <Delay = 0.00>
ST_18 : Operation 397 [1/1] (0.00ns)   --->   "%empty_149 = specchannel i32 @_ssdm_op_SpecChannel, void @stencilConfig_OC_0_OC_0_c71_str, i32 1, void @p_str, void @p_str, i32 3, i32 0, i14 %stencilConfig_0_0_c71, i14 %stencilConfig_0_0_c71"   --->   Operation 397 'specchannel' 'empty_149' <Predicate = true> <Delay = 0.00>
ST_18 : Operation 398 [1/1] (0.00ns)   --->   "%specinterface_ln0 = specinterface void @_ssdm_op_SpecInterface, i14 %stencilConfig_0_0_c71, void @ap_fifo_str, i32 0, i32 0, void @p_str, i32 0, i32 0, void @p_str, void @p_str, void @p_str, i32 2, i32 2, i32 16, i32 16, void @p_str, void @p_str, i32 4294967295, i32 0"   --->   Operation 398 'specinterface' 'specinterface_ln0' <Predicate = true> <Delay = 0.00>
ST_18 : Operation 399 [1/1] (0.00ns)   --->   "%empty_150 = specchannel i32 @_ssdm_op_SpecChannel, void @stencilConfig_OC_0_OC_0_c70_str, i32 1, void @p_str, void @p_str, i32 3, i32 0, i14 %stencilConfig_0_0_c70, i14 %stencilConfig_0_0_c70"   --->   Operation 399 'specchannel' 'empty_150' <Predicate = true> <Delay = 0.00>
ST_18 : Operation 400 [1/1] (0.00ns)   --->   "%specinterface_ln0 = specinterface void @_ssdm_op_SpecInterface, i14 %stencilConfig_0_0_c70, void @ap_fifo_str, i32 0, i32 0, void @p_str, i32 0, i32 0, void @p_str, void @p_str, void @p_str, i32 2, i32 2, i32 16, i32 16, void @p_str, void @p_str, i32 4294967295, i32 0"   --->   Operation 400 'specinterface' 'specinterface_ln0' <Predicate = true> <Delay = 0.00>
ST_18 : Operation 401 [1/1] (0.00ns)   --->   "%empty_151 = specchannel i32 @_ssdm_op_SpecChannel, void @stencilConfig_OC_0_OC_0_c69_str, i32 1, void @p_str, void @p_str, i32 3, i32 0, i14 %stencilConfig_0_0_c69, i14 %stencilConfig_0_0_c69"   --->   Operation 401 'specchannel' 'empty_151' <Predicate = true> <Delay = 0.00>
ST_18 : Operation 402 [1/1] (0.00ns)   --->   "%specinterface_ln0 = specinterface void @_ssdm_op_SpecInterface, i14 %stencilConfig_0_0_c69, void @ap_fifo_str, i32 0, i32 0, void @p_str, i32 0, i32 0, void @p_str, void @p_str, void @p_str, i32 2, i32 2, i32 16, i32 16, void @p_str, void @p_str, i32 4294967295, i32 0"   --->   Operation 402 'specinterface' 'specinterface_ln0' <Predicate = true> <Delay = 0.00>
ST_18 : Operation 403 [1/1] (0.00ns)   --->   "%empty_152 = specchannel i32 @_ssdm_op_SpecChannel, void @stencilConfig_OC_0_OC_0_c68_str, i32 1, void @p_str, void @p_str, i32 3, i32 0, i14 %stencilConfig_0_0_c68, i14 %stencilConfig_0_0_c68"   --->   Operation 403 'specchannel' 'empty_152' <Predicate = true> <Delay = 0.00>
ST_18 : Operation 404 [1/1] (0.00ns)   --->   "%specinterface_ln0 = specinterface void @_ssdm_op_SpecInterface, i14 %stencilConfig_0_0_c68, void @ap_fifo_str, i32 0, i32 0, void @p_str, i32 0, i32 0, void @p_str, void @p_str, void @p_str, i32 2, i32 2, i32 16, i32 16, void @p_str, void @p_str, i32 4294967295, i32 0"   --->   Operation 404 'specinterface' 'specinterface_ln0' <Predicate = true> <Delay = 0.00>
ST_18 : Operation 405 [1/1] (0.00ns)   --->   "%empty_153 = specchannel i32 @_ssdm_op_SpecChannel, void @stencilConfig_OC_0_OC_0_c67_str, i32 1, void @p_str, void @p_str, i32 3, i32 0, i14 %stencilConfig_0_0_c67, i14 %stencilConfig_0_0_c67"   --->   Operation 405 'specchannel' 'empty_153' <Predicate = true> <Delay = 0.00>
ST_18 : Operation 406 [1/1] (0.00ns)   --->   "%specinterface_ln0 = specinterface void @_ssdm_op_SpecInterface, i14 %stencilConfig_0_0_c67, void @ap_fifo_str, i32 0, i32 0, void @p_str, i32 0, i32 0, void @p_str, void @p_str, void @p_str, i32 2, i32 2, i32 16, i32 16, void @p_str, void @p_str, i32 4294967295, i32 0"   --->   Operation 406 'specinterface' 'specinterface_ln0' <Predicate = true> <Delay = 0.00>
ST_18 : Operation 407 [1/1] (0.00ns)   --->   "%empty_154 = specchannel i32 @_ssdm_op_SpecChannel, void @stencilConfig_OC_0_OC_0_c_str, i32 1, void @p_str, void @p_str, i32 3, i32 0, i14 %stencilConfig_0_0_c, i14 %stencilConfig_0_0_c"   --->   Operation 407 'specchannel' 'empty_154' <Predicate = true> <Delay = 0.00>
ST_18 : Operation 408 [1/1] (0.00ns)   --->   "%specinterface_ln0 = specinterface void @_ssdm_op_SpecInterface, i14 %stencilConfig_0_0_c, void @ap_fifo_str, i32 0, i32 0, void @p_str, i32 0, i32 0, void @p_str, void @p_str, void @p_str, i32 2, i32 2, i32 16, i32 16, void @p_str, void @p_str, i32 4294967295, i32 0"   --->   Operation 408 'specinterface' 'specinterface_ln0' <Predicate = true> <Delay = 0.00>
ST_18 : Operation 409 [1/1] (0.00ns)   --->   "%specdataflowpipeline_ln0 = specdataflowpipeline void @_ssdm_op_SpecDataflowPipeline, i32 4294967295, i32 0, void @empty_5"   --->   Operation 409 'specdataflowpipeline' 'specdataflowpipeline_ln0' <Predicate = true> <Delay = 0.00>
ST_18 : Operation 410 [1/1] (0.00ns)   --->   "%specaxissidechannel_ln0 = specaxissidechannel void @_ssdm_op_SpecAXISSideChannel, i256 %arg1_6_axis_out_V_data_V, i32 %arg1_6_axis_out_V_keep_V, i32 %arg1_6_axis_out_V_strb_V, i1 0, i1 %arg1_6_axis_out_V_last_V, i1 0, i1 0, void @empty_22"   --->   Operation 410 'specaxissidechannel' 'specaxissidechannel_ln0' <Predicate = true> <Delay = 0.00>
ST_18 : Operation 411 [1/1] (0.00ns)   --->   "%specaxissidechannel_ln0 = specaxissidechannel void @_ssdm_op_SpecAXISSideChannel, i256 %arg1_5_axis_out_V_data_V, i32 %arg1_5_axis_out_V_keep_V, i32 %arg1_5_axis_out_V_strb_V, i1 0, i1 %arg1_5_axis_out_V_last_V, i1 0, i1 0, void @empty_42"   --->   Operation 411 'specaxissidechannel' 'specaxissidechannel_ln0' <Predicate = true> <Delay = 0.00>
ST_18 : Operation 412 [1/1] (0.00ns)   --->   "%specaxissidechannel_ln0 = specaxissidechannel void @_ssdm_op_SpecAXISSideChannel, i256 %arg1_4_axis_out_V_data_V, i32 %arg1_4_axis_out_V_keep_V, i32 %arg1_4_axis_out_V_strb_V, i1 0, i1 %arg1_4_axis_out_V_last_V, i1 0, i1 0, void @empty_41"   --->   Operation 412 'specaxissidechannel' 'specaxissidechannel_ln0' <Predicate = true> <Delay = 0.00>
ST_18 : Operation 413 [1/1] (0.00ns)   --->   "%specaxissidechannel_ln0 = specaxissidechannel void @_ssdm_op_SpecAXISSideChannel, i256 %arg1_3_axis_out_V_data_V, i32 %arg1_3_axis_out_V_keep_V, i32 %arg1_3_axis_out_V_strb_V, i1 0, i1 %arg1_3_axis_out_V_last_V, i1 0, i1 0, void @empty_8"   --->   Operation 413 'specaxissidechannel' 'specaxissidechannel_ln0' <Predicate = true> <Delay = 0.00>
ST_18 : Operation 414 [1/1] (0.00ns)   --->   "%specaxissidechannel_ln0 = specaxissidechannel void @_ssdm_op_SpecAXISSideChannel, i256 %arg1_2_axis_out_V_data_V, i32 %arg1_2_axis_out_V_keep_V, i32 %arg1_2_axis_out_V_strb_V, i1 0, i1 %arg1_2_axis_out_V_last_V, i1 0, i1 0, void @empty_29"   --->   Operation 414 'specaxissidechannel' 'specaxissidechannel_ln0' <Predicate = true> <Delay = 0.00>
ST_18 : Operation 415 [1/1] (0.00ns)   --->   "%specaxissidechannel_ln0 = specaxissidechannel void @_ssdm_op_SpecAXISSideChannel, i256 %arg1_1_axis_out_V_data_V, i32 %arg1_1_axis_out_V_keep_V, i32 %arg1_1_axis_out_V_strb_V, i1 0, i1 %arg1_1_axis_out_V_last_V, i1 0, i1 0, void @empty_21"   --->   Operation 415 'specaxissidechannel' 'specaxissidechannel_ln0' <Predicate = true> <Delay = 0.00>
ST_18 : Operation 416 [1/1] (0.00ns)   --->   "%specaxissidechannel_ln0 = specaxissidechannel void @_ssdm_op_SpecAXISSideChannel, i256 %arg1_0_axis_out_V_data_V, i32 %arg1_0_axis_out_V_keep_V, i32 %arg1_0_axis_out_V_strb_V, i1 0, i1 %arg1_0_axis_out_V_last_V, i1 0, i1 0, void @empty_16"   --->   Operation 416 'specaxissidechannel' 'specaxissidechannel_ln0' <Predicate = true> <Delay = 0.00>
ST_18 : Operation 417 [1/1] (0.00ns)   --->   "%specaxissidechannel_ln0 = specaxissidechannel void @_ssdm_op_SpecAXISSideChannel, i256 %arg1_7_axis_out_V_data_V, i32 %arg1_7_axis_out_V_keep_V, i32 %arg1_7_axis_out_V_strb_V, i1 0, i1 %arg1_7_axis_out_V_last_V, i1 0, i1 0, void @empty_15"   --->   Operation 417 'specaxissidechannel' 'specaxissidechannel_ln0' <Predicate = true> <Delay = 0.00>
ST_18 : Operation 418 [1/1] (0.00ns)   --->   "%specaxissidechannel_ln0 = specaxissidechannel void @_ssdm_op_SpecAXISSideChannel, i256 %arg0_6_axis_in_V_data_V, i32 %arg0_6_axis_in_V_keep_V, i32 %arg0_6_axis_in_V_strb_V, i1 0, i1 %arg0_6_axis_in_V_last_V, i1 0, i1 0, void @empty_14"   --->   Operation 418 'specaxissidechannel' 'specaxissidechannel_ln0' <Predicate = true> <Delay = 0.00>
ST_18 : Operation 419 [1/1] (0.00ns)   --->   "%specaxissidechannel_ln0 = specaxissidechannel void @_ssdm_op_SpecAXISSideChannel, i256 %arg0_5_axis_in_V_data_V, i32 %arg0_5_axis_in_V_keep_V, i32 %arg0_5_axis_in_V_strb_V, i1 0, i1 %arg0_5_axis_in_V_last_V, i1 0, i1 0, void @empty_13"   --->   Operation 419 'specaxissidechannel' 'specaxissidechannel_ln0' <Predicate = true> <Delay = 0.00>
ST_18 : Operation 420 [1/1] (0.00ns)   --->   "%specaxissidechannel_ln0 = specaxissidechannel void @_ssdm_op_SpecAXISSideChannel, i256 %arg0_4_axis_in_V_data_V, i32 %arg0_4_axis_in_V_keep_V, i32 %arg0_4_axis_in_V_strb_V, i1 0, i1 %arg0_4_axis_in_V_last_V, i1 0, i1 0, void @empty_12"   --->   Operation 420 'specaxissidechannel' 'specaxissidechannel_ln0' <Predicate = true> <Delay = 0.00>
ST_18 : Operation 421 [1/1] (0.00ns)   --->   "%specaxissidechannel_ln0 = specaxissidechannel void @_ssdm_op_SpecAXISSideChannel, i256 %arg0_3_axis_in_V_data_V, i32 %arg0_3_axis_in_V_keep_V, i32 %arg0_3_axis_in_V_strb_V, i1 0, i1 %arg0_3_axis_in_V_last_V, i1 0, i1 0, void @empty_11"   --->   Operation 421 'specaxissidechannel' 'specaxissidechannel_ln0' <Predicate = true> <Delay = 0.00>
ST_18 : Operation 422 [1/1] (0.00ns)   --->   "%specaxissidechannel_ln0 = specaxissidechannel void @_ssdm_op_SpecAXISSideChannel, i256 %arg0_2_axis_in_V_data_V, i32 %arg0_2_axis_in_V_keep_V, i32 %arg0_2_axis_in_V_strb_V, i1 0, i1 %arg0_2_axis_in_V_last_V, i1 0, i1 0, void @empty_10"   --->   Operation 422 'specaxissidechannel' 'specaxissidechannel_ln0' <Predicate = true> <Delay = 0.00>
ST_18 : Operation 423 [1/1] (0.00ns)   --->   "%specaxissidechannel_ln0 = specaxissidechannel void @_ssdm_op_SpecAXISSideChannel, i256 %arg0_1_axis_in_V_data_V, i32 %arg0_1_axis_in_V_keep_V, i32 %arg0_1_axis_in_V_strb_V, i1 0, i1 %arg0_1_axis_in_V_last_V, i1 0, i1 0, void @empty_9"   --->   Operation 423 'specaxissidechannel' 'specaxissidechannel_ln0' <Predicate = true> <Delay = 0.00>
ST_18 : Operation 424 [1/1] (0.00ns)   --->   "%specaxissidechannel_ln0 = specaxissidechannel void @_ssdm_op_SpecAXISSideChannel, i256 %arg0_0_axis_in_V_data_V, i32 %arg0_0_axis_in_V_keep_V, i32 %arg0_0_axis_in_V_strb_V, i1 0, i1 %arg0_0_axis_in_V_last_V, i1 0, i1 0, void @empty_17"   --->   Operation 424 'specaxissidechannel' 'specaxissidechannel_ln0' <Predicate = true> <Delay = 0.00>
ST_18 : Operation 425 [1/1] (0.00ns)   --->   "%specaxissidechannel_ln0 = specaxissidechannel void @_ssdm_op_SpecAXISSideChannel, i256 %arg0_7_axis_in_V_data_V, i32 %arg0_7_axis_in_V_keep_V, i32 %arg0_7_axis_in_V_strb_V, i1 0, i1 %arg0_7_axis_in_V_last_V, i1 0, i1 0, void @empty_30"   --->   Operation 425 'specaxissidechannel' 'specaxissidechannel_ln0' <Predicate = true> <Delay = 0.00>
ST_18 : Operation 426 [1/1] (0.00ns)   --->   "%specinterface_ln0 = specinterface void @_ssdm_op_SpecInterface, i1 %arg1_7_axis_out_V_last_V, i32 %arg1_7_axis_out_V_strb_V, i32 %arg1_7_axis_out_V_keep_V, i256 %arg1_7_axis_out_V_data_V, void @empty_24, i32 0, i32 0, void @empty_23, i32 0, i32 0, void @empty_5, void @empty_5, void @empty_5, i32 0, i32 0, i32 0, i32 0, void @empty_5, void @empty_5, i32 4294967295, i32 0"   --->   Operation 426 'specinterface' 'specinterface_ln0' <Predicate = true> <Delay = 0.00>
ST_18 : Operation 427 [1/1] (0.00ns)   --->   "%specinterface_ln0 = specinterface void @_ssdm_op_SpecInterface, i1 %arg1_6_axis_out_V_last_V, i32 %arg1_6_axis_out_V_strb_V, i32 %arg1_6_axis_out_V_keep_V, i256 %arg1_6_axis_out_V_data_V, void @empty_24, i32 0, i32 0, void @empty_23, i32 0, i32 0, void @empty_5, void @empty_5, void @empty_5, i32 0, i32 0, i32 0, i32 0, void @empty_5, void @empty_5, i32 4294967295, i32 0"   --->   Operation 427 'specinterface' 'specinterface_ln0' <Predicate = true> <Delay = 0.00>
ST_18 : Operation 428 [1/1] (0.00ns)   --->   "%specinterface_ln0 = specinterface void @_ssdm_op_SpecInterface, i1 %arg1_5_axis_out_V_last_V, i32 %arg1_5_axis_out_V_strb_V, i32 %arg1_5_axis_out_V_keep_V, i256 %arg1_5_axis_out_V_data_V, void @empty_24, i32 0, i32 0, void @empty_23, i32 0, i32 0, void @empty_5, void @empty_5, void @empty_5, i32 0, i32 0, i32 0, i32 0, void @empty_5, void @empty_5, i32 4294967295, i32 0"   --->   Operation 428 'specinterface' 'specinterface_ln0' <Predicate = true> <Delay = 0.00>
ST_18 : Operation 429 [1/1] (0.00ns)   --->   "%specinterface_ln0 = specinterface void @_ssdm_op_SpecInterface, i1 %arg1_4_axis_out_V_last_V, i32 %arg1_4_axis_out_V_strb_V, i32 %arg1_4_axis_out_V_keep_V, i256 %arg1_4_axis_out_V_data_V, void @empty_24, i32 0, i32 0, void @empty_23, i32 0, i32 0, void @empty_5, void @empty_5, void @empty_5, i32 0, i32 0, i32 0, i32 0, void @empty_5, void @empty_5, i32 4294967295, i32 0"   --->   Operation 429 'specinterface' 'specinterface_ln0' <Predicate = true> <Delay = 0.00>
ST_18 : Operation 430 [1/1] (0.00ns)   --->   "%specinterface_ln0 = specinterface void @_ssdm_op_SpecInterface, i1 %arg1_3_axis_out_V_last_V, i32 %arg1_3_axis_out_V_strb_V, i32 %arg1_3_axis_out_V_keep_V, i256 %arg1_3_axis_out_V_data_V, void @empty_24, i32 0, i32 0, void @empty_23, i32 0, i32 0, void @empty_5, void @empty_5, void @empty_5, i32 0, i32 0, i32 0, i32 0, void @empty_5, void @empty_5, i32 4294967295, i32 0"   --->   Operation 430 'specinterface' 'specinterface_ln0' <Predicate = true> <Delay = 0.00>
ST_18 : Operation 431 [1/1] (0.00ns)   --->   "%specinterface_ln0 = specinterface void @_ssdm_op_SpecInterface, i1 %arg1_2_axis_out_V_last_V, i32 %arg1_2_axis_out_V_strb_V, i32 %arg1_2_axis_out_V_keep_V, i256 %arg1_2_axis_out_V_data_V, void @empty_24, i32 0, i32 0, void @empty_23, i32 0, i32 0, void @empty_5, void @empty_5, void @empty_5, i32 0, i32 0, i32 0, i32 0, void @empty_5, void @empty_5, i32 4294967295, i32 0"   --->   Operation 431 'specinterface' 'specinterface_ln0' <Predicate = true> <Delay = 0.00>
ST_18 : Operation 432 [1/1] (0.00ns)   --->   "%specinterface_ln0 = specinterface void @_ssdm_op_SpecInterface, i1 %arg1_1_axis_out_V_last_V, i32 %arg1_1_axis_out_V_strb_V, i32 %arg1_1_axis_out_V_keep_V, i256 %arg1_1_axis_out_V_data_V, void @empty_24, i32 0, i32 0, void @empty_23, i32 0, i32 0, void @empty_5, void @empty_5, void @empty_5, i32 0, i32 0, i32 0, i32 0, void @empty_5, void @empty_5, i32 4294967295, i32 0"   --->   Operation 432 'specinterface' 'specinterface_ln0' <Predicate = true> <Delay = 0.00>
ST_18 : Operation 433 [1/1] (0.00ns)   --->   "%specinterface_ln0 = specinterface void @_ssdm_op_SpecInterface, i1 %arg1_0_axis_out_V_last_V, i32 %arg1_0_axis_out_V_strb_V, i32 %arg1_0_axis_out_V_keep_V, i256 %arg1_0_axis_out_V_data_V, void @empty_24, i32 0, i32 0, void @empty_23, i32 0, i32 0, void @empty_5, void @empty_5, void @empty_5, i32 0, i32 0, i32 0, i32 0, void @empty_5, void @empty_5, i32 4294967295, i32 0"   --->   Operation 433 'specinterface' 'specinterface_ln0' <Predicate = true> <Delay = 0.00>
ST_18 : Operation 434 [1/1] (0.00ns)   --->   "%specinterface_ln0 = specinterface void @_ssdm_op_SpecInterface, i1 %arg0_7_axis_in_V_last_V, i32 %arg0_7_axis_in_V_strb_V, i32 %arg0_7_axis_in_V_keep_V, i256 %arg0_7_axis_in_V_data_V, void @empty_24, i32 0, i32 0, void @empty_23, i32 0, i32 0, void @empty_5, void @empty_5, void @empty_5, i32 0, i32 0, i32 0, i32 0, void @empty_5, void @empty_5, i32 4294967295, i32 0"   --->   Operation 434 'specinterface' 'specinterface_ln0' <Predicate = true> <Delay = 0.00>
ST_18 : Operation 435 [1/1] (0.00ns)   --->   "%specinterface_ln0 = specinterface void @_ssdm_op_SpecInterface, i1 %arg0_6_axis_in_V_last_V, i32 %arg0_6_axis_in_V_strb_V, i32 %arg0_6_axis_in_V_keep_V, i256 %arg0_6_axis_in_V_data_V, void @empty_24, i32 0, i32 0, void @empty_23, i32 0, i32 0, void @empty_5, void @empty_5, void @empty_5, i32 0, i32 0, i32 0, i32 0, void @empty_5, void @empty_5, i32 4294967295, i32 0"   --->   Operation 435 'specinterface' 'specinterface_ln0' <Predicate = true> <Delay = 0.00>
ST_18 : Operation 436 [1/1] (0.00ns)   --->   "%specinterface_ln0 = specinterface void @_ssdm_op_SpecInterface, i1 %arg0_5_axis_in_V_last_V, i32 %arg0_5_axis_in_V_strb_V, i32 %arg0_5_axis_in_V_keep_V, i256 %arg0_5_axis_in_V_data_V, void @empty_24, i32 0, i32 0, void @empty_23, i32 0, i32 0, void @empty_5, void @empty_5, void @empty_5, i32 0, i32 0, i32 0, i32 0, void @empty_5, void @empty_5, i32 4294967295, i32 0"   --->   Operation 436 'specinterface' 'specinterface_ln0' <Predicate = true> <Delay = 0.00>
ST_18 : Operation 437 [1/1] (0.00ns)   --->   "%specinterface_ln0 = specinterface void @_ssdm_op_SpecInterface, i1 %arg0_4_axis_in_V_last_V, i32 %arg0_4_axis_in_V_strb_V, i32 %arg0_4_axis_in_V_keep_V, i256 %arg0_4_axis_in_V_data_V, void @empty_24, i32 0, i32 0, void @empty_23, i32 0, i32 0, void @empty_5, void @empty_5, void @empty_5, i32 0, i32 0, i32 0, i32 0, void @empty_5, void @empty_5, i32 4294967295, i32 0"   --->   Operation 437 'specinterface' 'specinterface_ln0' <Predicate = true> <Delay = 0.00>
ST_18 : Operation 438 [1/1] (0.00ns)   --->   "%specinterface_ln0 = specinterface void @_ssdm_op_SpecInterface, i1 %arg0_3_axis_in_V_last_V, i32 %arg0_3_axis_in_V_strb_V, i32 %arg0_3_axis_in_V_keep_V, i256 %arg0_3_axis_in_V_data_V, void @empty_24, i32 0, i32 0, void @empty_23, i32 0, i32 0, void @empty_5, void @empty_5, void @empty_5, i32 0, i32 0, i32 0, i32 0, void @empty_5, void @empty_5, i32 4294967295, i32 0"   --->   Operation 438 'specinterface' 'specinterface_ln0' <Predicate = true> <Delay = 0.00>
ST_18 : Operation 439 [1/1] (0.00ns)   --->   "%specinterface_ln0 = specinterface void @_ssdm_op_SpecInterface, i1 %arg0_2_axis_in_V_last_V, i32 %arg0_2_axis_in_V_strb_V, i32 %arg0_2_axis_in_V_keep_V, i256 %arg0_2_axis_in_V_data_V, void @empty_24, i32 0, i32 0, void @empty_23, i32 0, i32 0, void @empty_5, void @empty_5, void @empty_5, i32 0, i32 0, i32 0, i32 0, void @empty_5, void @empty_5, i32 4294967295, i32 0"   --->   Operation 439 'specinterface' 'specinterface_ln0' <Predicate = true> <Delay = 0.00>
ST_18 : Operation 440 [1/1] (0.00ns)   --->   "%specinterface_ln0 = specinterface void @_ssdm_op_SpecInterface, i1 %arg0_1_axis_in_V_last_V, i32 %arg0_1_axis_in_V_strb_V, i32 %arg0_1_axis_in_V_keep_V, i256 %arg0_1_axis_in_V_data_V, void @empty_24, i32 0, i32 0, void @empty_23, i32 0, i32 0, void @empty_5, void @empty_5, void @empty_5, i32 0, i32 0, i32 0, i32 0, void @empty_5, void @empty_5, i32 4294967295, i32 0"   --->   Operation 440 'specinterface' 'specinterface_ln0' <Predicate = true> <Delay = 0.00>
ST_18 : Operation 441 [1/1] (0.00ns)   --->   "%specinterface_ln0 = specinterface void @_ssdm_op_SpecInterface, i1 %arg0_0_axis_in_V_last_V, i32 %arg0_0_axis_in_V_strb_V, i32 %arg0_0_axis_in_V_keep_V, i256 %arg0_0_axis_in_V_data_V, void @empty_24, i32 0, i32 0, void @empty_23, i32 0, i32 0, void @empty_5, void @empty_5, void @empty_5, i32 0, i32 0, i32 0, i32 0, void @empty_5, void @empty_5, i32 4294967295, i32 0"   --->   Operation 441 'specinterface' 'specinterface_ln0' <Predicate = true> <Delay = 0.00>
ST_18 : Operation 442 [1/1] (0.00ns)   --->   "%empty_155 = specchannel i32 @_ssdm_op_SpecChannel, void @arg0_arg1_streams_0_0_str, i32 1, void @p_str, void @p_str, i32 10, i32 10, i256 %arg0_arg1_streams_0_0, i256 %arg0_arg1_streams_0_0"   --->   Operation 442 'specchannel' 'empty_155' <Predicate = true> <Delay = 0.00>
ST_18 : Operation 443 [1/1] (0.00ns)   --->   "%specinterface_ln0 = specinterface void @_ssdm_op_SpecInterface, i256 %arg0_arg1_streams_0_0, void @empty_39, i32 0, i32 0, void @empty_5, i32 0, i32 0, void @empty_5, void @empty_5, void @empty_5, i32 0, i32 0, i32 0, i32 0, void @empty_5, void @empty_5, i32 4294967295, i32 0"   --->   Operation 443 'specinterface' 'specinterface_ln0' <Predicate = true> <Delay = 0.00>
ST_18 : Operation 444 [1/1] (0.00ns)   --->   "%empty_156 = specchannel i32 @_ssdm_op_SpecChannel, void @arg0_arg1_streams_0_1_str, i32 1, void @p_str, void @p_str, i32 10, i32 10, i256 %arg0_arg1_streams_0_1, i256 %arg0_arg1_streams_0_1"   --->   Operation 444 'specchannel' 'empty_156' <Predicate = true> <Delay = 0.00>
ST_18 : Operation 445 [1/1] (0.00ns)   --->   "%specinterface_ln0 = specinterface void @_ssdm_op_SpecInterface, i256 %arg0_arg1_streams_0_1, void @empty_39, i32 0, i32 0, void @empty_5, i32 0, i32 0, void @empty_5, void @empty_5, void @empty_5, i32 0, i32 0, i32 0, i32 0, void @empty_5, void @empty_5, i32 4294967295, i32 0"   --->   Operation 445 'specinterface' 'specinterface_ln0' <Predicate = true> <Delay = 0.00>
ST_18 : Operation 446 [1/1] (0.00ns)   --->   "%empty_157 = specchannel i32 @_ssdm_op_SpecChannel, void @arg0_arg1_streams_0_2_str, i32 1, void @p_str, void @p_str, i32 10, i32 10, i256 %arg0_arg1_streams_0_2, i256 %arg0_arg1_streams_0_2"   --->   Operation 446 'specchannel' 'empty_157' <Predicate = true> <Delay = 0.00>
ST_18 : Operation 447 [1/1] (0.00ns)   --->   "%specinterface_ln0 = specinterface void @_ssdm_op_SpecInterface, i256 %arg0_arg1_streams_0_2, void @empty_39, i32 0, i32 0, void @empty_5, i32 0, i32 0, void @empty_5, void @empty_5, void @empty_5, i32 0, i32 0, i32 0, i32 0, void @empty_5, void @empty_5, i32 4294967295, i32 0"   --->   Operation 447 'specinterface' 'specinterface_ln0' <Predicate = true> <Delay = 0.00>
ST_18 : Operation 448 [1/1] (0.00ns)   --->   "%empty_158 = specchannel i32 @_ssdm_op_SpecChannel, void @arg0_arg1_streams_0_3_str, i32 1, void @p_str, void @p_str, i32 10, i32 10, i256 %arg0_arg1_streams_0_3, i256 %arg0_arg1_streams_0_3"   --->   Operation 448 'specchannel' 'empty_158' <Predicate = true> <Delay = 0.00>
ST_18 : Operation 449 [1/1] (0.00ns)   --->   "%specinterface_ln0 = specinterface void @_ssdm_op_SpecInterface, i256 %arg0_arg1_streams_0_3, void @empty_39, i32 0, i32 0, void @empty_5, i32 0, i32 0, void @empty_5, void @empty_5, void @empty_5, i32 0, i32 0, i32 0, i32 0, void @empty_5, void @empty_5, i32 4294967295, i32 0"   --->   Operation 449 'specinterface' 'specinterface_ln0' <Predicate = true> <Delay = 0.00>
ST_18 : Operation 450 [1/1] (0.00ns)   --->   "%empty_159 = specchannel i32 @_ssdm_op_SpecChannel, void @arg0_arg1_streams_0_4_str, i32 1, void @p_str, void @p_str, i32 10, i32 10, i256 %arg0_arg1_streams_0_4, i256 %arg0_arg1_streams_0_4"   --->   Operation 450 'specchannel' 'empty_159' <Predicate = true> <Delay = 0.00>
ST_18 : Operation 451 [1/1] (0.00ns)   --->   "%specinterface_ln0 = specinterface void @_ssdm_op_SpecInterface, i256 %arg0_arg1_streams_0_4, void @empty_39, i32 0, i32 0, void @empty_5, i32 0, i32 0, void @empty_5, void @empty_5, void @empty_5, i32 0, i32 0, i32 0, i32 0, void @empty_5, void @empty_5, i32 4294967295, i32 0"   --->   Operation 451 'specinterface' 'specinterface_ln0' <Predicate = true> <Delay = 0.00>
ST_18 : Operation 452 [1/1] (0.00ns)   --->   "%empty_160 = specchannel i32 @_ssdm_op_SpecChannel, void @arg0_arg1_streams_0_5_str, i32 1, void @p_str, void @p_str, i32 10, i32 10, i256 %arg0_arg1_streams_0_5, i256 %arg0_arg1_streams_0_5"   --->   Operation 452 'specchannel' 'empty_160' <Predicate = true> <Delay = 0.00>
ST_18 : Operation 453 [1/1] (0.00ns)   --->   "%specinterface_ln0 = specinterface void @_ssdm_op_SpecInterface, i256 %arg0_arg1_streams_0_5, void @empty_39, i32 0, i32 0, void @empty_5, i32 0, i32 0, void @empty_5, void @empty_5, void @empty_5, i32 0, i32 0, i32 0, i32 0, void @empty_5, void @empty_5, i32 4294967295, i32 0"   --->   Operation 453 'specinterface' 'specinterface_ln0' <Predicate = true> <Delay = 0.00>
ST_18 : Operation 454 [1/1] (0.00ns)   --->   "%empty_161 = specchannel i32 @_ssdm_op_SpecChannel, void @arg0_arg1_streams_0_6_str, i32 1, void @p_str, void @p_str, i32 10, i32 10, i256 %arg0_arg1_streams_0_6, i256 %arg0_arg1_streams_0_6"   --->   Operation 454 'specchannel' 'empty_161' <Predicate = true> <Delay = 0.00>
ST_18 : Operation 455 [1/1] (0.00ns)   --->   "%specinterface_ln0 = specinterface void @_ssdm_op_SpecInterface, i256 %arg0_arg1_streams_0_6, void @empty_39, i32 0, i32 0, void @empty_5, i32 0, i32 0, void @empty_5, void @empty_5, void @empty_5, i32 0, i32 0, i32 0, i32 0, void @empty_5, void @empty_5, i32 4294967295, i32 0"   --->   Operation 455 'specinterface' 'specinterface_ln0' <Predicate = true> <Delay = 0.00>
ST_18 : Operation 456 [1/1] (0.00ns)   --->   "%empty_162 = specchannel i32 @_ssdm_op_SpecChannel, void @arg0_arg1_streams_0_7_str, i32 1, void @p_str, void @p_str, i32 10, i32 10, i256 %arg0_arg1_streams_0_7, i256 %arg0_arg1_streams_0_7"   --->   Operation 456 'specchannel' 'empty_162' <Predicate = true> <Delay = 0.00>
ST_18 : Operation 457 [1/1] (0.00ns)   --->   "%specinterface_ln0 = specinterface void @_ssdm_op_SpecInterface, i256 %arg0_arg1_streams_0_7, void @empty_39, i32 0, i32 0, void @empty_5, i32 0, i32 0, void @empty_5, void @empty_5, void @empty_5, i32 0, i32 0, i32 0, i32 0, void @empty_5, void @empty_5, i32 4294967295, i32 0"   --->   Operation 457 'specinterface' 'specinterface_ln0' <Predicate = true> <Delay = 0.00>
ST_18 : Operation 458 [1/1] (0.00ns)   --->   "%empty_163 = specchannel i32 @_ssdm_op_SpecChannel, void @arg0_arg1_streams_1_0_str, i32 1, void @p_str, void @p_str, i32 10, i32 10, i256 %arg0_arg1_streams_1_0, i256 %arg0_arg1_streams_1_0"   --->   Operation 458 'specchannel' 'empty_163' <Predicate = true> <Delay = 0.00>
ST_18 : Operation 459 [1/1] (0.00ns)   --->   "%specinterface_ln0 = specinterface void @_ssdm_op_SpecInterface, i256 %arg0_arg1_streams_1_0, void @empty_39, i32 0, i32 0, void @empty_5, i32 0, i32 0, void @empty_5, void @empty_5, void @empty_5, i32 0, i32 0, i32 0, i32 0, void @empty_5, void @empty_5, i32 4294967295, i32 0"   --->   Operation 459 'specinterface' 'specinterface_ln0' <Predicate = true> <Delay = 0.00>
ST_18 : Operation 460 [1/1] (0.00ns)   --->   "%empty_164 = specchannel i32 @_ssdm_op_SpecChannel, void @arg0_arg1_streams_1_1_str, i32 1, void @p_str, void @p_str, i32 10, i32 10, i256 %arg0_arg1_streams_1_1, i256 %arg0_arg1_streams_1_1"   --->   Operation 460 'specchannel' 'empty_164' <Predicate = true> <Delay = 0.00>
ST_18 : Operation 461 [1/1] (0.00ns)   --->   "%specinterface_ln0 = specinterface void @_ssdm_op_SpecInterface, i256 %arg0_arg1_streams_1_1, void @empty_39, i32 0, i32 0, void @empty_5, i32 0, i32 0, void @empty_5, void @empty_5, void @empty_5, i32 0, i32 0, i32 0, i32 0, void @empty_5, void @empty_5, i32 4294967295, i32 0"   --->   Operation 461 'specinterface' 'specinterface_ln0' <Predicate = true> <Delay = 0.00>
ST_18 : Operation 462 [1/1] (0.00ns)   --->   "%empty_165 = specchannel i32 @_ssdm_op_SpecChannel, void @arg0_arg1_streams_1_2_str, i32 1, void @p_str, void @p_str, i32 10, i32 10, i256 %arg0_arg1_streams_1_2, i256 %arg0_arg1_streams_1_2"   --->   Operation 462 'specchannel' 'empty_165' <Predicate = true> <Delay = 0.00>
ST_18 : Operation 463 [1/1] (0.00ns)   --->   "%specinterface_ln0 = specinterface void @_ssdm_op_SpecInterface, i256 %arg0_arg1_streams_1_2, void @empty_39, i32 0, i32 0, void @empty_5, i32 0, i32 0, void @empty_5, void @empty_5, void @empty_5, i32 0, i32 0, i32 0, i32 0, void @empty_5, void @empty_5, i32 4294967295, i32 0"   --->   Operation 463 'specinterface' 'specinterface_ln0' <Predicate = true> <Delay = 0.00>
ST_18 : Operation 464 [1/1] (0.00ns)   --->   "%empty_166 = specchannel i32 @_ssdm_op_SpecChannel, void @arg0_arg1_streams_1_3_str, i32 1, void @p_str, void @p_str, i32 10, i32 10, i256 %arg0_arg1_streams_1_3, i256 %arg0_arg1_streams_1_3"   --->   Operation 464 'specchannel' 'empty_166' <Predicate = true> <Delay = 0.00>
ST_18 : Operation 465 [1/1] (0.00ns)   --->   "%specinterface_ln0 = specinterface void @_ssdm_op_SpecInterface, i256 %arg0_arg1_streams_1_3, void @empty_39, i32 0, i32 0, void @empty_5, i32 0, i32 0, void @empty_5, void @empty_5, void @empty_5, i32 0, i32 0, i32 0, i32 0, void @empty_5, void @empty_5, i32 4294967295, i32 0"   --->   Operation 465 'specinterface' 'specinterface_ln0' <Predicate = true> <Delay = 0.00>
ST_18 : Operation 466 [1/1] (0.00ns)   --->   "%empty_167 = specchannel i32 @_ssdm_op_SpecChannel, void @arg0_arg1_streams_1_4_str, i32 1, void @p_str, void @p_str, i32 10, i32 10, i256 %arg0_arg1_streams_1_4, i256 %arg0_arg1_streams_1_4"   --->   Operation 466 'specchannel' 'empty_167' <Predicate = true> <Delay = 0.00>
ST_18 : Operation 467 [1/1] (0.00ns)   --->   "%specinterface_ln0 = specinterface void @_ssdm_op_SpecInterface, i256 %arg0_arg1_streams_1_4, void @empty_39, i32 0, i32 0, void @empty_5, i32 0, i32 0, void @empty_5, void @empty_5, void @empty_5, i32 0, i32 0, i32 0, i32 0, void @empty_5, void @empty_5, i32 4294967295, i32 0"   --->   Operation 467 'specinterface' 'specinterface_ln0' <Predicate = true> <Delay = 0.00>
ST_18 : Operation 468 [1/1] (0.00ns)   --->   "%empty_168 = specchannel i32 @_ssdm_op_SpecChannel, void @arg0_arg1_streams_1_5_str, i32 1, void @p_str, void @p_str, i32 10, i32 10, i256 %arg0_arg1_streams_1_5, i256 %arg0_arg1_streams_1_5"   --->   Operation 468 'specchannel' 'empty_168' <Predicate = true> <Delay = 0.00>
ST_18 : Operation 469 [1/1] (0.00ns)   --->   "%specinterface_ln0 = specinterface void @_ssdm_op_SpecInterface, i256 %arg0_arg1_streams_1_5, void @empty_39, i32 0, i32 0, void @empty_5, i32 0, i32 0, void @empty_5, void @empty_5, void @empty_5, i32 0, i32 0, i32 0, i32 0, void @empty_5, void @empty_5, i32 4294967295, i32 0"   --->   Operation 469 'specinterface' 'specinterface_ln0' <Predicate = true> <Delay = 0.00>
ST_18 : Operation 470 [1/1] (0.00ns)   --->   "%empty_169 = specchannel i32 @_ssdm_op_SpecChannel, void @arg0_arg1_streams_1_6_str, i32 1, void @p_str, void @p_str, i32 10, i32 10, i256 %arg0_arg1_streams_1_6, i256 %arg0_arg1_streams_1_6"   --->   Operation 470 'specchannel' 'empty_169' <Predicate = true> <Delay = 0.00>
ST_18 : Operation 471 [1/1] (0.00ns)   --->   "%specinterface_ln0 = specinterface void @_ssdm_op_SpecInterface, i256 %arg0_arg1_streams_1_6, void @empty_39, i32 0, i32 0, void @empty_5, i32 0, i32 0, void @empty_5, void @empty_5, void @empty_5, i32 0, i32 0, i32 0, i32 0, void @empty_5, void @empty_5, i32 4294967295, i32 0"   --->   Operation 471 'specinterface' 'specinterface_ln0' <Predicate = true> <Delay = 0.00>
ST_18 : Operation 472 [1/1] (0.00ns)   --->   "%empty_170 = specchannel i32 @_ssdm_op_SpecChannel, void @arg0_arg1_streams_1_7_str, i32 1, void @p_str, void @p_str, i32 10, i32 10, i256 %arg0_arg1_streams_1_7, i256 %arg0_arg1_streams_1_7"   --->   Operation 472 'specchannel' 'empty_170' <Predicate = true> <Delay = 0.00>
ST_18 : Operation 473 [1/1] (0.00ns)   --->   "%specinterface_ln0 = specinterface void @_ssdm_op_SpecInterface, i256 %arg0_arg1_streams_1_7, void @empty_39, i32 0, i32 0, void @empty_5, i32 0, i32 0, void @empty_5, void @empty_5, void @empty_5, i32 0, i32 0, i32 0, i32 0, void @empty_5, void @empty_5, i32 4294967295, i32 0"   --->   Operation 473 'specinterface' 'specinterface_ln0' <Predicate = true> <Delay = 0.00>
ST_18 : Operation 474 [1/1] (0.00ns)   --->   "%empty_171 = specchannel i32 @_ssdm_op_SpecChannel, void @arg0_poisson_kernel_stencil_in_subtile_stream_0_0_str, i32 1, void @p_str, void @p_str, i32 2, i32 2, i288 %arg0_poisson_kernel_stencil_in_subtile_stream_0_0, i288 %arg0_poisson_kernel_stencil_in_subtile_stream_0_0"   --->   Operation 474 'specchannel' 'empty_171' <Predicate = true> <Delay = 0.00>
ST_18 : Operation 475 [1/1] (0.00ns)   --->   "%specinterface_ln0 = specinterface void @_ssdm_op_SpecInterface, i288 %arg0_poisson_kernel_stencil_in_subtile_stream_0_0, void @empty_39, i32 0, i32 0, void @empty_5, i32 0, i32 0, void @empty_5, void @empty_5, void @empty_5, i32 0, i32 0, i32 0, i32 0, void @empty_5, void @empty_5, i32 4294967295, i32 0"   --->   Operation 475 'specinterface' 'specinterface_ln0' <Predicate = true> <Delay = 0.00>
ST_18 : Operation 476 [1/1] (0.00ns)   --->   "%empty_172 = specchannel i32 @_ssdm_op_SpecChannel, void @arg0_poisson_kernel_stencil_in_subtile_stream_0_1_str, i32 1, void @p_str, void @p_str, i32 2, i32 2, i288 %arg0_poisson_kernel_stencil_in_subtile_stream_0_1, i288 %arg0_poisson_kernel_stencil_in_subtile_stream_0_1"   --->   Operation 476 'specchannel' 'empty_172' <Predicate = true> <Delay = 0.00>
ST_18 : Operation 477 [1/1] (0.00ns)   --->   "%specinterface_ln0 = specinterface void @_ssdm_op_SpecInterface, i288 %arg0_poisson_kernel_stencil_in_subtile_stream_0_1, void @empty_39, i32 0, i32 0, void @empty_5, i32 0, i32 0, void @empty_5, void @empty_5, void @empty_5, i32 0, i32 0, i32 0, i32 0, void @empty_5, void @empty_5, i32 4294967295, i32 0"   --->   Operation 477 'specinterface' 'specinterface_ln0' <Predicate = true> <Delay = 0.00>
ST_18 : Operation 478 [1/1] (0.00ns)   --->   "%empty_173 = specchannel i32 @_ssdm_op_SpecChannel, void @arg0_poisson_kernel_stencil_in_subtile_stream_0_2_str, i32 1, void @p_str, void @p_str, i32 2, i32 2, i288 %arg0_poisson_kernel_stencil_in_subtile_stream_0_2, i288 %arg0_poisson_kernel_stencil_in_subtile_stream_0_2"   --->   Operation 478 'specchannel' 'empty_173' <Predicate = true> <Delay = 0.00>
ST_18 : Operation 479 [1/1] (0.00ns)   --->   "%specinterface_ln0 = specinterface void @_ssdm_op_SpecInterface, i288 %arg0_poisson_kernel_stencil_in_subtile_stream_0_2, void @empty_39, i32 0, i32 0, void @empty_5, i32 0, i32 0, void @empty_5, void @empty_5, void @empty_5, i32 0, i32 0, i32 0, i32 0, void @empty_5, void @empty_5, i32 4294967295, i32 0"   --->   Operation 479 'specinterface' 'specinterface_ln0' <Predicate = true> <Delay = 0.00>
ST_18 : Operation 480 [1/1] (0.00ns)   --->   "%empty_174 = specchannel i32 @_ssdm_op_SpecChannel, void @arg0_poisson_kernel_stencil_in_subtile_stream_0_3_str, i32 1, void @p_str, void @p_str, i32 2, i32 2, i288 %arg0_poisson_kernel_stencil_in_subtile_stream_0_3, i288 %arg0_poisson_kernel_stencil_in_subtile_stream_0_3"   --->   Operation 480 'specchannel' 'empty_174' <Predicate = true> <Delay = 0.00>
ST_18 : Operation 481 [1/1] (0.00ns)   --->   "%specinterface_ln0 = specinterface void @_ssdm_op_SpecInterface, i288 %arg0_poisson_kernel_stencil_in_subtile_stream_0_3, void @empty_39, i32 0, i32 0, void @empty_5, i32 0, i32 0, void @empty_5, void @empty_5, void @empty_5, i32 0, i32 0, i32 0, i32 0, void @empty_5, void @empty_5, i32 4294967295, i32 0"   --->   Operation 481 'specinterface' 'specinterface_ln0' <Predicate = true> <Delay = 0.00>
ST_18 : Operation 482 [1/1] (0.00ns)   --->   "%empty_175 = specchannel i32 @_ssdm_op_SpecChannel, void @arg0_poisson_kernel_stencil_in_subtile_stream_0_4_str, i32 1, void @p_str, void @p_str, i32 2, i32 2, i288 %arg0_poisson_kernel_stencil_in_subtile_stream_0_4, i288 %arg0_poisson_kernel_stencil_in_subtile_stream_0_4"   --->   Operation 482 'specchannel' 'empty_175' <Predicate = true> <Delay = 0.00>
ST_18 : Operation 483 [1/1] (0.00ns)   --->   "%specinterface_ln0 = specinterface void @_ssdm_op_SpecInterface, i288 %arg0_poisson_kernel_stencil_in_subtile_stream_0_4, void @empty_39, i32 0, i32 0, void @empty_5, i32 0, i32 0, void @empty_5, void @empty_5, void @empty_5, i32 0, i32 0, i32 0, i32 0, void @empty_5, void @empty_5, i32 4294967295, i32 0"   --->   Operation 483 'specinterface' 'specinterface_ln0' <Predicate = true> <Delay = 0.00>
ST_18 : Operation 484 [1/1] (0.00ns)   --->   "%empty_176 = specchannel i32 @_ssdm_op_SpecChannel, void @arg0_poisson_kernel_stencil_in_subtile_stream_0_5_str, i32 1, void @p_str, void @p_str, i32 2, i32 2, i288 %arg0_poisson_kernel_stencil_in_subtile_stream_0_5, i288 %arg0_poisson_kernel_stencil_in_subtile_stream_0_5"   --->   Operation 484 'specchannel' 'empty_176' <Predicate = true> <Delay = 0.00>
ST_18 : Operation 485 [1/1] (0.00ns)   --->   "%specinterface_ln0 = specinterface void @_ssdm_op_SpecInterface, i288 %arg0_poisson_kernel_stencil_in_subtile_stream_0_5, void @empty_39, i32 0, i32 0, void @empty_5, i32 0, i32 0, void @empty_5, void @empty_5, void @empty_5, i32 0, i32 0, i32 0, i32 0, void @empty_5, void @empty_5, i32 4294967295, i32 0"   --->   Operation 485 'specinterface' 'specinterface_ln0' <Predicate = true> <Delay = 0.00>
ST_18 : Operation 486 [1/1] (0.00ns)   --->   "%empty_177 = specchannel i32 @_ssdm_op_SpecChannel, void @arg0_poisson_kernel_stencil_in_subtile_stream_0_6_str, i32 1, void @p_str, void @p_str, i32 2, i32 2, i288 %arg0_poisson_kernel_stencil_in_subtile_stream_0_6, i288 %arg0_poisson_kernel_stencil_in_subtile_stream_0_6"   --->   Operation 486 'specchannel' 'empty_177' <Predicate = true> <Delay = 0.00>
ST_18 : Operation 487 [1/1] (0.00ns)   --->   "%specinterface_ln0 = specinterface void @_ssdm_op_SpecInterface, i288 %arg0_poisson_kernel_stencil_in_subtile_stream_0_6, void @empty_39, i32 0, i32 0, void @empty_5, i32 0, i32 0, void @empty_5, void @empty_5, void @empty_5, i32 0, i32 0, i32 0, i32 0, void @empty_5, void @empty_5, i32 4294967295, i32 0"   --->   Operation 487 'specinterface' 'specinterface_ln0' <Predicate = true> <Delay = 0.00>
ST_18 : Operation 488 [1/1] (0.00ns)   --->   "%empty_178 = specchannel i32 @_ssdm_op_SpecChannel, void @arg0_poisson_kernel_stencil_in_subtile_stream_0_7_str, i32 1, void @p_str, void @p_str, i32 2, i32 2, i288 %arg0_poisson_kernel_stencil_in_subtile_stream_0_7, i288 %arg0_poisson_kernel_stencil_in_subtile_stream_0_7"   --->   Operation 488 'specchannel' 'empty_178' <Predicate = true> <Delay = 0.00>
ST_18 : Operation 489 [1/1] (0.00ns)   --->   "%specinterface_ln0 = specinterface void @_ssdm_op_SpecInterface, i288 %arg0_poisson_kernel_stencil_in_subtile_stream_0_7, void @empty_39, i32 0, i32 0, void @empty_5, i32 0, i32 0, void @empty_5, void @empty_5, void @empty_5, i32 0, i32 0, i32 0, i32 0, void @empty_5, void @empty_5, i32 4294967295, i32 0"   --->   Operation 489 'specinterface' 'specinterface_ln0' <Predicate = true> <Delay = 0.00>
ST_18 : Operation 490 [1/1] (0.00ns)   --->   "%empty_179 = specchannel i32 @_ssdm_op_SpecChannel, void @arg0_poisson_kernel_stencil_in_subtile_stream_1_0_str, i32 1, void @p_str, void @p_str, i32 2, i32 2, i288 %arg0_poisson_kernel_stencil_in_subtile_stream_1_0, i288 %arg0_poisson_kernel_stencil_in_subtile_stream_1_0"   --->   Operation 490 'specchannel' 'empty_179' <Predicate = true> <Delay = 0.00>
ST_18 : Operation 491 [1/1] (0.00ns)   --->   "%specinterface_ln0 = specinterface void @_ssdm_op_SpecInterface, i288 %arg0_poisson_kernel_stencil_in_subtile_stream_1_0, void @empty_39, i32 0, i32 0, void @empty_5, i32 0, i32 0, void @empty_5, void @empty_5, void @empty_5, i32 0, i32 0, i32 0, i32 0, void @empty_5, void @empty_5, i32 4294967295, i32 0"   --->   Operation 491 'specinterface' 'specinterface_ln0' <Predicate = true> <Delay = 0.00>
ST_18 : Operation 492 [1/1] (0.00ns)   --->   "%empty_180 = specchannel i32 @_ssdm_op_SpecChannel, void @arg0_poisson_kernel_stencil_in_subtile_stream_1_1_str, i32 1, void @p_str, void @p_str, i32 2, i32 2, i288 %arg0_poisson_kernel_stencil_in_subtile_stream_1_1, i288 %arg0_poisson_kernel_stencil_in_subtile_stream_1_1"   --->   Operation 492 'specchannel' 'empty_180' <Predicate = true> <Delay = 0.00>
ST_18 : Operation 493 [1/1] (0.00ns)   --->   "%specinterface_ln0 = specinterface void @_ssdm_op_SpecInterface, i288 %arg0_poisson_kernel_stencil_in_subtile_stream_1_1, void @empty_39, i32 0, i32 0, void @empty_5, i32 0, i32 0, void @empty_5, void @empty_5, void @empty_5, i32 0, i32 0, i32 0, i32 0, void @empty_5, void @empty_5, i32 4294967295, i32 0"   --->   Operation 493 'specinterface' 'specinterface_ln0' <Predicate = true> <Delay = 0.00>
ST_18 : Operation 494 [1/1] (0.00ns)   --->   "%empty_181 = specchannel i32 @_ssdm_op_SpecChannel, void @arg0_poisson_kernel_stencil_in_subtile_stream_1_2_str, i32 1, void @p_str, void @p_str, i32 2, i32 2, i288 %arg0_poisson_kernel_stencil_in_subtile_stream_1_2, i288 %arg0_poisson_kernel_stencil_in_subtile_stream_1_2"   --->   Operation 494 'specchannel' 'empty_181' <Predicate = true> <Delay = 0.00>
ST_18 : Operation 495 [1/1] (0.00ns)   --->   "%specinterface_ln0 = specinterface void @_ssdm_op_SpecInterface, i288 %arg0_poisson_kernel_stencil_in_subtile_stream_1_2, void @empty_39, i32 0, i32 0, void @empty_5, i32 0, i32 0, void @empty_5, void @empty_5, void @empty_5, i32 0, i32 0, i32 0, i32 0, void @empty_5, void @empty_5, i32 4294967295, i32 0"   --->   Operation 495 'specinterface' 'specinterface_ln0' <Predicate = true> <Delay = 0.00>
ST_18 : Operation 496 [1/1] (0.00ns)   --->   "%empty_182 = specchannel i32 @_ssdm_op_SpecChannel, void @arg0_poisson_kernel_stencil_in_subtile_stream_1_3_str, i32 1, void @p_str, void @p_str, i32 2, i32 2, i288 %arg0_poisson_kernel_stencil_in_subtile_stream_1_3, i288 %arg0_poisson_kernel_stencil_in_subtile_stream_1_3"   --->   Operation 496 'specchannel' 'empty_182' <Predicate = true> <Delay = 0.00>
ST_18 : Operation 497 [1/1] (0.00ns)   --->   "%specinterface_ln0 = specinterface void @_ssdm_op_SpecInterface, i288 %arg0_poisson_kernel_stencil_in_subtile_stream_1_3, void @empty_39, i32 0, i32 0, void @empty_5, i32 0, i32 0, void @empty_5, void @empty_5, void @empty_5, i32 0, i32 0, i32 0, i32 0, void @empty_5, void @empty_5, i32 4294967295, i32 0"   --->   Operation 497 'specinterface' 'specinterface_ln0' <Predicate = true> <Delay = 0.00>
ST_18 : Operation 498 [1/1] (0.00ns)   --->   "%empty_183 = specchannel i32 @_ssdm_op_SpecChannel, void @arg0_poisson_kernel_stencil_in_subtile_stream_1_4_str, i32 1, void @p_str, void @p_str, i32 2, i32 2, i288 %arg0_poisson_kernel_stencil_in_subtile_stream_1_4, i288 %arg0_poisson_kernel_stencil_in_subtile_stream_1_4"   --->   Operation 498 'specchannel' 'empty_183' <Predicate = true> <Delay = 0.00>
ST_18 : Operation 499 [1/1] (0.00ns)   --->   "%specinterface_ln0 = specinterface void @_ssdm_op_SpecInterface, i288 %arg0_poisson_kernel_stencil_in_subtile_stream_1_4, void @empty_39, i32 0, i32 0, void @empty_5, i32 0, i32 0, void @empty_5, void @empty_5, void @empty_5, i32 0, i32 0, i32 0, i32 0, void @empty_5, void @empty_5, i32 4294967295, i32 0"   --->   Operation 499 'specinterface' 'specinterface_ln0' <Predicate = true> <Delay = 0.00>
ST_18 : Operation 500 [1/1] (0.00ns)   --->   "%empty_184 = specchannel i32 @_ssdm_op_SpecChannel, void @arg0_poisson_kernel_stencil_in_subtile_stream_1_5_str, i32 1, void @p_str, void @p_str, i32 2, i32 2, i288 %arg0_poisson_kernel_stencil_in_subtile_stream_1_5, i288 %arg0_poisson_kernel_stencil_in_subtile_stream_1_5"   --->   Operation 500 'specchannel' 'empty_184' <Predicate = true> <Delay = 0.00>
ST_18 : Operation 501 [1/1] (0.00ns)   --->   "%specinterface_ln0 = specinterface void @_ssdm_op_SpecInterface, i288 %arg0_poisson_kernel_stencil_in_subtile_stream_1_5, void @empty_39, i32 0, i32 0, void @empty_5, i32 0, i32 0, void @empty_5, void @empty_5, void @empty_5, i32 0, i32 0, i32 0, i32 0, void @empty_5, void @empty_5, i32 4294967295, i32 0"   --->   Operation 501 'specinterface' 'specinterface_ln0' <Predicate = true> <Delay = 0.00>
ST_18 : Operation 502 [1/1] (0.00ns)   --->   "%empty_185 = specchannel i32 @_ssdm_op_SpecChannel, void @arg0_poisson_kernel_stencil_in_subtile_stream_1_6_str, i32 1, void @p_str, void @p_str, i32 2, i32 2, i288 %arg0_poisson_kernel_stencil_in_subtile_stream_1_6, i288 %arg0_poisson_kernel_stencil_in_subtile_stream_1_6"   --->   Operation 502 'specchannel' 'empty_185' <Predicate = true> <Delay = 0.00>
ST_18 : Operation 503 [1/1] (0.00ns)   --->   "%specinterface_ln0 = specinterface void @_ssdm_op_SpecInterface, i288 %arg0_poisson_kernel_stencil_in_subtile_stream_1_6, void @empty_39, i32 0, i32 0, void @empty_5, i32 0, i32 0, void @empty_5, void @empty_5, void @empty_5, i32 0, i32 0, i32 0, i32 0, void @empty_5, void @empty_5, i32 4294967295, i32 0"   --->   Operation 503 'specinterface' 'specinterface_ln0' <Predicate = true> <Delay = 0.00>
ST_18 : Operation 504 [1/1] (0.00ns)   --->   "%empty_186 = specchannel i32 @_ssdm_op_SpecChannel, void @arg0_poisson_kernel_stencil_in_subtile_stream_1_7_str, i32 1, void @p_str, void @p_str, i32 2, i32 2, i288 %arg0_poisson_kernel_stencil_in_subtile_stream_1_7, i288 %arg0_poisson_kernel_stencil_in_subtile_stream_1_7"   --->   Operation 504 'specchannel' 'empty_186' <Predicate = true> <Delay = 0.00>
ST_18 : Operation 505 [1/1] (0.00ns)   --->   "%specinterface_ln0 = specinterface void @_ssdm_op_SpecInterface, i288 %arg0_poisson_kernel_stencil_in_subtile_stream_1_7, void @empty_39, i32 0, i32 0, void @empty_5, i32 0, i32 0, void @empty_5, void @empty_5, void @empty_5, i32 0, i32 0, i32 0, i32 0, void @empty_5, void @empty_5, i32 4294967295, i32 0"   --->   Operation 505 'specinterface' 'specinterface_ln0' <Predicate = true> <Delay = 0.00>
ST_18 : Operation 506 [1/1] (0.00ns)   --->   "%empty_187 = specchannel i32 @_ssdm_op_SpecChannel, void @arg0_poisson_kernel_stencil_in_subtile_stream_2_0_str, i32 1, void @p_str, void @p_str, i32 2, i32 2, i288 %arg0_poisson_kernel_stencil_in_subtile_stream_2_0, i288 %arg0_poisson_kernel_stencil_in_subtile_stream_2_0"   --->   Operation 506 'specchannel' 'empty_187' <Predicate = true> <Delay = 0.00>
ST_18 : Operation 507 [1/1] (0.00ns)   --->   "%specinterface_ln0 = specinterface void @_ssdm_op_SpecInterface, i288 %arg0_poisson_kernel_stencil_in_subtile_stream_2_0, void @empty_39, i32 0, i32 0, void @empty_5, i32 0, i32 0, void @empty_5, void @empty_5, void @empty_5, i32 0, i32 0, i32 0, i32 0, void @empty_5, void @empty_5, i32 4294967295, i32 0"   --->   Operation 507 'specinterface' 'specinterface_ln0' <Predicate = true> <Delay = 0.00>
ST_18 : Operation 508 [1/1] (0.00ns)   --->   "%empty_188 = specchannel i32 @_ssdm_op_SpecChannel, void @arg0_poisson_kernel_stencil_in_subtile_stream_2_1_str, i32 1, void @p_str, void @p_str, i32 2, i32 2, i288 %arg0_poisson_kernel_stencil_in_subtile_stream_2_1, i288 %arg0_poisson_kernel_stencil_in_subtile_stream_2_1"   --->   Operation 508 'specchannel' 'empty_188' <Predicate = true> <Delay = 0.00>
ST_18 : Operation 509 [1/1] (0.00ns)   --->   "%specinterface_ln0 = specinterface void @_ssdm_op_SpecInterface, i288 %arg0_poisson_kernel_stencil_in_subtile_stream_2_1, void @empty_39, i32 0, i32 0, void @empty_5, i32 0, i32 0, void @empty_5, void @empty_5, void @empty_5, i32 0, i32 0, i32 0, i32 0, void @empty_5, void @empty_5, i32 4294967295, i32 0"   --->   Operation 509 'specinterface' 'specinterface_ln0' <Predicate = true> <Delay = 0.00>
ST_18 : Operation 510 [1/1] (0.00ns)   --->   "%empty_189 = specchannel i32 @_ssdm_op_SpecChannel, void @arg0_poisson_kernel_stencil_in_subtile_stream_2_2_str, i32 1, void @p_str, void @p_str, i32 2, i32 2, i288 %arg0_poisson_kernel_stencil_in_subtile_stream_2_2, i288 %arg0_poisson_kernel_stencil_in_subtile_stream_2_2"   --->   Operation 510 'specchannel' 'empty_189' <Predicate = true> <Delay = 0.00>
ST_18 : Operation 511 [1/1] (0.00ns)   --->   "%specinterface_ln0 = specinterface void @_ssdm_op_SpecInterface, i288 %arg0_poisson_kernel_stencil_in_subtile_stream_2_2, void @empty_39, i32 0, i32 0, void @empty_5, i32 0, i32 0, void @empty_5, void @empty_5, void @empty_5, i32 0, i32 0, i32 0, i32 0, void @empty_5, void @empty_5, i32 4294967295, i32 0"   --->   Operation 511 'specinterface' 'specinterface_ln0' <Predicate = true> <Delay = 0.00>
ST_18 : Operation 512 [1/1] (0.00ns)   --->   "%empty_190 = specchannel i32 @_ssdm_op_SpecChannel, void @arg0_poisson_kernel_stencil_in_subtile_stream_2_3_str, i32 1, void @p_str, void @p_str, i32 2, i32 2, i288 %arg0_poisson_kernel_stencil_in_subtile_stream_2_3, i288 %arg0_poisson_kernel_stencil_in_subtile_stream_2_3"   --->   Operation 512 'specchannel' 'empty_190' <Predicate = true> <Delay = 0.00>
ST_18 : Operation 513 [1/1] (0.00ns)   --->   "%specinterface_ln0 = specinterface void @_ssdm_op_SpecInterface, i288 %arg0_poisson_kernel_stencil_in_subtile_stream_2_3, void @empty_39, i32 0, i32 0, void @empty_5, i32 0, i32 0, void @empty_5, void @empty_5, void @empty_5, i32 0, i32 0, i32 0, i32 0, void @empty_5, void @empty_5, i32 4294967295, i32 0"   --->   Operation 513 'specinterface' 'specinterface_ln0' <Predicate = true> <Delay = 0.00>
ST_18 : Operation 514 [1/1] (0.00ns)   --->   "%empty_191 = specchannel i32 @_ssdm_op_SpecChannel, void @arg0_poisson_kernel_stencil_in_subtile_stream_2_4_str, i32 1, void @p_str, void @p_str, i32 2, i32 2, i288 %arg0_poisson_kernel_stencil_in_subtile_stream_2_4, i288 %arg0_poisson_kernel_stencil_in_subtile_stream_2_4"   --->   Operation 514 'specchannel' 'empty_191' <Predicate = true> <Delay = 0.00>
ST_18 : Operation 515 [1/1] (0.00ns)   --->   "%specinterface_ln0 = specinterface void @_ssdm_op_SpecInterface, i288 %arg0_poisson_kernel_stencil_in_subtile_stream_2_4, void @empty_39, i32 0, i32 0, void @empty_5, i32 0, i32 0, void @empty_5, void @empty_5, void @empty_5, i32 0, i32 0, i32 0, i32 0, void @empty_5, void @empty_5, i32 4294967295, i32 0"   --->   Operation 515 'specinterface' 'specinterface_ln0' <Predicate = true> <Delay = 0.00>
ST_18 : Operation 516 [1/1] (0.00ns)   --->   "%empty_192 = specchannel i32 @_ssdm_op_SpecChannel, void @arg0_poisson_kernel_stencil_in_subtile_stream_2_5_str, i32 1, void @p_str, void @p_str, i32 2, i32 2, i288 %arg0_poisson_kernel_stencil_in_subtile_stream_2_5, i288 %arg0_poisson_kernel_stencil_in_subtile_stream_2_5"   --->   Operation 516 'specchannel' 'empty_192' <Predicate = true> <Delay = 0.00>
ST_18 : Operation 517 [1/1] (0.00ns)   --->   "%specinterface_ln0 = specinterface void @_ssdm_op_SpecInterface, i288 %arg0_poisson_kernel_stencil_in_subtile_stream_2_5, void @empty_39, i32 0, i32 0, void @empty_5, i32 0, i32 0, void @empty_5, void @empty_5, void @empty_5, i32 0, i32 0, i32 0, i32 0, void @empty_5, void @empty_5, i32 4294967295, i32 0"   --->   Operation 517 'specinterface' 'specinterface_ln0' <Predicate = true> <Delay = 0.00>
ST_18 : Operation 518 [1/1] (0.00ns)   --->   "%empty_193 = specchannel i32 @_ssdm_op_SpecChannel, void @arg0_poisson_kernel_stencil_in_subtile_stream_2_6_str, i32 1, void @p_str, void @p_str, i32 2, i32 2, i288 %arg0_poisson_kernel_stencil_in_subtile_stream_2_6, i288 %arg0_poisson_kernel_stencil_in_subtile_stream_2_6"   --->   Operation 518 'specchannel' 'empty_193' <Predicate = true> <Delay = 0.00>
ST_18 : Operation 519 [1/1] (0.00ns)   --->   "%specinterface_ln0 = specinterface void @_ssdm_op_SpecInterface, i288 %arg0_poisson_kernel_stencil_in_subtile_stream_2_6, void @empty_39, i32 0, i32 0, void @empty_5, i32 0, i32 0, void @empty_5, void @empty_5, void @empty_5, i32 0, i32 0, i32 0, i32 0, void @empty_5, void @empty_5, i32 4294967295, i32 0"   --->   Operation 519 'specinterface' 'specinterface_ln0' <Predicate = true> <Delay = 0.00>
ST_18 : Operation 520 [1/1] (0.00ns)   --->   "%empty_194 = specchannel i32 @_ssdm_op_SpecChannel, void @arg0_poisson_kernel_stencil_in_subtile_stream_2_7_str, i32 1, void @p_str, void @p_str, i32 2, i32 2, i288 %arg0_poisson_kernel_stencil_in_subtile_stream_2_7, i288 %arg0_poisson_kernel_stencil_in_subtile_stream_2_7"   --->   Operation 520 'specchannel' 'empty_194' <Predicate = true> <Delay = 0.00>
ST_18 : Operation 521 [1/1] (0.00ns)   --->   "%specinterface_ln0 = specinterface void @_ssdm_op_SpecInterface, i288 %arg0_poisson_kernel_stencil_in_subtile_stream_2_7, void @empty_39, i32 0, i32 0, void @empty_5, i32 0, i32 0, void @empty_5, void @empty_5, void @empty_5, i32 0, i32 0, i32 0, i32 0, void @empty_5, void @empty_5, i32 4294967295, i32 0"   --->   Operation 521 'specinterface' 'specinterface_ln0' <Predicate = true> <Delay = 0.00>
ST_18 : Operation 522 [1/1] (0.00ns)   --->   "%empty_195 = specchannel i32 @_ssdm_op_SpecChannel, void @arg1_poisson_kernel_stencil_out_subtile_stream_0_0_str, i32 1, void @p_str, void @p_str, i32 2, i32 2, i288 %arg1_poisson_kernel_stencil_out_subtile_stream_0_0, i288 %arg1_poisson_kernel_stencil_out_subtile_stream_0_0"   --->   Operation 522 'specchannel' 'empty_195' <Predicate = true> <Delay = 0.00>
ST_18 : Operation 523 [1/1] (0.00ns)   --->   "%specinterface_ln0 = specinterface void @_ssdm_op_SpecInterface, i288 %arg1_poisson_kernel_stencil_out_subtile_stream_0_0, void @empty_39, i32 0, i32 0, void @empty_5, i32 0, i32 0, void @empty_5, void @empty_5, void @empty_5, i32 0, i32 0, i32 0, i32 0, void @empty_5, void @empty_5, i32 4294967295, i32 0"   --->   Operation 523 'specinterface' 'specinterface_ln0' <Predicate = true> <Delay = 0.00>
ST_18 : Operation 524 [1/1] (0.00ns)   --->   "%empty_196 = specchannel i32 @_ssdm_op_SpecChannel, void @arg1_poisson_kernel_stencil_out_subtile_stream_0_1_str, i32 1, void @p_str, void @p_str, i32 2, i32 2, i288 %arg1_poisson_kernel_stencil_out_subtile_stream_0_1, i288 %arg1_poisson_kernel_stencil_out_subtile_stream_0_1"   --->   Operation 524 'specchannel' 'empty_196' <Predicate = true> <Delay = 0.00>
ST_18 : Operation 525 [1/1] (0.00ns)   --->   "%specinterface_ln0 = specinterface void @_ssdm_op_SpecInterface, i288 %arg1_poisson_kernel_stencil_out_subtile_stream_0_1, void @empty_39, i32 0, i32 0, void @empty_5, i32 0, i32 0, void @empty_5, void @empty_5, void @empty_5, i32 0, i32 0, i32 0, i32 0, void @empty_5, void @empty_5, i32 4294967295, i32 0"   --->   Operation 525 'specinterface' 'specinterface_ln0' <Predicate = true> <Delay = 0.00>
ST_18 : Operation 526 [1/1] (0.00ns)   --->   "%empty_197 = specchannel i32 @_ssdm_op_SpecChannel, void @arg1_poisson_kernel_stencil_out_subtile_stream_0_2_str, i32 1, void @p_str, void @p_str, i32 2, i32 2, i288 %arg1_poisson_kernel_stencil_out_subtile_stream_0_2, i288 %arg1_poisson_kernel_stencil_out_subtile_stream_0_2"   --->   Operation 526 'specchannel' 'empty_197' <Predicate = true> <Delay = 0.00>
ST_18 : Operation 527 [1/1] (0.00ns)   --->   "%specinterface_ln0 = specinterface void @_ssdm_op_SpecInterface, i288 %arg1_poisson_kernel_stencil_out_subtile_stream_0_2, void @empty_39, i32 0, i32 0, void @empty_5, i32 0, i32 0, void @empty_5, void @empty_5, void @empty_5, i32 0, i32 0, i32 0, i32 0, void @empty_5, void @empty_5, i32 4294967295, i32 0"   --->   Operation 527 'specinterface' 'specinterface_ln0' <Predicate = true> <Delay = 0.00>
ST_18 : Operation 528 [1/1] (0.00ns)   --->   "%empty_198 = specchannel i32 @_ssdm_op_SpecChannel, void @arg1_poisson_kernel_stencil_out_subtile_stream_0_3_str, i32 1, void @p_str, void @p_str, i32 2, i32 2, i288 %arg1_poisson_kernel_stencil_out_subtile_stream_0_3, i288 %arg1_poisson_kernel_stencil_out_subtile_stream_0_3"   --->   Operation 528 'specchannel' 'empty_198' <Predicate = true> <Delay = 0.00>
ST_18 : Operation 529 [1/1] (0.00ns)   --->   "%specinterface_ln0 = specinterface void @_ssdm_op_SpecInterface, i288 %arg1_poisson_kernel_stencil_out_subtile_stream_0_3, void @empty_39, i32 0, i32 0, void @empty_5, i32 0, i32 0, void @empty_5, void @empty_5, void @empty_5, i32 0, i32 0, i32 0, i32 0, void @empty_5, void @empty_5, i32 4294967295, i32 0"   --->   Operation 529 'specinterface' 'specinterface_ln0' <Predicate = true> <Delay = 0.00>
ST_18 : Operation 530 [1/1] (0.00ns)   --->   "%empty_199 = specchannel i32 @_ssdm_op_SpecChannel, void @arg1_poisson_kernel_stencil_out_subtile_stream_0_4_str, i32 1, void @p_str, void @p_str, i32 2, i32 2, i288 %arg1_poisson_kernel_stencil_out_subtile_stream_0_4, i288 %arg1_poisson_kernel_stencil_out_subtile_stream_0_4"   --->   Operation 530 'specchannel' 'empty_199' <Predicate = true> <Delay = 0.00>
ST_18 : Operation 531 [1/1] (0.00ns)   --->   "%specinterface_ln0 = specinterface void @_ssdm_op_SpecInterface, i288 %arg1_poisson_kernel_stencil_out_subtile_stream_0_4, void @empty_39, i32 0, i32 0, void @empty_5, i32 0, i32 0, void @empty_5, void @empty_5, void @empty_5, i32 0, i32 0, i32 0, i32 0, void @empty_5, void @empty_5, i32 4294967295, i32 0"   --->   Operation 531 'specinterface' 'specinterface_ln0' <Predicate = true> <Delay = 0.00>
ST_18 : Operation 532 [1/1] (0.00ns)   --->   "%empty_200 = specchannel i32 @_ssdm_op_SpecChannel, void @arg1_poisson_kernel_stencil_out_subtile_stream_0_5_str, i32 1, void @p_str, void @p_str, i32 2, i32 2, i288 %arg1_poisson_kernel_stencil_out_subtile_stream_0_5, i288 %arg1_poisson_kernel_stencil_out_subtile_stream_0_5"   --->   Operation 532 'specchannel' 'empty_200' <Predicate = true> <Delay = 0.00>
ST_18 : Operation 533 [1/1] (0.00ns)   --->   "%specinterface_ln0 = specinterface void @_ssdm_op_SpecInterface, i288 %arg1_poisson_kernel_stencil_out_subtile_stream_0_5, void @empty_39, i32 0, i32 0, void @empty_5, i32 0, i32 0, void @empty_5, void @empty_5, void @empty_5, i32 0, i32 0, i32 0, i32 0, void @empty_5, void @empty_5, i32 4294967295, i32 0"   --->   Operation 533 'specinterface' 'specinterface_ln0' <Predicate = true> <Delay = 0.00>
ST_18 : Operation 534 [1/1] (0.00ns)   --->   "%empty_201 = specchannel i32 @_ssdm_op_SpecChannel, void @arg1_poisson_kernel_stencil_out_subtile_stream_0_6_str, i32 1, void @p_str, void @p_str, i32 2, i32 2, i288 %arg1_poisson_kernel_stencil_out_subtile_stream_0_6, i288 %arg1_poisson_kernel_stencil_out_subtile_stream_0_6"   --->   Operation 534 'specchannel' 'empty_201' <Predicate = true> <Delay = 0.00>
ST_18 : Operation 535 [1/1] (0.00ns)   --->   "%specinterface_ln0 = specinterface void @_ssdm_op_SpecInterface, i288 %arg1_poisson_kernel_stencil_out_subtile_stream_0_6, void @empty_39, i32 0, i32 0, void @empty_5, i32 0, i32 0, void @empty_5, void @empty_5, void @empty_5, i32 0, i32 0, i32 0, i32 0, void @empty_5, void @empty_5, i32 4294967295, i32 0"   --->   Operation 535 'specinterface' 'specinterface_ln0' <Predicate = true> <Delay = 0.00>
ST_18 : Operation 536 [1/1] (0.00ns)   --->   "%empty_202 = specchannel i32 @_ssdm_op_SpecChannel, void @arg1_poisson_kernel_stencil_out_subtile_stream_0_7_str, i32 1, void @p_str, void @p_str, i32 2, i32 2, i288 %arg1_poisson_kernel_stencil_out_subtile_stream_0_7, i288 %arg1_poisson_kernel_stencil_out_subtile_stream_0_7"   --->   Operation 536 'specchannel' 'empty_202' <Predicate = true> <Delay = 0.00>
ST_18 : Operation 537 [1/1] (0.00ns)   --->   "%specinterface_ln0 = specinterface void @_ssdm_op_SpecInterface, i288 %arg1_poisson_kernel_stencil_out_subtile_stream_0_7, void @empty_39, i32 0, i32 0, void @empty_5, i32 0, i32 0, void @empty_5, void @empty_5, void @empty_5, i32 0, i32 0, i32 0, i32 0, void @empty_5, void @empty_5, i32 4294967295, i32 0"   --->   Operation 537 'specinterface' 'specinterface_ln0' <Predicate = true> <Delay = 0.00>
ST_18 : Operation 538 [1/1] (0.00ns)   --->   "%empty_203 = specchannel i32 @_ssdm_op_SpecChannel, void @arg1_poisson_kernel_stencil_out_subtile_stream_1_0_str, i32 1, void @p_str, void @p_str, i32 2, i32 2, i288 %arg1_poisson_kernel_stencil_out_subtile_stream_1_0, i288 %arg1_poisson_kernel_stencil_out_subtile_stream_1_0"   --->   Operation 538 'specchannel' 'empty_203' <Predicate = true> <Delay = 0.00>
ST_18 : Operation 539 [1/1] (0.00ns)   --->   "%specinterface_ln0 = specinterface void @_ssdm_op_SpecInterface, i288 %arg1_poisson_kernel_stencil_out_subtile_stream_1_0, void @empty_39, i32 0, i32 0, void @empty_5, i32 0, i32 0, void @empty_5, void @empty_5, void @empty_5, i32 0, i32 0, i32 0, i32 0, void @empty_5, void @empty_5, i32 4294967295, i32 0"   --->   Operation 539 'specinterface' 'specinterface_ln0' <Predicate = true> <Delay = 0.00>
ST_18 : Operation 540 [1/1] (0.00ns)   --->   "%empty_204 = specchannel i32 @_ssdm_op_SpecChannel, void @arg1_poisson_kernel_stencil_out_subtile_stream_1_1_str, i32 1, void @p_str, void @p_str, i32 2, i32 2, i288 %arg1_poisson_kernel_stencil_out_subtile_stream_1_1, i288 %arg1_poisson_kernel_stencil_out_subtile_stream_1_1"   --->   Operation 540 'specchannel' 'empty_204' <Predicate = true> <Delay = 0.00>
ST_18 : Operation 541 [1/1] (0.00ns)   --->   "%specinterface_ln0 = specinterface void @_ssdm_op_SpecInterface, i288 %arg1_poisson_kernel_stencil_out_subtile_stream_1_1, void @empty_39, i32 0, i32 0, void @empty_5, i32 0, i32 0, void @empty_5, void @empty_5, void @empty_5, i32 0, i32 0, i32 0, i32 0, void @empty_5, void @empty_5, i32 4294967295, i32 0"   --->   Operation 541 'specinterface' 'specinterface_ln0' <Predicate = true> <Delay = 0.00>
ST_18 : Operation 542 [1/1] (0.00ns)   --->   "%empty_205 = specchannel i32 @_ssdm_op_SpecChannel, void @arg1_poisson_kernel_stencil_out_subtile_stream_1_2_str, i32 1, void @p_str, void @p_str, i32 2, i32 2, i288 %arg1_poisson_kernel_stencil_out_subtile_stream_1_2, i288 %arg1_poisson_kernel_stencil_out_subtile_stream_1_2"   --->   Operation 542 'specchannel' 'empty_205' <Predicate = true> <Delay = 0.00>
ST_18 : Operation 543 [1/1] (0.00ns)   --->   "%specinterface_ln0 = specinterface void @_ssdm_op_SpecInterface, i288 %arg1_poisson_kernel_stencil_out_subtile_stream_1_2, void @empty_39, i32 0, i32 0, void @empty_5, i32 0, i32 0, void @empty_5, void @empty_5, void @empty_5, i32 0, i32 0, i32 0, i32 0, void @empty_5, void @empty_5, i32 4294967295, i32 0"   --->   Operation 543 'specinterface' 'specinterface_ln0' <Predicate = true> <Delay = 0.00>
ST_18 : Operation 544 [1/1] (0.00ns)   --->   "%empty_206 = specchannel i32 @_ssdm_op_SpecChannel, void @arg1_poisson_kernel_stencil_out_subtile_stream_1_3_str, i32 1, void @p_str, void @p_str, i32 2, i32 2, i288 %arg1_poisson_kernel_stencil_out_subtile_stream_1_3, i288 %arg1_poisson_kernel_stencil_out_subtile_stream_1_3"   --->   Operation 544 'specchannel' 'empty_206' <Predicate = true> <Delay = 0.00>
ST_18 : Operation 545 [1/1] (0.00ns)   --->   "%specinterface_ln0 = specinterface void @_ssdm_op_SpecInterface, i288 %arg1_poisson_kernel_stencil_out_subtile_stream_1_3, void @empty_39, i32 0, i32 0, void @empty_5, i32 0, i32 0, void @empty_5, void @empty_5, void @empty_5, i32 0, i32 0, i32 0, i32 0, void @empty_5, void @empty_5, i32 4294967295, i32 0"   --->   Operation 545 'specinterface' 'specinterface_ln0' <Predicate = true> <Delay = 0.00>
ST_18 : Operation 546 [1/1] (0.00ns)   --->   "%empty_207 = specchannel i32 @_ssdm_op_SpecChannel, void @arg1_poisson_kernel_stencil_out_subtile_stream_1_4_str, i32 1, void @p_str, void @p_str, i32 2, i32 2, i288 %arg1_poisson_kernel_stencil_out_subtile_stream_1_4, i288 %arg1_poisson_kernel_stencil_out_subtile_stream_1_4"   --->   Operation 546 'specchannel' 'empty_207' <Predicate = true> <Delay = 0.00>
ST_18 : Operation 547 [1/1] (0.00ns)   --->   "%specinterface_ln0 = specinterface void @_ssdm_op_SpecInterface, i288 %arg1_poisson_kernel_stencil_out_subtile_stream_1_4, void @empty_39, i32 0, i32 0, void @empty_5, i32 0, i32 0, void @empty_5, void @empty_5, void @empty_5, i32 0, i32 0, i32 0, i32 0, void @empty_5, void @empty_5, i32 4294967295, i32 0"   --->   Operation 547 'specinterface' 'specinterface_ln0' <Predicate = true> <Delay = 0.00>
ST_18 : Operation 548 [1/1] (0.00ns)   --->   "%empty_208 = specchannel i32 @_ssdm_op_SpecChannel, void @arg1_poisson_kernel_stencil_out_subtile_stream_1_5_str, i32 1, void @p_str, void @p_str, i32 2, i32 2, i288 %arg1_poisson_kernel_stencil_out_subtile_stream_1_5, i288 %arg1_poisson_kernel_stencil_out_subtile_stream_1_5"   --->   Operation 548 'specchannel' 'empty_208' <Predicate = true> <Delay = 0.00>
ST_18 : Operation 549 [1/1] (0.00ns)   --->   "%specinterface_ln0 = specinterface void @_ssdm_op_SpecInterface, i288 %arg1_poisson_kernel_stencil_out_subtile_stream_1_5, void @empty_39, i32 0, i32 0, void @empty_5, i32 0, i32 0, void @empty_5, void @empty_5, void @empty_5, i32 0, i32 0, i32 0, i32 0, void @empty_5, void @empty_5, i32 4294967295, i32 0"   --->   Operation 549 'specinterface' 'specinterface_ln0' <Predicate = true> <Delay = 0.00>
ST_18 : Operation 550 [1/1] (0.00ns)   --->   "%empty_209 = specchannel i32 @_ssdm_op_SpecChannel, void @arg1_poisson_kernel_stencil_out_subtile_stream_1_6_str, i32 1, void @p_str, void @p_str, i32 2, i32 2, i288 %arg1_poisson_kernel_stencil_out_subtile_stream_1_6, i288 %arg1_poisson_kernel_stencil_out_subtile_stream_1_6"   --->   Operation 550 'specchannel' 'empty_209' <Predicate = true> <Delay = 0.00>
ST_18 : Operation 551 [1/1] (0.00ns)   --->   "%specinterface_ln0 = specinterface void @_ssdm_op_SpecInterface, i288 %arg1_poisson_kernel_stencil_out_subtile_stream_1_6, void @empty_39, i32 0, i32 0, void @empty_5, i32 0, i32 0, void @empty_5, void @empty_5, void @empty_5, i32 0, i32 0, i32 0, i32 0, void @empty_5, void @empty_5, i32 4294967295, i32 0"   --->   Operation 551 'specinterface' 'specinterface_ln0' <Predicate = true> <Delay = 0.00>
ST_18 : Operation 552 [1/1] (0.00ns)   --->   "%empty_210 = specchannel i32 @_ssdm_op_SpecChannel, void @arg1_poisson_kernel_stencil_out_subtile_stream_1_7_str, i32 1, void @p_str, void @p_str, i32 2, i32 2, i288 %arg1_poisson_kernel_stencil_out_subtile_stream_1_7, i288 %arg1_poisson_kernel_stencil_out_subtile_stream_1_7"   --->   Operation 552 'specchannel' 'empty_210' <Predicate = true> <Delay = 0.00>
ST_18 : Operation 553 [1/1] (0.00ns)   --->   "%specinterface_ln0 = specinterface void @_ssdm_op_SpecInterface, i288 %arg1_poisson_kernel_stencil_out_subtile_stream_1_7, void @empty_39, i32 0, i32 0, void @empty_5, i32 0, i32 0, void @empty_5, void @empty_5, void @empty_5, i32 0, i32 0, i32 0, i32 0, void @empty_5, void @empty_5, i32 4294967295, i32 0"   --->   Operation 553 'specinterface' 'specinterface_ln0' <Predicate = true> <Delay = 0.00>
ST_18 : Operation 554 [1/1] (0.00ns)   --->   "%empty_211 = specchannel i32 @_ssdm_op_SpecChannel, void @arg1_poisson_kernel_stencil_out_subtile_stream_2_0_str, i32 1, void @p_str, void @p_str, i32 2, i32 2, i288 %arg1_poisson_kernel_stencil_out_subtile_stream_2_0, i288 %arg1_poisson_kernel_stencil_out_subtile_stream_2_0"   --->   Operation 554 'specchannel' 'empty_211' <Predicate = true> <Delay = 0.00>
ST_18 : Operation 555 [1/1] (0.00ns)   --->   "%specinterface_ln0 = specinterface void @_ssdm_op_SpecInterface, i288 %arg1_poisson_kernel_stencil_out_subtile_stream_2_0, void @empty_39, i32 0, i32 0, void @empty_5, i32 0, i32 0, void @empty_5, void @empty_5, void @empty_5, i32 0, i32 0, i32 0, i32 0, void @empty_5, void @empty_5, i32 4294967295, i32 0"   --->   Operation 555 'specinterface' 'specinterface_ln0' <Predicate = true> <Delay = 0.00>
ST_18 : Operation 556 [1/1] (0.00ns)   --->   "%empty_212 = specchannel i32 @_ssdm_op_SpecChannel, void @arg1_poisson_kernel_stencil_out_subtile_stream_2_1_str, i32 1, void @p_str, void @p_str, i32 2, i32 2, i288 %arg1_poisson_kernel_stencil_out_subtile_stream_2_1, i288 %arg1_poisson_kernel_stencil_out_subtile_stream_2_1"   --->   Operation 556 'specchannel' 'empty_212' <Predicate = true> <Delay = 0.00>
ST_18 : Operation 557 [1/1] (0.00ns)   --->   "%specinterface_ln0 = specinterface void @_ssdm_op_SpecInterface, i288 %arg1_poisson_kernel_stencil_out_subtile_stream_2_1, void @empty_39, i32 0, i32 0, void @empty_5, i32 0, i32 0, void @empty_5, void @empty_5, void @empty_5, i32 0, i32 0, i32 0, i32 0, void @empty_5, void @empty_5, i32 4294967295, i32 0"   --->   Operation 557 'specinterface' 'specinterface_ln0' <Predicate = true> <Delay = 0.00>
ST_18 : Operation 558 [1/1] (0.00ns)   --->   "%empty_213 = specchannel i32 @_ssdm_op_SpecChannel, void @arg1_poisson_kernel_stencil_out_subtile_stream_2_2_str, i32 1, void @p_str, void @p_str, i32 2, i32 2, i288 %arg1_poisson_kernel_stencil_out_subtile_stream_2_2, i288 %arg1_poisson_kernel_stencil_out_subtile_stream_2_2"   --->   Operation 558 'specchannel' 'empty_213' <Predicate = true> <Delay = 0.00>
ST_18 : Operation 559 [1/1] (0.00ns)   --->   "%specinterface_ln0 = specinterface void @_ssdm_op_SpecInterface, i288 %arg1_poisson_kernel_stencil_out_subtile_stream_2_2, void @empty_39, i32 0, i32 0, void @empty_5, i32 0, i32 0, void @empty_5, void @empty_5, void @empty_5, i32 0, i32 0, i32 0, i32 0, void @empty_5, void @empty_5, i32 4294967295, i32 0"   --->   Operation 559 'specinterface' 'specinterface_ln0' <Predicate = true> <Delay = 0.00>
ST_18 : Operation 560 [1/1] (0.00ns)   --->   "%empty_214 = specchannel i32 @_ssdm_op_SpecChannel, void @arg1_poisson_kernel_stencil_out_subtile_stream_2_3_str, i32 1, void @p_str, void @p_str, i32 2, i32 2, i288 %arg1_poisson_kernel_stencil_out_subtile_stream_2_3, i288 %arg1_poisson_kernel_stencil_out_subtile_stream_2_3"   --->   Operation 560 'specchannel' 'empty_214' <Predicate = true> <Delay = 0.00>
ST_18 : Operation 561 [1/1] (0.00ns)   --->   "%specinterface_ln0 = specinterface void @_ssdm_op_SpecInterface, i288 %arg1_poisson_kernel_stencil_out_subtile_stream_2_3, void @empty_39, i32 0, i32 0, void @empty_5, i32 0, i32 0, void @empty_5, void @empty_5, void @empty_5, i32 0, i32 0, i32 0, i32 0, void @empty_5, void @empty_5, i32 4294967295, i32 0"   --->   Operation 561 'specinterface' 'specinterface_ln0' <Predicate = true> <Delay = 0.00>
ST_18 : Operation 562 [1/1] (0.00ns)   --->   "%empty_215 = specchannel i32 @_ssdm_op_SpecChannel, void @arg1_poisson_kernel_stencil_out_subtile_stream_2_4_str, i32 1, void @p_str, void @p_str, i32 2, i32 2, i288 %arg1_poisson_kernel_stencil_out_subtile_stream_2_4, i288 %arg1_poisson_kernel_stencil_out_subtile_stream_2_4"   --->   Operation 562 'specchannel' 'empty_215' <Predicate = true> <Delay = 0.00>
ST_18 : Operation 563 [1/1] (0.00ns)   --->   "%specinterface_ln0 = specinterface void @_ssdm_op_SpecInterface, i288 %arg1_poisson_kernel_stencil_out_subtile_stream_2_4, void @empty_39, i32 0, i32 0, void @empty_5, i32 0, i32 0, void @empty_5, void @empty_5, void @empty_5, i32 0, i32 0, i32 0, i32 0, void @empty_5, void @empty_5, i32 4294967295, i32 0"   --->   Operation 563 'specinterface' 'specinterface_ln0' <Predicate = true> <Delay = 0.00>
ST_18 : Operation 564 [1/1] (0.00ns)   --->   "%empty_216 = specchannel i32 @_ssdm_op_SpecChannel, void @arg1_poisson_kernel_stencil_out_subtile_stream_2_5_str, i32 1, void @p_str, void @p_str, i32 2, i32 2, i288 %arg1_poisson_kernel_stencil_out_subtile_stream_2_5, i288 %arg1_poisson_kernel_stencil_out_subtile_stream_2_5"   --->   Operation 564 'specchannel' 'empty_216' <Predicate = true> <Delay = 0.00>
ST_18 : Operation 565 [1/1] (0.00ns)   --->   "%specinterface_ln0 = specinterface void @_ssdm_op_SpecInterface, i288 %arg1_poisson_kernel_stencil_out_subtile_stream_2_5, void @empty_39, i32 0, i32 0, void @empty_5, i32 0, i32 0, void @empty_5, void @empty_5, void @empty_5, i32 0, i32 0, i32 0, i32 0, void @empty_5, void @empty_5, i32 4294967295, i32 0"   --->   Operation 565 'specinterface' 'specinterface_ln0' <Predicate = true> <Delay = 0.00>
ST_18 : Operation 566 [1/1] (0.00ns)   --->   "%empty_217 = specchannel i32 @_ssdm_op_SpecChannel, void @arg1_poisson_kernel_stencil_out_subtile_stream_2_6_str, i32 1, void @p_str, void @p_str, i32 2, i32 2, i288 %arg1_poisson_kernel_stencil_out_subtile_stream_2_6, i288 %arg1_poisson_kernel_stencil_out_subtile_stream_2_6"   --->   Operation 566 'specchannel' 'empty_217' <Predicate = true> <Delay = 0.00>
ST_18 : Operation 567 [1/1] (0.00ns)   --->   "%specinterface_ln0 = specinterface void @_ssdm_op_SpecInterface, i288 %arg1_poisson_kernel_stencil_out_subtile_stream_2_6, void @empty_39, i32 0, i32 0, void @empty_5, i32 0, i32 0, void @empty_5, void @empty_5, void @empty_5, i32 0, i32 0, i32 0, i32 0, void @empty_5, void @empty_5, i32 4294967295, i32 0"   --->   Operation 567 'specinterface' 'specinterface_ln0' <Predicate = true> <Delay = 0.00>
ST_18 : Operation 568 [1/1] (0.00ns)   --->   "%empty_218 = specchannel i32 @_ssdm_op_SpecChannel, void @arg1_poisson_kernel_stencil_out_subtile_stream_2_7_str, i32 1, void @p_str, void @p_str, i32 2, i32 2, i288 %arg1_poisson_kernel_stencil_out_subtile_stream_2_7, i288 %arg1_poisson_kernel_stencil_out_subtile_stream_2_7"   --->   Operation 568 'specchannel' 'empty_218' <Predicate = true> <Delay = 0.00>
ST_18 : Operation 569 [1/1] (0.00ns)   --->   "%specinterface_ln0 = specinterface void @_ssdm_op_SpecInterface, i288 %arg1_poisson_kernel_stencil_out_subtile_stream_2_7, void @empty_39, i32 0, i32 0, void @empty_5, i32 0, i32 0, void @empty_5, void @empty_5, void @empty_5, i32 0, i32 0, i32 0, i32 0, void @empty_5, void @empty_5, i32 4294967295, i32 0"   --->   Operation 569 'specinterface' 'specinterface_ln0' <Predicate = true> <Delay = 0.00>
ST_18 : Operation 570 [1/2] (0.00ns)   --->   "%call_ln240 = call void @stream2axis<256u>, i256 %arg0_arg1_streams_1_0, i256 %arg1_0_axis_out_V_data_V, i32 %arg1_0_axis_out_V_keep_V, i32 %arg1_0_axis_out_V_strb_V, i1 %arg1_0_axis_out_V_last_V, i29 %num_pkts_c141" [/home/x_thileeb/repos/ops-hls-batching-new/codegen_apps/tiling/poisson2d/u280_project/maxtile_8192_interleave_p8/hls/device/src/kernel_outerloop_0_2.cpp:240]   --->   Operation 570 'call' 'call_ln240' <Predicate = true> <Delay = 0.00> <CoreType = "Generic">   --->   Core 0 '' <Latency = 0> <II = 1> <Delay = 1.00> <Generic> <Opcode : >
ST_18 : Operation 571 [1/2] (0.00ns)   --->   "%call_ln241 = call void @stream2axis<256u>.17, i256 %arg0_arg1_streams_1_1, i256 %arg1_1_axis_out_V_data_V, i32 %arg1_1_axis_out_V_keep_V, i32 %arg1_1_axis_out_V_strb_V, i1 %arg1_1_axis_out_V_last_V, i29 %num_pkts_c140" [/home/x_thileeb/repos/ops-hls-batching-new/codegen_apps/tiling/poisson2d/u280_project/maxtile_8192_interleave_p8/hls/device/src/kernel_outerloop_0_2.cpp:241]   --->   Operation 571 'call' 'call_ln241' <Predicate = true> <Delay = 0.00> <CoreType = "Generic">   --->   Core 0 '' <Latency = 0> <II = 1> <Delay = 1.00> <Generic> <Opcode : >
ST_18 : Operation 572 [1/2] (0.00ns)   --->   "%call_ln242 = call void @stream2axis<256u>.18, i256 %arg0_arg1_streams_1_2, i256 %arg1_2_axis_out_V_data_V, i32 %arg1_2_axis_out_V_keep_V, i32 %arg1_2_axis_out_V_strb_V, i1 %arg1_2_axis_out_V_last_V, i29 %num_pkts_c139" [/home/x_thileeb/repos/ops-hls-batching-new/codegen_apps/tiling/poisson2d/u280_project/maxtile_8192_interleave_p8/hls/device/src/kernel_outerloop_0_2.cpp:242]   --->   Operation 572 'call' 'call_ln242' <Predicate = true> <Delay = 0.00> <CoreType = "Generic">   --->   Core 0 '' <Latency = 0> <II = 1> <Delay = 1.00> <Generic> <Opcode : >
ST_18 : Operation 573 [1/2] (0.00ns)   --->   "%call_ln243 = call void @stream2axis<256u>.19, i256 %arg0_arg1_streams_1_3, i256 %arg1_3_axis_out_V_data_V, i32 %arg1_3_axis_out_V_keep_V, i32 %arg1_3_axis_out_V_strb_V, i1 %arg1_3_axis_out_V_last_V, i29 %num_pkts_c138" [/home/x_thileeb/repos/ops-hls-batching-new/codegen_apps/tiling/poisson2d/u280_project/maxtile_8192_interleave_p8/hls/device/src/kernel_outerloop_0_2.cpp:243]   --->   Operation 573 'call' 'call_ln243' <Predicate = true> <Delay = 0.00> <CoreType = "Generic">   --->   Core 0 '' <Latency = 0> <II = 1> <Delay = 1.00> <Generic> <Opcode : >
ST_18 : Operation 574 [1/2] (0.00ns)   --->   "%call_ln244 = call void @stream2axis<256u>.20, i256 %arg0_arg1_streams_1_4, i256 %arg1_4_axis_out_V_data_V, i32 %arg1_4_axis_out_V_keep_V, i32 %arg1_4_axis_out_V_strb_V, i1 %arg1_4_axis_out_V_last_V, i29 %num_pkts_c137" [/home/x_thileeb/repos/ops-hls-batching-new/codegen_apps/tiling/poisson2d/u280_project/maxtile_8192_interleave_p8/hls/device/src/kernel_outerloop_0_2.cpp:244]   --->   Operation 574 'call' 'call_ln244' <Predicate = true> <Delay = 0.00> <CoreType = "Generic">   --->   Core 0 '' <Latency = 0> <II = 1> <Delay = 1.00> <Generic> <Opcode : >
ST_18 : Operation 575 [1/2] (0.00ns)   --->   "%call_ln245 = call void @stream2axis<256u>.21, i256 %arg0_arg1_streams_1_5, i256 %arg1_5_axis_out_V_data_V, i32 %arg1_5_axis_out_V_keep_V, i32 %arg1_5_axis_out_V_strb_V, i1 %arg1_5_axis_out_V_last_V, i29 %num_pkts_c136" [/home/x_thileeb/repos/ops-hls-batching-new/codegen_apps/tiling/poisson2d/u280_project/maxtile_8192_interleave_p8/hls/device/src/kernel_outerloop_0_2.cpp:245]   --->   Operation 575 'call' 'call_ln245' <Predicate = true> <Delay = 0.00> <CoreType = "Generic">   --->   Core 0 '' <Latency = 0> <II = 1> <Delay = 1.00> <Generic> <Opcode : >
ST_18 : Operation 576 [1/2] (0.00ns)   --->   "%call_ln246 = call void @stream2axis<256u>.22, i256 %arg0_arg1_streams_1_6, i256 %arg1_6_axis_out_V_data_V, i32 %arg1_6_axis_out_V_keep_V, i32 %arg1_6_axis_out_V_strb_V, i1 %arg1_6_axis_out_V_last_V, i29 %num_pkts_c135" [/home/x_thileeb/repos/ops-hls-batching-new/codegen_apps/tiling/poisson2d/u280_project/maxtile_8192_interleave_p8/hls/device/src/kernel_outerloop_0_2.cpp:246]   --->   Operation 576 'call' 'call_ln246' <Predicate = true> <Delay = 0.00> <CoreType = "Generic">   --->   Core 0 '' <Latency = 0> <II = 1> <Delay = 1.00> <Generic> <Opcode : >
ST_18 : Operation 577 [1/2] (0.00ns)   --->   "%call_ln247 = call void @stream2axis<256u>.23, i256 %arg0_arg1_streams_1_7, i256 %arg1_7_axis_out_V_data_V, i32 %arg1_7_axis_out_V_keep_V, i32 %arg1_7_axis_out_V_strb_V, i1 %arg1_7_axis_out_V_last_V, i29 %num_pkts_c" [/home/x_thileeb/repos/ops-hls-batching-new/codegen_apps/tiling/poisson2d/u280_project/maxtile_8192_interleave_p8/hls/device/src/kernel_outerloop_0_2.cpp:247]   --->   Operation 577 'call' 'call_ln247' <Predicate = true> <Delay = 0.00> <CoreType = "Generic">   --->   Core 0 '' <Latency = 0> <II = 1> <Delay = 1.00> <Generic> <Opcode : >
ST_18 : Operation 578 [1/1] (0.00ns)   --->   "%ret_ln249 = ret" [/home/x_thileeb/repos/ops-hls-batching-new/codegen_apps/tiling/poisson2d/u280_project/maxtile_8192_interleave_p8/hls/device/src/kernel_outerloop_0_2.cpp:249]   --->   Operation 578 'ret' 'ret_ln249' <Predicate = true> <Delay = 0.00>


============================================================
+ Verbose Summary: Timing violations
============================================================
Target clock period: 3.33ns, clock uncertainty: 0.9ns.

 <State 1>: 1.22ns
The critical path consists of the following:
	wire read operation ('p_read613') on port 'p_read6' [74]  (0 ns)
	'call' operation ('call_ln0') to 'entry_proc' [567]  (1.22 ns)

 <State 2>: 0ns
The critical path consists of the following:

 <State 3>: 0ns
The critical path consists of the following:

 <State 4>: 0ns
The critical path consists of the following:

 <State 5>: 0ns
The critical path consists of the following:

 <State 6>: 0ns
The critical path consists of the following:

 <State 7>: 0ns
The critical path consists of the following:

 <State 8>: 0ns
The critical path consists of the following:

 <State 9>: 0ns
The critical path consists of the following:

 <State 10>: 0ns
The critical path consists of the following:

 <State 11>: 0ns
The critical path consists of the following:

 <State 12>: 0ns
The critical path consists of the following:

 <State 13>: 0ns
The critical path consists of the following:

 <State 14>: 0ns
The critical path consists of the following:

 <State 15>: 0ns
The critical path consists of the following:

 <State 16>: 0ns
The critical path consists of the following:

 <State 17>: 0ns
The critical path consists of the following:

 <State 18>: 0ns
The critical path consists of the following:


============================================================
+ Verbose Summary: Binding
============================================================
N/A
* FSMD analyzer results:
  - Output states:
 - Input state : 
  - Chain level:
	State 1
	State 2
	State 3
	State 4
	State 5
	State 6
	State 7
	State 8
	State 9
	State 10
	State 11
	State 12
	State 13
	State 14
	State 15
	State 16
	State 17
	State 18


============================================================
+ Verbose Summary: Datapath Resource usage 
============================================================
N/A
