
*** Running vitis_hls
    with args -f kernel_outerloop_0_0.tcl -messageDb vitis_hls.pb


****** Vitis HLS - High-Level Synthesis from C, C++ and OpenCL v2022.2 (64-bit)
  **** SW Build 3670227 on Oct 13 2022
  **** IP Build 3669848 on Fri Oct 14 08:30:02 MDT 2022
    ** Copyright 1986-2022 Xilinx, Inc. All Rights Reserved.

source /tools/Xilinx/Vitis_HLS/2022.2/scripts/vitis_hls/hls.tcl -notrace
INFO: [HLS 200-10] Running '/tools/Xilinx/Vitis_HLS/2022.2/bin/unwrapped/lnx64.o/vitis_hls'
INFO: [HLS 200-10] For user 'x_thileeb' on host 'acclnode01' (Linux_x86_64 version 5.15.0-139-generic) on Thu Aug 13 05:34:11 +03 2026
INFO: [HLS 200-10] On os Ubuntu 20.04.6 LTS
INFO: [HLS 200-10] In directory '/home/x_thileeb/repos/ops-hls-batching-new/codegen_apps/tiling/poisson2d/u280_project/maxtile_8192_unalign_interleave_p7/hls/build/hw/temp_dir/kernel_outerloop_0_0/kernel_outerloop_0_0'
WARNING: [HLS 200-40] Environment variable 'C_INCLUDE_PATH' is set to /home/x_thileeb/repos/ops-hls-batching-new/OPS/source_files/../opsc/include/:/tools/Xilinx/Vitis/2022.2/include/:/tools/Xilinx/Vivado/2022.2/include/:/tools/Xilinx/Vitis_HLS/2022.2/include/.
WARNING: [HLS 200-40] Environment variable 'CPLUS_INCLUDE_PATH' is set to /home/x_thileeb/repos/ops-hls-batching-new/OPS/source_files/../opsc/include/:/tools/Xilinx/Vitis/2022.2/include/:/tools/Xilinx/Vivado/2022.2/include/:/tools/Xilinx/Vitis_HLS/2022.2/include/.
Sourcing Tcl script 'kernel_outerloop_0_0.tcl'
INFO: [HLS 200-1510] Running: open_project kernel_outerloop_0_0 
INFO: [HLS 200-10] Creating and opening project '/home/x_thileeb/repos/ops-hls-batching-new/codegen_apps/tiling/poisson2d/u280_project/maxtile_8192_unalign_interleave_p7/hls/build/hw/temp_dir/kernel_outerloop_0_0/kernel_outerloop_0_0/kernel_outerloop_0_0'.
INFO: [HLS 200-1510] Running: set_top kernel_outerloop_0_0 
INFO: [HLS 200-1510] Running: add_files /home/x_thileeb/repos/ops-hls-batching-new/codegen_apps/tiling/poisson2d/u280_project/maxtile_8192_unalign_interleave_p7/hls/device/src/kernel_outerloop_0_0.cpp -cflags  -D OPS_TILING -D OPS_MAXTILESIZE_X=8192 -D OPS_HLS_TILE_BANKS=8 -D OPS_HLS_TILE_INTERLEAVE -I /home/x_thileeb/repos/ops-hls-batching-new/OPS/ops/hls/include/device -I /home/x_thileeb/repos/ops-hls-batching-new/OPS/ops/hls/L1/include -I /home/x_thileeb/repos/ops-hls-batching-new/codegen_apps/tiling/poisson2d/u280_project/maxtile_8192_unalign_interleave_p7/hls/device/include 
INFO: [HLS 200-10] Adding design file '/home/x_thileeb/repos/ops-hls-batching-new/codegen_apps/tiling/poisson2d/u280_project/maxtile_8192_unalign_interleave_p7/hls/device/src/kernel_outerloop_0_0.cpp' to the project
INFO: [HLS 200-1510] Running: open_solution -flow_target vitis solution 
INFO: [HLS 200-10] Creating and opening solution '/home/x_thileeb/repos/ops-hls-batching-new/codegen_apps/tiling/poisson2d/u280_project/maxtile_8192_unalign_interleave_p7/hls/build/hw/temp_dir/kernel_outerloop_0_0/kernel_outerloop_0_0/kernel_outerloop_0_0/solution'.
INFO: [HLS 200-1505] Using flow_target 'vitis'
Resolution: For help on HLS 200-1505 see www.xilinx.com/cgi-bin/docs/rdoc?v=2022.2;t=hls+guidance;d=200-1505.html
INFO: [HLS 200-435] Setting 'open_solution -flow_target vitis' configuration: config_interface -m_axi_latency=64
INFO: [HLS 200-435] Setting 'open_solution -flow_target vitis' configuration: config_interface -m_axi_alignment_byte_size=64
INFO: [HLS 200-435] Setting 'open_solution -flow_target vitis' configuration: config_interface -m_axi_max_widen_bitwidth=512
INFO: [HLS 200-435] Setting 'open_solution -flow_target vitis' configuration: config_rtl -register_reset_num=3
INFO: [HLS 200-1510] Running: set_part xcu280-fsvh2892-2L-e 
INFO: [HLS 200-1611] Setting target device to 'xcu280-fsvh2892-2L-e'
INFO: [HLS 200-1510] Running: create_clock -period 300.000000MHz -name default 
INFO: [SYN 201-201] Setting up clock 'default' with a period of 3.333ns.
INFO: [HLS 200-1510] Running: config_dataflow -strict_mode warning 
INFO: [HLS 200-1510] Running: config_export -deadlock_detection sim 
WARNING: [HLS 200-483] The 'config_export -deadlock_detection' command is deprecated and will be removed in a future release. Use 'config_rtl -deadlock_detection' as its replacement.
INFO: [HLS 200-1907] Replacing 'config_export -deadlock_detection=sim' with 'config_rtl -deadlock_detection=sim' in current solution file
INFO: [HLS 200-1510] Running: config_interface -m_axi_conservative_mode=1 
INFO: [HLS 200-1510] Running: config_interface -m_axi_addr64 
INFO: [HLS 200-1510] Running: config_interface -m_axi_auto_max_ports=0 
INFO: [HLS 200-1510] Running: config_export -format xo -ipname kernel_outerloop_0_0 
INFO: [HLS 200-1907] Replacing 'config_export -deadlock_detection=sim' with 'config_rtl -deadlock_detection=sim' in current solution file
INFO: [HLS 200-1510] Running: csynth_design 
INFO: [HLS 200-111] Finished File checks and directory preparation: CPU user time: 0.01 seconds. CPU system time: 0 seconds. Elapsed time: 0.01 seconds; current allocated memory: 754.250 MB.
INFO: [HLS 200-10] Analyzing design file '/home/x_thileeb/repos/ops-hls-batching-new/codegen_apps/tiling/poisson2d/u280_project/maxtile_8192_unalign_interleave_p7/hls/device/src/kernel_outerloop_0_0.cpp' ... 
WARNING: [HLS 207-4785] attribute 'deprecated' is ignored, place it after "struct" to apply attribute to type declaration (/home/x_thileeb/repos/ops-hls-batching-new/OPS/ops/hls/include/device/../../common/include/ops_hls_defs.hpp:117:16)
WARNING: [HLS 207-5548] missing argument for 'max' (/home/x_thileeb/repos/ops-hls-batching-new/OPS/ops/hls/include/device/../../L1/include/ops_hls_datamover.hpp:261:9)
WARNING: [HLS 207-5548] missing argument for 'max' (/home/x_thileeb/repos/ops-hls-batching-new/OPS/ops/hls/include/device/../../L1/include/ops_hls_datamover.hpp:392:9)
WARNING: [HLS 207-5548] missing argument for 'max' (/home/x_thileeb/repos/ops-hls-batching-new/OPS/ops/hls/include/device/../../L1/include/ops_hls_datamover.hpp:7997:9)
WARNING: [HLS 207-5548] missing argument for 'max' (/home/x_thileeb/repos/ops-hls-batching-new/OPS/ops/hls/include/device/../../L1/include/ops_hls_datamover.hpp:8620:9)
WARNING: [HLS 207-4949] logical not is only applied to the left hand side of this comparison (/home/x_thileeb/repos/ops-hls-batching-new/OPS/ops/hls/include/device/../../L1/include/ops_hls_datamover.hpp:8725:80)
INFO: [HLS 207-4281] add parentheses after the '!' to evaluate the comparison first (/home/x_thileeb/repos/ops-hls-batching-new/OPS/ops/hls/include/device/../../L1/include/ops_hls_datamover.hpp:8725:80)
INFO: [HLS 207-4282] add parentheses around left hand side expression to silence this warning (/home/x_thileeb/repos/ops-hls-batching-new/OPS/ops/hls/include/device/../../L1/include/ops_hls_datamover.hpp:8725:80)
WARNING: [HLS 207-4949] logical not is only applied to the left hand side of this comparison (/home/x_thileeb/repos/ops-hls-batching-new/OPS/ops/hls/include/device/../../L1/include/ops_hls_datamover.hpp:8996:80)
INFO: [HLS 207-4281] add parentheses after the '!' to evaluate the comparison first (/home/x_thileeb/repos/ops-hls-batching-new/OPS/ops/hls/include/device/../../L1/include/ops_hls_datamover.hpp:8996:80)
INFO: [HLS 207-4282] add parentheses around left hand side expression to silence this warning (/home/x_thileeb/repos/ops-hls-batching-new/OPS/ops/hls/include/device/../../L1/include/ops_hls_datamover.hpp:8996:80)
WARNING: [HLS 207-4794] 'stream2interleave<256, 32, 8, 1>' is deprecated (/home/x_thileeb/repos/ops-hls-batching-new/codegen_apps/tiling/poisson2d/u280_project/maxtile_8192_unalign_interleave_p7/hls/device/src/kernel_outerloop_0_0.cpp:124:23)
INFO: [HLS 207-4119] 'stream2interleave<256, 32, 8, 1>' has been explicitly marked deprecated here (/home/x_thileeb/repos/ops-hls-batching-new/OPS/ops/hls/include/device/../../L1/include/ops_hls_datamover.hpp:1431:16)
WARNING: [HLS 207-4794] 'interleave2stream<256, 32, 8, 1>' is deprecated (/home/x_thileeb/repos/ops-hls-batching-new/codegen_apps/tiling/poisson2d/u280_project/maxtile_8192_unalign_interleave_p7/hls/device/src/kernel_outerloop_0_0.cpp:161:15)
INFO: [HLS 207-4119] 'interleave2stream<256, 32, 8, 1>' has been explicitly marked deprecated here (/home/x_thileeb/repos/ops-hls-batching-new/OPS/ops/hls/include/device/../../L1/include/ops_hls_datamover.hpp:1572:16)
WARNING: [HLS 207-5292] unused parameter 'size' (/home/x_thileeb/repos/ops-hls-batching-new/OPS/ops/hls/include/device/../../L1/include/ops_hls_datamover.hpp:220:20)
WARNING: [HLS 207-5292] unused parameter 'size' (/home/x_thileeb/repos/ops-hls-batching-new/OPS/ops/hls/include/device/../../L1/include/ops_hls_datamover.hpp:349:20)
WARNING: [HLS 207-5292] unused parameter 'is_small_tile' (/home/x_thileeb/repos/ops-hls-batching-new/OPS/ops/hls/include/device/../../L1/include/ops_hls_stencil_core_v2.hpp:265:173)
WARNING: [HLS 207-5292] unused parameter 'slr_region' (/home/x_thileeb/repos/ops-hls-batching-new/codegen_apps/tiling/poisson2d/u280_project/maxtile_8192_unalign_interleave_p7/hls/device/src/kernel_outerloop_0_0.cpp:74:69)
INFO: [HLS 200-111] Finished Source Code Analysis and Preprocessing: CPU user time: 7.16 seconds. CPU system time: 1.14 seconds. Elapsed time: 8.51 seconds; current allocated memory: 766.121 MB.
INFO: [HLS 200-777] Using interface defaults for 'Vitis' flow target.
INFO: [HLS 214-377] Adding 'stencilConfig' into disaggregation list because there's array-partition pragma applied on the struct field (/home/x_thileeb/repos/ops-hls-batching-new/codegen_apps/tiling/poisson2d/u280_project/maxtile_8192_unalign_interleave_p7/hls/device/include/PE_poisson_kernel_stencil.hpp:102:9)
INFO: [HLS 214-377] Adding 'stencilConfig' into disaggregation list because there's array-partition pragma applied on the struct field (/home/x_thileeb/repos/ops-hls-batching-new/codegen_apps/tiling/poisson2d/u280_project/maxtile_8192_unalign_interleave_p7/hls/device/include/PE_poisson_kernel_stencil.hpp:101:9)
INFO: [HLS 214-377] Adding 'stencilConfig' into disaggregation list because there's array-partition pragma applied on the struct field (/home/x_thileeb/repos/ops-hls-batching-new/codegen_apps/tiling/poisson2d/u280_project/maxtile_8192_unalign_interleave_p7/hls/device/include/PE_poisson_kernel_stencil.hpp:99:9)
INFO: [HLS 214-210] Disaggregating variable 'stencilConfig' (/home/x_thileeb/repos/ops-hls-batching-new/codegen_apps/tiling/poisson2d/u280_project/maxtile_8192_unalign_interleave_p7/hls/device/include/PE_poisson_kernel_stencil.hpp:98:49)
Resolution: For help on HLS 214-210 see www.xilinx.com/cgi-bin/docs/rdoc?v=2022.2;t=hls+guidance;d=214-210.html
INFO: [HLS 214-291] Loop 'VITIS_LOOP_1601_2' is marked as complete unroll implied by the pipeline pragma (/home/x_thileeb/repos/ops-hls-batching-new/OPS/ops/hls/include/device/../../L1/include/ops_hls_datamover.hpp:1601:21)
INFO: [HLS 214-291] Loop 'VITIS_LOOP_1621_3' is marked as complete unroll implied by the pipeline pragma (/home/x_thileeb/repos/ops-hls-batching-new/OPS/ops/hls/include/device/../../L1/include/ops_hls_datamover.hpp:1621:22)
INFO: [HLS 214-291] Loop 'VITIS_LOOP_1628_4' is marked as complete unroll implied by the pipeline pragma (/home/x_thileeb/repos/ops-hls-batching-new/OPS/ops/hls/include/device/../../L1/include/ops_hls_datamover.hpp:1628:22)
INFO: [HLS 214-291] Loop 'vec2arr' is marked as complete unroll implied by the pipeline pragma (/home/x_thileeb/repos/ops-hls-batching-new/codegen_apps/tiling/poisson2d/u280_project/maxtile_8192_unalign_interleave_p7/hls/device/include/PE_poisson_kernel_stencil.hpp:357:26)
INFO: [HLS 214-291] Loop 'process' is marked as complete unroll implied by the pipeline pragma (/home/x_thileeb/repos/ops-hls-batching-new/codegen_apps/tiling/poisson2d/u280_project/maxtile_8192_unalign_interleave_p7/hls/device/include/PE_poisson_kernel_stencil.hpp:384:26)
INFO: [HLS 214-291] Loop 'anonymous' is marked as complete unroll implied by the pipeline pragma (/home/x_thileeb/repos/ops-hls-batching-new/OPS/ops/hls/include/device/../../L1/include/ops_hls_datamover.hpp:1474:27)
INFO: [HLS 214-291] Loop 'VITIS_LOOP_1478_2' is marked as complete unroll implied by the pipeline pragma (/home/x_thileeb/repos/ops-hls-batching-new/OPS/ops/hls/include/device/../../L1/include/ops_hls_datamover.hpp:1478:23)
INFO: [HLS 214-291] Loop 'VITIS_LOOP_1499_3' is marked as complete unroll implied by the pipeline pragma (/home/x_thileeb/repos/ops-hls-batching-new/OPS/ops/hls/include/device/../../L1/include/ops_hls_datamover.hpp:1499:22)
INFO: [HLS 214-291] Loop 'anonymous' is marked as complete unroll implied by the pipeline pragma (/home/x_thileeb/repos/ops-hls-batching-new/OPS/ops/hls/include/device/../../L1/include/ops_hls_datamover.hpp:1507:31)
INFO: [HLS 214-291] Loop 'VITIS_LOOP_1512_4' is marked as complete unroll implied by the pipeline pragma (/home/x_thileeb/repos/ops-hls-batching-new/OPS/ops/hls/include/device/../../L1/include/ops_hls_datamover.hpp:1512:23)
INFO: [HLS 214-291] Loop 'VITIS_LOOP_1531_5' is marked as complete unroll implied by the pipeline pragma (/home/x_thileeb/repos/ops-hls-batching-new/OPS/ops/hls/include/device/../../L1/include/ops_hls_datamover.hpp:1531:23)
INFO: [HLS 214-186] Unrolling loop 'VITIS_LOOP_1601_2' (/home/x_thileeb/repos/ops-hls-batching-new/OPS/ops/hls/include/device/../../L1/include/ops_hls_datamover.hpp:1601:21) in function 'ops::hls::interleave2stream<(unsigned short)256, (unsigned short)32, (unsigned short)8, (unsigned short)1>' completely with a factor of 8 (/home/x_thileeb/repos/ops-hls-batching-new/OPS/ops/hls/include/device/../../L1/include/ops_hls_datamover.hpp:1573:0)
INFO: [HLS 214-186] Unrolling loop 'VITIS_LOOP_1621_3' (/home/x_thileeb/repos/ops-hls-batching-new/OPS/ops/hls/include/device/../../L1/include/ops_hls_datamover.hpp:1621:22) in function 'ops::hls::interleave2stream<(unsigned short)256, (unsigned short)32, (unsigned short)8, (unsigned short)1>' completely with a factor of 4 (/home/x_thileeb/repos/ops-hls-batching-new/OPS/ops/hls/include/device/../../L1/include/ops_hls_datamover.hpp:1573:0)
INFO: [HLS 214-186] Unrolling loop 'VITIS_LOOP_1628_4' (/home/x_thileeb/repos/ops-hls-batching-new/OPS/ops/hls/include/device/../../L1/include/ops_hls_datamover.hpp:1628:22) in function 'ops::hls::interleave2stream<(unsigned short)256, (unsigned short)32, (unsigned short)8, (unsigned short)1>' completely with a factor of 8 (/home/x_thileeb/repos/ops-hls-batching-new/OPS/ops/hls/include/device/../../L1/include/ops_hls_datamover.hpp:1573:0)
INFO: [HLS 214-186] Unrolling loop 'vec2arr' (/home/x_thileeb/repos/ops-hls-batching-new/codegen_apps/tiling/poisson2d/u280_project/maxtile_8192_unalign_interleave_p7/hls/device/include/PE_poisson_kernel_stencil.hpp:357:26) in function 'Stencil_poisson_kernel_stencil<(unsigned short)4, (unsigned short)3>::stencilRun' completely with a factor of 18 (/home/x_thileeb/repos/ops-hls-batching-new/codegen_apps/tiling/poisson2d/u280_project/maxtile_8192_unalign_interleave_p7/hls/device/include/PE_poisson_kernel_stencil.hpp:97:0)
INFO: [HLS 214-186] Unrolling loop 'process' (/home/x_thileeb/repos/ops-hls-batching-new/codegen_apps/tiling/poisson2d/u280_project/maxtile_8192_unalign_interleave_p7/hls/device/include/PE_poisson_kernel_stencil.hpp:384:26) in function 'Stencil_poisson_kernel_stencil<(unsigned short)4, (unsigned short)3>::stencilRun' completely with a factor of 16 (/home/x_thileeb/repos/ops-hls-batching-new/codegen_apps/tiling/poisson2d/u280_project/maxtile_8192_unalign_interleave_p7/hls/device/include/PE_poisson_kernel_stencil.hpp:97:0)
INFO: [HLS 214-186] Unrolling loop 'vec2arr' (/home/x_thileeb/repos/ops-hls-batching-new/codegen_apps/tiling/poisson2d/u280_project/maxtile_8192_unalign_interleave_p7/hls/device/include/PE_poisson_kernel_stencil.hpp:357:26) in function 'Stencil_poisson_kernel_stencil<(unsigned short)4, (unsigned short)2>::stencilRun' completely with a factor of 18 (/home/x_thileeb/repos/ops-hls-batching-new/codegen_apps/tiling/poisson2d/u280_project/maxtile_8192_unalign_interleave_p7/hls/device/include/PE_poisson_kernel_stencil.hpp:97:0)
INFO: [HLS 214-186] Unrolling loop 'process' (/home/x_thileeb/repos/ops-hls-batching-new/codegen_apps/tiling/poisson2d/u280_project/maxtile_8192_unalign_interleave_p7/hls/device/include/PE_poisson_kernel_stencil.hpp:384:26) in function 'Stencil_poisson_kernel_stencil<(unsigned short)4, (unsigned short)2>::stencilRun' completely with a factor of 16 (/home/x_thileeb/repos/ops-hls-batching-new/codegen_apps/tiling/poisson2d/u280_project/maxtile_8192_unalign_interleave_p7/hls/device/include/PE_poisson_kernel_stencil.hpp:97:0)
INFO: [HLS 214-186] Unrolling loop 'vec2arr' (/home/x_thileeb/repos/ops-hls-batching-new/codegen_apps/tiling/poisson2d/u280_project/maxtile_8192_unalign_interleave_p7/hls/device/include/PE_poisson_kernel_stencil.hpp:357:26) in function 'Stencil_poisson_kernel_stencil<(unsigned short)4, (unsigned short)1>::stencilRun' completely with a factor of 18 (/home/x_thileeb/repos/ops-hls-batching-new/codegen_apps/tiling/poisson2d/u280_project/maxtile_8192_unalign_interleave_p7/hls/device/include/PE_poisson_kernel_stencil.hpp:97:0)
INFO: [HLS 214-186] Unrolling loop 'process' (/home/x_thileeb/repos/ops-hls-batching-new/codegen_apps/tiling/poisson2d/u280_project/maxtile_8192_unalign_interleave_p7/hls/device/include/PE_poisson_kernel_stencil.hpp:384:26) in function 'Stencil_poisson_kernel_stencil<(unsigned short)4, (unsigned short)1>::stencilRun' completely with a factor of 16 (/home/x_thileeb/repos/ops-hls-batching-new/codegen_apps/tiling/poisson2d/u280_project/maxtile_8192_unalign_interleave_p7/hls/device/include/PE_poisson_kernel_stencil.hpp:97:0)
INFO: [HLS 214-186] Unrolling loop 'vec2arr' (/home/x_thileeb/repos/ops-hls-batching-new/codegen_apps/tiling/poisson2d/u280_project/maxtile_8192_unalign_interleave_p7/hls/device/include/PE_poisson_kernel_stencil.hpp:357:26) in function 'Stencil_poisson_kernel_stencil<(unsigned short)4, (unsigned short)0>::stencilRun' completely with a factor of 18 (/home/x_thileeb/repos/ops-hls-batching-new/codegen_apps/tiling/poisson2d/u280_project/maxtile_8192_unalign_interleave_p7/hls/device/include/PE_poisson_kernel_stencil.hpp:97:0)
INFO: [HLS 214-186] Unrolling loop 'process' (/home/x_thileeb/repos/ops-hls-batching-new/codegen_apps/tiling/poisson2d/u280_project/maxtile_8192_unalign_interleave_p7/hls/device/include/PE_poisson_kernel_stencil.hpp:384:26) in function 'Stencil_poisson_kernel_stencil<(unsigned short)4, (unsigned short)0>::stencilRun' completely with a factor of 16 (/home/x_thileeb/repos/ops-hls-batching-new/codegen_apps/tiling/poisson2d/u280_project/maxtile_8192_unalign_interleave_p7/hls/device/include/PE_poisson_kernel_stencil.hpp:97:0)
INFO: [HLS 214-186] Unrolling loop 'anonymous' (/home/x_thileeb/repos/ops-hls-batching-new/OPS/ops/hls/include/device/../../L1/include/ops_hls_datamover.hpp:1474:27) in function 'ops::hls::stream2interleave<(unsigned short)256, (unsigned short)32, (unsigned short)8, (unsigned short)1>' completely with a factor of 8 (/home/x_thileeb/repos/ops-hls-batching-new/OPS/ops/hls/include/device/../../L1/include/ops_hls_datamover.hpp:1432:0)
INFO: [HLS 214-186] Unrolling loop 'VITIS_LOOP_1478_2' (/home/x_thileeb/repos/ops-hls-batching-new/OPS/ops/hls/include/device/../../L1/include/ops_hls_datamover.hpp:1478:23) in function 'ops::hls::stream2interleave<(unsigned short)256, (unsigned short)32, (unsigned short)8, (unsigned short)1>' completely with a factor of 8 (/home/x_thileeb/repos/ops-hls-batching-new/OPS/ops/hls/include/device/../../L1/include/ops_hls_datamover.hpp:1432:0)
INFO: [HLS 214-186] Unrolling loop 'VITIS_LOOP_1499_3' (/home/x_thileeb/repos/ops-hls-batching-new/OPS/ops/hls/include/device/../../L1/include/ops_hls_datamover.hpp:1499:22) in function 'ops::hls::stream2interleave<(unsigned short)256, (unsigned short)32, (unsigned short)8, (unsigned short)1>' completely with a factor of 8 (/home/x_thileeb/repos/ops-hls-batching-new/OPS/ops/hls/include/device/../../L1/include/ops_hls_datamover.hpp:1432:0)
INFO: [HLS 214-186] Unrolling loop 'anonymous' (/home/x_thileeb/repos/ops-hls-batching-new/OPS/ops/hls/include/device/../../L1/include/ops_hls_datamover.hpp:1507:31) in function 'ops::hls::stream2interleave<(unsigned short)256, (unsigned short)32, (unsigned short)8, (unsigned short)1>' completely with a factor of 8 (/home/x_thileeb/repos/ops-hls-batching-new/OPS/ops/hls/include/device/../../L1/include/ops_hls_datamover.hpp:1432:0)
INFO: [HLS 214-186] Unrolling loop 'VITIS_LOOP_1512_4' (/home/x_thileeb/repos/ops-hls-batching-new/OPS/ops/hls/include/device/../../L1/include/ops_hls_datamover.hpp:1512:23) in function 'ops::hls::stream2interleave<(unsigned short)256, (unsigned short)32, (unsigned short)8, (unsigned short)1>' completely with a factor of 4 (/home/x_thileeb/repos/ops-hls-batching-new/OPS/ops/hls/include/device/../../L1/include/ops_hls_datamover.hpp:1432:0)
INFO: [HLS 214-186] Unrolling loop 'VITIS_LOOP_1531_5' (/home/x_thileeb/repos/ops-hls-batching-new/OPS/ops/hls/include/device/../../L1/include/ops_hls_datamover.hpp:1531:23) in function 'ops::hls::stream2interleave<(unsigned short)256, (unsigned short)32, (unsigned short)8, (unsigned short)1>' completely with a factor of 8 (/home/x_thileeb/repos/ops-hls-batching-new/OPS/ops/hls/include/device/../../L1/include/ops_hls_datamover.hpp:1432:0)
INFO: [HLS 214-178] Inlining function 'fp_struct<float>::fp_struct(float)' into 'int generic_isnan<float>(float)' (/wrk/ci/prod/2022.2/hls_product/continuous/608/2022.2/src/shared/hls/clib/hlsmath/include/FloatingPoint/hls_isnan.h:16:0)
INFO: [HLS 214-178] Inlining function 'fp_struct<float>::data() const (.57.67.76.87.96.107.116.127.136.147)' into 'fp_struct<float>::to_float() const (.54.64.73.84.93.104.113.124.133.144)' (/wrk/ci/prod/2022.2/hls_product/continuous/608/2022.2/src/shared/hls/clib/src/hls/utils/x_hls_utils.h:351:0)
INFO: [HLS 214-178] Inlining function 'fp_struct<float>::to_float() const (.54.64.73.84.93.104.113.124.133.144)' into 'fp_struct<float>::to_ieee() const' (/wrk/ci/prod/2022.2/hls_product/continuous/608/2022.2/src/shared/hls/clib/src/hls/utils/x_hls_utils.h:375:0)
INFO: [HLS 214-178] Inlining function 'fp_struct<float>::fp_struct(float)' into 'float generic_copysign<float>(float, float)' (/wrk/ci/prod/2022.2/hls_product/continuous/608/2022.2/src/shared/hls/clib/hlsmath/include/FloatingPoint/hls_copysign.h:10:0)
INFO: [HLS 214-178] Inlining function 'fp_struct<float>::to_ieee() const' into 'float generic_copysign<float>(float, float)' (/wrk/ci/prod/2022.2/hls_product/continuous/608/2022.2/src/shared/hls/clib/hlsmath/include/FloatingPoint/hls_copysign.h:10:0)
INFO: [HLS 214-178] Inlining function 'fp_struct<float>::fp_struct(float)' into 'float generic_ldexp<float>(float, int)' (/wrk/ci/prod/2022.2/hls_product/continuous/608/2022.2/src/shared/hls/clib/hlsmath/include/FloatingPoint/hls_ldexp.h:13:0)
INFO: [HLS 214-178] Inlining function 'int generic_isnan<float>(float)' into 'float generic_ldexp<float>(float, int)' (/wrk/ci/prod/2022.2/hls_product/continuous/608/2022.2/src/shared/hls/clib/hlsmath/include/FloatingPoint/hls_ldexp.h:13:0)
INFO: [HLS 214-178] Inlining function 'float generic_copysign<float>(float, float)' into 'float generic_ldexp<float>(float, int)' (/wrk/ci/prod/2022.2/hls_product/continuous/608/2022.2/src/shared/hls/clib/hlsmath/include/FloatingPoint/hls_ldexp.h:13:0)
INFO: [HLS 214-178] Inlining function 'fp_struct<float>::to_ieee() const' into 'float generic_ldexp<float>(float, int)' (/wrk/ci/prod/2022.2/hls_product/continuous/608/2022.2/src/shared/hls/clib/hlsmath/include/FloatingPoint/hls_ldexp.h:13:0)
INFO: [HLS 214-178] Inlining function 'ldexpf' into 'kernel_poisson_kernel_stencil_core(float const&, float const&, float const&, float const&, float const&, float&)' (/home/x_thileeb/repos/ops-hls-batching-new/codegen_apps/tiling/poisson2d/u280_project/maxtile_8192_unalign_interleave_p7/hls/device/include/PE_poisson_kernel_stencil.hpp:57:0)
INFO: [HLS 214-178] Inlining function 'ops::hls::StencilCoreV2<float, (unsigned short)5, (unsigned short)16, (ops::hls::CoefTypes)0, (unsigned short)3, (unsigned short)2, true>::setConfig(short const&, ops::hls::StencilConfigCoreSingleTile const&)' into 'void kernel_poisson_kernel_stencil_PE<(unsigned short)4, (unsigned short)0>(unsigned short const&, unsigned short const&, ops::hls::StencilConfigCoreSingleTile const&, hls::stream<ap_uint<288>, 0>&, hls::stream<ap_uint<288>, 0>&, hls::stream<ap_uint<288>, 0>&, hls::stream<ap_uint<288>, 0>&)' (/home/x_thileeb/repos/ops-hls-batching-new/codegen_apps/tiling/poisson2d/u280_project/maxtile_8192_unalign_interleave_p7/hls/device/include/PE_poisson_kernel_stencil.hpp:478:0)
INFO: [HLS 214-178] Inlining function 'ops::hls::StencilCoreV2<float, (unsigned short)5, (unsigned short)16, (ops::hls::CoefTypes)0, (unsigned short)3, (unsigned short)2, true>::setConfig(short const&, ops::hls::StencilConfigCoreSingleTile const&)' into 'void kernel_poisson_kernel_stencil_PE<(unsigned short)4, (unsigned short)1>(unsigned short const&, unsigned short const&, ops::hls::StencilConfigCoreSingleTile const&, hls::stream<ap_uint<288>, 0>&, hls::stream<ap_uint<288>, 0>&, hls::stream<ap_uint<288>, 0>&, hls::stream<ap_uint<288>, 0>&)' (/home/x_thileeb/repos/ops-hls-batching-new/codegen_apps/tiling/poisson2d/u280_project/maxtile_8192_unalign_interleave_p7/hls/device/include/PE_poisson_kernel_stencil.hpp:478:0)
INFO: [HLS 214-178] Inlining function 'ops::hls::StencilCoreV2<float, (unsigned short)5, (unsigned short)16, (ops::hls::CoefTypes)0, (unsigned short)3, (unsigned short)2, true>::setConfig(short const&, ops::hls::StencilConfigCoreSingleTile const&)' into 'void kernel_poisson_kernel_stencil_PE<(unsigned short)4, (unsigned short)2>(unsigned short const&, unsigned short const&, ops::hls::StencilConfigCoreSingleTile const&, hls::stream<ap_uint<288>, 0>&, hls::stream<ap_uint<288>, 0>&, hls::stream<ap_uint<288>, 0>&, hls::stream<ap_uint<288>, 0>&)' (/home/x_thileeb/repos/ops-hls-batching-new/codegen_apps/tiling/poisson2d/u280_project/maxtile_8192_unalign_interleave_p7/hls/device/include/PE_poisson_kernel_stencil.hpp:478:0)
INFO: [HLS 214-178] Inlining function 'ops::hls::StencilCoreV2<float, (unsigned short)5, (unsigned short)16, (ops::hls::CoefTypes)0, (unsigned short)3, (unsigned short)2, true>::setConfig(short const&, ops::hls::StencilConfigCoreSingleTile const&)' into 'void kernel_poisson_kernel_stencil_PE<(unsigned short)4, (unsigned short)3>(unsigned short const&, unsigned short const&, ops::hls::StencilConfigCoreSingleTile const&, hls::stream<ap_uint<288>, 0>&, hls::stream<ap_uint<288>, 0>&, hls::stream<ap_uint<288>, 0>&, hls::stream<ap_uint<288>, 0>&)' (/home/x_thileeb/repos/ops-hls-batching-new/codegen_apps/tiling/poisson2d/u280_project/maxtile_8192_unalign_interleave_p7/hls/device/include/PE_poisson_kernel_stencil.hpp:478:0)
INFO: [HLS 214-178] Inlining function 'kernel_outerloop_0_main_region(unsigned short, unsigned int, ops::hls::StencilConfigCoreTiled const&, hls::stream<hls::axis<ap_uint<256>, 0ul, 0ul, 0ul>, 0>&, hls::stream<hls::axis<ap_uint<256>, 0ul, 0ul, 0ul>, 0>&, hls::stream<hls::axis<ap_uint<256>, 0ul, 0ul, 0ul>, 0>&, hls::stream<hls::axis<ap_uint<256>, 0ul, 0ul, 0ul>, 0>&, hls::stream<hls::axis<ap_uint<256>, 0ul, 0ul, 0ul>, 0>&, hls::stream<hls::axis<ap_uint<256>, 0ul, 0ul, 0ul>, 0>&, hls::stream<hls::axis<ap_uint<256>, 0ul, 0ul, 0ul>, 0>&, hls::stream<hls::axis<ap_uint<256>, 0ul, 0ul, 0ul>, 0>&, hls::stream<hls::axis<ap_uint<256>, 0ul, 0ul, 0ul>, 0>&, hls::stream<hls::axis<ap_uint<256>, 0ul, 0ul, 0ul>, 0>&, hls::stream<hls::axis<ap_uint<256>, 0ul, 0ul, 0ul>, 0>&, hls::stream<hls::axis<ap_uint<256>, 0ul, 0ul, 0ul>, 0>&, hls::stream<hls::axis<ap_uint<256>, 0ul, 0ul, 0ul>, 0>&, hls::stream<hls::axis<ap_uint<256>, 0ul, 0ul, 0ul>, 0>&, hls::stream<hls::axis<ap_uint<256>, 0ul, 0ul, 0ul>, 0>&, hls::stream<hls::axis<ap_uint<256>, 0ul, 0ul, 0ul>, 0>&)' into 'kernel_outerloop_0_0' (/home/x_thileeb/repos/ops-hls-batching-new/codegen_apps/tiling/poisson2d/u280_project/maxtile_8192_unalign_interleave_p7/hls/device/src/kernel_outerloop_0_0.cpp:318:0)
INFO: [HLS 214-248] Applying array_partition to 'tmp': Complete partitioning on dimension 1. (/home/x_thileeb/repos/ops-hls-batching-new/OPS/ops/hls/include/device/../../L1/include/ops_hls_datamover.hpp:1474:27)
INFO: [HLS 214-248] Applying array_partition to 'arg0_rowArr_0_0': Complete partitioning on dimension 1. (/home/x_thileeb/repos/ops-hls-batching-new/codegen_apps/tiling/poisson2d/u280_project/maxtile_8192_unalign_interleave_p7/hls/device/include/PE_poisson_kernel_stencil.hpp:216:15)
INFO: [HLS 214-248] Applying array_partition to 'arg0_rowArr_1_0': Complete partitioning on dimension 1. (/home/x_thileeb/repos/ops-hls-batching-new/codegen_apps/tiling/poisson2d/u280_project/maxtile_8192_unalign_interleave_p7/hls/device/include/PE_poisson_kernel_stencil.hpp:218:15)
INFO: [HLS 214-248] Applying array_partition to 'arg0_rowArr_2_0': Complete partitioning on dimension 1. (/home/x_thileeb/repos/ops-hls-batching-new/codegen_apps/tiling/poisson2d/u280_project/maxtile_8192_unalign_interleave_p7/hls/device/include/PE_poisson_kernel_stencil.hpp:220:15)
INFO: [HLS 214-248] Applying array_partition to 'arg0_arg1_streams': Complete partitioning on dimension 1. Complete partitioning on dimension 2. (/home/x_thileeb/repos/ops-hls-batching-new/codegen_apps/tiling/poisson2d/u280_project/maxtile_8192_unalign_interleave_p7/hls/device/src/kernel_outerloop_0_0.cpp:94:42)
INFO: [HLS 214-248] Applying array_partition to 'arg0_poisson_kernel_stencil_in_subtile_stream': Complete partitioning on dimension 1. Complete partitioning on dimension 2. (/home/x_thileeb/repos/ops-hls-batching-new/codegen_apps/tiling/poisson2d/u280_project/maxtile_8192_unalign_interleave_p7/hls/device/src/kernel_outerloop_0_0.cpp:102:72)
INFO: [HLS 214-248] Applying array_partition to 'arg1_poisson_kernel_stencil_out_subtile_stream': Complete partitioning on dimension 1. Complete partitioning on dimension 2. (/home/x_thileeb/repos/ops-hls-batching-new/codegen_apps/tiling/poisson2d/u280_project/maxtile_8192_unalign_interleave_p7/hls/device/src/kernel_outerloop_0_0.cpp:106:72)
INFO: [HLS 214-241] Aggregating fifo (hls::stream) variable 'arg0_arg1_streams_0_0' with compact=bit mode in 256-bits (/home/x_thileeb/repos/ops-hls-batching-new/codegen_apps/tiling/poisson2d/u280_project/maxtile_8192_unalign_interleave_p7/hls/device/src/kernel_outerloop_0_0.cpp:94:42)
INFO: [HLS 214-241] Aggregating fifo (hls::stream) variable 'arg0_arg1_streams_0_1' with compact=bit mode in 256-bits (/home/x_thileeb/repos/ops-hls-batching-new/codegen_apps/tiling/poisson2d/u280_project/maxtile_8192_unalign_interleave_p7/hls/device/src/kernel_outerloop_0_0.cpp:94:42)
INFO: [HLS 214-241] Aggregating fifo (hls::stream) variable 'arg0_arg1_streams_0_2' with compact=bit mode in 256-bits (/home/x_thileeb/repos/ops-hls-batching-new/codegen_apps/tiling/poisson2d/u280_project/maxtile_8192_unalign_interleave_p7/hls/device/src/kernel_outerloop_0_0.cpp:94:42)
INFO: [HLS 214-241] Aggregating fifo (hls::stream) variable 'arg0_arg1_streams_0_3' with compact=bit mode in 256-bits (/home/x_thileeb/repos/ops-hls-batching-new/codegen_apps/tiling/poisson2d/u280_project/maxtile_8192_unalign_interleave_p7/hls/device/src/kernel_outerloop_0_0.cpp:94:42)
INFO: [HLS 214-241] Aggregating fifo (hls::stream) variable 'arg0_arg1_streams_0_4' with compact=bit mode in 256-bits (/home/x_thileeb/repos/ops-hls-batching-new/codegen_apps/tiling/poisson2d/u280_project/maxtile_8192_unalign_interleave_p7/hls/device/src/kernel_outerloop_0_0.cpp:94:42)
INFO: [HLS 214-241] Aggregating fifo (hls::stream) variable 'arg0_arg1_streams_0_5' with compact=bit mode in 256-bits (/home/x_thileeb/repos/ops-hls-batching-new/codegen_apps/tiling/poisson2d/u280_project/maxtile_8192_unalign_interleave_p7/hls/device/src/kernel_outerloop_0_0.cpp:94:42)
INFO: [HLS 214-241] Aggregating fifo (hls::stream) variable 'arg0_arg1_streams_0_6' with compact=bit mode in 256-bits (/home/x_thileeb/repos/ops-hls-batching-new/codegen_apps/tiling/poisson2d/u280_project/maxtile_8192_unalign_interleave_p7/hls/device/src/kernel_outerloop_0_0.cpp:94:42)
INFO: [HLS 214-241] Aggregating fifo (hls::stream) variable 'arg0_arg1_streams_0_7' with compact=bit mode in 256-bits (/home/x_thileeb/repos/ops-hls-batching-new/codegen_apps/tiling/poisson2d/u280_project/maxtile_8192_unalign_interleave_p7/hls/device/src/kernel_outerloop_0_0.cpp:94:42)
INFO: [HLS 214-241] Aggregating fifo (hls::stream) variable 'arg0_arg1_streams_1_0' with compact=bit mode in 256-bits (/home/x_thileeb/repos/ops-hls-batching-new/codegen_apps/tiling/poisson2d/u280_project/maxtile_8192_unalign_interleave_p7/hls/device/src/kernel_outerloop_0_0.cpp:94:42)
INFO: [HLS 214-241] Aggregating fifo (hls::stream) variable 'arg0_arg1_streams_1_1' with compact=bit mode in 256-bits (/home/x_thileeb/repos/ops-hls-batching-new/codegen_apps/tiling/poisson2d/u280_project/maxtile_8192_unalign_interleave_p7/hls/device/src/kernel_outerloop_0_0.cpp:94:42)
INFO: [HLS 214-241] Aggregating fifo (hls::stream) variable 'arg0_arg1_streams_1_2' with compact=bit mode in 256-bits (/home/x_thileeb/repos/ops-hls-batching-new/codegen_apps/tiling/poisson2d/u280_project/maxtile_8192_unalign_interleave_p7/hls/device/src/kernel_outerloop_0_0.cpp:94:42)
INFO: [HLS 214-241] Aggregating fifo (hls::stream) variable 'arg0_arg1_streams_1_3' with compact=bit mode in 256-bits (/home/x_thileeb/repos/ops-hls-batching-new/codegen_apps/tiling/poisson2d/u280_project/maxtile_8192_unalign_interleave_p7/hls/device/src/kernel_outerloop_0_0.cpp:94:42)
INFO: [HLS 214-241] Aggregating fifo (hls::stream) variable 'arg0_arg1_streams_1_4' with compact=bit mode in 256-bits (/home/x_thileeb/repos/ops-hls-batching-new/codegen_apps/tiling/poisson2d/u280_project/maxtile_8192_unalign_interleave_p7/hls/device/src/kernel_outerloop_0_0.cpp:94:42)
INFO: [HLS 214-241] Aggregating fifo (hls::stream) variable 'arg0_arg1_streams_1_5' with compact=bit mode in 256-bits (/home/x_thileeb/repos/ops-hls-batching-new/codegen_apps/tiling/poisson2d/u280_project/maxtile_8192_unalign_interleave_p7/hls/device/src/kernel_outerloop_0_0.cpp:94:42)
INFO: [HLS 214-241] Aggregating fifo (hls::stream) variable 'arg0_arg1_streams_1_6' with compact=bit mode in 256-bits (/home/x_thileeb/repos/ops-hls-batching-new/codegen_apps/tiling/poisson2d/u280_project/maxtile_8192_unalign_interleave_p7/hls/device/src/kernel_outerloop_0_0.cpp:94:42)
INFO: [HLS 214-241] Aggregating fifo (hls::stream) variable 'arg0_arg1_streams_1_7' with compact=bit mode in 256-bits (/home/x_thileeb/repos/ops-hls-batching-new/codegen_apps/tiling/poisson2d/u280_project/maxtile_8192_unalign_interleave_p7/hls/device/src/kernel_outerloop_0_0.cpp:94:42)
INFO: [HLS 214-241] Aggregating fifo (hls::stream) variable 'arg0_poisson_kernel_stencil_in_subtile_stream_0' with compact=bit mode in 288-bits (/home/x_thileeb/repos/ops-hls-batching-new/codegen_apps/tiling/poisson2d/u280_project/maxtile_8192_unalign_interleave_p7/hls/device/src/kernel_outerloop_0_0.cpp:102:72)
INFO: [HLS 214-241] Aggregating fifo (hls::stream) variable 'arg0_poisson_kernel_stencil_in_subtile_stream_1' with compact=bit mode in 288-bits (/home/x_thileeb/repos/ops-hls-batching-new/codegen_apps/tiling/poisson2d/u280_project/maxtile_8192_unalign_interleave_p7/hls/device/src/kernel_outerloop_0_0.cpp:102:72)
INFO: [HLS 214-241] Aggregating fifo (hls::stream) variable 'arg0_poisson_kernel_stencil_in_subtile_stream_2' with compact=bit mode in 288-bits (/home/x_thileeb/repos/ops-hls-batching-new/codegen_apps/tiling/poisson2d/u280_project/maxtile_8192_unalign_interleave_p7/hls/device/src/kernel_outerloop_0_0.cpp:102:72)
INFO: [HLS 214-241] Aggregating fifo (hls::stream) variable 'arg0_poisson_kernel_stencil_in_subtile_stream_3' with compact=bit mode in 288-bits (/home/x_thileeb/repos/ops-hls-batching-new/codegen_apps/tiling/poisson2d/u280_project/maxtile_8192_unalign_interleave_p7/hls/device/src/kernel_outerloop_0_0.cpp:102:72)
INFO: [HLS 214-241] Aggregating fifo (hls::stream) variable 'arg0_poisson_kernel_stencil_in_subtile_stream_4' with compact=bit mode in 288-bits (/home/x_thileeb/repos/ops-hls-batching-new/codegen_apps/tiling/poisson2d/u280_project/maxtile_8192_unalign_interleave_p7/hls/device/src/kernel_outerloop_0_0.cpp:102:72)
INFO: [HLS 214-241] Aggregating fifo (hls::stream) variable 'arg0_poisson_kernel_stencil_in_subtile_stream_5' with compact=bit mode in 288-bits (/home/x_thileeb/repos/ops-hls-batching-new/codegen_apps/tiling/poisson2d/u280_project/maxtile_8192_unalign_interleave_p7/hls/device/src/kernel_outerloop_0_0.cpp:102:72)
INFO: [HLS 214-241] Aggregating fifo (hls::stream) variable 'arg0_poisson_kernel_stencil_in_subtile_stream_6' with compact=bit mode in 288-bits (/home/x_thileeb/repos/ops-hls-batching-new/codegen_apps/tiling/poisson2d/u280_project/maxtile_8192_unalign_interleave_p7/hls/device/src/kernel_outerloop_0_0.cpp:102:72)
INFO: [HLS 214-241] Aggregating fifo (hls::stream) variable 'arg0_poisson_kernel_stencil_in_subtile_stream_7' with compact=bit mode in 288-bits (/home/x_thileeb/repos/ops-hls-batching-new/codegen_apps/tiling/poisson2d/u280_project/maxtile_8192_unalign_interleave_p7/hls/device/src/kernel_outerloop_0_0.cpp:102:72)
INFO: [HLS 214-241] Aggregating fifo (hls::stream) variable 'arg1_poisson_kernel_stencil_out_subtile_stream_0' with compact=bit mode in 288-bits (/home/x_thileeb/repos/ops-hls-batching-new/codegen_apps/tiling/poisson2d/u280_project/maxtile_8192_unalign_interleave_p7/hls/device/src/kernel_outerloop_0_0.cpp:106:72)
INFO: [HLS 214-241] Aggregating fifo (hls::stream) variable 'arg1_poisson_kernel_stencil_out_subtile_stream_1' with compact=bit mode in 288-bits (/home/x_thileeb/repos/ops-hls-batching-new/codegen_apps/tiling/poisson2d/u280_project/maxtile_8192_unalign_interleave_p7/hls/device/src/kernel_outerloop_0_0.cpp:106:72)
INFO: [HLS 214-241] Aggregating fifo (hls::stream) variable 'arg1_poisson_kernel_stencil_out_subtile_stream_2' with compact=bit mode in 288-bits (/home/x_thileeb/repos/ops-hls-batching-new/codegen_apps/tiling/poisson2d/u280_project/maxtile_8192_unalign_interleave_p7/hls/device/src/kernel_outerloop_0_0.cpp:106:72)
INFO: [HLS 214-241] Aggregating fifo (hls::stream) variable 'arg1_poisson_kernel_stencil_out_subtile_stream_3' with compact=bit mode in 288-bits (/home/x_thileeb/repos/ops-hls-batching-new/codegen_apps/tiling/poisson2d/u280_project/maxtile_8192_unalign_interleave_p7/hls/device/src/kernel_outerloop_0_0.cpp:106:72)
INFO: [HLS 214-241] Aggregating fifo (hls::stream) variable 'arg1_poisson_kernel_stencil_out_subtile_stream_4' with compact=bit mode in 288-bits (/home/x_thileeb/repos/ops-hls-batching-new/codegen_apps/tiling/poisson2d/u280_project/maxtile_8192_unalign_interleave_p7/hls/device/src/kernel_outerloop_0_0.cpp:106:72)
INFO: [HLS 214-241] Aggregating fifo (hls::stream) variable 'arg1_poisson_kernel_stencil_out_subtile_stream_5' with compact=bit mode in 288-bits (/home/x_thileeb/repos/ops-hls-batching-new/codegen_apps/tiling/poisson2d/u280_project/maxtile_8192_unalign_interleave_p7/hls/device/src/kernel_outerloop_0_0.cpp:106:72)
INFO: [HLS 214-241] Aggregating fifo (hls::stream) variable 'arg1_poisson_kernel_stencil_out_subtile_stream_6' with compact=bit mode in 288-bits (/home/x_thileeb/repos/ops-hls-batching-new/codegen_apps/tiling/poisson2d/u280_project/maxtile_8192_unalign_interleave_p7/hls/device/src/kernel_outerloop_0_0.cpp:106:72)
INFO: [HLS 214-241] Aggregating fifo (hls::stream) variable 'arg1_poisson_kernel_stencil_out_subtile_stream_7' with compact=bit mode in 288-bits (/home/x_thileeb/repos/ops-hls-batching-new/codegen_apps/tiling/poisson2d/u280_project/maxtile_8192_unalign_interleave_p7/hls/device/src/kernel_outerloop_0_0.cpp:106:72)
INFO: [HLS 214-364] Automatically inlining function 'kernel_poisson_kernel_stencil_core(float const&, float const&, float const&, float const&, float const&, float&)' to improve effectiveness of pipeline pragma in function 'Stencil_poisson_kernel_stencil<(unsigned short)4, (unsigned short)3>::stencilRun(hls::stream<ap_uint<288>, 0>&, hls::stream<ap_uint<288>, 0>&, hls::stream<ap_uint<288>, 0>&, hls::stream<ap_uint<288>, 0>&)' (/home/x_thileeb/repos/ops-hls-batching-new/codegen_apps/tiling/poisson2d/u280_project/maxtile_8192_unalign_interleave_p7/hls/device/include/PE_poisson_kernel_stencil.hpp:403:21)
INFO: [HLS 214-364] Automatically inlining function 'kernel_poisson_kernel_stencil_core(float const&, float const&, float const&, float const&, float const&, float&)' to improve effectiveness of pipeline pragma in function 'Stencil_poisson_kernel_stencil<(unsigned short)4, (unsigned short)2>::stencilRun(hls::stream<ap_uint<288>, 0>&, hls::stream<ap_uint<288>, 0>&, hls::stream<ap_uint<288>, 0>&, hls::stream<ap_uint<288>, 0>&)' (/home/x_thileeb/repos/ops-hls-batching-new/codegen_apps/tiling/poisson2d/u280_project/maxtile_8192_unalign_interleave_p7/hls/device/include/PE_poisson_kernel_stencil.hpp:403:21)
INFO: [HLS 214-364] Automatically inlining function 'kernel_poisson_kernel_stencil_core(float const&, float const&, float const&, float const&, float const&, float&)' to improve effectiveness of pipeline pragma in function 'Stencil_poisson_kernel_stencil<(unsigned short)4, (unsigned short)1>::stencilRun(hls::stream<ap_uint<288>, 0>&, hls::stream<ap_uint<288>, 0>&, hls::stream<ap_uint<288>, 0>&, hls::stream<ap_uint<288>, 0>&)' (/home/x_thileeb/repos/ops-hls-batching-new/codegen_apps/tiling/poisson2d/u280_project/maxtile_8192_unalign_interleave_p7/hls/device/include/PE_poisson_kernel_stencil.hpp:403:21)
INFO: [HLS 214-364] Automatically inlining function 'kernel_poisson_kernel_stencil_core(float const&, float const&, float const&, float const&, float const&, float&)' to improve effectiveness of pipeline pragma in function 'Stencil_poisson_kernel_stencil<(unsigned short)4, (unsigned short)0>::stencilRun(hls::stream<ap_uint<288>, 0>&, hls::stream<ap_uint<288>, 0>&, hls::stream<ap_uint<288>, 0>&, hls::stream<ap_uint<288>, 0>&)' (/home/x_thileeb/repos/ops-hls-batching-new/codegen_apps/tiling/poisson2d/u280_project/maxtile_8192_unalign_interleave_p7/hls/device/include/PE_poisson_kernel_stencil.hpp:403:21)
INFO: [HLS 200-111] Finished Compiling Optimization and Transform: CPU user time: 5.59 seconds. CPU system time: 1.68 seconds. Elapsed time: 7.63 seconds; current allocated memory: 766.766 MB.
INFO: [HLS 200-111] Finished Checking Pragmas: CPU user time: 0 seconds. CPU system time: 0 seconds. Elapsed time: 0 seconds; current allocated memory: 766.766 MB.
INFO: [HLS 200-10] Starting code transformations ...
INFO: [HLS 200-111] Finished Standard Transforms: CPU user time: 0.24 seconds. CPU system time: 0.05 seconds. Elapsed time: 0.31 seconds; current allocated memory: 818.301 MB.
INFO: [HLS 200-10] Checking synthesizability ...
INFO: [HLS 200-111] Finished Checking Synthesizability: CPU user time: 0.49 seconds. CPU system time: 0.07 seconds. Elapsed time: 0.58 seconds; current allocated memory: 893.434 MB.
INFO: [XFORM 203-102] Partitioning array 'stencil.m_stencilConfig.tile_size' (/home/x_thileeb/repos/ops-hls-batching-new/codegen_apps/tiling/poisson2d/u280_project/maxtile_8192_unalign_interleave_p7/hls/device/include/PE_poisson_kernel_stencil.hpp:480) automatically.
INFO: [XFORM 203-102] Partitioning array 'stencil.m_stencilConfig.is_first' (/home/x_thileeb/repos/ops-hls-batching-new/codegen_apps/tiling/poisson2d/u280_project/maxtile_8192_unalign_interleave_p7/hls/device/include/PE_poisson_kernel_stencil.hpp:480) automatically.
INFO: [XFORM 203-102] Partitioning array 'stencil.m_stencilConfig.is_last' (/home/x_thileeb/repos/ops-hls-batching-new/codegen_apps/tiling/poisson2d/u280_project/maxtile_8192_unalign_interleave_p7/hls/device/include/PE_poisson_kernel_stencil.hpp:480) automatically.
INFO: [XFORM 203-102] Partitioning array 'stencil.m_stencilConfig.tile_size' (/home/x_thileeb/repos/ops-hls-batching-new/codegen_apps/tiling/poisson2d/u280_project/maxtile_8192_unalign_interleave_p7/hls/device/include/PE_poisson_kernel_stencil.hpp:480) automatically.
INFO: [XFORM 203-102] Partitioning array 'stencil.m_stencilConfig.is_last' (/home/x_thileeb/repos/ops-hls-batching-new/codegen_apps/tiling/poisson2d/u280_project/maxtile_8192_unalign_interleave_p7/hls/device/include/PE_poisson_kernel_stencil.hpp:480) automatically.
INFO: [XFORM 203-102] Partitioning array 'stencil.m_stencilConfig.tile_size' (/home/x_thileeb/repos/ops-hls-batching-new/codegen_apps/tiling/poisson2d/u280_project/maxtile_8192_unalign_interleave_p7/hls/device/include/PE_poisson_kernel_stencil.hpp:480) automatically.
INFO: [XFORM 203-102] Partitioning array 'stencil.m_stencilConfig.is_last' (/home/x_thileeb/repos/ops-hls-batching-new/codegen_apps/tiling/poisson2d/u280_project/maxtile_8192_unalign_interleave_p7/hls/device/include/PE_poisson_kernel_stencil.hpp:480) automatically.
INFO: [XFORM 203-102] Partitioning array 'stencil.m_stencilConfig.tile_size' (/home/x_thileeb/repos/ops-hls-batching-new/codegen_apps/tiling/poisson2d/u280_project/maxtile_8192_unalign_interleave_p7/hls/device/include/PE_poisson_kernel_stencil.hpp:480) automatically.
INFO: [XFORM 203-102] Partitioning array 'stencil.m_stencilConfig.is_last' (/home/x_thileeb/repos/ops-hls-batching-new/codegen_apps/tiling/poisson2d/u280_project/maxtile_8192_unalign_interleave_p7/hls/device/include/PE_poisson_kernel_stencil.hpp:480) automatically.
INFO: [XFORM 203-102] Partitioning array 'tileConfig.tile_size' (/home/x_thileeb/repos/ops-hls-batching-new/codegen_apps/tiling/poisson2d/u280_project/maxtile_8192_unalign_interleave_p7/hls/device/src/kernel_outerloop_0_0.cpp:223) automatically.
INFO: [XFORM 203-102] Partitioning array 'tileConfig.is_first' (/home/x_thileeb/repos/ops-hls-batching-new/codegen_apps/tiling/poisson2d/u280_project/maxtile_8192_unalign_interleave_p7/hls/device/src/kernel_outerloop_0_0.cpp:223) automatically.
INFO: [XFORM 203-102] Partitioning array 'tileConfig.is_last' (/home/x_thileeb/repos/ops-hls-batching-new/codegen_apps/tiling/poisson2d/u280_project/maxtile_8192_unalign_interleave_p7/hls/device/src/kernel_outerloop_0_0.cpp:223) automatically.
WARNING: [HLS 200-805] An internal stream 'arg0_poisson_kernel_stencil_in_subtile_stream_0' with default size can result in deadlock. Please consider resizing the stream using the directive 'set_directive_stream' or the 'HLS stream' pragma.
WARNING: [HLS 200-805] An internal stream 'arg0_poisson_kernel_stencil_in_subtile_stream_1' with default size can result in deadlock. Please consider resizing the stream using the directive 'set_directive_stream' or the 'HLS stream' pragma.
WARNING: [HLS 200-805] An internal stream 'arg0_poisson_kernel_stencil_in_subtile_stream_2' with default size can result in deadlock. Please consider resizing the stream using the directive 'set_directive_stream' or the 'HLS stream' pragma.
WARNING: [HLS 200-805] An internal stream 'arg0_poisson_kernel_stencil_in_subtile_stream_3' with default size can result in deadlock. Please consider resizing the stream using the directive 'set_directive_stream' or the 'HLS stream' pragma.
WARNING: [HLS 200-805] An internal stream 'arg0_poisson_kernel_stencil_in_subtile_stream_4' with default size can result in deadlock. Please consider resizing the stream using the directive 'set_directive_stream' or the 'HLS stream' pragma.
WARNING: [HLS 200-805] An internal stream 'arg0_poisson_kernel_stencil_in_subtile_stream_5' with default size can result in deadlock. Please consider resizing the stream using the directive 'set_directive_stream' or the 'HLS stream' pragma.
WARNING: [HLS 200-805] An internal stream 'arg0_poisson_kernel_stencil_in_subtile_stream_6' with default size can result in deadlock. Please consider resizing the stream using the directive 'set_directive_stream' or the 'HLS stream' pragma.
WARNING: [HLS 200-805] An internal stream 'arg0_poisson_kernel_stencil_in_subtile_stream_7' with default size can result in deadlock. Please consider resizing the stream using the directive 'set_directive_stream' or the 'HLS stream' pragma.
WARNING: [HLS 200-805] An internal stream 'arg1_poisson_kernel_stencil_out_subtile_stream_0' with default size can result in deadlock. Please consider resizing the stream using the directive 'set_directive_stream' or the 'HLS stream' pragma.
WARNING: [HLS 200-805] An internal stream 'arg1_poisson_kernel_stencil_out_subtile_stream_1' with default size can result in deadlock. Please consider resizing the stream using the directive 'set_directive_stream' or the 'HLS stream' pragma.
WARNING: [HLS 200-805] An internal stream 'arg1_poisson_kernel_stencil_out_subtile_stream_2' with default size can result in deadlock. Please consider resizing the stream using the directive 'set_directive_stream' or the 'HLS stream' pragma.
WARNING: [HLS 200-805] An internal stream 'arg1_poisson_kernel_stencil_out_subtile_stream_3' with default size can result in deadlock. Please consider resizing the stream using the directive 'set_directive_stream' or the 'HLS stream' pragma.
WARNING: [HLS 200-805] An internal stream 'arg1_poisson_kernel_stencil_out_subtile_stream_4' with default size can result in deadlock. Please consider resizing the stream using the directive 'set_directive_stream' or the 'HLS stream' pragma.
WARNING: [HLS 200-805] An internal stream 'arg1_poisson_kernel_stencil_out_subtile_stream_5' with default size can result in deadlock. Please consider resizing the stream using the directive 'set_directive_stream' or the 'HLS stream' pragma.
WARNING: [HLS 200-805] An internal stream 'arg1_poisson_kernel_stencil_out_subtile_stream_6' with default size can result in deadlock. Please consider resizing the stream using the directive 'set_directive_stream' or the 'HLS stream' pragma.
WARNING: [HLS 200-805] An internal stream 'arg1_poisson_kernel_stencil_out_subtile_stream_7' with default size can result in deadlock. Please consider resizing the stream using the directive 'set_directive_stream' or the 'HLS stream' pragma.
INFO: [XFORM 203-712] Applying dataflow to function 'kernel_outerloop_0_dataflow_region' (/home/x_thileeb/repos/ops-hls-batching-new/codegen_apps/tiling/poisson2d/u280_project/maxtile_8192_unalign_interleave_p7/hls/device/src/kernel_outerloop_0_0.cpp:97:1), detected/extracted 23 process function(s): 
	 'entry_proc'
	 'ops::hls::axis2stream<256u>'
	 'ops::hls::axis2stream<256u>.1'
	 'ops::hls::axis2stream<256u>.2'
	 'ops::hls::axis2stream<256u>.3'
	 'ops::hls::axis2stream<256u>.4'
	 'ops::hls::axis2stream<256u>.5'
	 'ops::hls::axis2stream<256u>.6'
	 'ops::hls::axis2stream<256u>.7'
	 'ops::hls::stream2interleave<(unsigned short)256, (unsigned short)32, (unsigned short)8, (unsigned short)1>'
	 'kernel_poisson_kernel_stencil_PE<(unsigned short)4, (unsigned short)0>'
	 'kernel_poisson_kernel_stencil_PE<(unsigned short)4, (unsigned short)1>'
	 'kernel_poisson_kernel_stencil_PE<(unsigned short)4, (unsigned short)2>'
	 'kernel_poisson_kernel_stencil_PE<(unsigned short)4, (unsigned short)3>'
	 'ops::hls::interleave2stream<(unsigned short)256, (unsigned short)32, (unsigned short)8, (unsigned short)1>'
	 'ops::hls::stream2axis<256u>'
	 'ops::hls::stream2axis<256u>.8'
	 'ops::hls::stream2axis<256u>.9'
	 'ops::hls::stream2axis<256u>.10'
	 'ops::hls::stream2axis<256u>.11'
	 'ops::hls::stream2axis<256u>.12'
	 'ops::hls::stream2axis<256u>.13'
	 'ops::hls::stream2axis<256u>.14'.
INFO: [XFORM 203-401] Performing if-conversion on hyperblock from (/home/x_thileeb/repos/ops-hls-batching-new/codegen_apps/tiling/poisson2d/u280_project/maxtile_8192_unalign_interleave_p7/hls/device/src/kernel_outerloop_0_0.cpp:195:20) to (/home/x_thileeb/repos/ops-hls-batching-new/codegen_apps/tiling/poisson2d/u280_project/maxtile_8192_unalign_interleave_p7/hls/device/src/kernel_outerloop_0_0.cpp:200:27) in function 'kernel_outerloop_0_0'... converting 3 basic blocks.
INFO: [XFORM 203-401] Performing if-conversion on hyperblock to (/wrk/ci/prod/2022.2/hls_product/continuous/608/2022.2/src/shared/hls/clib/hlsmath/include/FloatingPoint/hls_ldexp.h:33:1) in function 'generic_ldexp<float>'... converting 5 basic blocks.
INFO: [XFORM 203-401] Performing if-conversion on hyperblock from (/home/x_thileeb/repos/ops-hls-batching-new/codegen_apps/tiling/poisson2d/u280_project/maxtile_8192_unalign_interleave_p7/hls/device/include/PE_poisson_kernel_stencil.hpp:291:50) to (/home/x_thileeb/repos/ops-hls-batching-new/codegen_apps/tiling/poisson2d/u280_project/maxtile_8192_unalign_interleave_p7/hls/device/include/PE_poisson_kernel_stencil.hpp:444:25) in function 'Stencil_poisson_kernel_stencil<(unsigned short)4, (unsigned short)3>::stencilRun'... converting 33 basic blocks.
INFO: [XFORM 203-401] Performing if-conversion on hyperblock from (/home/x_thileeb/repos/ops-hls-batching-new/codegen_apps/tiling/poisson2d/u280_project/maxtile_8192_unalign_interleave_p7/hls/device/include/PE_poisson_kernel_stencil.hpp:291:50) to (/home/x_thileeb/repos/ops-hls-batching-new/codegen_apps/tiling/poisson2d/u280_project/maxtile_8192_unalign_interleave_p7/hls/device/include/PE_poisson_kernel_stencil.hpp:444:25) in function 'Stencil_poisson_kernel_stencil<(unsigned short)4, (unsigned short)2>::stencilRun'... converting 33 basic blocks.
INFO: [XFORM 203-401] Performing if-conversion on hyperblock from (/home/x_thileeb/repos/ops-hls-batching-new/codegen_apps/tiling/poisson2d/u280_project/maxtile_8192_unalign_interleave_p7/hls/device/include/PE_poisson_kernel_stencil.hpp:291:50) to (/home/x_thileeb/repos/ops-hls-batching-new/codegen_apps/tiling/poisson2d/u280_project/maxtile_8192_unalign_interleave_p7/hls/device/include/PE_poisson_kernel_stencil.hpp:444:25) in function 'Stencil_poisson_kernel_stencil<(unsigned short)4, (unsigned short)1>::stencilRun'... converting 33 basic blocks.
INFO: [XFORM 203-401] Performing if-conversion on hyperblock from (/home/x_thileeb/repos/ops-hls-batching-new/codegen_apps/tiling/poisson2d/u280_project/maxtile_8192_unalign_interleave_p7/hls/device/include/PE_poisson_kernel_stencil.hpp:291:50) to (/home/x_thileeb/repos/ops-hls-batching-new/codegen_apps/tiling/poisson2d/u280_project/maxtile_8192_unalign_interleave_p7/hls/device/include/PE_poisson_kernel_stencil.hpp:444:25) in function 'Stencil_poisson_kernel_stencil<(unsigned short)4, (unsigned short)0>::stencilRun'... converting 33 basic blocks.
INFO: [HLS 200-111] Finished Loop, function and other optimizations: CPU user time: 1.24 seconds. CPU system time: 0.19 seconds. Elapsed time: 1.54 seconds; current allocated memory: 985.598 MB.
INFO: [HLS 200-472] Inferring partial write operation for 'arg0_buf_r0_1_p0.V' (/home/x_thileeb/repos/ops-hls-batching-new/codegen_apps/tiling/poisson2d/u280_project/maxtile_8192_unalign_interleave_p7/hls/device/include/PE_poisson_kernel_stencil.hpp:295:77)
INFO: [HLS 200-472] Inferring partial write operation for 'arg0_buf_r1_2_p0.V' (/home/x_thileeb/repos/ops-hls-batching-new/codegen_apps/tiling/poisson2d/u280_project/maxtile_8192_unalign_interleave_p7/hls/device/include/PE_poisson_kernel_stencil.hpp:297:77)
INFO: [HLS 200-472] Inferring partial write operation for 'arg0_buf_r0_1_p0.V' (/home/x_thileeb/repos/ops-hls-batching-new/codegen_apps/tiling/poisson2d/u280_project/maxtile_8192_unalign_interleave_p7/hls/device/include/PE_poisson_kernel_stencil.hpp:295:77)
INFO: [HLS 200-472] Inferring partial write operation for 'arg0_buf_r1_2_p0.V' (/home/x_thileeb/repos/ops-hls-batching-new/codegen_apps/tiling/poisson2d/u280_project/maxtile_8192_unalign_interleave_p7/hls/device/include/PE_poisson_kernel_stencil.hpp:297:77)
INFO: [HLS 200-472] Inferring partial write operation for 'arg0_buf_r0_1_p0.V' (/home/x_thileeb/repos/ops-hls-batching-new/codegen_apps/tiling/poisson2d/u280_project/maxtile_8192_unalign_interleave_p7/hls/device/include/PE_poisson_kernel_stencil.hpp:295:77)
INFO: [HLS 200-472] Inferring partial write operation for 'arg0_buf_r1_2_p0.V' (/home/x_thileeb/repos/ops-hls-batching-new/codegen_apps/tiling/poisson2d/u280_project/maxtile_8192_unalign_interleave_p7/hls/device/include/PE_poisson_kernel_stencil.hpp:297:77)
INFO: [HLS 200-472] Inferring partial write operation for 'arg0_buf_r0_1_p0.V' (/home/x_thileeb/repos/ops-hls-batching-new/codegen_apps/tiling/poisson2d/u280_project/maxtile_8192_unalign_interleave_p7/hls/device/include/PE_poisson_kernel_stencil.hpp:295:77)
INFO: [HLS 200-472] Inferring partial write operation for 'arg0_buf_r1_2_p0.V' (/home/x_thileeb/repos/ops-hls-batching-new/codegen_apps/tiling/poisson2d/u280_project/maxtile_8192_unalign_interleave_p7/hls/device/include/PE_poisson_kernel_stencil.hpp:297:77)
INFO: [HLS 200-111] Finished Architecture Synthesis: CPU user time: 0.75 seconds. CPU system time: 0.19 seconds. Elapsed time: 0.98 seconds; current allocated memory: 1.427 GB.
INFO: [HLS 200-10] Starting hardware synthesis ...
INFO: [HLS 200-10] Synthesizing 'kernel_outerloop_0_0' ...
WARNING: [SYN 201-103] Legalizing function name 'axis2stream<256u>_Pipeline_VITIS_LOOP_7497_1' to 'axis2stream_256u_Pipeline_VITIS_LOOP_7497_1'.
WARNING: [SYN 201-103] Legalizing function name 'axis2stream<256u>' to 'axis2stream_256u_s'.
WARNING: [SYN 201-103] Legalizing function name 'axis2stream<256u>.1' to 'axis2stream_256u_1'.
WARNING: [SYN 201-103] Legalizing function name 'axis2stream<256u>.2' to 'axis2stream_256u_2'.
WARNING: [SYN 201-103] Legalizing function name 'axis2stream<256u>.3' to 'axis2stream_256u_3'.
WARNING: [SYN 201-103] Legalizing function name 'axis2stream<256u>.4' to 'axis2stream_256u_4'.
WARNING: [SYN 201-103] Legalizing function name 'axis2stream<256u>.5' to 'axis2stream_256u_5'.
WARNING: [SYN 201-103] Legalizing function name 'axis2stream<256u>.6' to 'axis2stream_256u_6'.
WARNING: [SYN 201-103] Legalizing function name 'axis2stream<256u>.7' to 'axis2stream_256u_7'.
WARNING: [SYN 201-103] Legalizing function name 'register_it<ap_uint<256> >' to 'register_it_ap_uint_256_s'.
WARNING: [SYN 201-103] Legalizing function name 'generic_ldexp<float>' to 'generic_ldexp_float_s'.
WARNING: [SYN 201-103] Legalizing function name 'stencilRun.3_Pipeline_VITIS_LOOP_239_1' to 'stencilRun_3_Pipeline_VITIS_LOOP_239_1'.
WARNING: [SYN 201-103] Legalizing function name 'stencilRun.3' to 'stencilRun_3'.
WARNING: [SYN 201-103] Legalizing function name 'kernel_poisson_kernel_stencil_PE<(unsigned short)4, (unsigned short)0>' to 'kernel_poisson_kernel_stencil_PE_unsigned_short_4_unsigned_short_0_s'.
WARNING: [SYN 201-103] Legalizing function name 'stencilRun.2_Pipeline_VITIS_LOOP_239_1' to 'stencilRun_2_Pipeline_VITIS_LOOP_239_1'.
WARNING: [SYN 201-103] Legalizing function name 'stencilRun.2' to 'stencilRun_2'.
WARNING: [SYN 201-103] Legalizing function name 'kernel_poisson_kernel_stencil_PE<(unsigned short)4, (unsigned short)1>' to 'kernel_poisson_kernel_stencil_PE_unsigned_short_4_unsigned_short_1_s'.
WARNING: [SYN 201-103] Legalizing function name 'stencilRun.1_Pipeline_VITIS_LOOP_239_1' to 'stencilRun_1_Pipeline_VITIS_LOOP_239_1'.
WARNING: [SYN 201-103] Legalizing function name 'stencilRun.1' to 'stencilRun_1'.
WARNING: [SYN 201-103] Legalizing function name 'kernel_poisson_kernel_stencil_PE<(unsigned short)4, (unsigned short)2>' to 'kernel_poisson_kernel_stencil_PE_unsigned_short_4_unsigned_short_2_s'.
WARNING: [SYN 201-103] Legalizing function name 'kernel_poisson_kernel_stencil_PE<(unsigned short)4, (unsigned short)3>' to 'kernel_poisson_kernel_stencil_PE_unsigned_short_4_unsigned_short_3_s'.
WARNING: [SYN 201-103] Legalizing function name 'register_it<ap_uint<288> >' to 'register_it_ap_uint_288_s'.
WARNING: [SYN 201-103] Legalizing function name 'stream2axis<256u>_Pipeline_VITIS_LOOP_7444_1' to 'stream2axis_256u_Pipeline_VITIS_LOOP_7444_1'.
WARNING: [SYN 201-103] Legalizing function name 'stream2axis<256u>' to 'stream2axis_256u_s'.
WARNING: [SYN 201-103] Legalizing function name 'stream2axis<256u>.8_Pipeline_VITIS_LOOP_7444_1' to 'stream2axis_256u_8_Pipeline_VITIS_LOOP_7444_1'.
WARNING: [SYN 201-103] Legalizing function name 'stream2axis<256u>.8' to 'stream2axis_256u_8'.
WARNING: [SYN 201-103] Legalizing function name 'stream2axis<256u>.9_Pipeline_VITIS_LOOP_7444_1' to 'stream2axis_256u_9_Pipeline_VITIS_LOOP_7444_1'.
WARNING: [SYN 201-103] Legalizing function name 'stream2axis<256u>.9' to 'stream2axis_256u_9'.
WARNING: [SYN 201-103] Legalizing function name 'stream2axis<256u>.10_Pipeline_VITIS_LOOP_7444_1' to 'stream2axis_256u_10_Pipeline_VITIS_LOOP_7444_1'.
WARNING: [SYN 201-103] Legalizing function name 'stream2axis<256u>.10' to 'stream2axis_256u_10'.
WARNING: [SYN 201-103] Legalizing function name 'stream2axis<256u>.11_Pipeline_VITIS_LOOP_7444_1' to 'stream2axis_256u_11_Pipeline_VITIS_LOOP_7444_1'.
WARNING: [SYN 201-103] Legalizing function name 'stream2axis<256u>.11' to 'stream2axis_256u_11'.
WARNING: [SYN 201-103] Legalizing function name 'stream2axis<256u>.12_Pipeline_VITIS_LOOP_7444_1' to 'stream2axis_256u_12_Pipeline_VITIS_LOOP_7444_1'.
WARNING: [SYN 201-103] Legalizing function name 'stream2axis<256u>.12' to 'stream2axis_256u_12'.
WARNING: [SYN 201-103] Legalizing function name 'stream2axis<256u>.13_Pipeline_VITIS_LOOP_7444_1' to 'stream2axis_256u_13_Pipeline_VITIS_LOOP_7444_1'.
WARNING: [SYN 201-103] Legalizing function name 'stream2axis<256u>.13' to 'stream2axis_256u_13'.
WARNING: [SYN 201-103] Legalizing function name 'stream2axis<256u>.14_Pipeline_VITIS_LOOP_7444_1' to 'stream2axis_256u_14_Pipeline_VITIS_LOOP_7444_1'.
WARNING: [SYN 201-103] Legalizing function name 'stream2axis<256u>.14' to 'stream2axis_256u_14'.
INFO: [HLS 200-10] ----------------------------------------------------------------
INFO: [HLS 200-42] -- Implementing module 'entry_proc' 
INFO: [HLS 200-10] ----------------------------------------------------------------
INFO: [SCHED 204-11] Starting scheduling ...
INFO: [SCHED 204-11] Finished scheduling.
INFO: [HLS 200-111] Finished Scheduling: CPU user time: 0.26 seconds. CPU system time: 0.11 seconds. Elapsed time: 0.54 seconds; current allocated memory: 1.428 GB.
INFO: [BIND 205-100] Starting micro-architecture generation ...
INFO: [BIND 205-101] Performing variable lifetime analysis.
INFO: [BIND 205-101] Exploring resource sharing.
INFO: [BIND 205-101] Binding ...
INFO: [BIND 205-100] Finished micro-architecture generation.
INFO: [HLS 200-111] Finished Binding: CPU user time: 0.02 seconds. CPU system time: 0 seconds. Elapsed time: 0.05 seconds; current allocated memory: 1.429 GB.
INFO: [HLS 200-10] ----------------------------------------------------------------
INFO: [HLS 200-42] -- Implementing module 'axis2stream_256u_Pipeline_VITIS_LOOP_7497_1' 
INFO: [HLS 200-10] ----------------------------------------------------------------
INFO: [SCHED 204-11] Starting scheduling ...
INFO: [SCHED 204-61] Pipelining loop 'VITIS_LOOP_7497_1'.
INFO: [HLS 200-1470] Pipelining result : Target II = 1, Final II = 1, Depth = 2, loop 'VITIS_LOOP_7497_1'
INFO: [SCHED 204-11] Finished scheduling.
INFO: [HLS 200-111] Finished Scheduling: CPU user time: 0.03 seconds. CPU system time: 0 seconds. Elapsed time: 0.06 seconds; current allocated memory: 1.430 GB.
INFO: [BIND 205-100] Starting micro-architecture generation ...
INFO: [BIND 205-101] Performing variable lifetime analysis.
INFO: [BIND 205-101] Exploring resource sharing.
INFO: [BIND 205-101] Binding ...
INFO: [BIND 205-100] Finished micro-architecture generation.
INFO: [HLS 200-111] Finished Binding: CPU user time: 0.01 seconds. CPU system time: 0.01 seconds. Elapsed time: 0.04 seconds; current allocated memory: 1.430 GB.
INFO: [HLS 200-10] ----------------------------------------------------------------
INFO: [HLS 200-42] -- Implementing module 'axis2stream_256u_s' 
INFO: [HLS 200-10] ----------------------------------------------------------------
INFO: [SCHED 204-11] Starting scheduling ...
INFO: [SCHED 204-11] Finished scheduling.
INFO: [HLS 200-111] Finished Scheduling: CPU user time: 0.03 seconds. CPU system time: 0 seconds. Elapsed time: 0.04 seconds; current allocated memory: 1.430 GB.
INFO: [BIND 205-100] Starting micro-architecture generation ...
INFO: [BIND 205-101] Performing variable lifetime analysis.
INFO: [BIND 205-101] Exploring resource sharing.
INFO: [BIND 205-101] Binding ...
INFO: [BIND 205-100] Finished micro-architecture generation.
INFO: [HLS 200-111] Finished Binding: CPU user time: 0.02 seconds. CPU system time: 0 seconds. Elapsed time: 0.05 seconds; current allocated memory: 1.430 GB.
INFO: [HLS 200-10] ----------------------------------------------------------------
INFO: [HLS 200-42] -- Implementing module 'axis2stream_256u_1' 
INFO: [HLS 200-10] ----------------------------------------------------------------
INFO: [SCHED 204-11] Starting scheduling ...
INFO: [SCHED 204-61] Pipelining loop 'VITIS_LOOP_7497_1'.
INFO: [HLS 200-1470] Pipelining result : Target II = 1, Final II = 1, Depth = 2, loop 'VITIS_LOOP_7497_1'
INFO: [SCHED 204-11] Finished scheduling.
INFO: [HLS 200-111] Finished Scheduling: CPU user time: 0.04 seconds. CPU system time: 0 seconds. Elapsed time: 0.06 seconds; current allocated memory: 1.430 GB.
INFO: [BIND 205-100] Starting micro-architecture generation ...
INFO: [BIND 205-101] Performing variable lifetime analysis.
INFO: [BIND 205-101] Exploring resource sharing.
INFO: [BIND 205-101] Binding ...
INFO: [BIND 205-100] Finished micro-architecture generation.
INFO: [HLS 200-111] Finished Binding: CPU user time: 0.02 seconds. CPU system time: 0.01 seconds. Elapsed time: 0.05 seconds; current allocated memory: 1.430 GB.
INFO: [HLS 200-10] ----------------------------------------------------------------
INFO: [HLS 200-42] -- Implementing module 'axis2stream_256u_2' 
INFO: [HLS 200-10] ----------------------------------------------------------------
INFO: [SCHED 204-11] Starting scheduling ...
INFO: [SCHED 204-61] Pipelining loop 'VITIS_LOOP_7497_1'.
INFO: [HLS 200-1470] Pipelining result : Target II = 1, Final II = 1, Depth = 2, loop 'VITIS_LOOP_7497_1'
INFO: [SCHED 204-11] Finished scheduling.
INFO: [HLS 200-111] Finished Scheduling: CPU user time: 0.04 seconds. CPU system time: 0 seconds. Elapsed time: 0.07 seconds; current allocated memory: 1.430 GB.
INFO: [BIND 205-100] Starting micro-architecture generation ...
INFO: [BIND 205-101] Performing variable lifetime analysis.
INFO: [BIND 205-101] Exploring resource sharing.
INFO: [BIND 205-101] Binding ...
INFO: [BIND 205-100] Finished micro-architecture generation.
INFO: [HLS 200-111] Finished Binding: CPU user time: 0.03 seconds. CPU system time: 0 seconds. Elapsed time: 0.04 seconds; current allocated memory: 1.430 GB.
INFO: [HLS 200-10] ----------------------------------------------------------------
INFO: [HLS 200-42] -- Implementing module 'axis2stream_256u_3' 
INFO: [HLS 200-10] ----------------------------------------------------------------
INFO: [SCHED 204-11] Starting scheduling ...
INFO: [SCHED 204-61] Pipelining loop 'VITIS_LOOP_7497_1'.
INFO: [HLS 200-1470] Pipelining result : Target II = 1, Final II = 1, Depth = 2, loop 'VITIS_LOOP_7497_1'
INFO: [SCHED 204-11] Finished scheduling.
INFO: [HLS 200-111] Finished Scheduling: CPU user time: 0.03 seconds. CPU system time: 0 seconds. Elapsed time: 0.06 seconds; current allocated memory: 1.431 GB.
INFO: [BIND 205-100] Starting micro-architecture generation ...
INFO: [BIND 205-101] Performing variable lifetime analysis.
INFO: [BIND 205-101] Exploring resource sharing.
INFO: [BIND 205-101] Binding ...
INFO: [BIND 205-100] Finished micro-architecture generation.
INFO: [HLS 200-111] Finished Binding: CPU user time: 0.03 seconds. CPU system time: 0.01 seconds. Elapsed time: 0.04 seconds; current allocated memory: 1.431 GB.
INFO: [HLS 200-10] ----------------------------------------------------------------
INFO: [HLS 200-42] -- Implementing module 'axis2stream_256u_4' 
INFO: [HLS 200-10] ----------------------------------------------------------------
INFO: [SCHED 204-11] Starting scheduling ...
INFO: [SCHED 204-61] Pipelining loop 'VITIS_LOOP_7497_1'.
INFO: [HLS 200-1470] Pipelining result : Target II = 1, Final II = 1, Depth = 2, loop 'VITIS_LOOP_7497_1'
INFO: [SCHED 204-11] Finished scheduling.
INFO: [HLS 200-111] Finished Scheduling: CPU user time: 0.03 seconds. CPU system time: 0 seconds. Elapsed time: 0.06 seconds; current allocated memory: 1.431 GB.
INFO: [BIND 205-100] Starting micro-architecture generation ...
INFO: [BIND 205-101] Performing variable lifetime analysis.
INFO: [BIND 205-101] Exploring resource sharing.
INFO: [BIND 205-101] Binding ...
INFO: [BIND 205-100] Finished micro-architecture generation.
INFO: [HLS 200-111] Finished Binding: CPU user time: 0.01 seconds. CPU system time: 0.01 seconds. Elapsed time: 0.04 seconds; current allocated memory: 1.431 GB.
INFO: [HLS 200-10] ----------------------------------------------------------------
INFO: [HLS 200-42] -- Implementing module 'axis2stream_256u_5' 
INFO: [HLS 200-10] ----------------------------------------------------------------
INFO: [SCHED 204-11] Starting scheduling ...
INFO: [SCHED 204-61] Pipelining loop 'VITIS_LOOP_7497_1'.
INFO: [HLS 200-1470] Pipelining result : Target II = 1, Final II = 1, Depth = 2, loop 'VITIS_LOOP_7497_1'
INFO: [SCHED 204-11] Finished scheduling.
INFO: [HLS 200-111] Finished Scheduling: CPU user time: 0.03 seconds. CPU system time: 0 seconds. Elapsed time: 0.06 seconds; current allocated memory: 1.431 GB.
INFO: [BIND 205-100] Starting micro-architecture generation ...
INFO: [BIND 205-101] Performing variable lifetime analysis.
INFO: [BIND 205-101] Exploring resource sharing.
INFO: [BIND 205-101] Binding ...
INFO: [BIND 205-100] Finished micro-architecture generation.
INFO: [HLS 200-111] Finished Binding: CPU user time: 0.02 seconds. CPU system time: 0 seconds. Elapsed time: 0.04 seconds; current allocated memory: 1.431 GB.
INFO: [HLS 200-10] ----------------------------------------------------------------
INFO: [HLS 200-42] -- Implementing module 'axis2stream_256u_6' 
INFO: [HLS 200-10] ----------------------------------------------------------------
INFO: [SCHED 204-11] Starting scheduling ...
INFO: [SCHED 204-61] Pipelining loop 'VITIS_LOOP_7497_1'.
INFO: [HLS 200-1470] Pipelining result : Target II = 1, Final II = 1, Depth = 2, loop 'VITIS_LOOP_7497_1'
INFO: [SCHED 204-11] Finished scheduling.
INFO: [HLS 200-111] Finished Scheduling: CPU user time: 0.04 seconds. CPU system time: 0.01 seconds. Elapsed time: 0.07 seconds; current allocated memory: 1.431 GB.
INFO: [BIND 205-100] Starting micro-architecture generation ...
INFO: [BIND 205-101] Performing variable lifetime analysis.
INFO: [BIND 205-101] Exploring resource sharing.
INFO: [BIND 205-101] Binding ...
INFO: [BIND 205-100] Finished micro-architecture generation.
INFO: [HLS 200-111] Finished Binding: CPU user time: 0.02 seconds. CPU system time: 0 seconds. Elapsed time: 0.04 seconds; current allocated memory: 1.432 GB.
INFO: [HLS 200-10] ----------------------------------------------------------------
INFO: [HLS 200-42] -- Implementing module 'axis2stream_256u_7' 
INFO: [HLS 200-10] ----------------------------------------------------------------
INFO: [SCHED 204-11] Starting scheduling ...
INFO: [SCHED 204-61] Pipelining loop 'VITIS_LOOP_7497_1'.
INFO: [HLS 200-1470] Pipelining result : Target II = 1, Final II = 1, Depth = 2, loop 'VITIS_LOOP_7497_1'
INFO: [SCHED 204-11] Finished scheduling.
INFO: [HLS 200-111] Finished Scheduling: CPU user time: 0.04 seconds. CPU system time: 0 seconds. Elapsed time: 0.07 seconds; current allocated memory: 1.432 GB.
INFO: [BIND 205-100] Starting micro-architecture generation ...
INFO: [BIND 205-101] Performing variable lifetime analysis.
INFO: [BIND 205-101] Exploring resource sharing.
INFO: [BIND 205-101] Binding ...
INFO: [BIND 205-100] Finished micro-architecture generation.
INFO: [HLS 200-111] Finished Binding: CPU user time: 0.02 seconds. CPU system time: 0 seconds. Elapsed time: 0.05 seconds; current allocated memory: 1.432 GB.
INFO: [HLS 200-10] ----------------------------------------------------------------
INFO: [HLS 200-42] -- Implementing module 'register_it_ap_uint_256_s' 
INFO: [HLS 200-10] ----------------------------------------------------------------
INFO: [SCHED 204-11] Starting scheduling ...
INFO: [SCHED 204-61] Pipelining function 'register_it<ap_uint<256> >'.
INFO: [HLS 200-1470] Pipelining result : Target II = 0, Final II = 1, Depth = 1, function 'register_it<ap_uint<256> >'
INFO: [SCHED 204-11] Finished scheduling.
INFO: [HLS 200-111] Finished Scheduling: CPU user time: 0.03 seconds. CPU system time: 0.01 seconds. Elapsed time: 0.05 seconds; current allocated memory: 1.432 GB.
INFO: [BIND 205-100] Starting micro-architecture generation ...
INFO: [BIND 205-101] Performing variable lifetime analysis.
INFO: [BIND 205-101] Exploring resource sharing.
INFO: [BIND 205-101] Binding ...
INFO: [BIND 205-100] Finished micro-architecture generation.
INFO: [HLS 200-111] Finished Binding: CPU user time: 0.02 seconds. CPU system time: 0 seconds. Elapsed time: 0.04 seconds; current allocated memory: 1.432 GB.
INFO: [HLS 200-10] ----------------------------------------------------------------
INFO: [HLS 200-42] -- Implementing module 'stream2interleave_Pipeline_VITIS_LOOP_1470_1' 
INFO: [HLS 200-10] ----------------------------------------------------------------
INFO: [SCHED 204-11] Starting scheduling ...
INFO: [SCHED 204-61] Pipelining loop 'VITIS_LOOP_1470_1'.
INFO: [HLS 200-1470] Pipelining result : Target II = 1, Final II = 1, Depth = 2, loop 'VITIS_LOOP_1470_1'
INFO: [SCHED 204-11] Finished scheduling.
INFO: [HLS 200-111] Finished Scheduling: CPU user time: 0.07 seconds. CPU system time: 0 seconds. Elapsed time: 0.1 seconds; current allocated memory: 1.432 GB.
INFO: [BIND 205-100] Starting micro-architecture generation ...
INFO: [BIND 205-101] Performing variable lifetime analysis.
INFO: [BIND 205-101] Exploring resource sharing.
INFO: [BIND 205-101] Binding ...
INFO: [BIND 205-100] Finished micro-architecture generation.
INFO: [HLS 200-111] Finished Binding: CPU user time: 0.03 seconds. CPU system time: 0.01 seconds. Elapsed time: 0.05 seconds; current allocated memory: 1.433 GB.
INFO: [HLS 200-10] ----------------------------------------------------------------
INFO: [HLS 200-42] -- Implementing module 'stream2interleave' 
INFO: [HLS 200-10] ----------------------------------------------------------------
INFO: [SCHED 204-11] Starting scheduling ...
INFO: [SCHED 204-11] Finished scheduling.
INFO: [HLS 200-111] Finished Scheduling: CPU user time: 0.05 seconds. CPU system time: 0.01 seconds. Elapsed time: 0.08 seconds; current allocated memory: 1.433 GB.
INFO: [BIND 205-100] Starting micro-architecture generation ...
INFO: [BIND 205-101] Performing variable lifetime analysis.
INFO: [BIND 205-101] Exploring resource sharing.
INFO: [BIND 205-101] Binding ...
INFO: [BIND 205-100] Finished micro-architecture generation.
INFO: [HLS 200-111] Finished Binding: CPU user time: 0.03 seconds. CPU system time: 0 seconds. Elapsed time: 0.06 seconds; current allocated memory: 1.433 GB.
INFO: [HLS 200-10] ----------------------------------------------------------------
INFO: [HLS 200-42] -- Implementing module 'generic_ldexp_float_s' 
INFO: [HLS 200-10] ----------------------------------------------------------------
INFO: [SCHED 204-11] Starting scheduling ...
INFO: [SCHED 204-61] Pipelining function 'generic_ldexp<float>'.
INFO: [HLS 200-1470] Pipelining result : Target II = 0, Final II = 1, Depth = 1, function 'generic_ldexp<float>'
INFO: [SCHED 204-11] Finished scheduling.
INFO: [HLS 200-111] Finished Scheduling: CPU user time: 0.05 seconds. CPU system time: 0.01 seconds. Elapsed time: 0.08 seconds; current allocated memory: 1.433 GB.
INFO: [BIND 205-100] Starting micro-architecture generation ...
INFO: [BIND 205-101] Performing variable lifetime analysis.
INFO: [BIND 205-101] Exploring resource sharing.
INFO: [BIND 205-101] Binding ...
INFO: [BIND 205-100] Finished micro-architecture generation.
INFO: [HLS 200-111] Finished Binding: CPU user time: 0.03 seconds. CPU system time: 0 seconds. Elapsed time: 0.06 seconds; current allocated memory: 1.433 GB.
INFO: [HLS 200-10] ----------------------------------------------------------------
INFO: [HLS 200-42] -- Implementing module 'stencilRun_3_Pipeline_VITIS_LOOP_239_1' 
INFO: [HLS 200-10] ----------------------------------------------------------------
INFO: [SCHED 204-11] Starting scheduling ...
INFO: [SCHED 204-61] Pipelining loop 'VITIS_LOOP_239_1'.
INFO: [HLS 200-1470] Pipelining result : Target II = 1, Final II = 1, Depth = 28, loop 'VITIS_LOOP_239_1'
INFO: [SCHED 204-11] Finished scheduling.
INFO: [HLS 200-111] Finished Scheduling: CPU user time: 0.37 seconds. CPU system time: 0.01 seconds. Elapsed time: 0.4 seconds; current allocated memory: 1.438 GB.
INFO: [BIND 205-100] Starting micro-architecture generation ...
INFO: [BIND 205-101] Performing variable lifetime analysis.
INFO: [BIND 205-101] Exploring resource sharing.
INFO: [BIND 205-101] Binding ...
INFO: [BIND 205-100] Finished micro-architecture generation.
INFO: [HLS 200-111] Finished Binding: CPU user time: 1.02 seconds. CPU system time: 0.01 seconds. Elapsed time: 1.07 seconds; current allocated memory: 1.438 GB.
INFO: [HLS 200-10] ----------------------------------------------------------------
INFO: [HLS 200-42] -- Implementing module 'stencilRun_3' 
INFO: [HLS 200-10] ----------------------------------------------------------------
INFO: [SCHED 204-11] Starting scheduling ...
INFO: [HLS 200-486] Changing DSP latency (root=mul_ln239) to 3 in order to utilize available DSP registers.
INFO: [HLS 200-486] Changing DSP latency (root=S2D_00_P10_M10_0P1_0M1_read_ub_itr) to 3 in order to utilize available DSP registers.
INFO: [SCHED 204-11] Finished scheduling.
INFO: [HLS 200-111] Finished Scheduling: CPU user time: 1.88 seconds. CPU system time: 0.02 seconds. Elapsed time: 1.95 seconds; current allocated memory: 1.438 GB.
INFO: [BIND 205-100] Starting micro-architecture generation ...
INFO: [BIND 205-101] Performing variable lifetime analysis.
INFO: [BIND 205-101] Exploring resource sharing.
INFO: [BIND 205-101] Binding ...
INFO: [BIND 205-100] Finished micro-architecture generation.
INFO: [HLS 200-111] Finished Binding: CPU user time: 0.53 seconds. CPU system time: 0 seconds. Elapsed time: 0.55 seconds; current allocated memory: 1.439 GB.
INFO: [HLS 200-10] ----------------------------------------------------------------
INFO: [HLS 200-42] -- Implementing module 'kernel_poisson_kernel_stencil_PE_unsigned_short_4_unsigned_short_0_s' 
INFO: [HLS 200-10] ----------------------------------------------------------------
INFO: [SCHED 204-11] Starting scheduling ...
INFO: [SCHED 204-11] Finished scheduling.
INFO: [HLS 200-111] Finished Scheduling: CPU user time: 1.47 seconds. CPU system time: 0 seconds. Elapsed time: 1.49 seconds; current allocated memory: 1.439 GB.
INFO: [BIND 205-100] Starting micro-architecture generation ...
INFO: [BIND 205-101] Performing variable lifetime analysis.
INFO: [BIND 205-101] Exploring resource sharing.
INFO: [BIND 205-101] Binding ...
INFO: [BIND 205-100] Finished micro-architecture generation.
INFO: [HLS 200-111] Finished Binding: CPU user time: 0.53 seconds. CPU system time: 0 seconds. Elapsed time: 0.55 seconds; current allocated memory: 1.439 GB.
INFO: [HLS 200-10] ----------------------------------------------------------------
INFO: [HLS 200-42] -- Implementing module 'stencilRun_2_Pipeline_VITIS_LOOP_239_1' 
INFO: [HLS 200-10] ----------------------------------------------------------------
INFO: [SCHED 204-11] Starting scheduling ...
INFO: [SCHED 204-61] Pipelining loop 'VITIS_LOOP_239_1'.
INFO: [HLS 200-1470] Pipelining result : Target II = 1, Final II = 1, Depth = 28, loop 'VITIS_LOOP_239_1'
INFO: [SCHED 204-11] Finished scheduling.
INFO: [HLS 200-111] Finished Scheduling: CPU user time: 1.77 seconds. CPU system time: 0.01 seconds. Elapsed time: 1.81 seconds; current allocated memory: 1.443 GB.
INFO: [BIND 205-100] Starting micro-architecture generation ...
INFO: [BIND 205-101] Performing variable lifetime analysis.
INFO: [BIND 205-101] Exploring resource sharing.
INFO: [BIND 205-101] Binding ...
INFO: [BIND 205-100] Finished micro-architecture generation.
INFO: [HLS 200-111] Finished Binding: CPU user time: 1.01 seconds. CPU system time: 0 seconds. Elapsed time: 1.05 seconds; current allocated memory: 1.443 GB.
INFO: [HLS 200-10] ----------------------------------------------------------------
INFO: [HLS 200-42] -- Implementing module 'stencilRun_2' 
INFO: [HLS 200-10] ----------------------------------------------------------------
INFO: [SCHED 204-11] Starting scheduling ...
INFO: [HLS 200-486] Changing DSP latency (root=mul_ln239) to 3 in order to utilize available DSP registers.
INFO: [HLS 200-486] Changing DSP latency (root=S2D_00_P10_M10_0P1_0M1_read_ub_itr) to 3 in order to utilize available DSP registers.
INFO: [SCHED 204-11] Finished scheduling.
INFO: [HLS 200-111] Finished Scheduling: CPU user time: 1.9 seconds. CPU system time: 0.02 seconds. Elapsed time: 1.95 seconds; current allocated memory: 1.444 GB.
INFO: [BIND 205-100] Starting micro-architecture generation ...
INFO: [BIND 205-101] Performing variable lifetime analysis.
INFO: [BIND 205-101] Exploring resource sharing.
INFO: [BIND 205-101] Binding ...
INFO: [BIND 205-100] Finished micro-architecture generation.
INFO: [HLS 200-111] Finished Binding: CPU user time: 0.53 seconds. CPU system time: 0 seconds. Elapsed time: 0.55 seconds; current allocated memory: 1.444 GB.
INFO: [HLS 200-10] ----------------------------------------------------------------
INFO: [HLS 200-42] -- Implementing module 'kernel_poisson_kernel_stencil_PE_unsigned_short_4_unsigned_short_1_s' 
INFO: [HLS 200-10] ----------------------------------------------------------------
INFO: [SCHED 204-11] Starting scheduling ...
INFO: [SCHED 204-11] Finished scheduling.
INFO: [HLS 200-111] Finished Scheduling: CPU user time: 1.46 seconds. CPU system time: 0.01 seconds. Elapsed time: 1.49 seconds; current allocated memory: 1.444 GB.
INFO: [BIND 205-100] Starting micro-architecture generation ...
INFO: [BIND 205-101] Performing variable lifetime analysis.
INFO: [BIND 205-101] Exploring resource sharing.
INFO: [BIND 205-101] Binding ...
INFO: [BIND 205-100] Finished micro-architecture generation.
INFO: [HLS 200-111] Finished Binding: CPU user time: 0.56 seconds. CPU system time: 0 seconds. Elapsed time: 0.58 seconds; current allocated memory: 1.445 GB.
INFO: [HLS 200-10] ----------------------------------------------------------------
INFO: [HLS 200-42] -- Implementing module 'stencilRun_1_Pipeline_VITIS_LOOP_239_1' 
INFO: [HLS 200-10] ----------------------------------------------------------------
INFO: [SCHED 204-11] Starting scheduling ...
INFO: [SCHED 204-61] Pipelining loop 'VITIS_LOOP_239_1'.
INFO: [HLS 200-1470] Pipelining result : Target II = 1, Final II = 1, Depth = 28, loop 'VITIS_LOOP_239_1'
INFO: [SCHED 204-11] Finished scheduling.
INFO: [HLS 200-111] Finished Scheduling: CPU user time: 1.85 seconds. CPU system time: 0.01 seconds. Elapsed time: 1.9 seconds; current allocated memory: 1.449 GB.
INFO: [BIND 205-100] Starting micro-architecture generation ...
INFO: [BIND 205-101] Performing variable lifetime analysis.
INFO: [BIND 205-101] Exploring resource sharing.
INFO: [BIND 205-101] Binding ...
INFO: [BIND 205-100] Finished micro-architecture generation.
INFO: [HLS 200-111] Finished Binding: CPU user time: 1.02 seconds. CPU system time: 0 seconds. Elapsed time: 1.05 seconds; current allocated memory: 1.449 GB.
INFO: [HLS 200-10] ----------------------------------------------------------------
INFO: [HLS 200-42] -- Implementing module 'stencilRun_1' 
INFO: [HLS 200-10] ----------------------------------------------------------------
INFO: [SCHED 204-11] Starting scheduling ...
INFO: [HLS 200-486] Changing DSP latency (root=mul_ln239) to 3 in order to utilize available DSP registers.
INFO: [HLS 200-486] Changing DSP latency (root=S2D_00_P10_M10_0P1_0M1_read_ub_itr) to 3 in order to utilize available DSP registers.
INFO: [SCHED 204-11] Finished scheduling.
INFO: [HLS 200-111] Finished Scheduling: CPU user time: 1.97 seconds. CPU system time: 0.02 seconds. Elapsed time: 2.03 seconds; current allocated memory: 1.450 GB.
INFO: [BIND 205-100] Starting micro-architecture generation ...
INFO: [BIND 205-101] Performing variable lifetime analysis.
INFO: [BIND 205-101] Exploring resource sharing.
INFO: [BIND 205-101] Binding ...
INFO: [BIND 205-100] Finished micro-architecture generation.
INFO: [HLS 200-111] Finished Binding: CPU user time: 0.52 seconds. CPU system time: 0 seconds. Elapsed time: 0.56 seconds; current allocated memory: 1.450 GB.
INFO: [HLS 200-10] ----------------------------------------------------------------
INFO: [HLS 200-42] -- Implementing module 'kernel_poisson_kernel_stencil_PE_unsigned_short_4_unsigned_short_2_s' 
INFO: [HLS 200-10] ----------------------------------------------------------------
INFO: [SCHED 204-11] Starting scheduling ...
INFO: [SCHED 204-11] Finished scheduling.
INFO: [HLS 200-111] Finished Scheduling: CPU user time: 1.53 seconds. CPU system time: 0.01 seconds. Elapsed time: 1.56 seconds; current allocated memory: 1.450 GB.
INFO: [BIND 205-100] Starting micro-architecture generation ...
INFO: [BIND 205-101] Performing variable lifetime analysis.
INFO: [BIND 205-101] Exploring resource sharing.
INFO: [BIND 205-101] Binding ...
INFO: [BIND 205-100] Finished micro-architecture generation.
INFO: [HLS 200-111] Finished Binding: CPU user time: 0.63 seconds. CPU system time: 0 seconds. Elapsed time: 0.64 seconds; current allocated memory: 1.450 GB.
INFO: [HLS 200-10] ----------------------------------------------------------------
INFO: [HLS 200-42] -- Implementing module 'stencilRun_Pipeline_VITIS_LOOP_239_1' 
INFO: [HLS 200-10] ----------------------------------------------------------------
INFO: [SCHED 204-11] Starting scheduling ...
INFO: [SCHED 204-61] Pipelining loop 'VITIS_LOOP_239_1'.
INFO: [HLS 200-1470] Pipelining result : Target II = 1, Final II = 1, Depth = 28, loop 'VITIS_LOOP_239_1'
INFO: [SCHED 204-11] Finished scheduling.
INFO: [HLS 200-111] Finished Scheduling: CPU user time: 1.81 seconds. CPU system time: 0 seconds. Elapsed time: 1.84 seconds; current allocated memory: 1.453 GB.
INFO: [BIND 205-100] Starting micro-architecture generation ...
INFO: [BIND 205-101] Performing variable lifetime analysis.
INFO: [BIND 205-101] Exploring resource sharing.
INFO: [BIND 205-101] Binding ...
INFO: [BIND 205-100] Finished micro-architecture generation.
INFO: [HLS 200-111] Finished Binding: CPU user time: 1.06 seconds. CPU system time: 0 seconds. Elapsed time: 1.1 seconds; current allocated memory: 1.454 GB.
INFO: [HLS 200-10] ----------------------------------------------------------------
INFO: [HLS 200-42] -- Implementing module 'stencilRun' 
INFO: [HLS 200-10] ----------------------------------------------------------------
INFO: [SCHED 204-11] Starting scheduling ...
INFO: [HLS 200-486] Changing DSP latency (root=mul_ln239) to 3 in order to utilize available DSP registers.
INFO: [HLS 200-486] Changing DSP latency (root=S2D_00_P10_M10_0P1_0M1_read_ub_itr) to 3 in order to utilize available DSP registers.
INFO: [SCHED 204-11] Finished scheduling.
INFO: [HLS 200-111] Finished Scheduling: CPU user time: 1.89 seconds. CPU system time: 0.02 seconds. Elapsed time: 1.96 seconds; current allocated memory: 1.455 GB.
INFO: [BIND 205-100] Starting micro-architecture generation ...
INFO: [BIND 205-101] Performing variable lifetime analysis.
INFO: [BIND 205-101] Exploring resource sharing.
INFO: [BIND 205-101] Binding ...
INFO: [BIND 205-100] Finished micro-architecture generation.
INFO: [HLS 200-111] Finished Binding: CPU user time: 0.53 seconds. CPU system time: 0 seconds. Elapsed time: 0.55 seconds; current allocated memory: 1.456 GB.
INFO: [HLS 200-10] ----------------------------------------------------------------
INFO: [HLS 200-42] -- Implementing module 'kernel_poisson_kernel_stencil_PE_unsigned_short_4_unsigned_short_3_s' 
INFO: [HLS 200-10] ----------------------------------------------------------------
INFO: [SCHED 204-11] Starting scheduling ...
INFO: [SCHED 204-11] Finished scheduling.
INFO: [HLS 200-111] Finished Scheduling: CPU user time: 1.46 seconds. CPU system time: 0 seconds. Elapsed time: 1.48 seconds; current allocated memory: 1.456 GB.
INFO: [BIND 205-100] Starting micro-architecture generation ...
INFO: [BIND 205-101] Performing variable lifetime analysis.
INFO: [BIND 205-101] Exploring resource sharing.
INFO: [BIND 205-101] Binding ...
INFO: [BIND 205-100] Finished micro-architecture generation.
INFO: [HLS 200-111] Finished Binding: CPU user time: 0.6 seconds. CPU system time: 0.01 seconds. Elapsed time: 0.64 seconds; current allocated memory: 1.456 GB.
INFO: [HLS 200-10] ----------------------------------------------------------------
INFO: [HLS 200-42] -- Implementing module 'register_it_ap_uint_288_s' 
INFO: [HLS 200-10] ----------------------------------------------------------------
INFO: [SCHED 204-11] Starting scheduling ...
INFO: [SCHED 204-61] Pipelining function 'register_it<ap_uint<288> >'.
INFO: [HLS 200-1470] Pipelining result : Target II = 0, Final II = 1, Depth = 1, function 'register_it<ap_uint<288> >'
INFO: [SCHED 204-11] Finished scheduling.
INFO: [HLS 200-111] Finished Scheduling: CPU user time: 1.45 seconds. CPU system time: 0.01 seconds. Elapsed time: 1.5 seconds; current allocated memory: 1.456 GB.
INFO: [BIND 205-100] Starting micro-architecture generation ...
INFO: [BIND 205-101] Performing variable lifetime analysis.
INFO: [BIND 205-101] Exploring resource sharing.
INFO: [BIND 205-101] Binding ...
INFO: [BIND 205-100] Finished micro-architecture generation.
INFO: [HLS 200-111] Finished Binding: CPU user time: 0.13 seconds. CPU system time: 0 seconds. Elapsed time: 0.15 seconds; current allocated memory: 1.456 GB.
INFO: [HLS 200-10] ----------------------------------------------------------------
INFO: [HLS 200-42] -- Implementing module 'interleave2stream_Pipeline_VITIS_LOOP_1597_1' 
INFO: [HLS 200-10] ----------------------------------------------------------------
INFO: [SCHED 204-11] Starting scheduling ...
INFO: [SCHED 204-61] Pipelining loop 'VITIS_LOOP_1597_1'.
INFO: [HLS 200-1470] Pipelining result : Target II = 1, Final II = 1, Depth = 2, loop 'VITIS_LOOP_1597_1'
INFO: [SCHED 204-11] Finished scheduling.
INFO: [HLS 200-111] Finished Scheduling: CPU user time: 0.06 seconds. CPU system time: 0 seconds. Elapsed time: 0.08 seconds; current allocated memory: 1.456 GB.
INFO: [BIND 205-100] Starting micro-architecture generation ...
INFO: [BIND 205-101] Performing variable lifetime analysis.
INFO: [BIND 205-101] Exploring resource sharing.
INFO: [BIND 205-101] Binding ...
INFO: [BIND 205-100] Finished micro-architecture generation.
INFO: [HLS 200-111] Finished Binding: CPU user time: 0.03 seconds. CPU system time: 0.01 seconds. Elapsed time: 0.06 seconds; current allocated memory: 1.457 GB.
INFO: [HLS 200-10] ----------------------------------------------------------------
INFO: [HLS 200-42] -- Implementing module 'interleave2stream' 
INFO: [HLS 200-10] ----------------------------------------------------------------
INFO: [SCHED 204-11] Starting scheduling ...
INFO: [SCHED 204-11] Finished scheduling.
INFO: [HLS 200-111] Finished Scheduling: CPU user time: 0.05 seconds. CPU system time: 0 seconds. Elapsed time: 0.07 seconds; current allocated memory: 1.457 GB.
INFO: [BIND 205-100] Starting micro-architecture generation ...
INFO: [BIND 205-101] Performing variable lifetime analysis.
INFO: [BIND 205-101] Exploring resource sharing.
INFO: [BIND 205-101] Binding ...
INFO: [BIND 205-100] Finished micro-architecture generation.
INFO: [HLS 200-111] Finished Binding: CPU user time: 0.14 seconds. CPU system time: 0.01 seconds. Elapsed time: 0.16 seconds; current allocated memory: 1.457 GB.
INFO: [HLS 200-10] ----------------------------------------------------------------
INFO: [HLS 200-42] -- Implementing module 'stream2axis_256u_Pipeline_VITIS_LOOP_7444_1' 
INFO: [HLS 200-10] ----------------------------------------------------------------
INFO: [SCHED 204-11] Starting scheduling ...
INFO: [SCHED 204-61] Pipelining loop 'VITIS_LOOP_7444_1'.
INFO: [HLS 200-1470] Pipelining result : Target II = 1, Final II = 1, Depth = 2, loop 'VITIS_LOOP_7444_1'
INFO: [SCHED 204-11] Finished scheduling.
INFO: [HLS 200-111] Finished Scheduling: CPU user time: 0.04 seconds. CPU system time: 0 seconds. Elapsed time: 0.08 seconds; current allocated memory: 1.457 GB.
INFO: [BIND 205-100] Starting micro-architecture generation ...
INFO: [BIND 205-101] Performing variable lifetime analysis.
INFO: [BIND 205-101] Exploring resource sharing.
INFO: [BIND 205-101] Binding ...
INFO: [BIND 205-100] Finished micro-architecture generation.
INFO: [HLS 200-111] Finished Binding: CPU user time: 0.03 seconds. CPU system time: 0 seconds. Elapsed time: 0.05 seconds; current allocated memory: 1.458 GB.
INFO: [HLS 200-10] ----------------------------------------------------------------
INFO: [HLS 200-42] -- Implementing module 'stream2axis_256u_s' 
INFO: [HLS 200-10] ----------------------------------------------------------------
INFO: [SCHED 204-11] Starting scheduling ...
INFO: [SCHED 204-11] Finished scheduling.
INFO: [HLS 200-111] Finished Scheduling: CPU user time: 0.04 seconds. CPU system time: 0 seconds. Elapsed time: 0.06 seconds; current allocated memory: 1.458 GB.
INFO: [BIND 205-100] Starting micro-architecture generation ...
INFO: [BIND 205-101] Performing variable lifetime analysis.
INFO: [BIND 205-101] Exploring resource sharing.
INFO: [BIND 205-101] Binding ...
INFO: [BIND 205-100] Finished micro-architecture generation.
INFO: [HLS 200-111] Finished Binding: CPU user time: 0.13 seconds. CPU system time: 0 seconds. Elapsed time: 0.17 seconds; current allocated memory: 1.458 GB.
INFO: [HLS 200-10] ----------------------------------------------------------------
INFO: [HLS 200-42] -- Implementing module 'stream2axis_256u_8_Pipeline_VITIS_LOOP_7444_1' 
INFO: [HLS 200-10] ----------------------------------------------------------------
INFO: [SCHED 204-11] Starting scheduling ...
INFO: [SCHED 204-61] Pipelining loop 'VITIS_LOOP_7444_1'.
INFO: [HLS 200-1470] Pipelining result : Target II = 1, Final II = 1, Depth = 2, loop 'VITIS_LOOP_7444_1'
INFO: [SCHED 204-11] Finished scheduling.
INFO: [HLS 200-111] Finished Scheduling: CPU user time: 0.04 seconds. CPU system time: 0 seconds. Elapsed time: 0.08 seconds; current allocated memory: 1.458 GB.
INFO: [BIND 205-100] Starting micro-architecture generation ...
INFO: [BIND 205-101] Performing variable lifetime analysis.
INFO: [BIND 205-101] Exploring resource sharing.
INFO: [BIND 205-101] Binding ...
INFO: [BIND 205-100] Finished micro-architecture generation.
INFO: [HLS 200-111] Finished Binding: CPU user time: 0.03 seconds. CPU system time: 0.01 seconds. Elapsed time: 0.06 seconds; current allocated memory: 1.458 GB.
INFO: [HLS 200-10] ----------------------------------------------------------------
INFO: [HLS 200-42] -- Implementing module 'stream2axis_256u_8' 
INFO: [HLS 200-10] ----------------------------------------------------------------
INFO: [SCHED 204-11] Starting scheduling ...
INFO: [SCHED 204-11] Finished scheduling.
INFO: [HLS 200-111] Finished Scheduling: CPU user time: 0.03 seconds. CPU system time: 0 seconds. Elapsed time: 0.07 seconds; current allocated memory: 1.458 GB.
INFO: [BIND 205-100] Starting micro-architecture generation ...
INFO: [BIND 205-101] Performing variable lifetime analysis.
INFO: [BIND 205-101] Exploring resource sharing.
INFO: [BIND 205-101] Binding ...
INFO: [BIND 205-100] Finished micro-architecture generation.
INFO: [HLS 200-111] Finished Binding: CPU user time: 0.13 seconds. CPU system time: 0.01 seconds. Elapsed time: 0.16 seconds; current allocated memory: 1.458 GB.
INFO: [HLS 200-10] ----------------------------------------------------------------
INFO: [HLS 200-42] -- Implementing module 'stream2axis_256u_9_Pipeline_VITIS_LOOP_7444_1' 
INFO: [HLS 200-10] ----------------------------------------------------------------
INFO: [SCHED 204-11] Starting scheduling ...
INFO: [SCHED 204-61] Pipelining loop 'VITIS_LOOP_7444_1'.
INFO: [HLS 200-1470] Pipelining result : Target II = 1, Final II = 1, Depth = 2, loop 'VITIS_LOOP_7444_1'
INFO: [SCHED 204-11] Finished scheduling.
INFO: [HLS 200-111] Finished Scheduling: CPU user time: 0.05 seconds. CPU system time: 0 seconds. Elapsed time: 0.08 seconds; current allocated memory: 1.458 GB.
INFO: [BIND 205-100] Starting micro-architecture generation ...
INFO: [BIND 205-101] Performing variable lifetime analysis.
INFO: [BIND 205-101] Exploring resource sharing.
INFO: [BIND 205-101] Binding ...
INFO: [BIND 205-100] Finished micro-architecture generation.
INFO: [HLS 200-111] Finished Binding: CPU user time: 0.04 seconds. CPU system time: 0 seconds. Elapsed time: 0.06 seconds; current allocated memory: 1.458 GB.
INFO: [HLS 200-10] ----------------------------------------------------------------
INFO: [HLS 200-42] -- Implementing module 'stream2axis_256u_9' 
INFO: [HLS 200-10] ----------------------------------------------------------------
INFO: [SCHED 204-11] Starting scheduling ...
INFO: [SCHED 204-11] Finished scheduling.
INFO: [HLS 200-111] Finished Scheduling: CPU user time: 0.04 seconds. CPU system time: 0 seconds. Elapsed time: 0.06 seconds; current allocated memory: 1.458 GB.
INFO: [BIND 205-100] Starting micro-architecture generation ...
INFO: [BIND 205-101] Performing variable lifetime analysis.
INFO: [BIND 205-101] Exploring resource sharing.
INFO: [BIND 205-101] Binding ...
INFO: [BIND 205-100] Finished micro-architecture generation.
INFO: [HLS 200-111] Finished Binding: CPU user time: 0.14 seconds. CPU system time: 0 seconds. Elapsed time: 0.16 seconds; current allocated memory: 1.458 GB.
INFO: [HLS 200-10] ----------------------------------------------------------------
INFO: [HLS 200-42] -- Implementing module 'stream2axis_256u_10_Pipeline_VITIS_LOOP_7444_1' 
INFO: [HLS 200-10] ----------------------------------------------------------------
INFO: [SCHED 204-11] Starting scheduling ...
INFO: [SCHED 204-61] Pipelining loop 'VITIS_LOOP_7444_1'.
INFO: [HLS 200-1470] Pipelining result : Target II = 1, Final II = 1, Depth = 2, loop 'VITIS_LOOP_7444_1'
INFO: [SCHED 204-11] Finished scheduling.
INFO: [HLS 200-111] Finished Scheduling: CPU user time: 0.04 seconds. CPU system time: 0.01 seconds. Elapsed time: 0.09 seconds; current allocated memory: 1.458 GB.
INFO: [BIND 205-100] Starting micro-architecture generation ...
INFO: [BIND 205-101] Performing variable lifetime analysis.
INFO: [BIND 205-101] Exploring resource sharing.
INFO: [BIND 205-101] Binding ...
INFO: [BIND 205-100] Finished micro-architecture generation.
INFO: [HLS 200-111] Finished Binding: CPU user time: 0.03 seconds. CPU system time: 0.01 seconds. Elapsed time: 0.05 seconds; current allocated memory: 1.459 GB.
INFO: [HLS 200-10] ----------------------------------------------------------------
INFO: [HLS 200-42] -- Implementing module 'stream2axis_256u_10' 
INFO: [HLS 200-10] ----------------------------------------------------------------
INFO: [SCHED 204-11] Starting scheduling ...
INFO: [SCHED 204-11] Finished scheduling.
INFO: [HLS 200-111] Finished Scheduling: CPU user time: 0.03 seconds. CPU system time: 0 seconds. Elapsed time: 0.07 seconds; current allocated memory: 1.459 GB.
INFO: [BIND 205-100] Starting micro-architecture generation ...
INFO: [BIND 205-101] Performing variable lifetime analysis.
INFO: [BIND 205-101] Exploring resource sharing.
INFO: [BIND 205-101] Binding ...
INFO: [BIND 205-100] Finished micro-architecture generation.
INFO: [HLS 200-111] Finished Binding: CPU user time: 0.15 seconds. CPU system time: 0 seconds. Elapsed time: 0.16 seconds; current allocated memory: 1.459 GB.
INFO: [HLS 200-10] ----------------------------------------------------------------
INFO: [HLS 200-42] -- Implementing module 'stream2axis_256u_11_Pipeline_VITIS_LOOP_7444_1' 
INFO: [HLS 200-10] ----------------------------------------------------------------
INFO: [SCHED 204-11] Starting scheduling ...
INFO: [SCHED 204-61] Pipelining loop 'VITIS_LOOP_7444_1'.
INFO: [HLS 200-1470] Pipelining result : Target II = 1, Final II = 1, Depth = 2, loop 'VITIS_LOOP_7444_1'
INFO: [SCHED 204-11] Finished scheduling.
INFO: [HLS 200-111] Finished Scheduling: CPU user time: 0.05 seconds. CPU system time: 0.01 seconds. Elapsed time: 0.08 seconds; current allocated memory: 1.459 GB.
INFO: [BIND 205-100] Starting micro-architecture generation ...
INFO: [BIND 205-101] Performing variable lifetime analysis.
INFO: [BIND 205-101] Exploring resource sharing.
INFO: [BIND 205-101] Binding ...
INFO: [BIND 205-100] Finished micro-architecture generation.
INFO: [HLS 200-111] Finished Binding: CPU user time: 0.03 seconds. CPU system time: 0 seconds. Elapsed time: 0.06 seconds; current allocated memory: 1.459 GB.
INFO: [HLS 200-10] ----------------------------------------------------------------
INFO: [HLS 200-42] -- Implementing module 'stream2axis_256u_11' 
INFO: [HLS 200-10] ----------------------------------------------------------------
INFO: [SCHED 204-11] Starting scheduling ...
INFO: [SCHED 204-11] Finished scheduling.
INFO: [HLS 200-111] Finished Scheduling: CPU user time: 0.04 seconds. CPU system time: 0 seconds. Elapsed time: 0.06 seconds; current allocated memory: 1.459 GB.
INFO: [BIND 205-100] Starting micro-architecture generation ...
INFO: [BIND 205-101] Performing variable lifetime analysis.
INFO: [BIND 205-101] Exploring resource sharing.
INFO: [BIND 205-101] Binding ...
INFO: [BIND 205-100] Finished micro-architecture generation.
INFO: [HLS 200-111] Finished Binding: CPU user time: 0.14 seconds. CPU system time: 0.01 seconds. Elapsed time: 0.16 seconds; current allocated memory: 1.459 GB.
INFO: [HLS 200-10] ----------------------------------------------------------------
INFO: [HLS 200-42] -- Implementing module 'stream2axis_256u_12_Pipeline_VITIS_LOOP_7444_1' 
INFO: [HLS 200-10] ----------------------------------------------------------------
INFO: [SCHED 204-11] Starting scheduling ...
INFO: [SCHED 204-61] Pipelining loop 'VITIS_LOOP_7444_1'.
INFO: [HLS 200-1470] Pipelining result : Target II = 1, Final II = 1, Depth = 2, loop 'VITIS_LOOP_7444_1'
INFO: [SCHED 204-11] Finished scheduling.
INFO: [HLS 200-111] Finished Scheduling: CPU user time: 0.04 seconds. CPU system time: 0.01 seconds. Elapsed time: 0.09 seconds; current allocated memory: 1.459 GB.
INFO: [BIND 205-100] Starting micro-architecture generation ...
INFO: [BIND 205-101] Performing variable lifetime analysis.
INFO: [BIND 205-101] Exploring resource sharing.
INFO: [BIND 205-101] Binding ...
INFO: [BIND 205-100] Finished micro-architecture generation.
INFO: [HLS 200-111] Finished Binding: CPU user time: 0.04 seconds. CPU system time: 0 seconds. Elapsed time: 0.06 seconds; current allocated memory: 1.459 GB.
INFO: [HLS 200-10] ----------------------------------------------------------------
INFO: [HLS 200-42] -- Implementing module 'stream2axis_256u_12' 
INFO: [HLS 200-10] ----------------------------------------------------------------
INFO: [SCHED 204-11] Starting scheduling ...
INFO: [SCHED 204-11] Finished scheduling.
INFO: [HLS 200-111] Finished Scheduling: CPU user time: 0.04 seconds. CPU system time: 0.01 seconds. Elapsed time: 0.07 seconds; current allocated memory: 1.460 GB.
INFO: [BIND 205-100] Starting micro-architecture generation ...
INFO: [BIND 205-101] Performing variable lifetime analysis.
INFO: [BIND 205-101] Exploring resource sharing.
INFO: [BIND 205-101] Binding ...
INFO: [BIND 205-100] Finished micro-architecture generation.
INFO: [HLS 200-111] Finished Binding: CPU user time: 0.14 seconds. CPU system time: 0 seconds. Elapsed time: 0.17 seconds; current allocated memory: 1.460 GB.
INFO: [HLS 200-10] ----------------------------------------------------------------
INFO: [HLS 200-42] -- Implementing module 'stream2axis_256u_13_Pipeline_VITIS_LOOP_7444_1' 
INFO: [HLS 200-10] ----------------------------------------------------------------
INFO: [SCHED 204-11] Starting scheduling ...
INFO: [SCHED 204-61] Pipelining loop 'VITIS_LOOP_7444_1'.
INFO: [HLS 200-1470] Pipelining result : Target II = 1, Final II = 1, Depth = 2, loop 'VITIS_LOOP_7444_1'
INFO: [SCHED 204-11] Finished scheduling.
INFO: [HLS 200-111] Finished Scheduling: CPU user time: 0.05 seconds. CPU system time: 0 seconds. Elapsed time: 0.08 seconds; current allocated memory: 1.460 GB.
INFO: [BIND 205-100] Starting micro-architecture generation ...
INFO: [BIND 205-101] Performing variable lifetime analysis.
INFO: [BIND 205-101] Exploring resource sharing.
INFO: [BIND 205-101] Binding ...
INFO: [BIND 205-100] Finished micro-architecture generation.
INFO: [HLS 200-111] Finished Binding: CPU user time: 0.03 seconds. CPU system time: 0.01 seconds. Elapsed time: 0.06 seconds; current allocated memory: 1.460 GB.
INFO: [HLS 200-10] ----------------------------------------------------------------
INFO: [HLS 200-42] -- Implementing module 'stream2axis_256u_13' 
INFO: [HLS 200-10] ----------------------------------------------------------------
INFO: [SCHED 204-11] Starting scheduling ...
INFO: [SCHED 204-11] Finished scheduling.
INFO: [HLS 200-111] Finished Scheduling: CPU user time: 0.03 seconds. CPU system time: 0 seconds. Elapsed time: 0.06 seconds; current allocated memory: 1.460 GB.
INFO: [BIND 205-100] Starting micro-architecture generation ...
INFO: [BIND 205-101] Performing variable lifetime analysis.
INFO: [BIND 205-101] Exploring resource sharing.
INFO: [BIND 205-101] Binding ...
INFO: [BIND 205-100] Finished micro-architecture generation.
INFO: [HLS 200-111] Finished Binding: CPU user time: 0.14 seconds. CPU system time: 0 seconds. Elapsed time: 0.17 seconds; current allocated memory: 1.460 GB.
INFO: [HLS 200-10] ----------------------------------------------------------------
INFO: [HLS 200-42] -- Implementing module 'stream2axis_256u_14_Pipeline_VITIS_LOOP_7444_1' 
INFO: [HLS 200-10] ----------------------------------------------------------------
INFO: [SCHED 204-11] Starting scheduling ...
INFO: [SCHED 204-61] Pipelining loop 'VITIS_LOOP_7444_1'.
INFO: [HLS 200-1470] Pipelining result : Target II = 1, Final II = 1, Depth = 2, loop 'VITIS_LOOP_7444_1'
INFO: [SCHED 204-11] Finished scheduling.
INFO: [HLS 200-111] Finished Scheduling: CPU user time: 0.05 seconds. CPU system time: 0.01 seconds. Elapsed time: 0.09 seconds; current allocated memory: 1.460 GB.
INFO: [BIND 205-100] Starting micro-architecture generation ...
INFO: [BIND 205-101] Performing variable lifetime analysis.
INFO: [BIND 205-101] Exploring resource sharing.
INFO: [BIND 205-101] Binding ...
INFO: [BIND 205-100] Finished micro-architecture generation.
INFO: [HLS 200-111] Finished Binding: CPU user time: 0.04 seconds. CPU system time: 0 seconds. Elapsed time: 0.07 seconds; current allocated memory: 1.461 GB.
INFO: [HLS 200-10] ----------------------------------------------------------------
INFO: [HLS 200-42] -- Implementing module 'stream2axis_256u_14' 
INFO: [HLS 200-10] ----------------------------------------------------------------
INFO: [SCHED 204-11] Starting scheduling ...
INFO: [SCHED 204-11] Finished scheduling.
INFO: [HLS 200-111] Finished Scheduling: CPU user time: 0.03 seconds. CPU system time: 0.01 seconds. Elapsed time: 0.07 seconds; current allocated memory: 1.461 GB.
INFO: [BIND 205-100] Starting micro-architecture generation ...
INFO: [BIND 205-101] Performing variable lifetime analysis.
INFO: [BIND 205-101] Exploring resource sharing.
INFO: [BIND 205-101] Binding ...
INFO: [BIND 205-100] Finished micro-architecture generation.
INFO: [HLS 200-111] Finished Binding: CPU user time: 0.13 seconds. CPU system time: 0 seconds. Elapsed time: 0.16 seconds; current allocated memory: 1.461 GB.
INFO: [HLS 200-10] ----------------------------------------------------------------
INFO: [HLS 200-42] -- Implementing module 'kernel_outerloop_0_dataflow_region' 
INFO: [HLS 200-10] ----------------------------------------------------------------
INFO: [SCHED 204-11] Starting scheduling ...
INFO: [SCHED 204-11] Finished scheduling.
INFO: [HLS 200-111] Finished Scheduling: CPU user time: 0.1 seconds. CPU system time: 0.01 seconds. Elapsed time: 0.13 seconds; current allocated memory: 1.461 GB.
INFO: [BIND 205-100] Starting micro-architecture generation ...
INFO: [BIND 205-101] Performing variable lifetime analysis.
INFO: [BIND 205-101] Exploring resource sharing.
INFO: [BIND 205-101] Binding ...
INFO: [BIND 205-100] Finished micro-architecture generation.
INFO: [HLS 200-111] Finished Binding: CPU user time: 2.02 seconds. CPU system time: 0 seconds. Elapsed time: 2.06 seconds; current allocated memory: 1.462 GB.
INFO: [HLS 200-10] ----------------------------------------------------------------
INFO: [HLS 200-42] -- Implementing module 'kernel_outerloop_0_0' 
INFO: [HLS 200-10] ----------------------------------------------------------------
INFO: [SCHED 204-11] Starting scheduling ...
INFO: [HLS 200-486] Changing DSP latency (root=mul_ln213) to 3 in order to utilize available DSP registers.
INFO: [SCHED 204-11] Finished scheduling.
INFO: [HLS 200-111] Finished Scheduling: CPU user time: 5.92 seconds. CPU system time: 0.01 seconds. Elapsed time: 5.98 seconds; current allocated memory: 1.463 GB.
INFO: [BIND 205-100] Starting micro-architecture generation ...
INFO: [BIND 205-101] Performing variable lifetime analysis.
INFO: [BIND 205-101] Exploring resource sharing.
INFO: [BIND 205-101] Binding ...
INFO: [BIND 205-100] Finished micro-architecture generation.
INFO: [HLS 200-111] Finished Binding: CPU user time: 2.12 seconds. CPU system time: 0.01 seconds. Elapsed time: 2.16 seconds; current allocated memory: 1.464 GB.
INFO: [HLS 200-10] ----------------------------------------------------------------
INFO: [HLS 200-10] -- Generating RTL for module 'entry_proc' 
INFO: [HLS 200-10] ----------------------------------------------------------------
INFO: [RTGEN 206-100] Finished creating RTL model for 'entry_proc'.
INFO: [HLS 200-111] Finished Creating RTL model: CPU user time: 5.95 seconds. CPU system time: 0.03 seconds. Elapsed time: 6.03 seconds; current allocated memory: 1.465 GB.
INFO: [HLS 200-10] ----------------------------------------------------------------
INFO: [HLS 200-10] -- Generating RTL for module 'axis2stream_256u_Pipeline_VITIS_LOOP_7497_1' 
INFO: [HLS 200-10] ----------------------------------------------------------------
INFO: [HLS 200-1030] Apply Unified Pipeline Control on module 'axis2stream_256u_Pipeline_VITIS_LOOP_7497_1' pipeline 'VITIS_LOOP_7497_1' pipeline type 'loop pipeline'
INFO: [RTGEN 206-100] Finished creating RTL model for 'axis2stream_256u_Pipeline_VITIS_LOOP_7497_1'.
INFO: [HLS 200-111] Finished Creating RTL model: CPU user time: 0.08 seconds. CPU system time: 0 seconds. Elapsed time: 0.11 seconds; current allocated memory: 1.465 GB.
INFO: [HLS 200-10] ----------------------------------------------------------------
INFO: [HLS 200-10] -- Generating RTL for module 'axis2stream_256u_s' 
INFO: [HLS 200-10] ----------------------------------------------------------------
INFO: [RTGEN 206-100] Finished creating RTL model for 'axis2stream_256u_s'.
INFO: [HLS 200-111] Finished Creating RTL model: CPU user time: 0.07 seconds. CPU system time: 0 seconds. Elapsed time: 0.11 seconds; current allocated memory: 1.466 GB.
INFO: [HLS 200-10] ----------------------------------------------------------------
INFO: [HLS 200-10] -- Generating RTL for module 'axis2stream_256u_1' 
INFO: [HLS 200-10] ----------------------------------------------------------------
INFO: [HLS 200-1030] Apply Unified Pipeline Control on module 'axis2stream_256u_1' pipeline 'VITIS_LOOP_7497_1' pipeline type 'loop pipeline'
INFO: [RTGEN 206-100] Finished creating RTL model for 'axis2stream_256u_1'.
INFO: [HLS 200-111] Finished Creating RTL model: CPU user time: 0.04 seconds. CPU system time: 0.02 seconds. Elapsed time: 0.08 seconds; current allocated memory: 1.467 GB.
INFO: [HLS 200-10] ----------------------------------------------------------------
INFO: [HLS 200-10] -- Generating RTL for module 'axis2stream_256u_2' 
INFO: [HLS 200-10] ----------------------------------------------------------------
INFO: [HLS 200-1030] Apply Unified Pipeline Control on module 'axis2stream_256u_2' pipeline 'VITIS_LOOP_7497_1' pipeline type 'loop pipeline'
INFO: [RTGEN 206-100] Finished creating RTL model for 'axis2stream_256u_2'.
INFO: [HLS 200-111] Finished Creating RTL model: CPU user time: 0.07 seconds. CPU system time: 0 seconds. Elapsed time: 0.11 seconds; current allocated memory: 1.467 GB.
INFO: [HLS 200-10] ----------------------------------------------------------------
INFO: [HLS 200-10] -- Generating RTL for module 'axis2stream_256u_3' 
INFO: [HLS 200-10] ----------------------------------------------------------------
INFO: [HLS 200-1030] Apply Unified Pipeline Control on module 'axis2stream_256u_3' pipeline 'VITIS_LOOP_7497_1' pipeline type 'loop pipeline'
INFO: [RTGEN 206-100] Finished creating RTL model for 'axis2stream_256u_3'.
INFO: [HLS 200-111] Finished Creating RTL model: CPU user time: 0.07 seconds. CPU system time: 0.01 seconds. Elapsed time: 0.12 seconds; current allocated memory: 1.468 GB.
INFO: [HLS 200-10] ----------------------------------------------------------------
INFO: [HLS 200-10] -- Generating RTL for module 'axis2stream_256u_4' 
INFO: [HLS 200-10] ----------------------------------------------------------------
INFO: [HLS 200-1030] Apply Unified Pipeline Control on module 'axis2stream_256u_4' pipeline 'VITIS_LOOP_7497_1' pipeline type 'loop pipeline'
INFO: [RTGEN 206-100] Finished creating RTL model for 'axis2stream_256u_4'.
INFO: [HLS 200-111] Finished Creating RTL model: CPU user time: 0.07 seconds. CPU system time: 0.01 seconds. Elapsed time: 0.12 seconds; current allocated memory: 1.469 GB.
INFO: [HLS 200-10] ----------------------------------------------------------------
INFO: [HLS 200-10] -- Generating RTL for module 'axis2stream_256u_5' 
INFO: [HLS 200-10] ----------------------------------------------------------------
INFO: [HLS 200-1030] Apply Unified Pipeline Control on module 'axis2stream_256u_5' pipeline 'VITIS_LOOP_7497_1' pipeline type 'loop pipeline'
INFO: [RTGEN 206-100] Finished creating RTL model for 'axis2stream_256u_5'.
INFO: [HLS 200-111] Finished Creating RTL model: CPU user time: 0.08 seconds. CPU system time: 0.01 seconds. Elapsed time: 0.13 seconds; current allocated memory: 1.469 GB.
INFO: [HLS 200-10] ----------------------------------------------------------------
INFO: [HLS 200-10] -- Generating RTL for module 'axis2stream_256u_6' 
INFO: [HLS 200-10] ----------------------------------------------------------------
INFO: [HLS 200-1030] Apply Unified Pipeline Control on module 'axis2stream_256u_6' pipeline 'VITIS_LOOP_7497_1' pipeline type 'loop pipeline'
INFO: [RTGEN 206-100] Finished creating RTL model for 'axis2stream_256u_6'.
INFO: [HLS 200-111] Finished Creating RTL model: CPU user time: 0.07 seconds. CPU system time: 0.01 seconds. Elapsed time: 0.12 seconds; current allocated memory: 1.470 GB.
INFO: [HLS 200-10] ----------------------------------------------------------------
INFO: [HLS 200-10] -- Generating RTL for module 'axis2stream_256u_7' 
INFO: [HLS 200-10] ----------------------------------------------------------------
INFO: [HLS 200-1030] Apply Unified Pipeline Control on module 'axis2stream_256u_7' pipeline 'VITIS_LOOP_7497_1' pipeline type 'loop pipeline'
INFO: [RTGEN 206-100] Finished creating RTL model for 'axis2stream_256u_7'.
INFO: [HLS 200-111] Finished Creating RTL model: CPU user time: 0.08 seconds. CPU system time: 0.01 seconds. Elapsed time: 0.11 seconds; current allocated memory: 1.471 GB.
INFO: [HLS 200-10] ----------------------------------------------------------------
INFO: [HLS 200-10] -- Generating RTL for module 'register_it_ap_uint_256_s' 
INFO: [HLS 200-10] ----------------------------------------------------------------
INFO: [RTGEN 206-100] Finished creating RTL model for 'register_it_ap_uint_256_s'.
INFO: [HLS 200-111] Finished Creating RTL model: CPU user time: 0.07 seconds. CPU system time: 0 seconds. Elapsed time: 0.11 seconds; current allocated memory: 1.471 GB.
INFO: [HLS 200-10] ----------------------------------------------------------------
INFO: [HLS 200-10] -- Generating RTL for module 'stream2interleave_Pipeline_VITIS_LOOP_1470_1' 
INFO: [HLS 200-10] ----------------------------------------------------------------
INFO: [HLS 200-1030] Apply Unified Pipeline Control on module 'stream2interleave_Pipeline_VITIS_LOOP_1470_1' pipeline 'VITIS_LOOP_1470_1' pipeline type 'loop pipeline'
INFO: [RTGEN 206-100] Finished creating RTL model for 'stream2interleave_Pipeline_VITIS_LOOP_1470_1'.
INFO: [HLS 200-111] Finished Creating RTL model: CPU user time: 0.05 seconds. CPU system time: 0.01 seconds. Elapsed time: 0.08 seconds; current allocated memory: 1.472 GB.
INFO: [HLS 200-10] ----------------------------------------------------------------
INFO: [HLS 200-10] -- Generating RTL for module 'stream2interleave' 
INFO: [HLS 200-10] ----------------------------------------------------------------
INFO: [RTGEN 206-100] Finished creating RTL model for 'stream2interleave'.
INFO: [HLS 200-111] Finished Creating RTL model: CPU user time: 0.13 seconds. CPU system time: 0.03 seconds. Elapsed time: 0.2 seconds; current allocated memory: 1.474 GB.
INFO: [HLS 200-10] ----------------------------------------------------------------
INFO: [HLS 200-10] -- Generating RTL for module 'generic_ldexp_float_s' 
INFO: [HLS 200-10] ----------------------------------------------------------------
INFO: [RTGEN 206-100] Finished creating RTL model for 'generic_ldexp_float_s'.
INFO: [HLS 200-111] Finished Creating RTL model: CPU user time: 0.06 seconds. CPU system time: 0.01 seconds. Elapsed time: 0.1 seconds; current allocated memory: 1.475 GB.
INFO: [HLS 200-10] ----------------------------------------------------------------
INFO: [HLS 200-10] -- Generating RTL for module 'stencilRun_3_Pipeline_VITIS_LOOP_239_1' 
INFO: [HLS 200-10] ----------------------------------------------------------------
INFO: [HLS 200-1030] Apply Unified Pipeline Control on module 'stencilRun_3_Pipeline_VITIS_LOOP_239_1' pipeline 'VITIS_LOOP_239_1' pipeline type 'loop pipeline'
INFO: [RTGEN 206-104] Estimated max fanout for 'stencilRun_3_Pipeline_VITIS_LOOP_239_1' is 28668 from HDL expression: (1'b0 == ap_block_pp0_stage0_11001)
INFO: [RTGEN 206-100] Generating core module 'fadd_32ns_32ns_32_7_full_dsp_1': 64 instance(s).
INFO: [RTGEN 206-100] Finished creating RTL model for 'stencilRun_3_Pipeline_VITIS_LOOP_239_1'.
INFO: [HLS 200-111] Finished Creating RTL model: CPU user time: 0.25 seconds. CPU system time: 0.03 seconds. Elapsed time: 0.35 seconds; current allocated memory: 1.483 GB.
INFO: [HLS 200-10] ----------------------------------------------------------------
INFO: [HLS 200-10] -- Generating RTL for module 'stencilRun_3' 
INFO: [HLS 200-10] ----------------------------------------------------------------
INFO: [RTGEN 206-100] Generating core module 'mul_mul_16ns_14ns_30_4_1': 2 instance(s).
INFO: [RTGEN 206-100] Finished creating RTL model for 'stencilRun_3'.
INFO: [RTMG 210-278] Implementing memory 'kernel_outerloop_0_0_stencilRun_3_arg0_buf_r0_1_p0_V_RAM_S2P_URAM_2R1W' using ultra RAMs.
INFO: [RTMG 210-278] Implementing memory 'kernel_outerloop_0_0_stencilRun_3_arg0_buf_r1_2_p0_V_RAM_S2P_BRAM_2R1W' using block RAMs.
INFO: [HLS 200-111] Finished Creating RTL model: CPU user time: 3.43 seconds. CPU system time: 0.12 seconds. Elapsed time: 3.64 seconds; current allocated memory: 1.492 GB.
INFO: [HLS 200-10] ----------------------------------------------------------------
INFO: [HLS 200-10] -- Generating RTL for module 'kernel_poisson_kernel_stencil_PE_unsigned_short_4_unsigned_short_0_s' 
INFO: [HLS 200-10] ----------------------------------------------------------------
INFO: [RTGEN 206-100] Finished creating RTL model for 'kernel_poisson_kernel_stencil_PE_unsigned_short_4_unsigned_short_0_s'.
INFO: [HLS 200-111] Finished Creating RTL model: CPU user time: 1.57 seconds. CPU system time: 0.01 seconds. Elapsed time: 1.63 seconds; current allocated memory: 1.493 GB.
INFO: [HLS 200-10] ----------------------------------------------------------------
INFO: [HLS 200-10] -- Generating RTL for module 'stencilRun_2_Pipeline_VITIS_LOOP_239_1' 
INFO: [HLS 200-10] ----------------------------------------------------------------
INFO: [HLS 200-1030] Apply Unified Pipeline Control on module 'stencilRun_2_Pipeline_VITIS_LOOP_239_1' pipeline 'VITIS_LOOP_239_1' pipeline type 'loop pipeline'
INFO: [RTGEN 206-104] Estimated max fanout for 'stencilRun_2_Pipeline_VITIS_LOOP_239_1' is 28668 from HDL expression: (1'b0 == ap_block_pp0_stage0_11001)
INFO: [RTGEN 206-100] Generating core module 'fadd_32ns_32ns_32_7_full_dsp_1': 64 instance(s).
INFO: [RTGEN 206-100] Finished creating RTL model for 'stencilRun_2_Pipeline_VITIS_LOOP_239_1'.
INFO: [HLS 200-111] Finished Creating RTL model: CPU user time: 1.67 seconds. CPU system time: 0.01 seconds. Elapsed time: 1.74 seconds; current allocated memory: 1.501 GB.
INFO: [HLS 200-10] ----------------------------------------------------------------
INFO: [HLS 200-10] -- Generating RTL for module 'stencilRun_2' 
INFO: [HLS 200-10] ----------------------------------------------------------------
INFO: [RTGEN 206-100] Generating core module 'mul_mul_16ns_14ns_30_4_1': 2 instance(s).
INFO: [RTGEN 206-100] Finished creating RTL model for 'stencilRun_2'.
INFO: [HLS 200-111] Finished Creating RTL model: CPU user time: 3.51 seconds. CPU system time: 0.1 seconds. Elapsed time: 3.66 seconds; current allocated memory: 1.510 GB.
INFO: [HLS 200-10] ----------------------------------------------------------------
INFO: [HLS 200-10] -- Generating RTL for module 'kernel_poisson_kernel_stencil_PE_unsigned_short_4_unsigned_short_1_s' 
INFO: [HLS 200-10] ----------------------------------------------------------------
INFO: [RTGEN 206-100] Finished creating RTL model for 'kernel_poisson_kernel_stencil_PE_unsigned_short_4_unsigned_short_1_s'.
INFO: [HLS 200-111] Finished Creating RTL model: CPU user time: 1.64 seconds. CPU system time: 0.01 seconds. Elapsed time: 1.69 seconds; current allocated memory: 1.511 GB.
INFO: [HLS 200-10] ----------------------------------------------------------------
INFO: [HLS 200-10] -- Generating RTL for module 'stencilRun_1_Pipeline_VITIS_LOOP_239_1' 
INFO: [HLS 200-10] ----------------------------------------------------------------
INFO: [HLS 200-1030] Apply Unified Pipeline Control on module 'stencilRun_1_Pipeline_VITIS_LOOP_239_1' pipeline 'VITIS_LOOP_239_1' pipeline type 'loop pipeline'
INFO: [RTGEN 206-104] Estimated max fanout for 'stencilRun_1_Pipeline_VITIS_LOOP_239_1' is 28668 from HDL expression: (1'b0 == ap_block_pp0_stage0_11001)
INFO: [RTGEN 206-100] Generating core module 'fadd_32ns_32ns_32_7_full_dsp_1': 64 instance(s).
INFO: [RTGEN 206-100] Finished creating RTL model for 'stencilRun_1_Pipeline_VITIS_LOOP_239_1'.
INFO: [HLS 200-111] Finished Creating RTL model: CPU user time: 1.67 seconds. CPU system time: 0.01 seconds. Elapsed time: 1.74 seconds; current allocated memory: 1.519 GB.
INFO: [HLS 200-10] ----------------------------------------------------------------
INFO: [HLS 200-10] -- Generating RTL for module 'stencilRun_1' 
INFO: [HLS 200-10] ----------------------------------------------------------------
INFO: [RTGEN 206-100] Generating core module 'mul_mul_16ns_14ns_30_4_1': 2 instance(s).
INFO: [RTGEN 206-100] Finished creating RTL model for 'stencilRun_1'.
INFO: [HLS 200-111] Finished Creating RTL model: CPU user time: 3.41 seconds. CPU system time: 0.11 seconds. Elapsed time: 3.6 seconds; current allocated memory: 1.528 GB.
INFO: [HLS 200-10] ----------------------------------------------------------------
INFO: [HLS 200-10] -- Generating RTL for module 'kernel_poisson_kernel_stencil_PE_unsigned_short_4_unsigned_short_2_s' 
INFO: [HLS 200-10] ----------------------------------------------------------------
INFO: [RTGEN 206-100] Finished creating RTL model for 'kernel_poisson_kernel_stencil_PE_unsigned_short_4_unsigned_short_2_s'.
INFO: [HLS 200-111] Finished Creating RTL model: CPU user time: 1.51 seconds. CPU system time: 0 seconds. Elapsed time: 1.56 seconds; current allocated memory: 1.529 GB.
INFO: [HLS 200-10] ----------------------------------------------------------------
INFO: [HLS 200-10] -- Generating RTL for module 'stencilRun_Pipeline_VITIS_LOOP_239_1' 
INFO: [HLS 200-10] ----------------------------------------------------------------
INFO: [HLS 200-1030] Apply Unified Pipeline Control on module 'stencilRun_Pipeline_VITIS_LOOP_239_1' pipeline 'VITIS_LOOP_239_1' pipeline type 'loop pipeline'
INFO: [RTGEN 206-104] Estimated max fanout for 'stencilRun_Pipeline_VITIS_LOOP_239_1' is 28668 from HDL expression: (1'b0 == ap_block_pp0_stage0_11001)
INFO: [RTGEN 206-100] Generating core module 'fadd_32ns_32ns_32_7_full_dsp_1': 64 instance(s).
INFO: [RTGEN 206-100] Finished creating RTL model for 'stencilRun_Pipeline_VITIS_LOOP_239_1'.
INFO: [HLS 200-111] Finished Creating RTL model: CPU user time: 1.58 seconds. CPU system time: 0.02 seconds. Elapsed time: 1.66 seconds; current allocated memory: 1.536 GB.
INFO: [HLS 200-10] ----------------------------------------------------------------
INFO: [HLS 200-10] -- Generating RTL for module 'stencilRun' 
INFO: [HLS 200-10] ----------------------------------------------------------------
INFO: [RTGEN 206-100] Generating core module 'mul_mul_16ns_14ns_30_4_1': 2 instance(s).
INFO: [RTGEN 206-100] Finished creating RTL model for 'stencilRun'.
INFO: [HLS 200-111] Finished Creating RTL model: CPU user time: 3.46 seconds. CPU system time: 0.14 seconds. Elapsed time: 3.65 seconds; current allocated memory: 1.546 GB.
INFO: [HLS 200-10] ----------------------------------------------------------------
INFO: [HLS 200-10] -- Generating RTL for module 'kernel_poisson_kernel_stencil_PE_unsigned_short_4_unsigned_short_3_s' 
INFO: [HLS 200-10] ----------------------------------------------------------------
INFO: [RTGEN 206-100] Finished creating RTL model for 'kernel_poisson_kernel_stencil_PE_unsigned_short_4_unsigned_short_3_s'.
INFO: [HLS 200-111] Finished Creating RTL model: CPU user time: 1.59 seconds. CPU system time: 0 seconds. Elapsed time: 1.64 seconds; current allocated memory: 1.549 GB.
INFO: [HLS 200-10] ----------------------------------------------------------------
INFO: [HLS 200-10] -- Generating RTL for module 'register_it_ap_uint_288_s' 
INFO: [HLS 200-10] ----------------------------------------------------------------
INFO: [RTGEN 206-100] Finished creating RTL model for 'register_it_ap_uint_288_s'.
INFO: [HLS 200-111] Finished Creating RTL model: CPU user time: 1.45 seconds. CPU system time: 0.02 seconds. Elapsed time: 1.51 seconds; current allocated memory: 1.550 GB.
INFO: [HLS 200-10] ----------------------------------------------------------------
INFO: [HLS 200-10] -- Generating RTL for module 'interleave2stream_Pipeline_VITIS_LOOP_1597_1' 
INFO: [HLS 200-10] ----------------------------------------------------------------
INFO: [HLS 200-1030] Apply Unified Pipeline Control on module 'interleave2stream_Pipeline_VITIS_LOOP_1597_1' pipeline 'VITIS_LOOP_1597_1' pipeline type 'loop pipeline'
INFO: [RTGEN 206-100] Finished creating RTL model for 'interleave2stream_Pipeline_VITIS_LOOP_1597_1'.
INFO: [HLS 200-111] Finished Creating RTL model: CPU user time: 0.05 seconds. CPU system time: 0 seconds. Elapsed time: 0.12 seconds; current allocated memory: 1.550 GB.
INFO: [HLS 200-10] ----------------------------------------------------------------
INFO: [HLS 200-10] -- Generating RTL for module 'interleave2stream' 
INFO: [HLS 200-10] ----------------------------------------------------------------
INFO: [RTGEN 206-100] Finished creating RTL model for 'interleave2stream'.
INFO: [HLS 200-111] Finished Creating RTL model: CPU user time: 0.09 seconds. CPU system time: 0.02 seconds. Elapsed time: 0.15 seconds; current allocated memory: 1.551 GB.
INFO: [HLS 200-10] ----------------------------------------------------------------
INFO: [HLS 200-10] -- Generating RTL for module 'stream2axis_256u_Pipeline_VITIS_LOOP_7444_1' 
INFO: [HLS 200-10] ----------------------------------------------------------------
INFO: [HLS 200-1030] Apply Unified Pipeline Control on module 'stream2axis_256u_Pipeline_VITIS_LOOP_7444_1' pipeline 'VITIS_LOOP_7444_1' pipeline type 'loop pipeline'
INFO: [RTGEN 206-100] Finished creating RTL model for 'stream2axis_256u_Pipeline_VITIS_LOOP_7444_1'.
INFO: [HLS 200-111] Finished Creating RTL model: CPU user time: 0.08 seconds. CPU system time: 0.01 seconds. Elapsed time: 0.13 seconds; current allocated memory: 1.552 GB.
INFO: [HLS 200-10] ----------------------------------------------------------------
INFO: [HLS 200-10] -- Generating RTL for module 'stream2axis_256u_s' 
INFO: [HLS 200-10] ----------------------------------------------------------------
INFO: [RTGEN 206-100] Finished creating RTL model for 'stream2axis_256u_s'.
INFO: [HLS 200-111] Finished Creating RTL model: CPU user time: 0.08 seconds. CPU system time: 0 seconds. Elapsed time: 0.11 seconds; current allocated memory: 1.553 GB.
INFO: [HLS 200-10] ----------------------------------------------------------------
INFO: [HLS 200-10] -- Generating RTL for module 'stream2axis_256u_8_Pipeline_VITIS_LOOP_7444_1' 
INFO: [HLS 200-10] ----------------------------------------------------------------
INFO: [HLS 200-1030] Apply Unified Pipeline Control on module 'stream2axis_256u_8_Pipeline_VITIS_LOOP_7444_1' pipeline 'VITIS_LOOP_7444_1' pipeline type 'loop pipeline'
INFO: [RTGEN 206-100] Finished creating RTL model for 'stream2axis_256u_8_Pipeline_VITIS_LOOP_7444_1'.
INFO: [HLS 200-111] Finished Creating RTL model: CPU user time: 0.07 seconds. CPU system time: 0.01 seconds. Elapsed time: 0.12 seconds; current allocated memory: 1.554 GB.
INFO: [HLS 200-10] ----------------------------------------------------------------
INFO: [HLS 200-10] -- Generating RTL for module 'stream2axis_256u_8' 
INFO: [HLS 200-10] ----------------------------------------------------------------
INFO: [RTGEN 206-100] Finished creating RTL model for 'stream2axis_256u_8'.
INFO: [HLS 200-111] Finished Creating RTL model: CPU user time: 0.08 seconds. CPU system time: 0 seconds. Elapsed time: 0.13 seconds; current allocated memory: 1.554 GB.
INFO: [HLS 200-10] ----------------------------------------------------------------
INFO: [HLS 200-10] -- Generating RTL for module 'stream2axis_256u_9_Pipeline_VITIS_LOOP_7444_1' 
INFO: [HLS 200-10] ----------------------------------------------------------------
INFO: [HLS 200-1030] Apply Unified Pipeline Control on module 'stream2axis_256u_9_Pipeline_VITIS_LOOP_7444_1' pipeline 'VITIS_LOOP_7444_1' pipeline type 'loop pipeline'
INFO: [RTGEN 206-100] Finished creating RTL model for 'stream2axis_256u_9_Pipeline_VITIS_LOOP_7444_1'.
INFO: [HLS 200-111] Finished Creating RTL model: CPU user time: 0.07 seconds. CPU system time: 0 seconds. Elapsed time: 0.12 seconds; current allocated memory: 1.555 GB.
INFO: [HLS 200-10] ----------------------------------------------------------------
INFO: [HLS 200-10] -- Generating RTL for module 'stream2axis_256u_9' 
INFO: [HLS 200-10] ----------------------------------------------------------------
INFO: [RTGEN 206-100] Finished creating RTL model for 'stream2axis_256u_9'.
INFO: [HLS 200-111] Finished Creating RTL model: CPU user time: 0.08 seconds. CPU system time: 0.01 seconds. Elapsed time: 0.12 seconds; current allocated memory: 1.556 GB.
INFO: [HLS 200-10] ----------------------------------------------------------------
INFO: [HLS 200-10] -- Generating RTL for module 'stream2axis_256u_10_Pipeline_VITIS_LOOP_7444_1' 
INFO: [HLS 200-10] ----------------------------------------------------------------
INFO: [HLS 200-1030] Apply Unified Pipeline Control on module 'stream2axis_256u_10_Pipeline_VITIS_LOOP_7444_1' pipeline 'VITIS_LOOP_7444_1' pipeline type 'loop pipeline'
INFO: [RTGEN 206-100] Finished creating RTL model for 'stream2axis_256u_10_Pipeline_VITIS_LOOP_7444_1'.
INFO: [HLS 200-111] Finished Creating RTL model: CPU user time: 0.07 seconds. CPU system time: 0 seconds. Elapsed time: 0.12 seconds; current allocated memory: 1.556 GB.
INFO: [HLS 200-10] ----------------------------------------------------------------
INFO: [HLS 200-10] -- Generating RTL for module 'stream2axis_256u_10' 
INFO: [HLS 200-10] ----------------------------------------------------------------
INFO: [RTGEN 206-100] Finished creating RTL model for 'stream2axis_256u_10'.
INFO: [HLS 200-111] Finished Creating RTL model: CPU user time: 0.06 seconds. CPU system time: 0.02 seconds. Elapsed time: 0.12 seconds; current allocated memory: 1.557 GB.
INFO: [HLS 200-10] ----------------------------------------------------------------
INFO: [HLS 200-10] -- Generating RTL for module 'stream2axis_256u_11_Pipeline_VITIS_LOOP_7444_1' 
INFO: [HLS 200-10] ----------------------------------------------------------------
INFO: [HLS 200-1030] Apply Unified Pipeline Control on module 'stream2axis_256u_11_Pipeline_VITIS_LOOP_7444_1' pipeline 'VITIS_LOOP_7444_1' pipeline type 'loop pipeline'
INFO: [RTGEN 206-100] Finished creating RTL model for 'stream2axis_256u_11_Pipeline_VITIS_LOOP_7444_1'.
INFO: [HLS 200-111] Finished Creating RTL model: CPU user time: 0.07 seconds. CPU system time: 0 seconds. Elapsed time: 0.11 seconds; current allocated memory: 1.557 GB.
INFO: [HLS 200-10] ----------------------------------------------------------------
INFO: [HLS 200-10] -- Generating RTL for module 'stream2axis_256u_11' 
INFO: [HLS 200-10] ----------------------------------------------------------------
INFO: [RTGEN 206-100] Finished creating RTL model for 'stream2axis_256u_11'.
INFO: [HLS 200-111] Finished Creating RTL model: CPU user time: 0.08 seconds. CPU system time: 0.01 seconds. Elapsed time: 0.13 seconds; current allocated memory: 1.558 GB.
INFO: [HLS 200-10] ----------------------------------------------------------------
INFO: [HLS 200-10] -- Generating RTL for module 'stream2axis_256u_12_Pipeline_VITIS_LOOP_7444_1' 
INFO: [HLS 200-10] ----------------------------------------------------------------
INFO: [HLS 200-1030] Apply Unified Pipeline Control on module 'stream2axis_256u_12_Pipeline_VITIS_LOOP_7444_1' pipeline 'VITIS_LOOP_7444_1' pipeline type 'loop pipeline'
INFO: [RTGEN 206-100] Finished creating RTL model for 'stream2axis_256u_12_Pipeline_VITIS_LOOP_7444_1'.
INFO: [HLS 200-111] Finished Creating RTL model: CPU user time: 0.07 seconds. CPU system time: 0.01 seconds. Elapsed time: 0.12 seconds; current allocated memory: 1.559 GB.
INFO: [HLS 200-10] ----------------------------------------------------------------
INFO: [HLS 200-10] -- Generating RTL for module 'stream2axis_256u_12' 
INFO: [HLS 200-10] ----------------------------------------------------------------
INFO: [RTGEN 206-100] Finished creating RTL model for 'stream2axis_256u_12'.
INFO: [HLS 200-111] Finished Creating RTL model: CPU user time: 0.08 seconds. CPU system time: 0 seconds. Elapsed time: 0.12 seconds; current allocated memory: 1.559 GB.
INFO: [HLS 200-10] ----------------------------------------------------------------
INFO: [HLS 200-10] -- Generating RTL for module 'stream2axis_256u_13_Pipeline_VITIS_LOOP_7444_1' 
INFO: [HLS 200-10] ----------------------------------------------------------------
INFO: [HLS 200-1030] Apply Unified Pipeline Control on module 'stream2axis_256u_13_Pipeline_VITIS_LOOP_7444_1' pipeline 'VITIS_LOOP_7444_1' pipeline type 'loop pipeline'
INFO: [RTGEN 206-100] Finished creating RTL model for 'stream2axis_256u_13_Pipeline_VITIS_LOOP_7444_1'.
INFO: [HLS 200-111] Finished Creating RTL model: CPU user time: 0.07 seconds. CPU system time: 0.01 seconds. Elapsed time: 0.12 seconds; current allocated memory: 1.560 GB.
INFO: [HLS 200-10] ----------------------------------------------------------------
INFO: [HLS 200-10] -- Generating RTL for module 'stream2axis_256u_13' 
INFO: [HLS 200-10] ----------------------------------------------------------------
INFO: [RTGEN 206-100] Finished creating RTL model for 'stream2axis_256u_13'.
INFO: [HLS 200-111] Finished Creating RTL model: CPU user time: 0.07 seconds. CPU system time: 0.01 seconds. Elapsed time: 0.14 seconds; current allocated memory: 1.560 GB.
INFO: [HLS 200-10] ----------------------------------------------------------------
INFO: [HLS 200-10] -- Generating RTL for module 'stream2axis_256u_14_Pipeline_VITIS_LOOP_7444_1' 
INFO: [HLS 200-10] ----------------------------------------------------------------
INFO: [HLS 200-1030] Apply Unified Pipeline Control on module 'stream2axis_256u_14_Pipeline_VITIS_LOOP_7444_1' pipeline 'VITIS_LOOP_7444_1' pipeline type 'loop pipeline'
INFO: [RTGEN 206-100] Finished creating RTL model for 'stream2axis_256u_14_Pipeline_VITIS_LOOP_7444_1'.
INFO: [HLS 200-111] Finished Creating RTL model: CPU user time: 0.06 seconds. CPU system time: 0.01 seconds. Elapsed time: 0.11 seconds; current allocated memory: 1.561 GB.
INFO: [HLS 200-10] ----------------------------------------------------------------
INFO: [HLS 200-10] -- Generating RTL for module 'stream2axis_256u_14' 
INFO: [HLS 200-10] ----------------------------------------------------------------
INFO: [RTGEN 206-100] Finished creating RTL model for 'stream2axis_256u_14'.
INFO: [HLS 200-111] Finished Creating RTL model: CPU user time: 0.08 seconds. CPU system time: 0.01 seconds. Elapsed time: 0.13 seconds; current allocated memory: 1.561 GB.
INFO: [HLS 200-10] ----------------------------------------------------------------
INFO: [HLS 200-10] -- Generating RTL for module 'kernel_outerloop_0_dataflow_region' 
INFO: [HLS 200-10] ----------------------------------------------------------------
INFO: [RTGEN 206-100] Finished creating RTL model for 'kernel_outerloop_0_dataflow_region'.
INFO: [RTMG 210-285] Implementing FIFO 'stencilConfig_0_0_c_U(kernel_outerloop_0_0_fifo_w14_d4_S)' using Shift Registers.
INFO: [RTMG 210-285] Implementing FIFO 'stencilConfig_0_0_c1_U(kernel_outerloop_0_0_fifo_w14_d4_S)' using Shift Registers.
INFO: [RTMG 210-285] Implementing FIFO 'stencilConfig_0_0_c2_U(kernel_outerloop_0_0_fifo_w14_d4_S)' using Shift Registers.
INFO: [RTMG 210-285] Implementing FIFO 'stencilConfig_0_0_c3_U(kernel_outerloop_0_0_fifo_w14_d4_S)' using Shift Registers.
INFO: [RTMG 210-285] Implementing FIFO 'stencilConfig_0_1_c_U(kernel_outerloop_0_0_fifo_w16_d4_S)' using Shift Registers.
INFO: [RTMG 210-285] Implementing FIFO 'stencilConfig_0_1_c4_U(kernel_outerloop_0_0_fifo_w16_d4_S)' using Shift Registers.
INFO: [RTMG 210-285] Implementing FIFO 'stencilConfig_0_1_c5_U(kernel_outerloop_0_0_fifo_w16_d4_S)' using Shift Registers.
INFO: [RTMG 210-285] Implementing FIFO 'stencilConfig_0_1_c6_U(kernel_outerloop_0_0_fifo_w16_d4_S)' using Shift Registers.
INFO: [RTMG 210-285] Implementing FIFO 'stencilConfig_2_c_U(kernel_outerloop_0_0_fifo_w16_d4_S)' using Shift Registers.
INFO: [RTMG 210-285] Implementing FIFO 'stencilConfig_2_c7_U(kernel_outerloop_0_0_fifo_w16_d4_S)' using Shift Registers.
INFO: [RTMG 210-285] Implementing FIFO 'stencilConfig_2_c8_U(kernel_outerloop_0_0_fifo_w16_d4_S)' using Shift Registers.
INFO: [RTMG 210-285] Implementing FIFO 'stencilConfig_2_c9_U(kernel_outerloop_0_0_fifo_w16_d4_S)' using Shift Registers.
INFO: [RTMG 210-285] Implementing FIFO 'stencilConfig_3_c_U(kernel_outerloop_0_0_fifo_w16_d4_S)' using Shift Registers.
INFO: [RTMG 210-285] Implementing FIFO 'stencilConfig_3_c10_U(kernel_outerloop_0_0_fifo_w16_d4_S)' using Shift Registers.
INFO: [RTMG 210-285] Implementing FIFO 'stencilConfig_3_c11_U(kernel_outerloop_0_0_fifo_w16_d4_S)' using Shift Registers.
INFO: [RTMG 210-285] Implementing FIFO 'stencilConfig_3_c12_U(kernel_outerloop_0_0_fifo_w16_d4_S)' using Shift Registers.
INFO: [RTMG 210-285] Implementing FIFO 'stencilConfig_5_0_c_U(kernel_outerloop_0_0_fifo_w1_d4_S)' using Shift Registers.
INFO: [RTMG 210-285] Implementing FIFO 'stencilConfig_5_0_c13_U(kernel_outerloop_0_0_fifo_w1_d4_S)' using Shift Registers.
INFO: [RTMG 210-285] Implementing FIFO 'stencilConfig_5_0_c14_U(kernel_outerloop_0_0_fifo_w1_d4_S)' using Shift Registers.
INFO: [RTMG 210-285] Implementing FIFO 'stencilConfig_5_0_c15_U(kernel_outerloop_0_0_fifo_w1_d4_S)' using Shift Registers.
INFO: [RTMG 210-285] Implementing FIFO 'stencilConfig_6_c_U(kernel_outerloop_0_0_fifo_w14_d4_S)' using Shift Registers.
INFO: [RTMG 210-285] Implementing FIFO 'stencilConfig_6_c16_U(kernel_outerloop_0_0_fifo_w14_d4_S)' using Shift Registers.
INFO: [RTMG 210-285] Implementing FIFO 'stencilConfig_6_c17_U(kernel_outerloop_0_0_fifo_w14_d4_S)' using Shift Registers.
INFO: [RTMG 210-285] Implementing FIFO 'stencilConfig_6_c18_U(kernel_outerloop_0_0_fifo_w14_d4_S)' using Shift Registers.
INFO: [RTMG 210-285] Implementing FIFO 'arg0_arg1_streams_0_0_U(kernel_outerloop_0_0_fifo_w256_d10_A)' using Vivado Default RAMs.
INFO: [RTMG 210-285] Implementing FIFO 'num_pkts_c27_U(kernel_outerloop_0_0_fifo_w29_d2_S)' using Shift Registers.
INFO: [RTMG 210-285] Implementing FIFO 'arg0_arg1_streams_0_1_U(kernel_outerloop_0_0_fifo_w256_d10_A)' using Vivado Default RAMs.
INFO: [RTMG 210-285] Implementing FIFO 'arg0_arg1_streams_0_2_U(kernel_outerloop_0_0_fifo_w256_d10_A)' using Vivado Default RAMs.
INFO: [RTMG 210-285] Implementing FIFO 'arg0_arg1_streams_0_3_U(kernel_outerloop_0_0_fifo_w256_d10_A)' using Vivado Default RAMs.
INFO: [RTMG 210-285] Implementing FIFO 'arg0_arg1_streams_0_4_U(kernel_outerloop_0_0_fifo_w256_d10_A)' using Vivado Default RAMs.
INFO: [RTMG 210-285] Implementing FIFO 'arg0_arg1_streams_0_5_U(kernel_outerloop_0_0_fifo_w256_d10_A)' using Vivado Default RAMs.
INFO: [RTMG 210-285] Implementing FIFO 'arg0_arg1_streams_0_6_U(kernel_outerloop_0_0_fifo_w256_d10_A)' using Vivado Default RAMs.
INFO: [RTMG 210-285] Implementing FIFO 'arg0_arg1_streams_0_7_U(kernel_outerloop_0_0_fifo_w256_d10_A)' using Vivado Default RAMs.
INFO: [RTMG 210-285] Implementing FIFO 'arg0_poisson_kernel_stencil_in_subtile_stream_0_U(kernel_outerloop_0_0_fifo_w288_d2_S)' using Shift Registers.
INFO: [RTMG 210-285] Implementing FIFO 'arg0_poisson_kernel_stencil_in_subtile_stream_1_U(kernel_outerloop_0_0_fifo_w288_d2_S)' using Shift Registers.
INFO: [RTMG 210-285] Implementing FIFO 'arg0_poisson_kernel_stencil_in_subtile_stream_2_U(kernel_outerloop_0_0_fifo_w288_d2_S)' using Shift Registers.
INFO: [RTMG 210-285] Implementing FIFO 'arg0_poisson_kernel_stencil_in_subtile_stream_3_U(kernel_outerloop_0_0_fifo_w288_d2_S)' using Shift Registers.
INFO: [RTMG 210-285] Implementing FIFO 'arg0_poisson_kernel_stencil_in_subtile_stream_4_U(kernel_outerloop_0_0_fifo_w288_d2_S)' using Shift Registers.
INFO: [RTMG 210-285] Implementing FIFO 'arg0_poisson_kernel_stencil_in_subtile_stream_5_U(kernel_outerloop_0_0_fifo_w288_d2_S)' using Shift Registers.
INFO: [RTMG 210-285] Implementing FIFO 'arg0_poisson_kernel_stencil_in_subtile_stream_6_U(kernel_outerloop_0_0_fifo_w288_d2_S)' using Shift Registers.
INFO: [RTMG 210-285] Implementing FIFO 'arg0_poisson_kernel_stencil_in_subtile_stream_7_U(kernel_outerloop_0_0_fifo_w288_d2_S)' using Shift Registers.
INFO: [RTMG 210-285] Implementing FIFO 'num_pkts_c26_U(kernel_outerloop_0_0_fifo_w29_d3_S)' using Shift Registers.
INFO: [RTMG 210-285] Implementing FIFO 'arg1_poisson_kernel_stencil_out_subtile_stream_0_U(kernel_outerloop_0_0_fifo_w288_d2_S)' using Shift Registers.
INFO: [RTMG 210-285] Implementing FIFO 'arg1_poisson_kernel_stencil_out_subtile_stream_1_U(kernel_outerloop_0_0_fifo_w288_d2_S)' using Shift Registers.
INFO: [RTMG 210-285] Implementing FIFO 'arg1_poisson_kernel_stencil_out_subtile_stream_2_U(kernel_outerloop_0_0_fifo_w288_d2_S)' using Shift Registers.
INFO: [RTMG 210-285] Implementing FIFO 'arg1_poisson_kernel_stencil_out_subtile_stream_3_U(kernel_outerloop_0_0_fifo_w288_d2_S)' using Shift Registers.
INFO: [RTMG 210-285] Implementing FIFO 'arg1_poisson_kernel_stencil_out_subtile_stream_4_U(kernel_outerloop_0_0_fifo_w288_d2_S)' using Shift Registers.
INFO: [RTMG 210-285] Implementing FIFO 'arg1_poisson_kernel_stencil_out_subtile_stream_5_U(kernel_outerloop_0_0_fifo_w288_d2_S)' using Shift Registers.
INFO: [RTMG 210-285] Implementing FIFO 'arg1_poisson_kernel_stencil_out_subtile_stream_6_U(kernel_outerloop_0_0_fifo_w288_d2_S)' using Shift Registers.
INFO: [RTMG 210-285] Implementing FIFO 'arg1_poisson_kernel_stencil_out_subtile_stream_7_U(kernel_outerloop_0_0_fifo_w288_d2_S)' using Shift Registers.
INFO: [RTMG 210-285] Implementing FIFO 'arg0_arg1_streams_1_0_U(kernel_outerloop_0_0_fifo_w256_d10_A)' using Vivado Default RAMs.
INFO: [RTMG 210-285] Implementing FIFO 'arg0_arg1_streams_1_1_U(kernel_outerloop_0_0_fifo_w256_d10_A)' using Vivado Default RAMs.
INFO: [RTMG 210-285] Implementing FIFO 'arg0_arg1_streams_1_2_U(kernel_outerloop_0_0_fifo_w256_d10_A)' using Vivado Default RAMs.
INFO: [RTMG 210-285] Implementing FIFO 'arg0_arg1_streams_1_3_U(kernel_outerloop_0_0_fifo_w256_d10_A)' using Vivado Default RAMs.
INFO: [RTMG 210-285] Implementing FIFO 'arg0_arg1_streams_1_4_U(kernel_outerloop_0_0_fifo_w256_d10_A)' using Vivado Default RAMs.
INFO: [RTMG 210-285] Implementing FIFO 'arg0_arg1_streams_1_5_U(kernel_outerloop_0_0_fifo_w256_d10_A)' using Vivado Default RAMs.
INFO: [RTMG 210-285] Implementing FIFO 'arg0_arg1_streams_1_6_U(kernel_outerloop_0_0_fifo_w256_d10_A)' using Vivado Default RAMs.
INFO: [RTMG 210-285] Implementing FIFO 'arg0_arg1_streams_1_7_U(kernel_outerloop_0_0_fifo_w256_d10_A)' using Vivado Default RAMs.
INFO: [RTMG 210-285] Implementing FIFO 'num_pkts_c_U(kernel_outerloop_0_0_fifo_w29_d2_S)' using Shift Registers.
INFO: [RTMG 210-285] Implementing FIFO 'num_pkts_c19_U(kernel_outerloop_0_0_fifo_w29_d2_S)' using Shift Registers.
INFO: [RTMG 210-285] Implementing FIFO 'num_pkts_c20_U(kernel_outerloop_0_0_fifo_w29_d2_S)' using Shift Registers.
INFO: [RTMG 210-285] Implementing FIFO 'num_pkts_c21_U(kernel_outerloop_0_0_fifo_w29_d2_S)' using Shift Registers.
INFO: [RTMG 210-285] Implementing FIFO 'num_pkts_c22_U(kernel_outerloop_0_0_fifo_w29_d2_S)' using Shift Registers.
INFO: [RTMG 210-285] Implementing FIFO 'num_pkts_c23_U(kernel_outerloop_0_0_fifo_w29_d2_S)' using Shift Registers.
INFO: [RTMG 210-285] Implementing FIFO 'num_pkts_c24_U(kernel_outerloop_0_0_fifo_w29_d2_S)' using Shift Registers.
INFO: [RTMG 210-285] Implementing FIFO 'num_pkts_c25_U(kernel_outerloop_0_0_fifo_w29_d2_S)' using Shift Registers.
INFO: [RTMG 210-285] Implementing FIFO 'start_for_kernel_poisson_kernel_stencil_PE_unsigned_short_4_unsigned_short_0_U0_U(kernel_outerloop_0_0_start_for_kernel_poisson_kernel_stencil_PE_unsigned_short_4_unsigned_short_0_U0)' using Shift Registers.
INFO: [RTMG 210-285] Implementing FIFO 'start_for_kernel_poisson_kernel_stencil_PE_unsigned_short_4_unsigned_short_1_U0_U(kernel_outerloop_0_0_start_for_kernel_poisson_kernel_stencil_PE_unsigned_short_4_unsigned_short_1_U0)' using Shift Registers.
INFO: [RTMG 210-285] Implementing FIFO 'start_for_kernel_poisson_kernel_stencil_PE_unsigned_short_4_unsigned_short_2_U0_U(kernel_outerloop_0_0_start_for_kernel_poisson_kernel_stencil_PE_unsigned_short_4_unsigned_short_2_U0)' using Shift Registers.
INFO: [RTMG 210-285] Implementing FIFO 'start_for_kernel_poisson_kernel_stencil_PE_unsigned_short_4_unsigned_short_3_U0_U(kernel_outerloop_0_0_start_for_kernel_poisson_kernel_stencil_PE_unsigned_short_4_unsigned_short_3_U0)' using Shift Registers.
INFO: [RTMG 210-285] Implementing FIFO 'start_for_stream2interleave_U0_U(kernel_outerloop_0_0_start_for_stream2interleave_U0)' using Shift Registers.
INFO: [RTMG 210-285] Implementing FIFO 'start_for_interleave2stream_U0_U(kernel_outerloop_0_0_start_for_interleave2stream_U0)' using Shift Registers.
INFO: [RTMG 210-285] Implementing FIFO 'start_for_stream2axis_256u_U0_U(kernel_outerloop_0_0_start_for_stream2axis_256u_U0)' using Shift Registers.
INFO: [RTMG 210-285] Implementing FIFO 'start_for_stream2axis_256u_8_U0_U(kernel_outerloop_0_0_start_for_stream2axis_256u_8_U0)' using Shift Registers.
INFO: [RTMG 210-285] Implementing FIFO 'start_for_stream2axis_256u_9_U0_U(kernel_outerloop_0_0_start_for_stream2axis_256u_9_U0)' using Shift Registers.
INFO: [RTMG 210-285] Implementing FIFO 'start_for_stream2axis_256u_10_U0_U(kernel_outerloop_0_0_start_for_stream2axis_256u_10_U0)' using Shift Registers.
INFO: [RTMG 210-285] Implementing FIFO 'start_for_stream2axis_256u_11_U0_U(kernel_outerloop_0_0_start_for_stream2axis_256u_11_U0)' using Shift Registers.
INFO: [RTMG 210-285] Implementing FIFO 'start_for_stream2axis_256u_12_U0_U(kernel_outerloop_0_0_start_for_stream2axis_256u_12_U0)' using Shift Registers.
INFO: [RTMG 210-285] Implementing FIFO 'start_for_stream2axis_256u_13_U0_U(kernel_outerloop_0_0_start_for_stream2axis_256u_13_U0)' using Shift Registers.
INFO: [RTMG 210-285] Implementing FIFO 'start_for_stream2axis_256u_14_U0_U(kernel_outerloop_0_0_start_for_stream2axis_256u_14_U0)' using Shift Registers.
INFO: [HLS 200-111] Finished Creating RTL model: CPU user time: 0.56 seconds. CPU system time: 0.09 seconds. Elapsed time: 1.19 seconds; current allocated memory: 1.565 GB.
INFO: [HLS 200-10] ----------------------------------------------------------------
INFO: [HLS 200-10] -- Generating RTL for module 'kernel_outerloop_0_0' 
INFO: [HLS 200-10] ----------------------------------------------------------------
WARNING: [RTGEN 206-101] Design contains AXI ports. Reset is fixed to synchronous and active low.
INFO: [RTGEN 206-500] Setting interface mode on port 'kernel_outerloop_0_0/slr_region' to 's_axilite & ap_none'.
INFO: [RTGEN 206-500] Setting interface mode on port 'kernel_outerloop_0_0/outer_itr' to 's_axilite & ap_none'.
INFO: [RTGEN 206-500] Setting interface mode on port 'kernel_outerloop_0_0/stencilConfig_grid_size_0' to 's_axilite & ap_none'.
INFO: [RTGEN 206-500] Setting interface mode on port 'kernel_outerloop_0_0/stencilConfig_grid_size_1' to 's_axilite & ap_none'.
INFO: [RTGEN 206-500] Setting interface mode on port 'kernel_outerloop_0_0/stencilConfig_dim' to 's_axilite & ap_none'.
INFO: [RTGEN 206-500] Setting interface mode on port 'kernel_outerloop_0_0/stencilConfig_total_itr' to 's_axilite & ap_none'.
INFO: [RTGEN 206-500] Setting interface mode on port 'kernel_outerloop_0_0/stencilConfig_outer_loop_limit' to 's_axilite & ap_none'.
INFO: [RTGEN 206-500] Setting interface mode on port 'kernel_outerloop_0_0/tile_size_x' to 's_axilite & ap_none'.
INFO: [RTGEN 206-500] Setting interface mode on port 'kernel_outerloop_0_0/last_tile_size_x' to 's_axilite & ap_none'.
INFO: [RTGEN 206-500] Setting interface mode on port 'kernel_outerloop_0_0/tile_count_x' to 's_axilite & ap_none'.
INFO: [RTGEN 206-500] Setting interface mode on port 'kernel_outerloop_0_0/total_xblocks' to 's_axilite & ap_none'.
INFO: [RTGEN 206-500] Setting interface mode on port 'kernel_outerloop_0_0/last_tile_upper_limit_x' to 's_axilite & ap_none'.
INFO: [RTGEN 206-500] Setting interface mode on port 'kernel_outerloop_0_0/arg0_0_axis_in_V_data_V' to 'axis' (register, both mode).
INFO: [RTGEN 206-500] Setting interface mode on port 'kernel_outerloop_0_0/arg0_0_axis_in_V_keep_V' to 'axis' (register, both mode).
INFO: [RTGEN 206-500] Setting interface mode on port 'kernel_outerloop_0_0/arg0_0_axis_in_V_strb_V' to 'axis' (register, both mode).
INFO: [RTGEN 206-500] Setting interface mode on port 'kernel_outerloop_0_0/arg0_0_axis_in_V_last_V' to 'axis' (register, both mode).
INFO: [RTGEN 206-500] Setting interface mode on port 'kernel_outerloop_0_0/arg0_1_axis_in_V_data_V' to 'axis' (register, both mode).
INFO: [RTGEN 206-500] Setting interface mode on port 'kernel_outerloop_0_0/arg0_1_axis_in_V_keep_V' to 'axis' (register, both mode).
INFO: [RTGEN 206-500] Setting interface mode on port 'kernel_outerloop_0_0/arg0_1_axis_in_V_strb_V' to 'axis' (register, both mode).
INFO: [RTGEN 206-500] Setting interface mode on port 'kernel_outerloop_0_0/arg0_1_axis_in_V_last_V' to 'axis' (register, both mode).
INFO: [RTGEN 206-500] Setting interface mode on port 'kernel_outerloop_0_0/arg0_2_axis_in_V_data_V' to 'axis' (register, both mode).
INFO: [RTGEN 206-500] Setting interface mode on port 'kernel_outerloop_0_0/arg0_2_axis_in_V_keep_V' to 'axis' (register, both mode).
INFO: [RTGEN 206-500] Setting interface mode on port 'kernel_outerloop_0_0/arg0_2_axis_in_V_strb_V' to 'axis' (register, both mode).
INFO: [RTGEN 206-500] Setting interface mode on port 'kernel_outerloop_0_0/arg0_2_axis_in_V_last_V' to 'axis' (register, both mode).
INFO: [RTGEN 206-500] Setting interface mode on port 'kernel_outerloop_0_0/arg0_3_axis_in_V_data_V' to 'axis' (register, both mode).
INFO: [RTGEN 206-500] Setting interface mode on port 'kernel_outerloop_0_0/arg0_3_axis_in_V_keep_V' to 'axis' (register, both mode).
INFO: [RTGEN 206-500] Setting interface mode on port 'kernel_outerloop_0_0/arg0_3_axis_in_V_strb_V' to 'axis' (register, both mode).
INFO: [RTGEN 206-500] Setting interface mode on port 'kernel_outerloop_0_0/arg0_3_axis_in_V_last_V' to 'axis' (register, both mode).
INFO: [RTGEN 206-500] Setting interface mode on port 'kernel_outerloop_0_0/arg0_4_axis_in_V_data_V' to 'axis' (register, both mode).
INFO: [RTGEN 206-500] Setting interface mode on port 'kernel_outerloop_0_0/arg0_4_axis_in_V_keep_V' to 'axis' (register, both mode).
INFO: [RTGEN 206-500] Setting interface mode on port 'kernel_outerloop_0_0/arg0_4_axis_in_V_strb_V' to 'axis' (register, both mode).
INFO: [RTGEN 206-500] Setting interface mode on port 'kernel_outerloop_0_0/arg0_4_axis_in_V_last_V' to 'axis' (register, both mode).
INFO: [RTGEN 206-500] Setting interface mode on port 'kernel_outerloop_0_0/arg0_5_axis_in_V_data_V' to 'axis' (register, both mode).
INFO: [RTGEN 206-500] Setting interface mode on port 'kernel_outerloop_0_0/arg0_5_axis_in_V_keep_V' to 'axis' (register, both mode).
INFO: [RTGEN 206-500] Setting interface mode on port 'kernel_outerloop_0_0/arg0_5_axis_in_V_strb_V' to 'axis' (register, both mode).
INFO: [RTGEN 206-500] Setting interface mode on port 'kernel_outerloop_0_0/arg0_5_axis_in_V_last_V' to 'axis' (register, both mode).
INFO: [RTGEN 206-500] Setting interface mode on port 'kernel_outerloop_0_0/arg0_6_axis_in_V_data_V' to 'axis' (register, both mode).
INFO: [RTGEN 206-500] Setting interface mode on port 'kernel_outerloop_0_0/arg0_6_axis_in_V_keep_V' to 'axis' (register, both mode).
INFO: [RTGEN 206-500] Setting interface mode on port 'kernel_outerloop_0_0/arg0_6_axis_in_V_strb_V' to 'axis' (register, both mode).
INFO: [RTGEN 206-500] Setting interface mode on port 'kernel_outerloop_0_0/arg0_6_axis_in_V_last_V' to 'axis' (register, both mode).
INFO: [RTGEN 206-500] Setting interface mode on port 'kernel_outerloop_0_0/arg0_7_axis_in_V_data_V' to 'axis' (register, both mode).
INFO: [RTGEN 206-500] Setting interface mode on port 'kernel_outerloop_0_0/arg0_7_axis_in_V_keep_V' to 'axis' (register, both mode).
INFO: [RTGEN 206-500] Setting interface mode on port 'kernel_outerloop_0_0/arg0_7_axis_in_V_strb_V' to 'axis' (register, both mode).
INFO: [RTGEN 206-500] Setting interface mode on port 'kernel_outerloop_0_0/arg0_7_axis_in_V_last_V' to 'axis' (register, both mode).
INFO: [RTGEN 206-500] Setting interface mode on port 'kernel_outerloop_0_0/arg1_0_axis_out_V_data_V' to 'axis' (register, both mode).
INFO: [RTGEN 206-500] Setting interface mode on port 'kernel_outerloop_0_0/arg1_0_axis_out_V_keep_V' to 'axis' (register, both mode).
INFO: [RTGEN 206-500] Setting interface mode on port 'kernel_outerloop_0_0/arg1_0_axis_out_V_strb_V' to 'axis' (register, both mode).
INFO: [RTGEN 206-500] Setting interface mode on port 'kernel_outerloop_0_0/arg1_0_axis_out_V_last_V' to 'axis' (register, both mode).
INFO: [RTGEN 206-500] Setting interface mode on port 'kernel_outerloop_0_0/arg1_1_axis_out_V_data_V' to 'axis' (register, both mode).
INFO: [RTGEN 206-500] Setting interface mode on port 'kernel_outerloop_0_0/arg1_1_axis_out_V_keep_V' to 'axis' (register, both mode).
INFO: [RTGEN 206-500] Setting interface mode on port 'kernel_outerloop_0_0/arg1_1_axis_out_V_strb_V' to 'axis' (register, both mode).
INFO: [RTGEN 206-500] Setting interface mode on port 'kernel_outerloop_0_0/arg1_1_axis_out_V_last_V' to 'axis' (register, both mode).
INFO: [RTGEN 206-500] Setting interface mode on port 'kernel_outerloop_0_0/arg1_2_axis_out_V_data_V' to 'axis' (register, both mode).
INFO: [RTGEN 206-500] Setting interface mode on port 'kernel_outerloop_0_0/arg1_2_axis_out_V_keep_V' to 'axis' (register, both mode).
INFO: [RTGEN 206-500] Setting interface mode on port 'kernel_outerloop_0_0/arg1_2_axis_out_V_strb_V' to 'axis' (register, both mode).
INFO: [RTGEN 206-500] Setting interface mode on port 'kernel_outerloop_0_0/arg1_2_axis_out_V_last_V' to 'axis' (register, both mode).
INFO: [RTGEN 206-500] Setting interface mode on port 'kernel_outerloop_0_0/arg1_3_axis_out_V_data_V' to 'axis' (register, both mode).
INFO: [RTGEN 206-500] Setting interface mode on port 'kernel_outerloop_0_0/arg1_3_axis_out_V_keep_V' to 'axis' (register, both mode).
INFO: [RTGEN 206-500] Setting interface mode on port 'kernel_outerloop_0_0/arg1_3_axis_out_V_strb_V' to 'axis' (register, both mode).
INFO: [RTGEN 206-500] Setting interface mode on port 'kernel_outerloop_0_0/arg1_3_axis_out_V_last_V' to 'axis' (register, both mode).
INFO: [RTGEN 206-500] Setting interface mode on port 'kernel_outerloop_0_0/arg1_4_axis_out_V_data_V' to 'axis' (register, both mode).
INFO: [RTGEN 206-500] Setting interface mode on port 'kernel_outerloop_0_0/arg1_4_axis_out_V_keep_V' to 'axis' (register, both mode).
INFO: [RTGEN 206-500] Setting interface mode on port 'kernel_outerloop_0_0/arg1_4_axis_out_V_strb_V' to 'axis' (register, both mode).
INFO: [RTGEN 206-500] Setting interface mode on port 'kernel_outerloop_0_0/arg1_4_axis_out_V_last_V' to 'axis' (register, both mode).
INFO: [RTGEN 206-500] Setting interface mode on port 'kernel_outerloop_0_0/arg1_5_axis_out_V_data_V' to 'axis' (register, both mode).
INFO: [RTGEN 206-500] Setting interface mode on port 'kernel_outerloop_0_0/arg1_5_axis_out_V_keep_V' to 'axis' (register, both mode).
INFO: [RTGEN 206-500] Setting interface mode on port 'kernel_outerloop_0_0/arg1_5_axis_out_V_strb_V' to 'axis' (register, both mode).
INFO: [RTGEN 206-500] Setting interface mode on port 'kernel_outerloop_0_0/arg1_5_axis_out_V_last_V' to 'axis' (register, both mode).
INFO: [RTGEN 206-500] Setting interface mode on port 'kernel_outerloop_0_0/arg1_6_axis_out_V_data_V' to 'axis' (register, both mode).
INFO: [RTGEN 206-500] Setting interface mode on port 'kernel_outerloop_0_0/arg1_6_axis_out_V_keep_V' to 'axis' (register, both mode).
INFO: [RTGEN 206-500] Setting interface mode on port 'kernel_outerloop_0_0/arg1_6_axis_out_V_strb_V' to 'axis' (register, both mode).
INFO: [RTGEN 206-500] Setting interface mode on port 'kernel_outerloop_0_0/arg1_6_axis_out_V_last_V' to 'axis' (register, both mode).
INFO: [RTGEN 206-500] Setting interface mode on port 'kernel_outerloop_0_0/arg1_7_axis_out_V_data_V' to 'axis' (register, both mode).
INFO: [RTGEN 206-500] Setting interface mode on port 'kernel_outerloop_0_0/arg1_7_axis_out_V_keep_V' to 'axis' (register, both mode).
INFO: [RTGEN 206-500] Setting interface mode on port 'kernel_outerloop_0_0/arg1_7_axis_out_V_strb_V' to 'axis' (register, both mode).
INFO: [RTGEN 206-500] Setting interface mode on port 'kernel_outerloop_0_0/arg1_7_axis_out_V_last_V' to 'axis' (register, both mode).
INFO: [RTGEN 206-500] Setting interface mode on function 'kernel_outerloop_0_0' to 's_axilite & ap_ctrl_chain'.
INFO: [RTGEN 206-100] Bundling port 'slr_region', 'outer_itr', 'stencilConfig_grid_size_0', 'stencilConfig_grid_size_1', 'stencilConfig_dim', 'stencilConfig_total_itr', 'stencilConfig_outer_loop_limit', 'tile_size_x', 'last_tile_size_x', 'tile_count_x', 'total_xblocks', 'last_tile_upper_limit_x' and 'return' to AXI-Lite port control.
INFO: [RTGEN 206-100] Generating core module 'mul_mul_14ns_16ns_29_4_1': 1 instance(s).
INFO: [RTGEN 206-100] Finished creating RTL model for 'kernel_outerloop_0_0'.
INFO: [HLS 200-111] Finished Creating RTL model: CPU user time: 6.66 seconds. CPU system time: 0.07 seconds. Elapsed time: 7.11 seconds; current allocated memory: 1.571 GB.
INFO: [HLS 200-111] Finished Generating all RTL models: CPU user time: 8.9 seconds. CPU system time: 0.42 seconds. Elapsed time: 10.37 seconds; current allocated memory: 1.575 GB.
INFO: [HLS 200-111] Finished Updating report files: CPU user time: 3.14 seconds. CPU system time: 0.16 seconds. Elapsed time: 3.41 seconds; current allocated memory: 1.597 GB.
INFO: [VHDL 208-304] Generating VHDL RTL for kernel_outerloop_0_0.
INFO: [VLOG 209-307] Generating Verilog RTL for kernel_outerloop_0_0.
INFO: [HLS 200-790] **** Loop Constraint Status: All loop constraints were satisfied.
INFO: [HLS 200-789] **** Estimated Fmax: 411.00 MHz
INFO: [HLS 200-111] Finished Command csynth_design CPU user time: 113.35 seconds. CPU system time: 5.52 seconds. Elapsed time: 126.86 seconds; current allocated memory: 882.914 MB.
INFO: [HLS 200-1510] Running: export_design 
INFO: [IMPL 213-8] Exporting RTL as a Vivado IP.

****** Vivado v2022.2 (64-bit)
  **** SW Build 3671981 on Fri Oct 14 04:59:54 MDT 2022
  **** IP Build 3669848 on Fri Oct 14 08:30:02 MDT 2022
    ** Copyright 1986-2022 Xilinx, Inc. All Rights Reserved.

source run_ippack.tcl -notrace
INFO: [IP_Flow 19-234] Refreshing IP repositories
INFO: [IP_Flow 19-1704] No user IP repositories specified
INFO: [IP_Flow 19-2313] Loaded Vivado IP repository '/tools/Xilinx/Vivado/2022.2/data/ip'.
WARNING: [IP_Flow 19-4832] The IP name 'kernel_outerloop_0_0_fadd_32ns_32ns_32_7_full_dsp_1_ip' you have specified is long. The Windows operating system has path length limitations. It is recommended you use shorter names to reduce the likelihood of issues.
INFO: [IP_Flow 19-1686] Generating 'Synthesis' target for IP 'kernel_outerloop_0_0_fadd_32ns_32ns_32_7_full_dsp_1_ip'...
INFO: [IP_Flow 19-1686] Generating 'Simulation' target for IP 'kernel_outerloop_0_0_fadd_32ns_32ns_32_7_full_dsp_1_ip'...
INFO: [IP_Flow 19-234] Refreshing IP repositories
INFO: [IP_Flow 19-1704] No user IP repositories specified
INFO: [IP_Flow 19-2313] Loaded Vivado IP repository '/tools/Xilinx/Vivado/2022.2/data/ip'.
Running package_xo -xo_path /home/x_thileeb/repos/ops-hls-batching-new/codegen_apps/tiling/poisson2d/u280_project/maxtile_8192_unalign_interleave_p7/hls/build/hw/temp_dir/kernel_outerloop_0_0/kernel_outerloop_0_0/kernel_outerloop_0_0/solution/impl/export.xo -kernel_name kernel_outerloop_0_0 -kernel_xml /home/x_thileeb/repos/ops-hls-batching-new/codegen_apps/tiling/poisson2d/u280_project/maxtile_8192_unalign_interleave_p7/hls/build/hw/temp_dir/kernel_outerloop_0_0/kernel_outerloop_0_0/kernel_outerloop_0_0/solution/impl/ip/../kernel/kernel.xml -kernel_files /home/x_thileeb/repos/ops-hls-batching-new/codegen_apps/tiling/poisson2d/u280_project/maxtile_8192_unalign_interleave_p7/hls/device/src/kernel_outerloop_0_0.cpp -ip_directory /home/x_thileeb/repos/ops-hls-batching-new/codegen_apps/tiling/poisson2d/u280_project/maxtile_8192_unalign_interleave_p7/hls/build/hw/temp_dir/kernel_outerloop_0_0/kernel_outerloop_0_0/kernel_outerloop_0_0/solution/impl/ip/ip_unzip_dir -design_xml /home/x_thileeb/repos/ops-hls-batching-new/codegen_apps/tiling/poisson2d/u280_project/maxtile_8192_unalign_interleave_p7/hls/build/hw/temp_dir/kernel_outerloop_0_0/kernel_outerloop_0_0/kernel_outerloop_0_0/solution/.autopilot/db/kernel_outerloop_0_0.design.xml -debug_directory /home/x_thileeb/repos/ops-hls-batching-new/codegen_apps/tiling/poisson2d/u280_project/maxtile_8192_unalign_interleave_p7/hls/build/hw/temp_dir/kernel_outerloop_0_0/kernel_outerloop_0_0/kernel_outerloop_0_0/solution/.debug -hls_directory /home/x_thileeb/repos/ops-hls-batching-new/codegen_apps/tiling/poisson2d/u280_project/maxtile_8192_unalign_interleave_p7/hls/build/hw/temp_dir/kernel_outerloop_0_0/kernel_outerloop_0_0/kernel_outerloop_0_0/solution/impl/ip/hls_files
INFO: [Common 17-206] Exiting Vivado at Thu Aug 13 05:36:56 2026...
INFO: [HLS 200-802] Generated output file kernel_outerloop_0_0/solution/impl/export.xo
INFO: [HLS 200-111] Finished Command export_design CPU user time: 28.97 seconds. CPU system time: 3.99 seconds. Elapsed time: 39.62 seconds; current allocated memory: 16.086 MB.
INFO: [HLS 200-1510] Running: close_project 
HLS completed successfully
INFO: [HLS 200-112] Total CPU user time: 144.39 seconds. Total CPU system time: 10.32 seconds. Total elapsed time: 169.49 seconds; peak allocated memory: 1.615 GB.
INFO: [Common 17-206] Exiting vitis_hls at Thu Aug 13 05:37:00 2026...
