In file included from /home/x_thileeb/repos/ops-hls-batching-new/codegen_apps/tiling/poisson2d/u280_project/maxtile_8192_align_interleave_p7/hls/device/src/kernel_outerloop_0_2.cpp:2:
In file included from /home/x_thileeb/repos/ops-hls-batching-new/OPS/ops/hls/include/device/ops_hls_kernel_support.h:11:
In file included from /tools/Xilinx/Vitis_HLS/2022.2/common/technology/autopilot/ap_int.h:12:
/tools/Xilinx/Vitis_HLS/2022.2/common/technology/autopilot/ap_int_ref.h:678:9: warning: HLS pragma dump _XLX_SEP_ PragmaIsValid=1_XLX_SEP_ PragmaType=unroll_XLX_SEP_ PragmaContext=_XLX_SEP_ PragmaFunction=and_reduce_XLX_SEP_ PragmaOptions=_XLX_SEP_ [-Wdump-hls-pragmas]
#pragma HLS unroll
        ^
/tools/Xilinx/Vitis_HLS/2022.2/common/technology/autopilot/ap_int_ref.h:692:9: warning: HLS pragma dump _XLX_SEP_ PragmaIsValid=1_XLX_SEP_ PragmaType=unroll_XLX_SEP_ PragmaContext=_XLX_SEP_ PragmaFunction=or_reduce_XLX_SEP_ PragmaOptions=_XLX_SEP_ [-Wdump-hls-pragmas]
#pragma HLS unroll
        ^
/tools/Xilinx/Vitis_HLS/2022.2/common/technology/autopilot/ap_int_ref.h:706:9: warning: HLS pragma dump _XLX_SEP_ PragmaIsValid=1_XLX_SEP_ PragmaType=unroll_XLX_SEP_ PragmaContext=_XLX_SEP_ PragmaFunction=xor_reduce_XLX_SEP_ PragmaOptions=_XLX_SEP_ [-Wdump-hls-pragmas]
#pragma HLS unroll
        ^
In file included from /home/x_thileeb/repos/ops-hls-batching-new/codegen_apps/tiling/poisson2d/u280_project/maxtile_8192_align_interleave_p7/hls/device/src/kernel_outerloop_0_2.cpp:2:
In file included from /home/x_thileeb/repos/ops-hls-batching-new/OPS/ops/hls/include/device/ops_hls_kernel_support.h:13:
/home/x_thileeb/repos/ops-hls-batching-new/OPS/ops/hls/include/device/../../common/include/ops_hls_defs.hpp:117:16: warning: attribute 'deprecated' is ignored, place it after "struct" to apply attribute to type declaration [-Wignored-attributes]
__attribute__((deprecated)) struct GridPropertyCore
               ^
In file included from /home/x_thileeb/repos/ops-hls-batching-new/codegen_apps/tiling/poisson2d/u280_project/maxtile_8192_align_interleave_p7/hls/device/src/kernel_outerloop_0_2.cpp:2:
In file included from /home/x_thileeb/repos/ops-hls-batching-new/OPS/ops/hls/include/device/ops_hls_kernel_support.h:14:
/home/x_thileeb/repos/ops-hls-batching-new/OPS/ops/hls/include/device/../../common/include/ops_hls_utils.hpp:53:9: warning: HLS pragma dump _XLX_SEP_ PragmaIsValid=1_XLX_SEP_ PragmaType=inline_XLX_SEP_ PragmaContext=_XLX_SEP_ PragmaFunction=register_it_XLX_SEP_ PragmaOptions=off_XLX_SEP_ [-Wdump-hls-pragmas]
#pragma HLS inline off
        ^
In file included from /home/x_thileeb/repos/ops-hls-batching-new/codegen_apps/tiling/poisson2d/u280_project/maxtile_8192_align_interleave_p7/hls/device/src/kernel_outerloop_0_2.cpp:2:
In file included from /home/x_thileeb/repos/ops-hls-batching-new/OPS/ops/hls/include/device/ops_hls_kernel_support.h:16:
In file included from /home/x_thileeb/repos/ops-hls-batching-new/OPS/ops/hls/include/device/../../L1/include/ops_hls_datamover.hpp:13:
/tools/Xilinx/Vitis_HLS/2022.2/common/technology/autopilot/ap_axi_sdata.h:76:9: warning: HLS pragma dump _XLX_SEP_ PragmaIsValid=1_XLX_SEP_ PragmaType=inline_XLX_SEP_ PragmaContext=_XLX_SEP_ PragmaFunction=get_user_ptr_XLX_SEP_ PragmaOptions=_XLX_SEP_ [-Wdump-hls-pragmas]
#pragma HLS inline
        ^
/tools/Xilinx/Vitis_HLS/2022.2/common/technology/autopilot/ap_axi_sdata.h:80:9: warning: HLS pragma dump _XLX_SEP_ PragmaIsValid=1_XLX_SEP_ PragmaType=inline_XLX_SEP_ PragmaContext=_XLX_SEP_ PragmaFunction=get_id_ptr_XLX_SEP_ PragmaOptions=_XLX_SEP_ [-Wdump-hls-pragmas]
#pragma HLS inline
        ^
/tools/Xilinx/Vitis_HLS/2022.2/common/technology/autopilot/ap_axi_sdata.h:84:9: warning: HLS pragma dump _XLX_SEP_ PragmaIsValid=1_XLX_SEP_ PragmaType=inline_XLX_SEP_ PragmaContext=_XLX_SEP_ PragmaFunction=get_dest_ptr_XLX_SEP_ PragmaOptions=_XLX_SEP_ [-Wdump-hls-pragmas]
#pragma HLS inline
        ^
/tools/Xilinx/Vitis_HLS/2022.2/common/technology/autopilot/ap_axi_sdata.h:114:9: warning: HLS pragma dump _XLX_SEP_ PragmaIsValid=1_XLX_SEP_ PragmaType=inline_XLX_SEP_ PragmaContext=_XLX_SEP_ PragmaFunction=get_strb_ptr_XLX_SEP_ PragmaOptions=_XLX_SEP_ [-Wdump-hls-pragmas]
#pragma HLS inline
        ^
/tools/Xilinx/Vitis_HLS/2022.2/common/technology/autopilot/ap_axi_sdata.h:118:9: warning: HLS pragma dump _XLX_SEP_ PragmaIsValid=1_XLX_SEP_ PragmaType=inline_XLX_SEP_ PragmaContext=_XLX_SEP_ PragmaFunction=get_user_ptr_XLX_SEP_ PragmaOptions=_XLX_SEP_ [-Wdump-hls-pragmas]
#pragma HLS inline
        ^
/tools/Xilinx/Vitis_HLS/2022.2/common/technology/autopilot/ap_axi_sdata.h:122:9: warning: HLS pragma dump _XLX_SEP_ PragmaIsValid=1_XLX_SEP_ PragmaType=inline_XLX_SEP_ PragmaContext=_XLX_SEP_ PragmaFunction=get_id_ptr_XLX_SEP_ PragmaOptions=_XLX_SEP_ [-Wdump-hls-pragmas]
#pragma HLS inline
        ^
/tools/Xilinx/Vitis_HLS/2022.2/common/technology/autopilot/ap_axi_sdata.h:126:9: warning: HLS pragma dump _XLX_SEP_ PragmaIsValid=1_XLX_SEP_ PragmaType=inline_XLX_SEP_ PragmaContext=_XLX_SEP_ PragmaFunction=get_dest_ptr_XLX_SEP_ PragmaOptions=_XLX_SEP_ [-Wdump-hls-pragmas]
#pragma HLS inline
        ^
/tools/Xilinx/Vitis_HLS/2022.2/common/technology/autopilot/ap_axi_sdata.h:132:9: warning: HLS pragma dump _XLX_SEP_ PragmaIsValid=1_XLX_SEP_ PragmaType=inline_XLX_SEP_ PragmaContext=_XLX_SEP_ PragmaFunction=get_data_XLX_SEP_ PragmaOptions=_XLX_SEP_ [-Wdump-hls-pragmas]
#pragma HLS inline
        ^
/tools/Xilinx/Vitis_HLS/2022.2/common/technology/autopilot/ap_axi_sdata.h:136:9: warning: HLS pragma dump _XLX_SEP_ PragmaIsValid=1_XLX_SEP_ PragmaType=inline_XLX_SEP_ PragmaContext=_XLX_SEP_ PragmaFunction=get_keep_XLX_SEP_ PragmaOptions=_XLX_SEP_ [-Wdump-hls-pragmas]
#pragma HLS inline
        ^
/tools/Xilinx/Vitis_HLS/2022.2/common/technology/autopilot/ap_axi_sdata.h:140:9: warning: HLS pragma dump _XLX_SEP_ PragmaIsValid=1_XLX_SEP_ PragmaType=inline_XLX_SEP_ PragmaContext=_XLX_SEP_ PragmaFunction=get_last_XLX_SEP_ PragmaOptions=_XLX_SEP_ [-Wdump-hls-pragmas]
#pragma HLS inline
        ^
/tools/Xilinx/Vitis_HLS/2022.2/common/technology/autopilot/ap_axi_sdata.h:145:9: warning: HLS pragma dump _XLX_SEP_ PragmaIsValid=1_XLX_SEP_ PragmaType=inline_XLX_SEP_ PragmaContext=_XLX_SEP_ PragmaFunction=set_data_XLX_SEP_ PragmaOptions=_XLX_SEP_ [-Wdump-hls-pragmas]
#pragma HLS inline
        ^
/tools/Xilinx/Vitis_HLS/2022.2/common/technology/autopilot/ap_axi_sdata.h:149:9: warning: HLS pragma dump _XLX_SEP_ PragmaIsValid=1_XLX_SEP_ PragmaType=inline_XLX_SEP_ PragmaContext=_XLX_SEP_ PragmaFunction=set_keep_XLX_SEP_ PragmaOptions=_XLX_SEP_ [-Wdump-hls-pragmas]
#pragma HLS inline
        ^
/tools/Xilinx/Vitis_HLS/2022.2/common/technology/autopilot/ap_axi_sdata.h:153:9: warning: HLS pragma dump _XLX_SEP_ PragmaIsValid=1_XLX_SEP_ PragmaType=inline_XLX_SEP_ PragmaContext=_XLX_SEP_ PragmaFunction=set_last_XLX_SEP_ PragmaOptions=_XLX_SEP_ [-Wdump-hls-pragmas]
#pragma HLS inline
        ^
/tools/Xilinx/Vitis_HLS/2022.2/common/technology/autopilot/ap_axi_sdata.h:157:9: warning: HLS pragma dump _XLX_SEP_ PragmaIsValid=1_XLX_SEP_ PragmaType=inline_XLX_SEP_ PragmaContext=_XLX_SEP_ PragmaFunction=keep_all_XLX_SEP_ PragmaOptions=_XLX_SEP_ [-Wdump-hls-pragmas]
#pragma HLS inline
        ^
/tools/Xilinx/Vitis_HLS/2022.2/common/technology/autopilot/ap_axi_sdata.h:163:9: warning: HLS pragma dump _XLX_SEP_ PragmaIsValid=1_XLX_SEP_ PragmaType=inline_XLX_SEP_ PragmaContext=_XLX_SEP_ PragmaFunction=qdma_axis<WData, 0, 0, 0>_XLX_SEP_ PragmaOptions=_XLX_SEP_ [-Wdump-hls-pragmas]
#pragma HLS inline
        ^
/tools/Xilinx/Vitis_HLS/2022.2/common/technology/autopilot/ap_axi_sdata.h:167:9: warning: HLS pragma dump _XLX_SEP_ PragmaIsValid=1_XLX_SEP_ PragmaType=inline_XLX_SEP_ PragmaContext=_XLX_SEP_ PragmaFunction=qdma_axis<WData, 0, 0, 0>_XLX_SEP_ PragmaOptions=_XLX_SEP_ [-Wdump-hls-pragmas]
#pragma HLS inline
        ^
/tools/Xilinx/Vitis_HLS/2022.2/common/technology/autopilot/ap_axi_sdata.h:171:9: warning: HLS pragma dump _XLX_SEP_ PragmaIsValid=1_XLX_SEP_ PragmaType=inline_XLX_SEP_ PragmaContext=_XLX_SEP_ PragmaFunction=qdma_axis<WData, 0, 0, 0>_XLX_SEP_ PragmaOptions=_XLX_SEP_ [-Wdump-hls-pragmas]
#pragma HLS inline
        ^
/tools/Xilinx/Vitis_HLS/2022.2/common/technology/autopilot/ap_axi_sdata.h:176:9: warning: HLS pragma dump _XLX_SEP_ PragmaIsValid=1_XLX_SEP_ PragmaType=inline_XLX_SEP_ PragmaContext=_XLX_SEP_ PragmaFunction=qdma_axis<WData, 0, 0, 0>_XLX_SEP_ PragmaOptions=_XLX_SEP_ [-Wdump-hls-pragmas]
#pragma HLS inline
        ^
/tools/Xilinx/Vitis_HLS/2022.2/common/technology/autopilot/ap_axi_sdata.h:181:9: warning: HLS pragma dump _XLX_SEP_ PragmaIsValid=1_XLX_SEP_ PragmaType=inline_XLX_SEP_ PragmaContext=_XLX_SEP_ PragmaFunction=qdma_axis<WData, 0, 0, 0>_XLX_SEP_ PragmaOptions=_XLX_SEP_ [-Wdump-hls-pragmas]
#pragma HLS inline
        ^
/tools/Xilinx/Vitis_HLS/2022.2/common/technology/autopilot/ap_axi_sdata.h:185:9: warning: HLS pragma dump _XLX_SEP_ PragmaIsValid=1_XLX_SEP_ PragmaType=inline_XLX_SEP_ PragmaContext=_XLX_SEP_ PragmaFunction=operator=_XLX_SEP_ PragmaOptions=_XLX_SEP_ [-Wdump-hls-pragmas]
#pragma HLS inline
        ^
/tools/Xilinx/Vitis_HLS/2022.2/common/technology/autopilot/ap_axi_sdata.h:220:9: warning: HLS pragma dump _XLX_SEP_ PragmaIsValid=1_XLX_SEP_ PragmaType=inline_XLX_SEP_ PragmaContext=_XLX_SEP_ PragmaFunction=empty_XLX_SEP_ PragmaOptions=_XLX_SEP_ [-Wdump-hls-pragmas]
#pragma HLS inline
        ^
/tools/Xilinx/Vitis_HLS/2022.2/common/technology/autopilot/ap_axi_sdata.h:227:9: warning: HLS pragma dump _XLX_SEP_ PragmaIsValid=1_XLX_SEP_ PragmaType=inline_XLX_SEP_ PragmaContext=_XLX_SEP_ PragmaFunction=full_XLX_SEP_ PragmaOptions=_XLX_SEP_ [-Wdump-hls-pragmas]
#pragma HLS inline
        ^
/tools/Xilinx/Vitis_HLS/2022.2/common/technology/autopilot/ap_axi_sdata.h:235:9: warning: HLS pragma dump _XLX_SEP_ PragmaIsValid=1_XLX_SEP_ PragmaType=inline_XLX_SEP_ PragmaContext=_XLX_SEP_ PragmaFunction=read_XLX_SEP_ PragmaOptions=_XLX_SEP_ [-Wdump-hls-pragmas]
#pragma HLS inline
        ^
/tools/Xilinx/Vitis_HLS/2022.2/common/technology/autopilot/ap_axi_sdata.h:245:9: warning: HLS pragma dump _XLX_SEP_ PragmaIsValid=1_XLX_SEP_ PragmaType=inline_XLX_SEP_ PragmaContext=_XLX_SEP_ PragmaFunction=read_XLX_SEP_ PragmaOptions=_XLX_SEP_ [-Wdump-hls-pragmas]
#pragma HLS inline
        ^
/tools/Xilinx/Vitis_HLS/2022.2/common/technology/autopilot/ap_axi_sdata.h:256:9: warning: HLS pragma dump _XLX_SEP_ PragmaIsValid=1_XLX_SEP_ PragmaType=inline_XLX_SEP_ PragmaContext=_XLX_SEP_ PragmaFunction=write_XLX_SEP_ PragmaOptions=_XLX_SEP_ [-Wdump-hls-pragmas]
#pragma HLS inline
        ^
/tools/Xilinx/Vitis_HLS/2022.2/common/technology/autopilot/ap_axi_sdata.h:266:9: warning: HLS pragma dump _XLX_SEP_ PragmaIsValid=1_XLX_SEP_ PragmaType=inline_XLX_SEP_ PragmaContext=_XLX_SEP_ PragmaFunction=read_nb_XLX_SEP_ PragmaOptions=_XLX_SEP_ [-Wdump-hls-pragmas]
#pragma HLS inline
        ^
/tools/Xilinx/Vitis_HLS/2022.2/common/technology/autopilot/ap_axi_sdata.h:281:9: warning: HLS pragma dump _XLX_SEP_ PragmaIsValid=1_XLX_SEP_ PragmaType=inline_XLX_SEP_ PragmaContext=_XLX_SEP_ PragmaFunction=write_nb_XLX_SEP_ PragmaOptions=_XLX_SEP_ [-Wdump-hls-pragmas]
#pragma HLS inline
        ^
/tools/Xilinx/Vitis_HLS/2022.2/common/technology/autopilot/ap_axi_sdata.h:317:9: warning: HLS pragma dump _XLX_SEP_ PragmaIsValid=1_XLX_SEP_ PragmaType=inline_XLX_SEP_ PragmaContext=_XLX_SEP_ PragmaFunction=empty_XLX_SEP_ PragmaOptions=_XLX_SEP_ [-Wdump-hls-pragmas]
#pragma HLS inline
        ^
/tools/Xilinx/Vitis_HLS/2022.2/common/technology/autopilot/ap_axi_sdata.h:324:9: warning: HLS pragma dump _XLX_SEP_ PragmaIsValid=1_XLX_SEP_ PragmaType=inline_XLX_SEP_ PragmaContext=_XLX_SEP_ PragmaFunction=full_XLX_SEP_ PragmaOptions=_XLX_SEP_ [-Wdump-hls-pragmas]
#pragma HLS inline
        ^
/tools/Xilinx/Vitis_HLS/2022.2/common/technology/autopilot/ap_axi_sdata.h:332:9: warning: HLS pragma dump _XLX_SEP_ PragmaIsValid=1_XLX_SEP_ PragmaType=inline_XLX_SEP_ PragmaContext=_XLX_SEP_ PragmaFunction=read_XLX_SEP_ PragmaOptions=_XLX_SEP_ [-Wdump-hls-pragmas]
#pragma HLS inline
        ^
/tools/Xilinx/Vitis_HLS/2022.2/common/technology/autopilot/ap_axi_sdata.h:342:9: warning: HLS pragma dump _XLX_SEP_ PragmaIsValid=1_XLX_SEP_ PragmaType=inline_XLX_SEP_ PragmaContext=_XLX_SEP_ PragmaFunction=read_XLX_SEP_ PragmaOptions=_XLX_SEP_ [-Wdump-hls-pragmas]
#pragma HLS inline
        ^
/tools/Xilinx/Vitis_HLS/2022.2/common/technology/autopilot/ap_axi_sdata.h:353:9: warning: HLS pragma dump _XLX_SEP_ PragmaIsValid=1_XLX_SEP_ PragmaType=inline_XLX_SEP_ PragmaContext=_XLX_SEP_ PragmaFunction=write_XLX_SEP_ PragmaOptions=_XLX_SEP_ [-Wdump-hls-pragmas]
#pragma HLS inline
        ^
/tools/Xilinx/Vitis_HLS/2022.2/common/technology/autopilot/ap_axi_sdata.h:363:9: warning: HLS pragma dump _XLX_SEP_ PragmaIsValid=1_XLX_SEP_ PragmaType=inline_XLX_SEP_ PragmaContext=_XLX_SEP_ PragmaFunction=read_nb_XLX_SEP_ PragmaOptions=_XLX_SEP_ [-Wdump-hls-pragmas]
#pragma HLS inline
        ^
/tools/Xilinx/Vitis_HLS/2022.2/common/technology/autopilot/ap_axi_sdata.h:379:9: warning: HLS pragma dump _XLX_SEP_ PragmaIsValid=1_XLX_SEP_ PragmaType=inline_XLX_SEP_ PragmaContext=_XLX_SEP_ PragmaFunction=write_nb_XLX_SEP_ PragmaOptions=_XLX_SEP_ [-Wdump-hls-pragmas]
#pragma HLS inline
        ^
In file included from /home/x_thileeb/repos/ops-hls-batching-new/codegen_apps/tiling/poisson2d/u280_project/maxtile_8192_align_interleave_p7/hls/device/src/kernel_outerloop_0_2.cpp:2:
In file included from /home/x_thileeb/repos/ops-hls-batching-new/OPS/ops/hls/include/device/ops_hls_kernel_support.h:16:
/home/x_thileeb/repos/ops-hls-batching-new/OPS/ops/hls/include/device/../../L1/include/ops_hls_datamover.hpp:128:9: warning: HLS pragma dump _XLX_SEP_ PragmaIsValid=1_XLX_SEP_ PragmaType=pipeline_XLX_SEP_ PragmaContext=_XLX_SEP_ PragmaFunction=convMemBeat2axisPkt_XLX_SEP_ PragmaOptions=II=num_strm_pkts_per_beat_XLX_SEP_ [-Wdump-hls-pragmas]
#pragma HLS PIPELINE II=num_strm_pkts_per_beat
        ^
/home/x_thileeb/repos/ops-hls-batching-new/OPS/ops/hls/include/device/../../L1/include/ops_hls_datamover.hpp:129:9: warning: HLS pragma dump _XLX_SEP_ PragmaIsValid=1_XLX_SEP_ PragmaType=loop_tripcount_XLX_SEP_ PragmaContext=_XLX_SEP_ PragmaFunction=convMemBeat2axisPkt_XLX_SEP_ PragmaOptions=min=min_strm_pkts_per_beat avg=avg_strm_pkts_per_beat max=max_strm_pkts_per_beat_XLX_SEP_ [-Wdump-hls-pragmas]
#pragma HLS LOOP_TRIPCOUNT min=min_strm_pkts_per_beat avg=avg_strm_pkts_per_beat max=max_strm_pkts_per_beat
        ^
/home/x_thileeb/repos/ops-hls-batching-new/OPS/ops/hls/include/device/../../L1/include/ops_hls_datamover.hpp:182:9: warning: HLS pragma dump _XLX_SEP_ PragmaIsValid=1_XLX_SEP_ PragmaType=pipeline_XLX_SEP_ PragmaContext=_XLX_SEP_ PragmaFunction=convAxisPkt2memBeat_XLX_SEP_ PragmaOptions=II=1_XLX_SEP_ [-Wdump-hls-pragmas]
#pragma HLS PIPELINE II=1
        ^
/home/x_thileeb/repos/ops-hls-batching-new/OPS/ops/hls/include/device/../../L1/include/ops_hls_datamover.hpp:183:9: warning: HLS pragma dump _XLX_SEP_ PragmaIsValid=1_XLX_SEP_ PragmaType=loop_tripcount_XLX_SEP_ PragmaContext=_XLX_SEP_ PragmaFunction=convAxisPkt2memBeat_XLX_SEP_ PragmaOptions=min=min_strm_pkts_per_beat avg=avg_strm_pkts_per_beat max=max_strm_pkts_per_beat_XLX_SEP_ [-Wdump-hls-pragmas]
#pragma HLS LOOP_TRIPCOUNT min=min_strm_pkts_per_beat avg=avg_strm_pkts_per_beat max=max_strm_pkts_per_beat
        ^
/home/x_thileeb/repos/ops-hls-batching-new/OPS/ops/hls/include/device/../../L1/include/ops_hls_datamover.hpp:260:9: warning: HLS pragma dump _XLX_SEP_ PragmaIsValid=1_XLX_SEP_ PragmaType=pipeline_XLX_SEP_ PragmaContext=_XLX_SEP_ PragmaFunction=convAxisPkt2memBeatMasked_XLX_SEP_ PragmaOptions=II=1_XLX_SEP_ [-Wdump-hls-pragmas]
#pragma HLS PIPELINE II=1
        ^
/home/x_thileeb/repos/ops-hls-batching-new/OPS/ops/hls/include/device/../../L1/include/ops_hls_datamover.hpp:261:9: warning: missing argument for 'max' [-Winvalid-hls-pragmas]
#pragma HLS LOOP_TRIPCOUNT avg=avg_num_data_per_axis_pkt
        ^
/home/x_thileeb/repos/ops-hls-batching-new/OPS/ops/hls/include/device/../../L1/include/ops_hls_datamover.hpp:261:9: warning: HLS pragma dump _XLX_SEP_ PragmaIsValid=0_XLX_SEP_ PragmaType=loop_tripcount_XLX_SEP_ PragmaContext=_XLX_SEP_ PragmaFunction=convAxisPkt2memBeatMasked_XLX_SEP_ PragmaOptions=avg=avg_num_data_per_axis_pkt_XLX_SEP_ [-Wdump-hls-pragmas]
/home/x_thileeb/repos/ops-hls-batching-new/OPS/ops/hls/include/device/../../L1/include/ops_hls_datamover.hpp:220:20: warning: unused parameter 'size' [-Wunused-parameter]
     unsigned int& size,
                   ^
/home/x_thileeb/repos/ops-hls-batching-new/OPS/ops/hls/include/device/../../L1/include/ops_hls_datamover.hpp:309:9: warning: HLS pragma dump _XLX_SEP_ PragmaIsValid=1_XLX_SEP_ PragmaType=pipeline_XLX_SEP_ PragmaContext=_XLX_SEP_ PragmaFunction=convStreamPkt2memBeat_XLX_SEP_ PragmaOptions=II=1_XLX_SEP_ [-Wdump-hls-pragmas]
#pragma HLS PIPELINE II=1
        ^
/home/x_thileeb/repos/ops-hls-batching-new/OPS/ops/hls/include/device/../../L1/include/ops_hls_datamover.hpp:310:9: warning: HLS pragma dump _XLX_SEP_ PragmaIsValid=1_XLX_SEP_ PragmaType=loop_tripcount_XLX_SEP_ PragmaContext=_XLX_SEP_ PragmaFunction=convStreamPkt2memBeat_XLX_SEP_ PragmaOptions=min=min_strm_pkts_per_beat avg=avg_strm_pkts_per_beat max=max_strm_pkts_per_beat_XLX_SEP_ [-Wdump-hls-pragmas]
#pragma HLS LOOP_TRIPCOUNT min=min_strm_pkts_per_beat avg=avg_strm_pkts_per_beat max=max_strm_pkts_per_beat
        ^
/home/x_thileeb/repos/ops-hls-batching-new/OPS/ops/hls/include/device/../../L1/include/ops_hls_datamover.hpp:391:9: warning: HLS pragma dump _XLX_SEP_ PragmaIsValid=1_XLX_SEP_ PragmaType=pipeline_XLX_SEP_ PragmaContext=_XLX_SEP_ PragmaFunction=convStreamPkt2memBeatMasked_XLX_SEP_ PragmaOptions=II=1_XLX_SEP_ [-Wdump-hls-pragmas]
#pragma HLS PIPELINE II=1
        ^
/home/x_thileeb/repos/ops-hls-batching-new/OPS/ops/hls/include/device/../../L1/include/ops_hls_datamover.hpp:392:9: warning: missing argument for 'max' [-Winvalid-hls-pragmas]
#pragma HLS LOOP_TRIPCOUNT avg=avg_num_data_per_axis_pkt
        ^
/home/x_thileeb/repos/ops-hls-batching-new/OPS/ops/hls/include/device/../../L1/include/ops_hls_datamover.hpp:392:9: warning: HLS pragma dump _XLX_SEP_ PragmaIsValid=0_XLX_SEP_ PragmaType=loop_tripcount_XLX_SEP_ PragmaContext=_XLX_SEP_ PragmaFunction=convStreamPkt2memBeatMasked_XLX_SEP_ PragmaOptions=avg=avg_num_data_per_axis_pkt_XLX_SEP_ [-Wdump-hls-pragmas]
/home/x_thileeb/repos/ops-hls-batching-new/OPS/ops/hls/include/device/../../L1/include/ops_hls_datamover.hpp:349:20: warning: unused parameter 'size' [-Wunused-parameter]
     unsigned int& size,
                   ^
/home/x_thileeb/repos/ops-hls-batching-new/OPS/ops/hls/include/device/../../L1/include/ops_hls_datamover.hpp:458:9: warning: HLS pragma dump _XLX_SEP_ PragmaIsValid=1_XLX_SEP_ PragmaType=pipeline_XLX_SEP_ PragmaContext=_XLX_SEP_ PragmaFunction=mem2stream_XLX_SEP_ PragmaOptions=II=ii_XLX_SEP_ [-Wdump-hls-pragmas]
#pragma HLS PIPELINE II=ii
        ^
/home/x_thileeb/repos/ops-hls-batching-new/OPS/ops/hls/include/device/../../L1/include/ops_hls_datamover.hpp:480:9: warning: HLS pragma dump _XLX_SEP_ PragmaIsValid=1_XLX_SEP_ PragmaType=pipeline_XLX_SEP_ PragmaContext=_XLX_SEP_ PragmaFunction=mem2stream_XLX_SEP_ PragmaOptions=II=ii_XLX_SEP_ [-Wdump-hls-pragmas]
#pragma HLS PIPELINE II=ii
        ^
/home/x_thileeb/repos/ops-hls-batching-new/OPS/ops/hls/include/device/../../L1/include/ops_hls_datamover.hpp:535:9: warning: HLS pragma dump _XLX_SEP_ PragmaIsValid=1_XLX_SEP_ PragmaType=pipeline_XLX_SEP_ PragmaContext=_XLX_SEP_ PragmaFunction=mem2streamV2_XLX_SEP_ PragmaOptions=II=IN_ITR_XLX_SEP_ [-Wdump-hls-pragmas]
#pragma HLS PIPELINE II=IN_ITR
        ^
/home/x_thileeb/repos/ops-hls-batching-new/OPS/ops/hls/include/device/../../L1/include/ops_hls_datamover.hpp:608:9: warning: HLS pragma dump _XLX_SEP_ PragmaIsValid=1_XLX_SEP_ PragmaType=pipeline_XLX_SEP_ PragmaContext=_XLX_SEP_ PragmaFunction=mem2stream_XLX_SEP_ PragmaOptions=II=ii_adj_XLX_SEP_ [-Wdump-hls-pragmas]
#pragma HLS PIPELINE II=ii_adj
        ^
/home/x_thileeb/repos/ops-hls-batching-new/OPS/ops/hls/include/device/../../L1/include/ops_hls_datamover.hpp:614:9: warning: HLS pragma dump _XLX_SEP_ PragmaIsValid=1_XLX_SEP_ PragmaType=unroll_XLX_SEP_ PragmaContext=_XLX_SEP_ PragmaFunction=mem2stream_XLX_SEP_ PragmaOptions=_XLX_SEP_ [-Wdump-hls-pragmas]
#pragma HLS UNROLL
        ^
/home/x_thileeb/repos/ops-hls-batching-new/OPS/ops/hls/include/device/../../L1/include/ops_hls_datamover.hpp:636:9: warning: HLS pragma dump _XLX_SEP_ PragmaIsValid=1_XLX_SEP_ PragmaType=pipeline_XLX_SEP_ PragmaContext=_XLX_SEP_ PragmaFunction=mem2stream_XLX_SEP_ PragmaOptions=II=ii_adj_XLX_SEP_ [-Wdump-hls-pragmas]
#pragma HLS PIPELINE II=ii_adj
        ^
/home/x_thileeb/repos/ops-hls-batching-new/OPS/ops/hls/include/device/../../L1/include/ops_hls_datamover.hpp:642:9: warning: HLS pragma dump _XLX_SEP_ PragmaIsValid=1_XLX_SEP_ PragmaType=unroll_XLX_SEP_ PragmaContext=_XLX_SEP_ PragmaFunction=mem2stream_XLX_SEP_ PragmaOptions=_XLX_SEP_ [-Wdump-hls-pragmas]
#pragma HLS UNROLL
        ^
/home/x_thileeb/repos/ops-hls-batching-new/OPS/ops/hls/include/device/../../L1/include/ops_hls_datamover.hpp:792:9: warning: HLS pragma dump _XLX_SEP_ PragmaIsValid=1_XLX_SEP_ PragmaType=loop_flatten_XLX_SEP_ PragmaContext=_XLX_SEP_ PragmaFunction=mem2stream_XLX_SEP_ PragmaOptions=_XLX_SEP_ [-Wdump-hls-pragmas]
#pragma HLS LOOP_FLATTEN
        ^
/home/x_thileeb/repos/ops-hls-batching-new/OPS/ops/hls/include/device/../../L1/include/ops_hls_datamover.hpp:813:9: warning: HLS pragma dump _XLX_SEP_ PragmaIsValid=1_XLX_SEP_ PragmaType=pipeline_XLX_SEP_ PragmaContext=_XLX_SEP_ PragmaFunction=stream2streambuffered_XLX_SEP_ PragmaOptions=II=IN_ITR_XLX_SEP_ [-Wdump-hls-pragmas]
#pragma HLS PIPELINE II=IN_ITR
        ^
/home/x_thileeb/repos/ops-hls-batching-new/OPS/ops/hls/include/device/../../L1/include/ops_hls_datamover.hpp:860:9: warning: HLS pragma dump _XLX_SEP_ PragmaIsValid=1_XLX_SEP_ PragmaType=pipeline_XLX_SEP_ PragmaContext=_XLX_SEP_ PragmaFunction=stream2mem_XLX_SEP_ PragmaOptions=II=ii_XLX_SEP_ [-Wdump-hls-pragmas]
#pragma HLS PIPELINE II=ii
        ^
/home/x_thileeb/repos/ops-hls-batching-new/OPS/ops/hls/include/device/../../L1/include/ops_hls_datamover.hpp:881:9: warning: HLS pragma dump _XLX_SEP_ PragmaIsValid=1_XLX_SEP_ PragmaType=pipeline_XLX_SEP_ PragmaContext=_XLX_SEP_ PragmaFunction=stream2mem_XLX_SEP_ PragmaOptions=II=ii_XLX_SEP_ [-Wdump-hls-pragmas]
#pragma HLS PIPELINE II=ii
        ^
/home/x_thileeb/repos/ops-hls-batching-new/OPS/ops/hls/include/device/../../L1/include/ops_hls_datamover.hpp:922:9: warning: HLS pragma dump _XLX_SEP_ PragmaIsValid=1_XLX_SEP_ PragmaType=pipeline_XLX_SEP_ PragmaContext=_XLX_SEP_ PragmaFunction=hlsTerminate_XLX_SEP_ PragmaOptions=II=II_XLX_SEP_ [-Wdump-hls-pragmas]
#pragma HLS PIPELINE II=II
        ^
/home/x_thileeb/repos/ops-hls-batching-new/OPS/ops/hls/include/device/../../L1/include/ops_hls_datamover.hpp:985:9: warning: HLS pragma dump _XLX_SEP_ PragmaIsValid=1_XLX_SEP_ PragmaType=pipeline_XLX_SEP_ PragmaContext=_XLX_SEP_ PragmaFunction=stream2memWithAvoid_XLX_SEP_ PragmaOptions=II=ii_XLX_SEP_ [-Wdump-hls-pragmas]
#pragma HLS PIPELINE II=ii
        ^
/home/x_thileeb/repos/ops-hls-batching-new/OPS/ops/hls/include/device/../../L1/include/ops_hls_datamover.hpp:1006:9: warning: HLS pragma dump _XLX_SEP_ PragmaIsValid=1_XLX_SEP_ PragmaType=pipeline_XLX_SEP_ PragmaContext=_XLX_SEP_ PragmaFunction=stream2memWithAvoid_XLX_SEP_ PragmaOptions=II=ii_XLX_SEP_ [-Wdump-hls-pragmas]
#pragma HLS PIPELINE II=ii
        ^
/home/x_thileeb/repos/ops-hls-batching-new/OPS/ops/hls/include/device/../../L1/include/ops_hls_datamover.hpp:1028:9: warning: HLS pragma dump _XLX_SEP_ PragmaIsValid=1_XLX_SEP_ PragmaType=pipeline_XLX_SEP_ PragmaContext=_XLX_SEP_ PragmaFunction=stream2memWithAvoid_XLX_SEP_ PragmaOptions=II=ii_XLX_SEP_ [-Wdump-hls-pragmas]
#pragma HLS PIPELINE II=ii
        ^
/home/x_thileeb/repos/ops-hls-batching-new/OPS/ops/hls/include/device/../../L1/include/ops_hls_datamover.hpp:1086:9: warning: HLS pragma dump _XLX_SEP_ PragmaIsValid=1_XLX_SEP_ PragmaType=pipeline_XLX_SEP_ PragmaContext=_XLX_SEP_ PragmaFunction=stream2memWithAvoidV2_XLX_SEP_ PragmaOptions=II=IN_ITR_XLX_SEP_ [-Wdump-hls-pragmas]
#pragma HLS PIPELINE II=IN_ITR
        ^
/home/x_thileeb/repos/ops-hls-batching-new/OPS/ops/hls/include/device/../../L1/include/ops_hls_datamover.hpp:1151:9: warning: HLS pragma dump _XLX_SEP_ PragmaIsValid=1_XLX_SEP_ PragmaType=pipeline_XLX_SEP_ PragmaContext=_XLX_SEP_ PragmaFunction=stream2memWithAvoidV3_XLX_SEP_ PragmaOptions=II=IN_ITR_XLX_SEP_ [-Wdump-hls-pragmas]
#pragma HLS PIPELINE II=IN_ITR
        ^
/home/x_thileeb/repos/ops-hls-batching-new/OPS/ops/hls/include/device/../../L1/include/ops_hls_datamover.hpp:1152:9: warning: HLS pragma dump _XLX_SEP_ PragmaIsValid=1_XLX_SEP_ PragmaType=loop_tripcount_XLX_SEP_ PragmaContext=_XLX_SEP_ PragmaFunction=stream2memWithAvoidV3_XLX_SEP_ PragmaOptions=min=1 max=64_XLX_SEP_ [-Wdump-hls-pragmas]
#pragma HLS LOOP_TRIPCOUNT min=1 max=64
        ^
/home/x_thileeb/repos/ops-hls-batching-new/OPS/ops/hls/include/device/../../L1/include/ops_hls_datamover.hpp:1174:9: warning: HLS pragma dump _XLX_SEP_ PragmaIsValid=1_XLX_SEP_ PragmaType=pipeline_XLX_SEP_ PragmaContext=_XLX_SEP_ PragmaFunction=stream2memWithAvoidV3_XLX_SEP_ PragmaOptions=II=IN_ITR_XLX_SEP_ [-Wdump-hls-pragmas]
#pragma HLS PIPELINE II=IN_ITR
        ^
/home/x_thileeb/repos/ops-hls-batching-new/OPS/ops/hls/include/device/../../L1/include/ops_hls_datamover.hpp:1175:9: warning: HLS pragma dump _XLX_SEP_ PragmaIsValid=1_XLX_SEP_ PragmaType=loop_tripcount_XLX_SEP_ PragmaContext=_XLX_SEP_ PragmaFunction=stream2memWithAvoidV3_XLX_SEP_ PragmaOptions=min=1 max=256_XLX_SEP_ [-Wdump-hls-pragmas]
#pragma HLS LOOP_TRIPCOUNT min=1 max=256
        ^
/home/x_thileeb/repos/ops-hls-batching-new/OPS/ops/hls/include/device/../../L1/include/ops_hls_datamover.hpp:1261:9: warning: HLS pragma dump _XLX_SEP_ PragmaIsValid=1_XLX_SEP_ PragmaType=pipeline_XLX_SEP_ PragmaContext=_XLX_SEP_ PragmaFunction=stream2memWithAvoid_XLX_SEP_ PragmaOptions=II=ii_adj_XLX_SEP_ [-Wdump-hls-pragmas]
#pragma HLS PIPELINE II=ii_adj
        ^
/home/x_thileeb/repos/ops-hls-batching-new/OPS/ops/hls/include/device/../../L1/include/ops_hls_datamover.hpp:1267:9: warning: HLS pragma dump _XLX_SEP_ PragmaIsValid=1_XLX_SEP_ PragmaType=unroll_XLX_SEP_ PragmaContext=_XLX_SEP_ PragmaFunction=stream2memWithAvoid_XLX_SEP_ PragmaOptions=_XLX_SEP_ [-Wdump-hls-pragmas]
#pragma HLS UNROLL
        ^
/home/x_thileeb/repos/ops-hls-batching-new/OPS/ops/hls/include/device/../../L1/include/ops_hls_datamover.hpp:1291:9: warning: HLS pragma dump _XLX_SEP_ PragmaIsValid=1_XLX_SEP_ PragmaType=pipeline_XLX_SEP_ PragmaContext=_XLX_SEP_ PragmaFunction=stream2memWithAvoid_XLX_SEP_ PragmaOptions=II=ii_adj_XLX_SEP_ [-Wdump-hls-pragmas]
#pragma HLS PIPELINE II=ii_adj
        ^
/home/x_thileeb/repos/ops-hls-batching-new/OPS/ops/hls/include/device/../../L1/include/ops_hls_datamover.hpp:1298:9: warning: HLS pragma dump _XLX_SEP_ PragmaIsValid=1_XLX_SEP_ PragmaType=unroll_XLX_SEP_ PragmaContext=_XLX_SEP_ PragmaFunction=stream2memWithAvoid_XLX_SEP_ PragmaOptions=_XLX_SEP_ [-Wdump-hls-pragmas]
#pragma HLS UNROLL
        ^
/home/x_thileeb/repos/ops-hls-batching-new/OPS/ops/hls/include/device/../../L1/include/ops_hls_datamover.hpp:1323:9: warning: HLS pragma dump _XLX_SEP_ PragmaIsValid=1_XLX_SEP_ PragmaType=pipeline_XLX_SEP_ PragmaContext=_XLX_SEP_ PragmaFunction=stream2memWithAvoid_XLX_SEP_ PragmaOptions=II=ii_adj_XLX_SEP_ [-Wdump-hls-pragmas]
#pragma HLS PIPELINE II=ii_adj
        ^
/home/x_thileeb/repos/ops-hls-batching-new/OPS/ops/hls/include/device/../../L1/include/ops_hls_datamover.hpp:1330:9: warning: HLS pragma dump _XLX_SEP_ PragmaIsValid=1_XLX_SEP_ PragmaType=unroll_XLX_SEP_ PragmaContext=_XLX_SEP_ PragmaFunction=stream2memWithAvoid_XLX_SEP_ PragmaOptions=_XLX_SEP_ [-Wdump-hls-pragmas]
#pragma HLS UNROLL
        ^
/home/x_thileeb/repos/ops-hls-batching-new/OPS/ops/hls/include/device/../../L1/include/ops_hls_datamover.hpp:1394:9: warning: HLS pragma dump _XLX_SEP_ PragmaIsValid=1_XLX_SEP_ PragmaType=loop_flatten_XLX_SEP_ PragmaContext=_XLX_SEP_ PragmaFunction=stream2mem_XLX_SEP_ PragmaOptions=_XLX_SEP_ [-Wdump-hls-pragmas]
#pragma HLS LOOP_FLATTEN
        ^
/home/x_thileeb/repos/ops-hls-batching-new/OPS/ops/hls/include/device/../../L1/include/ops_hls_datamover.hpp:1466:9: warning: HLS pragma dump _XLX_SEP_ PragmaIsValid=1_XLX_SEP_ PragmaType=array_partition_XLX_SEP_ PragmaContext=_XLX_SEP_ PragmaFunction=stream2interleave_XLX_SEP_ PragmaOptions=variable=data_front dim=0 complete_XLX_SEP_ [-Wdump-hls-pragmas]
#pragma HLS ARRAY_PARTITION variable=data_front dim=0 complete
        ^
/home/x_thileeb/repos/ops-hls-batching-new/OPS/ops/hls/include/device/../../L1/include/ops_hls_datamover.hpp:1467:9: warning: HLS pragma dump _XLX_SEP_ PragmaIsValid=1_XLX_SEP_ PragmaType=array_partition_XLX_SEP_ PragmaContext=_XLX_SEP_ PragmaFunction=stream2interleave_XLX_SEP_ PragmaOptions=variable=data dim=0 complete_XLX_SEP_ [-Wdump-hls-pragmas]
#pragma HLS ARRAY_PARTITION variable=data dim=0 complete
        ^
/home/x_thileeb/repos/ops-hls-batching-new/OPS/ops/hls/include/device/../../L1/include/ops_hls_datamover.hpp:1468:9: warning: HLS pragma dump _XLX_SEP_ PragmaIsValid=1_XLX_SEP_ PragmaType=array_partition_XLX_SEP_ PragmaContext=_XLX_SEP_ PragmaFunction=stream2interleave_XLX_SEP_ PragmaOptions=variable=data_back dim=0 complete_XLX_SEP_ [-Wdump-hls-pragmas]
#pragma HLS ARRAY_PARTITION variable=data_back dim=0 complete
        ^
/home/x_thileeb/repos/ops-hls-batching-new/OPS/ops/hls/include/device/../../L1/include/ops_hls_datamover.hpp:1472:9: warning: HLS pragma dump _XLX_SEP_ PragmaIsValid=1_XLX_SEP_ PragmaType=pipeline_XLX_SEP_ PragmaContext=_XLX_SEP_ PragmaFunction=stream2interleave_XLX_SEP_ PragmaOptions=II=1_XLX_SEP_ [-Wdump-hls-pragmas]
#pragma HLS PIPELINE II=1
        ^
/home/x_thileeb/repos/ops-hls-batching-new/OPS/ops/hls/include/device/../../L1/include/ops_hls_datamover.hpp:1475:9: warning: HLS pragma dump _XLX_SEP_ PragmaIsValid=1_XLX_SEP_ PragmaType=array_partition_XLX_SEP_ PragmaContext=_XLX_SEP_ PragmaFunction=stream2interleave_XLX_SEP_ PragmaOptions=variable=tmp dim=0 complete_XLX_SEP_ [-Wdump-hls-pragmas]
#pragma HLS ARRAY_PARTITION variable=tmp dim=0 complete
        ^
/home/x_thileeb/repos/ops-hls-batching-new/OPS/ops/hls/include/device/../../L1/include/ops_hls_datamover.hpp:1480:9: warning: HLS pragma dump _XLX_SEP_ PragmaIsValid=1_XLX_SEP_ PragmaType=unroll_XLX_SEP_ PragmaContext=_XLX_SEP_ PragmaFunction=stream2interleave_XLX_SEP_ PragmaOptions=_XLX_SEP_ [-Wdump-hls-pragmas]
#pragma HLS UNROLL
        ^
/home/x_thileeb/repos/ops-hls-batching-new/OPS/ops/hls/include/device/../../L1/include/ops_hls_datamover.hpp:1501:9: warning: HLS pragma dump _XLX_SEP_ PragmaIsValid=1_XLX_SEP_ PragmaType=unroll_XLX_SEP_ PragmaContext=_XLX_SEP_ PragmaFunction=stream2interleave_XLX_SEP_ PragmaOptions=_XLX_SEP_ [-Wdump-hls-pragmas]
#pragma HLS UNROLL
        ^
/home/x_thileeb/repos/ops-hls-batching-new/OPS/ops/hls/include/device/../../L1/include/ops_hls_datamover.hpp:1508:9: warning: HLS pragma dump _XLX_SEP_ PragmaIsValid=1_XLX_SEP_ PragmaType=array_partition_XLX_SEP_ PragmaContext=_XLX_SEP_ PragmaFunction=stream2interleave_XLX_SEP_ PragmaOptions=variable=tmp_out dim=1 complete_XLX_SEP_ [-Wdump-hls-pragmas]
#pragma HLS ARRAY_PARTITION variable=tmp_out dim=1 complete
        ^
/home/x_thileeb/repos/ops-hls-batching-new/OPS/ops/hls/include/device/../../L1/include/ops_hls_datamover.hpp:1514:9: warning: HLS pragma dump _XLX_SEP_ PragmaIsValid=1_XLX_SEP_ PragmaType=unroll_XLX_SEP_ PragmaContext=_XLX_SEP_ PragmaFunction=stream2interleave_XLX_SEP_ PragmaOptions=_XLX_SEP_ [-Wdump-hls-pragmas]
#pragma HLS UNROLL
        ^
/home/x_thileeb/repos/ops-hls-batching-new/OPS/ops/hls/include/device/../../L1/include/ops_hls_datamover.hpp:1533:9: warning: HLS pragma dump _XLX_SEP_ PragmaIsValid=1_XLX_SEP_ PragmaType=unroll_XLX_SEP_ PragmaContext=_XLX_SEP_ PragmaFunction=stream2interleave_XLX_SEP_ PragmaOptions=_XLX_SEP_ [-Wdump-hls-pragmas]
#pragma HLS UNROLL
        ^
/home/x_thileeb/repos/ops-hls-batching-new/OPS/ops/hls/include/device/../../L1/include/ops_hls_datamover.hpp:1593:9: warning: HLS pragma dump _XLX_SEP_ PragmaIsValid=1_XLX_SEP_ PragmaType=array_partition_XLX_SEP_ PragmaContext=_XLX_SEP_ PragmaFunction=interleave2stream_XLX_SEP_ PragmaOptions=variable = tmp_in dim=0 complete_XLX_SEP_ [-Wdump-hls-pragmas]
#pragma HLS ARRAY_PARTITION variable = tmp_in dim=0 complete
        ^
/home/x_thileeb/repos/ops-hls-batching-new/OPS/ops/hls/include/device/../../L1/include/ops_hls_datamover.hpp:1595:9: warning: HLS pragma dump _XLX_SEP_ PragmaIsValid=1_XLX_SEP_ PragmaType=array_partition_XLX_SEP_ PragmaContext=_XLX_SEP_ PragmaFunction=interleave2stream_XLX_SEP_ PragmaOptions=variable = tmp_out dim=0 complete_XLX_SEP_ [-Wdump-hls-pragmas]
#pragma HLS ARRAY_PARTITION variable = tmp_out dim=0 complete
        ^
/home/x_thileeb/repos/ops-hls-batching-new/OPS/ops/hls/include/device/../../L1/include/ops_hls_datamover.hpp:1599:9: warning: HLS pragma dump _XLX_SEP_ PragmaIsValid=1_XLX_SEP_ PragmaType=pipeline_XLX_SEP_ PragmaContext=_XLX_SEP_ PragmaFunction=interleave2stream_XLX_SEP_ PragmaOptions=II=1_XLX_SEP_ [-Wdump-hls-pragmas]
#pragma HLS PIPELINE II=1
        ^
/home/x_thileeb/repos/ops-hls-batching-new/OPS/ops/hls/include/device/../../L1/include/ops_hls_datamover.hpp:1603:9: warning: HLS pragma dump _XLX_SEP_ PragmaIsValid=1_XLX_SEP_ PragmaType=unroll_XLX_SEP_ PragmaContext=_XLX_SEP_ PragmaFunction=interleave2stream_XLX_SEP_ PragmaOptions=_XLX_SEP_ [-Wdump-hls-pragmas]
#pragma HLS UNROLL
        ^
/home/x_thileeb/repos/ops-hls-batching-new/OPS/ops/hls/include/device/../../L1/include/ops_hls_datamover.hpp:1623:9: warning: HLS pragma dump _XLX_SEP_ PragmaIsValid=1_XLX_SEP_ PragmaType=unroll_XLX_SEP_ PragmaContext=_XLX_SEP_ PragmaFunction=interleave2stream_XLX_SEP_ PragmaOptions=_XLX_SEP_ [-Wdump-hls-pragmas]
#pragma HLS UNROLL
        ^
/home/x_thileeb/repos/ops-hls-batching-new/OPS/ops/hls/include/device/../../L1/include/ops_hls_datamover.hpp:1630:9: warning: HLS pragma dump _XLX_SEP_ PragmaIsValid=1_XLX_SEP_ PragmaType=unroll_XLX_SEP_ PragmaContext=_XLX_SEP_ PragmaFunction=interleave2stream_XLX_SEP_ PragmaOptions=_XLX_SEP_ [-Wdump-hls-pragmas]
#pragma HLS UNROLL
        ^
/home/x_thileeb/repos/ops-hls-batching-new/OPS/ops/hls/include/device/../../L1/include/ops_hls_datamover.hpp:1695:9: warning: HLS pragma dump _XLX_SEP_ PragmaIsValid=1_XLX_SEP_ PragmaType=array_partition_XLX_SEP_ PragmaContext=_XLX_SEP_ PragmaFunction=updateInterleaveBoundaries_XLX_SEP_ PragmaOptions=variable=data_front dim=0 complete_XLX_SEP_ [-Wdump-hls-pragmas]
#pragma HLS ARRAY_PARTITION variable=data_front dim=0 complete
        ^
/home/x_thileeb/repos/ops-hls-batching-new/OPS/ops/hls/include/device/../../L1/include/ops_hls_datamover.hpp:1696:9: warning: HLS pragma dump _XLX_SEP_ PragmaIsValid=1_XLX_SEP_ PragmaType=array_partition_XLX_SEP_ PragmaContext=_XLX_SEP_ PragmaFunction=updateInterleaveBoundaries_XLX_SEP_ PragmaOptions=variable=data dim=0 complete_XLX_SEP_ [-Wdump-hls-pragmas]
#pragma HLS ARRAY_PARTITION variable=data dim=0 complete
        ^
/home/x_thileeb/repos/ops-hls-batching-new/OPS/ops/hls/include/device/../../L1/include/ops_hls_datamover.hpp:1697:9: warning: HLS pragma dump _XLX_SEP_ PragmaIsValid=1_XLX_SEP_ PragmaType=array_partition_XLX_SEP_ PragmaContext=_XLX_SEP_ PragmaFunction=updateInterleaveBoundaries_XLX_SEP_ PragmaOptions=variable=data_back dim=0 complete_XLX_SEP_ [-Wdump-hls-pragmas]
#pragma HLS ARRAY_PARTITION variable=data_back dim=0 complete
        ^
/home/x_thileeb/repos/ops-hls-batching-new/OPS/ops/hls/include/device/../../L1/include/ops_hls_datamover.hpp:1701:9: warning: HLS pragma dump _XLX_SEP_ PragmaIsValid=1_XLX_SEP_ PragmaType=pipeline_XLX_SEP_ PragmaContext=_XLX_SEP_ PragmaFunction=updateInterleaveBoundaries_XLX_SEP_ PragmaOptions=II=1_XLX_SEP_ [-Wdump-hls-pragmas]
#pragma HLS PIPELINE II=1
        ^
/home/x_thileeb/repos/ops-hls-batching-new/OPS/ops/hls/include/device/../../L1/include/ops_hls_datamover.hpp:1704:9: warning: HLS pragma dump _XLX_SEP_ PragmaIsValid=1_XLX_SEP_ PragmaType=array_partition_XLX_SEP_ PragmaContext=_XLX_SEP_ PragmaFunction=updateInterleaveBoundaries_XLX_SEP_ PragmaOptions=variable=tmp dim=0 complete_XLX_SEP_ [-Wdump-hls-pragmas]
#pragma HLS ARRAY_PARTITION variable=tmp dim=0 complete
        ^
/home/x_thileeb/repos/ops-hls-batching-new/OPS/ops/hls/include/device/../../L1/include/ops_hls_datamover.hpp:1709:9: warning: HLS pragma dump _XLX_SEP_ PragmaIsValid=1_XLX_SEP_ PragmaType=unroll_XLX_SEP_ PragmaContext=_XLX_SEP_ PragmaFunction=updateInterleaveBoundaries_XLX_SEP_ PragmaOptions=_XLX_SEP_ [-Wdump-hls-pragmas]
#pragma HLS UNROLL
        ^
/home/x_thileeb/repos/ops-hls-batching-new/OPS/ops/hls/include/device/../../L1/include/ops_hls_datamover.hpp:1716:9: warning: HLS pragma dump _XLX_SEP_ PragmaIsValid=1_XLX_SEP_ PragmaType=unroll_XLX_SEP_ PragmaContext=_XLX_SEP_ PragmaFunction=updateInterleaveBoundaries_XLX_SEP_ PragmaOptions=_XLX_SEP_ [-Wdump-hls-pragmas]
#pragma HLS UNROLL
        ^
/home/x_thileeb/repos/ops-hls-batching-new/OPS/ops/hls/include/device/../../L1/include/ops_hls_datamover.hpp:1723:9: warning: HLS pragma dump _XLX_SEP_ PragmaIsValid=1_XLX_SEP_ PragmaType=array_partition_XLX_SEP_ PragmaContext=_XLX_SEP_ PragmaFunction=updateInterleaveBoundaries_XLX_SEP_ PragmaOptions=variable=tmp_out dim=0 complete_XLX_SEP_ [-Wdump-hls-pragmas]
#pragma HLS ARRAY_PARTITION variable=tmp_out dim=0 complete
        ^
/home/x_thileeb/repos/ops-hls-batching-new/OPS/ops/hls/include/device/../../L1/include/ops_hls_datamover.hpp:1729:9: warning: HLS pragma dump _XLX_SEP_ PragmaIsValid=1_XLX_SEP_ PragmaType=unroll_XLX_SEP_ PragmaContext=_XLX_SEP_ PragmaFunction=updateInterleaveBoundaries_XLX_SEP_ PragmaOptions=_XLX_SEP_ [-Wdump-hls-pragmas]
#pragma HLS UNROLL
        ^
/home/x_thileeb/repos/ops-hls-batching-new/OPS/ops/hls/include/device/../../L1/include/ops_hls_datamover.hpp:1758:9: warning: HLS pragma dump _XLX_SEP_ PragmaIsValid=1_XLX_SEP_ PragmaType=unroll_XLX_SEP_ PragmaContext=_XLX_SEP_ PragmaFunction=updateInterleaveBoundaries_XLX_SEP_ PragmaOptions=_XLX_SEP_ [-Wdump-hls-pragmas]
#pragma HLS UNROLL
        ^
/home/x_thileeb/repos/ops-hls-batching-new/OPS/ops/hls/include/device/../../L1/include/ops_hls_datamover.hpp:1859:9: warning: HLS pragma dump _XLX_SEP_ PragmaIsValid=1_XLX_SEP_ PragmaType=pipeline_XLX_SEP_ PragmaContext=_XLX_SEP_ PragmaFunction=tileMem2stream_XLX_SEP_ PragmaOptions=_XLX_SEP_ [-Wdump-hls-pragmas]
#pragma HLS PIPELINE
        ^
/home/x_thileeb/repos/ops-hls-batching-new/OPS/ops/hls/include/device/../../L1/include/ops_hls_datamover.hpp:1888:9: warning: HLS pragma dump _XLX_SEP_ PragmaIsValid=1_XLX_SEP_ PragmaType=pipeline_XLX_SEP_ PragmaContext=_XLX_SEP_ PragmaFunction=tileStream2mem_XLX_SEP_ PragmaOptions=_XLX_SEP_ [-Wdump-hls-pragmas]
#pragma HLS PIPELINE
        ^
/home/x_thileeb/repos/ops-hls-batching-new/OPS/ops/hls/include/device/../../L1/include/ops_hls_datamover.hpp:1918:9: warning: HLS pragma dump _XLX_SEP_ PragmaIsValid=1_XLX_SEP_ PragmaType=pipeline_XLX_SEP_ PragmaContext=_XLX_SEP_ PragmaFunction=tileStream2memWithAvoid_XLX_SEP_ PragmaOptions=_XLX_SEP_ [-Wdump-hls-pragmas]
#pragma HLS PIPELINE
        ^
/home/x_thileeb/repos/ops-hls-batching-new/OPS/ops/hls/include/device/../../L1/include/ops_hls_datamover.hpp:1988:9: warning: HLS pragma dump _XLX_SEP_ PragmaIsValid=1_XLX_SEP_ PragmaType=pipeline_XLX_SEP_ PragmaContext=_XLX_SEP_ PragmaFunction=tileMem2stream_XLX_SEP_ PragmaOptions=_XLX_SEP_ [-Wdump-hls-pragmas]
#pragma HLS PIPELINE
        ^
/home/x_thileeb/repos/ops-hls-batching-new/OPS/ops/hls/include/device/../../L1/include/ops_hls_datamover.hpp:2074:9: warning: HLS pragma dump _XLX_SEP_ PragmaIsValid=1_XLX_SEP_ PragmaType=pipeline_XLX_SEP_ PragmaContext=_XLX_SEP_ PragmaFunction=tileStream2mem_XLX_SEP_ PragmaOptions=_XLX_SEP_ [-Wdump-hls-pragmas]
#pragma HLS PIPELINE
        ^
/home/x_thileeb/repos/ops-hls-batching-new/OPS/ops/hls/include/device/../../L1/include/ops_hls_datamover.hpp:2339:9: warning: HLS pragma dump _XLX_SEP_ PragmaIsValid=1_XLX_SEP_ PragmaType=unroll_XLX_SEP_ PragmaContext=_XLX_SEP_ PragmaFunction=readConfigStreamGenerator_XLX_SEP_ PragmaOptions=_XLX_SEP_ [-Wdump-hls-pragmas]
#pragma HLS UNROLL
        ^
/home/x_thileeb/repos/ops-hls-batching-new/OPS/ops/hls/include/device/../../L1/include/ops_hls_datamover.hpp:2582:9: warning: HLS pragma dump _XLX_SEP_ PragmaIsValid=1_XLX_SEP_ PragmaType=array_partition_XLX_SEP_ PragmaContext=_XLX_SEP_ PragmaFunction=offsetGenerator_XLX_SEP_ PragmaOptions=variable=initial_bank_offsets complete_XLX_SEP_ [-Wdump-hls-pragmas]
#pragma HLS ARRAY_PARTITION variable=initial_bank_offsets complete
        ^
/home/x_thileeb/repos/ops-hls-batching-new/OPS/ops/hls/include/device/../../L1/include/ops_hls_datamover.hpp:2585:9: warning: HLS pragma dump _XLX_SEP_ PragmaIsValid=1_XLX_SEP_ PragmaType=array_partition_XLX_SEP_ PragmaContext=_XLX_SEP_ PragmaFunction=offsetGenerator_XLX_SEP_ PragmaOptions=variable=grid_size_x_banks complete_XLX_SEP_ [-Wdump-hls-pragmas]
#pragma HLS ARRAY_PARTITION variable=grid_size_x_banks complete
        ^
/home/x_thileeb/repos/ops-hls-batching-new/OPS/ops/hls/include/device/../../L1/include/ops_hls_datamover.hpp:2588:9: warning: HLS pragma dump _XLX_SEP_ PragmaIsValid=1_XLX_SEP_ PragmaType=array_partition_XLX_SEP_ PragmaContext=_XLX_SEP_ PragmaFunction=offsetGenerator_XLX_SEP_ PragmaOptions=variable=bank_stride_z complete_XLX_SEP_ [-Wdump-hls-pragmas]
#pragma HLS ARRAY_PARTITION variable=bank_stride_z complete
        ^
/home/x_thileeb/repos/ops-hls-batching-new/OPS/ops/hls/include/device/../../L1/include/ops_hls_datamover.hpp:2591:9: warning: HLS pragma dump _XLX_SEP_ PragmaIsValid=1_XLX_SEP_ PragmaType=array_partition_XLX_SEP_ PragmaContext=_XLX_SEP_ PragmaFunction=offsetGenerator_XLX_SEP_ PragmaOptions=variable=bank_tile_size_x complete_XLX_SEP_ [-Wdump-hls-pragmas]
#pragma HLS ARRAY_PARTITION variable=bank_tile_size_x complete
        ^
/home/x_thileeb/repos/ops-hls-batching-new/OPS/ops/hls/include/device/../../L1/include/ops_hls_datamover.hpp:2595:9: warning: HLS pragma dump _XLX_SEP_ PragmaIsValid=1_XLX_SEP_ PragmaType=unroll_XLX_SEP_ PragmaContext=_XLX_SEP_ PragmaFunction=offsetGenerator_XLX_SEP_ PragmaOptions=_XLX_SEP_ [-Wdump-hls-pragmas]
#pragma HLS UNROLL
        ^
/home/x_thileeb/repos/ops-hls-batching-new/OPS/ops/hls/include/device/../../L1/include/ops_hls_datamover.hpp:2613:9: warning: HLS pragma dump _XLX_SEP_ PragmaIsValid=1_XLX_SEP_ PragmaType=loop_flatten_XLX_SEP_ PragmaContext=_XLX_SEP_ PragmaFunction=offsetGenerator_XLX_SEP_ PragmaOptions=_XLX_SEP_ [-Wdump-hls-pragmas]
#pragma HLS LOOP_FLATTEN
        ^
/home/x_thileeb/repos/ops-hls-batching-new/OPS/ops/hls/include/device/../../L1/include/ops_hls_datamover.hpp:2617:9: warning: HLS pragma dump _XLX_SEP_ PragmaIsValid=1_XLX_SEP_ PragmaType=unroll_XLX_SEP_ PragmaContext=_XLX_SEP_ PragmaFunction=offsetGenerator_XLX_SEP_ PragmaOptions=_XLX_SEP_ [-Wdump-hls-pragmas]
#pragma HLS UNROLL
        ^
/home/x_thileeb/repos/ops-hls-batching-new/OPS/ops/hls/include/device/../../L1/include/ops_hls_datamover.hpp:2688:9: warning: HLS pragma dump _XLX_SEP_ PragmaIsValid=1_XLX_SEP_ PragmaType=array_partition_XLX_SEP_ PragmaContext=_XLX_SEP_ PragmaFunction=offsetGenerator_XLX_SEP_ PragmaOptions=variable=initial_bank_offsets complete_XLX_SEP_ [-Wdump-hls-pragmas]
#pragma HLS ARRAY_PARTITION variable=initial_bank_offsets complete
        ^
/home/x_thileeb/repos/ops-hls-batching-new/OPS/ops/hls/include/device/../../L1/include/ops_hls_datamover.hpp:2691:9: warning: HLS pragma dump _XLX_SEP_ PragmaIsValid=1_XLX_SEP_ PragmaType=array_partition_XLX_SEP_ PragmaContext=_XLX_SEP_ PragmaFunction=offsetGenerator_XLX_SEP_ PragmaOptions=variable=grid_size_x_banks complete_XLX_SEP_ [-Wdump-hls-pragmas]
#pragma HLS ARRAY_PARTITION variable=grid_size_x_banks complete
        ^
/home/x_thileeb/repos/ops-hls-batching-new/OPS/ops/hls/include/device/../../L1/include/ops_hls_datamover.hpp:2694:9: warning: HLS pragma dump _XLX_SEP_ PragmaIsValid=1_XLX_SEP_ PragmaType=array_partition_XLX_SEP_ PragmaContext=_XLX_SEP_ PragmaFunction=offsetGenerator_XLX_SEP_ PragmaOptions=variable=bank_tile_size_x complete_XLX_SEP_ [-Wdump-hls-pragmas]
#pragma HLS ARRAY_PARTITION variable=bank_tile_size_x complete
        ^
/home/x_thileeb/repos/ops-hls-batching-new/OPS/ops/hls/include/device/../../L1/include/ops_hls_datamover.hpp:2698:9: warning: HLS pragma dump _XLX_SEP_ PragmaIsValid=1_XLX_SEP_ PragmaType=unroll_XLX_SEP_ PragmaContext=_XLX_SEP_ PragmaFunction=offsetGenerator_XLX_SEP_ PragmaOptions=_XLX_SEP_ [-Wdump-hls-pragmas]
#pragma HLS UNROLL
        ^
/home/x_thileeb/repos/ops-hls-batching-new/OPS/ops/hls/include/device/../../L1/include/ops_hls_datamover.hpp:2712:9: warning: HLS pragma dump _XLX_SEP_ PragmaIsValid=1_XLX_SEP_ PragmaType=pipeline_XLX_SEP_ PragmaContext=_XLX_SEP_ PragmaFunction=offsetGenerator_XLX_SEP_ PragmaOptions=II = IN_ITR_XLX_SEP_ [-Wdump-hls-pragmas]
#pragma HLS PIPELINE II = IN_ITR
        ^
/home/x_thileeb/repos/ops-hls-batching-new/OPS/ops/hls/include/device/../../L1/include/ops_hls_datamover.hpp:2715:9: warning: HLS pragma dump _XLX_SEP_ PragmaIsValid=1_XLX_SEP_ PragmaType=unroll_XLX_SEP_ PragmaContext=_XLX_SEP_ PragmaFunction=offsetGenerator_XLX_SEP_ PragmaOptions=_XLX_SEP_ [-Wdump-hls-pragmas]
#pragma HLS UNROLL
        ^
/home/x_thileeb/repos/ops-hls-batching-new/OPS/ops/hls/include/device/../../L1/include/ops_hls_datamover.hpp:2818:9: warning: HLS pragma dump _XLX_SEP_ PragmaIsValid=1_XLX_SEP_ PragmaType=unroll_XLX_SEP_ PragmaContext=_XLX_SEP_ PragmaFunction=writeConfigStreamGenerator_XLX_SEP_ PragmaOptions=_XLX_SEP_ [-Wdump-hls-pragmas]
#pragma HLS UNROLL
        ^
/home/x_thileeb/repos/ops-hls-batching-new/OPS/ops/hls/include/device/../../L1/include/ops_hls_datamover.hpp:2967:9: warning: HLS pragma dump _XLX_SEP_ PragmaIsValid=1_XLX_SEP_ PragmaType=loop_flatten_XLX_SEP_ PragmaContext=_XLX_SEP_ PragmaFunction=stridedTileMem2streamV3_XLX_SEP_ PragmaOptions=off_XLX_SEP_ [-Wdump-hls-pragmas]
#pragma HLS LOOP_FLATTEN off
        ^
/home/x_thileeb/repos/ops-hls-batching-new/OPS/ops/hls/include/device/../../L1/include/ops_hls_datamover.hpp:2968:9: warning: HLS pragma dump _XLX_SEP_ PragmaIsValid=1_XLX_SEP_ PragmaType=pipeline_XLX_SEP_ PragmaContext=_XLX_SEP_ PragmaFunction=stridedTileMem2streamV3_XLX_SEP_ PragmaOptions=II=IN_ITR_XLX_SEP_ [-Wdump-hls-pragmas]
#pragma HLS PIPELINE II=IN_ITR
        ^
/home/x_thileeb/repos/ops-hls-batching-new/OPS/ops/hls/include/device/../../L1/include/ops_hls_datamover.hpp:3038:9: warning: HLS pragma dump _XLX_SEP_ PragmaIsValid=1_XLX_SEP_ PragmaType=loop_flatten_XLX_SEP_ PragmaContext=_XLX_SEP_ PragmaFunction=stridedTileMem2streamV4_XLX_SEP_ PragmaOptions=_XLX_SEP_ [-Wdump-hls-pragmas]
#pragma HLS LOOP_FLATTEN
        ^
/home/x_thileeb/repos/ops-hls-batching-new/OPS/ops/hls/include/device/../../L1/include/ops_hls_datamover.hpp:3039:9: warning: HLS pragma dump _XLX_SEP_ PragmaIsValid=1_XLX_SEP_ PragmaType=pipeline_XLX_SEP_ PragmaContext=_XLX_SEP_ PragmaFunction=stridedTileMem2streamV4_XLX_SEP_ PragmaOptions=II=IN_ITR_XLX_SEP_ [-Wdump-hls-pragmas]
#pragma HLS PIPELINE II=IN_ITR
        ^
/home/x_thileeb/repos/ops-hls-batching-new/OPS/ops/hls/include/device/../../L1/include/ops_hls_datamover.hpp:3128:9: warning: HLS pragma dump _XLX_SEP_ PragmaIsValid=1_XLX_SEP_ PragmaType=loop_flatten_XLX_SEP_ PragmaContext=_XLX_SEP_ PragmaFunction=stridedTileMem2streamV5_XLX_SEP_ PragmaOptions=_XLX_SEP_ [-Wdump-hls-pragmas]
#pragma HLS LOOP_FLATTEN
        ^
/home/x_thileeb/repos/ops-hls-batching-new/OPS/ops/hls/include/device/../../L1/include/ops_hls_datamover.hpp:3129:9: warning: HLS pragma dump _XLX_SEP_ PragmaIsValid=1_XLX_SEP_ PragmaType=pipeline_XLX_SEP_ PragmaContext=_XLX_SEP_ PragmaFunction=stridedTileMem2streamV5_XLX_SEP_ PragmaOptions=II=IN_ITR_XLX_SEP_ [-Wdump-hls-pragmas]
#pragma HLS PIPELINE II=IN_ITR
        ^
/home/x_thileeb/repos/ops-hls-batching-new/OPS/ops/hls/include/device/../../L1/include/ops_hls_datamover.hpp:3255:9: warning: HLS pragma dump _XLX_SEP_ PragmaIsValid=1_XLX_SEP_ PragmaType=loop_flatten_XLX_SEP_ PragmaContext=_XLX_SEP_ PragmaFunction=stridedTileStream2memWithAvoidV3_XLX_SEP_ PragmaOptions=off_XLX_SEP_ [-Wdump-hls-pragmas]
#pragma HLS LOOP_FLATTEN off
        ^
/home/x_thileeb/repos/ops-hls-batching-new/OPS/ops/hls/include/device/../../L1/include/ops_hls_datamover.hpp:3256:9: warning: HLS pragma dump _XLX_SEP_ PragmaIsValid=1_XLX_SEP_ PragmaType=pipeline_XLX_SEP_ PragmaContext=_XLX_SEP_ PragmaFunction=stridedTileStream2memWithAvoidV3_XLX_SEP_ PragmaOptions=II=IN_ITR_XLX_SEP_ [-Wdump-hls-pragmas]
#pragma HLS PIPELINE II=IN_ITR
        ^
/home/x_thileeb/repos/ops-hls-batching-new/OPS/ops/hls/include/device/../../L1/include/ops_hls_datamover.hpp:3355:9: warning: HLS pragma dump _XLX_SEP_ PragmaIsValid=1_XLX_SEP_ PragmaType=loop_flatten_XLX_SEP_ PragmaContext=_XLX_SEP_ PragmaFunction=stridedTileStream2memWithAvoidV4_XLX_SEP_ PragmaOptions=_XLX_SEP_ [-Wdump-hls-pragmas]
#pragma HLS LOOP_FLATTEN
        ^
/home/x_thileeb/repos/ops-hls-batching-new/OPS/ops/hls/include/device/../../L1/include/ops_hls_datamover.hpp:3356:9: warning: HLS pragma dump _XLX_SEP_ PragmaIsValid=1_XLX_SEP_ PragmaType=pipeline_XLX_SEP_ PragmaContext=_XLX_SEP_ PragmaFunction=stridedTileStream2memWithAvoidV4_XLX_SEP_ PragmaOptions=II=IN_ITR_XLX_SEP_ [-Wdump-hls-pragmas]
#pragma HLS PIPELINE II=IN_ITR
        ^
/home/x_thileeb/repos/ops-hls-batching-new/OPS/ops/hls/include/device/../../L1/include/ops_hls_datamover.hpp:3446:9: warning: HLS pragma dump _XLX_SEP_ PragmaIsValid=1_XLX_SEP_ PragmaType=loop_flatten_XLX_SEP_ PragmaContext=_XLX_SEP_ PragmaFunction=stridedTileStream2memWithAvoidV4_XLX_SEP_ PragmaOptions=_XLX_SEP_ [-Wdump-hls-pragmas]
#pragma HLS LOOP_FLATTEN
        ^
/home/x_thileeb/repos/ops-hls-batching-new/OPS/ops/hls/include/device/../../L1/include/ops_hls_datamover.hpp:3447:9: warning: HLS pragma dump _XLX_SEP_ PragmaIsValid=1_XLX_SEP_ PragmaType=pipeline_XLX_SEP_ PragmaContext=_XLX_SEP_ PragmaFunction=stridedTileStream2memWithAvoidV4_XLX_SEP_ PragmaOptions=II=IN_ITR_XLX_SEP_ [-Wdump-hls-pragmas]
#pragma HLS PIPELINE II=IN_ITR
        ^
/home/x_thileeb/repos/ops-hls-batching-new/OPS/ops/hls/include/device/../../L1/include/ops_hls_datamover.hpp:3548:9: warning: HLS pragma dump _XLX_SEP_ PragmaIsValid=1_XLX_SEP_ PragmaType=loop_flatten_XLX_SEP_ PragmaContext=_XLX_SEP_ PragmaFunction=stridedTileStream2memWithAvoidV5_XLX_SEP_ PragmaOptions=_XLX_SEP_ [-Wdump-hls-pragmas]
#pragma HLS LOOP_FLATTEN
        ^
/home/x_thileeb/repos/ops-hls-batching-new/OPS/ops/hls/include/device/../../L1/include/ops_hls_datamover.hpp:3549:9: warning: HLS pragma dump _XLX_SEP_ PragmaIsValid=1_XLX_SEP_ PragmaType=pipeline_XLX_SEP_ PragmaContext=_XLX_SEP_ PragmaFunction=stridedTileStream2memWithAvoidV5_XLX_SEP_ PragmaOptions=II=IN_ITR_XLX_SEP_ [-Wdump-hls-pragmas]
#pragma HLS PIPELINE II=IN_ITR
        ^
/home/x_thileeb/repos/ops-hls-batching-new/OPS/ops/hls/include/device/../../L1/include/ops_hls_datamover.hpp:3664:9: warning: HLS pragma dump _XLX_SEP_ PragmaIsValid=1_XLX_SEP_ PragmaType=loop_flatten_XLX_SEP_ PragmaContext=_XLX_SEP_ PragmaFunction=redirect_XLX_SEP_ PragmaOptions=_XLX_SEP_ [-Wdump-hls-pragmas]
#pragma HLS LOOP_FLATTEN
        ^
/home/x_thileeb/repos/ops-hls-batching-new/OPS/ops/hls/include/device/../../L1/include/ops_hls_datamover.hpp:3676:9: warning: HLS pragma dump _XLX_SEP_ PragmaIsValid=1_XLX_SEP_ PragmaType=array_partition_XLX_SEP_ PragmaContext=_XLX_SEP_ PragmaFunction=redirect_XLX_SEP_ PragmaOptions=variable=bank_cond complete dim=1_XLX_SEP_ [-Wdump-hls-pragmas]
#pragma HLS ARRAY_PARTITION variable=bank_cond complete dim=1
        ^
/home/x_thileeb/repos/ops-hls-batching-new/OPS/ops/hls/include/device/../../L1/include/ops_hls_datamover.hpp:3680:9: warning: HLS pragma dump _XLX_SEP_ PragmaIsValid=1_XLX_SEP_ PragmaType=unroll_XLX_SEP_ PragmaContext=_XLX_SEP_ PragmaFunction=redirect_XLX_SEP_ PragmaOptions=_XLX_SEP_ [-Wdump-hls-pragmas]
#pragma HLS UNROLL
        ^
/home/x_thileeb/repos/ops-hls-batching-new/OPS/ops/hls/include/device/../../L1/include/ops_hls_datamover.hpp:3693:9: warning: HLS pragma dump _XLX_SEP_ PragmaIsValid=1_XLX_SEP_ PragmaType=pipeline_XLX_SEP_ PragmaContext=_XLX_SEP_ PragmaFunction=redirect_XLX_SEP_ PragmaOptions=II=IN_ITR_XLX_SEP_ [-Wdump-hls-pragmas]
#pragma HLS PIPELINE II=IN_ITR
        ^
/home/x_thileeb/repos/ops-hls-batching-new/OPS/ops/hls/include/device/../../L1/include/ops_hls_datamover.hpp:3698:9: warning: HLS pragma dump _XLX_SEP_ PragmaIsValid=1_XLX_SEP_ PragmaType=array_partition_XLX_SEP_ PragmaContext=_XLX_SEP_ PragmaFunction=redirect_XLX_SEP_ PragmaOptions=variable=tmp complete dim=1_XLX_SEP_ [-Wdump-hls-pragmas]
#pragma HLS ARRAY_PARTITION variable=tmp complete dim=1
        ^
/home/x_thileeb/repos/ops-hls-batching-new/OPS/ops/hls/include/device/../../L1/include/ops_hls_datamover.hpp:3699:9: warning: HLS pragma dump _XLX_SEP_ PragmaIsValid=1_XLX_SEP_ PragmaType=array_partition_XLX_SEP_ PragmaContext=_XLX_SEP_ PragmaFunction=redirect_XLX_SEP_ PragmaOptions=variable=swap complete dim=1_XLX_SEP_ [-Wdump-hls-pragmas]
#pragma HLS ARRAY_PARTITION variable=swap complete dim=1
        ^
/home/x_thileeb/repos/ops-hls-batching-new/OPS/ops/hls/include/device/../../L1/include/ops_hls_datamover.hpp:3706:9: warning: HLS pragma dump _XLX_SEP_ PragmaIsValid=1_XLX_SEP_ PragmaType=unroll_XLX_SEP_ PragmaContext=_XLX_SEP_ PragmaFunction=redirect_XLX_SEP_ PragmaOptions=_XLX_SEP_ [-Wdump-hls-pragmas]
#pragma HLS UNROLL
        ^
/home/x_thileeb/repos/ops-hls-batching-new/OPS/ops/hls/include/device/../../L1/include/ops_hls_datamover.hpp:3731:9: warning: HLS pragma dump _XLX_SEP_ PragmaIsValid=1_XLX_SEP_ PragmaType=unroll_XLX_SEP_ PragmaContext=_XLX_SEP_ PragmaFunction=redirect_XLX_SEP_ PragmaOptions=_XLX_SEP_ [-Wdump-hls-pragmas]
#pragma HLS UNROLL
        ^
/home/x_thileeb/repos/ops-hls-batching-new/OPS/ops/hls/include/device/../../L1/include/ops_hls_datamover.hpp:3739:9: warning: HLS pragma dump _XLX_SEP_ PragmaIsValid=1_XLX_SEP_ PragmaType=unroll_XLX_SEP_ PragmaContext=_XLX_SEP_ PragmaFunction=redirect_XLX_SEP_ PragmaOptions=_XLX_SEP_ [-Wdump-hls-pragmas]
#pragma HLS UNROLL
        ^
/home/x_thileeb/repos/ops-hls-batching-new/OPS/ops/hls/include/device/../../L1/include/ops_hls_datamover.hpp:3828:9: warning: HLS pragma dump _XLX_SEP_ PragmaIsValid=1_XLX_SEP_ PragmaType=loop_flatten_XLX_SEP_ PragmaContext=_XLX_SEP_ PragmaFunction=redirectV2_XLX_SEP_ PragmaOptions=_XLX_SEP_ [-Wdump-hls-pragmas]
#pragma HLS LOOP_FLATTEN
        ^
/home/x_thileeb/repos/ops-hls-batching-new/OPS/ops/hls/include/device/../../L1/include/ops_hls_datamover.hpp:3857:9: warning: HLS pragma dump _XLX_SEP_ PragmaIsValid=1_XLX_SEP_ PragmaType=pipeline_XLX_SEP_ PragmaContext=_XLX_SEP_ PragmaFunction=redirectV2_XLX_SEP_ PragmaOptions=II=IN_ITR_XLX_SEP_ [-Wdump-hls-pragmas]
#pragma HLS PIPELINE II=IN_ITR
        ^
/home/x_thileeb/repos/ops-hls-batching-new/OPS/ops/hls/include/device/../../L1/include/ops_hls_datamover.hpp:3862:9: warning: HLS pragma dump _XLX_SEP_ PragmaIsValid=1_XLX_SEP_ PragmaType=array_partition_XLX_SEP_ PragmaContext=_XLX_SEP_ PragmaFunction=redirectV2_XLX_SEP_ PragmaOptions=variable=tmp complete dim=1_XLX_SEP_ [-Wdump-hls-pragmas]
#pragma HLS ARRAY_PARTITION variable=tmp complete dim=1
        ^
/home/x_thileeb/repos/ops-hls-batching-new/OPS/ops/hls/include/device/../../L1/include/ops_hls_datamover.hpp:3863:9: warning: HLS pragma dump _XLX_SEP_ PragmaIsValid=1_XLX_SEP_ PragmaType=array_partition_XLX_SEP_ PragmaContext=_XLX_SEP_ PragmaFunction=redirectV2_XLX_SEP_ PragmaOptions=variable=swap complete dim=1_XLX_SEP_ [-Wdump-hls-pragmas]
#pragma HLS ARRAY_PARTITION variable=swap complete dim=1
        ^
/home/x_thileeb/repos/ops-hls-batching-new/OPS/ops/hls/include/device/../../L1/include/ops_hls_datamover.hpp:3870:9: warning: HLS pragma dump _XLX_SEP_ PragmaIsValid=1_XLX_SEP_ PragmaType=unroll_XLX_SEP_ PragmaContext=_XLX_SEP_ PragmaFunction=redirectV2_XLX_SEP_ PragmaOptions=_XLX_SEP_ [-Wdump-hls-pragmas]
#pragma HLS UNROLL
        ^
/home/x_thileeb/repos/ops-hls-batching-new/OPS/ops/hls/include/device/../../L1/include/ops_hls_datamover.hpp:3895:9: warning: HLS pragma dump _XLX_SEP_ PragmaIsValid=1_XLX_SEP_ PragmaType=unroll_XLX_SEP_ PragmaContext=_XLX_SEP_ PragmaFunction=redirectV2_XLX_SEP_ PragmaOptions=_XLX_SEP_ [-Wdump-hls-pragmas]
#pragma HLS UNROLL
        ^
/home/x_thileeb/repos/ops-hls-batching-new/OPS/ops/hls/include/device/../../L1/include/ops_hls_datamover.hpp:3903:9: warning: HLS pragma dump _XLX_SEP_ PragmaIsValid=1_XLX_SEP_ PragmaType=unroll_XLX_SEP_ PragmaContext=_XLX_SEP_ PragmaFunction=redirectV2_XLX_SEP_ PragmaOptions=_XLX_SEP_ [-Wdump-hls-pragmas]
#pragma HLS UNROLL
        ^
/home/x_thileeb/repos/ops-hls-batching-new/OPS/ops/hls/include/device/../../L1/include/ops_hls_datamover.hpp:3977:9: warning: HLS pragma dump _XLX_SEP_ PragmaIsValid=1_XLX_SEP_ PragmaType=array_partition_XLX_SEP_ PragmaContext=_XLX_SEP_ PragmaFunction=aggregatedStream2streamStepdown_XLX_SEP_ PragmaOptions=variable=read_val_XLX_SEP_ [-Wdump-hls-pragmas]
#pragma HLS ARRAY_PARTITION variable=read_val
        ^
/home/x_thileeb/repos/ops-hls-batching-new/OPS/ops/hls/include/device/../../L1/include/ops_hls_datamover.hpp:3981:9: warning: HLS pragma dump _XLX_SEP_ PragmaIsValid=1_XLX_SEP_ PragmaType=pipeline_XLX_SEP_ PragmaContext=_XLX_SEP_ PragmaFunction=aggregatedStream2streamStepdown_XLX_SEP_ PragmaOptions=II=ii_adj_XLX_SEP_ [-Wdump-hls-pragmas]
#pragma HLS PIPELINE II=ii_adj
        ^
/home/x_thileeb/repos/ops-hls-batching-new/OPS/ops/hls/include/device/../../L1/include/ops_hls_datamover.hpp:3989:9: warning: HLS pragma dump _XLX_SEP_ PragmaIsValid=1_XLX_SEP_ PragmaType=unroll_XLX_SEP_ PragmaContext=_XLX_SEP_ PragmaFunction=aggregatedStream2streamStepdown_XLX_SEP_ PragmaOptions=_XLX_SEP_ [-Wdump-hls-pragmas]
#pragma HLS UNROLL
        ^
/home/x_thileeb/repos/ops-hls-batching-new/OPS/ops/hls/include/device/../../L1/include/ops_hls_datamover.hpp:4008:9: warning: HLS pragma dump _XLX_SEP_ PragmaIsValid=1_XLX_SEP_ PragmaType=pipeline_XLX_SEP_ PragmaContext=_XLX_SEP_ PragmaFunction=aggregatedStream2streamStepdown_XLX_SEP_ PragmaOptions=II=ii_out_XLX_SEP_ [-Wdump-hls-pragmas]
#pragma HLS PIPELINE II=ii_out
        ^
/home/x_thileeb/repos/ops-hls-batching-new/OPS/ops/hls/include/device/../../L1/include/ops_hls_datamover.hpp:4015:9: warning: HLS pragma dump _XLX_SEP_ PragmaIsValid=1_XLX_SEP_ PragmaType=unroll_XLX_SEP_ PragmaContext=_XLX_SEP_ PragmaFunction=aggregatedStream2streamStepdown_XLX_SEP_ PragmaOptions=_XLX_SEP_ [-Wdump-hls-pragmas]
#pragma HLS UNROLL
        ^
/home/x_thileeb/repos/ops-hls-batching-new/OPS/ops/hls/include/device/../../L1/include/ops_hls_datamover.hpp:4093:9: warning: HLS pragma dump _XLX_SEP_ PragmaIsValid=1_XLX_SEP_ PragmaType=array_partition_XLX_SEP_ PragmaContext=_XLX_SEP_ PragmaFunction=aggregatedStream2streamStepdown_XLX_SEP_ PragmaOptions=variable=read_val_XLX_SEP_ [-Wdump-hls-pragmas]
#pragma HLS ARRAY_PARTITION variable=read_val
        ^
/home/x_thileeb/repos/ops-hls-batching-new/OPS/ops/hls/include/device/../../L1/include/ops_hls_datamover.hpp:4097:9: warning: HLS pragma dump _XLX_SEP_ PragmaIsValid=1_XLX_SEP_ PragmaType=pipeline_XLX_SEP_ PragmaContext=_XLX_SEP_ PragmaFunction=aggregatedStream2streamStepdown_XLX_SEP_ PragmaOptions=II=ii_adj_XLX_SEP_ [-Wdump-hls-pragmas]
#pragma HLS PIPELINE II=ii_adj
        ^
/home/x_thileeb/repos/ops-hls-batching-new/OPS/ops/hls/include/device/../../L1/include/ops_hls_datamover.hpp:4105:9: warning: HLS pragma dump _XLX_SEP_ PragmaIsValid=1_XLX_SEP_ PragmaType=unroll_XLX_SEP_ PragmaContext=_XLX_SEP_ PragmaFunction=aggregatedStream2streamStepdown_XLX_SEP_ PragmaOptions=_XLX_SEP_ [-Wdump-hls-pragmas]
#pragma HLS UNROLL
        ^
/home/x_thileeb/repos/ops-hls-batching-new/OPS/ops/hls/include/device/../../L1/include/ops_hls_datamover.hpp:4125:9: warning: HLS pragma dump _XLX_SEP_ PragmaIsValid=1_XLX_SEP_ PragmaType=pipeline_XLX_SEP_ PragmaContext=_XLX_SEP_ PragmaFunction=aggregatedStream2streamStepdown_XLX_SEP_ PragmaOptions=II=ii_out_XLX_SEP_ [-Wdump-hls-pragmas]
#pragma HLS PIPELINE II=ii_out
        ^
/home/x_thileeb/repos/ops-hls-batching-new/OPS/ops/hls/include/device/../../L1/include/ops_hls_datamover.hpp:4132:9: warning: HLS pragma dump _XLX_SEP_ PragmaIsValid=1_XLX_SEP_ PragmaType=unroll_XLX_SEP_ PragmaContext=_XLX_SEP_ PragmaFunction=aggregatedStream2streamStepdown_XLX_SEP_ PragmaOptions=_XLX_SEP_ [-Wdump-hls-pragmas]
#pragma HLS UNROLL
        ^
/home/x_thileeb/repos/ops-hls-batching-new/OPS/ops/hls/include/device/../../L1/include/ops_hls_datamover.hpp:4156:9: warning: HLS pragma dump _XLX_SEP_ PragmaIsValid=1_XLX_SEP_ PragmaType=pipeline_XLX_SEP_ PragmaContext=_XLX_SEP_ PragmaFunction=aggregatedStream2streamStepdown_XLX_SEP_ PragmaOptions=II=ii_out_XLX_SEP_ [-Wdump-hls-pragmas]
#pragma HLS PIPELINE II=ii_out
        ^
/home/x_thileeb/repos/ops-hls-batching-new/OPS/ops/hls/include/device/../../L1/include/ops_hls_datamover.hpp:4163:9: warning: HLS pragma dump _XLX_SEP_ PragmaIsValid=1_XLX_SEP_ PragmaType=unroll_XLX_SEP_ PragmaContext=_XLX_SEP_ PragmaFunction=aggregatedStream2streamStepdown_XLX_SEP_ PragmaOptions=_XLX_SEP_ [-Wdump-hls-pragmas]
#pragma HLS UNROLL
        ^
/home/x_thileeb/repos/ops-hls-batching-new/OPS/ops/hls/include/device/../../L1/include/ops_hls_datamover.hpp:4240:9: warning: HLS pragma dump _XLX_SEP_ PragmaIsValid=1_XLX_SEP_ PragmaType=array_partition_XLX_SEP_ PragmaContext=_XLX_SEP_ PragmaFunction=aggregatedStream2streamStepup_XLX_SEP_ PragmaOptions=variable=chunks dim=0 complete_XLX_SEP_ [-Wdump-hls-pragmas]
#pragma HLS ARRAY_PARTITION variable=chunks dim=0 complete
        ^
/home/x_thileeb/repos/ops-hls-batching-new/OPS/ops/hls/include/device/../../L1/include/ops_hls_datamover.hpp:4244:9: warning: HLS pragma dump _XLX_SEP_ PragmaIsValid=1_XLX_SEP_ PragmaType=pipeline_XLX_SEP_ PragmaContext=_XLX_SEP_ PragmaFunction=aggregatedStream2streamStepup_XLX_SEP_ PragmaOptions=II=ii_adj_XLX_SEP_ [-Wdump-hls-pragmas]
#pragma HLS PIPELINE II=ii_adj
        ^
/home/x_thileeb/repos/ops-hls-batching-new/OPS/ops/hls/include/device/../../L1/include/ops_hls_datamover.hpp:4254:9: warning: HLS pragma dump _XLX_SEP_ PragmaIsValid=1_XLX_SEP_ PragmaType=pipeline_XLX_SEP_ PragmaContext=_XLX_SEP_ PragmaFunction=aggregatedStream2streamStepup_XLX_SEP_ PragmaOptions=II=ii_out_XLX_SEP_ [-Wdump-hls-pragmas]
#pragma HLS PIPELINE II=ii_out
        ^
/home/x_thileeb/repos/ops-hls-batching-new/OPS/ops/hls/include/device/../../L1/include/ops_hls_datamover.hpp:4261:9: warning: HLS pragma dump _XLX_SEP_ PragmaIsValid=1_XLX_SEP_ PragmaType=unroll_XLX_SEP_ PragmaContext=_XLX_SEP_ PragmaFunction=aggregatedStream2streamStepup_XLX_SEP_ PragmaOptions=_XLX_SEP_ [-Wdump-hls-pragmas]
#pragma HLS UNROLL
        ^
/home/x_thileeb/repos/ops-hls-batching-new/OPS/ops/hls/include/device/../../L1/include/ops_hls_datamover.hpp:4284:9: warning: HLS pragma dump _XLX_SEP_ PragmaIsValid=1_XLX_SEP_ PragmaType=unroll_XLX_SEP_ PragmaContext=_XLX_SEP_ PragmaFunction=aggregatedStream2streamStepup_XLX_SEP_ PragmaOptions=_XLX_SEP_ [-Wdump-hls-pragmas]
#pragma HLS UNROLL
        ^
/home/x_thileeb/repos/ops-hls-batching-new/OPS/ops/hls/include/device/../../L1/include/ops_hls_datamover.hpp:4288:9: warning: HLS pragma dump _XLX_SEP_ PragmaIsValid=1_XLX_SEP_ PragmaType=unroll_XLX_SEP_ PragmaContext=_XLX_SEP_ PragmaFunction=aggregatedStream2streamStepup_XLX_SEP_ PragmaOptions=_XLX_SEP_ [-Wdump-hls-pragmas]
#pragma HLS UNROLL
        ^
/home/x_thileeb/repos/ops-hls-batching-new/OPS/ops/hls/include/device/../../L1/include/ops_hls_datamover.hpp:4362:9: warning: HLS pragma dump _XLX_SEP_ PragmaIsValid=1_XLX_SEP_ PragmaType=array_partition_XLX_SEP_ PragmaContext=_XLX_SEP_ PragmaFunction=aggregatedStream2streamStepup_XLX_SEP_ PragmaOptions=variable=chunks dim=0 complete_XLX_SEP_ [-Wdump-hls-pragmas]
#pragma HLS ARRAY_PARTITION variable=chunks dim=0 complete
        ^
/home/x_thileeb/repos/ops-hls-batching-new/OPS/ops/hls/include/device/../../L1/include/ops_hls_datamover.hpp:4366:9: warning: HLS pragma dump _XLX_SEP_ PragmaIsValid=1_XLX_SEP_ PragmaType=pipeline_XLX_SEP_ PragmaContext=_XLX_SEP_ PragmaFunction=aggregatedStream2streamStepup_XLX_SEP_ PragmaOptions=II=ii_adj_XLX_SEP_ [-Wdump-hls-pragmas]
#pragma HLS PIPELINE II=ii_adj
        ^
/home/x_thileeb/repos/ops-hls-batching-new/OPS/ops/hls/include/device/../../L1/include/ops_hls_datamover.hpp:4377:9: warning: HLS pragma dump _XLX_SEP_ PragmaIsValid=1_XLX_SEP_ PragmaType=pipeline_XLX_SEP_ PragmaContext=_XLX_SEP_ PragmaFunction=aggregatedStream2streamStepup_XLX_SEP_ PragmaOptions=II=ii_out_XLX_SEP_ [-Wdump-hls-pragmas]
#pragma HLS PIPELINE II=ii_out
        ^
/home/x_thileeb/repos/ops-hls-batching-new/OPS/ops/hls/include/device/../../L1/include/ops_hls_datamover.hpp:4384:9: warning: HLS pragma dump _XLX_SEP_ PragmaIsValid=1_XLX_SEP_ PragmaType=unroll_XLX_SEP_ PragmaContext=_XLX_SEP_ PragmaFunction=aggregatedStream2streamStepup_XLX_SEP_ PragmaOptions=_XLX_SEP_ [-Wdump-hls-pragmas]
#pragma HLS UNROLL
        ^
/home/x_thileeb/repos/ops-hls-batching-new/OPS/ops/hls/include/device/../../L1/include/ops_hls_datamover.hpp:4406:9: warning: HLS pragma dump _XLX_SEP_ PragmaIsValid=1_XLX_SEP_ PragmaType=pipeline_XLX_SEP_ PragmaContext=_XLX_SEP_ PragmaFunction=aggregatedStream2streamStepup_XLX_SEP_ PragmaOptions=II=ii_out_XLX_SEP_ [-Wdump-hls-pragmas]
#pragma HLS PIPELINE II=ii_out
        ^
/home/x_thileeb/repos/ops-hls-batching-new/OPS/ops/hls/include/device/../../L1/include/ops_hls_datamover.hpp:4413:9: warning: HLS pragma dump _XLX_SEP_ PragmaIsValid=1_XLX_SEP_ PragmaType=unroll_XLX_SEP_ PragmaContext=_XLX_SEP_ PragmaFunction=aggregatedStream2streamStepup_XLX_SEP_ PragmaOptions=_XLX_SEP_ [-Wdump-hls-pragmas]
#pragma HLS UNROLL
        ^
/home/x_thileeb/repos/ops-hls-batching-new/OPS/ops/hls/include/device/../../L1/include/ops_hls_datamover.hpp:4436:9: warning: HLS pragma dump _XLX_SEP_ PragmaIsValid=1_XLX_SEP_ PragmaType=unroll_XLX_SEP_ PragmaContext=_XLX_SEP_ PragmaFunction=aggregatedStream2streamStepup_XLX_SEP_ PragmaOptions=_XLX_SEP_ [-Wdump-hls-pragmas]
#pragma HLS UNROLL
        ^
/home/x_thileeb/repos/ops-hls-batching-new/OPS/ops/hls/include/device/../../L1/include/ops_hls_datamover.hpp:4440:9: warning: HLS pragma dump _XLX_SEP_ PragmaIsValid=1_XLX_SEP_ PragmaType=unroll_XLX_SEP_ PragmaContext=_XLX_SEP_ PragmaFunction=aggregatedStream2streamStepup_XLX_SEP_ PragmaOptions=_XLX_SEP_ [-Wdump-hls-pragmas]
#pragma HLS UNROLL
        ^
/home/x_thileeb/repos/ops-hls-batching-new/OPS/ops/hls/include/device/../../L1/include/ops_hls_datamover.hpp:4542:9: warning: HLS pragma dump _XLX_SEP_ PragmaIsValid=1_XLX_SEP_ PragmaType=loop_flatten_XLX_SEP_ PragmaContext=_XLX_SEP_ PragmaFunction=redirect_XLX_SEP_ PragmaOptions=_XLX_SEP_ [-Wdump-hls-pragmas]
#pragma HLS LOOP_FLATTEN
        ^
/home/x_thileeb/repos/ops-hls-batching-new/OPS/ops/hls/include/device/../../L1/include/ops_hls_datamover.hpp:4554:9: warning: HLS pragma dump _XLX_SEP_ PragmaIsValid=1_XLX_SEP_ PragmaType=array_partition_XLX_SEP_ PragmaContext=_XLX_SEP_ PragmaFunction=redirect_XLX_SEP_ PragmaOptions=variable=bank_cond complete dim=1_XLX_SEP_ [-Wdump-hls-pragmas]
#pragma HLS ARRAY_PARTITION variable=bank_cond complete dim=1
        ^
/home/x_thileeb/repos/ops-hls-batching-new/OPS/ops/hls/include/device/../../L1/include/ops_hls_datamover.hpp:4558:9: warning: HLS pragma dump _XLX_SEP_ PragmaIsValid=1_XLX_SEP_ PragmaType=unroll_XLX_SEP_ PragmaContext=_XLX_SEP_ PragmaFunction=redirect_XLX_SEP_ PragmaOptions=_XLX_SEP_ [-Wdump-hls-pragmas]
#pragma HLS UNROLL
        ^
/home/x_thileeb/repos/ops-hls-batching-new/OPS/ops/hls/include/device/../../L1/include/ops_hls_datamover.hpp:4571:9: warning: HLS pragma dump _XLX_SEP_ PragmaIsValid=1_XLX_SEP_ PragmaType=pipeline_XLX_SEP_ PragmaContext=_XLX_SEP_ PragmaFunction=redirect_XLX_SEP_ PragmaOptions=II=IN_ITR_XLX_SEP_ [-Wdump-hls-pragmas]
#pragma HLS PIPELINE II=IN_ITR
        ^
/home/x_thileeb/repos/ops-hls-batching-new/OPS/ops/hls/include/device/../../L1/include/ops_hls_datamover.hpp:4576:9: warning: HLS pragma dump _XLX_SEP_ PragmaIsValid=1_XLX_SEP_ PragmaType=array_partition_XLX_SEP_ PragmaContext=_XLX_SEP_ PragmaFunction=redirect_XLX_SEP_ PragmaOptions=variable=tmp complete dim=1_XLX_SEP_ [-Wdump-hls-pragmas]
#pragma HLS ARRAY_PARTITION variable=tmp complete dim=1
        ^
/home/x_thileeb/repos/ops-hls-batching-new/OPS/ops/hls/include/device/../../L1/include/ops_hls_datamover.hpp:4577:9: warning: HLS pragma dump _XLX_SEP_ PragmaIsValid=1_XLX_SEP_ PragmaType=array_partition_XLX_SEP_ PragmaContext=_XLX_SEP_ PragmaFunction=redirect_XLX_SEP_ PragmaOptions=variable=swap complete dim=1_XLX_SEP_ [-Wdump-hls-pragmas]
#pragma HLS ARRAY_PARTITION variable=swap complete dim=1
        ^
/home/x_thileeb/repos/ops-hls-batching-new/OPS/ops/hls/include/device/../../L1/include/ops_hls_datamover.hpp:4584:9: warning: HLS pragma dump _XLX_SEP_ PragmaIsValid=1_XLX_SEP_ PragmaType=unroll_XLX_SEP_ PragmaContext=_XLX_SEP_ PragmaFunction=redirect_XLX_SEP_ PragmaOptions=_XLX_SEP_ [-Wdump-hls-pragmas]
#pragma HLS UNROLL
        ^
/home/x_thileeb/repos/ops-hls-batching-new/OPS/ops/hls/include/device/../../L1/include/ops_hls_datamover.hpp:4589:9: warning: HLS pragma dump _XLX_SEP_ PragmaIsValid=1_XLX_SEP_ PragmaType=unroll_XLX_SEP_ PragmaContext=_XLX_SEP_ PragmaFunction=redirect_XLX_SEP_ PragmaOptions=_XLX_SEP_ [-Wdump-hls-pragmas]
#pragma HLS UNROLL
        ^
/home/x_thileeb/repos/ops-hls-batching-new/OPS/ops/hls/include/device/../../L1/include/ops_hls_datamover.hpp:4614:9: warning: HLS pragma dump _XLX_SEP_ PragmaIsValid=1_XLX_SEP_ PragmaType=unroll_XLX_SEP_ PragmaContext=_XLX_SEP_ PragmaFunction=redirect_XLX_SEP_ PragmaOptions=_XLX_SEP_ [-Wdump-hls-pragmas]
#pragma HLS UNROLL
        ^
/home/x_thileeb/repos/ops-hls-batching-new/OPS/ops/hls/include/device/../../L1/include/ops_hls_datamover.hpp:4622:9: warning: HLS pragma dump _XLX_SEP_ PragmaIsValid=1_XLX_SEP_ PragmaType=unroll_XLX_SEP_ PragmaContext=_XLX_SEP_ PragmaFunction=redirect_XLX_SEP_ PragmaOptions=_XLX_SEP_ [-Wdump-hls-pragmas]
#pragma HLS UNROLL
        ^
/home/x_thileeb/repos/ops-hls-batching-new/OPS/ops/hls/include/device/../../L1/include/ops_hls_datamover.hpp:4625:9: warning: HLS pragma dump _XLX_SEP_ PragmaIsValid=1_XLX_SEP_ PragmaType=unroll_XLX_SEP_ PragmaContext=_XLX_SEP_ PragmaFunction=redirect_XLX_SEP_ PragmaOptions=_XLX_SEP_ [-Wdump-hls-pragmas]
#pragma HLS UNROLL
        ^
/home/x_thileeb/repos/ops-hls-batching-new/OPS/ops/hls/include/device/../../L1/include/ops_hls_datamover.hpp:4717:9: warning: HLS pragma dump _XLX_SEP_ PragmaIsValid=1_XLX_SEP_ PragmaType=loop_flatten_XLX_SEP_ PragmaContext=_XLX_SEP_ PragmaFunction=reverseRedirect_XLX_SEP_ PragmaOptions=_XLX_SEP_ [-Wdump-hls-pragmas]
#pragma HLS LOOP_FLATTEN
        ^
/home/x_thileeb/repos/ops-hls-batching-new/OPS/ops/hls/include/device/../../L1/include/ops_hls_datamover.hpp:4728:9: warning: HLS pragma dump _XLX_SEP_ PragmaIsValid=1_XLX_SEP_ PragmaType=array_partition_XLX_SEP_ PragmaContext=_XLX_SEP_ PragmaFunction=reverseRedirect_XLX_SEP_ PragmaOptions=variable=bank_cond complete dim=1_XLX_SEP_ [-Wdump-hls-pragmas]
#pragma HLS ARRAY_PARTITION variable=bank_cond complete dim=1
        ^
/home/x_thileeb/repos/ops-hls-batching-new/OPS/ops/hls/include/device/../../L1/include/ops_hls_datamover.hpp:4732:9: warning: HLS pragma dump _XLX_SEP_ PragmaIsValid=1_XLX_SEP_ PragmaType=unroll_XLX_SEP_ PragmaContext=_XLX_SEP_ PragmaFunction=reverseRedirect_XLX_SEP_ PragmaOptions=_XLX_SEP_ [-Wdump-hls-pragmas]
#pragma HLS UNROLL
        ^
/home/x_thileeb/repos/ops-hls-batching-new/OPS/ops/hls/include/device/../../L1/include/ops_hls_datamover.hpp:4745:9: warning: HLS pragma dump _XLX_SEP_ PragmaIsValid=1_XLX_SEP_ PragmaType=pipeline_XLX_SEP_ PragmaContext=_XLX_SEP_ PragmaFunction=reverseRedirect_XLX_SEP_ PragmaOptions=II=IN_ITR_XLX_SEP_ [-Wdump-hls-pragmas]
#pragma HLS PIPELINE II=IN_ITR
        ^
/home/x_thileeb/repos/ops-hls-batching-new/OPS/ops/hls/include/device/../../L1/include/ops_hls_datamover.hpp:4749:9: warning: HLS pragma dump _XLX_SEP_ PragmaIsValid=1_XLX_SEP_ PragmaType=array_partition_XLX_SEP_ PragmaContext=_XLX_SEP_ PragmaFunction=reverseRedirect_XLX_SEP_ PragmaOptions=variable=tmp complete dim=1_XLX_SEP_ [-Wdump-hls-pragmas]
#pragma HLS ARRAY_PARTITION variable=tmp complete dim=1
        ^
/home/x_thileeb/repos/ops-hls-batching-new/OPS/ops/hls/include/device/../../L1/include/ops_hls_datamover.hpp:4750:9: warning: HLS pragma dump _XLX_SEP_ PragmaIsValid=1_XLX_SEP_ PragmaType=array_partition_XLX_SEP_ PragmaContext=_XLX_SEP_ PragmaFunction=reverseRedirect_XLX_SEP_ PragmaOptions=variable=swap complete dim=1_XLX_SEP_ [-Wdump-hls-pragmas]
#pragma HLS ARRAY_PARTITION variable=swap complete dim=1
        ^
/home/x_thileeb/repos/ops-hls-batching-new/OPS/ops/hls/include/device/../../L1/include/ops_hls_datamover.hpp:4757:9: warning: HLS pragma dump _XLX_SEP_ PragmaIsValid=1_XLX_SEP_ PragmaType=unroll_XLX_SEP_ PragmaContext=_XLX_SEP_ PragmaFunction=reverseRedirect_XLX_SEP_ PragmaOptions=_XLX_SEP_ [-Wdump-hls-pragmas]
#pragma HLS UNROLL
        ^
/home/x_thileeb/repos/ops-hls-batching-new/OPS/ops/hls/include/device/../../L1/include/ops_hls_datamover.hpp:4777:9: warning: HLS pragma dump _XLX_SEP_ PragmaIsValid=1_XLX_SEP_ PragmaType=unroll_XLX_SEP_ PragmaContext=_XLX_SEP_ PragmaFunction=reverseRedirect_XLX_SEP_ PragmaOptions=_XLX_SEP_ [-Wdump-hls-pragmas]
#pragma HLS UNROLL
        ^
/home/x_thileeb/repos/ops-hls-batching-new/OPS/ops/hls/include/device/../../L1/include/ops_hls_datamover.hpp:4785:9: warning: HLS pragma dump _XLX_SEP_ PragmaIsValid=1_XLX_SEP_ PragmaType=unroll_XLX_SEP_ PragmaContext=_XLX_SEP_ PragmaFunction=reverseRedirect_XLX_SEP_ PragmaOptions=_XLX_SEP_ [-Wdump-hls-pragmas]
#pragma HLS UNROLL
        ^
/home/x_thileeb/repos/ops-hls-batching-new/OPS/ops/hls/include/device/../../L1/include/ops_hls_datamover.hpp:4879:9: warning: HLS pragma dump _XLX_SEP_ PragmaIsValid=1_XLX_SEP_ PragmaType=loop_flatten_XLX_SEP_ PragmaContext=_XLX_SEP_ PragmaFunction=reverseRedirectV2_XLX_SEP_ PragmaOptions=_XLX_SEP_ [-Wdump-hls-pragmas]
#pragma HLS LOOP_FLATTEN
        ^
/home/x_thileeb/repos/ops-hls-batching-new/OPS/ops/hls/include/device/../../L1/include/ops_hls_datamover.hpp:4907:9: warning: HLS pragma dump _XLX_SEP_ PragmaIsValid=1_XLX_SEP_ PragmaType=pipeline_XLX_SEP_ PragmaContext=_XLX_SEP_ PragmaFunction=reverseRedirectV2_XLX_SEP_ PragmaOptions=II=IN_ITR_XLX_SEP_ [-Wdump-hls-pragmas]
#pragma HLS PIPELINE II=IN_ITR
        ^
/home/x_thileeb/repos/ops-hls-batching-new/OPS/ops/hls/include/device/../../L1/include/ops_hls_datamover.hpp:4911:9: warning: HLS pragma dump _XLX_SEP_ PragmaIsValid=1_XLX_SEP_ PragmaType=array_partition_XLX_SEP_ PragmaContext=_XLX_SEP_ PragmaFunction=reverseRedirectV2_XLX_SEP_ PragmaOptions=variable=tmp complete dim=1_XLX_SEP_ [-Wdump-hls-pragmas]
#pragma HLS ARRAY_PARTITION variable=tmp complete dim=1
        ^
/home/x_thileeb/repos/ops-hls-batching-new/OPS/ops/hls/include/device/../../L1/include/ops_hls_datamover.hpp:4912:9: warning: HLS pragma dump _XLX_SEP_ PragmaIsValid=1_XLX_SEP_ PragmaType=array_partition_XLX_SEP_ PragmaContext=_XLX_SEP_ PragmaFunction=reverseRedirectV2_XLX_SEP_ PragmaOptions=variable=swap complete dim=1_XLX_SEP_ [-Wdump-hls-pragmas]
#pragma HLS ARRAY_PARTITION variable=swap complete dim=1
        ^
/home/x_thileeb/repos/ops-hls-batching-new/OPS/ops/hls/include/device/../../L1/include/ops_hls_datamover.hpp:4919:9: warning: HLS pragma dump _XLX_SEP_ PragmaIsValid=1_XLX_SEP_ PragmaType=unroll_XLX_SEP_ PragmaContext=_XLX_SEP_ PragmaFunction=reverseRedirectV2_XLX_SEP_ PragmaOptions=_XLX_SEP_ [-Wdump-hls-pragmas]
#pragma HLS UNROLL
        ^
/home/x_thileeb/repos/ops-hls-batching-new/OPS/ops/hls/include/device/../../L1/include/ops_hls_datamover.hpp:4939:9: warning: HLS pragma dump _XLX_SEP_ PragmaIsValid=1_XLX_SEP_ PragmaType=unroll_XLX_SEP_ PragmaContext=_XLX_SEP_ PragmaFunction=reverseRedirectV2_XLX_SEP_ PragmaOptions=_XLX_SEP_ [-Wdump-hls-pragmas]
#pragma HLS UNROLL
        ^
/home/x_thileeb/repos/ops-hls-batching-new/OPS/ops/hls/include/device/../../L1/include/ops_hls_datamover.hpp:4947:9: warning: HLS pragma dump _XLX_SEP_ PragmaIsValid=1_XLX_SEP_ PragmaType=unroll_XLX_SEP_ PragmaContext=_XLX_SEP_ PragmaFunction=reverseRedirectV2_XLX_SEP_ PragmaOptions=_XLX_SEP_ [-Wdump-hls-pragmas]
#pragma HLS UNROLL
        ^
/home/x_thileeb/repos/ops-hls-batching-new/OPS/ops/hls/include/device/../../L1/include/ops_hls_datamover.hpp:5047:9: warning: HLS pragma dump _XLX_SEP_ PragmaIsValid=1_XLX_SEP_ PragmaType=loop_flatten_XLX_SEP_ PragmaContext=_XLX_SEP_ PragmaFunction=reverseRedirect_XLX_SEP_ PragmaOptions=_XLX_SEP_ [-Wdump-hls-pragmas]
#pragma HLS LOOP_FLATTEN
        ^
/home/x_thileeb/repos/ops-hls-batching-new/OPS/ops/hls/include/device/../../L1/include/ops_hls_datamover.hpp:5058:9: warning: HLS pragma dump _XLX_SEP_ PragmaIsValid=1_XLX_SEP_ PragmaType=array_partition_XLX_SEP_ PragmaContext=_XLX_SEP_ PragmaFunction=reverseRedirect_XLX_SEP_ PragmaOptions=variable=bank_cond complete dim=1_XLX_SEP_ [-Wdump-hls-pragmas]
#pragma HLS ARRAY_PARTITION variable=bank_cond complete dim=1
        ^
/home/x_thileeb/repos/ops-hls-batching-new/OPS/ops/hls/include/device/../../L1/include/ops_hls_datamover.hpp:5062:9: warning: HLS pragma dump _XLX_SEP_ PragmaIsValid=1_XLX_SEP_ PragmaType=unroll_XLX_SEP_ PragmaContext=_XLX_SEP_ PragmaFunction=reverseRedirect_XLX_SEP_ PragmaOptions=_XLX_SEP_ [-Wdump-hls-pragmas]
#pragma HLS UNROLL
        ^
/home/x_thileeb/repos/ops-hls-batching-new/OPS/ops/hls/include/device/../../L1/include/ops_hls_datamover.hpp:5075:9: warning: HLS pragma dump _XLX_SEP_ PragmaIsValid=1_XLX_SEP_ PragmaType=pipeline_XLX_SEP_ PragmaContext=_XLX_SEP_ PragmaFunction=reverseRedirect_XLX_SEP_ PragmaOptions=II=IN_ITR_XLX_SEP_ [-Wdump-hls-pragmas]
#pragma HLS PIPELINE II=IN_ITR
        ^
/home/x_thileeb/repos/ops-hls-batching-new/OPS/ops/hls/include/device/../../L1/include/ops_hls_datamover.hpp:5079:9: warning: HLS pragma dump _XLX_SEP_ PragmaIsValid=1_XLX_SEP_ PragmaType=array_partition_XLX_SEP_ PragmaContext=_XLX_SEP_ PragmaFunction=reverseRedirect_XLX_SEP_ PragmaOptions=variable=tmp complete dim=1_XLX_SEP_ [-Wdump-hls-pragmas]
#pragma HLS ARRAY_PARTITION variable=tmp complete dim=1
        ^
/home/x_thileeb/repos/ops-hls-batching-new/OPS/ops/hls/include/device/../../L1/include/ops_hls_datamover.hpp:5080:9: warning: HLS pragma dump _XLX_SEP_ PragmaIsValid=1_XLX_SEP_ PragmaType=array_partition_XLX_SEP_ PragmaContext=_XLX_SEP_ PragmaFunction=reverseRedirect_XLX_SEP_ PragmaOptions=variable=swap complete dim=1_XLX_SEP_ [-Wdump-hls-pragmas]
#pragma HLS ARRAY_PARTITION variable=swap complete dim=1
        ^
/home/x_thileeb/repos/ops-hls-batching-new/OPS/ops/hls/include/device/../../L1/include/ops_hls_datamover.hpp:5087:9: warning: HLS pragma dump _XLX_SEP_ PragmaIsValid=1_XLX_SEP_ PragmaType=unroll_XLX_SEP_ PragmaContext=_XLX_SEP_ PragmaFunction=reverseRedirect_XLX_SEP_ PragmaOptions=_XLX_SEP_ [-Wdump-hls-pragmas]
#pragma HLS UNROLL
        ^
/home/x_thileeb/repos/ops-hls-batching-new/OPS/ops/hls/include/device/../../L1/include/ops_hls_datamover.hpp:5090:9: warning: HLS pragma dump _XLX_SEP_ PragmaIsValid=1_XLX_SEP_ PragmaType=unroll_XLX_SEP_ PragmaContext=_XLX_SEP_ PragmaFunction=reverseRedirect_XLX_SEP_ PragmaOptions=_XLX_SEP_ [-Wdump-hls-pragmas]
#pragma HLS UNROLL
        ^
/home/x_thileeb/repos/ops-hls-batching-new/OPS/ops/hls/include/device/../../L1/include/ops_hls_datamover.hpp:5112:9: warning: HLS pragma dump _XLX_SEP_ PragmaIsValid=1_XLX_SEP_ PragmaType=unroll_XLX_SEP_ PragmaContext=_XLX_SEP_ PragmaFunction=reverseRedirect_XLX_SEP_ PragmaOptions=_XLX_SEP_ [-Wdump-hls-pragmas]
#pragma HLS UNROLL
        ^
/home/x_thileeb/repos/ops-hls-batching-new/OPS/ops/hls/include/device/../../L1/include/ops_hls_datamover.hpp:5120:9: warning: HLS pragma dump _XLX_SEP_ PragmaIsValid=1_XLX_SEP_ PragmaType=unroll_XLX_SEP_ PragmaContext=_XLX_SEP_ PragmaFunction=reverseRedirect_XLX_SEP_ PragmaOptions=_XLX_SEP_ [-Wdump-hls-pragmas]
#pragma HLS UNROLL
        ^
/home/x_thileeb/repos/ops-hls-batching-new/OPS/ops/hls/include/device/../../L1/include/ops_hls_datamover.hpp:5125:9: warning: HLS pragma dump _XLX_SEP_ PragmaIsValid=1_XLX_SEP_ PragmaType=unroll_XLX_SEP_ PragmaContext=_XLX_SEP_ PragmaFunction=reverseRedirect_XLX_SEP_ PragmaOptions=_XLX_SEP_ [-Wdump-hls-pragmas]
#pragma HLS UNROLL
        ^
/home/x_thileeb/repos/ops-hls-batching-new/OPS/ops/hls/include/device/../../L1/include/ops_hls_datamover.hpp:5521:9: warning: HLS pragma dump _XLX_SEP_ PragmaIsValid=1_XLX_SEP_ PragmaType=pipeline_XLX_SEP_ PragmaContext=_XLX_SEP_ PragmaFunction=combineStreams2D_XLX_SEP_ PragmaOptions=II=IN_ITR_XLX_SEP_ [-Wdump-hls-pragmas]
#pragma HLS PIPELINE II=IN_ITR
        ^
/home/x_thileeb/repos/ops-hls-batching-new/OPS/ops/hls/include/device/../../L1/include/ops_hls_datamover.hpp:5606:9: warning: HLS pragma dump _XLX_SEP_ PragmaIsValid=1_XLX_SEP_ PragmaType=pipeline_XLX_SEP_ PragmaContext=_XLX_SEP_ PragmaFunction=combineStreams3D_XLX_SEP_ PragmaOptions=II=IN_ITR_XLX_SEP_ [-Wdump-hls-pragmas]
#pragma HLS PIPELINE II=IN_ITR
        ^
/home/x_thileeb/repos/ops-hls-batching-new/OPS/ops/hls/include/device/../../L1/include/ops_hls_datamover.hpp:5674:9: warning: HLS pragma dump _XLX_SEP_ PragmaIsValid=1_XLX_SEP_ PragmaType=pipeline_XLX_SEP_ PragmaContext=_XLX_SEP_ PragmaFunction=splitStream2D_XLX_SEP_ PragmaOptions=II=IN_ITR_XLX_SEP_ [-Wdump-hls-pragmas]
#pragma HLS PIPELINE II=IN_ITR
        ^
/home/x_thileeb/repos/ops-hls-batching-new/OPS/ops/hls/include/device/../../L1/include/ops_hls_datamover.hpp:5757:9: warning: HLS pragma dump _XLX_SEP_ PragmaIsValid=1_XLX_SEP_ PragmaType=pipeline_XLX_SEP_ PragmaContext=_XLX_SEP_ PragmaFunction=splitStream3D_XLX_SEP_ PragmaOptions=II=IN_ITR_XLX_SEP_ [-Wdump-hls-pragmas]
#pragma HLS PIPELINE II=IN_ITR
        ^
/home/x_thileeb/repos/ops-hls-batching-new/OPS/ops/hls/include/device/../../L1/include/ops_hls_datamover.hpp:5796:9: warning: HLS pragma dump _XLX_SEP_ PragmaIsValid=1_XLX_SEP_ PragmaType=inline_XLX_SEP_ PragmaContext=_XLX_SEP_ PragmaFunction=mem2streamGroupExpand_XLX_SEP_ PragmaOptions=_XLX_SEP_ [-Wdump-hls-pragmas]
#pragma HLS INLINE
        ^
/home/x_thileeb/repos/ops-hls-batching-new/OPS/ops/hls/include/device/../../L1/include/ops_hls_datamover.hpp:5808:9: warning: HLS pragma dump _XLX_SEP_ PragmaIsValid=1_XLX_SEP_ PragmaType=inline_XLX_SEP_ PragmaContext=_XLX_SEP_ PragmaFunction=mem2streamGroupExpand_XLX_SEP_ PragmaOptions=_XLX_SEP_ [-Wdump-hls-pragmas]
#pragma HLS INLINE
        ^
/home/x_thileeb/repos/ops-hls-batching-new/OPS/ops/hls/include/device/../../L1/include/ops_hls_datamover.hpp:5830:9: warning: HLS pragma dump _XLX_SEP_ PragmaIsValid=1_XLX_SEP_ PragmaType=inline_XLX_SEP_ PragmaContext=_XLX_SEP_ PragmaFunction=interleaveTileMem2Stream2D_inner_XLX_SEP_ PragmaOptions=off_XLX_SEP_ [-Wdump-hls-pragmas]
#pragma HLS INLINE off
        ^
/home/x_thileeb/repos/ops-hls-batching-new/OPS/ops/hls/include/device/../../L1/include/ops_hls_datamover.hpp:5831:9: warning: HLS pragma dump _XLX_SEP_ PragmaIsValid=1_XLX_SEP_ PragmaType=dataflow_XLX_SEP_ PragmaContext=_XLX_SEP_ PragmaFunction=interleaveTileMem2Stream2D_inner_XLX_SEP_ PragmaOptions=_XLX_SEP_ [-Wdump-hls-pragmas]
#pragma HLS DATAFLOW
        ^
/home/x_thileeb/repos/ops-hls-batching-new/OPS/ops/hls/include/device/../../L1/include/ops_hls_datamover.hpp:5968:9: warning: HLS pragma dump _XLX_SEP_ PragmaIsValid=1_XLX_SEP_ PragmaType=array_partition_XLX_SEP_ PragmaContext=_XLX_SEP_ PragmaFunction=interleaveTileMem2stream2D_XLX_SEP_ PragmaOptions=variable=sizes.v complete dim=1_XLX_SEP_ [-Wdump-hls-pragmas]
#pragma HLS ARRAY_PARTITION variable=sizes.v complete dim=1
        ^
/home/x_thileeb/repos/ops-hls-batching-new/OPS/ops/hls/include/device/../../L1/include/ops_hls_datamover.hpp:5969:9: warning: HLS pragma dump _XLX_SEP_ PragmaIsValid=1_XLX_SEP_ PragmaType=array_partition_XLX_SEP_ PragmaContext=_XLX_SEP_ PragmaFunction=interleaveTileMem2stream2D_XLX_SEP_ PragmaOptions=variable=offs.v complete dim=1_XLX_SEP_ [-Wdump-hls-pragmas]
#pragma HLS ARRAY_PARTITION variable=offs.v complete dim=1
        ^
/home/x_thileeb/repos/ops-hls-batching-new/OPS/ops/hls/include/device/../../L1/include/ops_hls_datamover.hpp:5975:9: warning: HLS pragma dump _XLX_SEP_ PragmaIsValid=1_XLX_SEP_ PragmaType=unroll_XLX_SEP_ PragmaContext=_XLX_SEP_ PragmaFunction=interleaveTileMem2stream2D_XLX_SEP_ PragmaOptions=_XLX_SEP_ [-Wdump-hls-pragmas]
#pragma HLS UNROLL
        ^
/home/x_thileeb/repos/ops-hls-batching-new/OPS/ops/hls/include/device/../../L1/include/ops_hls_datamover.hpp:6017:9: warning: HLS pragma dump _XLX_SEP_ PragmaIsValid=1_XLX_SEP_ PragmaType=inline_XLX_SEP_ PragmaContext=_XLX_SEP_ PragmaFunction=stream2memGroupExpand_XLX_SEP_ PragmaOptions=_XLX_SEP_ [-Wdump-hls-pragmas]
#pragma HLS INLINE
        ^
/home/x_thileeb/repos/ops-hls-batching-new/OPS/ops/hls/include/device/../../L1/include/ops_hls_datamover.hpp:6030:9: warning: HLS pragma dump _XLX_SEP_ PragmaIsValid=1_XLX_SEP_ PragmaType=inline_XLX_SEP_ PragmaContext=_XLX_SEP_ PragmaFunction=stream2memGroupExpand_XLX_SEP_ PragmaOptions=_XLX_SEP_ [-Wdump-hls-pragmas]
#pragma HLS INLINE
        ^
/home/x_thileeb/repos/ops-hls-batching-new/OPS/ops/hls/include/device/../../L1/include/ops_hls_datamover.hpp:6055:9: warning: HLS pragma dump _XLX_SEP_ PragmaIsValid=1_XLX_SEP_ PragmaType=inline_XLX_SEP_ PragmaContext=_XLX_SEP_ PragmaFunction=interleaveTileStream2mem2D_inner_XLX_SEP_ PragmaOptions=off_XLX_SEP_ [-Wdump-hls-pragmas]
#pragma HLS INLINE off
        ^
/home/x_thileeb/repos/ops-hls-batching-new/OPS/ops/hls/include/device/../../L1/include/ops_hls_datamover.hpp:6056:9: warning: HLS pragma dump _XLX_SEP_ PragmaIsValid=1_XLX_SEP_ PragmaType=dataflow_XLX_SEP_ PragmaContext=_XLX_SEP_ PragmaFunction=interleaveTileStream2mem2D_inner_XLX_SEP_ PragmaOptions=_XLX_SEP_ [-Wdump-hls-pragmas]
#pragma HLS DATAFLOW
        ^
/home/x_thileeb/repos/ops-hls-batching-new/OPS/ops/hls/include/device/../../L1/include/ops_hls_datamover.hpp:6209:9: warning: HLS pragma dump _XLX_SEP_ PragmaIsValid=1_XLX_SEP_ PragmaType=array_partition_XLX_SEP_ PragmaContext=_XLX_SEP_ PragmaFunction=interleaveTileStream2mem2D_XLX_SEP_ PragmaOptions=variable=sizes.v complete dim=1_XLX_SEP_ [-Wdump-hls-pragmas]
#pragma HLS ARRAY_PARTITION variable=sizes.v complete dim=1
        ^
/home/x_thileeb/repos/ops-hls-batching-new/OPS/ops/hls/include/device/../../L1/include/ops_hls_datamover.hpp:6210:9: warning: HLS pragma dump _XLX_SEP_ PragmaIsValid=1_XLX_SEP_ PragmaType=array_partition_XLX_SEP_ PragmaContext=_XLX_SEP_ PragmaFunction=interleaveTileStream2mem2D_XLX_SEP_ PragmaOptions=variable=avoids.v complete dim=1_XLX_SEP_ [-Wdump-hls-pragmas]
#pragma HLS ARRAY_PARTITION variable=avoids.v complete dim=1
        ^
/home/x_thileeb/repos/ops-hls-batching-new/OPS/ops/hls/include/device/../../L1/include/ops_hls_datamover.hpp:6211:9: warning: HLS pragma dump _XLX_SEP_ PragmaIsValid=1_XLX_SEP_ PragmaType=array_partition_XLX_SEP_ PragmaContext=_XLX_SEP_ PragmaFunction=interleaveTileStream2mem2D_XLX_SEP_ PragmaOptions=variable=offs.v complete dim=1_XLX_SEP_ [-Wdump-hls-pragmas]
#pragma HLS ARRAY_PARTITION variable=offs.v complete dim=1
        ^
/home/x_thileeb/repos/ops-hls-batching-new/OPS/ops/hls/include/device/../../L1/include/ops_hls_datamover.hpp:6225:9: warning: HLS pragma dump _XLX_SEP_ PragmaIsValid=1_XLX_SEP_ PragmaType=unroll_XLX_SEP_ PragmaContext=_XLX_SEP_ PragmaFunction=interleaveTileStream2mem2D_XLX_SEP_ PragmaOptions=_XLX_SEP_ [-Wdump-hls-pragmas]
#pragma HLS UNROLL
        ^
/home/x_thileeb/repos/ops-hls-batching-new/OPS/ops/hls/include/device/../../L1/include/ops_hls_datamover.hpp:6267:9: warning: HLS pragma dump _XLX_SEP_ PragmaIsValid=1_XLX_SEP_ PragmaType=inline_XLX_SEP_ PragmaContext=_XLX_SEP_ PragmaFunction=stepdownLaneExpand_XLX_SEP_ PragmaOptions=_XLX_SEP_ [-Wdump-hls-pragmas]
#pragma HLS INLINE
        ^
/home/x_thileeb/repos/ops-hls-batching-new/OPS/ops/hls/include/device/../../L1/include/ops_hls_datamover.hpp:6279:9: warning: HLS pragma dump _XLX_SEP_ PragmaIsValid=1_XLX_SEP_ PragmaType=inline_XLX_SEP_ PragmaContext=_XLX_SEP_ PragmaFunction=stepdownLaneExpand_XLX_SEP_ PragmaOptions=_XLX_SEP_ [-Wdump-hls-pragmas]
#pragma HLS INLINE
        ^
/home/x_thileeb/repos/ops-hls-batching-new/OPS/ops/hls/include/device/../../L1/include/ops_hls_datamover.hpp:6289:9: warning: HLS pragma dump _XLX_SEP_ PragmaIsValid=1_XLX_SEP_ PragmaType=unroll_XLX_SEP_ PragmaContext=_XLX_SEP_ PragmaFunction=stepdownLaneExpand_XLX_SEP_ PragmaOptions=_XLX_SEP_ [-Wdump-hls-pragmas]
#pragma HLS UNROLL
        ^
/home/x_thileeb/repos/ops-hls-batching-new/OPS/ops/hls/include/device/../../L1/include/ops_hls_datamover.hpp:6432:9: warning: HLS pragma dump _XLX_SEP_ PragmaIsValid=1_XLX_SEP_ PragmaType=loop_tripcount_XLX_SEP_ PragmaContext=_XLX_SEP_ PragmaFunction=stream2axisTileStepdown2D_XLX_SEP_ PragmaOptions=min=1 max=64_XLX_SEP_ [-Wdump-hls-pragmas]
#pragma HLS LOOP_TRIPCOUNT min=1 max=64
        ^
/home/x_thileeb/repos/ops-hls-batching-new/OPS/ops/hls/include/device/../../L1/include/ops_hls_datamover.hpp:6451:9: warning: HLS pragma dump _XLX_SEP_ PragmaIsValid=1_XLX_SEP_ PragmaType=loop_tripcount_XLX_SEP_ PragmaContext=_XLX_SEP_ PragmaFunction=stream2axisTileStepdown2D_XLX_SEP_ PragmaOptions=min=1 max=4096_XLX_SEP_ [-Wdump-hls-pragmas]
#pragma HLS LOOP_TRIPCOUNT min=1 max=4096
        ^
/home/x_thileeb/repos/ops-hls-batching-new/OPS/ops/hls/include/device/../../L1/include/ops_hls_datamover.hpp:6452:9: warning: HLS pragma dump _XLX_SEP_ PragmaIsValid=1_XLX_SEP_ PragmaType=loop_flatten_XLX_SEP_ PragmaContext=_XLX_SEP_ PragmaFunction=stream2axisTileStepdown2D_XLX_SEP_ PragmaOptions=off_XLX_SEP_ [-Wdump-hls-pragmas]
#pragma HLS LOOP_FLATTEN off
        ^
/home/x_thileeb/repos/ops-hls-batching-new/OPS/ops/hls/include/device/../../L1/include/ops_hls_datamover.hpp:6457:9: warning: HLS pragma dump _XLX_SEP_ PragmaIsValid=1_XLX_SEP_ PragmaType=pipeline_XLX_SEP_ PragmaContext=_XLX_SEP_ PragmaFunction=stream2axisTileStepdown2D_XLX_SEP_ PragmaOptions=II=ii_adj_XLX_SEP_ [-Wdump-hls-pragmas]
#pragma HLS PIPELINE II=ii_adj
        ^
/home/x_thileeb/repos/ops-hls-batching-new/OPS/ops/hls/include/device/../../L1/include/ops_hls_datamover.hpp:6458:9: warning: HLS pragma dump _XLX_SEP_ PragmaIsValid=1_XLX_SEP_ PragmaType=loop_tripcount_XLX_SEP_ PragmaContext=_XLX_SEP_ PragmaFunction=stream2axisTileStepdown2D_XLX_SEP_ PragmaOptions=min=1 max=1024_XLX_SEP_ [-Wdump-hls-pragmas]
#pragma HLS LOOP_TRIPCOUNT min=1 max=1024
        ^
/home/x_thileeb/repos/ops-hls-batching-new/OPS/ops/hls/include/device/../../L1/include/ops_hls_datamover.hpp:6461:9: warning: HLS pragma dump _XLX_SEP_ PragmaIsValid=1_XLX_SEP_ PragmaType=array_partition_XLX_SEP_ PragmaContext=_XLX_SEP_ PragmaFunction=stream2axisTileStepdown2D_XLX_SEP_ PragmaOptions=variable=wide complete dim=1_XLX_SEP_ [-Wdump-hls-pragmas]
#pragma HLS ARRAY_PARTITION variable=wide complete dim=1
        ^
/home/x_thileeb/repos/ops-hls-batching-new/OPS/ops/hls/include/device/../../L1/include/ops_hls_datamover.hpp:6466:9: warning: HLS pragma dump _XLX_SEP_ PragmaIsValid=1_XLX_SEP_ PragmaType=unroll_XLX_SEP_ PragmaContext=_XLX_SEP_ PragmaFunction=stream2axisTileStepdown2D_XLX_SEP_ PragmaOptions=_XLX_SEP_ [-Wdump-hls-pragmas]
#pragma HLS UNROLL
        ^
/home/x_thileeb/repos/ops-hls-batching-new/OPS/ops/hls/include/device/../../L1/include/ops_hls_datamover.hpp:6495:9: warning: HLS pragma dump _XLX_SEP_ PragmaIsValid=1_XLX_SEP_ PragmaType=inline_XLX_SEP_ PragmaContext=_XLX_SEP_ PragmaFunction=stepupLaneExpand_XLX_SEP_ PragmaOptions=_XLX_SEP_ [-Wdump-hls-pragmas]
#pragma HLS INLINE
        ^
/home/x_thileeb/repos/ops-hls-batching-new/OPS/ops/hls/include/device/../../L1/include/ops_hls_datamover.hpp:6507:9: warning: HLS pragma dump _XLX_SEP_ PragmaIsValid=1_XLX_SEP_ PragmaType=inline_XLX_SEP_ PragmaContext=_XLX_SEP_ PragmaFunction=stepupLaneExpand_XLX_SEP_ PragmaOptions=_XLX_SEP_ [-Wdump-hls-pragmas]
#pragma HLS INLINE
        ^
/home/x_thileeb/repos/ops-hls-batching-new/OPS/ops/hls/include/device/../../L1/include/ops_hls_datamover.hpp:6517:9: warning: HLS pragma dump _XLX_SEP_ PragmaIsValid=1_XLX_SEP_ PragmaType=unroll_XLX_SEP_ PragmaContext=_XLX_SEP_ PragmaFunction=stepupLaneExpand_XLX_SEP_ PragmaOptions=_XLX_SEP_ [-Wdump-hls-pragmas]
#pragma HLS UNROLL
        ^
/home/x_thileeb/repos/ops-hls-batching-new/OPS/ops/hls/include/device/../../L1/include/ops_hls_datamover.hpp:6640:9: warning: HLS pragma dump _XLX_SEP_ PragmaIsValid=1_XLX_SEP_ PragmaType=loop_tripcount_XLX_SEP_ PragmaContext=_XLX_SEP_ PragmaFunction=axis2streamTileStepup2D_XLX_SEP_ PragmaOptions=min=1 max=64_XLX_SEP_ [-Wdump-hls-pragmas]
#pragma HLS LOOP_TRIPCOUNT min=1 max=64
        ^
/home/x_thileeb/repos/ops-hls-batching-new/OPS/ops/hls/include/device/../../L1/include/ops_hls_datamover.hpp:6659:9: warning: HLS pragma dump _XLX_SEP_ PragmaIsValid=1_XLX_SEP_ PragmaType=loop_tripcount_XLX_SEP_ PragmaContext=_XLX_SEP_ PragmaFunction=axis2streamTileStepup2D_XLX_SEP_ PragmaOptions=min=1 max=4096_XLX_SEP_ [-Wdump-hls-pragmas]
#pragma HLS LOOP_TRIPCOUNT min=1 max=4096
        ^
/home/x_thileeb/repos/ops-hls-batching-new/OPS/ops/hls/include/device/../../L1/include/ops_hls_datamover.hpp:6660:9: warning: HLS pragma dump _XLX_SEP_ PragmaIsValid=1_XLX_SEP_ PragmaType=loop_flatten_XLX_SEP_ PragmaContext=_XLX_SEP_ PragmaFunction=axis2streamTileStepup2D_XLX_SEP_ PragmaOptions=off_XLX_SEP_ [-Wdump-hls-pragmas]
#pragma HLS LOOP_FLATTEN off
        ^
/home/x_thileeb/repos/ops-hls-batching-new/OPS/ops/hls/include/device/../../L1/include/ops_hls_datamover.hpp:6665:9: warning: HLS pragma dump _XLX_SEP_ PragmaIsValid=1_XLX_SEP_ PragmaType=pipeline_XLX_SEP_ PragmaContext=_XLX_SEP_ PragmaFunction=axis2streamTileStepup2D_XLX_SEP_ PragmaOptions=II=ii_adj_XLX_SEP_ [-Wdump-hls-pragmas]
#pragma HLS PIPELINE II=ii_adj
        ^
/home/x_thileeb/repos/ops-hls-batching-new/OPS/ops/hls/include/device/../../L1/include/ops_hls_datamover.hpp:6666:9: warning: HLS pragma dump _XLX_SEP_ PragmaIsValid=1_XLX_SEP_ PragmaType=loop_tripcount_XLX_SEP_ PragmaContext=_XLX_SEP_ PragmaFunction=axis2streamTileStepup2D_XLX_SEP_ PragmaOptions=min=1 max=1024_XLX_SEP_ [-Wdump-hls-pragmas]
#pragma HLS LOOP_TRIPCOUNT min=1 max=1024
        ^
/home/x_thileeb/repos/ops-hls-batching-new/OPS/ops/hls/include/device/../../L1/include/ops_hls_datamover.hpp:6669:9: warning: HLS pragma dump _XLX_SEP_ PragmaIsValid=1_XLX_SEP_ PragmaType=array_partition_XLX_SEP_ PragmaContext=_XLX_SEP_ PragmaFunction=axis2streamTileStepup2D_XLX_SEP_ PragmaOptions=variable=wide complete dim=1_XLX_SEP_ [-Wdump-hls-pragmas]
#pragma HLS ARRAY_PARTITION variable=wide complete dim=1
        ^
/home/x_thileeb/repos/ops-hls-batching-new/OPS/ops/hls/include/device/../../L1/include/ops_hls_datamover.hpp:6677:9: warning: HLS pragma dump _XLX_SEP_ PragmaIsValid=1_XLX_SEP_ PragmaType=unroll_XLX_SEP_ PragmaContext=_XLX_SEP_ PragmaFunction=axis2streamTileStepup2D_XLX_SEP_ PragmaOptions=_XLX_SEP_ [-Wdump-hls-pragmas]
#pragma HLS UNROLL
        ^
/home/x_thileeb/repos/ops-hls-batching-new/OPS/ops/hls/include/device/../../L1/include/ops_hls_datamover.hpp:6803:9: warning: HLS pragma dump _XLX_SEP_ PragmaIsValid=1_XLX_SEP_ PragmaType=loop_tripcount_XLX_SEP_ PragmaContext=_XLX_SEP_ PragmaFunction=redirectTile2D_XLX_SEP_ PragmaOptions=min=1 max=64_XLX_SEP_ [-Wdump-hls-pragmas]
#pragma HLS LOOP_TRIPCOUNT min=1 max=64
        ^
/home/x_thileeb/repos/ops-hls-batching-new/OPS/ops/hls/include/device/../../L1/include/ops_hls_datamover.hpp:6816:9: warning: HLS pragma dump _XLX_SEP_ PragmaIsValid=1_XLX_SEP_ PragmaType=array_partition_XLX_SEP_ PragmaContext=_XLX_SEP_ PragmaFunction=redirectTile2D_XLX_SEP_ PragmaOptions=variable=bank_extra complete dim=1_XLX_SEP_ [-Wdump-hls-pragmas]
#pragma HLS ARRAY_PARTITION variable=bank_extra complete dim=1
        ^
/home/x_thileeb/repos/ops-hls-batching-new/OPS/ops/hls/include/device/../../L1/include/ops_hls_datamover.hpp:6821:9: warning: HLS pragma dump _XLX_SEP_ PragmaIsValid=1_XLX_SEP_ PragmaType=unroll_XLX_SEP_ PragmaContext=_XLX_SEP_ PragmaFunction=redirectTile2D_XLX_SEP_ PragmaOptions=_XLX_SEP_ [-Wdump-hls-pragmas]
#pragma HLS UNROLL
        ^
/home/x_thileeb/repos/ops-hls-batching-new/OPS/ops/hls/include/device/../../L1/include/ops_hls_datamover.hpp:6840:9: warning: HLS pragma dump _XLX_SEP_ PragmaIsValid=1_XLX_SEP_ PragmaType=loop_tripcount_XLX_SEP_ PragmaContext=_XLX_SEP_ PragmaFunction=redirectTile2D_XLX_SEP_ PragmaOptions=min=1 max=4096_XLX_SEP_ [-Wdump-hls-pragmas]
#pragma HLS LOOP_TRIPCOUNT min=1 max=4096
        ^
/home/x_thileeb/repos/ops-hls-batching-new/OPS/ops/hls/include/device/../../L1/include/ops_hls_datamover.hpp:6841:9: warning: HLS pragma dump _XLX_SEP_ PragmaIsValid=1_XLX_SEP_ PragmaType=loop_flatten_XLX_SEP_ PragmaContext=_XLX_SEP_ PragmaFunction=redirectTile2D_XLX_SEP_ PragmaOptions=off_XLX_SEP_ [-Wdump-hls-pragmas]
#pragma HLS LOOP_FLATTEN off
        ^
/home/x_thileeb/repos/ops-hls-batching-new/OPS/ops/hls/include/device/../../L1/include/ops_hls_datamover.hpp:6846:9: warning: HLS pragma dump _XLX_SEP_ PragmaIsValid=1_XLX_SEP_ PragmaType=pipeline_XLX_SEP_ PragmaContext=_XLX_SEP_ PragmaFunction=redirectTile2D_XLX_SEP_ PragmaOptions=II=IN_ITR_XLX_SEP_ [-Wdump-hls-pragmas]
#pragma HLS PIPELINE II=IN_ITR
        ^
/home/x_thileeb/repos/ops-hls-batching-new/OPS/ops/hls/include/device/../../L1/include/ops_hls_datamover.hpp:6847:9: warning: HLS pragma dump _XLX_SEP_ PragmaIsValid=1_XLX_SEP_ PragmaType=loop_tripcount_XLX_SEP_ PragmaContext=_XLX_SEP_ PragmaFunction=redirectTile2D_XLX_SEP_ PragmaOptions=min=1 max=1024_XLX_SEP_ [-Wdump-hls-pragmas]
#pragma HLS LOOP_TRIPCOUNT min=1 max=1024
        ^
/home/x_thileeb/repos/ops-hls-batching-new/OPS/ops/hls/include/device/../../L1/include/ops_hls_datamover.hpp:6851:9: warning: HLS pragma dump _XLX_SEP_ PragmaIsValid=1_XLX_SEP_ PragmaType=array_partition_XLX_SEP_ PragmaContext=_XLX_SEP_ PragmaFunction=redirectTile2D_XLX_SEP_ PragmaOptions=variable=tmp complete dim=1_XLX_SEP_ [-Wdump-hls-pragmas]
#pragma HLS ARRAY_PARTITION variable=tmp complete dim=1
        ^
/home/x_thileeb/repos/ops-hls-batching-new/OPS/ops/hls/include/device/../../L1/include/ops_hls_datamover.hpp:6852:9: warning: HLS pragma dump _XLX_SEP_ PragmaIsValid=1_XLX_SEP_ PragmaType=array_partition_XLX_SEP_ PragmaContext=_XLX_SEP_ PragmaFunction=redirectTile2D_XLX_SEP_ PragmaOptions=variable=swap complete dim=1_XLX_SEP_ [-Wdump-hls-pragmas]
#pragma HLS ARRAY_PARTITION variable=swap complete dim=1
        ^
/home/x_thileeb/repos/ops-hls-batching-new/OPS/ops/hls/include/device/../../L1/include/ops_hls_datamover.hpp:6860:9: warning: HLS pragma dump _XLX_SEP_ PragmaIsValid=1_XLX_SEP_ PragmaType=unroll_XLX_SEP_ PragmaContext=_XLX_SEP_ PragmaFunction=redirectTile2D_XLX_SEP_ PragmaOptions=_XLX_SEP_ [-Wdump-hls-pragmas]
#pragma HLS UNROLL
        ^
/home/x_thileeb/repos/ops-hls-batching-new/OPS/ops/hls/include/device/../../L1/include/ops_hls_datamover.hpp:6885:9: warning: HLS pragma dump _XLX_SEP_ PragmaIsValid=1_XLX_SEP_ PragmaType=unroll_XLX_SEP_ PragmaContext=_XLX_SEP_ PragmaFunction=redirectTile2D_XLX_SEP_ PragmaOptions=_XLX_SEP_ [-Wdump-hls-pragmas]
#pragma HLS UNROLL
        ^
/home/x_thileeb/repos/ops-hls-batching-new/OPS/ops/hls/include/device/../../L1/include/ops_hls_datamover.hpp:6894:9: warning: HLS pragma dump _XLX_SEP_ PragmaIsValid=1_XLX_SEP_ PragmaType=unroll_XLX_SEP_ PragmaContext=_XLX_SEP_ PragmaFunction=redirectTile2D_XLX_SEP_ PragmaOptions=_XLX_SEP_ [-Wdump-hls-pragmas]
#pragma HLS UNROLL
        ^
/home/x_thileeb/repos/ops-hls-batching-new/OPS/ops/hls/include/device/../../L1/include/ops_hls_datamover.hpp:7016:9: warning: HLS pragma dump _XLX_SEP_ PragmaIsValid=1_XLX_SEP_ PragmaType=loop_tripcount_XLX_SEP_ PragmaContext=_XLX_SEP_ PragmaFunction=reverseRedirectTile2D_XLX_SEP_ PragmaOptions=min=1 max=64_XLX_SEP_ [-Wdump-hls-pragmas]
#pragma HLS LOOP_TRIPCOUNT min=1 max=64
        ^
/home/x_thileeb/repos/ops-hls-batching-new/OPS/ops/hls/include/device/../../L1/include/ops_hls_datamover.hpp:7028:9: warning: HLS pragma dump _XLX_SEP_ PragmaIsValid=1_XLX_SEP_ PragmaType=array_partition_XLX_SEP_ PragmaContext=_XLX_SEP_ PragmaFunction=reverseRedirectTile2D_XLX_SEP_ PragmaOptions=variable=bank_extra complete dim=1_XLX_SEP_ [-Wdump-hls-pragmas]
#pragma HLS ARRAY_PARTITION variable=bank_extra complete dim=1
        ^
/home/x_thileeb/repos/ops-hls-batching-new/OPS/ops/hls/include/device/../../L1/include/ops_hls_datamover.hpp:7033:9: warning: HLS pragma dump _XLX_SEP_ PragmaIsValid=1_XLX_SEP_ PragmaType=unroll_XLX_SEP_ PragmaContext=_XLX_SEP_ PragmaFunction=reverseRedirectTile2D_XLX_SEP_ PragmaOptions=_XLX_SEP_ [-Wdump-hls-pragmas]
#pragma HLS UNROLL
        ^
/home/x_thileeb/repos/ops-hls-batching-new/OPS/ops/hls/include/device/../../L1/include/ops_hls_datamover.hpp:7051:9: warning: HLS pragma dump _XLX_SEP_ PragmaIsValid=1_XLX_SEP_ PragmaType=loop_tripcount_XLX_SEP_ PragmaContext=_XLX_SEP_ PragmaFunction=reverseRedirectTile2D_XLX_SEP_ PragmaOptions=min=1 max=4096_XLX_SEP_ [-Wdump-hls-pragmas]
#pragma HLS LOOP_TRIPCOUNT min=1 max=4096
        ^
/home/x_thileeb/repos/ops-hls-batching-new/OPS/ops/hls/include/device/../../L1/include/ops_hls_datamover.hpp:7052:9: warning: HLS pragma dump _XLX_SEP_ PragmaIsValid=1_XLX_SEP_ PragmaType=loop_flatten_XLX_SEP_ PragmaContext=_XLX_SEP_ PragmaFunction=reverseRedirectTile2D_XLX_SEP_ PragmaOptions=off_XLX_SEP_ [-Wdump-hls-pragmas]
#pragma HLS LOOP_FLATTEN off
        ^
/home/x_thileeb/repos/ops-hls-batching-new/OPS/ops/hls/include/device/../../L1/include/ops_hls_datamover.hpp:7057:9: warning: HLS pragma dump _XLX_SEP_ PragmaIsValid=1_XLX_SEP_ PragmaType=pipeline_XLX_SEP_ PragmaContext=_XLX_SEP_ PragmaFunction=reverseRedirectTile2D_XLX_SEP_ PragmaOptions=II=IN_ITR_XLX_SEP_ [-Wdump-hls-pragmas]
#pragma HLS PIPELINE II=IN_ITR
        ^
/home/x_thileeb/repos/ops-hls-batching-new/OPS/ops/hls/include/device/../../L1/include/ops_hls_datamover.hpp:7058:9: warning: HLS pragma dump _XLX_SEP_ PragmaIsValid=1_XLX_SEP_ PragmaType=loop_tripcount_XLX_SEP_ PragmaContext=_XLX_SEP_ PragmaFunction=reverseRedirectTile2D_XLX_SEP_ PragmaOptions=min=1 max=1024_XLX_SEP_ [-Wdump-hls-pragmas]
#pragma HLS LOOP_TRIPCOUNT min=1 max=1024
        ^
/home/x_thileeb/repos/ops-hls-batching-new/OPS/ops/hls/include/device/../../L1/include/ops_hls_datamover.hpp:7062:9: warning: HLS pragma dump _XLX_SEP_ PragmaIsValid=1_XLX_SEP_ PragmaType=array_partition_XLX_SEP_ PragmaContext=_XLX_SEP_ PragmaFunction=reverseRedirectTile2D_XLX_SEP_ PragmaOptions=variable=tmp complete dim=1_XLX_SEP_ [-Wdump-hls-pragmas]
#pragma HLS ARRAY_PARTITION variable=tmp complete dim=1
        ^
/home/x_thileeb/repos/ops-hls-batching-new/OPS/ops/hls/include/device/../../L1/include/ops_hls_datamover.hpp:7063:9: warning: HLS pragma dump _XLX_SEP_ PragmaIsValid=1_XLX_SEP_ PragmaType=array_partition_XLX_SEP_ PragmaContext=_XLX_SEP_ PragmaFunction=reverseRedirectTile2D_XLX_SEP_ PragmaOptions=variable=swap complete dim=1_XLX_SEP_ [-Wdump-hls-pragmas]
#pragma HLS ARRAY_PARTITION variable=swap complete dim=1
        ^
/home/x_thileeb/repos/ops-hls-batching-new/OPS/ops/hls/include/device/../../L1/include/ops_hls_datamover.hpp:7071:9: warning: HLS pragma dump _XLX_SEP_ PragmaIsValid=1_XLX_SEP_ PragmaType=unroll_XLX_SEP_ PragmaContext=_XLX_SEP_ PragmaFunction=reverseRedirectTile2D_XLX_SEP_ PragmaOptions=_XLX_SEP_ [-Wdump-hls-pragmas]
#pragma HLS UNROLL
        ^
/home/x_thileeb/repos/ops-hls-batching-new/OPS/ops/hls/include/device/../../L1/include/ops_hls_datamover.hpp:7093:9: warning: HLS pragma dump _XLX_SEP_ PragmaIsValid=1_XLX_SEP_ PragmaType=unroll_XLX_SEP_ PragmaContext=_XLX_SEP_ PragmaFunction=reverseRedirectTile2D_XLX_SEP_ PragmaOptions=_XLX_SEP_ [-Wdump-hls-pragmas]
#pragma HLS UNROLL
        ^
/home/x_thileeb/repos/ops-hls-batching-new/OPS/ops/hls/include/device/../../L1/include/ops_hls_datamover.hpp:7103:9: warning: HLS pragma dump _XLX_SEP_ PragmaIsValid=1_XLX_SEP_ PragmaType=unroll_XLX_SEP_ PragmaContext=_XLX_SEP_ PragmaFunction=reverseRedirectTile2D_XLX_SEP_ PragmaOptions=_XLX_SEP_ [-Wdump-hls-pragmas]
#pragma HLS UNROLL
        ^
/home/x_thileeb/repos/ops-hls-batching-new/OPS/ops/hls/include/device/../../L1/include/ops_hls_datamover.hpp:7170:9: warning: HLS pragma dump _XLX_SEP_ PragmaIsValid=1_XLX_SEP_ PragmaType=pipeline_XLX_SEP_ PragmaContext=_XLX_SEP_ PragmaFunction=stream2stream_XLX_SEP_ PragmaOptions=II=1_XLX_SEP_ [-Wdump-hls-pragmas]
#pragma HLS PIPELINE II=1
        ^
/home/x_thileeb/repos/ops-hls-batching-new/OPS/ops/hls/include/device/../../L1/include/ops_hls_datamover.hpp:7171:9: warning: HLS pragma dump _XLX_SEP_ PragmaIsValid=1_XLX_SEP_ PragmaType=loop_flatten_XLX_SEP_ PragmaContext=_XLX_SEP_ PragmaFunction=stream2stream_XLX_SEP_ PragmaOptions=_XLX_SEP_ [-Wdump-hls-pragmas]
#pragma HLS LOOP_FLATTEN
        ^
/home/x_thileeb/repos/ops-hls-batching-new/OPS/ops/hls/include/device/../../L1/include/ops_hls_datamover.hpp:7216:9: warning: HLS pragma dump _XLX_SEP_ PragmaIsValid=1_XLX_SEP_ PragmaType=pipeline_XLX_SEP_ PragmaContext=_XLX_SEP_ PragmaFunction=stream2stream_XLX_SEP_ PragmaOptions=II=1_XLX_SEP_ [-Wdump-hls-pragmas]
#pragma HLS PIPELINE II=1
        ^
/home/x_thileeb/repos/ops-hls-batching-new/OPS/ops/hls/include/device/../../L1/include/ops_hls_datamover.hpp:7217:9: warning: HLS pragma dump _XLX_SEP_ PragmaIsValid=1_XLX_SEP_ PragmaType=loop_flatten_XLX_SEP_ PragmaContext=_XLX_SEP_ PragmaFunction=stream2stream_XLX_SEP_ PragmaOptions=_XLX_SEP_ [-Wdump-hls-pragmas]
#pragma HLS LOOP_FLATTEN
        ^
/home/x_thileeb/repos/ops-hls-batching-new/OPS/ops/hls/include/device/../../L1/include/ops_hls_datamover.hpp:7298:9: warning: HLS pragma dump _XLX_SEP_ PragmaIsValid=1_XLX_SEP_ PragmaType=pipeline_XLX_SEP_ PragmaContext=_XLX_SEP_ PragmaFunction=stream2streamStepup_XLX_SEP_ PragmaOptions=II=1_XLX_SEP_ [-Wdump-hls-pragmas]
#pragma HLS PIPELINE II=1
        ^
/home/x_thileeb/repos/ops-hls-batching-new/OPS/ops/hls/include/device/../../L1/include/ops_hls_datamover.hpp:7299:9: warning: HLS pragma dump _XLX_SEP_ PragmaIsValid=1_XLX_SEP_ PragmaType=loop_flatten_XLX_SEP_ PragmaContext=_XLX_SEP_ PragmaFunction=stream2streamStepup_XLX_SEP_ PragmaOptions=_XLX_SEP_ [-Wdump-hls-pragmas]
#pragma HLS LOOP_FLATTEN
        ^
/home/x_thileeb/repos/ops-hls-batching-new/OPS/ops/hls/include/device/../../L1/include/ops_hls_datamover.hpp:7378:9: warning: HLS pragma dump _XLX_SEP_ PragmaIsValid=1_XLX_SEP_ PragmaType=pipeline_XLX_SEP_ PragmaContext=_XLX_SEP_ PragmaFunction=stream2streamStepdown_XLX_SEP_ PragmaOptions=II=1_XLX_SEP_ [-Wdump-hls-pragmas]
#pragma HLS PIPELINE II=1
        ^
/home/x_thileeb/repos/ops-hls-batching-new/OPS/ops/hls/include/device/../../L1/include/ops_hls_datamover.hpp:7379:9: warning: HLS pragma dump _XLX_SEP_ PragmaIsValid=1_XLX_SEP_ PragmaType=loop_flatten_XLX_SEP_ PragmaContext=_XLX_SEP_ PragmaFunction=stream2streamStepdown_XLX_SEP_ PragmaOptions=_XLX_SEP_ [-Wdump-hls-pragmas]
#pragma HLS LOOP_FLATTEN
        ^
/home/x_thileeb/repos/ops-hls-batching-new/OPS/ops/hls/include/device/../../L1/include/ops_hls_datamover.hpp:7445:9: warning: HLS pragma dump _XLX_SEP_ PragmaIsValid=1_XLX_SEP_ PragmaType=pipeline_XLX_SEP_ PragmaContext=_XLX_SEP_ PragmaFunction=stream2axis_XLX_SEP_ PragmaOptions=II=1_XLX_SEP_ [-Wdump-hls-pragmas]
#pragma HLS PIPELINE II=1
        ^
/home/x_thileeb/repos/ops-hls-batching-new/OPS/ops/hls/include/device/../../L1/include/ops_hls_datamover.hpp:7498:9: warning: HLS pragma dump _XLX_SEP_ PragmaIsValid=1_XLX_SEP_ PragmaType=pipeline_XLX_SEP_ PragmaContext=_XLX_SEP_ PragmaFunction=axis2stream_XLX_SEP_ PragmaOptions=II=1_XLX_SEP_ [-Wdump-hls-pragmas]
#pragma HLS PIPELINE II=1
        ^
/home/x_thileeb/repos/ops-hls-batching-new/OPS/ops/hls/include/device/../../L1/include/ops_hls_datamover.hpp:7573:9: warning: HLS pragma dump _XLX_SEP_ PragmaIsValid=1_XLX_SEP_ PragmaType=loop_tripcount_XLX_SEP_ PragmaContext=_XLX_SEP_ PragmaFunction=mem2axis_XLX_SEP_ PragmaOptions=avg=avg_num_of_bursts max=max_num_of_bursts_XLX_SEP_ [-Wdump-hls-pragmas]
#pragma HLS LOOP_TRIPCOUNT avg=avg_num_of_bursts max=max_num_of_bursts
        ^
/home/x_thileeb/repos/ops-hls-batching-new/OPS/ops/hls/include/device/../../L1/include/ops_hls_datamover.hpp:7577:9: warning: HLS pragma dump _XLX_SEP_ PragmaIsValid=1_XLX_SEP_ PragmaType=pipeline_XLX_SEP_ PragmaContext=_XLX_SEP_ PragmaFunction=mem2axis_XLX_SEP_ PragmaOptions=II=num_strm_pkts_per_beat_XLX_SEP_ [-Wdump-hls-pragmas]
#pragma HLS PIPELINE II=num_strm_pkts_per_beat
        ^
/home/x_thileeb/repos/ops-hls-batching-new/OPS/ops/hls/include/device/../../L1/include/ops_hls_datamover.hpp:7578:9: warning: HLS pragma dump _XLX_SEP_ PragmaIsValid=1_XLX_SEP_ PragmaType=loop_tripcount_XLX_SEP_ PragmaContext=_XLX_SEP_ PragmaFunction=mem2axis_XLX_SEP_ PragmaOptions=min=min_burst_len avg=avg_burst_len max=max_burst_len_XLX_SEP_ [-Wdump-hls-pragmas]
#pragma HLS LOOP_TRIPCOUNT min=min_burst_len avg=avg_burst_len max=max_burst_len
        ^
/home/x_thileeb/repos/ops-hls-batching-new/OPS/ops/hls/include/device/../../L1/include/ops_hls_datamover.hpp:7587:9: warning: HLS pragma dump _XLX_SEP_ PragmaIsValid=1_XLX_SEP_ PragmaType=pipeline_XLX_SEP_ PragmaContext=_XLX_SEP_ PragmaFunction=mem2axis_XLX_SEP_ PragmaOptions=II=num_strm_pkts_per_beat_XLX_SEP_ [-Wdump-hls-pragmas]
#pragma HLS PIPELINE II=num_strm_pkts_per_beat
        ^
/home/x_thileeb/repos/ops-hls-batching-new/OPS/ops/hls/include/device/../../L1/include/ops_hls_datamover.hpp:7637:9: warning: HLS pragma dump _XLX_SEP_ PragmaIsValid=1_XLX_SEP_ PragmaType=stream_XLX_SEP_ PragmaContext=_XLX_SEP_ PragmaFunction=mem2axisV2_XLX_SEP_ PragmaOptions=variable = mem_strm depth = max_depth_v16_XLX_SEP_ [-Wdump-hls-pragmas]
#pragma HLS STREAM variable = mem_strm depth = max_depth_v16
        ^
/home/x_thileeb/repos/ops-hls-batching-new/OPS/ops/hls/include/device/../../L1/include/ops_hls_datamover.hpp:7638:9: warning: HLS pragma dump _XLX_SEP_ PragmaIsValid=1_XLX_SEP_ PragmaType=stream_XLX_SEP_ PragmaContext=_XLX_SEP_ PragmaFunction=mem2axisV2_XLX_SEP_ PragmaOptions=variable = red_mem_strm depth = max_depth_v8_XLX_SEP_ [-Wdump-hls-pragmas]
#pragma HLS STREAM variable = red_mem_strm depth = max_depth_v8
        ^
/home/x_thileeb/repos/ops-hls-batching-new/OPS/ops/hls/include/device/../../L1/include/ops_hls_datamover.hpp:7640:9: warning: HLS pragma dump _XLX_SEP_ PragmaIsValid=1_XLX_SEP_ PragmaType=dataflow_XLX_SEP_ PragmaContext=_XLX_SEP_ PragmaFunction=mem2axisV2_XLX_SEP_ PragmaOptions=_XLX_SEP_ [-Wdump-hls-pragmas]
#pragma HLS DATAFLOW
        ^
/home/x_thileeb/repos/ops-hls-batching-new/OPS/ops/hls/include/device/../../L1/include/ops_hls_datamover.hpp:7694:9: warning: HLS pragma dump _XLX_SEP_ PragmaIsValid=1_XLX_SEP_ PragmaType=loop_tripcount_XLX_SEP_ PragmaContext=_XLX_SEP_ PragmaFunction=mem2axis_XLX_SEP_ PragmaOptions=avg=avg_num_of_bursts max=max_num_of_bursts_XLX_SEP_ [-Wdump-hls-pragmas]
#pragma HLS LOOP_TRIPCOUNT avg=avg_num_of_bursts max=max_num_of_bursts
        ^
/home/x_thileeb/repos/ops-hls-batching-new/OPS/ops/hls/include/device/../../L1/include/ops_hls_datamover.hpp:7698:9: warning: HLS pragma dump _XLX_SEP_ PragmaIsValid=1_XLX_SEP_ PragmaType=pipeline_XLX_SEP_ PragmaContext=_XLX_SEP_ PragmaFunction=mem2axis_XLX_SEP_ PragmaOptions=II=num_strm_pkts_per_beat_XLX_SEP_ [-Wdump-hls-pragmas]
#pragma HLS PIPELINE II=num_strm_pkts_per_beat
        ^
/home/x_thileeb/repos/ops-hls-batching-new/OPS/ops/hls/include/device/../../L1/include/ops_hls_datamover.hpp:7699:9: warning: HLS pragma dump _XLX_SEP_ PragmaIsValid=1_XLX_SEP_ PragmaType=loop_tripcount_XLX_SEP_ PragmaContext=_XLX_SEP_ PragmaFunction=mem2axis_XLX_SEP_ PragmaOptions=min=min_burst_len avg=avg_burst_len max=max_burst_len_XLX_SEP_ [-Wdump-hls-pragmas]
#pragma HLS LOOP_TRIPCOUNT min=min_burst_len avg=avg_burst_len max=max_burst_len
        ^
/home/x_thileeb/repos/ops-hls-batching-new/OPS/ops/hls/include/device/../../L1/include/ops_hls_datamover.hpp:7708:9: warning: HLS pragma dump _XLX_SEP_ PragmaIsValid=1_XLX_SEP_ PragmaType=pipeline_XLX_SEP_ PragmaContext=_XLX_SEP_ PragmaFunction=mem2axis_XLX_SEP_ PragmaOptions=II=num_strm_pkts_per_beat_XLX_SEP_ [-Wdump-hls-pragmas]
#pragma HLS PIPELINE II=num_strm_pkts_per_beat
        ^
/home/x_thileeb/repos/ops-hls-batching-new/OPS/ops/hls/include/device/../../L1/include/ops_hls_datamover.hpp:7717:9: warning: HLS pragma dump _XLX_SEP_ PragmaIsValid=1_XLX_SEP_ PragmaType=loop_tripcount_XLX_SEP_ PragmaContext=_XLX_SEP_ PragmaFunction=mem2axis_XLX_SEP_ PragmaOptions=avg=avg_num_of_bursts max=max_num_of_bursts_XLX_SEP_ [-Wdump-hls-pragmas]
#pragma HLS LOOP_TRIPCOUNT avg=avg_num_of_bursts max=max_num_of_bursts
        ^
/home/x_thileeb/repos/ops-hls-batching-new/OPS/ops/hls/include/device/../../L1/include/ops_hls_datamover.hpp:7721:9: warning: HLS pragma dump _XLX_SEP_ PragmaIsValid=1_XLX_SEP_ PragmaType=pipeline_XLX_SEP_ PragmaContext=_XLX_SEP_ PragmaFunction=mem2axis_XLX_SEP_ PragmaOptions=II=num_strm_pkts_per_beat_XLX_SEP_ [-Wdump-hls-pragmas]
#pragma HLS PIPELINE II=num_strm_pkts_per_beat
        ^
/home/x_thileeb/repos/ops-hls-batching-new/OPS/ops/hls/include/device/../../L1/include/ops_hls_datamover.hpp:7722:9: warning: HLS pragma dump _XLX_SEP_ PragmaIsValid=1_XLX_SEP_ PragmaType=loop_tripcount_XLX_SEP_ PragmaContext=_XLX_SEP_ PragmaFunction=mem2axis_XLX_SEP_ PragmaOptions=min=min_burst_len avg=avg_burst_len max=max_burst_len_XLX_SEP_ [-Wdump-hls-pragmas]
#pragma HLS LOOP_TRIPCOUNT min=min_burst_len avg=avg_burst_len max=max_burst_len
        ^
/home/x_thileeb/repos/ops-hls-batching-new/OPS/ops/hls/include/device/../../L1/include/ops_hls_datamover.hpp:7731:9: warning: HLS pragma dump _XLX_SEP_ PragmaIsValid=1_XLX_SEP_ PragmaType=pipeline_XLX_SEP_ PragmaContext=_XLX_SEP_ PragmaFunction=mem2axis_XLX_SEP_ PragmaOptions=II=num_strm_pkts_per_beat_XLX_SEP_ [-Wdump-hls-pragmas]
#pragma HLS PIPELINE II=num_strm_pkts_per_beat
        ^
/home/x_thileeb/repos/ops-hls-batching-new/OPS/ops/hls/include/device/../../L1/include/ops_hls_datamover.hpp:7792:9: warning: HLS pragma dump _XLX_SEP_ PragmaIsValid=1_XLX_SEP_ PragmaType=loop_tripcount_XLX_SEP_ PragmaContext=_XLX_SEP_ PragmaFunction=axis2mem_XLX_SEP_ PragmaOptions=avg=avg_num_of_bursts max=max_num_of_bursts_XLX_SEP_ [-Wdump-hls-pragmas]
#pragma HLS LOOP_TRIPCOUNT avg=avg_num_of_bursts max=max_num_of_bursts
        ^
/home/x_thileeb/repos/ops-hls-batching-new/OPS/ops/hls/include/device/../../L1/include/ops_hls_datamover.hpp:7796:9: warning: HLS pragma dump _XLX_SEP_ PragmaIsValid=1_XLX_SEP_ PragmaType=pipeline_XLX_SEP_ PragmaContext=_XLX_SEP_ PragmaFunction=axis2mem_XLX_SEP_ PragmaOptions=II=num_strm_pkts_per_beat_XLX_SEP_ [-Wdump-hls-pragmas]
#pragma HLS PIPELINE II=num_strm_pkts_per_beat
        ^
/home/x_thileeb/repos/ops-hls-batching-new/OPS/ops/hls/include/device/../../L1/include/ops_hls_datamover.hpp:7797:9: warning: HLS pragma dump _XLX_SEP_ PragmaIsValid=1_XLX_SEP_ PragmaType=loop_tripcount_XLX_SEP_ PragmaContext=_XLX_SEP_ PragmaFunction=axis2mem_XLX_SEP_ PragmaOptions=min=min_burst_len avg=avg_burst_len max=max_burst_len_XLX_SEP_ [-Wdump-hls-pragmas]
#pragma HLS LOOP_TRIPCOUNT min=min_burst_len avg=avg_burst_len max=max_burst_len
        ^
/home/x_thileeb/repos/ops-hls-batching-new/OPS/ops/hls/include/device/../../L1/include/ops_hls_datamover.hpp:7806:9: warning: HLS pragma dump _XLX_SEP_ PragmaIsValid=1_XLX_SEP_ PragmaType=pipeline_XLX_SEP_ PragmaContext=_XLX_SEP_ PragmaFunction=axis2mem_XLX_SEP_ PragmaOptions=II=num_strm_pkts_per_beat_XLX_SEP_ [-Wdump-hls-pragmas]
#pragma HLS PIPELINE II=num_strm_pkts_per_beat
        ^
/home/x_thileeb/repos/ops-hls-batching-new/OPS/ops/hls/include/device/../../L1/include/ops_hls_datamover.hpp:7857:9: warning: HLS pragma dump _XLX_SEP_ PragmaIsValid=1_XLX_SEP_ PragmaType=stream_XLX_SEP_ PragmaContext=_XLX_SEP_ PragmaFunction=axis2memV2_XLX_SEP_ PragmaOptions=variable = mem_strm depth = max_depth_v16_XLX_SEP_ [-Wdump-hls-pragmas]
#pragma HLS STREAM variable = mem_strm depth = max_depth_v16
        ^
/home/x_thileeb/repos/ops-hls-batching-new/OPS/ops/hls/include/device/../../L1/include/ops_hls_datamover.hpp:7858:9: warning: HLS pragma dump _XLX_SEP_ PragmaIsValid=1_XLX_SEP_ PragmaType=stream_XLX_SEP_ PragmaContext=_XLX_SEP_ PragmaFunction=axis2memV2_XLX_SEP_ PragmaOptions=variable = red_mem_strm depth = max_depth_v8_XLX_SEP_ [-Wdump-hls-pragmas]
#pragma HLS STREAM variable = red_mem_strm depth = max_depth_v8
        ^
/home/x_thileeb/repos/ops-hls-batching-new/OPS/ops/hls/include/device/../../L1/include/ops_hls_datamover.hpp:7860:9: warning: HLS pragma dump _XLX_SEP_ PragmaIsValid=1_XLX_SEP_ PragmaType=dataflow_XLX_SEP_ PragmaContext=_XLX_SEP_ PragmaFunction=axis2memV2_XLX_SEP_ PragmaOptions=_XLX_SEP_ [-Wdump-hls-pragmas]
#pragma HLS DATAFLOW
        ^
/home/x_thileeb/repos/ops-hls-batching-new/OPS/ops/hls/include/device/../../L1/include/ops_hls_datamover.hpp:7915:9: warning: HLS pragma dump _XLX_SEP_ PragmaIsValid=1_XLX_SEP_ PragmaType=loop_tripcount_XLX_SEP_ PragmaContext=_XLX_SEP_ PragmaFunction=axis2mem_XLX_SEP_ PragmaOptions=avg=avg_num_of_bursts max=max_num_of_bursts_XLX_SEP_ [-Wdump-hls-pragmas]
#pragma HLS LOOP_TRIPCOUNT avg=avg_num_of_bursts max=max_num_of_bursts
        ^
/home/x_thileeb/repos/ops-hls-batching-new/OPS/ops/hls/include/device/../../L1/include/ops_hls_datamover.hpp:7919:9: warning: HLS pragma dump _XLX_SEP_ PragmaIsValid=1_XLX_SEP_ PragmaType=pipeline_XLX_SEP_ PragmaContext=_XLX_SEP_ PragmaFunction=axis2mem_XLX_SEP_ PragmaOptions=II=num_strm_pkts_per_beat_XLX_SEP_ [-Wdump-hls-pragmas]
#pragma HLS PIPELINE II=num_strm_pkts_per_beat
        ^
/home/x_thileeb/repos/ops-hls-batching-new/OPS/ops/hls/include/device/../../L1/include/ops_hls_datamover.hpp:7920:9: warning: HLS pragma dump _XLX_SEP_ PragmaIsValid=1_XLX_SEP_ PragmaType=loop_tripcount_XLX_SEP_ PragmaContext=_XLX_SEP_ PragmaFunction=axis2mem_XLX_SEP_ PragmaOptions=min=min_burst_len avg=avg_burst_len max=max_burst_len_XLX_SEP_ [-Wdump-hls-pragmas]
#pragma HLS LOOP_TRIPCOUNT min=min_burst_len avg=avg_burst_len max=max_burst_len
        ^
/home/x_thileeb/repos/ops-hls-batching-new/OPS/ops/hls/include/device/../../L1/include/ops_hls_datamover.hpp:7929:9: warning: HLS pragma dump _XLX_SEP_ PragmaIsValid=1_XLX_SEP_ PragmaType=pipeline_XLX_SEP_ PragmaContext=_XLX_SEP_ PragmaFunction=axis2mem_XLX_SEP_ PragmaOptions=II=num_strm_pkts_per_beat_XLX_SEP_ [-Wdump-hls-pragmas]
#pragma HLS PIPELINE II=num_strm_pkts_per_beat
        ^
/home/x_thileeb/repos/ops-hls-batching-new/OPS/ops/hls/include/device/../../L1/include/ops_hls_datamover.hpp:7938:9: warning: HLS pragma dump _XLX_SEP_ PragmaIsValid=1_XLX_SEP_ PragmaType=loop_tripcount_XLX_SEP_ PragmaContext=_XLX_SEP_ PragmaFunction=axis2mem_XLX_SEP_ PragmaOptions=avg=avg_num_of_bursts max=max_num_of_bursts_XLX_SEP_ [-Wdump-hls-pragmas]
#pragma HLS LOOP_TRIPCOUNT avg=avg_num_of_bursts max=max_num_of_bursts
        ^
/home/x_thileeb/repos/ops-hls-batching-new/OPS/ops/hls/include/device/../../L1/include/ops_hls_datamover.hpp:7942:9: warning: HLS pragma dump _XLX_SEP_ PragmaIsValid=1_XLX_SEP_ PragmaType=pipeline_XLX_SEP_ PragmaContext=_XLX_SEP_ PragmaFunction=axis2mem_XLX_SEP_ PragmaOptions=II=num_strm_pkts_per_beat_XLX_SEP_ [-Wdump-hls-pragmas]
#pragma HLS PIPELINE II=num_strm_pkts_per_beat
        ^
/home/x_thileeb/repos/ops-hls-batching-new/OPS/ops/hls/include/device/../../L1/include/ops_hls_datamover.hpp:7943:9: warning: HLS pragma dump _XLX_SEP_ PragmaIsValid=1_XLX_SEP_ PragmaType=loop_tripcount_XLX_SEP_ PragmaContext=_XLX_SEP_ PragmaFunction=axis2mem_XLX_SEP_ PragmaOptions=min=min_burst_len avg=avg_burst_len max=max_burst_len_XLX_SEP_ [-Wdump-hls-pragmas]
#pragma HLS LOOP_TRIPCOUNT min=min_burst_len avg=avg_burst_len max=max_burst_len
        ^
/home/x_thileeb/repos/ops-hls-batching-new/OPS/ops/hls/include/device/../../L1/include/ops_hls_datamover.hpp:7952:9: warning: HLS pragma dump _XLX_SEP_ PragmaIsValid=1_XLX_SEP_ PragmaType=pipeline_XLX_SEP_ PragmaContext=_XLX_SEP_ PragmaFunction=axis2mem_XLX_SEP_ PragmaOptions=II=num_strm_pkts_per_beat_XLX_SEP_ [-Wdump-hls-pragmas]
#pragma HLS PIPELINE II=num_strm_pkts_per_beat
        ^
/home/x_thileeb/repos/ops-hls-batching-new/OPS/ops/hls/include/device/../../L1/include/ops_hls_datamover.hpp:7996:9: warning: HLS pragma dump _XLX_SEP_ PragmaIsValid=1_XLX_SEP_ PragmaType=pipeline_XLX_SEP_ PragmaContext=_XLX_SEP_ PragmaFunction=axis2memMasked_XLX_SEP_ PragmaOptions=II=data_per_axis_pkt_XLX_SEP_ [-Wdump-hls-pragmas]
#pragma HLS PIPELINE II=data_per_axis_pkt
        ^
/home/x_thileeb/repos/ops-hls-batching-new/OPS/ops/hls/include/device/../../L1/include/ops_hls_datamover.hpp:7997:9: warning: missing argument for 'max' [-Winvalid-hls-pragmas]
#pragma HLS LOOP_TRIPCOUNT min=1 avg=8
        ^
/home/x_thileeb/repos/ops-hls-batching-new/OPS/ops/hls/include/device/../../L1/include/ops_hls_datamover.hpp:7997:9: warning: HLS pragma dump _XLX_SEP_ PragmaIsValid=0_XLX_SEP_ PragmaType=loop_tripcount_XLX_SEP_ PragmaContext=_XLX_SEP_ PragmaFunction=axis2memMasked_XLX_SEP_ PragmaOptions=min=1 avg=8_XLX_SEP_ [-Wdump-hls-pragmas]
/home/x_thileeb/repos/ops-hls-batching-new/OPS/ops/hls/include/device/../../L1/include/ops_hls_datamover.hpp:8044:9: warning: HLS pragma dump _XLX_SEP_ PragmaIsValid=1_XLX_SEP_ PragmaType=pipeline_XLX_SEP_ PragmaContext=_XLX_SEP_ PragmaFunction=axis2stream_XLX_SEP_ PragmaOptions=II=1_XLX_SEP_ [-Wdump-hls-pragmas]
#pragma HLS PIPELINE II=1
        ^
/home/x_thileeb/repos/ops-hls-batching-new/OPS/ops/hls/include/device/../../L1/include/ops_hls_datamover.hpp:8045:9: warning: HLS pragma dump _XLX_SEP_ PragmaIsValid=1_XLX_SEP_ PragmaType=loop_flatten_XLX_SEP_ PragmaContext=_XLX_SEP_ PragmaFunction=axis2stream_XLX_SEP_ PragmaOptions=_XLX_SEP_ [-Wdump-hls-pragmas]
#pragma HLS LOOP_FLATTEN
        ^
/home/x_thileeb/repos/ops-hls-batching-new/OPS/ops/hls/include/device/../../L1/include/ops_hls_datamover.hpp:8113:9: warning: HLS pragma dump _XLX_SEP_ PragmaIsValid=1_XLX_SEP_ PragmaType=array_partition_XLX_SEP_ PragmaContext=_XLX_SEP_ PragmaFunction=axis2streamMasked_XLX_SEP_ PragmaOptions=variable=cycleBuf type=complete_XLX_SEP_ [-Wdump-hls-pragmas]
#pragma HLS ARRAY_PARTITION variable=cycleBuf type=complete
        ^
/home/x_thileeb/repos/ops-hls-batching-new/OPS/ops/hls/include/device/../../L1/include/ops_hls_datamover.hpp:8141:9: warning: HLS pragma dump _XLX_SEP_ PragmaIsValid=1_XLX_SEP_ PragmaType=pipeline_XLX_SEP_ PragmaContext=_XLX_SEP_ PragmaFunction=axis2streamMasked_XLX_SEP_ PragmaOptions=II=1_XLX_SEP_ [-Wdump-hls-pragmas]
#pragma HLS PIPELINE II=1
        ^
/home/x_thileeb/repos/ops-hls-batching-new/OPS/ops/hls/include/device/../../L1/include/ops_hls_datamover.hpp:8199:9: warning: HLS pragma dump _XLX_SEP_ PragmaIsValid=1_XLX_SEP_ PragmaType=pipeline_XLX_SEP_ PragmaContext=_XLX_SEP_ PragmaFunction=axis2streamMasked_XLX_SEP_ PragmaOptions=II=1_XLX_SEP_ [-Wdump-hls-pragmas]
#pragma HLS PIPELINE II=1
        ^
/home/x_thileeb/repos/ops-hls-batching-new/OPS/ops/hls/include/device/../../L1/include/ops_hls_datamover.hpp:8268:9: warning: HLS pragma dump _XLX_SEP_ PragmaIsValid=1_XLX_SEP_ PragmaType=pipeline_XLX_SEP_ PragmaContext=_XLX_SEP_ PragmaFunction=axisLoopbackV2_XLX_SEP_ PragmaOptions=II=1_XLX_SEP_ [-Wdump-hls-pragmas]
#pragma HLS PIPELINE II=1
        ^
/home/x_thileeb/repos/ops-hls-batching-new/OPS/ops/hls/include/device/../../L1/include/ops_hls_datamover.hpp:8339:9: warning: HLS pragma dump _XLX_SEP_ PragmaIsValid=1_XLX_SEP_ PragmaType=pipeline_XLX_SEP_ PragmaContext=_XLX_SEP_ PragmaFunction=axisLoopback_XLX_SEP_ PragmaOptions=II = 1_XLX_SEP_ [-Wdump-hls-pragmas]
#pragma HLS PIPELINE II = 1
        ^
/home/x_thileeb/repos/ops-hls-batching-new/OPS/ops/hls/include/device/../../L1/include/ops_hls_datamover.hpp:8375:9: warning: HLS pragma dump _XLX_SEP_ PragmaIsValid=1_XLX_SEP_ PragmaType=pipeline_XLX_SEP_ PragmaContext=_XLX_SEP_ PragmaFunction=axisTerminate_XLX_SEP_ PragmaOptions=II=II_XLX_SEP_ [-Wdump-hls-pragmas]
#pragma HLS PIPELINE II=II
        ^
/home/x_thileeb/repos/ops-hls-batching-new/OPS/ops/hls/include/device/../../L1/include/ops_hls_datamover.hpp:8434:9: warning: HLS pragma dump _XLX_SEP_ PragmaIsValid=1_XLX_SEP_ PragmaType=pipeline_XLX_SEP_ PragmaContext=_XLX_SEP_ PragmaFunction=stream2axis_XLX_SEP_ PragmaOptions=II=1_XLX_SEP_ [-Wdump-hls-pragmas]
#pragma HLS PIPELINE II=1
        ^
/home/x_thileeb/repos/ops-hls-batching-new/OPS/ops/hls/include/device/../../L1/include/ops_hls_datamover.hpp:8503:9: warning: HLS pragma dump _XLX_SEP_ PragmaIsValid=1_XLX_SEP_ PragmaType=pipeline_XLX_SEP_ PragmaContext=_XLX_SEP_ PragmaFunction=stream2axisMasked_XLX_SEP_ PragmaOptions=II=1_XLX_SEP_ [-Wdump-hls-pragmas]
#pragma HLS PIPELINE II=1
        ^
/home/x_thileeb/repos/ops-hls-batching-new/OPS/ops/hls/include/device/../../L1/include/ops_hls_datamover.hpp:8619:9: warning: HLS pragma dump _XLX_SEP_ PragmaIsValid=1_XLX_SEP_ PragmaType=pipeline_XLX_SEP_ PragmaContext=_XLX_SEP_ PragmaFunction=stream2memMasked_XLX_SEP_ PragmaOptions=II=data_per_strm_pkt_XLX_SEP_ [-Wdump-hls-pragmas]
#pragma HLS PIPELINE II=data_per_strm_pkt
        ^
/home/x_thileeb/repos/ops-hls-batching-new/OPS/ops/hls/include/device/../../L1/include/ops_hls_datamover.hpp:8620:9: warning: missing argument for 'max' [-Winvalid-hls-pragmas]
#pragma HLS LOOP_TRIPCOUNT min=1 avg=8
        ^
/home/x_thileeb/repos/ops-hls-batching-new/OPS/ops/hls/include/device/../../L1/include/ops_hls_datamover.hpp:8620:9: warning: HLS pragma dump _XLX_SEP_ PragmaIsValid=0_XLX_SEP_ PragmaType=loop_tripcount_XLX_SEP_ PragmaContext=_XLX_SEP_ PragmaFunction=stream2memMasked_XLX_SEP_ PragmaOptions=min=1 avg=8_XLX_SEP_ [-Wdump-hls-pragmas]
/home/x_thileeb/repos/ops-hls-batching-new/OPS/ops/hls/include/device/../../L1/include/ops_hls_datamover.hpp:8725:80: warning: logical not is only applied to the left hand side of this comparison [-Wlogical-not-parentheses]
 bool isContinous = (grid_xblocks == num_xblocks and (diff_y == gridSize[1] or not range.dim == 3)) or range.dim == 1;
                                                                               ^             ~~
/home/x_thileeb/repos/ops-hls-batching-new/OPS/ops/hls/include/device/../../L1/include/ops_hls_datamover.hpp:8725:80: note: add parentheses after the '!' to evaluate the comparison first
 bool isContinous = (grid_xblocks == num_xblocks and (diff_y == gridSize[1] or not range.dim == 3)) or range.dim == 1;
                                                                               ^
                                                                                   (             )
/home/x_thileeb/repos/ops-hls-batching-new/OPS/ops/hls/include/device/../../L1/include/ops_hls_datamover.hpp:8725:80: note: add parentheses around left hand side expression to silence this warning
 bool isContinous = (grid_xblocks == num_xblocks and (diff_y == gridSize[1] or not range.dim == 3)) or range.dim == 1;
                                                                               ^
                                                                               (            )
/home/x_thileeb/repos/ops-hls-batching-new/OPS/ops/hls/include/device/../../L1/include/ops_hls_datamover.hpp:8844:9: warning: HLS pragma dump _XLX_SEP_ PragmaIsValid=1_XLX_SEP_ PragmaType=pipeline_XLX_SEP_ PragmaContext=_XLX_SEP_ PragmaFunction=memWriteGrid_XLX_SEP_ PragmaOptions=II=1_XLX_SEP_ [-Wdump-hls-pragmas]
#pragma HLS PIPELINE II=1
        ^
/home/x_thileeb/repos/ops-hls-batching-new/OPS/ops/hls/include/device/../../L1/include/ops_hls_datamover.hpp:8923:9: warning: HLS pragma dump _XLX_SEP_ PragmaIsValid=1_XLX_SEP_ PragmaType=pipeline_XLX_SEP_ PragmaContext=_XLX_SEP_ PragmaFunction=memWriteGridSimple_XLX_SEP_ PragmaOptions=II = 1_XLX_SEP_ [-Wdump-hls-pragmas]
#pragma HLS PIPELINE II = 1
        ^
/home/x_thileeb/repos/ops-hls-batching-new/OPS/ops/hls/include/device/../../L1/include/ops_hls_datamover.hpp:8996:80: warning: logical not is only applied to the left hand side of this comparison [-Wlogical-not-parentheses]
 bool isContinous = (grid_xblocks == num_xblocks and (diff_y == gridSize[1] or not range.dim == 3)) or range.dim==1;
                                                                               ^             ~~
/home/x_thileeb/repos/ops-hls-batching-new/OPS/ops/hls/include/device/../../L1/include/ops_hls_datamover.hpp:8996:80: note: add parentheses after the '!' to evaluate the comparison first
 bool isContinous = (grid_xblocks == num_xblocks and (diff_y == gridSize[1] or not range.dim == 3)) or range.dim==1;
                                                                               ^
                                                                                   (             )
/home/x_thileeb/repos/ops-hls-batching-new/OPS/ops/hls/include/device/../../L1/include/ops_hls_datamover.hpp:8996:80: note: add parentheses around left hand side expression to silence this warning
 bool isContinous = (grid_xblocks == num_xblocks and (diff_y == gridSize[1] or not range.dim == 3)) or range.dim==1;
                                                                               ^
                                                                               (            )
In file included from /home/x_thileeb/repos/ops-hls-batching-new/codegen_apps/tiling/poisson2d/u280_project/maxtile_8192_align_interleave_p7/hls/device/src/kernel_outerloop_0_2.cpp:2:
In file included from /home/x_thileeb/repos/ops-hls-batching-new/OPS/ops/hls/include/device/ops_hls_kernel_support.h:17:
In file included from /home/x_thileeb/repos/ops-hls-batching-new/OPS/ops/hls/include/device/../../L1/include/xf_datamover.hpp:65:
/tools/Xilinx/Vitis_HLS/2022.2/common/technology/autopilot/hls_burst_maxi.h:24:9: warning: HLS pragma dump _XLX_SEP_ PragmaIsValid=1_XLX_SEP_ PragmaType=inline_XLX_SEP_ PragmaContext=_XLX_SEP_ PragmaFunction=burst_maxi<T>_XLX_SEP_ PragmaOptions=_XLX_SEP_ [-Wdump-hls-pragmas]
#pragma HLS inline
        ^
/tools/Xilinx/Vitis_HLS/2022.2/common/technology/autopilot/hls_burst_maxi.h:28:9: warning: HLS pragma dump _XLX_SEP_ PragmaIsValid=1_XLX_SEP_ PragmaType=inline_XLX_SEP_ PragmaContext=_XLX_SEP_ PragmaFunction=read_request_XLX_SEP_ PragmaOptions=_XLX_SEP_ [-Wdump-hls-pragmas]
#pragma HLS inline
        ^
/tools/Xilinx/Vitis_HLS/2022.2/common/technology/autopilot/hls_burst_maxi.h:33:9: warning: HLS pragma dump _XLX_SEP_ PragmaIsValid=1_XLX_SEP_ PragmaType=inline_XLX_SEP_ PragmaContext=_XLX_SEP_ PragmaFunction=read_XLX_SEP_ PragmaOptions=_XLX_SEP_ [-Wdump-hls-pragmas]
#pragma HLS inline
        ^
/tools/Xilinx/Vitis_HLS/2022.2/common/technology/autopilot/hls_burst_maxi.h:40:9: warning: HLS pragma dump _XLX_SEP_ PragmaIsValid=1_XLX_SEP_ PragmaType=inline_XLX_SEP_ PragmaContext=_XLX_SEP_ PragmaFunction=write_request_XLX_SEP_ PragmaOptions=_XLX_SEP_ [-Wdump-hls-pragmas]
#pragma HLS inline
        ^
/tools/Xilinx/Vitis_HLS/2022.2/common/technology/autopilot/hls_burst_maxi.h:45:9: warning: HLS pragma dump _XLX_SEP_ PragmaIsValid=1_XLX_SEP_ PragmaType=inline_XLX_SEP_ PragmaContext=_XLX_SEP_ PragmaFunction=write_XLX_SEP_ PragmaOptions=_XLX_SEP_ [-Wdump-hls-pragmas]
#pragma HLS inline
        ^
/tools/Xilinx/Vitis_HLS/2022.2/common/technology/autopilot/hls_burst_maxi.h:50:9: warning: HLS pragma dump _XLX_SEP_ PragmaIsValid=1_XLX_SEP_ PragmaType=inline_XLX_SEP_ PragmaContext=_XLX_SEP_ PragmaFunction=write_response_XLX_SEP_ PragmaOptions=_XLX_SEP_ [-Wdump-hls-pragmas]
#pragma HLS inline
        ^
In file included from /home/x_thileeb/repos/ops-hls-batching-new/codegen_apps/tiling/poisson2d/u280_project/maxtile_8192_align_interleave_p7/hls/device/src/kernel_outerloop_0_2.cpp:2:
In file included from /home/x_thileeb/repos/ops-hls-batching-new/OPS/ops/hls/include/device/ops_hls_kernel_support.h:17:
/home/x_thileeb/repos/ops-hls-batching-new/OPS/ops/hls/include/device/../../L1/include/xf_datamover.hpp:132:9: warning: HLS pragma dump _XLX_SEP_ PragmaIsValid=1_XLX_SEP_ PragmaType=pipeline_XLX_SEP_ PragmaContext=_XLX_SEP_ PragmaFunction=manualBurstWrite_XLX_SEP_ PragmaOptions=II = II_XLX_SEP_ [-Wdump-hls-pragmas]
#pragma HLS pipeline II = II
        ^
/home/x_thileeb/repos/ops-hls-batching-new/OPS/ops/hls/include/device/../../L1/include/xf_datamover.hpp:152:9: warning: HLS pragma dump _XLX_SEP_ PragmaIsValid=1_XLX_SEP_ PragmaType=pipeline_XLX_SEP_ PragmaContext=_XLX_SEP_ PragmaFunction=manualBurstWrite_XLX_SEP_ PragmaOptions=II = II_XLX_SEP_ [-Wdump-hls-pragmas]
#pragma HLS pipeline II = II
        ^
/home/x_thileeb/repos/ops-hls-batching-new/OPS/ops/hls/include/device/../../L1/include/xf_datamover.hpp:254:9: warning: HLS pragma dump _XLX_SEP_ PragmaIsValid=1_XLX_SEP_ PragmaType=pipeline_XLX_SEP_ PragmaContext=_XLX_SEP_ PragmaFunction=manualBurstRead_XLX_SEP_ PragmaOptions=II = II_XLX_SEP_ [-Wdump-hls-pragmas]
#pragma HLS pipeline II = II
        ^
/home/x_thileeb/repos/ops-hls-batching-new/OPS/ops/hls/include/device/../../L1/include/xf_datamover.hpp:291:9: warning: HLS pragma dump _XLX_SEP_ PragmaIsValid=1_XLX_SEP_ PragmaType=pipeline_XLX_SEP_ PragmaContext=_XLX_SEP_ PragmaFunction=manualBurstRead_XLX_SEP_ PragmaOptions=II = II_XLX_SEP_ [-Wdump-hls-pragmas]
#pragma HLS pipeline II = II
        ^
/home/x_thileeb/repos/ops-hls-batching-new/OPS/ops/hls/include/device/../../L1/include/xf_datamover.hpp:356:9: warning: HLS pragma dump _XLX_SEP_ PragmaIsValid=1_XLX_SEP_ PragmaType=pipeline_XLX_SEP_ PragmaContext=_XLX_SEP_ PragmaFunction=configParser3DTiled_XLX_SEP_ PragmaOptions=II = 1_XLX_SEP_ [-Wdump-hls-pragmas]
#pragma HLS pipeline II = 1
        ^
/home/x_thileeb/repos/ops-hls-batching-new/OPS/ops/hls/include/device/../../L1/include/xf_datamover.hpp:451:9: warning: HLS pragma dump _XLX_SEP_ PragmaIsValid=1_XLX_SEP_ PragmaType=dataflow_XLX_SEP_ PragmaContext=_XLX_SEP_ PragmaFunction=read3DTiled_XLX_SEP_ PragmaOptions=_XLX_SEP_ [-Wdump-hls-pragmas]
#pragma HLS DATAFLOW
        ^
/home/x_thileeb/repos/ops-hls-batching-new/OPS/ops/hls/include/device/../../L1/include/xf_datamover.hpp:453:9: warning: HLS pragma dump _XLX_SEP_ PragmaIsValid=1_XLX_SEP_ PragmaType=stream_XLX_SEP_ PragmaContext=_XLX_SEP_ PragmaFunction=read3DTiled_XLX_SEP_ PragmaOptions=variable = r_offset depth = OUTSTANDING_XLX_SEP_ [-Wdump-hls-pragmas]
#pragma HLS stream variable = r_offset depth = OUTSTANDING
        ^
/home/x_thileeb/repos/ops-hls-batching-new/OPS/ops/hls/include/device/../../L1/include/xf_datamover.hpp:455:9: warning: HLS pragma dump _XLX_SEP_ PragmaIsValid=1_XLX_SEP_ PragmaType=stream_XLX_SEP_ PragmaContext=_XLX_SEP_ PragmaFunction=read3DTiled_XLX_SEP_ PragmaOptions=variable = r_burst depth = OUTSTANDING_XLX_SEP_ [-Wdump-hls-pragmas]
#pragma HLS stream variable = r_burst depth = OUTSTANDING
        ^
/home/x_thileeb/repos/ops-hls-batching-new/OPS/ops/hls/include/device/../../L1/include/xf_datamover.hpp:457:9: warning: HLS pragma dump _XLX_SEP_ PragmaIsValid=1_XLX_SEP_ PragmaType=stream_XLX_SEP_ PragmaContext=_XLX_SEP_ PragmaFunction=read3DTiled_XLX_SEP_ PragmaOptions=variable = e_r depth = OUTSTANDING_XLX_SEP_ [-Wdump-hls-pragmas]
#pragma HLS stream variable = e_r depth = OUTSTANDING
        ^
/home/x_thileeb/repos/ops-hls-batching-new/OPS/ops/hls/include/device/../../L1/include/xf_datamover.hpp:495:9: warning: HLS pragma dump _XLX_SEP_ PragmaIsValid=1_XLX_SEP_ PragmaType=dataflow_XLX_SEP_ PragmaContext=_XLX_SEP_ PragmaFunction=write3DTiled_XLX_SEP_ PragmaOptions=_XLX_SEP_ [-Wdump-hls-pragmas]
#pragma HLS DATAFLOW
        ^
/home/x_thileeb/repos/ops-hls-batching-new/OPS/ops/hls/include/device/../../L1/include/xf_datamover.hpp:497:9: warning: HLS pragma dump _XLX_SEP_ PragmaIsValid=1_XLX_SEP_ PragmaType=stream_XLX_SEP_ PragmaContext=_XLX_SEP_ PragmaFunction=write3DTiled_XLX_SEP_ PragmaOptions=variable = r_offset depth = OUTSTANDING_XLX_SEP_ [-Wdump-hls-pragmas]
#pragma HLS stream variable = r_offset depth = OUTSTANDING
        ^
/home/x_thileeb/repos/ops-hls-batching-new/OPS/ops/hls/include/device/../../L1/include/xf_datamover.hpp:499:9: warning: HLS pragma dump _XLX_SEP_ PragmaIsValid=1_XLX_SEP_ PragmaType=stream_XLX_SEP_ PragmaContext=_XLX_SEP_ PragmaFunction=write3DTiled_XLX_SEP_ PragmaOptions=variable = r_burst depth = OUTSTANDING_XLX_SEP_ [-Wdump-hls-pragmas]
#pragma HLS stream variable = r_burst depth = OUTSTANDING
        ^
/home/x_thileeb/repos/ops-hls-batching-new/OPS/ops/hls/include/device/../../L1/include/xf_datamover.hpp:501:9: warning: HLS pragma dump _XLX_SEP_ PragmaIsValid=1_XLX_SEP_ PragmaType=stream_XLX_SEP_ PragmaContext=_XLX_SEP_ PragmaFunction=write3DTiled_XLX_SEP_ PragmaOptions=variable = e_r depth = OUTSTANDING_XLX_SEP_ [-Wdump-hls-pragmas]
#pragma HLS stream variable = e_r depth = OUTSTANDING
        ^
/home/x_thileeb/repos/ops-hls-batching-new/OPS/ops/hls/include/device/../../L1/include/xf_datamover.hpp:553:9: warning: HLS pragma dump _XLX_SEP_ PragmaIsValid=1_XLX_SEP_ PragmaType=stream_XLX_SEP_ PragmaContext=_XLX_SEP_ PragmaFunction=tiledMem2stream3D_XLX_SEP_ PragmaOptions=variable = command depth = OUTSTANDING_READ_XLX_SEP_ [-Wdump-hls-pragmas]
#pragma HLS stream variable = command depth = OUTSTANDING_READ
        ^
/home/x_thileeb/repos/ops-hls-batching-new/OPS/ops/hls/include/device/../../L1/include/xf_datamover.hpp:620:9: warning: HLS pragma dump _XLX_SEP_ PragmaIsValid=1_XLX_SEP_ PragmaType=stream_XLX_SEP_ PragmaContext=_XLX_SEP_ PragmaFunction=tiledStream2mem3D_XLX_SEP_ PragmaOptions=variable = command depth = OUTSTANDING_READ_XLX_SEP_ [-Wdump-hls-pragmas]
#pragma HLS stream variable = command depth = OUTSTANDING_READ
        ^
In file included from /home/x_thileeb/repos/ops-hls-batching-new/codegen_apps/tiling/poisson2d/u280_project/maxtile_8192_align_interleave_p7/hls/device/src/kernel_outerloop_0_2.cpp:2:
In file included from /home/x_thileeb/repos/ops-hls-batching-new/OPS/ops/hls/include/device/ops_hls_kernel_support.h:18:
/home/x_thileeb/repos/ops-hls-batching-new/OPS/ops/hls/include/device/../../L1/include/ops_hls_stencil_core_v2.hpp:265:173: warning: unused parameter 'is_small_tile' [-Wunused-parameter]
static StencilConfigCoreSingleTile stencilConfigCoreSingleTileGen3D(const StencilConfigCoreTiled& srcConfig, const unsigned short tile_x, const unsigned short tile_y, bool is_small_tile = false)
                                                                                                                                                                            ^
In file included from /home/x_thileeb/repos/ops-hls-batching-new/codegen_apps/tiling/poisson2d/u280_project/maxtile_8192_align_interleave_p7/hls/device/src/kernel_outerloop_0_2.cpp:3:
In file included from /home/x_thileeb/repos/ops-hls-batching-new/codegen_apps/tiling/poisson2d/u280_project/maxtile_8192_align_interleave_p7/hls/device/include/kernel_outerloop_0_2.hpp:3:
/home/x_thileeb/repos/ops-hls-batching-new/codegen_apps/tiling/poisson2d/u280_project/maxtile_8192_align_interleave_p7/hls/device/include/PE_poisson_kernel_stencil.hpp:99:9: warning: HLS pragma dump _XLX_SEP_ PragmaIsValid=1_XLX_SEP_ PragmaType=array_partition_XLX_SEP_ PragmaContext=_XLX_SEP_ PragmaFunction=stencilRun_XLX_SEP_ PragmaOptions=variable = stencilConfig.tile_size dim = 1 complete_XLX_SEP_ [-Wdump-hls-pragmas]
#pragma HLS ARRAY_PARTITION variable = stencilConfig.tile_size dim = 1 complete
        ^
/home/x_thileeb/repos/ops-hls-batching-new/codegen_apps/tiling/poisson2d/u280_project/maxtile_8192_align_interleave_p7/hls/device/include/PE_poisson_kernel_stencil.hpp:101:9: warning: HLS pragma dump _XLX_SEP_ PragmaIsValid=1_XLX_SEP_ PragmaType=array_partition_XLX_SEP_ PragmaContext=_XLX_SEP_ PragmaFunction=stencilRun_XLX_SEP_ PragmaOptions=variable = stencilConfig.is_first dim = 1 complete_XLX_SEP_ [-Wdump-hls-pragmas]
#pragma HLS ARRAY_PARTITION variable = stencilConfig.is_first dim = 1 complete
        ^
/home/x_thileeb/repos/ops-hls-batching-new/codegen_apps/tiling/poisson2d/u280_project/maxtile_8192_align_interleave_p7/hls/device/include/PE_poisson_kernel_stencil.hpp:102:9: warning: HLS pragma dump _XLX_SEP_ PragmaIsValid=1_XLX_SEP_ PragmaType=array_partition_XLX_SEP_ PragmaContext=_XLX_SEP_ PragmaFunction=stencilRun_XLX_SEP_ PragmaOptions=variable = stencilConfig.is_last dim = 1 complete_XLX_SEP_ [-Wdump-hls-pragmas]
#pragma HLS ARRAY_PARTITION variable = stencilConfig.is_last dim = 1 complete
        ^
/home/x_thileeb/repos/ops-hls-batching-new/codegen_apps/tiling/poisson2d/u280_project/maxtile_8192_align_interleave_p7/hls/device/include/PE_poisson_kernel_stencil.hpp:190:9: warning: HLS pragma dump _XLX_SEP_ PragmaIsValid=1_XLX_SEP_ PragmaType=array_partition_XLX_SEP_ PragmaContext=_XLX_SEP_ PragmaFunction=stencilRun_XLX_SEP_ PragmaOptions=variable = arg0_widenStencilValues dim = 1 complete_XLX_SEP_ [-Wdump-hls-pragmas]
#pragma HLS ARRAY_PARTITION variable = arg0_widenStencilValues dim = 1 complete
        ^
/home/x_thileeb/repos/ops-hls-batching-new/codegen_apps/tiling/poisson2d/u280_project/maxtile_8192_align_interleave_p7/hls/device/include/PE_poisson_kernel_stencil.hpp:207:9: warning: HLS pragma dump _XLX_SEP_ PragmaIsValid=1_XLX_SEP_ PragmaType=bind_storage_XLX_SEP_ PragmaContext=_XLX_SEP_ PragmaFunction=stencilRun_XLX_SEP_ PragmaOptions=variable = arg0_buf_r0_1_p0 type=ram_s2p impl=URAM latency=2_XLX_SEP_ [-Wdump-hls-pragmas]
#pragma HLS BIND_STORAGE variable = arg0_buf_r0_1_p0 type=ram_s2p impl=URAM latency=2
        ^
/home/x_thileeb/repos/ops-hls-batching-new/codegen_apps/tiling/poisson2d/u280_project/maxtile_8192_align_interleave_p7/hls/device/include/PE_poisson_kernel_stencil.hpp:212:9: warning: HLS pragma dump _XLX_SEP_ PragmaIsValid=1_XLX_SEP_ PragmaType=bind_storage_XLX_SEP_ PragmaContext=_XLX_SEP_ PragmaFunction=stencilRun_XLX_SEP_ PragmaOptions=variable = arg0_buf_r1_2_p0 type=ram_s2p impl=BRAM latency=2_XLX_SEP_ [-Wdump-hls-pragmas]
#pragma HLS BIND_STORAGE variable = arg0_buf_r1_2_p0 type=ram_s2p impl=BRAM latency=2
        ^
/home/x_thileeb/repos/ops-hls-batching-new/codegen_apps/tiling/poisson2d/u280_project/maxtile_8192_align_interleave_p7/hls/device/include/PE_poisson_kernel_stencil.hpp:217:9: warning: HLS pragma dump _XLX_SEP_ PragmaIsValid=1_XLX_SEP_ PragmaType=array_partition_XLX_SEP_ PragmaContext=_XLX_SEP_ PragmaFunction=stencilRun_XLX_SEP_ PragmaOptions=variable = arg0_rowArr_0_0 dim=1 complete_XLX_SEP_ [-Wdump-hls-pragmas]
#pragma HLS ARRAY_PARTITION variable = arg0_rowArr_0_0 dim=1 complete
        ^
/home/x_thileeb/repos/ops-hls-batching-new/codegen_apps/tiling/poisson2d/u280_project/maxtile_8192_align_interleave_p7/hls/device/include/PE_poisson_kernel_stencil.hpp:219:9: warning: HLS pragma dump _XLX_SEP_ PragmaIsValid=1_XLX_SEP_ PragmaType=array_partition_XLX_SEP_ PragmaContext=_XLX_SEP_ PragmaFunction=stencilRun_XLX_SEP_ PragmaOptions=variable = arg0_rowArr_1_0 dim=1 complete_XLX_SEP_ [-Wdump-hls-pragmas]
#pragma HLS ARRAY_PARTITION variable = arg0_rowArr_1_0 dim=1 complete
        ^
/home/x_thileeb/repos/ops-hls-batching-new/codegen_apps/tiling/poisson2d/u280_project/maxtile_8192_align_interleave_p7/hls/device/include/PE_poisson_kernel_stencil.hpp:221:9: warning: HLS pragma dump _XLX_SEP_ PragmaIsValid=1_XLX_SEP_ PragmaType=array_partition_XLX_SEP_ PragmaContext=_XLX_SEP_ PragmaFunction=stencilRun_XLX_SEP_ PragmaOptions=variable = arg0_rowArr_2_0 dim=1 complete_XLX_SEP_ [-Wdump-hls-pragmas]
#pragma HLS ARRAY_PARTITION variable = arg0_rowArr_2_0 dim=1 complete
        ^
/home/x_thileeb/repos/ops-hls-batching-new/codegen_apps/tiling/poisson2d/u280_project/maxtile_8192_align_interleave_p7/hls/device/include/PE_poisson_kernel_stencil.hpp:241:9: warning: HLS pragma dump _XLX_SEP_ PragmaIsValid=1_XLX_SEP_ PragmaType=pipeline_XLX_SEP_ PragmaContext=_XLX_SEP_ PragmaFunction=stencilRun_XLX_SEP_ PragmaOptions=II=1_XLX_SEP_ [-Wdump-hls-pragmas]
#pragma HLS PIPELINE II=1
        ^
/home/x_thileeb/repos/ops-hls-batching-new/codegen_apps/tiling/poisson2d/u280_project/maxtile_8192_align_interleave_p7/hls/device/include/PE_poisson_kernel_stencil.hpp:359:9: warning: HLS pragma dump _XLX_SEP_ PragmaIsValid=1_XLX_SEP_ PragmaType=unroll_XLX_SEP_ PragmaContext=_XLX_SEP_ PragmaFunction=stencilRun_XLX_SEP_ PragmaOptions=factor=subtile_full_vector_factor_XLX_SEP_ [-Wdump-hls-pragmas]
#pragma HLS UNROLL factor=subtile_full_vector_factor
        ^
/home/x_thileeb/repos/ops-hls-batching-new/codegen_apps/tiling/poisson2d/u280_project/maxtile_8192_align_interleave_p7/hls/device/include/PE_poisson_kernel_stencil.hpp:386:9: warning: HLS pragma dump _XLX_SEP_ PragmaIsValid=1_XLX_SEP_ PragmaType=unroll_XLX_SEP_ PragmaContext=_XLX_SEP_ PragmaFunction=stencilRun_XLX_SEP_ PragmaOptions=factor=subtile_vector_factor_XLX_SEP_ [-Wdump-hls-pragmas]
#pragma HLS UNROLL factor=subtile_vector_factor
        ^
/home/x_thileeb/repos/ops-hls-batching-new/codegen_apps/tiling/poisson2d/u280_project/maxtile_8192_align_interleave_p7/hls/device/src/kernel_outerloop_0_2.cpp:93:9: warning: HLS pragma dump _XLX_SEP_ PragmaIsValid=1_XLX_SEP_ PragmaType=dataflow_XLX_SEP_ PragmaContext=_XLX_SEP_ PragmaFunction=kernel_outerloop_0_dataflow_region_XLX_SEP_ PragmaOptions=_XLX_SEP_ [-Wdump-hls-pragmas]
#pragma HLS DATAFLOW
        ^
/home/x_thileeb/repos/ops-hls-batching-new/codegen_apps/tiling/poisson2d/u280_project/maxtile_8192_align_interleave_p7/hls/device/src/kernel_outerloop_0_2.cpp:95:9: warning: HLS pragma dump _XLX_SEP_ PragmaIsValid=1_XLX_SEP_ PragmaType=array_partition_XLX_SEP_ PragmaContext=_XLX_SEP_ PragmaFunction=kernel_outerloop_0_dataflow_region_XLX_SEP_ PragmaOptions=variable = arg0_arg1_streams complete_XLX_SEP_ [-Wdump-hls-pragmas]
#pragma HLS ARRAY_PARTITION variable = arg0_arg1_streams complete
        ^
/home/x_thileeb/repos/ops-hls-batching-new/codegen_apps/tiling/poisson2d/u280_project/maxtile_8192_align_interleave_p7/hls/device/src/kernel_outerloop_0_2.cpp:97:9: warning: HLS pragma dump _XLX_SEP_ PragmaIsValid=1_XLX_SEP_ PragmaType=stream_XLX_SEP_ PragmaContext=_XLX_SEP_ PragmaFunction=kernel_outerloop_0_dataflow_region_XLX_SEP_ PragmaOptions=variable = arg0_arg1_streams depth = 10_XLX_SEP_ [-Wdump-hls-pragmas]
#pragma HLS STREAM variable = arg0_arg1_streams depth = 10
        ^
/home/x_thileeb/repos/ops-hls-batching-new/codegen_apps/tiling/poisson2d/u280_project/maxtile_8192_align_interleave_p7/hls/device/src/kernel_outerloop_0_2.cpp:100:9: warning: HLS pragma dump _XLX_SEP_ PragmaIsValid=1_XLX_SEP_ PragmaType=stream_XLX_SEP_ PragmaContext=_XLX_SEP_ PragmaFunction=kernel_outerloop_0_dataflow_region_XLX_SEP_ PragmaOptions=variable = node2_1_to_node3_0_XLX_SEP_ [-Wdump-hls-pragmas]
#pragma HLS STREAM variable = node2_1_to_node3_0
        ^
/home/x_thileeb/repos/ops-hls-batching-new/codegen_apps/tiling/poisson2d/u280_project/maxtile_8192_align_interleave_p7/hls/device/src/kernel_outerloop_0_2.cpp:101:9: warning: HLS pragma dump _XLX_SEP_ PragmaIsValid=1_XLX_SEP_ PragmaType=array_partition_XLX_SEP_ PragmaContext=_XLX_SEP_ PragmaFunction=kernel_outerloop_0_dataflow_region_XLX_SEP_ PragmaOptions=variable = node2_1_to_node3_0_XLX_SEP_ [-Wdump-hls-pragmas]
#pragma HLS ARRAY_PARTITION variable = node2_1_to_node3_0
        ^
/home/x_thileeb/repos/ops-hls-batching-new/codegen_apps/tiling/poisson2d/u280_project/maxtile_8192_align_interleave_p7/hls/device/src/kernel_outerloop_0_2.cpp:103:9: warning: HLS pragma dump _XLX_SEP_ PragmaIsValid=1_XLX_SEP_ PragmaType=stream_XLX_SEP_ PragmaContext=_XLX_SEP_ PragmaFunction=kernel_outerloop_0_dataflow_region_XLX_SEP_ PragmaOptions=variable = arg0_poisson_kernel_stencil_in_subtile_stream_XLX_SEP_ [-Wdump-hls-pragmas]
#pragma HLS STREAM variable = arg0_poisson_kernel_stencil_in_subtile_stream
        ^
/home/x_thileeb/repos/ops-hls-batching-new/codegen_apps/tiling/poisson2d/u280_project/maxtile_8192_align_interleave_p7/hls/device/src/kernel_outerloop_0_2.cpp:104:9: warning: HLS pragma dump _XLX_SEP_ PragmaIsValid=1_XLX_SEP_ PragmaType=array_partition_XLX_SEP_ PragmaContext=_XLX_SEP_ PragmaFunction=kernel_outerloop_0_dataflow_region_XLX_SEP_ PragmaOptions=variable = arg0_poisson_kernel_stencil_in_subtile_stream_XLX_SEP_ [-Wdump-hls-pragmas]
#pragma HLS ARRAY_PARTITION variable = arg0_poisson_kernel_stencil_in_subtile_stream
        ^
/home/x_thileeb/repos/ops-hls-batching-new/codegen_apps/tiling/poisson2d/u280_project/maxtile_8192_align_interleave_p7/hls/device/src/kernel_outerloop_0_2.cpp:107:9: warning: HLS pragma dump _XLX_SEP_ PragmaIsValid=1_XLX_SEP_ PragmaType=stream_XLX_SEP_ PragmaContext=_XLX_SEP_ PragmaFunction=kernel_outerloop_0_dataflow_region_XLX_SEP_ PragmaOptions=variable = arg1_poisson_kernel_stencil_out_subtile_stream_XLX_SEP_ [-Wdump-hls-pragmas]
#pragma HLS STREAM variable = arg1_poisson_kernel_stencil_out_subtile_stream
        ^
/home/x_thileeb/repos/ops-hls-batching-new/codegen_apps/tiling/poisson2d/u280_project/maxtile_8192_align_interleave_p7/hls/device/src/kernel_outerloop_0_2.cpp:108:9: warning: HLS pragma dump _XLX_SEP_ PragmaIsValid=1_XLX_SEP_ PragmaType=array_partition_XLX_SEP_ PragmaContext=_XLX_SEP_ PragmaFunction=kernel_outerloop_0_dataflow_region_XLX_SEP_ PragmaOptions=variable = arg1_poisson_kernel_stencil_out_subtile_stream_XLX_SEP_ [-Wdump-hls-pragmas]
#pragma HLS ARRAY_PARTITION variable = arg1_poisson_kernel_stencil_out_subtile_stream
        ^
/home/x_thileeb/repos/ops-hls-batching-new/codegen_apps/tiling/poisson2d/u280_project/maxtile_8192_align_interleave_p7/hls/device/src/kernel_outerloop_0_2.cpp:124:23: warning: 'stream2interleave<256, 32, 8, 1>' is deprecated [-Wdeprecated-declarations]
            ops::hls::stream2interleave<axis_data_width, 32, 8, 1>(arg0_arg1_streams[0], arg0_poisson_kernel_stencil_in_subtile_stream[0], num_pkts);
                      ^
/home/x_thileeb/repos/ops-hls-batching-new/OPS/ops/hls/include/device/../../L1/include/ops_hls_datamover.hpp:1431:16: note: 'stream2interleave<256, 32, 8, 1>' has been explicitly marked deprecated here
__attribute__((deprecated)) void stream2interleave(::hls::stream<ap_uint<MEM_DATA_WIDTH>> in_stream[NUM_STREAMS], ::hls::stream<ap_uint<MEM_DATA_WIDTH+DATA_WIDTH*OVERLAP_SIZE>> out_stream[NUM_STREAMS], const unsigned int num_pkts)
               ^
/home/x_thileeb/repos/ops-hls-batching-new/codegen_apps/tiling/poisson2d/u280_project/maxtile_8192_align_interleave_p7/hls/device/src/kernel_outerloop_0_2.cpp:162:23: warning: 'updateInterleaveBoundaries<256, 32, 8, 1>' is deprecated [-Wdeprecated-declarations]
            ops::hls::updateInterleaveBoundaries<axis_data_width, 32, 8, 1>(arg1_poisson_kernel_stencil_out_subtile_stream[0], arg0_poisson_kernel_stencil_in_subtile_stream[1], num_pkts);
                      ^
/home/x_thileeb/repos/ops-hls-batching-new/OPS/ops/hls/include/device/../../L1/include/ops_hls_datamover.hpp:1669:16: note: 'updateInterleaveBoundaries<256, 32, 8, 1>' has been explicitly marked deprecated here
__attribute__((deprecated)) void updateInterleaveBoundaries(::hls::stream<ap_uint<MEM_DATA_WIDTH+DATA_WIDTH*OVERLAP_SIZE>> in_stream[NUM_STREAMS], ::hls::stream<ap_uint<MEM_DATA_WIDTH+DATA_WIDTH*OVERLAP_SIZE>> out_stream[NUM_STREAMS], const unsigned int num_pkts)
               ^
/home/x_thileeb/repos/ops-hls-batching-new/codegen_apps/tiling/poisson2d/u280_project/maxtile_8192_align_interleave_p7/hls/device/src/kernel_outerloop_0_2.cpp:200:23: warning: 'updateInterleaveBoundaries<256, 32, 8, 1>' is deprecated [-Wdeprecated-declarations]
            ops::hls::updateInterleaveBoundaries<axis_data_width, 32, 8, 1>(arg1_poisson_kernel_stencil_out_subtile_stream[1], arg0_poisson_kernel_stencil_in_subtile_stream[2], num_pkts);
                      ^
/home/x_thileeb/repos/ops-hls-batching-new/OPS/ops/hls/include/device/../../L1/include/ops_hls_datamover.hpp:1669:16: note: 'updateInterleaveBoundaries<256, 32, 8, 1>' has been explicitly marked deprecated here
__attribute__((deprecated)) void updateInterleaveBoundaries(::hls::stream<ap_uint<MEM_DATA_WIDTH+DATA_WIDTH*OVERLAP_SIZE>> in_stream[NUM_STREAMS], ::hls::stream<ap_uint<MEM_DATA_WIDTH+DATA_WIDTH*OVERLAP_SIZE>> out_stream[NUM_STREAMS], const unsigned int num_pkts)
               ^
/home/x_thileeb/repos/ops-hls-batching-new/codegen_apps/tiling/poisson2d/u280_project/maxtile_8192_align_interleave_p7/hls/device/src/kernel_outerloop_0_2.cpp:237:15: warning: 'interleave2stream<256, 32, 8, 1>' is deprecated [-Wdeprecated-declarations]
    ops::hls::interleave2stream<axis_data_width, 32, 8, 1>(arg1_poisson_kernel_stencil_out_subtile_stream[2], arg0_arg1_streams[1], num_pkts);
              ^
/home/x_thileeb/repos/ops-hls-batching-new/OPS/ops/hls/include/device/../../L1/include/ops_hls_datamover.hpp:1572:16: note: 'interleave2stream<256, 32, 8, 1>' has been explicitly marked deprecated here
__attribute__((deprecated)) void interleave2stream(::hls::stream<ap_uint<MEM_DATA_WIDTH+DATA_WIDTH*OVERLAP_SIZE>> in_stream[NUM_STREAMS], ::hls::stream<ap_uint<MEM_DATA_WIDTH>> out_stream[NUM_STREAMS], const unsigned int num_pkts)
               ^
/home/x_thileeb/repos/ops-hls-batching-new/codegen_apps/tiling/poisson2d/u280_project/maxtile_8192_align_interleave_p7/hls/device/src/kernel_outerloop_0_2.cpp:74:69: warning: unused parameter 'slr_region' [-Wunused-parameter]
static void kernel_outerloop_0_dataflow_region(const unsigned short slr_region, const ops::hls::StencilConfigCoreSingleTile& stencilConfig, const unsigned int num_pkts,
                                                                    ^
/home/x_thileeb/repos/ops-hls-batching-new/codegen_apps/tiling/poisson2d/u280_project/maxtile_8192_align_interleave_p7/hls/build/hw/temp_dir/kernel_outerloop_0_2/kernel_outerloop_0_2/kernel_outerloop_0_2.tcl:23:9: warning: HLS pragma dump _XLX_SEP_ PragmaIsValid=1_XLX_SEP_ PragmaType=top_XLX_SEP_ PragmaContext=directive_XLX_SEP_ PragmaFunction=kernel_outerloop_0_2_XLX_SEP_ PragmaOptions=name=kernel_outerloop_0_2_XLX_SEP_ [-Wdump-hls-pragmas]
#pragma HLSDIRECTIVE TOP name=kernel_outerloop_0_2
        ^
/home/x_thileeb/repos/ops-hls-batching-new/codegen_apps/tiling/poisson2d/u280_project/maxtile_8192_align_interleave_p7/hls/device/src/kernel_outerloop_0_2.cpp:395:9: warning: HLS pragma dump _XLX_SEP_ PragmaIsValid=1_XLX_SEP_ PragmaType=interface_XLX_SEP_ PragmaContext=_XLX_SEP_ PragmaFunction=kernel_outerloop_0_2_XLX_SEP_ PragmaOptions=s_axilite port = slr_region bundle = control_XLX_SEP_ [-Wdump-hls-pragmas]
#pragma HLS INTERFACE s_axilite port = slr_region bundle = control
        ^
/home/x_thileeb/repos/ops-hls-batching-new/codegen_apps/tiling/poisson2d/u280_project/maxtile_8192_align_interleave_p7/hls/device/src/kernel_outerloop_0_2.cpp:396:9: warning: HLS pragma dump _XLX_SEP_ PragmaIsValid=1_XLX_SEP_ PragmaType=interface_XLX_SEP_ PragmaContext=_XLX_SEP_ PragmaFunction=kernel_outerloop_0_2_XLX_SEP_ PragmaOptions=s_axilite port = outer_itr bundle = control_XLX_SEP_ [-Wdump-hls-pragmas]
#pragma HLS INTERFACE s_axilite port = outer_itr bundle = control
        ^
/home/x_thileeb/repos/ops-hls-batching-new/codegen_apps/tiling/poisson2d/u280_project/maxtile_8192_align_interleave_p7/hls/device/src/kernel_outerloop_0_2.cpp:398:9: warning: HLS pragma dump _XLX_SEP_ PragmaIsValid=1_XLX_SEP_ PragmaType=interface_XLX_SEP_ PragmaContext=_XLX_SEP_ PragmaFunction=kernel_outerloop_0_2_XLX_SEP_ PragmaOptions=s_axilite port = stencilConfig_grid_size_0 bundle = control_XLX_SEP_ [-Wdump-hls-pragmas]
#pragma HLS INTERFACE s_axilite port = stencilConfig_grid_size_0 bundle = control
        ^
/home/x_thileeb/repos/ops-hls-batching-new/codegen_apps/tiling/poisson2d/u280_project/maxtile_8192_align_interleave_p7/hls/device/src/kernel_outerloop_0_2.cpp:400:9: warning: HLS pragma dump _XLX_SEP_ PragmaIsValid=1_XLX_SEP_ PragmaType=interface_XLX_SEP_ PragmaContext=_XLX_SEP_ PragmaFunction=kernel_outerloop_0_2_XLX_SEP_ PragmaOptions=s_axilite port = stencilConfig_grid_size_1 bundle = control_XLX_SEP_ [-Wdump-hls-pragmas]
#pragma HLS INTERFACE s_axilite port = stencilConfig_grid_size_1 bundle = control
        ^
/home/x_thileeb/repos/ops-hls-batching-new/codegen_apps/tiling/poisson2d/u280_project/maxtile_8192_align_interleave_p7/hls/device/src/kernel_outerloop_0_2.cpp:402:9: warning: HLS pragma dump _XLX_SEP_ PragmaIsValid=1_XLX_SEP_ PragmaType=interface_XLX_SEP_ PragmaContext=_XLX_SEP_ PragmaFunction=kernel_outerloop_0_2_XLX_SEP_ PragmaOptions=s_axilite port = stencilConfig_dim bundle = control_XLX_SEP_ [-Wdump-hls-pragmas]
#pragma HLS INTERFACE s_axilite port = stencilConfig_dim bundle = control
        ^
/home/x_thileeb/repos/ops-hls-batching-new/codegen_apps/tiling/poisson2d/u280_project/maxtile_8192_align_interleave_p7/hls/device/src/kernel_outerloop_0_2.cpp:403:9: warning: HLS pragma dump _XLX_SEP_ PragmaIsValid=1_XLX_SEP_ PragmaType=interface_XLX_SEP_ PragmaContext=_XLX_SEP_ PragmaFunction=kernel_outerloop_0_2_XLX_SEP_ PragmaOptions=s_axilite port = stencilConfig_total_itr bundle = control_XLX_SEP_ [-Wdump-hls-pragmas]
#pragma HLS INTERFACE s_axilite port = stencilConfig_total_itr bundle = control
        ^
/home/x_thileeb/repos/ops-hls-batching-new/codegen_apps/tiling/poisson2d/u280_project/maxtile_8192_align_interleave_p7/hls/device/src/kernel_outerloop_0_2.cpp:415:9: warning: HLS pragma dump _XLX_SEP_ PragmaIsValid=1_XLX_SEP_ PragmaType=interface_XLX_SEP_ PragmaContext=_XLX_SEP_ PragmaFunction=kernel_outerloop_0_2_XLX_SEP_ PragmaOptions=s_axilite port = stencilConfig_outer_loop_limit bundle = control_XLX_SEP_ [-Wdump-hls-pragmas]
#pragma HLS INTERFACE s_axilite port = stencilConfig_outer_loop_limit bundle = control
        ^
/home/x_thileeb/repos/ops-hls-batching-new/codegen_apps/tiling/poisson2d/u280_project/maxtile_8192_align_interleave_p7/hls/device/src/kernel_outerloop_0_2.cpp:420:9: warning: HLS pragma dump _XLX_SEP_ PragmaIsValid=1_XLX_SEP_ PragmaType=interface_XLX_SEP_ PragmaContext=_XLX_SEP_ PragmaFunction=kernel_outerloop_0_2_XLX_SEP_ PragmaOptions=s_axilite port = tile_size_x bundle = control_XLX_SEP_ [-Wdump-hls-pragmas]
#pragma HLS INTERFACE s_axilite port = tile_size_x bundle = control
        ^
/home/x_thileeb/repos/ops-hls-batching-new/codegen_apps/tiling/poisson2d/u280_project/maxtile_8192_align_interleave_p7/hls/device/src/kernel_outerloop_0_2.cpp:421:9: warning: HLS pragma dump _XLX_SEP_ PragmaIsValid=1_XLX_SEP_ PragmaType=interface_XLX_SEP_ PragmaContext=_XLX_SEP_ PragmaFunction=kernel_outerloop_0_2_XLX_SEP_ PragmaOptions=s_axilite port = last_tile_size_x bundle = control_XLX_SEP_ [-Wdump-hls-pragmas]
#pragma HLS INTERFACE s_axilite port = last_tile_size_x bundle = control
        ^
/home/x_thileeb/repos/ops-hls-batching-new/codegen_apps/tiling/poisson2d/u280_project/maxtile_8192_align_interleave_p7/hls/device/src/kernel_outerloop_0_2.cpp:422:9: warning: HLS pragma dump _XLX_SEP_ PragmaIsValid=1_XLX_SEP_ PragmaType=interface_XLX_SEP_ PragmaContext=_XLX_SEP_ PragmaFunction=kernel_outerloop_0_2_XLX_SEP_ PragmaOptions=s_axilite port = tile_count_x bundle = control_XLX_SEP_ [-Wdump-hls-pragmas]
#pragma HLS INTERFACE s_axilite port = tile_count_x bundle = control
        ^
/home/x_thileeb/repos/ops-hls-batching-new/codegen_apps/tiling/poisson2d/u280_project/maxtile_8192_align_interleave_p7/hls/device/src/kernel_outerloop_0_2.cpp:423:9: warning: HLS pragma dump _XLX_SEP_ PragmaIsValid=1_XLX_SEP_ PragmaType=interface_XLX_SEP_ PragmaContext=_XLX_SEP_ PragmaFunction=kernel_outerloop_0_2_XLX_SEP_ PragmaOptions=s_axilite port = total_xblocks bundle = control_XLX_SEP_ [-Wdump-hls-pragmas]
#pragma HLS INTERFACE s_axilite port = total_xblocks bundle = control
        ^
/home/x_thileeb/repos/ops-hls-batching-new/codegen_apps/tiling/poisson2d/u280_project/maxtile_8192_align_interleave_p7/hls/device/src/kernel_outerloop_0_2.cpp:424:9: warning: HLS pragma dump _XLX_SEP_ PragmaIsValid=1_XLX_SEP_ PragmaType=interface_XLX_SEP_ PragmaContext=_XLX_SEP_ PragmaFunction=kernel_outerloop_0_2_XLX_SEP_ PragmaOptions=s_axilite port = last_tile_upper_limit_x bundle = control_XLX_SEP_ [-Wdump-hls-pragmas]
#pragma HLS INTERFACE s_axilite port = last_tile_upper_limit_x bundle = control
        ^
/home/x_thileeb/repos/ops-hls-batching-new/codegen_apps/tiling/poisson2d/u280_project/maxtile_8192_align_interleave_p7/hls/device/src/kernel_outerloop_0_2.cpp:429:9: warning: HLS pragma dump _XLX_SEP_ PragmaIsValid=1_XLX_SEP_ PragmaType=interface_XLX_SEP_ PragmaContext=_XLX_SEP_ PragmaFunction=kernel_outerloop_0_2_XLX_SEP_ PragmaOptions=axis port = arg0_0_axis_in register_XLX_SEP_ [-Wdump-hls-pragmas]
#pragma HLS INTERFACE axis port = arg0_0_axis_in register
        ^
/home/x_thileeb/repos/ops-hls-batching-new/codegen_apps/tiling/poisson2d/u280_project/maxtile_8192_align_interleave_p7/hls/device/src/kernel_outerloop_0_2.cpp:430:9: warning: HLS pragma dump _XLX_SEP_ PragmaIsValid=1_XLX_SEP_ PragmaType=interface_XLX_SEP_ PragmaContext=_XLX_SEP_ PragmaFunction=kernel_outerloop_0_2_XLX_SEP_ PragmaOptions=axis port = arg0_1_axis_in register_XLX_SEP_ [-Wdump-hls-pragmas]
#pragma HLS INTERFACE axis port = arg0_1_axis_in register
        ^
/home/x_thileeb/repos/ops-hls-batching-new/codegen_apps/tiling/poisson2d/u280_project/maxtile_8192_align_interleave_p7/hls/device/src/kernel_outerloop_0_2.cpp:431:9: warning: HLS pragma dump _XLX_SEP_ PragmaIsValid=1_XLX_SEP_ PragmaType=interface_XLX_SEP_ PragmaContext=_XLX_SEP_ PragmaFunction=kernel_outerloop_0_2_XLX_SEP_ PragmaOptions=axis port = arg0_2_axis_in register_XLX_SEP_ [-Wdump-hls-pragmas]
#pragma HLS INTERFACE axis port = arg0_2_axis_in register
        ^
/home/x_thileeb/repos/ops-hls-batching-new/codegen_apps/tiling/poisson2d/u280_project/maxtile_8192_align_interleave_p7/hls/device/src/kernel_outerloop_0_2.cpp:432:9: warning: HLS pragma dump _XLX_SEP_ PragmaIsValid=1_XLX_SEP_ PragmaType=interface_XLX_SEP_ PragmaContext=_XLX_SEP_ PragmaFunction=kernel_outerloop_0_2_XLX_SEP_ PragmaOptions=axis port = arg0_3_axis_in register_XLX_SEP_ [-Wdump-hls-pragmas]
#pragma HLS INTERFACE axis port = arg0_3_axis_in register
        ^
/home/x_thileeb/repos/ops-hls-batching-new/codegen_apps/tiling/poisson2d/u280_project/maxtile_8192_align_interleave_p7/hls/device/src/kernel_outerloop_0_2.cpp:433:9: warning: HLS pragma dump _XLX_SEP_ PragmaIsValid=1_XLX_SEP_ PragmaType=interface_XLX_SEP_ PragmaContext=_XLX_SEP_ PragmaFunction=kernel_outerloop_0_2_XLX_SEP_ PragmaOptions=axis port = arg0_4_axis_in register_XLX_SEP_ [-Wdump-hls-pragmas]
#pragma HLS INTERFACE axis port = arg0_4_axis_in register
        ^
/home/x_thileeb/repos/ops-hls-batching-new/codegen_apps/tiling/poisson2d/u280_project/maxtile_8192_align_interleave_p7/hls/device/src/kernel_outerloop_0_2.cpp:434:9: warning: HLS pragma dump _XLX_SEP_ PragmaIsValid=1_XLX_SEP_ PragmaType=interface_XLX_SEP_ PragmaContext=_XLX_SEP_ PragmaFunction=kernel_outerloop_0_2_XLX_SEP_ PragmaOptions=axis port = arg0_5_axis_in register_XLX_SEP_ [-Wdump-hls-pragmas]
#pragma HLS INTERFACE axis port = arg0_5_axis_in register
        ^
/home/x_thileeb/repos/ops-hls-batching-new/codegen_apps/tiling/poisson2d/u280_project/maxtile_8192_align_interleave_p7/hls/device/src/kernel_outerloop_0_2.cpp:435:9: warning: HLS pragma dump _XLX_SEP_ PragmaIsValid=1_XLX_SEP_ PragmaType=interface_XLX_SEP_ PragmaContext=_XLX_SEP_ PragmaFunction=kernel_outerloop_0_2_XLX_SEP_ PragmaOptions=axis port = arg0_6_axis_in register_XLX_SEP_ [-Wdump-hls-pragmas]
#pragma HLS INTERFACE axis port = arg0_6_axis_in register
        ^
/home/x_thileeb/repos/ops-hls-batching-new/codegen_apps/tiling/poisson2d/u280_project/maxtile_8192_align_interleave_p7/hls/device/src/kernel_outerloop_0_2.cpp:436:9: warning: HLS pragma dump _XLX_SEP_ PragmaIsValid=1_XLX_SEP_ PragmaType=interface_XLX_SEP_ PragmaContext=_XLX_SEP_ PragmaFunction=kernel_outerloop_0_2_XLX_SEP_ PragmaOptions=axis port = arg0_7_axis_in register_XLX_SEP_ [-Wdump-hls-pragmas]
#pragma HLS INTERFACE axis port = arg0_7_axis_in register
        ^
/home/x_thileeb/repos/ops-hls-batching-new/codegen_apps/tiling/poisson2d/u280_project/maxtile_8192_align_interleave_p7/hls/device/src/kernel_outerloop_0_2.cpp:437:9: warning: HLS pragma dump _XLX_SEP_ PragmaIsValid=1_XLX_SEP_ PragmaType=interface_XLX_SEP_ PragmaContext=_XLX_SEP_ PragmaFunction=kernel_outerloop_0_2_XLX_SEP_ PragmaOptions=axis port = arg1_0_axis_out register_XLX_SEP_ [-Wdump-hls-pragmas]
#pragma HLS INTERFACE axis port = arg1_0_axis_out register
        ^
/home/x_thileeb/repos/ops-hls-batching-new/codegen_apps/tiling/poisson2d/u280_project/maxtile_8192_align_interleave_p7/hls/device/src/kernel_outerloop_0_2.cpp:438:9: warning: HLS pragma dump _XLX_SEP_ PragmaIsValid=1_XLX_SEP_ PragmaType=interface_XLX_SEP_ PragmaContext=_XLX_SEP_ PragmaFunction=kernel_outerloop_0_2_XLX_SEP_ PragmaOptions=axis port = arg1_1_axis_out register_XLX_SEP_ [-Wdump-hls-pragmas]
#pragma HLS INTERFACE axis port = arg1_1_axis_out register
        ^
/home/x_thileeb/repos/ops-hls-batching-new/codegen_apps/tiling/poisson2d/u280_project/maxtile_8192_align_interleave_p7/hls/device/src/kernel_outerloop_0_2.cpp:439:9: warning: HLS pragma dump _XLX_SEP_ PragmaIsValid=1_XLX_SEP_ PragmaType=interface_XLX_SEP_ PragmaContext=_XLX_SEP_ PragmaFunction=kernel_outerloop_0_2_XLX_SEP_ PragmaOptions=axis port = arg1_2_axis_out register_XLX_SEP_ [-Wdump-hls-pragmas]
#pragma HLS INTERFACE axis port = arg1_2_axis_out register
        ^
/home/x_thileeb/repos/ops-hls-batching-new/codegen_apps/tiling/poisson2d/u280_project/maxtile_8192_align_interleave_p7/hls/device/src/kernel_outerloop_0_2.cpp:440:9: warning: HLS pragma dump _XLX_SEP_ PragmaIsValid=1_XLX_SEP_ PragmaType=interface_XLX_SEP_ PragmaContext=_XLX_SEP_ PragmaFunction=kernel_outerloop_0_2_XLX_SEP_ PragmaOptions=axis port = arg1_3_axis_out register_XLX_SEP_ [-Wdump-hls-pragmas]
#pragma HLS INTERFACE axis port = arg1_3_axis_out register
        ^
/home/x_thileeb/repos/ops-hls-batching-new/codegen_apps/tiling/poisson2d/u280_project/maxtile_8192_align_interleave_p7/hls/device/src/kernel_outerloop_0_2.cpp:441:9: warning: HLS pragma dump _XLX_SEP_ PragmaIsValid=1_XLX_SEP_ PragmaType=interface_XLX_SEP_ PragmaContext=_XLX_SEP_ PragmaFunction=kernel_outerloop_0_2_XLX_SEP_ PragmaOptions=axis port = arg1_4_axis_out register_XLX_SEP_ [-Wdump-hls-pragmas]
#pragma HLS INTERFACE axis port = arg1_4_axis_out register
        ^
/home/x_thileeb/repos/ops-hls-batching-new/codegen_apps/tiling/poisson2d/u280_project/maxtile_8192_align_interleave_p7/hls/device/src/kernel_outerloop_0_2.cpp:442:9: warning: HLS pragma dump _XLX_SEP_ PragmaIsValid=1_XLX_SEP_ PragmaType=interface_XLX_SEP_ PragmaContext=_XLX_SEP_ PragmaFunction=kernel_outerloop_0_2_XLX_SEP_ PragmaOptions=axis port = arg1_5_axis_out register_XLX_SEP_ [-Wdump-hls-pragmas]
#pragma HLS INTERFACE axis port = arg1_5_axis_out register
        ^
/home/x_thileeb/repos/ops-hls-batching-new/codegen_apps/tiling/poisson2d/u280_project/maxtile_8192_align_interleave_p7/hls/device/src/kernel_outerloop_0_2.cpp:443:9: warning: HLS pragma dump _XLX_SEP_ PragmaIsValid=1_XLX_SEP_ PragmaType=interface_XLX_SEP_ PragmaContext=_XLX_SEP_ PragmaFunction=kernel_outerloop_0_2_XLX_SEP_ PragmaOptions=axis port = arg1_6_axis_out register_XLX_SEP_ [-Wdump-hls-pragmas]
#pragma HLS INTERFACE axis port = arg1_6_axis_out register
        ^
/home/x_thileeb/repos/ops-hls-batching-new/codegen_apps/tiling/poisson2d/u280_project/maxtile_8192_align_interleave_p7/hls/device/src/kernel_outerloop_0_2.cpp:444:9: warning: HLS pragma dump _XLX_SEP_ PragmaIsValid=1_XLX_SEP_ PragmaType=interface_XLX_SEP_ PragmaContext=_XLX_SEP_ PragmaFunction=kernel_outerloop_0_2_XLX_SEP_ PragmaOptions=axis port = arg1_7_axis_out register_XLX_SEP_ [-Wdump-hls-pragmas]
#pragma HLS INTERFACE axis port = arg1_7_axis_out register
        ^
/home/x_thileeb/repos/ops-hls-batching-new/codegen_apps/tiling/poisson2d/u280_project/maxtile_8192_align_interleave_p7/hls/device/src/kernel_outerloop_0_2.cpp:446:9: warning: HLS pragma dump _XLX_SEP_ PragmaIsValid=1_XLX_SEP_ PragmaType=interface_XLX_SEP_ PragmaContext=_XLX_SEP_ PragmaFunction=kernel_outerloop_0_2_XLX_SEP_ PragmaOptions=ap_ctrl_chain port = return_XLX_SEP_ [-Wdump-hls-pragmas]
#pragma HLS INTERFACE ap_ctrl_chain port = return
        ^
/home/x_thileeb/repos/ops-hls-batching-new/codegen_apps/tiling/poisson2d/u280_project/maxtile_8192_align_interleave_p7/hls/device/src/kernel_outerloop_0_2.cpp:447:9: warning: HLS pragma dump _XLX_SEP_ PragmaIsValid=1_XLX_SEP_ PragmaType=interface_XLX_SEP_ PragmaContext=_XLX_SEP_ PragmaFunction=kernel_outerloop_0_2_XLX_SEP_ PragmaOptions=s_axilite port = return bundle = control_XLX_SEP_ [-Wdump-hls-pragmas]
#pragma HLS INTERFACE s_axilite port = return bundle = control
        ^
422 warnings generated.
