

================================================================
== Vitis HLS Report for 'datamover_outerloop_0'
================================================================
* Date:           Sat Jul 25 11:40:23 2026

* Version:        2022.1 (Build 3526262 on Mon Apr 18 15:47:01 MDT 2022)
* Project:        datamover_outerloop_0
* Solution:       solution (Vitis Kernel Flow Target)
* Product family: versal
* Target device:  xcvc1902-vsvd1760-2MP-e-S


================================================================
== Performance Estimates
================================================================
+ Timing: 
    * Summary: 
    +--------+---------+----------+------------+
    |  Clock |  Target | Estimated| Uncertainty|
    +--------+---------+----------+------------+
    |ap_clk  |  3.33 ns|  2.433 ns|     0.90 ns|
    +--------+---------+----------+------------+

+ Latency: 
    * Summary: 
    +---------+---------+----------+----------+-----+-----+---------+
    |  Latency (cycles) |  Latency (absolute) |  Interval | Pipeline|
    |   min   |   max   |    min   |    max   | min | max |   Type  |
    +---------+---------+----------+----------+-----+-----+---------+
    |        ?|        ?|         ?|         ?|    ?|    ?|       no|
    +---------+---------+----------+----------+-----+-----+---------+

    + Detail: 
        * Instance: 
        +----------------------------------------------------------------------+-----------------------------------------------------------+---------+---------+----------+----------+-----+-----+----------+
        |                                                                      |                                                           |  Latency (cycles) |  Latency (absolute) |  Interval | Pipeline |
        |                               Instance                               |                           Module                          |   min   |   max   |    min   |    max   | min | max |   Type   |
        +----------------------------------------------------------------------+-----------------------------------------------------------+---------+---------+----------+----------+-----+-----+----------+
        |grp_datamover_outerloop_0_dataflow_read_write_dataflow_region_fu_226  |datamover_outerloop_0_dataflow_read_write_dataflow_region  |        ?|        ?|         ?|         ?|    ?|    ?|  dataflow|
        +----------------------------------------------------------------------+-----------------------------------------------------------+---------+---------+----------+----------+-----+-----+----------+

        * Loop: 
        +--------------------+---------+---------+----------+-----------+-----------+------+----------+
        |                    |  Latency (cycles) | Iteration|  Initiation Interval  | Trip |          |
        |      Loop Name     |   min   |   max   |  Latency |  achieved |   target  | Count| Pipelined|
        +--------------------+---------+---------+----------+-----------+-----------+------+----------+
        |- VITIS_LOOP_113_1  |        ?|        ?|         ?|          -|          -|     ?|        no|
        +--------------------+---------+---------+----------+-----------+-----------+------+----------+



================================================================
== Utilization Estimates
================================================================
* Summary: 
+-----------------+---------+------+---------+--------+-----+
|       Name      | BRAM_18K|  DSP |    FF   |   LUT  | URAM|
+-----------------+---------+------+---------+--------+-----+
|DSP              |        -|     2|        -|       -|    -|
|Expression       |        -|     -|        0|     117|    -|
|FIFO             |        -|     -|        -|       -|    -|
|Instance         |        0|     4|    22592|   31941|    0|
|Memory           |        -|     -|        -|       -|    -|
|Multiplexer      |        -|     -|        -|     353|    -|
|Register         |        -|     -|      286|       -|    -|
+-----------------+---------+------+---------+--------+-----+
|Total            |        0|     6|    22878|   32411|    0|
+-----------------+---------+------+---------+--------+-----+
|Available        |     1934|  1968|  1799680|  899840|  463|
+-----------------+---------+------+---------+--------+-----+
|Utilization (%)  |        0|    ~0|        1|       3|    0|
+-----------------+---------+------+---------+--------+-----+

+ Detail: 
    * Instance: 
    +----------------------------------------------------------------------+-----------------------------------------------------------+---------+----+-------+-------+-----+
    |                               Instance                               |                           Module                          | BRAM_18K| DSP|   FF  |  LUT  | URAM|
    +----------------------------------------------------------------------+-----------------------------------------------------------+---------+----+-------+-------+-----+
    |control_s_axi_U                                                       |control_s_axi                                              |        0|   0|    434|    680|    0|
    |grp_datamover_outerloop_0_dataflow_read_write_dataflow_region_fu_226  |datamover_outerloop_0_dataflow_read_write_dataflow_region  |        0|   0|  13038|  20181|    0|
    |gmem0_m_axi_U                                                         |gmem0_m_axi                                                |        0|   0|   4537|   5519|    0|
    |gmem1_m_axi_U                                                         |gmem1_m_axi                                                |        0|   0|   4537|   5519|    0|
    |mul_32s_32s_32_3_1_U94                                                |mul_32s_32s_32_3_1                                         |        0|   4|     46|     42|    0|
    +----------------------------------------------------------------------+-----------------------------------------------------------+---------+----+-------+-------+-----+
    |Total                                                                 |                                                           |        0|   4|  22592|  31941|    0|
    +----------------------------------------------------------------------+-----------------------------------------------------------+---------+----+-------+-------+-----+

    * DSP: 
    +------------------------------+--------------------------+-----------+
    |           Instance           |          Module          | Expression|
    +------------------------------+--------------------------+-----------+
    |mul_mul_16ns_16ns_32_4_1_U95  |mul_mul_16ns_16ns_32_4_1  |    i0 * i1|
    |mul_mul_16ns_16ns_32_4_1_U96  |mul_mul_16ns_16ns_32_4_1  |    i0 * i1|
    +------------------------------+--------------------------+-----------+

    * Memory: 
    N/A

    * FIFO: 
    N/A

    * Expression: 
    +-------------------------------------------------------------------------------------------+----------+----+---+----+------------+------------+
    |                                       Variable Name                                       | Operation| DSP| FF| LUT| Bitwidth P0| Bitwidth P1|
    +-------------------------------------------------------------------------------------------+----------+----+---+----+------------+------------+
    |add_ln587_fu_268_p2                                                                        |         +|   0|  0|  17|          17|           4|
    |i_2_fu_367_p2                                                                              |         +|   0|  0|  31|          31|           1|
    |diff_y_fu_320_p2                                                                           |         -|   0|  0|  16|          16|          16|
    |diff_z_fu_326_p2                                                                           |         -|   0|  0|  16|          16|          16|
    |num_xblocks_fu_306_p2                                                                      |         -|   0|  0|  14|          14|          14|
    |icmp_ln113_fu_373_p2                                                                       |      icmp|   0|  0|  15|          31|          31|
    |ap_block_state1                                                                            |        or|   0|  0|   2|           1|           1|
    |ap_sync_grp_datamover_outerloop_0_dataflow_read_write_dataflow_region_fu_226_ap_done       |        or|   0|  0|   2|           1|           1|
    |ap_sync_grp_datamover_outerloop_0_dataflow_read_write_dataflow_region_fu_226_ap_ready      |        or|   0|  0|   2|           1|           1|
    |grp_datamover_outerloop_0_dataflow_read_write_dataflow_region_fu_226_arg0_axis_out_TREADY  |        or|   0|  0|   2|           1|           1|
    +-------------------------------------------------------------------------------------------+----------+----+---+----+------------+------------+
    |Total                                                                                      |          |   0|  0| 117|         129|          86|
    +-------------------------------------------------------------------------------------------+----------+----+---+----+------------+------------+

    * Multiplexer: 
    +-------------------------------------------------------------------------------------------+-----+-----------+-----+-----------+
    |                                            Name                                           | LUT | Input Size| Bits| Total Bits|
    +-------------------------------------------------------------------------------------------+-----+-----------+-----+-----------+
    |ap_NS_fsm                                                                                  |   10|         14|    1|         14|
    |ap_done                                                                                    |    2|          2|    1|          2|
    |arg0_axis_out_TVALID_int_regslice                                                          |    2|          2|    1|          2|
    |arg1_axis_in_TREADY_int_regslice                                                           |    2|          2|    1|          2|
    |gmem0_ARVALID                                                                              |    2|          2|    1|          2|
    |gmem0_AWVALID                                                                              |    2|          2|    1|          2|
    |gmem0_BREADY                                                                               |    2|          2|    1|          2|
    |gmem0_RREADY                                                                               |    2|          2|    1|          2|
    |gmem0_WVALID                                                                               |    2|          2|    1|          2|
    |gmem1_ARVALID                                                                              |    2|          2|    1|          2|
    |gmem1_AWVALID                                                                              |    2|          2|    1|          2|
    |gmem1_BREADY                                                                               |    2|          2|    1|          2|
    |gmem1_RREADY                                                                               |    2|          2|    1|          2|
    |gmem1_WVALID                                                                               |    2|          2|    1|          2|
    |grp_datamover_outerloop_0_dataflow_read_write_dataflow_region_fu_226_arg0                  |   64|          3|   64|        192|
    |grp_datamover_outerloop_0_dataflow_read_write_dataflow_region_fu_226_arg1                  |   64|          3|   64|        192|
    |grp_datamover_outerloop_0_dataflow_read_write_dataflow_region_fu_226_m_axi_gmem0_ARREADY   |    2|          3|    1|          3|
    |grp_datamover_outerloop_0_dataflow_read_write_dataflow_region_fu_226_m_axi_gmem0_RDATA     |  128|          3|  512|       1536|
    |grp_datamover_outerloop_0_dataflow_read_write_dataflow_region_fu_226_m_axi_gmem0_RFIFONUM  |    8|          3|    8|         24|
    |grp_datamover_outerloop_0_dataflow_read_write_dataflow_region_fu_226_m_axi_gmem0_RID       |    2|          3|    1|          3|
    |grp_datamover_outerloop_0_dataflow_read_write_dataflow_region_fu_226_m_axi_gmem0_RLAST     |    2|          3|    1|          3|
    |grp_datamover_outerloop_0_dataflow_read_write_dataflow_region_fu_226_m_axi_gmem0_RRESP     |    2|          3|    2|          6|
    |grp_datamover_outerloop_0_dataflow_read_write_dataflow_region_fu_226_m_axi_gmem0_RUSER     |    2|          3|    1|          3|
    |grp_datamover_outerloop_0_dataflow_read_write_dataflow_region_fu_226_m_axi_gmem0_RVALID    |    2|          3|    1|          3|
    |grp_datamover_outerloop_0_dataflow_read_write_dataflow_region_fu_226_m_axi_gmem1_AWREADY   |    2|          3|    1|          3|
    |grp_datamover_outerloop_0_dataflow_read_write_dataflow_region_fu_226_m_axi_gmem1_BID       |    2|          3|    1|          3|
    |grp_datamover_outerloop_0_dataflow_read_write_dataflow_region_fu_226_m_axi_gmem1_BRESP     |    2|          3|    2|          6|
    |grp_datamover_outerloop_0_dataflow_read_write_dataflow_region_fu_226_m_axi_gmem1_BUSER     |    2|          3|    1|          3|
    |grp_datamover_outerloop_0_dataflow_read_write_dataflow_region_fu_226_m_axi_gmem1_BVALID    |    2|          3|    1|          3|
    |grp_datamover_outerloop_0_dataflow_read_write_dataflow_region_fu_226_m_axi_gmem1_WREADY    |    2|          3|    1|          3|
    |i_fu_162                                                                                   |   29|          2|   31|         62|
    +-------------------------------------------------------------------------------------------+-----+-----------+-----+-----------+
    |Total                                                                                      |  353|         90|  707|       2088|
    +-------------------------------------------------------------------------------------------+-----+-----------+-----+-----------+

    * Register: 
    +-------------------------------------------------------------------------------------------+----+----+-----+-----------+
    |                                            Name                                           | FF | LUT| Bits| Const Bits|
    +-------------------------------------------------------------------------------------------+----+----+-----+-----------+
    |ap_CS_fsm                                                                                  |  13|   0|   13|          0|
    |ap_done_reg                                                                                |   1|   0|    1|          0|
    |ap_rst_n_inv                                                                               |   1|   0|    1|          0|
    |ap_rst_reg_1                                                                               |   1|   0|    1|          0|
    |ap_rst_reg_2                                                                               |   1|   0|    1|          0|
    |ap_sync_reg_grp_datamover_outerloop_0_dataflow_read_write_dataflow_region_fu_226_ap_done   |   1|   0|    1|          0|
    |ap_sync_reg_grp_datamover_outerloop_0_dataflow_read_write_dataflow_region_fu_226_ap_ready  |   1|   0|    1|          0|
    |arg0_read_reg_445                                                                          |  64|   0|   64|          0|
    |arg1_read_reg_439                                                                          |  64|   0|   64|          0|
    |config_total_xblocks_reg_451                                                               |  32|   0|   32|          0|
    |grp_datamover_outerloop_0_dataflow_read_write_dataflow_region_fu_226_ap_start_reg          |   1|   0|    1|          0|
    |i_fu_162                                                                                   |  31|   0|   31|          0|
    |num_pkts_reg_456                                                                           |  31|   0|   32|          1|
    |tmp_reg_404                                                                                |  13|   0|   13|          0|
    |trunc_ln3_reg_461                                                                          |  31|   0|   31|          0|
    +-------------------------------------------------------------------------------------------+----+----+-----+-----------+
    |Total                                                                                      | 286|   0|  287|          1|
    +-------------------------------------------------------------------------------------------+----+----+-----+-----------+



================================================================
== Interface
================================================================
* Summary: 
+-----------------------+-----+-----+---------------+------------------------+--------------+
|       RTL Ports       | Dir | Bits|    Protocol   |      Source Object     |    C Type    |
+-----------------------+-----+-----+---------------+------------------------+--------------+
|s_axi_control_AWVALID  |   in|    1|          s_axi|                 control|        scalar|
|s_axi_control_AWREADY  |  out|    1|          s_axi|                 control|        scalar|
|s_axi_control_AWADDR   |   in|    7|          s_axi|                 control|        scalar|
|s_axi_control_WVALID   |   in|    1|          s_axi|                 control|        scalar|
|s_axi_control_WREADY   |  out|    1|          s_axi|                 control|        scalar|
|s_axi_control_WDATA    |   in|   32|          s_axi|                 control|        scalar|
|s_axi_control_WSTRB    |   in|    4|          s_axi|                 control|        scalar|
|s_axi_control_ARVALID  |   in|    1|          s_axi|                 control|        scalar|
|s_axi_control_ARREADY  |  out|    1|          s_axi|                 control|        scalar|
|s_axi_control_ARADDR   |   in|    7|          s_axi|                 control|        scalar|
|s_axi_control_RVALID   |  out|    1|          s_axi|                 control|        scalar|
|s_axi_control_RREADY   |   in|    1|          s_axi|                 control|        scalar|
|s_axi_control_RDATA    |  out|   32|          s_axi|                 control|        scalar|
|s_axi_control_RRESP    |  out|    2|          s_axi|                 control|        scalar|
|s_axi_control_BVALID   |  out|    1|          s_axi|                 control|        scalar|
|s_axi_control_BREADY   |   in|    1|          s_axi|                 control|        scalar|
|s_axi_control_BRESP    |  out|    2|          s_axi|                 control|        scalar|
|ap_clk                 |   in|    1|  ap_ctrl_chain|   datamover_outerloop_0|  return value|
|ap_rst_n               |   in|    1|  ap_ctrl_chain|   datamover_outerloop_0|  return value|
|interrupt              |  out|    1|  ap_ctrl_chain|   datamover_outerloop_0|  return value|
|m_axi_gmem0_AWVALID    |  out|    1|          m_axi|                   gmem0|       pointer|
|m_axi_gmem0_AWREADY    |   in|    1|          m_axi|                   gmem0|       pointer|
|m_axi_gmem0_AWADDR     |  out|   64|          m_axi|                   gmem0|       pointer|
|m_axi_gmem0_AWID       |  out|    1|          m_axi|                   gmem0|       pointer|
|m_axi_gmem0_AWLEN      |  out|    8|          m_axi|                   gmem0|       pointer|
|m_axi_gmem0_AWSIZE     |  out|    3|          m_axi|                   gmem0|       pointer|
|m_axi_gmem0_AWBURST    |  out|    2|          m_axi|                   gmem0|       pointer|
|m_axi_gmem0_AWLOCK     |  out|    2|          m_axi|                   gmem0|       pointer|
|m_axi_gmem0_AWCACHE    |  out|    4|          m_axi|                   gmem0|       pointer|
|m_axi_gmem0_AWPROT     |  out|    3|          m_axi|                   gmem0|       pointer|
|m_axi_gmem0_AWQOS      |  out|    4|          m_axi|                   gmem0|       pointer|
|m_axi_gmem0_AWREGION   |  out|    4|          m_axi|                   gmem0|       pointer|
|m_axi_gmem0_AWUSER     |  out|    1|          m_axi|                   gmem0|       pointer|
|m_axi_gmem0_WVALID     |  out|    1|          m_axi|                   gmem0|       pointer|
|m_axi_gmem0_WREADY     |   in|    1|          m_axi|                   gmem0|       pointer|
|m_axi_gmem0_WDATA      |  out|  512|          m_axi|                   gmem0|       pointer|
|m_axi_gmem0_WSTRB      |  out|   64|          m_axi|                   gmem0|       pointer|
|m_axi_gmem0_WLAST      |  out|    1|          m_axi|                   gmem0|       pointer|
|m_axi_gmem0_WID        |  out|    1|          m_axi|                   gmem0|       pointer|
|m_axi_gmem0_WUSER      |  out|    1|          m_axi|                   gmem0|       pointer|
|m_axi_gmem0_ARVALID    |  out|    1|          m_axi|                   gmem0|       pointer|
|m_axi_gmem0_ARREADY    |   in|    1|          m_axi|                   gmem0|       pointer|
|m_axi_gmem0_ARADDR     |  out|   64|          m_axi|                   gmem0|       pointer|
|m_axi_gmem0_ARID       |  out|    1|          m_axi|                   gmem0|       pointer|
|m_axi_gmem0_ARLEN      |  out|    8|          m_axi|                   gmem0|       pointer|
|m_axi_gmem0_ARSIZE     |  out|    3|          m_axi|                   gmem0|       pointer|
|m_axi_gmem0_ARBURST    |  out|    2|          m_axi|                   gmem0|       pointer|
|m_axi_gmem0_ARLOCK     |  out|    2|          m_axi|                   gmem0|       pointer|
|m_axi_gmem0_ARCACHE    |  out|    4|          m_axi|                   gmem0|       pointer|
|m_axi_gmem0_ARPROT     |  out|    3|          m_axi|                   gmem0|       pointer|
|m_axi_gmem0_ARQOS      |  out|    4|          m_axi|                   gmem0|       pointer|
|m_axi_gmem0_ARREGION   |  out|    4|          m_axi|                   gmem0|       pointer|
|m_axi_gmem0_ARUSER     |  out|    1|          m_axi|                   gmem0|       pointer|
|m_axi_gmem0_RVALID     |   in|    1|          m_axi|                   gmem0|       pointer|
|m_axi_gmem0_RREADY     |  out|    1|          m_axi|                   gmem0|       pointer|
|m_axi_gmem0_RDATA      |   in|  512|          m_axi|                   gmem0|       pointer|
|m_axi_gmem0_RLAST      |   in|    1|          m_axi|                   gmem0|       pointer|
|m_axi_gmem0_RID        |   in|    1|          m_axi|                   gmem0|       pointer|
|m_axi_gmem0_RUSER      |   in|    1|          m_axi|                   gmem0|       pointer|
|m_axi_gmem0_RRESP      |   in|    2|          m_axi|                   gmem0|       pointer|
|m_axi_gmem0_BVALID     |   in|    1|          m_axi|                   gmem0|       pointer|
|m_axi_gmem0_BREADY     |  out|    1|          m_axi|                   gmem0|       pointer|
|m_axi_gmem0_BRESP      |   in|    2|          m_axi|                   gmem0|       pointer|
|m_axi_gmem0_BID        |   in|    1|          m_axi|                   gmem0|       pointer|
|m_axi_gmem0_BUSER      |   in|    1|          m_axi|                   gmem0|       pointer|
|m_axi_gmem1_AWVALID    |  out|    1|          m_axi|                   gmem1|       pointer|
|m_axi_gmem1_AWREADY    |   in|    1|          m_axi|                   gmem1|       pointer|
|m_axi_gmem1_AWADDR     |  out|   64|          m_axi|                   gmem1|       pointer|
|m_axi_gmem1_AWID       |  out|    1|          m_axi|                   gmem1|       pointer|
|m_axi_gmem1_AWLEN      |  out|    8|          m_axi|                   gmem1|       pointer|
|m_axi_gmem1_AWSIZE     |  out|    3|          m_axi|                   gmem1|       pointer|
|m_axi_gmem1_AWBURST    |  out|    2|          m_axi|                   gmem1|       pointer|
|m_axi_gmem1_AWLOCK     |  out|    2|          m_axi|                   gmem1|       pointer|
|m_axi_gmem1_AWCACHE    |  out|    4|          m_axi|                   gmem1|       pointer|
|m_axi_gmem1_AWPROT     |  out|    3|          m_axi|                   gmem1|       pointer|
|m_axi_gmem1_AWQOS      |  out|    4|          m_axi|                   gmem1|       pointer|
|m_axi_gmem1_AWREGION   |  out|    4|          m_axi|                   gmem1|       pointer|
|m_axi_gmem1_AWUSER     |  out|    1|          m_axi|                   gmem1|       pointer|
|m_axi_gmem1_WVALID     |  out|    1|          m_axi|                   gmem1|       pointer|
|m_axi_gmem1_WREADY     |   in|    1|          m_axi|                   gmem1|       pointer|
|m_axi_gmem1_WDATA      |  out|  512|          m_axi|                   gmem1|       pointer|
|m_axi_gmem1_WSTRB      |  out|   64|          m_axi|                   gmem1|       pointer|
|m_axi_gmem1_WLAST      |  out|    1|          m_axi|                   gmem1|       pointer|
|m_axi_gmem1_WID        |  out|    1|          m_axi|                   gmem1|       pointer|
|m_axi_gmem1_WUSER      |  out|    1|          m_axi|                   gmem1|       pointer|
|m_axi_gmem1_ARVALID    |  out|    1|          m_axi|                   gmem1|       pointer|
|m_axi_gmem1_ARREADY    |   in|    1|          m_axi|                   gmem1|       pointer|
|m_axi_gmem1_ARADDR     |  out|   64|          m_axi|                   gmem1|       pointer|
|m_axi_gmem1_ARID       |  out|    1|          m_axi|                   gmem1|       pointer|
|m_axi_gmem1_ARLEN      |  out|    8|          m_axi|                   gmem1|       pointer|
|m_axi_gmem1_ARSIZE     |  out|    3|          m_axi|                   gmem1|       pointer|
|m_axi_gmem1_ARBURST    |  out|    2|          m_axi|                   gmem1|       pointer|
|m_axi_gmem1_ARLOCK     |  out|    2|          m_axi|                   gmem1|       pointer|
|m_axi_gmem1_ARCACHE    |  out|    4|          m_axi|                   gmem1|       pointer|
|m_axi_gmem1_ARPROT     |  out|    3|          m_axi|                   gmem1|       pointer|
|m_axi_gmem1_ARQOS      |  out|    4|          m_axi|                   gmem1|       pointer|
|m_axi_gmem1_ARREGION   |  out|    4|          m_axi|                   gmem1|       pointer|
|m_axi_gmem1_ARUSER     |  out|    1|          m_axi|                   gmem1|       pointer|
|m_axi_gmem1_RVALID     |   in|    1|          m_axi|                   gmem1|       pointer|
|m_axi_gmem1_RREADY     |  out|    1|          m_axi|                   gmem1|       pointer|
|m_axi_gmem1_RDATA      |   in|  512|          m_axi|                   gmem1|       pointer|
|m_axi_gmem1_RLAST      |   in|    1|          m_axi|                   gmem1|       pointer|
|m_axi_gmem1_RID        |   in|    1|          m_axi|                   gmem1|       pointer|
|m_axi_gmem1_RUSER      |   in|    1|          m_axi|                   gmem1|       pointer|
|m_axi_gmem1_RRESP      |   in|    2|          m_axi|                   gmem1|       pointer|
|m_axi_gmem1_BVALID     |   in|    1|          m_axi|                   gmem1|       pointer|
|m_axi_gmem1_BREADY     |  out|    1|          m_axi|                   gmem1|       pointer|
|m_axi_gmem1_BRESP      |   in|    2|          m_axi|                   gmem1|       pointer|
|m_axi_gmem1_BID        |   in|    1|          m_axi|                   gmem1|       pointer|
|m_axi_gmem1_BUSER      |   in|    1|          m_axi|                   gmem1|       pointer|
|arg0_axis_out_TDATA    |  out|  256|           axis|  arg0_axis_out_V_data_V|       pointer|
|arg0_axis_out_TVALID   |  out|    1|           axis|  arg0_axis_out_V_last_V|       pointer|
|arg0_axis_out_TREADY   |   in|    1|           axis|  arg0_axis_out_V_last_V|       pointer|
|arg0_axis_out_TLAST    |  out|    1|           axis|  arg0_axis_out_V_last_V|       pointer|
|arg0_axis_out_TKEEP    |  out|   32|           axis|  arg0_axis_out_V_keep_V|       pointer|
|arg0_axis_out_TSTRB    |  out|   32|           axis|  arg0_axis_out_V_strb_V|       pointer|
|arg1_axis_in_TDATA     |   in|  256|           axis|   arg1_axis_in_V_data_V|       pointer|
|arg1_axis_in_TVALID    |   in|    1|           axis|   arg1_axis_in_V_last_V|       pointer|
|arg1_axis_in_TREADY    |  out|    1|           axis|   arg1_axis_in_V_last_V|       pointer|
|arg1_axis_in_TLAST     |   in|    1|           axis|   arg1_axis_in_V_last_V|       pointer|
|arg1_axis_in_TKEEP     |   in|   32|           axis|   arg1_axis_in_V_keep_V|       pointer|
|arg1_axis_in_TSTRB     |   in|   32|           axis|   arg1_axis_in_V_strb_V|       pointer|
+-----------------------+-----+-----+---------------+------------------------+--------------+

============================================================
+ Verbose Summary: Synthesis Manager
============================================================
InlineROM: 1
ExposeGlobal: 0
============================================================
+ Verbose Summary: CDFG Model
============================================================
IsTopModel: 1
ResetActiveHigh: 1
IsCombinational: 2
IsDatapathOnly: 2
HasWiredReturn: 1
HasMFsm: 0
HasVarLatency: 1
IsPipeline: 0
IsRtlPipelined: 0
IsInstanceOverlapped: 0
IsDontTouch: 0
HasImplIP: 0
IsGatedGlobalClock: 0


============================================================
+ Verbose Summary: Schedule
============================================================
* Number of FSM states : 13
* Pipeline : 0
* Dataflow Pipeline: 0

* FSM state transitions: 
1 --> 2 
2 --> 3 
3 --> 4 
4 --> 5 
5 --> 6 
6 --> 7 
7 --> 8 
8 --> 9 13 
9 --> 10 
10 --> 11 
11 --> 12 
12 --> 8 
13 --> 

* FSM state operations: 

State 1 <SV = 0> <Delay = 1.82>
ST_1 : Operation 14 [1/1] (0.00ns)   --->   "%i = alloca i32 1"   --->   Operation 14 'alloca' 'i' <Predicate = true> <Delay = 0.00>
ST_1 : Operation 15 [1/1] (1.00ns)   --->   "%range_end_0_read = read i16 @_ssdm_op_Read.ap_none.i16, i16 %range_end_0" [/home/x_thileeb/repos/ops-hls-batching-new/codegen_apps/batching/jacobian3d/vck5000_project/hls/device/src/datamover_outerloop_0.cpp:144]   --->   Operation 15 'read' 'range_end_0_read' <Predicate = true> <Delay = 1.00> <CoreInst = "s_axilite">   --->   Core 126 's_axilite' <Latency = 0> <II = 1> <Delay = 1.00> <Adapter> <Opcode : 'read' 'write'>
ST_1 : Operation 16 [1/1] (0.00ns)   --->   "%zext_ln587 = zext i16 %range_end_0_read" [/home/x_thileeb/repos/ops-hls-batching-new/OPS/ops/hls/include/device/../../common/include/ops_hls_common_memconfig.hpp:587]   --->   Operation 16 'zext' 'zext_ln587' <Predicate = true> <Delay = 0.00>
ST_1 : Operation 17 [1/1] (0.82ns)   --->   "%add_ln587 = add i17 %zext_ln587, i17 15" [/home/x_thileeb/repos/ops-hls-batching-new/OPS/ops/hls/include/device/../../common/include/ops_hls_common_memconfig.hpp:587]   --->   Operation 17 'add' 'add_ln587' <Predicate = true> <Delay = 0.82> <CoreInst = "Adder">   --->   Core 1 'Adder' <Latency = 0> <II = 1> <Delay = 0.82> <FuncUnit> <Opcode : 'add' 'sub'> <InPorts = 2> <OutPorts = 1>
ST_1 : Operation 18 [1/1] (0.00ns)   --->   "%tmp = partselect i13 @_ssdm_op_PartSelect.i13.i17.i32.i32, i17 %add_ln587, i32 4, i32 16" [/home/x_thileeb/repos/ops-hls-batching-new/OPS/ops/hls/include/device/../../common/include/ops_hls_common_memconfig.hpp:587]   --->   Operation 18 'partselect' 'tmp' <Predicate = true> <Delay = 0.00>
ST_1 : Operation 19 [1/1] (0.46ns)   --->   "%store_ln113 = store i31 0, i31 %i" [/home/x_thileeb/repos/ops-hls-batching-new/codegen_apps/batching/jacobian3d/vck5000_project/hls/device/src/datamover_outerloop_0.cpp:113]   --->   Operation 19 'store' 'store_ln113' <Predicate = true> <Delay = 0.46>

State 2 <SV = 1> <Delay = 2.35>
ST_2 : Operation 20 [1/1] (1.00ns)   --->   "%batch_size_read = read i16 @_ssdm_op_Read.ap_none.i16, i16 %batch_size" [/home/x_thileeb/repos/ops-hls-batching-new/codegen_apps/batching/jacobian3d/vck5000_project/hls/device/src/datamover_outerloop_0.cpp:144]   --->   Operation 20 'read' 'batch_size_read' <Predicate = true> <Delay = 1.00> <CoreInst = "s_axilite">   --->   Core 126 's_axilite' <Latency = 0> <II = 1> <Delay = 1.00> <Adapter> <Opcode : 'read' 'write'>
ST_2 : Operation 21 [1/1] (1.00ns)   --->   "%range_end_2_read = read i16 @_ssdm_op_Read.ap_none.i16, i16 %range_end_2" [/home/x_thileeb/repos/ops-hls-batching-new/codegen_apps/batching/jacobian3d/vck5000_project/hls/device/src/datamover_outerloop_0.cpp:144]   --->   Operation 21 'read' 'range_end_2_read' <Predicate = true> <Delay = 1.00> <CoreInst = "s_axilite">   --->   Core 126 's_axilite' <Latency = 0> <II = 1> <Delay = 1.00> <Adapter> <Opcode : 'read' 'write'>
ST_2 : Operation 22 [1/1] (1.00ns)   --->   "%range_start_2_read = read i16 @_ssdm_op_Read.ap_none.i16, i16 %range_start_2" [/home/x_thileeb/repos/ops-hls-batching-new/codegen_apps/batching/jacobian3d/vck5000_project/hls/device/src/datamover_outerloop_0.cpp:144]   --->   Operation 22 'read' 'range_start_2_read' <Predicate = true> <Delay = 1.00> <CoreInst = "s_axilite">   --->   Core 126 's_axilite' <Latency = 0> <II = 1> <Delay = 1.00> <Adapter> <Opcode : 'read' 'write'>
ST_2 : Operation 23 [1/1] (1.00ns)   --->   "%range_end_1_read = read i16 @_ssdm_op_Read.ap_none.i16, i16 %range_end_1" [/home/x_thileeb/repos/ops-hls-batching-new/codegen_apps/batching/jacobian3d/vck5000_project/hls/device/src/datamover_outerloop_0.cpp:144]   --->   Operation 23 'read' 'range_end_1_read' <Predicate = true> <Delay = 1.00> <CoreInst = "s_axilite">   --->   Core 126 's_axilite' <Latency = 0> <II = 1> <Delay = 1.00> <Adapter> <Opcode : 'read' 'write'>
ST_2 : Operation 24 [1/1] (1.00ns)   --->   "%range_start_1_read = read i16 @_ssdm_op_Read.ap_none.i16, i16 %range_start_1" [/home/x_thileeb/repos/ops-hls-batching-new/codegen_apps/batching/jacobian3d/vck5000_project/hls/device/src/datamover_outerloop_0.cpp:144]   --->   Operation 24 'read' 'range_start_1_read' <Predicate = true> <Delay = 1.00> <CoreInst = "s_axilite">   --->   Core 126 's_axilite' <Latency = 0> <II = 1> <Delay = 1.00> <Adapter> <Opcode : 'read' 'write'>
ST_2 : Operation 25 [1/1] (1.00ns)   --->   "%range_start_0_read = read i16 @_ssdm_op_Read.ap_none.i16, i16 %range_start_0" [/home/x_thileeb/repos/ops-hls-batching-new/codegen_apps/batching/jacobian3d/vck5000_project/hls/device/src/datamover_outerloop_0.cpp:144]   --->   Operation 25 'read' 'range_start_0_read' <Predicate = true> <Delay = 1.00> <CoreInst = "s_axilite">   --->   Core 126 's_axilite' <Latency = 0> <II = 1> <Delay = 1.00> <Adapter> <Opcode : 'read' 'write'>
ST_2 : Operation 26 [1/1] (0.00ns)   --->   "%trunc_ln = partselect i12 @_ssdm_op_PartSelect.i12.i16.i32.i32, i16 %range_start_0_read, i32 4, i32 15" [/home/x_thileeb/repos/ops-hls-batching-new/OPS/ops/hls/include/device/../../common/include/ops_hls_common_memconfig.hpp:586]   --->   Operation 26 'partselect' 'trunc_ln' <Predicate = true> <Delay = 0.00>
ST_2 : Operation 27 [1/1] (0.00ns)   --->   "%zext_ln586 = zext i12 %trunc_ln" [/home/x_thileeb/repos/ops-hls-batching-new/OPS/ops/hls/include/device/../../common/include/ops_hls_common_memconfig.hpp:586]   --->   Operation 27 'zext' 'zext_ln586' <Predicate = true> <Delay = 0.00>
ST_2 : Operation 28 [1/1] (0.00ns)   --->   "%zext_ln587_1 = zext i13 %tmp" [/home/x_thileeb/repos/ops-hls-batching-new/OPS/ops/hls/include/device/../../common/include/ops_hls_common_memconfig.hpp:587]   --->   Operation 28 'zext' 'zext_ln587_1' <Predicate = true> <Delay = 0.00>
ST_2 : Operation 29 [1/1] (0.81ns)   --->   "%num_xblocks = sub i14 %zext_ln587_1, i14 %zext_ln586" [/home/x_thileeb/repos/ops-hls-batching-new/OPS/ops/hls/include/device/../../common/include/ops_hls_common_memconfig.hpp:589]   --->   Operation 29 'sub' 'num_xblocks' <Predicate = true> <Delay = 0.81> <CoreInst = "Adder">   --->   Core 1 'Adder' <Latency = 0> <II = 1> <Delay = 0.81> <FuncUnit> <Opcode : 'add' 'sub'> <InPorts = 2> <OutPorts = 1>
ST_2 : Operation 30 [1/1] (0.00ns)   --->   "%sext_ln590 = sext i14 %num_xblocks" [/home/x_thileeb/repos/ops-hls-batching-new/OPS/ops/hls/include/device/../../common/include/ops_hls_common_memconfig.hpp:590]   --->   Operation 30 'sext' 'sext_ln590' <Predicate = true> <Delay = 0.00>
ST_2 : Operation 31 [1/1] (0.00ns)   --->   "%zext_ln590 = zext i16 %sext_ln590" [/home/x_thileeb/repos/ops-hls-batching-new/OPS/ops/hls/include/device/../../common/include/ops_hls_common_memconfig.hpp:590]   --->   Operation 31 'zext' 'zext_ln590' <Predicate = true> <Delay = 0.00>
ST_2 : Operation 32 [1/1] (0.82ns)   --->   "%diff_y = sub i16 %range_end_1_read, i16 %range_start_1_read" [/home/x_thileeb/repos/ops-hls-batching-new/OPS/ops/hls/include/device/../../common/include/ops_hls_common_memconfig.hpp:606]   --->   Operation 32 'sub' 'diff_y' <Predicate = true> <Delay = 0.82> <CoreInst = "Adder">   --->   Core 1 'Adder' <Latency = 0> <II = 1> <Delay = 0.82> <FuncUnit> <Opcode : 'add' 'sub'> <InPorts = 2> <OutPorts = 1>
ST_2 : Operation 33 [1/1] (0.82ns)   --->   "%diff_z = sub i16 %range_end_2_read, i16 %range_start_2_read" [/home/x_thileeb/repos/ops-hls-batching-new/OPS/ops/hls/include/device/../../common/include/ops_hls_common_memconfig.hpp:619]   --->   Operation 33 'sub' 'diff_z' <Predicate = true> <Delay = 0.82> <CoreInst = "Adder">   --->   Core 1 'Adder' <Latency = 0> <II = 1> <Delay = 0.82> <FuncUnit> <Opcode : 'add' 'sub'> <InPorts = 2> <OutPorts = 1>
ST_2 : Operation 34 [1/1] (0.00ns)   --->   "%zext_ln632 = zext i16 %diff_y" [/home/x_thileeb/repos/ops-hls-batching-new/OPS/ops/hls/include/device/../../common/include/ops_hls_common_memconfig.hpp:632]   --->   Operation 34 'zext' 'zext_ln632' <Predicate = true> <Delay = 0.00>
ST_2 : Operation 35 [1/1] (0.00ns)   --->   "%zext_ln632_1 = zext i16 %diff_z" [/home/x_thileeb/repos/ops-hls-batching-new/OPS/ops/hls/include/device/../../common/include/ops_hls_common_memconfig.hpp:632]   --->   Operation 35 'zext' 'zext_ln632_1' <Predicate = true> <Delay = 0.00>
ST_2 : Operation 36 [1/1] (0.00ns)   --->   "%zext_ln632_2 = zext i16 %batch_size_read" [/home/x_thileeb/repos/ops-hls-batching-new/OPS/ops/hls/include/device/../../common/include/ops_hls_common_memconfig.hpp:632]   --->   Operation 36 'zext' 'zext_ln632_2' <Predicate = true> <Delay = 0.00>
ST_2 : Operation 37 [4/4] (0.53ns) (root node of the DSP)   --->   "%mul_ln632 = mul i32 %zext_ln632, i32 %zext_ln632_1" [/home/x_thileeb/repos/ops-hls-batching-new/OPS/ops/hls/include/device/../../common/include/ops_hls_common_memconfig.hpp:632]   --->   Operation 37 'mul' 'mul_ln632' <Predicate = true> <Delay = 0.53> <CoreInst = "DSP48">   --->   Core 132 'DSP48' <Latency = 3> <II = 1> <Delay = 0.53> <IPBlock> <Opcode : 'mul' 'add' 'sub' 'select'> <InPorts = 0> <OutPorts = 1> <Sync> <CReg>
ST_2 : Operation 38 [4/4] (0.53ns) (root node of the DSP)   --->   "%mul_ln632_1 = mul i32 %zext_ln590, i32 %zext_ln632_2" [/home/x_thileeb/repos/ops-hls-batching-new/OPS/ops/hls/include/device/../../common/include/ops_hls_common_memconfig.hpp:632]   --->   Operation 38 'mul' 'mul_ln632_1' <Predicate = true> <Delay = 0.53> <CoreInst = "DSP48">   --->   Core 132 'DSP48' <Latency = 3> <II = 1> <Delay = 0.53> <IPBlock> <Opcode : 'mul' 'add' 'sub' 'select'> <InPorts = 0> <OutPorts = 1> <Sync> <CReg>

State 3 <SV = 2> <Delay = 0.53>
ST_3 : Operation 39 [3/4] (0.53ns) (root node of the DSP)   --->   "%mul_ln632 = mul i32 %zext_ln632, i32 %zext_ln632_1" [/home/x_thileeb/repos/ops-hls-batching-new/OPS/ops/hls/include/device/../../common/include/ops_hls_common_memconfig.hpp:632]   --->   Operation 39 'mul' 'mul_ln632' <Predicate = true> <Delay = 0.53> <CoreInst = "DSP48">   --->   Core 132 'DSP48' <Latency = 3> <II = 1> <Delay = 0.53> <IPBlock> <Opcode : 'mul' 'add' 'sub' 'select'> <InPorts = 0> <OutPorts = 1> <Sync> <CReg>
ST_3 : Operation 40 [3/4] (0.53ns) (root node of the DSP)   --->   "%mul_ln632_1 = mul i32 %zext_ln590, i32 %zext_ln632_2" [/home/x_thileeb/repos/ops-hls-batching-new/OPS/ops/hls/include/device/../../common/include/ops_hls_common_memconfig.hpp:632]   --->   Operation 40 'mul' 'mul_ln632_1' <Predicate = true> <Delay = 0.53> <CoreInst = "DSP48">   --->   Core 132 'DSP48' <Latency = 3> <II = 1> <Delay = 0.53> <IPBlock> <Opcode : 'mul' 'add' 'sub' 'select'> <InPorts = 0> <OutPorts = 1> <Sync> <CReg>

State 4 <SV = 3> <Delay = 0.53>
ST_4 : Operation 41 [2/4] (0.53ns) (root node of the DSP)   --->   "%mul_ln632 = mul i32 %zext_ln632, i32 %zext_ln632_1" [/home/x_thileeb/repos/ops-hls-batching-new/OPS/ops/hls/include/device/../../common/include/ops_hls_common_memconfig.hpp:632]   --->   Operation 41 'mul' 'mul_ln632' <Predicate = true> <Delay = 0.53> <CoreInst = "DSP48">   --->   Core 132 'DSP48' <Latency = 3> <II = 1> <Delay = 0.53> <IPBlock> <Opcode : 'mul' 'add' 'sub' 'select'> <InPorts = 0> <OutPorts = 1> <Sync> <CReg>
ST_4 : Operation 42 [2/4] (0.53ns) (root node of the DSP)   --->   "%mul_ln632_1 = mul i32 %zext_ln590, i32 %zext_ln632_2" [/home/x_thileeb/repos/ops-hls-batching-new/OPS/ops/hls/include/device/../../common/include/ops_hls_common_memconfig.hpp:632]   --->   Operation 42 'mul' 'mul_ln632_1' <Predicate = true> <Delay = 0.53> <CoreInst = "DSP48">   --->   Core 132 'DSP48' <Latency = 3> <II = 1> <Delay = 0.53> <IPBlock> <Opcode : 'mul' 'add' 'sub' 'select'> <InPorts = 0> <OutPorts = 1> <Sync> <CReg>

State 5 <SV = 4> <Delay = 0.79>
ST_5 : Operation 43 [1/4] (0.00ns) (root node of the DSP)   --->   "%mul_ln632 = mul i32 %zext_ln632, i32 %zext_ln632_1" [/home/x_thileeb/repos/ops-hls-batching-new/OPS/ops/hls/include/device/../../common/include/ops_hls_common_memconfig.hpp:632]   --->   Operation 43 'mul' 'mul_ln632' <Predicate = true> <Delay = 0.00> <CoreInst = "DSP48">   --->   Core 132 'DSP48' <Latency = 3> <II = 1> <Delay = 0.53> <IPBlock> <Opcode : 'mul' 'add' 'sub' 'select'> <InPorts = 0> <OutPorts = 1> <Sync> <CReg>
ST_5 : Operation 44 [1/4] (0.00ns) (root node of the DSP)   --->   "%mul_ln632_1 = mul i32 %zext_ln590, i32 %zext_ln632_2" [/home/x_thileeb/repos/ops-hls-batching-new/OPS/ops/hls/include/device/../../common/include/ops_hls_common_memconfig.hpp:632]   --->   Operation 44 'mul' 'mul_ln632_1' <Predicate = true> <Delay = 0.00> <CoreInst = "DSP48">   --->   Core 132 'DSP48' <Latency = 3> <II = 1> <Delay = 0.53> <IPBlock> <Opcode : 'mul' 'add' 'sub' 'select'> <InPorts = 0> <OutPorts = 1> <Sync> <CReg>
ST_5 : Operation 45 [3/3] (0.79ns)   --->   "%config_total_xblocks = mul i32 %mul_ln632_1, i32 %mul_ln632" [/home/x_thileeb/repos/ops-hls-batching-new/OPS/ops/hls/include/device/../../common/include/ops_hls_common_memconfig.hpp:632]   --->   Operation 45 'mul' 'config_total_xblocks' <Predicate = true> <Delay = 0.79> <CoreInst = "Mul_DSP">   --->   Core 5 'Mul_DSP' <Latency = 2> <II = 1> <Delay = 1.92> <FuncUnit> <Opcode : 'mul'> <InPorts = 2> <OutPorts = 1>

State 6 <SV = 5> <Delay = 1.92>
ST_6 : Operation 46 [2/3] (1.92ns)   --->   "%config_total_xblocks = mul i32 %mul_ln632_1, i32 %mul_ln632" [/home/x_thileeb/repos/ops-hls-batching-new/OPS/ops/hls/include/device/../../common/include/ops_hls_common_memconfig.hpp:632]   --->   Operation 46 'mul' 'config_total_xblocks' <Predicate = true> <Delay = 1.92> <CoreInst = "Mul_DSP">   --->   Core 5 'Mul_DSP' <Latency = 2> <II = 1> <Delay = 1.92> <FuncUnit> <Opcode : 'mul'> <InPorts = 2> <OutPorts = 1>

State 7 <SV = 6> <Delay = 1.27>
ST_7 : Operation 47 [1/1] (0.00ns)   --->   "%spectopmodule_ln143 = spectopmodule void @_ssdm_op_SpecTopModule, void @empty_24" [/home/x_thileeb/repos/ops-hls-batching-new/codegen_apps/batching/jacobian3d/vck5000_project/hls/device/src/datamover_outerloop_0.cpp:143]   --->   Operation 47 'spectopmodule' 'spectopmodule_ln143' <Predicate = true> <Delay = 0.00>
ST_7 : Operation 48 [1/1] (0.00ns)   --->   "%specinterface_ln143 = specinterface void @_ssdm_op_SpecInterface, i32 0, void @empty_7, i32 0, i32 0, void @empty_33, i32 0, i32 0, void @empty_33, void @empty_33, void @empty_33, i32 0, i32 0, i32 0, i32 0, void @empty_33, void @empty_33, i32 4294967295, i32 0" [/home/x_thileeb/repos/ops-hls-batching-new/codegen_apps/batching/jacobian3d/vck5000_project/hls/device/src/datamover_outerloop_0.cpp:143]   --->   Operation 48 'specinterface' 'specinterface_ln143' <Predicate = true> <Delay = 0.00>
ST_7 : Operation 49 [1/1] (0.00ns)   --->   "%specinterface_ln0 = specinterface void @_ssdm_op_SpecInterface, i512 %gmem0, void @empty_34, i32 0, i32 0, void @empty_33, i32 40, i32 4096, void @empty_32, void @empty_31, void @empty_33, i32 2, i32 2, i32 64, i32 64, void @empty_33, void @empty_33, i32 4294967295, i32 0"   --->   Operation 49 'specinterface' 'specinterface_ln0' <Predicate = true> <Delay = 0.00>
ST_7 : Operation 50 [1/1] (0.00ns)   --->   "%specbitsmap_ln0 = specbitsmap void @_ssdm_op_SpecBitsMap, i512 %gmem0"   --->   Operation 50 'specbitsmap' 'specbitsmap_ln0' <Predicate = true> <Delay = 0.00>
ST_7 : Operation 51 [1/1] (0.00ns)   --->   "%specinterface_ln0 = specinterface void @_ssdm_op_SpecInterface, i512 %gmem1, void @empty_34, i32 0, i32 0, void @empty_33, i32 40, i32 4096, void @empty_27, void @empty_31, void @empty_33, i32 2, i32 2, i32 64, i32 64, void @empty_33, void @empty_33, i32 4294967295, i32 0"   --->   Operation 51 'specinterface' 'specinterface_ln0' <Predicate = true> <Delay = 0.00>
ST_7 : Operation 52 [1/1] (0.00ns)   --->   "%specbitsmap_ln0 = specbitsmap void @_ssdm_op_SpecBitsMap, i512 %gmem1"   --->   Operation 52 'specbitsmap' 'specbitsmap_ln0' <Predicate = true> <Delay = 0.00>
ST_7 : Operation 53 [1/1] (0.00ns)   --->   "%specbitsmap_ln0 = specbitsmap void @_ssdm_op_SpecBitsMap, i16 %range_start_0"   --->   Operation 53 'specbitsmap' 'specbitsmap_ln0' <Predicate = true> <Delay = 0.00>
ST_7 : Operation 54 [1/1] (0.00ns)   --->   "%specinterface_ln0 = specinterface void @_ssdm_op_SpecInterface, i16 %range_start_0, void @empty_13, i32 0, i32 0, void @empty_33, i32 0, i32 0, void @empty_12, void @empty_11, void @empty_33, i32 0, i32 0, i32 0, i32 0, void @empty_33, void @empty_33, i32 4294967295, i32 0"   --->   Operation 54 'specinterface' 'specinterface_ln0' <Predicate = true> <Delay = 0.00>
ST_7 : Operation 55 [1/1] (0.00ns)   --->   "%specinterface_ln0 = specinterface void @_ssdm_op_SpecInterface, i16 %range_start_0, void @empty_10, i32 0, i32 0, void @empty_33, i32 0, i32 0, void @empty_33, void @empty_33, void @empty_33, i32 0, i32 0, i32 0, i32 0, void @empty_33, void @empty_33, i32 4294967295, i32 0"   --->   Operation 55 'specinterface' 'specinterface_ln0' <Predicate = true> <Delay = 0.00>
ST_7 : Operation 56 [1/1] (0.00ns)   --->   "%specbitsmap_ln0 = specbitsmap void @_ssdm_op_SpecBitsMap, i16 %range_end_0"   --->   Operation 56 'specbitsmap' 'specbitsmap_ln0' <Predicate = true> <Delay = 0.00>
ST_7 : Operation 57 [1/1] (0.00ns)   --->   "%specinterface_ln0 = specinterface void @_ssdm_op_SpecInterface, i16 %range_end_0, void @empty_13, i32 0, i32 0, void @empty_33, i32 0, i32 0, void @empty_12, void @empty_9, void @empty_33, i32 0, i32 0, i32 0, i32 0, void @empty_33, void @empty_33, i32 4294967295, i32 0"   --->   Operation 57 'specinterface' 'specinterface_ln0' <Predicate = true> <Delay = 0.00>
ST_7 : Operation 58 [1/1] (0.00ns)   --->   "%specinterface_ln0 = specinterface void @_ssdm_op_SpecInterface, i16 %range_end_0, void @empty_10, i32 0, i32 0, void @empty_33, i32 0, i32 0, void @empty_33, void @empty_33, void @empty_33, i32 0, i32 0, i32 0, i32 0, void @empty_33, void @empty_33, i32 4294967295, i32 0"   --->   Operation 58 'specinterface' 'specinterface_ln0' <Predicate = true> <Delay = 0.00>
ST_7 : Operation 59 [1/1] (0.00ns)   --->   "%specbitsmap_ln0 = specbitsmap void @_ssdm_op_SpecBitsMap, i16 %range_start_1"   --->   Operation 59 'specbitsmap' 'specbitsmap_ln0' <Predicate = true> <Delay = 0.00>
ST_7 : Operation 60 [1/1] (0.00ns)   --->   "%specinterface_ln0 = specinterface void @_ssdm_op_SpecInterface, i16 %range_start_1, void @empty_13, i32 0, i32 0, void @empty_33, i32 0, i32 0, void @empty_12, void @empty_19, void @empty_33, i32 0, i32 0, i32 0, i32 0, void @empty_33, void @empty_33, i32 4294967295, i32 0"   --->   Operation 60 'specinterface' 'specinterface_ln0' <Predicate = true> <Delay = 0.00>
ST_7 : Operation 61 [1/1] (0.00ns)   --->   "%specinterface_ln0 = specinterface void @_ssdm_op_SpecInterface, i16 %range_start_1, void @empty_10, i32 0, i32 0, void @empty_33, i32 0, i32 0, void @empty_33, void @empty_33, void @empty_33, i32 0, i32 0, i32 0, i32 0, void @empty_33, void @empty_33, i32 4294967295, i32 0"   --->   Operation 61 'specinterface' 'specinterface_ln0' <Predicate = true> <Delay = 0.00>
ST_7 : Operation 62 [1/1] (0.00ns)   --->   "%specbitsmap_ln0 = specbitsmap void @_ssdm_op_SpecBitsMap, i16 %range_end_1"   --->   Operation 62 'specbitsmap' 'specbitsmap_ln0' <Predicate = true> <Delay = 0.00>
ST_7 : Operation 63 [1/1] (0.00ns)   --->   "%specinterface_ln0 = specinterface void @_ssdm_op_SpecInterface, i16 %range_end_1, void @empty_13, i32 0, i32 0, void @empty_33, i32 0, i32 0, void @empty_12, void @empty_29, void @empty_33, i32 0, i32 0, i32 0, i32 0, void @empty_33, void @empty_33, i32 4294967295, i32 0"   --->   Operation 63 'specinterface' 'specinterface_ln0' <Predicate = true> <Delay = 0.00>
ST_7 : Operation 64 [1/1] (0.00ns)   --->   "%specinterface_ln0 = specinterface void @_ssdm_op_SpecInterface, i16 %range_end_1, void @empty_10, i32 0, i32 0, void @empty_33, i32 0, i32 0, void @empty_33, void @empty_33, void @empty_33, i32 0, i32 0, i32 0, i32 0, void @empty_33, void @empty_33, i32 4294967295, i32 0"   --->   Operation 64 'specinterface' 'specinterface_ln0' <Predicate = true> <Delay = 0.00>
ST_7 : Operation 65 [1/1] (0.00ns)   --->   "%specbitsmap_ln0 = specbitsmap void @_ssdm_op_SpecBitsMap, i16 %range_start_2"   --->   Operation 65 'specbitsmap' 'specbitsmap_ln0' <Predicate = true> <Delay = 0.00>
ST_7 : Operation 66 [1/1] (0.00ns)   --->   "%specinterface_ln0 = specinterface void @_ssdm_op_SpecInterface, i16 %range_start_2, void @empty_13, i32 0, i32 0, void @empty_33, i32 0, i32 0, void @empty_12, void @empty, void @empty_33, i32 0, i32 0, i32 0, i32 0, void @empty_33, void @empty_33, i32 4294967295, i32 0"   --->   Operation 66 'specinterface' 'specinterface_ln0' <Predicate = true> <Delay = 0.00>
ST_7 : Operation 67 [1/1] (0.00ns)   --->   "%specinterface_ln0 = specinterface void @_ssdm_op_SpecInterface, i16 %range_start_2, void @empty_10, i32 0, i32 0, void @empty_33, i32 0, i32 0, void @empty_33, void @empty_33, void @empty_33, i32 0, i32 0, i32 0, i32 0, void @empty_33, void @empty_33, i32 4294967295, i32 0"   --->   Operation 67 'specinterface' 'specinterface_ln0' <Predicate = true> <Delay = 0.00>
ST_7 : Operation 68 [1/1] (0.00ns)   --->   "%specbitsmap_ln0 = specbitsmap void @_ssdm_op_SpecBitsMap, i16 %range_end_2"   --->   Operation 68 'specbitsmap' 'specbitsmap_ln0' <Predicate = true> <Delay = 0.00>
ST_7 : Operation 69 [1/1] (0.00ns)   --->   "%specinterface_ln0 = specinterface void @_ssdm_op_SpecInterface, i16 %range_end_2, void @empty_13, i32 0, i32 0, void @empty_33, i32 0, i32 0, void @empty_12, void @empty_0, void @empty_33, i32 0, i32 0, i32 0, i32 0, void @empty_33, void @empty_33, i32 4294967295, i32 0"   --->   Operation 69 'specinterface' 'specinterface_ln0' <Predicate = true> <Delay = 0.00>
ST_7 : Operation 70 [1/1] (0.00ns)   --->   "%specinterface_ln0 = specinterface void @_ssdm_op_SpecInterface, i16 %range_end_2, void @empty_10, i32 0, i32 0, void @empty_33, i32 0, i32 0, void @empty_33, void @empty_33, void @empty_33, i32 0, i32 0, i32 0, i32 0, void @empty_33, void @empty_33, i32 4294967295, i32 0"   --->   Operation 70 'specinterface' 'specinterface_ln0' <Predicate = true> <Delay = 0.00>
ST_7 : Operation 71 [1/1] (0.00ns)   --->   "%specbitsmap_ln0 = specbitsmap void @_ssdm_op_SpecBitsMap, i16 %gridSize_0"   --->   Operation 71 'specbitsmap' 'specbitsmap_ln0' <Predicate = true> <Delay = 0.00>
ST_7 : Operation 72 [1/1] (0.00ns)   --->   "%specinterface_ln0 = specinterface void @_ssdm_op_SpecInterface, i16 %gridSize_0, void @empty_13, i32 0, i32 0, void @empty_33, i32 0, i32 0, void @empty_12, void @empty_1, void @empty_33, i32 0, i32 0, i32 0, i32 0, void @empty_33, void @empty_33, i32 4294967295, i32 0"   --->   Operation 72 'specinterface' 'specinterface_ln0' <Predicate = true> <Delay = 0.00>
ST_7 : Operation 73 [1/1] (0.00ns)   --->   "%specinterface_ln0 = specinterface void @_ssdm_op_SpecInterface, i16 %gridSize_0, void @empty_10, i32 0, i32 0, void @empty_33, i32 0, i32 0, void @empty_33, void @empty_33, void @empty_33, i32 0, i32 0, i32 0, i32 0, void @empty_33, void @empty_33, i32 4294967295, i32 0"   --->   Operation 73 'specinterface' 'specinterface_ln0' <Predicate = true> <Delay = 0.00>
ST_7 : Operation 74 [1/1] (0.00ns)   --->   "%specbitsmap_ln0 = specbitsmap void @_ssdm_op_SpecBitsMap, i16 %gridSize_1"   --->   Operation 74 'specbitsmap' 'specbitsmap_ln0' <Predicate = true> <Delay = 0.00>
ST_7 : Operation 75 [1/1] (0.00ns)   --->   "%specinterface_ln0 = specinterface void @_ssdm_op_SpecInterface, i16 %gridSize_1, void @empty_13, i32 0, i32 0, void @empty_33, i32 0, i32 0, void @empty_12, void @empty_6, void @empty_33, i32 0, i32 0, i32 0, i32 0, void @empty_33, void @empty_33, i32 4294967295, i32 0"   --->   Operation 75 'specinterface' 'specinterface_ln0' <Predicate = true> <Delay = 0.00>
ST_7 : Operation 76 [1/1] (0.00ns)   --->   "%specinterface_ln0 = specinterface void @_ssdm_op_SpecInterface, i16 %gridSize_1, void @empty_10, i32 0, i32 0, void @empty_33, i32 0, i32 0, void @empty_33, void @empty_33, void @empty_33, i32 0, i32 0, i32 0, i32 0, void @empty_33, void @empty_33, i32 4294967295, i32 0"   --->   Operation 76 'specinterface' 'specinterface_ln0' <Predicate = true> <Delay = 0.00>
ST_7 : Operation 77 [1/1] (0.00ns)   --->   "%specbitsmap_ln0 = specbitsmap void @_ssdm_op_SpecBitsMap, i16 %gridSize_2"   --->   Operation 77 'specbitsmap' 'specbitsmap_ln0' <Predicate = true> <Delay = 0.00>
ST_7 : Operation 78 [1/1] (0.00ns)   --->   "%specinterface_ln0 = specinterface void @_ssdm_op_SpecInterface, i16 %gridSize_2, void @empty_13, i32 0, i32 0, void @empty_33, i32 0, i32 0, void @empty_12, void @empty_25, void @empty_33, i32 0, i32 0, i32 0, i32 0, void @empty_33, void @empty_33, i32 4294967295, i32 0"   --->   Operation 78 'specinterface' 'specinterface_ln0' <Predicate = true> <Delay = 0.00>
ST_7 : Operation 79 [1/1] (0.00ns)   --->   "%specinterface_ln0 = specinterface void @_ssdm_op_SpecInterface, i16 %gridSize_2, void @empty_10, i32 0, i32 0, void @empty_33, i32 0, i32 0, void @empty_33, void @empty_33, void @empty_33, i32 0, i32 0, i32 0, i32 0, void @empty_33, void @empty_33, i32 4294967295, i32 0"   --->   Operation 79 'specinterface' 'specinterface_ln0' <Predicate = true> <Delay = 0.00>
ST_7 : Operation 80 [1/1] (0.00ns)   --->   "%specbitsmap_ln0 = specbitsmap void @_ssdm_op_SpecBitsMap, i32 %outer_itr"   --->   Operation 80 'specbitsmap' 'specbitsmap_ln0' <Predicate = true> <Delay = 0.00>
ST_7 : Operation 81 [1/1] (0.00ns)   --->   "%specinterface_ln0 = specinterface void @_ssdm_op_SpecInterface, i32 %outer_itr, void @empty_13, i32 0, i32 0, void @empty_33, i32 0, i32 0, void @empty_12, void @empty_26, void @empty_33, i32 0, i32 0, i32 0, i32 0, void @empty_33, void @empty_33, i32 4294967295, i32 0"   --->   Operation 81 'specinterface' 'specinterface_ln0' <Predicate = true> <Delay = 0.00>
ST_7 : Operation 82 [1/1] (0.00ns)   --->   "%specinterface_ln0 = specinterface void @_ssdm_op_SpecInterface, i32 %outer_itr, void @empty_10, i32 0, i32 0, void @empty_33, i32 0, i32 0, void @empty_33, void @empty_33, void @empty_33, i32 0, i32 0, i32 0, i32 0, void @empty_33, void @empty_33, i32 4294967295, i32 0"   --->   Operation 82 'specinterface' 'specinterface_ln0' <Predicate = true> <Delay = 0.00>
ST_7 : Operation 83 [1/1] (0.00ns)   --->   "%specbitsmap_ln0 = specbitsmap void @_ssdm_op_SpecBitsMap, i16 %batch_size"   --->   Operation 83 'specbitsmap' 'specbitsmap_ln0' <Predicate = true> <Delay = 0.00>
ST_7 : Operation 84 [1/1] (0.00ns)   --->   "%specinterface_ln0 = specinterface void @_ssdm_op_SpecInterface, i16 %batch_size, void @empty_13, i32 0, i32 0, void @empty_33, i32 0, i32 0, void @empty_12, void @empty_16, void @empty_33, i32 0, i32 0, i32 0, i32 0, void @empty_33, void @empty_33, i32 4294967295, i32 0"   --->   Operation 84 'specinterface' 'specinterface_ln0' <Predicate = true> <Delay = 0.00>
ST_7 : Operation 85 [1/1] (0.00ns)   --->   "%specinterface_ln0 = specinterface void @_ssdm_op_SpecInterface, i16 %batch_size, void @empty_10, i32 0, i32 0, void @empty_33, i32 0, i32 0, void @empty_33, void @empty_33, void @empty_33, i32 0, i32 0, i32 0, i32 0, void @empty_33, void @empty_33, i32 4294967295, i32 0"   --->   Operation 85 'specinterface' 'specinterface_ln0' <Predicate = true> <Delay = 0.00>
ST_7 : Operation 86 [1/1] (0.00ns)   --->   "%specinterface_ln0 = specinterface void @_ssdm_op_SpecInterface, i64 %arg0, void @empty_13, i32 0, i32 0, void @empty_33, i32 0, i32 0, void @empty_12, void @empty_17, void @empty_33, i32 0, i32 0, i32 0, i32 0, void @empty_33, void @empty_18, i32 4294967295, i32 0"   --->   Operation 86 'specinterface' 'specinterface_ln0' <Predicate = true> <Delay = 0.00>
ST_7 : Operation 87 [1/1] (0.00ns)   --->   "%specinterface_ln0 = specinterface void @_ssdm_op_SpecInterface, i64 %arg0, void @empty_22, i32 0, i32 0, void @empty_33, i32 0, i32 0, void @empty_33, void @empty_33, void @empty_33, i32 0, i32 0, i32 0, i32 0, void @empty_33, void @empty_18, i32 4294967295, i32 0"   --->   Operation 87 'specinterface' 'specinterface_ln0' <Predicate = true> <Delay = 0.00>
ST_7 : Operation 88 [1/1] (0.00ns)   --->   "%specinterface_ln0 = specinterface void @_ssdm_op_SpecInterface, i64 %arg1, void @empty_13, i32 0, i32 0, void @empty_33, i32 0, i32 0, void @empty_12, void @empty_20, void @empty_33, i32 0, i32 0, i32 0, i32 0, void @empty_33, void @empty_18, i32 4294967295, i32 0"   --->   Operation 88 'specinterface' 'specinterface_ln0' <Predicate = true> <Delay = 0.00>
ST_7 : Operation 89 [1/1] (0.00ns)   --->   "%specinterface_ln0 = specinterface void @_ssdm_op_SpecInterface, i64 %arg1, void @empty_22, i32 0, i32 0, void @empty_33, i32 0, i32 0, void @empty_33, void @empty_33, void @empty_33, i32 0, i32 0, i32 0, i32 0, void @empty_33, void @empty_18, i32 4294967295, i32 0"   --->   Operation 89 'specinterface' 'specinterface_ln0' <Predicate = true> <Delay = 0.00>
ST_7 : Operation 90 [1/1] (0.00ns)   --->   "%specinterface_ln0 = specinterface void @_ssdm_op_SpecInterface, i256 %arg0_axis_out_V_data_V, i32 %arg0_axis_out_V_keep_V, i32 %arg0_axis_out_V_strb_V, i1 %arg0_axis_out_V_last_V, void @empty_21, i32 1, i32 1, void @empty_8, i32 0, i32 0, void @empty_33, void @empty_33, void @empty_33, i32 0, i32 0, i32 0, i32 0, void @empty_33, void @empty_33, i32 4294967295, i32 0"   --->   Operation 90 'specinterface' 'specinterface_ln0' <Predicate = true> <Delay = 0.00>
ST_7 : Operation 91 [1/1] (0.00ns)   --->   "%specbitsmap_ln0 = specbitsmap void @_ssdm_op_SpecBitsMap, i256 %arg0_axis_out_V_data_V"   --->   Operation 91 'specbitsmap' 'specbitsmap_ln0' <Predicate = true> <Delay = 0.00>
ST_7 : Operation 92 [1/1] (0.00ns)   --->   "%specbitsmap_ln0 = specbitsmap void @_ssdm_op_SpecBitsMap, i32 %arg0_axis_out_V_keep_V"   --->   Operation 92 'specbitsmap' 'specbitsmap_ln0' <Predicate = true> <Delay = 0.00>
ST_7 : Operation 93 [1/1] (0.00ns)   --->   "%specbitsmap_ln0 = specbitsmap void @_ssdm_op_SpecBitsMap, i32 %arg0_axis_out_V_strb_V"   --->   Operation 93 'specbitsmap' 'specbitsmap_ln0' <Predicate = true> <Delay = 0.00>
ST_7 : Operation 94 [1/1] (0.00ns)   --->   "%specbitsmap_ln0 = specbitsmap void @_ssdm_op_SpecBitsMap, i1 %arg0_axis_out_V_last_V"   --->   Operation 94 'specbitsmap' 'specbitsmap_ln0' <Predicate = true> <Delay = 0.00>
ST_7 : Operation 95 [1/1] (0.00ns)   --->   "%specinterface_ln0 = specinterface void @_ssdm_op_SpecInterface, i256 %arg1_axis_in_V_data_V, i32 %arg1_axis_in_V_keep_V, i32 %arg1_axis_in_V_strb_V, i1 %arg1_axis_in_V_last_V, void @empty_21, i32 1, i32 1, void @empty_8, i32 0, i32 0, void @empty_33, void @empty_33, void @empty_33, i32 0, i32 0, i32 0, i32 0, void @empty_33, void @empty_33, i32 4294967295, i32 0"   --->   Operation 95 'specinterface' 'specinterface_ln0' <Predicate = true> <Delay = 0.00>
ST_7 : Operation 96 [1/1] (0.00ns)   --->   "%specbitsmap_ln0 = specbitsmap void @_ssdm_op_SpecBitsMap, i256 %arg1_axis_in_V_data_V"   --->   Operation 96 'specbitsmap' 'specbitsmap_ln0' <Predicate = true> <Delay = 0.00>
ST_7 : Operation 97 [1/1] (0.00ns)   --->   "%specbitsmap_ln0 = specbitsmap void @_ssdm_op_SpecBitsMap, i32 %arg1_axis_in_V_keep_V"   --->   Operation 97 'specbitsmap' 'specbitsmap_ln0' <Predicate = true> <Delay = 0.00>
ST_7 : Operation 98 [1/1] (0.00ns)   --->   "%specbitsmap_ln0 = specbitsmap void @_ssdm_op_SpecBitsMap, i32 %arg1_axis_in_V_strb_V"   --->   Operation 98 'specbitsmap' 'specbitsmap_ln0' <Predicate = true> <Delay = 0.00>
ST_7 : Operation 99 [1/1] (0.00ns)   --->   "%specbitsmap_ln0 = specbitsmap void @_ssdm_op_SpecBitsMap, i1 %arg1_axis_in_V_last_V"   --->   Operation 99 'specbitsmap' 'specbitsmap_ln0' <Predicate = true> <Delay = 0.00>
ST_7 : Operation 100 [1/1] (0.00ns)   --->   "%specinterface_ln0 = specinterface void @_ssdm_op_SpecInterface, i32 0, void @empty_13, i32 0, i32 0, void @empty_33, i32 0, i32 0, void @empty_12, void @empty_33, void @empty_33, i32 0, i32 0, i32 0, i32 0, void @empty_33, void @empty_33, i32 4294967295, i32 0"   --->   Operation 100 'specinterface' 'specinterface_ln0' <Predicate = true> <Delay = 0.00>
ST_7 : Operation 101 [1/1] (0.00ns)   --->   "%specinterface_ln0 = specinterface void @_ssdm_op_SpecInterface, i512 %arg0_read_mem_strm, void @empty_23, i32 0, i32 0, void @empty_33, i32 0, i32 0, void @empty_33, void @empty_33, void @empty_33, i32 0, i32 0, i32 0, i32 0, void @empty_33, void @empty_33, i32 4294967295, i32 0"   --->   Operation 101 'specinterface' 'specinterface_ln0' <Predicate = true> <Delay = 0.00>
ST_7 : Operation 102 [1/1] (0.00ns)   --->   "%specinterface_ln0 = specinterface void @_ssdm_op_SpecInterface, i256 %arg0_read_reduced_mem_strm, void @empty_23, i32 0, i32 0, void @empty_33, i32 0, i32 0, void @empty_33, void @empty_33, void @empty_33, i32 0, i32 0, i32 0, i32 0, void @empty_33, void @empty_33, i32 4294967295, i32 0"   --->   Operation 102 'specinterface' 'specinterface_ln0' <Predicate = true> <Delay = 0.00>
ST_7 : Operation 103 [1/1] (0.00ns)   --->   "%specinterface_ln0 = specinterface void @_ssdm_op_SpecInterface, i256 %arg1_write_reduced_mem_strm, void @empty_23, i32 0, i32 0, void @empty_33, i32 0, i32 0, void @empty_33, void @empty_33, void @empty_33, i32 0, i32 0, i32 0, i32 0, void @empty_33, void @empty_33, i32 4294967295, i32 0"   --->   Operation 103 'specinterface' 'specinterface_ln0' <Predicate = true> <Delay = 0.00>
ST_7 : Operation 104 [1/1] (0.00ns)   --->   "%specinterface_ln0 = specinterface void @_ssdm_op_SpecInterface, i512 %arg1_write_mem_strm, void @empty_23, i32 0, i32 0, void @empty_33, i32 0, i32 0, void @empty_33, void @empty_33, void @empty_33, i32 0, i32 0, i32 0, i32 0, void @empty_33, void @empty_33, i32 4294967295, i32 0"   --->   Operation 104 'specinterface' 'specinterface_ln0' <Predicate = true> <Delay = 0.00>
ST_7 : Operation 105 [1/1] (1.00ns)   --->   "%arg1_read = read i64 @_ssdm_op_Read.s_axilite.i64, i64 %arg1" [/home/x_thileeb/repos/ops-hls-batching-new/codegen_apps/batching/jacobian3d/vck5000_project/hls/device/src/datamover_outerloop_0.cpp:144]   --->   Operation 105 'read' 'arg1_read' <Predicate = true> <Delay = 1.00> <CoreInst = "s_axilite">   --->   Core 126 's_axilite' <Latency = 0> <II = 1> <Delay = 1.00> <Adapter> <Opcode : 'read' 'write'>
ST_7 : Operation 106 [1/1] (1.00ns)   --->   "%arg0_read = read i64 @_ssdm_op_Read.s_axilite.i64, i64 %arg0" [/home/x_thileeb/repos/ops-hls-batching-new/codegen_apps/batching/jacobian3d/vck5000_project/hls/device/src/datamover_outerloop_0.cpp:144]   --->   Operation 106 'read' 'arg0_read' <Predicate = true> <Delay = 1.00> <CoreInst = "s_axilite">   --->   Core 126 's_axilite' <Latency = 0> <II = 1> <Delay = 1.00> <Adapter> <Opcode : 'read' 'write'>
ST_7 : Operation 107 [1/1] (1.00ns)   --->   "%outer_itr_read = read i32 @_ssdm_op_Read.ap_none.i32, i32 %outer_itr" [/home/x_thileeb/repos/ops-hls-batching-new/codegen_apps/batching/jacobian3d/vck5000_project/hls/device/src/datamover_outerloop_0.cpp:144]   --->   Operation 107 'read' 'outer_itr_read' <Predicate = true> <Delay = 1.00> <CoreInst = "s_axilite">   --->   Core 126 's_axilite' <Latency = 0> <II = 1> <Delay = 1.00> <Adapter> <Opcode : 'read' 'write'>
ST_7 : Operation 108 [1/3] (1.27ns)   --->   "%config_total_xblocks = mul i32 %mul_ln632_1, i32 %mul_ln632" [/home/x_thileeb/repos/ops-hls-batching-new/OPS/ops/hls/include/device/../../common/include/ops_hls_common_memconfig.hpp:632]   --->   Operation 108 'mul' 'config_total_xblocks' <Predicate = true> <Delay = 1.27> <CoreInst = "Mul_DSP">   --->   Core 5 'Mul_DSP' <Latency = 2> <II = 1> <Delay = 1.92> <FuncUnit> <Opcode : 'mul'> <InPorts = 2> <OutPorts = 1>
ST_7 : Operation 109 [1/1] (0.00ns)   --->   "%num_pkts = shl i32 %config_total_xblocks, i32 1" [/home/x_thileeb/repos/ops-hls-batching-new/codegen_apps/batching/jacobian3d/vck5000_project/hls/device/src/datamover_outerloop_0.cpp:215]   --->   Operation 109 'shl' 'num_pkts' <Predicate = true> <Delay = 0.00>
ST_7 : Operation 110 [1/1] (0.00ns)   --->   "%trunc_ln3 = partselect i31 @_ssdm_op_PartSelect.i31.i32.i32.i32, i32 %outer_itr_read, i32 1, i32 31" [/home/x_thileeb/repos/ops-hls-batching-new/codegen_apps/batching/jacobian3d/vck5000_project/hls/device/src/datamover_outerloop_0.cpp:112]   --->   Operation 110 'partselect' 'trunc_ln3' <Predicate = true> <Delay = 0.00>
ST_7 : Operation 111 [1/1] (0.00ns)   --->   "%br_ln113 = br void %for.inc.i" [/home/x_thileeb/repos/ops-hls-batching-new/codegen_apps/batching/jacobian3d/vck5000_project/hls/device/src/datamover_outerloop_0.cpp:113]   --->   Operation 111 'br' 'br_ln113' <Predicate = true> <Delay = 0.00>

State 8 <SV = 7> <Delay = 1.35>
ST_8 : Operation 112 [1/1] (0.00ns)   --->   "%i_1 = load i31 %i" [/home/x_thileeb/repos/ops-hls-batching-new/codegen_apps/batching/jacobian3d/vck5000_project/hls/device/src/datamover_outerloop_0.cpp:113]   --->   Operation 112 'load' 'i_1' <Predicate = true> <Delay = 0.00>
ST_8 : Operation 113 [1/1] (0.89ns)   --->   "%i_2 = add i31 %i_1, i31 1" [/home/x_thileeb/repos/ops-hls-batching-new/codegen_apps/batching/jacobian3d/vck5000_project/hls/device/src/datamover_outerloop_0.cpp:113]   --->   Operation 113 'add' 'i_2' <Predicate = true> <Delay = 0.89> <CoreInst = "Adder">   --->   Core 1 'Adder' <Latency = 0> <II = 1> <Delay = 0.89> <FuncUnit> <Opcode : 'add' 'sub'> <InPorts = 2> <OutPorts = 1>
ST_8 : Operation 114 [1/1] (0.71ns)   --->   "%icmp_ln113 = icmp_eq  i31 %i_1, i31 %trunc_ln3" [/home/x_thileeb/repos/ops-hls-batching-new/codegen_apps/batching/jacobian3d/vck5000_project/hls/device/src/datamover_outerloop_0.cpp:113]   --->   Operation 114 'icmp' 'icmp_ln113' <Predicate = true> <Delay = 0.71> <CoreInst = "Cmp">   --->   Core 9 'Cmp' <Latency = 0> <II = 1> <Delay = 0.71> <FuncUnit> <Opcode : 'icmp'> <InPorts = 2> <OutPorts = 1>
ST_8 : Operation 115 [1/1] (0.00ns)   --->   "%br_ln113 = br i1 %icmp_ln113, void %for.inc.i.split, void %_ZL41datamover_outerloop_0_dataflow_read_writejjRKN3ops3hls9MemConfigEP7ap_uintILi512EES6_RN3hls6streamINS7_4axisIS4_ILi256EELm0ELm0ELm0EEELi0EEESD_.exit.loopexit" [/home/x_thileeb/repos/ops-hls-batching-new/codegen_apps/batching/jacobian3d/vck5000_project/hls/device/src/datamover_outerloop_0.cpp:113]   --->   Operation 115 'br' 'br_ln113' <Predicate = true> <Delay = 0.00>
ST_8 : Operation 116 [1/1] (0.46ns)   --->   "%store_ln113 = store i31 %i_2, i31 %i" [/home/x_thileeb/repos/ops-hls-batching-new/codegen_apps/batching/jacobian3d/vck5000_project/hls/device/src/datamover_outerloop_0.cpp:113]   --->   Operation 116 'store' 'store_ln113' <Predicate = (!icmp_ln113)> <Delay = 0.46>

State 9 <SV = 8> <Delay = 2.43>
ST_9 : Operation 117 [2/2] (2.43ns)   --->   "%call_ln120 = call void @datamover_outerloop_0_dataflow_read_write_dataflow_region, i32 %num_pkts, i32 %config_total_xblocks, i512 %gmem0, i64 %arg0_read, i512 %gmem1, i64 %arg1_read, i256 %arg0_axis_out_V_data_V, i32 %arg0_axis_out_V_keep_V, i32 %arg0_axis_out_V_strb_V, i1 %arg0_axis_out_V_last_V, i256 %arg1_axis_in_V_data_V, i32 %arg1_axis_in_V_keep_V, i32 %arg1_axis_in_V_strb_V, i1 %arg1_axis_in_V_last_V, i512 %arg0_read_mem_strm, i256 %arg0_read_reduced_mem_strm, i256 %arg1_write_reduced_mem_strm, i512 %arg1_write_mem_strm" [/home/x_thileeb/repos/ops-hls-batching-new/codegen_apps/batching/jacobian3d/vck5000_project/hls/device/src/datamover_outerloop_0.cpp:120]   --->   Operation 117 'call' 'call_ln120' <Predicate = true> <Delay = 2.43> <CoreType = "Generic">   --->   Core 0 '' <Latency = 0> <II = 1> <Delay = 1.00> <Generic> <Opcode : >

State 10 <SV = 9> <Delay = 0.00>
ST_10 : Operation 118 [1/2] (0.00ns)   --->   "%call_ln120 = call void @datamover_outerloop_0_dataflow_read_write_dataflow_region, i32 %num_pkts, i32 %config_total_xblocks, i512 %gmem0, i64 %arg0_read, i512 %gmem1, i64 %arg1_read, i256 %arg0_axis_out_V_data_V, i32 %arg0_axis_out_V_keep_V, i32 %arg0_axis_out_V_strb_V, i1 %arg0_axis_out_V_last_V, i256 %arg1_axis_in_V_data_V, i32 %arg1_axis_in_V_keep_V, i32 %arg1_axis_in_V_strb_V, i1 %arg1_axis_in_V_last_V, i512 %arg0_read_mem_strm, i256 %arg0_read_reduced_mem_strm, i256 %arg1_write_reduced_mem_strm, i512 %arg1_write_mem_strm" [/home/x_thileeb/repos/ops-hls-batching-new/codegen_apps/batching/jacobian3d/vck5000_project/hls/device/src/datamover_outerloop_0.cpp:120]   --->   Operation 118 'call' 'call_ln120' <Predicate = true> <Delay = 0.00> <CoreType = "Generic">   --->   Core 0 '' <Latency = 0> <II = 1> <Delay = 1.00> <Generic> <Opcode : >

State 11 <SV = 10> <Delay = 2.43>
ST_11 : Operation 119 [2/2] (2.43ns)   --->   "%call_ln131 = call void @datamover_outerloop_0_dataflow_read_write_dataflow_region, i32 %num_pkts, i32 %config_total_xblocks, i512 %gmem1, i64 %arg1_read, i512 %gmem0, i64 %arg0_read, i256 %arg0_axis_out_V_data_V, i32 %arg0_axis_out_V_keep_V, i32 %arg0_axis_out_V_strb_V, i1 %arg0_axis_out_V_last_V, i256 %arg1_axis_in_V_data_V, i32 %arg1_axis_in_V_keep_V, i32 %arg1_axis_in_V_strb_V, i1 %arg1_axis_in_V_last_V, i512 %arg0_read_mem_strm, i256 %arg0_read_reduced_mem_strm, i256 %arg1_write_reduced_mem_strm, i512 %arg1_write_mem_strm" [/home/x_thileeb/repos/ops-hls-batching-new/codegen_apps/batching/jacobian3d/vck5000_project/hls/device/src/datamover_outerloop_0.cpp:131]   --->   Operation 119 'call' 'call_ln131' <Predicate = true> <Delay = 2.43> <CoreType = "Generic">   --->   Core 0 '' <Latency = 0> <II = 1> <Delay = 1.00> <Generic> <Opcode : >

State 12 <SV = 11> <Delay = 0.00>
ST_12 : Operation 120 [1/1] (0.00ns)   --->   "%specloopname_ln113 = specloopname void @_ssdm_op_SpecLoopName, void @empty_2" [/home/x_thileeb/repos/ops-hls-batching-new/codegen_apps/batching/jacobian3d/vck5000_project/hls/device/src/datamover_outerloop_0.cpp:113]   --->   Operation 120 'specloopname' 'specloopname_ln113' <Predicate = true> <Delay = 0.00>
ST_12 : Operation 121 [1/2] (0.00ns)   --->   "%call_ln131 = call void @datamover_outerloop_0_dataflow_read_write_dataflow_region, i32 %num_pkts, i32 %config_total_xblocks, i512 %gmem1, i64 %arg1_read, i512 %gmem0, i64 %arg0_read, i256 %arg0_axis_out_V_data_V, i32 %arg0_axis_out_V_keep_V, i32 %arg0_axis_out_V_strb_V, i1 %arg0_axis_out_V_last_V, i256 %arg1_axis_in_V_data_V, i32 %arg1_axis_in_V_keep_V, i32 %arg1_axis_in_V_strb_V, i1 %arg1_axis_in_V_last_V, i512 %arg0_read_mem_strm, i256 %arg0_read_reduced_mem_strm, i256 %arg1_write_reduced_mem_strm, i512 %arg1_write_mem_strm" [/home/x_thileeb/repos/ops-hls-batching-new/codegen_apps/batching/jacobian3d/vck5000_project/hls/device/src/datamover_outerloop_0.cpp:131]   --->   Operation 121 'call' 'call_ln131' <Predicate = true> <Delay = 0.00> <CoreType = "Generic">   --->   Core 0 '' <Latency = 0> <II = 1> <Delay = 1.00> <Generic> <Opcode : >
ST_12 : Operation 122 [1/1] (0.00ns)   --->   "%br_ln113 = br void %for.inc.i" [/home/x_thileeb/repos/ops-hls-batching-new/codegen_apps/batching/jacobian3d/vck5000_project/hls/device/src/datamover_outerloop_0.cpp:113]   --->   Operation 122 'br' 'br_ln113' <Predicate = true> <Delay = 0.00>

State 13 <SV = 12> <Delay = 0.00>
ST_13 : Operation 123 [1/1] (0.00ns)   --->   "%ret_ln232 = ret" [/home/x_thileeb/repos/ops-hls-batching-new/codegen_apps/batching/jacobian3d/vck5000_project/hls/device/src/datamover_outerloop_0.cpp:232]   --->   Operation 123 'ret' 'ret_ln232' <Predicate = true> <Delay = 0.00>


============================================================
+ Verbose Summary: Binding
============================================================
STG Binding: 
---------------- STG Properties BEGIN ----------------
- Is combinational: 0
- Is one-state seq: 0
- Is datapath-only: 0
- Is pipelined: 0
- Is top level: 1
Port [ Return ] is wired: 1; IO mode=ap_ctrl_chain:ce=0
Port [ gmem0]:  wired=1; compound=1; hidden=0; nouse=0; global=0; static=0; extern=0; dir=2; type=4; pingpong=0; private_global=0; IO mode=m_axi:ce=0
Port [ gmem1]:  wired=1; compound=1; hidden=0; nouse=0; global=0; static=0; extern=0; dir=2; type=4; pingpong=0; private_global=0; IO mode=m_axi:ce=0
Port [ range_start_0]:  wired=1; compound=0; hidden=0; nouse=0; global=0; static=0; extern=0; dir=0; type=0; pingpong=0; private_global=0; IO mode=ap_none:ce=0
Port [ range_end_0]:  wired=1; compound=0; hidden=0; nouse=0; global=0; static=0; extern=0; dir=0; type=0; pingpong=0; private_global=0; IO mode=ap_none:ce=0
Port [ range_start_1]:  wired=1; compound=0; hidden=0; nouse=0; global=0; static=0; extern=0; dir=0; type=0; pingpong=0; private_global=0; IO mode=ap_none:ce=0
Port [ range_end_1]:  wired=1; compound=0; hidden=0; nouse=0; global=0; static=0; extern=0; dir=0; type=0; pingpong=0; private_global=0; IO mode=ap_none:ce=0
Port [ range_start_2]:  wired=1; compound=0; hidden=0; nouse=0; global=0; static=0; extern=0; dir=0; type=0; pingpong=0; private_global=0; IO mode=ap_none:ce=0
Port [ range_end_2]:  wired=1; compound=0; hidden=0; nouse=0; global=0; static=0; extern=0; dir=0; type=0; pingpong=0; private_global=0; IO mode=ap_none:ce=0
Port [ gridSize_0]:  wired=1; compound=0; hidden=0; nouse=1; global=0; static=0; extern=0; dir=0; type=0; pingpong=0; private_global=0; IO mode=ap_none:ce=0
Port [ gridSize_1]:  wired=1; compound=0; hidden=0; nouse=1; global=0; static=0; extern=0; dir=0; type=0; pingpong=0; private_global=0; IO mode=ap_none:ce=0
Port [ gridSize_2]:  wired=1; compound=0; hidden=0; nouse=1; global=0; static=0; extern=0; dir=0; type=0; pingpong=0; private_global=0; IO mode=ap_none:ce=0
Port [ outer_itr]:  wired=1; compound=0; hidden=0; nouse=0; global=0; static=0; extern=0; dir=0; type=0; pingpong=0; private_global=0; IO mode=ap_none:ce=0
Port [ batch_size]:  wired=1; compound=0; hidden=0; nouse=0; global=0; static=0; extern=0; dir=0; type=0; pingpong=0; private_global=0; IO mode=ap_none:ce=0
Port [ arg0]:  wired=1; compound=0; hidden=0; nouse=0; global=0; static=0; extern=0; dir=0; type=0; pingpong=0; private_global=0; IO mode=ap_none:ce=0
Port [ arg1]:  wired=1; compound=0; hidden=0; nouse=0; global=0; static=0; extern=0; dir=0; type=0; pingpong=0; private_global=0; IO mode=ap_none:ce=0
Port [ arg0_axis_out_V_data_V]:  wired=1; compound=1; hidden=0; nouse=0; global=0; static=0; extern=0; dir=1; type=0; pingpong=0; private_global=0; IO mode=axis:ce=0
Port [ arg0_axis_out_V_keep_V]:  wired=1; compound=1; hidden=0; nouse=0; global=0; static=0; extern=0; dir=1; type=0; pingpong=0; private_global=0; IO mode=axis:ce=0
Port [ arg0_axis_out_V_strb_V]:  wired=1; compound=1; hidden=0; nouse=0; global=0; static=0; extern=0; dir=1; type=0; pingpong=0; private_global=0; IO mode=axis:ce=0
Port [ arg0_axis_out_V_last_V]:  wired=1; compound=1; hidden=0; nouse=0; global=0; static=0; extern=0; dir=1; type=0; pingpong=0; private_global=0; IO mode=axis:ce=0
Port [ arg1_axis_in_V_data_V]:  wired=1; compound=1; hidden=0; nouse=0; global=0; static=0; extern=0; dir=0; type=0; pingpong=0; private_global=0; IO mode=axis:ce=0
Port [ arg1_axis_in_V_keep_V]:  wired=1; compound=1; hidden=0; nouse=0; global=0; static=0; extern=0; dir=0; type=0; pingpong=0; private_global=0; IO mode=axis:ce=0
Port [ arg1_axis_in_V_strb_V]:  wired=1; compound=1; hidden=0; nouse=0; global=0; static=0; extern=0; dir=0; type=0; pingpong=0; private_global=0; IO mode=axis:ce=0
Port [ arg1_axis_in_V_last_V]:  wired=1; compound=1; hidden=0; nouse=0; global=0; static=0; extern=0; dir=0; type=0; pingpong=0; private_global=0; IO mode=axis:ce=0
Port [ arg0_read_mem_strm]:  wired=0; compound=1; hidden=1; nouse=1; global=1; static=1; extern=0; dir=2; type=3; pingpong=0; private_global=1; IO mode=ap_fifo:ce=0
Port [ arg0_read_reduced_mem_strm]:  wired=0; compound=1; hidden=1; nouse=1; global=1; static=1; extern=0; dir=2; type=3; pingpong=0; private_global=1; IO mode=ap_fifo:ce=0
Port [ arg1_write_reduced_mem_strm]:  wired=0; compound=1; hidden=1; nouse=1; global=1; static=1; extern=0; dir=2; type=3; pingpong=0; private_global=1; IO mode=ap_fifo:ce=0
Port [ arg1_write_mem_strm]:  wired=0; compound=1; hidden=1; nouse=1; global=1; static=1; extern=0; dir=2; type=3; pingpong=0; private_global=1; IO mode=ap_fifo:ce=0
---------------- STG Properties END ------------------

---------------- Datapath Model BEGIN ----------------

<LifeTime>
<method=bitvector/>
i                    (alloca       ) [ 01111111111110]
range_end_0_read     (read         ) [ 00000000000000]
zext_ln587           (zext         ) [ 00000000000000]
add_ln587            (add          ) [ 00000000000000]
tmp                  (partselect   ) [ 00100000000000]
store_ln113          (store        ) [ 00000000000000]
batch_size_read      (read         ) [ 00000000000000]
range_end_2_read     (read         ) [ 00000000000000]
range_start_2_read   (read         ) [ 00000000000000]
range_end_1_read     (read         ) [ 00000000000000]
range_start_1_read   (read         ) [ 00000000000000]
range_start_0_read   (read         ) [ 00000000000000]
trunc_ln             (partselect   ) [ 00000000000000]
zext_ln586           (zext         ) [ 00000000000000]
zext_ln587_1         (zext         ) [ 00000000000000]
num_xblocks          (sub          ) [ 00000000000000]
sext_ln590           (sext         ) [ 00000000000000]
zext_ln590           (zext         ) [ 00011100000000]
diff_y               (sub          ) [ 00000000000000]
diff_z               (sub          ) [ 00000000000000]
zext_ln632           (zext         ) [ 00011100000000]
zext_ln632_1         (zext         ) [ 00011100000000]
zext_ln632_2         (zext         ) [ 00011100000000]
mul_ln632            (mul          ) [ 00000011000000]
mul_ln632_1          (mul          ) [ 00000011000000]
spectopmodule_ln143  (spectopmodule) [ 00000000000000]
specinterface_ln143  (specinterface) [ 00000000000000]
specinterface_ln0    (specinterface) [ 00000000000000]
specbitsmap_ln0      (specbitsmap  ) [ 00000000000000]
specinterface_ln0    (specinterface) [ 00000000000000]
specbitsmap_ln0      (specbitsmap  ) [ 00000000000000]
specbitsmap_ln0      (specbitsmap  ) [ 00000000000000]
specinterface_ln0    (specinterface) [ 00000000000000]
specinterface_ln0    (specinterface) [ 00000000000000]
specbitsmap_ln0      (specbitsmap  ) [ 00000000000000]
specinterface_ln0    (specinterface) [ 00000000000000]
specinterface_ln0    (specinterface) [ 00000000000000]
specbitsmap_ln0      (specbitsmap  ) [ 00000000000000]
specinterface_ln0    (specinterface) [ 00000000000000]
specinterface_ln0    (specinterface) [ 00000000000000]
specbitsmap_ln0      (specbitsmap  ) [ 00000000000000]
specinterface_ln0    (specinterface) [ 00000000000000]
specinterface_ln0    (specinterface) [ 00000000000000]
specbitsmap_ln0      (specbitsmap  ) [ 00000000000000]
specinterface_ln0    (specinterface) [ 00000000000000]
specinterface_ln0    (specinterface) [ 00000000000000]
specbitsmap_ln0      (specbitsmap  ) [ 00000000000000]
specinterface_ln0    (specinterface) [ 00000000000000]
specinterface_ln0    (specinterface) [ 00000000000000]
specbitsmap_ln0      (specbitsmap  ) [ 00000000000000]
specinterface_ln0    (specinterface) [ 00000000000000]
specinterface_ln0    (specinterface) [ 00000000000000]
specbitsmap_ln0      (specbitsmap  ) [ 00000000000000]
specinterface_ln0    (specinterface) [ 00000000000000]
specinterface_ln0    (specinterface) [ 00000000000000]
specbitsmap_ln0      (specbitsmap  ) [ 00000000000000]
specinterface_ln0    (specinterface) [ 00000000000000]
specinterface_ln0    (specinterface) [ 00000000000000]
specbitsmap_ln0      (specbitsmap  ) [ 00000000000000]
specinterface_ln0    (specinterface) [ 00000000000000]
specinterface_ln0    (specinterface) [ 00000000000000]
specbitsmap_ln0      (specbitsmap  ) [ 00000000000000]
specinterface_ln0    (specinterface) [ 00000000000000]
specinterface_ln0    (specinterface) [ 00000000000000]
specinterface_ln0    (specinterface) [ 00000000000000]
specinterface_ln0    (specinterface) [ 00000000000000]
specinterface_ln0    (specinterface) [ 00000000000000]
specinterface_ln0    (specinterface) [ 00000000000000]
specinterface_ln0    (specinterface) [ 00000000000000]
specbitsmap_ln0      (specbitsmap  ) [ 00000000000000]
specbitsmap_ln0      (specbitsmap  ) [ 00000000000000]
specbitsmap_ln0      (specbitsmap  ) [ 00000000000000]
specbitsmap_ln0      (specbitsmap  ) [ 00000000000000]
specinterface_ln0    (specinterface) [ 00000000000000]
specbitsmap_ln0      (specbitsmap  ) [ 00000000000000]
specbitsmap_ln0      (specbitsmap  ) [ 00000000000000]
specbitsmap_ln0      (specbitsmap  ) [ 00000000000000]
specbitsmap_ln0      (specbitsmap  ) [ 00000000000000]
specinterface_ln0    (specinterface) [ 00000000000000]
specinterface_ln0    (specinterface) [ 00000000000000]
specinterface_ln0    (specinterface) [ 00000000000000]
specinterface_ln0    (specinterface) [ 00000000000000]
specinterface_ln0    (specinterface) [ 00000000000000]
arg1_read            (read         ) [ 00000000111110]
arg0_read            (read         ) [ 00000000111110]
outer_itr_read       (read         ) [ 00000000000000]
config_total_xblocks (mul          ) [ 00000000111110]
num_pkts             (shl          ) [ 00000000111110]
trunc_ln3            (partselect   ) [ 00000000111110]
br_ln113             (br           ) [ 00000000000000]
i_1                  (load         ) [ 00000000000000]
i_2                  (add          ) [ 00000000000000]
icmp_ln113           (icmp         ) [ 00000000111110]
br_ln113             (br           ) [ 00000000000000]
store_ln113          (store        ) [ 00000000000000]
call_ln120           (call         ) [ 00000000000000]
specloopname_ln113   (specloopname ) [ 00000000000000]
call_ln131           (call         ) [ 00000000000000]
br_ln113             (br           ) [ 00000000000000]
ret_ln232            (ret          ) [ 00000000000000]
</LifeTime>

<model>

<comp_list>
<comp id="0" class="1000" name="gmem0">
<pin_list>
<pin id="1" dir="1" index="0" bw="1" slack="0"/>
</pin_list>
<bind>
<StgValue><ssdm name="gmem0"/></StgValue>
</bind>
</comp>

<comp id="2" class="1000" name="gmem1">
<pin_list>
<pin id="3" dir="1" index="0" bw="1" slack="0"/>
</pin_list>
<bind>
<StgValue><ssdm name="gmem1"/></StgValue>
</bind>
</comp>

<comp id="4" class="1000" name="range_start_0">
<pin_list>
<pin id="5" dir="1" index="0" bw="1" slack="0"/>
</pin_list>
<bind>
<StgValue><ssdm name="range_start_0"/></StgValue>
</bind>
</comp>

<comp id="6" class="1000" name="range_end_0">
<pin_list>
<pin id="7" dir="1" index="0" bw="1" slack="0"/>
</pin_list>
<bind>
<StgValue><ssdm name="range_end_0"/></StgValue>
</bind>
</comp>

<comp id="8" class="1000" name="range_start_1">
<pin_list>
<pin id="9" dir="1" index="0" bw="1" slack="0"/>
</pin_list>
<bind>
<StgValue><ssdm name="range_start_1"/></StgValue>
</bind>
</comp>

<comp id="10" class="1000" name="range_end_1">
<pin_list>
<pin id="11" dir="1" index="0" bw="1" slack="0"/>
</pin_list>
<bind>
<StgValue><ssdm name="range_end_1"/></StgValue>
</bind>
</comp>

<comp id="12" class="1000" name="range_start_2">
<pin_list>
<pin id="13" dir="1" index="0" bw="1" slack="0"/>
</pin_list>
<bind>
<StgValue><ssdm name="range_start_2"/></StgValue>
</bind>
</comp>

<comp id="14" class="1000" name="range_end_2">
<pin_list>
<pin id="15" dir="1" index="0" bw="1" slack="0"/>
</pin_list>
<bind>
<StgValue><ssdm name="range_end_2"/></StgValue>
</bind>
</comp>

<comp id="16" class="1000" name="gridSize_0">
<pin_list>
<pin id="17" dir="1" index="0" bw="1" slack="2147483647"/>
</pin_list>
<bind>
<StgValue><ssdm name="gridSize_0"/></StgValue>
</bind>
</comp>

<comp id="18" class="1000" name="gridSize_1">
<pin_list>
<pin id="19" dir="1" index="0" bw="1" slack="2147483647"/>
</pin_list>
<bind>
<StgValue><ssdm name="gridSize_1"/></StgValue>
</bind>
</comp>

<comp id="20" class="1000" name="gridSize_2">
<pin_list>
<pin id="21" dir="1" index="0" bw="1" slack="2147483647"/>
</pin_list>
<bind>
<StgValue><ssdm name="gridSize_2"/></StgValue>
</bind>
</comp>

<comp id="22" class="1000" name="outer_itr">
<pin_list>
<pin id="23" dir="1" index="0" bw="1" slack="0"/>
</pin_list>
<bind>
<StgValue><ssdm name="outer_itr"/></StgValue>
</bind>
</comp>

<comp id="24" class="1000" name="batch_size">
<pin_list>
<pin id="25" dir="1" index="0" bw="1" slack="0"/>
</pin_list>
<bind>
<StgValue><ssdm name="batch_size"/></StgValue>
</bind>
</comp>

<comp id="26" class="1000" name="arg0">
<pin_list>
<pin id="27" dir="1" index="0" bw="1" slack="0"/>
</pin_list>
<bind>
<StgValue><ssdm name="arg0"/></StgValue>
</bind>
</comp>

<comp id="28" class="1000" name="arg1">
<pin_list>
<pin id="29" dir="1" index="0" bw="1" slack="0"/>
</pin_list>
<bind>
<StgValue><ssdm name="arg1"/></StgValue>
</bind>
</comp>

<comp id="30" class="1000" name="arg0_axis_out_V_data_V">
<pin_list>
<pin id="31" dir="1" index="0" bw="1" slack="0"/>
</pin_list>
<bind>
<StgValue><ssdm name="arg0_axis_out_V_data_V"/></StgValue>
</bind>
</comp>

<comp id="32" class="1000" name="arg0_axis_out_V_keep_V">
<pin_list>
<pin id="33" dir="1" index="0" bw="1" slack="0"/>
</pin_list>
<bind>
<StgValue><ssdm name="arg0_axis_out_V_keep_V"/></StgValue>
</bind>
</comp>

<comp id="34" class="1000" name="arg0_axis_out_V_strb_V">
<pin_list>
<pin id="35" dir="1" index="0" bw="1" slack="0"/>
</pin_list>
<bind>
<StgValue><ssdm name="arg0_axis_out_V_strb_V"/></StgValue>
</bind>
</comp>

<comp id="36" class="1000" name="arg0_axis_out_V_last_V">
<pin_list>
<pin id="37" dir="1" index="0" bw="1" slack="0"/>
</pin_list>
<bind>
<StgValue><ssdm name="arg0_axis_out_V_last_V"/></StgValue>
</bind>
</comp>

<comp id="38" class="1000" name="arg1_axis_in_V_data_V">
<pin_list>
<pin id="39" dir="1" index="0" bw="1" slack="0"/>
</pin_list>
<bind>
<StgValue><ssdm name="arg1_axis_in_V_data_V"/></StgValue>
</bind>
</comp>

<comp id="40" class="1000" name="arg1_axis_in_V_keep_V">
<pin_list>
<pin id="41" dir="1" index="0" bw="1" slack="0"/>
</pin_list>
<bind>
<StgValue><ssdm name="arg1_axis_in_V_keep_V"/></StgValue>
</bind>
</comp>

<comp id="42" class="1000" name="arg1_axis_in_V_strb_V">
<pin_list>
<pin id="43" dir="1" index="0" bw="1" slack="0"/>
</pin_list>
<bind>
<StgValue><ssdm name="arg1_axis_in_V_strb_V"/></StgValue>
</bind>
</comp>

<comp id="44" class="1000" name="arg1_axis_in_V_last_V">
<pin_list>
<pin id="45" dir="1" index="0" bw="1" slack="0"/>
</pin_list>
<bind>
<StgValue><ssdm name="arg1_axis_in_V_last_V"/></StgValue>
</bind>
</comp>

<comp id="46" class="1000" name="arg0_read_mem_strm">
<pin_list>
<pin id="47" dir="1" index="0" bw="1" slack="0"/>
</pin_list>
<bind>
<StgValue><ssdm name="arg0_read_mem_strm"/></StgValue>
</bind>
</comp>

<comp id="48" class="1000" name="arg0_read_reduced_mem_strm">
<pin_list>
<pin id="49" dir="1" index="0" bw="1" slack="0"/>
</pin_list>
<bind>
<StgValue><ssdm name="arg0_read_reduced_mem_strm"/></StgValue>
</bind>
</comp>

<comp id="50" class="1000" name="arg1_write_reduced_mem_strm">
<pin_list>
<pin id="51" dir="1" index="0" bw="1" slack="0"/>
</pin_list>
<bind>
<StgValue><ssdm name="arg1_write_reduced_mem_strm"/></StgValue>
</bind>
</comp>

<comp id="52" class="1000" name="arg1_write_mem_strm">
<pin_list>
<pin id="53" dir="1" index="0" bw="1" slack="0"/>
</pin_list>
<bind>
<StgValue><ssdm name="arg1_write_mem_strm"/></StgValue>
</bind>
</comp>

<comp id="54" class="1001" name="const_54">
<pin_list>
<pin id="55" dir="1" index="0" bw="1" slack="0"/>
</pin_list>
<bind>
<StgValue><ssdm name=""/></StgValue>
</bind>
</comp>

<comp id="56" class="1001" name="const_56">
<pin_list>
<pin id="57" dir="1" index="0" bw="1" slack="0"/>
</pin_list>
<bind>
<StgValue><ssdm name="_ssdm_op_Read.ap_none.i16"/></StgValue>
</bind>
</comp>

<comp id="58" class="1001" name="const_58">
<pin_list>
<pin id="59" dir="1" index="0" bw="1" slack="0"/>
</pin_list>
<bind>
<StgValue><ssdm name=""/></StgValue>
</bind>
</comp>

<comp id="60" class="1001" name="const_60">
<pin_list>
<pin id="61" dir="1" index="0" bw="1" slack="0"/>
</pin_list>
<bind>
<StgValue><ssdm name="_ssdm_op_PartSelect.i13.i17.i32.i32"/></StgValue>
</bind>
</comp>

<comp id="62" class="1001" name="const_62">
<pin_list>
<pin id="63" dir="1" index="0" bw="1" slack="0"/>
</pin_list>
<bind>
<StgValue><ssdm name=""/></StgValue>
</bind>
</comp>

<comp id="64" class="1001" name="const_64">
<pin_list>
<pin id="65" dir="1" index="0" bw="1" slack="0"/>
</pin_list>
<bind>
<StgValue><ssdm name=""/></StgValue>
</bind>
</comp>

<comp id="66" class="1001" name="const_66">
<pin_list>
<pin id="67" dir="1" index="0" bw="1" slack="0"/>
</pin_list>
<bind>
<StgValue><ssdm name=""/></StgValue>
</bind>
</comp>

<comp id="68" class="1001" name="const_68">
<pin_list>
<pin id="69" dir="1" index="0" bw="1" slack="0"/>
</pin_list>
<bind>
<StgValue><ssdm name="_ssdm_op_PartSelect.i12.i16.i32.i32"/></StgValue>
</bind>
</comp>

<comp id="70" class="1001" name="const_70">
<pin_list>
<pin id="71" dir="1" index="0" bw="1" slack="0"/>
</pin_list>
<bind>
<StgValue><ssdm name=""/></StgValue>
</bind>
</comp>

<comp id="72" class="1001" name="const_72">
<pin_list>
<pin id="73" dir="1" index="0" bw="1" slack="2147483647"/>
</pin_list>
<bind>
<StgValue><ssdm name="_ssdm_op_SpecTopModule"/></StgValue>
</bind>
</comp>

<comp id="74" class="1001" name="const_74">
<pin_list>
<pin id="75" dir="1" index="0" bw="1" slack="2147483647"/>
</pin_list>
<bind>
<StgValue><ssdm name="empty_24"/></StgValue>
</bind>
</comp>

<comp id="76" class="1001" name="const_76">
<pin_list>
<pin id="77" dir="1" index="0" bw="1" slack="2147483647"/>
</pin_list>
<bind>
<StgValue><ssdm name="_ssdm_op_SpecInterface"/></StgValue>
</bind>
</comp>

<comp id="78" class="1001" name="const_78">
<pin_list>
<pin id="79" dir="1" index="0" bw="1" slack="2147483647"/>
</pin_list>
<bind>
<StgValue><ssdm name=""/></StgValue>
</bind>
</comp>

<comp id="80" class="1001" name="const_80">
<pin_list>
<pin id="81" dir="1" index="0" bw="1" slack="2147483647"/>
</pin_list>
<bind>
<StgValue><ssdm name="empty_7"/></StgValue>
</bind>
</comp>

<comp id="82" class="1001" name="const_82">
<pin_list>
<pin id="83" dir="1" index="0" bw="1" slack="2147483647"/>
</pin_list>
<bind>
<StgValue><ssdm name="empty_33"/></StgValue>
</bind>
</comp>

<comp id="84" class="1001" name="const_84">
<pin_list>
<pin id="85" dir="1" index="0" bw="1" slack="2147483647"/>
</pin_list>
<bind>
<StgValue><ssdm name=""/></StgValue>
</bind>
</comp>

<comp id="86" class="1001" name="const_86">
<pin_list>
<pin id="87" dir="1" index="0" bw="1" slack="2147483647"/>
</pin_list>
<bind>
<StgValue><ssdm name="empty_34"/></StgValue>
</bind>
</comp>

<comp id="88" class="1001" name="const_88">
<pin_list>
<pin id="89" dir="1" index="0" bw="1" slack="2147483647"/>
</pin_list>
<bind>
<StgValue><ssdm name=""/></StgValue>
</bind>
</comp>

<comp id="90" class="1001" name="const_90">
<pin_list>
<pin id="91" dir="1" index="0" bw="1" slack="2147483647"/>
</pin_list>
<bind>
<StgValue><ssdm name=""/></StgValue>
</bind>
</comp>

<comp id="92" class="1001" name="const_92">
<pin_list>
<pin id="93" dir="1" index="0" bw="1" slack="2147483647"/>
</pin_list>
<bind>
<StgValue><ssdm name="empty_32"/></StgValue>
</bind>
</comp>

<comp id="94" class="1001" name="const_94">
<pin_list>
<pin id="95" dir="1" index="0" bw="1" slack="2147483647"/>
</pin_list>
<bind>
<StgValue><ssdm name="empty_31"/></StgValue>
</bind>
</comp>

<comp id="96" class="1001" name="const_96">
<pin_list>
<pin id="97" dir="1" index="0" bw="1" slack="2147483647"/>
</pin_list>
<bind>
<StgValue><ssdm name=""/></StgValue>
</bind>
</comp>

<comp id="98" class="1001" name="const_98">
<pin_list>
<pin id="99" dir="1" index="0" bw="1" slack="2147483647"/>
</pin_list>
<bind>
<StgValue><ssdm name=""/></StgValue>
</bind>
</comp>

<comp id="100" class="1001" name="const_100">
<pin_list>
<pin id="101" dir="1" index="0" bw="1" slack="2147483647"/>
</pin_list>
<bind>
<StgValue><ssdm name="_ssdm_op_SpecBitsMap"/></StgValue>
</bind>
</comp>

<comp id="102" class="1001" name="const_102">
<pin_list>
<pin id="103" dir="1" index="0" bw="1" slack="2147483647"/>
</pin_list>
<bind>
<StgValue><ssdm name="empty_27"/></StgValue>
</bind>
</comp>

<comp id="104" class="1001" name="const_104">
<pin_list>
<pin id="105" dir="1" index="0" bw="1" slack="2147483647"/>
</pin_list>
<bind>
<StgValue><ssdm name="empty_13"/></StgValue>
</bind>
</comp>

<comp id="106" class="1001" name="const_106">
<pin_list>
<pin id="107" dir="1" index="0" bw="1" slack="2147483647"/>
</pin_list>
<bind>
<StgValue><ssdm name="empty_12"/></StgValue>
</bind>
</comp>

<comp id="108" class="1001" name="const_108">
<pin_list>
<pin id="109" dir="1" index="0" bw="1" slack="2147483647"/>
</pin_list>
<bind>
<StgValue><ssdm name="empty_11"/></StgValue>
</bind>
</comp>

<comp id="110" class="1001" name="const_110">
<pin_list>
<pin id="111" dir="1" index="0" bw="1" slack="2147483647"/>
</pin_list>
<bind>
<StgValue><ssdm name="empty_10"/></StgValue>
</bind>
</comp>

<comp id="112" class="1001" name="const_112">
<pin_list>
<pin id="113" dir="1" index="0" bw="1" slack="2147483647"/>
</pin_list>
<bind>
<StgValue><ssdm name="empty_9"/></StgValue>
</bind>
</comp>

<comp id="114" class="1001" name="const_114">
<pin_list>
<pin id="115" dir="1" index="0" bw="1" slack="2147483647"/>
</pin_list>
<bind>
<StgValue><ssdm name="empty_19"/></StgValue>
</bind>
</comp>

<comp id="116" class="1001" name="const_116">
<pin_list>
<pin id="117" dir="1" index="0" bw="1" slack="2147483647"/>
</pin_list>
<bind>
<StgValue><ssdm name="empty_29"/></StgValue>
</bind>
</comp>

<comp id="118" class="1001" name="const_118">
<pin_list>
<pin id="119" dir="1" index="0" bw="1" slack="2147483647"/>
</pin_list>
<bind>
<StgValue><ssdm name="empty"/></StgValue>
</bind>
</comp>

<comp id="120" class="1001" name="const_120">
<pin_list>
<pin id="121" dir="1" index="0" bw="1" slack="2147483647"/>
</pin_list>
<bind>
<StgValue><ssdm name="empty_0"/></StgValue>
</bind>
</comp>

<comp id="122" class="1001" name="const_122">
<pin_list>
<pin id="123" dir="1" index="0" bw="1" slack="2147483647"/>
</pin_list>
<bind>
<StgValue><ssdm name="empty_1"/></StgValue>
</bind>
</comp>

<comp id="124" class="1001" name="const_124">
<pin_list>
<pin id="125" dir="1" index="0" bw="1" slack="2147483647"/>
</pin_list>
<bind>
<StgValue><ssdm name="empty_6"/></StgValue>
</bind>
</comp>

<comp id="126" class="1001" name="const_126">
<pin_list>
<pin id="127" dir="1" index="0" bw="1" slack="2147483647"/>
</pin_list>
<bind>
<StgValue><ssdm name="empty_25"/></StgValue>
</bind>
</comp>

<comp id="128" class="1001" name="const_128">
<pin_list>
<pin id="129" dir="1" index="0" bw="1" slack="2147483647"/>
</pin_list>
<bind>
<StgValue><ssdm name="empty_26"/></StgValue>
</bind>
</comp>

<comp id="130" class="1001" name="const_130">
<pin_list>
<pin id="131" dir="1" index="0" bw="1" slack="2147483647"/>
</pin_list>
<bind>
<StgValue><ssdm name="empty_16"/></StgValue>
</bind>
</comp>

<comp id="132" class="1001" name="const_132">
<pin_list>
<pin id="133" dir="1" index="0" bw="1" slack="2147483647"/>
</pin_list>
<bind>
<StgValue><ssdm name="empty_17"/></StgValue>
</bind>
</comp>

<comp id="134" class="1001" name="const_134">
<pin_list>
<pin id="135" dir="1" index="0" bw="1" slack="2147483647"/>
</pin_list>
<bind>
<StgValue><ssdm name="empty_18"/></StgValue>
</bind>
</comp>

<comp id="136" class="1001" name="const_136">
<pin_list>
<pin id="137" dir="1" index="0" bw="1" slack="2147483647"/>
</pin_list>
<bind>
<StgValue><ssdm name="empty_22"/></StgValue>
</bind>
</comp>

<comp id="138" class="1001" name="const_138">
<pin_list>
<pin id="139" dir="1" index="0" bw="1" slack="2147483647"/>
</pin_list>
<bind>
<StgValue><ssdm name="empty_20"/></StgValue>
</bind>
</comp>

<comp id="140" class="1001" name="const_140">
<pin_list>
<pin id="141" dir="1" index="0" bw="1" slack="2147483647"/>
</pin_list>
<bind>
<StgValue><ssdm name="empty_21"/></StgValue>
</bind>
</comp>

<comp id="142" class="1001" name="const_142">
<pin_list>
<pin id="143" dir="1" index="0" bw="1" slack="2147483647"/>
</pin_list>
<bind>
<StgValue><ssdm name="empty_8"/></StgValue>
</bind>
</comp>

<comp id="144" class="1001" name="const_144">
<pin_list>
<pin id="145" dir="1" index="0" bw="1" slack="2147483647"/>
</pin_list>
<bind>
<StgValue><ssdm name="empty_23"/></StgValue>
</bind>
</comp>

<comp id="146" class="1001" name="const_146">
<pin_list>
<pin id="147" dir="1" index="0" bw="1" slack="0"/>
</pin_list>
<bind>
<StgValue><ssdm name="_ssdm_op_Read.s_axilite.i64"/></StgValue>
</bind>
</comp>

<comp id="148" class="1001" name="const_148">
<pin_list>
<pin id="149" dir="1" index="0" bw="1" slack="0"/>
</pin_list>
<bind>
<StgValue><ssdm name="_ssdm_op_Read.ap_none.i32"/></StgValue>
</bind>
</comp>

<comp id="150" class="1001" name="const_150">
<pin_list>
<pin id="151" dir="1" index="0" bw="1" slack="0"/>
</pin_list>
<bind>
<StgValue><ssdm name="_ssdm_op_PartSelect.i31.i32.i32.i32"/></StgValue>
</bind>
</comp>

<comp id="152" class="1001" name="const_152">
<pin_list>
<pin id="153" dir="1" index="0" bw="1" slack="0"/>
</pin_list>
<bind>
<StgValue><ssdm name=""/></StgValue>
</bind>
</comp>

<comp id="154" class="1001" name="const_154">
<pin_list>
<pin id="155" dir="1" index="0" bw="1" slack="0"/>
</pin_list>
<bind>
<StgValue><ssdm name=""/></StgValue>
</bind>
</comp>

<comp id="156" class="1001" name="const_156">
<pin_list>
<pin id="157" dir="1" index="0" bw="1" slack="0"/>
</pin_list>
<bind>
<StgValue><ssdm name="datamover_outerloop_0_dataflow_read_write_dataflow_region"/></StgValue>
</bind>
</comp>

<comp id="158" class="1001" name="const_158">
<pin_list>
<pin id="159" dir="1" index="0" bw="1" slack="2147483647"/>
</pin_list>
<bind>
<StgValue><ssdm name="_ssdm_op_SpecLoopName"/></StgValue>
</bind>
</comp>

<comp id="160" class="1001" name="const_160">
<pin_list>
<pin id="161" dir="1" index="0" bw="1" slack="2147483647"/>
</pin_list>
<bind>
<StgValue><ssdm name="empty_2"/></StgValue>
</bind>
</comp>

<comp id="162" class="1004" name="i_fu_162">
<pin_list>
<pin id="163" dir="0" index="0" bw="1" slack="0"/>
<pin id="164" dir="1" index="1" bw="31" slack="0"/>
</pin_list>
<bind>
<opcode="alloca(26) " fcode="alloca"/>
<opset="i/1 "/>
</bind>
</comp>

<comp id="166" class="1004" name="range_end_0_read_read_fu_166">
<pin_list>
<pin id="167" dir="0" index="0" bw="16" slack="0"/>
<pin id="168" dir="0" index="1" bw="16" slack="0"/>
<pin id="169" dir="1" index="2" bw="16" slack="0"/>
</pin_list>
<bind>
<opcode="read(1150) " fcode="read"/>
<opset="range_end_0_read/1 "/>
</bind>
</comp>

<comp id="172" class="1004" name="batch_size_read_read_fu_172">
<pin_list>
<pin id="173" dir="0" index="0" bw="16" slack="0"/>
<pin id="174" dir="0" index="1" bw="16" slack="0"/>
<pin id="175" dir="1" index="2" bw="16" slack="0"/>
</pin_list>
<bind>
<opcode="read(1150) " fcode="read"/>
<opset="batch_size_read/2 "/>
</bind>
</comp>

<comp id="178" class="1004" name="range_end_2_read_read_fu_178">
<pin_list>
<pin id="179" dir="0" index="0" bw="16" slack="0"/>
<pin id="180" dir="0" index="1" bw="16" slack="0"/>
<pin id="181" dir="1" index="2" bw="16" slack="0"/>
</pin_list>
<bind>
<opcode="read(1150) " fcode="read"/>
<opset="range_end_2_read/2 "/>
</bind>
</comp>

<comp id="184" class="1004" name="range_start_2_read_read_fu_184">
<pin_list>
<pin id="185" dir="0" index="0" bw="16" slack="0"/>
<pin id="186" dir="0" index="1" bw="16" slack="0"/>
<pin id="187" dir="1" index="2" bw="16" slack="0"/>
</pin_list>
<bind>
<opcode="read(1150) " fcode="read"/>
<opset="range_start_2_read/2 "/>
</bind>
</comp>

<comp id="190" class="1004" name="range_end_1_read_read_fu_190">
<pin_list>
<pin id="191" dir="0" index="0" bw="16" slack="0"/>
<pin id="192" dir="0" index="1" bw="16" slack="0"/>
<pin id="193" dir="1" index="2" bw="16" slack="0"/>
</pin_list>
<bind>
<opcode="read(1150) " fcode="read"/>
<opset="range_end_1_read/2 "/>
</bind>
</comp>

<comp id="196" class="1004" name="range_start_1_read_read_fu_196">
<pin_list>
<pin id="197" dir="0" index="0" bw="16" slack="0"/>
<pin id="198" dir="0" index="1" bw="16" slack="0"/>
<pin id="199" dir="1" index="2" bw="16" slack="0"/>
</pin_list>
<bind>
<opcode="read(1150) " fcode="read"/>
<opset="range_start_1_read/2 "/>
</bind>
</comp>

<comp id="202" class="1004" name="range_start_0_read_read_fu_202">
<pin_list>
<pin id="203" dir="0" index="0" bw="16" slack="0"/>
<pin id="204" dir="0" index="1" bw="16" slack="0"/>
<pin id="205" dir="1" index="2" bw="16" slack="0"/>
</pin_list>
<bind>
<opcode="read(1150) " fcode="read"/>
<opset="range_start_0_read/2 "/>
</bind>
</comp>

<comp id="208" class="1004" name="arg1_read_read_fu_208">
<pin_list>
<pin id="209" dir="0" index="0" bw="64" slack="0"/>
<pin id="210" dir="0" index="1" bw="64" slack="0"/>
<pin id="211" dir="1" index="2" bw="64" slack="2"/>
</pin_list>
<bind>
<opcode="read(1150) " fcode="read"/>
<opset="arg1_read/7 "/>
</bind>
</comp>

<comp id="214" class="1004" name="arg0_read_read_fu_214">
<pin_list>
<pin id="215" dir="0" index="0" bw="64" slack="0"/>
<pin id="216" dir="0" index="1" bw="64" slack="0"/>
<pin id="217" dir="1" index="2" bw="64" slack="2"/>
</pin_list>
<bind>
<opcode="read(1150) " fcode="read"/>
<opset="arg0_read/7 "/>
</bind>
</comp>

<comp id="220" class="1004" name="outer_itr_read_read_fu_220">
<pin_list>
<pin id="221" dir="0" index="0" bw="32" slack="0"/>
<pin id="222" dir="0" index="1" bw="32" slack="0"/>
<pin id="223" dir="1" index="2" bw="32" slack="0"/>
</pin_list>
<bind>
<opcode="read(1150) " fcode="read"/>
<opset="outer_itr_read/7 "/>
</bind>
</comp>

<comp id="226" class="1004" name="grp_datamover_outerloop_0_dataflow_read_write_dataflow_region_fu_226">
<pin_list>
<pin id="227" dir="0" index="0" bw="0" slack="0"/>
<pin id="228" dir="0" index="1" bw="32" slack="2"/>
<pin id="229" dir="0" index="2" bw="32" slack="2"/>
<pin id="230" dir="0" index="3" bw="512" slack="0"/>
<pin id="231" dir="0" index="4" bw="64" slack="2"/>
<pin id="232" dir="0" index="5" bw="512" slack="0"/>
<pin id="233" dir="0" index="6" bw="64" slack="2"/>
<pin id="234" dir="0" index="7" bw="256" slack="0"/>
<pin id="235" dir="0" index="8" bw="32" slack="0"/>
<pin id="236" dir="0" index="9" bw="32" slack="0"/>
<pin id="237" dir="0" index="10" bw="1" slack="0"/>
<pin id="238" dir="0" index="11" bw="256" slack="0"/>
<pin id="239" dir="0" index="12" bw="32" slack="0"/>
<pin id="240" dir="0" index="13" bw="32" slack="0"/>
<pin id="241" dir="0" index="14" bw="1" slack="0"/>
<pin id="242" dir="0" index="15" bw="512" slack="0"/>
<pin id="243" dir="0" index="16" bw="256" slack="0"/>
<pin id="244" dir="0" index="17" bw="256" slack="0"/>
<pin id="245" dir="0" index="18" bw="512" slack="0"/>
<pin id="246" dir="1" index="19" bw="0" slack="2147483647"/>
</pin_list>
<bind>
<opcode="call(48) " fcode="call"/>
<opset="call_ln120/9 call_ln131/11 "/>
</bind>
</comp>

<comp id="264" class="1004" name="zext_ln587_fu_264">
<pin_list>
<pin id="265" dir="0" index="0" bw="16" slack="0"/>
<pin id="266" dir="1" index="1" bw="17" slack="0"/>
</pin_list>
<bind>
<opcode="zext(34) " fcode="zext"/>
<opset="zext_ln587/1 "/>
</bind>
</comp>

<comp id="268" class="1004" name="add_ln587_fu_268">
<pin_list>
<pin id="269" dir="0" index="0" bw="16" slack="0"/>
<pin id="270" dir="0" index="1" bw="5" slack="0"/>
<pin id="271" dir="1" index="2" bw="17" slack="0"/>
</pin_list>
<bind>
<opcode="add(8) " fcode="add"/>
<opset="add_ln587/1 "/>
</bind>
</comp>

<comp id="274" class="1004" name="tmp_fu_274">
<pin_list>
<pin id="275" dir="0" index="0" bw="13" slack="0"/>
<pin id="276" dir="0" index="1" bw="17" slack="0"/>
<pin id="277" dir="0" index="2" bw="4" slack="0"/>
<pin id="278" dir="0" index="3" bw="6" slack="0"/>
<pin id="279" dir="1" index="4" bw="13" slack="1"/>
</pin_list>
<bind>
<opcode="partselect(1002) " fcode="partselect"/>
<opset="tmp/1 "/>
</bind>
</comp>

<comp id="284" class="1004" name="store_ln113_store_fu_284">
<pin_list>
<pin id="285" dir="0" index="0" bw="1" slack="0"/>
<pin id="286" dir="0" index="1" bw="31" slack="0"/>
<pin id="287" dir="1" index="2" bw="0" slack="2147483647"/>
</pin_list>
<bind>
<opcode="store(28) " fcode="store"/>
<opset="store_ln113/1 "/>
</bind>
</comp>

<comp id="289" class="1004" name="trunc_ln_fu_289">
<pin_list>
<pin id="290" dir="0" index="0" bw="12" slack="0"/>
<pin id="291" dir="0" index="1" bw="16" slack="0"/>
<pin id="292" dir="0" index="2" bw="4" slack="0"/>
<pin id="293" dir="0" index="3" bw="5" slack="0"/>
<pin id="294" dir="1" index="4" bw="12" slack="0"/>
</pin_list>
<bind>
<opcode="partselect(1002) " fcode="partselect"/>
<opset="trunc_ln/2 "/>
</bind>
</comp>

<comp id="299" class="1004" name="zext_ln586_fu_299">
<pin_list>
<pin id="300" dir="0" index="0" bw="12" slack="0"/>
<pin id="301" dir="1" index="1" bw="14" slack="0"/>
</pin_list>
<bind>
<opcode="zext(34) " fcode="zext"/>
<opset="zext_ln586/2 "/>
</bind>
</comp>

<comp id="303" class="1004" name="zext_ln587_1_fu_303">
<pin_list>
<pin id="304" dir="0" index="0" bw="13" slack="1"/>
<pin id="305" dir="1" index="1" bw="14" slack="0"/>
</pin_list>
<bind>
<opcode="zext(34) " fcode="zext"/>
<opset="zext_ln587_1/2 "/>
</bind>
</comp>

<comp id="306" class="1004" name="num_xblocks_fu_306">
<pin_list>
<pin id="307" dir="0" index="0" bw="13" slack="0"/>
<pin id="308" dir="0" index="1" bw="12" slack="0"/>
<pin id="309" dir="1" index="2" bw="14" slack="0"/>
</pin_list>
<bind>
<opcode="sub(10) " fcode="sub"/>
<opset="num_xblocks/2 "/>
</bind>
</comp>

<comp id="312" class="1004" name="sext_ln590_fu_312">
<pin_list>
<pin id="313" dir="0" index="0" bw="14" slack="0"/>
<pin id="314" dir="1" index="1" bw="16" slack="0"/>
</pin_list>
<bind>
<opcode="sext(35) " fcode="sext"/>
<opset="sext_ln590/2 "/>
</bind>
</comp>

<comp id="316" class="1004" name="zext_ln590_fu_316">
<pin_list>
<pin id="317" dir="0" index="0" bw="14" slack="0"/>
<pin id="318" dir="1" index="1" bw="32" slack="0"/>
</pin_list>
<bind>
<opcode="zext(34) " fcode="zext"/>
<opset="zext_ln590/2 "/>
</bind>
</comp>

<comp id="320" class="1004" name="diff_y_fu_320">
<pin_list>
<pin id="321" dir="0" index="0" bw="16" slack="0"/>
<pin id="322" dir="0" index="1" bw="16" slack="0"/>
<pin id="323" dir="1" index="2" bw="16" slack="0"/>
</pin_list>
<bind>
<opcode="sub(10) " fcode="sub"/>
<opset="diff_y/2 "/>
</bind>
</comp>

<comp id="326" class="1004" name="diff_z_fu_326">
<pin_list>
<pin id="327" dir="0" index="0" bw="16" slack="0"/>
<pin id="328" dir="0" index="1" bw="16" slack="0"/>
<pin id="329" dir="1" index="2" bw="16" slack="0"/>
</pin_list>
<bind>
<opcode="sub(10) " fcode="sub"/>
<opset="diff_z/2 "/>
</bind>
</comp>

<comp id="332" class="1004" name="zext_ln632_fu_332">
<pin_list>
<pin id="333" dir="0" index="0" bw="16" slack="0"/>
<pin id="334" dir="1" index="1" bw="32" slack="0"/>
</pin_list>
<bind>
<opcode="zext(34) " fcode="zext"/>
<opset="zext_ln632/2 "/>
</bind>
</comp>

<comp id="336" class="1004" name="zext_ln632_1_fu_336">
<pin_list>
<pin id="337" dir="0" index="0" bw="16" slack="0"/>
<pin id="338" dir="1" index="1" bw="32" slack="0"/>
</pin_list>
<bind>
<opcode="zext(34) " fcode="zext"/>
<opset="zext_ln632_1/2 "/>
</bind>
</comp>

<comp id="340" class="1004" name="zext_ln632_2_fu_340">
<pin_list>
<pin id="341" dir="0" index="0" bw="16" slack="0"/>
<pin id="342" dir="1" index="1" bw="32" slack="0"/>
</pin_list>
<bind>
<opcode="zext(34) " fcode="zext"/>
<opset="zext_ln632_2/2 "/>
</bind>
</comp>

<comp id="344" class="1004" name="grp_fu_344">
<pin_list>
<pin id="345" dir="0" index="0" bw="32" slack="0"/>
<pin id="346" dir="0" index="1" bw="32" slack="0"/>
<pin id="347" dir="1" index="2" bw="32" slack="0"/>
</pin_list>
<bind>
<opcode="mul(12) " fcode="mul"/>
<opset="config_total_xblocks/5 "/>
</bind>
</comp>

<comp id="348" class="1004" name="num_pkts_fu_348">
<pin_list>
<pin id="349" dir="0" index="0" bw="32" slack="0"/>
<pin id="350" dir="0" index="1" bw="1" slack="0"/>
<pin id="351" dir="1" index="2" bw="32" slack="2"/>
</pin_list>
<bind>
<opcode="shl(20) " fcode="shl"/>
<opset="num_pkts/7 "/>
</bind>
</comp>

<comp id="354" class="1004" name="trunc_ln3_fu_354">
<pin_list>
<pin id="355" dir="0" index="0" bw="31" slack="0"/>
<pin id="356" dir="0" index="1" bw="32" slack="0"/>
<pin id="357" dir="0" index="2" bw="1" slack="0"/>
<pin id="358" dir="0" index="3" bw="6" slack="0"/>
<pin id="359" dir="1" index="4" bw="31" slack="1"/>
</pin_list>
<bind>
<opcode="partselect(1002) " fcode="partselect"/>
<opset="trunc_ln3/7 "/>
</bind>
</comp>

<comp id="364" class="1004" name="i_1_load_fu_364">
<pin_list>
<pin id="365" dir="0" index="0" bw="31" slack="7"/>
<pin id="366" dir="1" index="1" bw="31" slack="0"/>
</pin_list>
<bind>
<opcode="load(27) " fcode="load"/>
<opset="i_1/8 "/>
</bind>
</comp>

<comp id="367" class="1004" name="i_2_fu_367">
<pin_list>
<pin id="368" dir="0" index="0" bw="31" slack="0"/>
<pin id="369" dir="0" index="1" bw="1" slack="0"/>
<pin id="370" dir="1" index="2" bw="31" slack="0"/>
</pin_list>
<bind>
<opcode="add(8) " fcode="add"/>
<opset="i_2/8 "/>
</bind>
</comp>

<comp id="373" class="1004" name="icmp_ln113_fu_373">
<pin_list>
<pin id="374" dir="0" index="0" bw="31" slack="0"/>
<pin id="375" dir="0" index="1" bw="31" slack="1"/>
<pin id="376" dir="1" index="2" bw="1" slack="2147483647"/>
</pin_list>
<bind>
<opcode="icmp(45) " fcode="icmp"/>
<opset="icmp_ln113/8 "/>
</bind>
</comp>

<comp id="378" class="1004" name="store_ln113_store_fu_378">
<pin_list>
<pin id="379" dir="0" index="0" bw="31" slack="0"/>
<pin id="380" dir="0" index="1" bw="31" slack="7"/>
<pin id="381" dir="1" index="2" bw="0" slack="2147483647"/>
</pin_list>
<bind>
<opcode="store(28) " fcode="store"/>
<opset="store_ln113/8 "/>
</bind>
</comp>

<comp id="383" class="1007" name="grp_fu_383">
<pin_list>
<pin id="384" dir="0" index="0" bw="16" slack="0"/>
<pin id="385" dir="0" index="1" bw="16" slack="0"/>
<pin id="386" dir="1" index="2" bw="32" slack="0"/>
</pin_list>
<bind>
<opcode="mul(12) " fcode="mul"/>
<opset="mul_ln632/2 "/>
</bind>
</comp>

<comp id="390" class="1007" name="grp_fu_390">
<pin_list>
<pin id="391" dir="0" index="0" bw="16" slack="0"/>
<pin id="392" dir="0" index="1" bw="16" slack="0"/>
<pin id="393" dir="1" index="2" bw="32" slack="0"/>
</pin_list>
<bind>
<opcode="mul(12) " fcode="mul"/>
<opset="mul_ln632_1/2 "/>
</bind>
</comp>

<comp id="397" class="1005" name="i_reg_397">
<pin_list>
<pin id="398" dir="0" index="0" bw="31" slack="0"/>
<pin id="399" dir="1" index="1" bw="31" slack="0"/>
</pin_list>
<bind>
<opset="i "/>
</bind>
</comp>

<comp id="404" class="1005" name="tmp_reg_404">
<pin_list>
<pin id="405" dir="0" index="0" bw="13" slack="1"/>
<pin id="406" dir="1" index="1" bw="13" slack="1"/>
</pin_list>
<bind>
<opset="tmp "/>
</bind>
</comp>

<comp id="409" class="1005" name="zext_ln590_reg_409">
<pin_list>
<pin id="410" dir="0" index="0" bw="32" slack="1"/>
<pin id="411" dir="1" index="1" bw="32" slack="1"/>
</pin_list>
<bind>
<opset="zext_ln590 "/>
</bind>
</comp>

<comp id="414" class="1005" name="zext_ln632_reg_414">
<pin_list>
<pin id="415" dir="0" index="0" bw="32" slack="1"/>
<pin id="416" dir="1" index="1" bw="32" slack="1"/>
</pin_list>
<bind>
<opset="zext_ln632 "/>
</bind>
</comp>

<comp id="419" class="1005" name="zext_ln632_1_reg_419">
<pin_list>
<pin id="420" dir="0" index="0" bw="32" slack="1"/>
<pin id="421" dir="1" index="1" bw="32" slack="1"/>
</pin_list>
<bind>
<opset="zext_ln632_1 "/>
</bind>
</comp>

<comp id="424" class="1005" name="zext_ln632_2_reg_424">
<pin_list>
<pin id="425" dir="0" index="0" bw="32" slack="1"/>
<pin id="426" dir="1" index="1" bw="32" slack="1"/>
</pin_list>
<bind>
<opset="zext_ln632_2 "/>
</bind>
</comp>

<comp id="429" class="1005" name="mul_ln632_reg_429">
<pin_list>
<pin id="430" dir="0" index="0" bw="32" slack="1"/>
<pin id="431" dir="1" index="1" bw="32" slack="1"/>
</pin_list>
<bind>
<opset="mul_ln632 "/>
</bind>
</comp>

<comp id="434" class="1005" name="mul_ln632_1_reg_434">
<pin_list>
<pin id="435" dir="0" index="0" bw="32" slack="1"/>
<pin id="436" dir="1" index="1" bw="32" slack="1"/>
</pin_list>
<bind>
<opset="mul_ln632_1 "/>
</bind>
</comp>

<comp id="439" class="1005" name="arg1_read_reg_439">
<pin_list>
<pin id="440" dir="0" index="0" bw="64" slack="2"/>
<pin id="441" dir="1" index="1" bw="64" slack="2"/>
</pin_list>
<bind>
<opset="arg1_read "/>
</bind>
</comp>

<comp id="445" class="1005" name="arg0_read_reg_445">
<pin_list>
<pin id="446" dir="0" index="0" bw="64" slack="2"/>
<pin id="447" dir="1" index="1" bw="64" slack="2"/>
</pin_list>
<bind>
<opset="arg0_read "/>
</bind>
</comp>

<comp id="451" class="1005" name="config_total_xblocks_reg_451">
<pin_list>
<pin id="452" dir="0" index="0" bw="32" slack="2"/>
<pin id="453" dir="1" index="1" bw="32" slack="2"/>
</pin_list>
<bind>
<opset="config_total_xblocks "/>
</bind>
</comp>

<comp id="456" class="1005" name="num_pkts_reg_456">
<pin_list>
<pin id="457" dir="0" index="0" bw="32" slack="2"/>
<pin id="458" dir="1" index="1" bw="32" slack="2"/>
</pin_list>
<bind>
<opset="num_pkts "/>
</bind>
</comp>

<comp id="461" class="1005" name="trunc_ln3_reg_461">
<pin_list>
<pin id="462" dir="0" index="0" bw="31" slack="1"/>
<pin id="463" dir="1" index="1" bw="31" slack="1"/>
</pin_list>
<bind>
<opset="trunc_ln3 "/>
</bind>
</comp>

</comp_list>

<net_list>
<net id="165"><net_src comp="54" pin="0"/><net_sink comp="162" pin=0"/></net>

<net id="170"><net_src comp="56" pin="0"/><net_sink comp="166" pin=0"/></net>

<net id="171"><net_src comp="6" pin="0"/><net_sink comp="166" pin=1"/></net>

<net id="176"><net_src comp="56" pin="0"/><net_sink comp="172" pin=0"/></net>

<net id="177"><net_src comp="24" pin="0"/><net_sink comp="172" pin=1"/></net>

<net id="182"><net_src comp="56" pin="0"/><net_sink comp="178" pin=0"/></net>

<net id="183"><net_src comp="14" pin="0"/><net_sink comp="178" pin=1"/></net>

<net id="188"><net_src comp="56" pin="0"/><net_sink comp="184" pin=0"/></net>

<net id="189"><net_src comp="12" pin="0"/><net_sink comp="184" pin=1"/></net>

<net id="194"><net_src comp="56" pin="0"/><net_sink comp="190" pin=0"/></net>

<net id="195"><net_src comp="10" pin="0"/><net_sink comp="190" pin=1"/></net>

<net id="200"><net_src comp="56" pin="0"/><net_sink comp="196" pin=0"/></net>

<net id="201"><net_src comp="8" pin="0"/><net_sink comp="196" pin=1"/></net>

<net id="206"><net_src comp="56" pin="0"/><net_sink comp="202" pin=0"/></net>

<net id="207"><net_src comp="4" pin="0"/><net_sink comp="202" pin=1"/></net>

<net id="212"><net_src comp="146" pin="0"/><net_sink comp="208" pin=0"/></net>

<net id="213"><net_src comp="28" pin="0"/><net_sink comp="208" pin=1"/></net>

<net id="218"><net_src comp="146" pin="0"/><net_sink comp="214" pin=0"/></net>

<net id="219"><net_src comp="26" pin="0"/><net_sink comp="214" pin=1"/></net>

<net id="224"><net_src comp="148" pin="0"/><net_sink comp="220" pin=0"/></net>

<net id="225"><net_src comp="22" pin="0"/><net_sink comp="220" pin=1"/></net>

<net id="247"><net_src comp="156" pin="0"/><net_sink comp="226" pin=0"/></net>

<net id="248"><net_src comp="0" pin="0"/><net_sink comp="226" pin=3"/></net>

<net id="249"><net_src comp="2" pin="0"/><net_sink comp="226" pin=5"/></net>

<net id="250"><net_src comp="30" pin="0"/><net_sink comp="226" pin=7"/></net>

<net id="251"><net_src comp="32" pin="0"/><net_sink comp="226" pin=8"/></net>

<net id="252"><net_src comp="34" pin="0"/><net_sink comp="226" pin=9"/></net>

<net id="253"><net_src comp="36" pin="0"/><net_sink comp="226" pin=10"/></net>

<net id="254"><net_src comp="38" pin="0"/><net_sink comp="226" pin=11"/></net>

<net id="255"><net_src comp="40" pin="0"/><net_sink comp="226" pin=12"/></net>

<net id="256"><net_src comp="42" pin="0"/><net_sink comp="226" pin=13"/></net>

<net id="257"><net_src comp="44" pin="0"/><net_sink comp="226" pin=14"/></net>

<net id="258"><net_src comp="46" pin="0"/><net_sink comp="226" pin=15"/></net>

<net id="259"><net_src comp="48" pin="0"/><net_sink comp="226" pin=16"/></net>

<net id="260"><net_src comp="50" pin="0"/><net_sink comp="226" pin=17"/></net>

<net id="261"><net_src comp="52" pin="0"/><net_sink comp="226" pin=18"/></net>

<net id="262"><net_src comp="2" pin="0"/><net_sink comp="226" pin=3"/></net>

<net id="263"><net_src comp="0" pin="0"/><net_sink comp="226" pin=5"/></net>

<net id="267"><net_src comp="166" pin="2"/><net_sink comp="264" pin=0"/></net>

<net id="272"><net_src comp="264" pin="1"/><net_sink comp="268" pin=0"/></net>

<net id="273"><net_src comp="58" pin="0"/><net_sink comp="268" pin=1"/></net>

<net id="280"><net_src comp="60" pin="0"/><net_sink comp="274" pin=0"/></net>

<net id="281"><net_src comp="268" pin="2"/><net_sink comp="274" pin=1"/></net>

<net id="282"><net_src comp="62" pin="0"/><net_sink comp="274" pin=2"/></net>

<net id="283"><net_src comp="64" pin="0"/><net_sink comp="274" pin=3"/></net>

<net id="288"><net_src comp="66" pin="0"/><net_sink comp="284" pin=0"/></net>

<net id="295"><net_src comp="68" pin="0"/><net_sink comp="289" pin=0"/></net>

<net id="296"><net_src comp="202" pin="2"/><net_sink comp="289" pin=1"/></net>

<net id="297"><net_src comp="62" pin="0"/><net_sink comp="289" pin=2"/></net>

<net id="298"><net_src comp="70" pin="0"/><net_sink comp="289" pin=3"/></net>

<net id="302"><net_src comp="289" pin="4"/><net_sink comp="299" pin=0"/></net>

<net id="310"><net_src comp="303" pin="1"/><net_sink comp="306" pin=0"/></net>

<net id="311"><net_src comp="299" pin="1"/><net_sink comp="306" pin=1"/></net>

<net id="315"><net_src comp="306" pin="2"/><net_sink comp="312" pin=0"/></net>

<net id="319"><net_src comp="312" pin="1"/><net_sink comp="316" pin=0"/></net>

<net id="324"><net_src comp="190" pin="2"/><net_sink comp="320" pin=0"/></net>

<net id="325"><net_src comp="196" pin="2"/><net_sink comp="320" pin=1"/></net>

<net id="330"><net_src comp="178" pin="2"/><net_sink comp="326" pin=0"/></net>

<net id="331"><net_src comp="184" pin="2"/><net_sink comp="326" pin=1"/></net>

<net id="335"><net_src comp="320" pin="2"/><net_sink comp="332" pin=0"/></net>

<net id="339"><net_src comp="326" pin="2"/><net_sink comp="336" pin=0"/></net>

<net id="343"><net_src comp="172" pin="2"/><net_sink comp="340" pin=0"/></net>

<net id="352"><net_src comp="344" pin="2"/><net_sink comp="348" pin=0"/></net>

<net id="353"><net_src comp="54" pin="0"/><net_sink comp="348" pin=1"/></net>

<net id="360"><net_src comp="150" pin="0"/><net_sink comp="354" pin=0"/></net>

<net id="361"><net_src comp="220" pin="2"/><net_sink comp="354" pin=1"/></net>

<net id="362"><net_src comp="54" pin="0"/><net_sink comp="354" pin=2"/></net>

<net id="363"><net_src comp="152" pin="0"/><net_sink comp="354" pin=3"/></net>

<net id="371"><net_src comp="364" pin="1"/><net_sink comp="367" pin=0"/></net>

<net id="372"><net_src comp="154" pin="0"/><net_sink comp="367" pin=1"/></net>

<net id="377"><net_src comp="364" pin="1"/><net_sink comp="373" pin=0"/></net>

<net id="382"><net_src comp="367" pin="2"/><net_sink comp="378" pin=0"/></net>

<net id="387"><net_src comp="332" pin="1"/><net_sink comp="383" pin=0"/></net>

<net id="388"><net_src comp="336" pin="1"/><net_sink comp="383" pin=1"/></net>

<net id="389"><net_src comp="383" pin="2"/><net_sink comp="344" pin=1"/></net>

<net id="394"><net_src comp="316" pin="1"/><net_sink comp="390" pin=0"/></net>

<net id="395"><net_src comp="340" pin="1"/><net_sink comp="390" pin=1"/></net>

<net id="396"><net_src comp="390" pin="2"/><net_sink comp="344" pin=0"/></net>

<net id="400"><net_src comp="162" pin="1"/><net_sink comp="397" pin=0"/></net>

<net id="401"><net_src comp="397" pin="1"/><net_sink comp="284" pin=1"/></net>

<net id="402"><net_src comp="397" pin="1"/><net_sink comp="364" pin=0"/></net>

<net id="403"><net_src comp="397" pin="1"/><net_sink comp="378" pin=1"/></net>

<net id="407"><net_src comp="274" pin="4"/><net_sink comp="404" pin=0"/></net>

<net id="408"><net_src comp="404" pin="1"/><net_sink comp="303" pin=0"/></net>

<net id="412"><net_src comp="316" pin="1"/><net_sink comp="409" pin=0"/></net>

<net id="413"><net_src comp="409" pin="1"/><net_sink comp="390" pin=0"/></net>

<net id="417"><net_src comp="332" pin="1"/><net_sink comp="414" pin=0"/></net>

<net id="418"><net_src comp="414" pin="1"/><net_sink comp="383" pin=0"/></net>

<net id="422"><net_src comp="336" pin="1"/><net_sink comp="419" pin=0"/></net>

<net id="423"><net_src comp="419" pin="1"/><net_sink comp="383" pin=1"/></net>

<net id="427"><net_src comp="340" pin="1"/><net_sink comp="424" pin=0"/></net>

<net id="428"><net_src comp="424" pin="1"/><net_sink comp="390" pin=1"/></net>

<net id="432"><net_src comp="383" pin="2"/><net_sink comp="429" pin=0"/></net>

<net id="433"><net_src comp="429" pin="1"/><net_sink comp="344" pin=1"/></net>

<net id="437"><net_src comp="390" pin="2"/><net_sink comp="434" pin=0"/></net>

<net id="438"><net_src comp="434" pin="1"/><net_sink comp="344" pin=0"/></net>

<net id="442"><net_src comp="208" pin="2"/><net_sink comp="439" pin=0"/></net>

<net id="443"><net_src comp="439" pin="1"/><net_sink comp="226" pin=6"/></net>

<net id="444"><net_src comp="439" pin="1"/><net_sink comp="226" pin=4"/></net>

<net id="448"><net_src comp="214" pin="2"/><net_sink comp="445" pin=0"/></net>

<net id="449"><net_src comp="445" pin="1"/><net_sink comp="226" pin=4"/></net>

<net id="450"><net_src comp="445" pin="1"/><net_sink comp="226" pin=6"/></net>

<net id="454"><net_src comp="344" pin="2"/><net_sink comp="451" pin=0"/></net>

<net id="455"><net_src comp="451" pin="1"/><net_sink comp="226" pin=2"/></net>

<net id="459"><net_src comp="348" pin="2"/><net_sink comp="456" pin=0"/></net>

<net id="460"><net_src comp="456" pin="1"/><net_sink comp="226" pin=1"/></net>

<net id="464"><net_src comp="354" pin="4"/><net_sink comp="461" pin=0"/></net>

<net id="465"><net_src comp="461" pin="1"/><net_sink comp="373" pin=1"/></net>

</net_list>

</model> 
---------------- Datapath Model END ------------------

* FSMD analyzer results:
  - Output states:
	Port: gmem0 | {11 12 }
	Port: gmem1 | {9 10 }
	Port: arg0_axis_out_V_data_V | {9 10 11 12 }
	Port: arg0_axis_out_V_keep_V | {9 10 11 12 }
	Port: arg0_axis_out_V_strb_V | {9 10 11 12 }
	Port: arg0_axis_out_V_last_V | {9 10 11 12 }
	Port: arg0_read_mem_strm | {9 10 11 12 }
	Port: arg0_read_reduced_mem_strm | {9 10 11 12 }
	Port: arg1_write_reduced_mem_strm | {9 10 11 12 }
	Port: arg1_write_mem_strm | {9 10 11 12 }
 - Input state : 
	Port: datamover_outerloop_0 : gmem0 | {9 10 }
	Port: datamover_outerloop_0 : gmem1 | {11 12 }
	Port: datamover_outerloop_0 : range_start_0 | {2 }
	Port: datamover_outerloop_0 : range_end_0 | {1 }
	Port: datamover_outerloop_0 : range_start_1 | {2 }
	Port: datamover_outerloop_0 : range_end_1 | {2 }
	Port: datamover_outerloop_0 : range_start_2 | {2 }
	Port: datamover_outerloop_0 : range_end_2 | {2 }
	Port: datamover_outerloop_0 : outer_itr | {7 }
	Port: datamover_outerloop_0 : batch_size | {2 }
	Port: datamover_outerloop_0 : arg0 | {7 }
	Port: datamover_outerloop_0 : arg1 | {7 }
	Port: datamover_outerloop_0 : arg1_axis_in_V_data_V | {9 10 11 12 }
	Port: datamover_outerloop_0 : arg1_axis_in_V_keep_V | {9 10 11 12 }
	Port: datamover_outerloop_0 : arg1_axis_in_V_strb_V | {9 10 11 12 }
	Port: datamover_outerloop_0 : arg1_axis_in_V_last_V | {9 10 11 12 }
	Port: datamover_outerloop_0 : arg0_read_mem_strm | {9 10 11 12 }
	Port: datamover_outerloop_0 : arg0_read_reduced_mem_strm | {9 10 11 12 }
	Port: datamover_outerloop_0 : arg1_write_reduced_mem_strm | {9 10 11 12 }
	Port: datamover_outerloop_0 : arg1_write_mem_strm | {9 10 11 12 }
  - Chain level:
	State 1
		add_ln587 : 1
		tmp : 2
		store_ln113 : 1
	State 2
		zext_ln586 : 1
		num_xblocks : 2
		sext_ln590 : 3
		zext_ln590 : 4
		zext_ln632 : 1
		zext_ln632_1 : 1
		mul_ln632 : 2
		mul_ln632_1 : 5
	State 3
	State 4
	State 5
		config_total_xblocks : 1
	State 6
	State 7
		num_pkts : 1
	State 8
		i_2 : 1
		icmp_ln113 : 1
		br_ln113 : 2
		store_ln113 : 2
	State 9
	State 10
	State 11
	State 12
	State 13


============================================================
+ Verbose Summary: Datapath Resource usage 
============================================================

* Functional unit list:
|----------|----------------------------------------------------------------------|---------|---------|---------|---------|
| Operation|                            Functional Unit                           |   DSP   |  Delay  |    FF   |   LUT   |
|----------|----------------------------------------------------------------------|---------|---------|---------|---------|
|   call   | grp_datamover_outerloop_0_dataflow_read_write_dataflow_region_fu_226 |    0    |  6.859  |  11760  |   7411  |
|----------|----------------------------------------------------------------------|---------|---------|---------|---------|
|          |                              grp_fu_344                              |    4    |    0    |    46   |    42   |
|    mul   |                              grp_fu_383                              |    1    |    0    |    0    |    0    |
|          |                              grp_fu_390                              |    1    |    0    |    0    |    0    |
|----------|----------------------------------------------------------------------|---------|---------|---------|---------|
|    add   |                           add_ln587_fu_268                           |    0    |    0    |    0    |    16   |
|          |                              i_2_fu_367                              |    0    |    0    |    0    |    31   |
|----------|----------------------------------------------------------------------|---------|---------|---------|---------|
|          |                          num_xblocks_fu_306                          |    0    |    0    |    0    |    13   |
|    sub   |                             diff_y_fu_320                            |    0    |    0    |    0    |    16   |
|          |                             diff_z_fu_326                            |    0    |    0    |    0    |    16   |
|----------|----------------------------------------------------------------------|---------|---------|---------|---------|
|   icmp   |                           icmp_ln113_fu_373                          |    0    |    0    |    0    |    15   |
|----------|----------------------------------------------------------------------|---------|---------|---------|---------|
|          |                     range_end_0_read_read_fu_166                     |    0    |    0    |    0    |    0    |
|          |                      batch_size_read_read_fu_172                     |    0    |    0    |    0    |    0    |
|          |                     range_end_2_read_read_fu_178                     |    0    |    0    |    0    |    0    |
|          |                    range_start_2_read_read_fu_184                    |    0    |    0    |    0    |    0    |
|   read   |                     range_end_1_read_read_fu_190                     |    0    |    0    |    0    |    0    |
|          |                    range_start_1_read_read_fu_196                    |    0    |    0    |    0    |    0    |
|          |                    range_start_0_read_read_fu_202                    |    0    |    0    |    0    |    0    |
|          |                         arg1_read_read_fu_208                        |    0    |    0    |    0    |    0    |
|          |                         arg0_read_read_fu_214                        |    0    |    0    |    0    |    0    |
|          |                      outer_itr_read_read_fu_220                      |    0    |    0    |    0    |    0    |
|----------|----------------------------------------------------------------------|---------|---------|---------|---------|
|          |                           zext_ln587_fu_264                          |    0    |    0    |    0    |    0    |
|          |                           zext_ln586_fu_299                          |    0    |    0    |    0    |    0    |
|          |                          zext_ln587_1_fu_303                         |    0    |    0    |    0    |    0    |
|   zext   |                           zext_ln590_fu_316                          |    0    |    0    |    0    |    0    |
|          |                           zext_ln632_fu_332                          |    0    |    0    |    0    |    0    |
|          |                          zext_ln632_1_fu_336                         |    0    |    0    |    0    |    0    |
|          |                          zext_ln632_2_fu_340                         |    0    |    0    |    0    |    0    |
|----------|----------------------------------------------------------------------|---------|---------|---------|---------|
|          |                              tmp_fu_274                              |    0    |    0    |    0    |    0    |
|partselect|                            trunc_ln_fu_289                           |    0    |    0    |    0    |    0    |
|          |                           trunc_ln3_fu_354                           |    0    |    0    |    0    |    0    |
|----------|----------------------------------------------------------------------|---------|---------|---------|---------|
|   sext   |                           sext_ln590_fu_312                          |    0    |    0    |    0    |    0    |
|----------|----------------------------------------------------------------------|---------|---------|---------|---------|
|    shl   |                            num_pkts_fu_348                           |    0    |    0    |    0    |    0    |
|----------|----------------------------------------------------------------------|---------|---------|---------|---------|
|   Total  |                                                                      |    6    |  6.859  |  11806  |   7560  |
|----------|----------------------------------------------------------------------|---------|---------|---------|---------|

Memories:
N/A

* Register list:
+----------------------------+--------+
|                            |   FF   |
+----------------------------+--------+
|      arg0_read_reg_445     |   64   |
|      arg1_read_reg_439     |   64   |
|config_total_xblocks_reg_451|   32   |
|          i_reg_397         |   31   |
|     mul_ln632_1_reg_434    |   32   |
|      mul_ln632_reg_429     |   32   |
|      num_pkts_reg_456      |   32   |
|         tmp_reg_404        |   13   |
|      trunc_ln3_reg_461     |   31   |
|     zext_ln590_reg_409     |   32   |
|    zext_ln632_1_reg_419    |   32   |
|    zext_ln632_2_reg_424    |   32   |
|     zext_ln632_reg_414     |   32   |
+----------------------------+--------+
|            Total           |   459  |
+----------------------------+--------+

* Multiplexer (MUX) list: 
|----------------------------------------------------------------------|------|------|------|--------||---------||---------|
|                                 Comp                                 |  Pin | Size |  BW  | S x BW ||  Delay  ||   LUT   |
|----------------------------------------------------------------------|------|------|------|--------||---------||---------|
| grp_datamover_outerloop_0_dataflow_read_write_dataflow_region_fu_226 |  p3  |   2  |  512 |  1024  ||   121   |
| grp_datamover_outerloop_0_dataflow_read_write_dataflow_region_fu_226 |  p4  |   2  |  64  |   128  ||    58   |
| grp_datamover_outerloop_0_dataflow_read_write_dataflow_region_fu_226 |  p5  |   2  |  512 |  1024  ||   121   |
| grp_datamover_outerloop_0_dataflow_read_write_dataflow_region_fu_226 |  p6  |   2  |  64  |   128  ||    58   |
|                              grp_fu_344                              |  p0  |   2  |  32  |   64   ||    32   |
|                              grp_fu_344                              |  p1  |   2  |  32  |   64   ||    32   |
|                              grp_fu_383                              |  p0  |   2  |  16  |   32   ||    15   |
|                              grp_fu_383                              |  p1  |   2  |  16  |   32   ||    15   |
|                              grp_fu_390                              |  p0  |   2  |  16  |   32   ||    15   |
|                              grp_fu_390                              |  p1  |   2  |  16  |   32   ||    15   |
|----------------------------------------------------------------------|------|------|------|--------||---------||---------|
|                                 Total                                |      |      |      |  2560  ||   4.58  ||   482   |
|----------------------------------------------------------------------|------|------|------|--------||---------||---------|



* Summary:
+-----------+--------+--------+--------+--------+
|           |   DSP  |  Delay |   FF   |   LUT  |
+-----------+--------+--------+--------+--------+
|  Function |    6   |    6   |  11806 |  7560  |
|   Memory  |    -   |    -   |    -   |    -   |
|Multiplexer|    -   |    4   |    -   |   482  |
|  Register |    -   |    -   |   459  |    -   |
+-----------+--------+--------+--------+--------+
|   Total   |    6   |   11   |  12265 |  8042  |
+-----------+--------+--------+--------+--------+
