

================================================================
== Vitis HLS Report for 'kernel_poisson_kernel_stencil_PE_unsigned_short_4_unsigned_short_0_8'
================================================================
* Date:           Tue Aug 11 20:37:51 2026

* Version:        2022.2 (Build 3670227 on Oct 13 2022)
* Project:        kernel_outerloop_0_1
* Solution:       solution (Vitis Kernel Flow Target)
* Product family: virtexuplus
* Target device:  xcu280-fsvh2892-2L-e


================================================================
== Performance Estimates
================================================================
+ Timing: 
    * Summary: 
    +--------+---------+----------+------------+
    |  Clock |  Target | Estimated| Uncertainty|
    +--------+---------+----------+------------+
    |ap_clk  |  3.33 ns|  2.433 ns|     0.90 ns|
    +--------+---------+----------+------------+

+ Latency: 
    * Summary: 
    +---------+---------+----------+----------+-----+-----+---------+
    |  Latency (cycles) |  Latency (absolute) |  Interval | Pipeline|
    |   min   |   max   |    min   |    max   | min | max |   Type  |
    +---------+---------+----------+----------+-----+-----+---------+
    |        ?|        ?|         ?|         ?|    ?|    ?|       no|
    +---------+---------+----------+----------+-----+-----+---------+

    + Detail: 
        * Instance: 
        +-------------------------+--------------+---------+---------+----------+----------+-----+-----+---------+
        |                         |              |  Latency (cycles) |  Latency (absolute) |  Interval | Pipeline|
        |         Instance        |    Module    |   min   |   max   |    min   |    max   | min | max |   Type  |
        +-------------------------+--------------+---------+---------+----------+----------+-----+-----+---------+
        |grp_stencilRun_3_fu_350  |stencilRun_3  |        ?|        ?|         ?|         ?|    ?|    ?|       no|
        +-------------------------+--------------+---------+---------+----------+----------+-----+-----+---------+

        * Loop: 
        N/A



================================================================
== Utilization Estimates
================================================================
* Summary: 
+---------------------+---------+------+---------+---------+-----+
|         Name        | BRAM_18K|  DSP |    FF   |   LUT   | URAM|
+---------------------+---------+------+---------+---------+-----+
|DSP                  |        -|     -|        -|        -|    -|
|Expression           |        -|     -|        0|        2|    -|
|FIFO                 |        -|     -|        -|        -|    -|
|Instance             |        8|   130|    33245|    23298|    8|
|Memory               |        -|     -|        -|        -|    -|
|Multiplexer          |        -|     -|        -|      362|    -|
|Register             |        -|     -|       84|        -|    -|
+---------------------+---------+------+---------+---------+-----+
|Total                |        8|   130|    33329|    23662|    8|
+---------------------+---------+------+---------+---------+-----+
|Available SLR        |     1344|  3008|   869120|   434560|  320|
+---------------------+---------+------+---------+---------+-----+
|Utilization SLR (%)  |       ~0|     4|        3|        5|    2|
+---------------------+---------+------+---------+---------+-----+
|Available            |     4032|  9024|  2607360|  1303680|  960|
+---------------------+---------+------+---------+---------+-----+
|Utilization (%)      |       ~0|     1|        1|        1|   ~0|
+---------------------+---------+------+---------+---------+-----+

+ Detail: 
    * Instance: 
    +-------------------------+--------------+---------+-----+-------+-------+-----+
    |         Instance        |    Module    | BRAM_18K| DSP |   FF  |  LUT  | URAM|
    +-------------------------+--------------+---------+-----+-------+-------+-----+
    |grp_stencilRun_3_fu_350  |stencilRun_3  |        8|  130|  33245|  23298|    8|
    +-------------------------+--------------+---------+-----+-------+-------+-----+
    |Total                    |              |        8|  130|  33245|  23298|    8|
    +-------------------------+--------------+---------+-----+-------+-------+-----+

    * DSP: 
    N/A

    * Memory: 
    N/A

    * FIFO: 
    N/A

    * Expression: 
    +-----------------+----------+----+---+----+------------+------------+
    |  Variable Name  | Operation| DSP| FF| LUT| Bitwidth P0| Bitwidth P1|
    +-----------------+----------+----+---+----+------------+------------+
    |ap_block_state1  |        or|   0|  0|   2|           1|           1|
    +-----------------+----------+----+---+----+------------+------------+
    |Total            |          |   0|  0|   2|           1|           1|
    +-----------------+----------+----+---+----+------------+------------+

    * Multiplexer: 
    +----------------------------------------------------------+----+-----------+-----+-----------+
    |                           Name                           | LUT| Input Size| Bits| Total Bits|
    +----------------------------------------------------------+----+-----------+-----+-----------+
    |ap_NS_fsm                                                 |  20|          4|    1|          4|
    |ap_done                                                   |   9|          2|    1|          2|
    |arg0_poisson_kernel_stencil_in_subtile_stream_1_0_read    |   9|          2|    1|          2|
    |arg0_poisson_kernel_stencil_in_subtile_stream_1_1_read    |   9|          2|    1|          2|
    |arg1_poisson_kernel_stencil_out_subtile_stream_1_0_write  |   9|          2|    1|          2|
    |arg1_poisson_kernel_stencil_out_subtile_stream_1_1_write  |   9|          2|    1|          2|
    |real_start                                                |   9|          2|    1|          2|
    |stencilConfig_0_0_c67_blk_n                               |   9|          2|    1|          2|
    |stencilConfig_0_0_c68_blk_n                               |   9|          2|    1|          2|
    |stencilConfig_0_0_c69_blk_n                               |   9|          2|    1|          2|
    |stencilConfig_0_0_c_blk_n                                 |   9|          2|    1|          2|
    |stencilConfig_0_1_c78_blk_n                               |   9|          2|    1|          2|
    |stencilConfig_0_1_c79_blk_n                               |   9|          2|    1|          2|
    |stencilConfig_0_1_c80_blk_n                               |   9|          2|    1|          2|
    |stencilConfig_0_1_c_blk_n                                 |   9|          2|    1|          2|
    |stencilConfig_2_c89_blk_n                                 |   9|          2|    1|          2|
    |stencilConfig_2_c90_blk_n                                 |   9|          2|    1|          2|
    |stencilConfig_2_c91_blk_n                                 |   9|          2|    1|          2|
    |stencilConfig_2_c_blk_n                                   |   9|          2|    1|          2|
    |stencilConfig_3_c100_blk_n                                |   9|          2|    1|          2|
    |stencilConfig_3_c101_blk_n                                |   9|          2|    1|          2|
    |stencilConfig_3_c102_blk_n                                |   9|          2|    1|          2|
    |stencilConfig_3_c_blk_n                                   |   9|          2|    1|          2|
    |stencilConfig_4_0_c_blk_n                                 |   9|          2|    1|          2|
    |stencilConfig_5_0_c113_blk_n                              |   9|          2|    1|          2|
    |stencilConfig_5_0_c114_blk_n                              |   9|          2|    1|          2|
    |stencilConfig_5_0_c115_blk_n                              |   9|          2|    1|          2|
    |stencilConfig_5_0_c_blk_n                                 |   9|          2|    1|          2|
    |stencilConfig_6_c124_blk_n                                |   9|          2|    1|          2|
    |stencilConfig_6_c125_blk_n                                |   9|          2|    1|          2|
    |stencilConfig_6_c126_blk_n                                |   9|          2|    1|          2|
    |stencilConfig_6_c_blk_n                                   |   9|          2|    1|          2|
    |stencilConfig_is_first_0_blk_n                            |   9|          2|    1|          2|
    |stencilConfig_is_last_0_blk_n                             |   9|          2|    1|          2|
    |stencilConfig_last_tile_upper_limit_x_blk_n               |   9|          2|    1|          2|
    |stencilConfig_line_diff_blk_n                             |   9|          2|    1|          2|
    |stencilConfig_outer_loop_limit_blk_n                      |   9|          2|    1|          2|
    |stencilConfig_tile_size_0_blk_n                           |   9|          2|    1|          2|
    |stencilConfig_tile_size_1_blk_n                           |   9|          2|    1|          2|
    +----------------------------------------------------------+----+-----------+-----+-----------+
    |Total                                                     | 362|         80|   39|         80|
    +----------------------------------------------------------+----+-----------+-----+-----------+

    * Register: 
    +---------------------------------------------------------+----+----+-----+-----------+
    |                           Name                          | FF | LUT| Bits| Const Bits|
    +---------------------------------------------------------+----+----+-----+-----------+
    |ap_CS_fsm                                                |   3|   0|    3|          0|
    |ap_done_reg                                              |   1|   0|    1|          0|
    |grp_stencilRun_3_fu_350_ap_start_reg                     |   1|   0|    1|          0|
    |start_once_reg                                           |   1|   0|    1|          0|
    |stencil_m_stencilConfig_is_first_0_reg_381               |   1|   0|    1|          0|
    |stencil_m_stencilConfig_is_last_0_reg_376                |   1|   0|    1|          0|
    |stencil_m_stencilConfig_last_tile_upper_limit_x_reg_386  |  16|   0|   16|          0|
    |stencil_m_stencilConfig_line_diff_reg_371                |  14|   0|   14|          0|
    |stencil_m_stencilConfig_outer_loop_limit_reg_391         |  16|   0|   16|          0|
    |stencil_m_stencilConfig_tile_size_0_reg_401              |  14|   0|   14|          0|
    |stencil_m_stencilConfig_tile_size_1_reg_396              |  16|   0|   16|          0|
    +---------------------------------------------------------+----+----+-----+-----------+
    |Total                                                    |  84|   0|   84|          0|
    +---------------------------------------------------------+----+----+-----+-----------+



================================================================
== Interface
================================================================
* Summary: 
+-------------------------------------------------------------------+-----+-----+------------+--------------------------------------------------------------------------+--------------+
|                             RTL Ports                             | Dir | Bits|  Protocol  |                               Source Object                              |    C Type    |
+-------------------------------------------------------------------+-----+-----+------------+--------------------------------------------------------------------------+--------------+
|ap_clk                                                             |   in|    1|  ap_ctrl_hs|  kernel_poisson_kernel_stencil_PE<(unsigned short)4, (unsigned short)0>.8|  return value|
|ap_rst                                                             |   in|    1|  ap_ctrl_hs|  kernel_poisson_kernel_stencil_PE<(unsigned short)4, (unsigned short)0>.8|  return value|
|ap_start                                                           |   in|    1|  ap_ctrl_hs|  kernel_poisson_kernel_stencil_PE<(unsigned short)4, (unsigned short)0>.8|  return value|
|start_full_n                                                       |   in|    1|  ap_ctrl_hs|  kernel_poisson_kernel_stencil_PE<(unsigned short)4, (unsigned short)0>.8|  return value|
|ap_done                                                            |  out|    1|  ap_ctrl_hs|  kernel_poisson_kernel_stencil_PE<(unsigned short)4, (unsigned short)0>.8|  return value|
|ap_continue                                                        |   in|    1|  ap_ctrl_hs|  kernel_poisson_kernel_stencil_PE<(unsigned short)4, (unsigned short)0>.8|  return value|
|ap_idle                                                            |  out|    1|  ap_ctrl_hs|  kernel_poisson_kernel_stencil_PE<(unsigned short)4, (unsigned short)0>.8|  return value|
|ap_ready                                                           |  out|    1|  ap_ctrl_hs|  kernel_poisson_kernel_stencil_PE<(unsigned short)4, (unsigned short)0>.8|  return value|
|start_out                                                          |  out|    1|  ap_ctrl_hs|  kernel_poisson_kernel_stencil_PE<(unsigned short)4, (unsigned short)0>.8|  return value|
|start_write                                                        |  out|    1|  ap_ctrl_hs|  kernel_poisson_kernel_stencil_PE<(unsigned short)4, (unsigned short)0>.8|  return value|
|stencilConfig_tile_size_0_dout                                     |   in|   14|     ap_fifo|                                                 stencilConfig_tile_size_0|       pointer|
|stencilConfig_tile_size_0_num_data_valid                           |   in|    3|     ap_fifo|                                                 stencilConfig_tile_size_0|       pointer|
|stencilConfig_tile_size_0_fifo_cap                                 |   in|    3|     ap_fifo|                                                 stencilConfig_tile_size_0|       pointer|
|stencilConfig_tile_size_0_empty_n                                  |   in|    1|     ap_fifo|                                                 stencilConfig_tile_size_0|       pointer|
|stencilConfig_tile_size_0_read                                     |  out|    1|     ap_fifo|                                                 stencilConfig_tile_size_0|       pointer|
|stencilConfig_tile_size_1_dout                                     |   in|   16|     ap_fifo|                                                 stencilConfig_tile_size_1|       pointer|
|stencilConfig_tile_size_1_num_data_valid                           |   in|    3|     ap_fifo|                                                 stencilConfig_tile_size_1|       pointer|
|stencilConfig_tile_size_1_fifo_cap                                 |   in|    3|     ap_fifo|                                                 stencilConfig_tile_size_1|       pointer|
|stencilConfig_tile_size_1_empty_n                                  |   in|    1|     ap_fifo|                                                 stencilConfig_tile_size_1|       pointer|
|stencilConfig_tile_size_1_read                                     |  out|    1|     ap_fifo|                                                 stencilConfig_tile_size_1|       pointer|
|stencilConfig_outer_loop_limit_dout                                |   in|   16|     ap_fifo|                                            stencilConfig_outer_loop_limit|       pointer|
|stencilConfig_outer_loop_limit_num_data_valid                      |   in|    3|     ap_fifo|                                            stencilConfig_outer_loop_limit|       pointer|
|stencilConfig_outer_loop_limit_fifo_cap                            |   in|    3|     ap_fifo|                                            stencilConfig_outer_loop_limit|       pointer|
|stencilConfig_outer_loop_limit_empty_n                             |   in|    1|     ap_fifo|                                            stencilConfig_outer_loop_limit|       pointer|
|stencilConfig_outer_loop_limit_read                                |  out|    1|     ap_fifo|                                            stencilConfig_outer_loop_limit|       pointer|
|stencilConfig_last_tile_upper_limit_x_dout                         |   in|   16|     ap_fifo|                                     stencilConfig_last_tile_upper_limit_x|       pointer|
|stencilConfig_last_tile_upper_limit_x_num_data_valid               |   in|    3|     ap_fifo|                                     stencilConfig_last_tile_upper_limit_x|       pointer|
|stencilConfig_last_tile_upper_limit_x_fifo_cap                     |   in|    3|     ap_fifo|                                     stencilConfig_last_tile_upper_limit_x|       pointer|
|stencilConfig_last_tile_upper_limit_x_empty_n                      |   in|    1|     ap_fifo|                                     stencilConfig_last_tile_upper_limit_x|       pointer|
|stencilConfig_last_tile_upper_limit_x_read                         |  out|    1|     ap_fifo|                                     stencilConfig_last_tile_upper_limit_x|       pointer|
|stencilConfig_is_first_0_dout                                      |   in|    1|     ap_fifo|                                                  stencilConfig_is_first_0|       pointer|
|stencilConfig_is_first_0_num_data_valid                            |   in|    3|     ap_fifo|                                                  stencilConfig_is_first_0|       pointer|
|stencilConfig_is_first_0_fifo_cap                                  |   in|    3|     ap_fifo|                                                  stencilConfig_is_first_0|       pointer|
|stencilConfig_is_first_0_empty_n                                   |   in|    1|     ap_fifo|                                                  stencilConfig_is_first_0|       pointer|
|stencilConfig_is_first_0_read                                      |  out|    1|     ap_fifo|                                                  stencilConfig_is_first_0|       pointer|
|stencilConfig_is_last_0_dout                                       |   in|    1|     ap_fifo|                                                   stencilConfig_is_last_0|       pointer|
|stencilConfig_is_last_0_num_data_valid                             |   in|    3|     ap_fifo|                                                   stencilConfig_is_last_0|       pointer|
|stencilConfig_is_last_0_fifo_cap                                   |   in|    3|     ap_fifo|                                                   stencilConfig_is_last_0|       pointer|
|stencilConfig_is_last_0_empty_n                                    |   in|    1|     ap_fifo|                                                   stencilConfig_is_last_0|       pointer|
|stencilConfig_is_last_0_read                                       |  out|    1|     ap_fifo|                                                   stencilConfig_is_last_0|       pointer|
|stencilConfig_line_diff_dout                                       |   in|   14|     ap_fifo|                                                   stencilConfig_line_diff|       pointer|
|stencilConfig_line_diff_num_data_valid                             |   in|    3|     ap_fifo|                                                   stencilConfig_line_diff|       pointer|
|stencilConfig_line_diff_fifo_cap                                   |   in|    3|     ap_fifo|                                                   stencilConfig_line_diff|       pointer|
|stencilConfig_line_diff_empty_n                                    |   in|    1|     ap_fifo|                                                   stencilConfig_line_diff|       pointer|
|stencilConfig_line_diff_read                                       |  out|    1|     ap_fifo|                                                   stencilConfig_line_diff|       pointer|
|arg0_poisson_kernel_stencil_in_subtile_stream_1_0_dout             |   in|  288|     ap_fifo|                         arg0_poisson_kernel_stencil_in_subtile_stream_1_0|       pointer|
|arg0_poisson_kernel_stencil_in_subtile_stream_1_0_num_data_valid   |   in|    2|     ap_fifo|                         arg0_poisson_kernel_stencil_in_subtile_stream_1_0|       pointer|
|arg0_poisson_kernel_stencil_in_subtile_stream_1_0_fifo_cap         |   in|    2|     ap_fifo|                         arg0_poisson_kernel_stencil_in_subtile_stream_1_0|       pointer|
|arg0_poisson_kernel_stencil_in_subtile_stream_1_0_empty_n          |   in|    1|     ap_fifo|                         arg0_poisson_kernel_stencil_in_subtile_stream_1_0|       pointer|
|arg0_poisson_kernel_stencil_in_subtile_stream_1_0_read             |  out|    1|     ap_fifo|                         arg0_poisson_kernel_stencil_in_subtile_stream_1_0|       pointer|
|arg0_poisson_kernel_stencil_in_subtile_stream_1_1_dout             |   in|  288|     ap_fifo|                         arg0_poisson_kernel_stencil_in_subtile_stream_1_1|       pointer|
|arg0_poisson_kernel_stencil_in_subtile_stream_1_1_num_data_valid   |   in|    2|     ap_fifo|                         arg0_poisson_kernel_stencil_in_subtile_stream_1_1|       pointer|
|arg0_poisson_kernel_stencil_in_subtile_stream_1_1_fifo_cap         |   in|    2|     ap_fifo|                         arg0_poisson_kernel_stencil_in_subtile_stream_1_1|       pointer|
|arg0_poisson_kernel_stencil_in_subtile_stream_1_1_empty_n          |   in|    1|     ap_fifo|                         arg0_poisson_kernel_stencil_in_subtile_stream_1_1|       pointer|
|arg0_poisson_kernel_stencil_in_subtile_stream_1_1_read             |  out|    1|     ap_fifo|                         arg0_poisson_kernel_stencil_in_subtile_stream_1_1|       pointer|
|arg1_poisson_kernel_stencil_out_subtile_stream_1_0_din             |  out|  288|     ap_fifo|                        arg1_poisson_kernel_stencil_out_subtile_stream_1_0|       pointer|
|arg1_poisson_kernel_stencil_out_subtile_stream_1_0_num_data_valid  |   in|    2|     ap_fifo|                        arg1_poisson_kernel_stencil_out_subtile_stream_1_0|       pointer|
|arg1_poisson_kernel_stencil_out_subtile_stream_1_0_fifo_cap        |   in|    2|     ap_fifo|                        arg1_poisson_kernel_stencil_out_subtile_stream_1_0|       pointer|
|arg1_poisson_kernel_stencil_out_subtile_stream_1_0_full_n          |   in|    1|     ap_fifo|                        arg1_poisson_kernel_stencil_out_subtile_stream_1_0|       pointer|
|arg1_poisson_kernel_stencil_out_subtile_stream_1_0_write           |  out|    1|     ap_fifo|                        arg1_poisson_kernel_stencil_out_subtile_stream_1_0|       pointer|
|arg1_poisson_kernel_stencil_out_subtile_stream_1_1_din             |  out|  288|     ap_fifo|                        arg1_poisson_kernel_stencil_out_subtile_stream_1_1|       pointer|
|arg1_poisson_kernel_stencil_out_subtile_stream_1_1_num_data_valid  |   in|    2|     ap_fifo|                        arg1_poisson_kernel_stencil_out_subtile_stream_1_1|       pointer|
|arg1_poisson_kernel_stencil_out_subtile_stream_1_1_fifo_cap        |   in|    2|     ap_fifo|                        arg1_poisson_kernel_stencil_out_subtile_stream_1_1|       pointer|
|arg1_poisson_kernel_stencil_out_subtile_stream_1_1_full_n          |   in|    1|     ap_fifo|                        arg1_poisson_kernel_stencil_out_subtile_stream_1_1|       pointer|
|arg1_poisson_kernel_stencil_out_subtile_stream_1_1_write           |  out|    1|     ap_fifo|                        arg1_poisson_kernel_stencil_out_subtile_stream_1_1|       pointer|
|stencilConfig_0_0_c_din                                            |  out|   14|     ap_fifo|                                                       stencilConfig_0_0_c|       pointer|
|stencilConfig_0_0_c_num_data_valid                                 |   in|    3|     ap_fifo|                                                       stencilConfig_0_0_c|       pointer|
|stencilConfig_0_0_c_fifo_cap                                       |   in|    3|     ap_fifo|                                                       stencilConfig_0_0_c|       pointer|
|stencilConfig_0_0_c_full_n                                         |   in|    1|     ap_fifo|                                                       stencilConfig_0_0_c|       pointer|
|stencilConfig_0_0_c_write                                          |  out|    1|     ap_fifo|                                                       stencilConfig_0_0_c|       pointer|
|stencilConfig_0_0_c67_din                                          |  out|   14|     ap_fifo|                                                     stencilConfig_0_0_c67|       pointer|
|stencilConfig_0_0_c67_num_data_valid                               |   in|    3|     ap_fifo|                                                     stencilConfig_0_0_c67|       pointer|
|stencilConfig_0_0_c67_fifo_cap                                     |   in|    3|     ap_fifo|                                                     stencilConfig_0_0_c67|       pointer|
|stencilConfig_0_0_c67_full_n                                       |   in|    1|     ap_fifo|                                                     stencilConfig_0_0_c67|       pointer|
|stencilConfig_0_0_c67_write                                        |  out|    1|     ap_fifo|                                                     stencilConfig_0_0_c67|       pointer|
|stencilConfig_0_0_c68_din                                          |  out|   14|     ap_fifo|                                                     stencilConfig_0_0_c68|       pointer|
|stencilConfig_0_0_c68_num_data_valid                               |   in|    3|     ap_fifo|                                                     stencilConfig_0_0_c68|       pointer|
|stencilConfig_0_0_c68_fifo_cap                                     |   in|    3|     ap_fifo|                                                     stencilConfig_0_0_c68|       pointer|
|stencilConfig_0_0_c68_full_n                                       |   in|    1|     ap_fifo|                                                     stencilConfig_0_0_c68|       pointer|
|stencilConfig_0_0_c68_write                                        |  out|    1|     ap_fifo|                                                     stencilConfig_0_0_c68|       pointer|
|stencilConfig_0_0_c69_din                                          |  out|   14|     ap_fifo|                                                     stencilConfig_0_0_c69|       pointer|
|stencilConfig_0_0_c69_num_data_valid                               |   in|    3|     ap_fifo|                                                     stencilConfig_0_0_c69|       pointer|
|stencilConfig_0_0_c69_fifo_cap                                     |   in|    3|     ap_fifo|                                                     stencilConfig_0_0_c69|       pointer|
|stencilConfig_0_0_c69_full_n                                       |   in|    1|     ap_fifo|                                                     stencilConfig_0_0_c69|       pointer|
|stencilConfig_0_0_c69_write                                        |  out|    1|     ap_fifo|                                                     stencilConfig_0_0_c69|       pointer|
|stencilConfig_0_1_c_din                                            |  out|   16|     ap_fifo|                                                       stencilConfig_0_1_c|       pointer|
|stencilConfig_0_1_c_num_data_valid                                 |   in|    3|     ap_fifo|                                                       stencilConfig_0_1_c|       pointer|
|stencilConfig_0_1_c_fifo_cap                                       |   in|    3|     ap_fifo|                                                       stencilConfig_0_1_c|       pointer|
|stencilConfig_0_1_c_full_n                                         |   in|    1|     ap_fifo|                                                       stencilConfig_0_1_c|       pointer|
|stencilConfig_0_1_c_write                                          |  out|    1|     ap_fifo|                                                       stencilConfig_0_1_c|       pointer|
|stencilConfig_0_1_c78_din                                          |  out|   16|     ap_fifo|                                                     stencilConfig_0_1_c78|       pointer|
|stencilConfig_0_1_c78_num_data_valid                               |   in|    3|     ap_fifo|                                                     stencilConfig_0_1_c78|       pointer|
|stencilConfig_0_1_c78_fifo_cap                                     |   in|    3|     ap_fifo|                                                     stencilConfig_0_1_c78|       pointer|
|stencilConfig_0_1_c78_full_n                                       |   in|    1|     ap_fifo|                                                     stencilConfig_0_1_c78|       pointer|
|stencilConfig_0_1_c78_write                                        |  out|    1|     ap_fifo|                                                     stencilConfig_0_1_c78|       pointer|
|stencilConfig_0_1_c79_din                                          |  out|   16|     ap_fifo|                                                     stencilConfig_0_1_c79|       pointer|
|stencilConfig_0_1_c79_num_data_valid                               |   in|    3|     ap_fifo|                                                     stencilConfig_0_1_c79|       pointer|
|stencilConfig_0_1_c79_fifo_cap                                     |   in|    3|     ap_fifo|                                                     stencilConfig_0_1_c79|       pointer|
|stencilConfig_0_1_c79_full_n                                       |   in|    1|     ap_fifo|                                                     stencilConfig_0_1_c79|       pointer|
|stencilConfig_0_1_c79_write                                        |  out|    1|     ap_fifo|                                                     stencilConfig_0_1_c79|       pointer|
|stencilConfig_0_1_c80_din                                          |  out|   16|     ap_fifo|                                                     stencilConfig_0_1_c80|       pointer|
|stencilConfig_0_1_c80_num_data_valid                               |   in|    3|     ap_fifo|                                                     stencilConfig_0_1_c80|       pointer|
|stencilConfig_0_1_c80_fifo_cap                                     |   in|    3|     ap_fifo|                                                     stencilConfig_0_1_c80|       pointer|
|stencilConfig_0_1_c80_full_n                                       |   in|    1|     ap_fifo|                                                     stencilConfig_0_1_c80|       pointer|
|stencilConfig_0_1_c80_write                                        |  out|    1|     ap_fifo|                                                     stencilConfig_0_1_c80|       pointer|
|stencilConfig_2_c_din                                              |  out|   16|     ap_fifo|                                                         stencilConfig_2_c|       pointer|
|stencilConfig_2_c_num_data_valid                                   |   in|    3|     ap_fifo|                                                         stencilConfig_2_c|       pointer|
|stencilConfig_2_c_fifo_cap                                         |   in|    3|     ap_fifo|                                                         stencilConfig_2_c|       pointer|
|stencilConfig_2_c_full_n                                           |   in|    1|     ap_fifo|                                                         stencilConfig_2_c|       pointer|
|stencilConfig_2_c_write                                            |  out|    1|     ap_fifo|                                                         stencilConfig_2_c|       pointer|
|stencilConfig_2_c89_din                                            |  out|   16|     ap_fifo|                                                       stencilConfig_2_c89|       pointer|
|stencilConfig_2_c89_num_data_valid                                 |   in|    3|     ap_fifo|                                                       stencilConfig_2_c89|       pointer|
|stencilConfig_2_c89_fifo_cap                                       |   in|    3|     ap_fifo|                                                       stencilConfig_2_c89|       pointer|
|stencilConfig_2_c89_full_n                                         |   in|    1|     ap_fifo|                                                       stencilConfig_2_c89|       pointer|
|stencilConfig_2_c89_write                                          |  out|    1|     ap_fifo|                                                       stencilConfig_2_c89|       pointer|
|stencilConfig_2_c90_din                                            |  out|   16|     ap_fifo|                                                       stencilConfig_2_c90|       pointer|
|stencilConfig_2_c90_num_data_valid                                 |   in|    3|     ap_fifo|                                                       stencilConfig_2_c90|       pointer|
|stencilConfig_2_c90_fifo_cap                                       |   in|    3|     ap_fifo|                                                       stencilConfig_2_c90|       pointer|
|stencilConfig_2_c90_full_n                                         |   in|    1|     ap_fifo|                                                       stencilConfig_2_c90|       pointer|
|stencilConfig_2_c90_write                                          |  out|    1|     ap_fifo|                                                       stencilConfig_2_c90|       pointer|
|stencilConfig_2_c91_din                                            |  out|   16|     ap_fifo|                                                       stencilConfig_2_c91|       pointer|
|stencilConfig_2_c91_num_data_valid                                 |   in|    3|     ap_fifo|                                                       stencilConfig_2_c91|       pointer|
|stencilConfig_2_c91_fifo_cap                                       |   in|    3|     ap_fifo|                                                       stencilConfig_2_c91|       pointer|
|stencilConfig_2_c91_full_n                                         |   in|    1|     ap_fifo|                                                       stencilConfig_2_c91|       pointer|
|stencilConfig_2_c91_write                                          |  out|    1|     ap_fifo|                                                       stencilConfig_2_c91|       pointer|
|stencilConfig_3_c_din                                              |  out|   16|     ap_fifo|                                                         stencilConfig_3_c|       pointer|
|stencilConfig_3_c_num_data_valid                                   |   in|    3|     ap_fifo|                                                         stencilConfig_3_c|       pointer|
|stencilConfig_3_c_fifo_cap                                         |   in|    3|     ap_fifo|                                                         stencilConfig_3_c|       pointer|
|stencilConfig_3_c_full_n                                           |   in|    1|     ap_fifo|                                                         stencilConfig_3_c|       pointer|
|stencilConfig_3_c_write                                            |  out|    1|     ap_fifo|                                                         stencilConfig_3_c|       pointer|
|stencilConfig_3_c100_din                                           |  out|   16|     ap_fifo|                                                      stencilConfig_3_c100|       pointer|
|stencilConfig_3_c100_num_data_valid                                |   in|    3|     ap_fifo|                                                      stencilConfig_3_c100|       pointer|
|stencilConfig_3_c100_fifo_cap                                      |   in|    3|     ap_fifo|                                                      stencilConfig_3_c100|       pointer|
|stencilConfig_3_c100_full_n                                        |   in|    1|     ap_fifo|                                                      stencilConfig_3_c100|       pointer|
|stencilConfig_3_c100_write                                         |  out|    1|     ap_fifo|                                                      stencilConfig_3_c100|       pointer|
|stencilConfig_3_c101_din                                           |  out|   16|     ap_fifo|                                                      stencilConfig_3_c101|       pointer|
|stencilConfig_3_c101_num_data_valid                                |   in|    3|     ap_fifo|                                                      stencilConfig_3_c101|       pointer|
|stencilConfig_3_c101_fifo_cap                                      |   in|    3|     ap_fifo|                                                      stencilConfig_3_c101|       pointer|
|stencilConfig_3_c101_full_n                                        |   in|    1|     ap_fifo|                                                      stencilConfig_3_c101|       pointer|
|stencilConfig_3_c101_write                                         |  out|    1|     ap_fifo|                                                      stencilConfig_3_c101|       pointer|
|stencilConfig_3_c102_din                                           |  out|   16|     ap_fifo|                                                      stencilConfig_3_c102|       pointer|
|stencilConfig_3_c102_num_data_valid                                |   in|    3|     ap_fifo|                                                      stencilConfig_3_c102|       pointer|
|stencilConfig_3_c102_fifo_cap                                      |   in|    3|     ap_fifo|                                                      stencilConfig_3_c102|       pointer|
|stencilConfig_3_c102_full_n                                        |   in|    1|     ap_fifo|                                                      stencilConfig_3_c102|       pointer|
|stencilConfig_3_c102_write                                         |  out|    1|     ap_fifo|                                                      stencilConfig_3_c102|       pointer|
|stencilConfig_4_0_c_din                                            |  out|    1|     ap_fifo|                                                       stencilConfig_4_0_c|       pointer|
|stencilConfig_4_0_c_num_data_valid                                 |   in|    3|     ap_fifo|                                                       stencilConfig_4_0_c|       pointer|
|stencilConfig_4_0_c_fifo_cap                                       |   in|    3|     ap_fifo|                                                       stencilConfig_4_0_c|       pointer|
|stencilConfig_4_0_c_full_n                                         |   in|    1|     ap_fifo|                                                       stencilConfig_4_0_c|       pointer|
|stencilConfig_4_0_c_write                                          |  out|    1|     ap_fifo|                                                       stencilConfig_4_0_c|       pointer|
|stencilConfig_5_0_c_din                                            |  out|    1|     ap_fifo|                                                       stencilConfig_5_0_c|       pointer|
|stencilConfig_5_0_c_num_data_valid                                 |   in|    3|     ap_fifo|                                                       stencilConfig_5_0_c|       pointer|
|stencilConfig_5_0_c_fifo_cap                                       |   in|    3|     ap_fifo|                                                       stencilConfig_5_0_c|       pointer|
|stencilConfig_5_0_c_full_n                                         |   in|    1|     ap_fifo|                                                       stencilConfig_5_0_c|       pointer|
|stencilConfig_5_0_c_write                                          |  out|    1|     ap_fifo|                                                       stencilConfig_5_0_c|       pointer|
|stencilConfig_5_0_c113_din                                         |  out|    1|     ap_fifo|                                                    stencilConfig_5_0_c113|       pointer|
|stencilConfig_5_0_c113_num_data_valid                              |   in|    3|     ap_fifo|                                                    stencilConfig_5_0_c113|       pointer|
|stencilConfig_5_0_c113_fifo_cap                                    |   in|    3|     ap_fifo|                                                    stencilConfig_5_0_c113|       pointer|
|stencilConfig_5_0_c113_full_n                                      |   in|    1|     ap_fifo|                                                    stencilConfig_5_0_c113|       pointer|
|stencilConfig_5_0_c113_write                                       |  out|    1|     ap_fifo|                                                    stencilConfig_5_0_c113|       pointer|
|stencilConfig_5_0_c114_din                                         |  out|    1|     ap_fifo|                                                    stencilConfig_5_0_c114|       pointer|
|stencilConfig_5_0_c114_num_data_valid                              |   in|    3|     ap_fifo|                                                    stencilConfig_5_0_c114|       pointer|
|stencilConfig_5_0_c114_fifo_cap                                    |   in|    3|     ap_fifo|                                                    stencilConfig_5_0_c114|       pointer|
|stencilConfig_5_0_c114_full_n                                      |   in|    1|     ap_fifo|                                                    stencilConfig_5_0_c114|       pointer|
|stencilConfig_5_0_c114_write                                       |  out|    1|     ap_fifo|                                                    stencilConfig_5_0_c114|       pointer|
|stencilConfig_5_0_c115_din                                         |  out|    1|     ap_fifo|                                                    stencilConfig_5_0_c115|       pointer|
|stencilConfig_5_0_c115_num_data_valid                              |   in|    3|     ap_fifo|                                                    stencilConfig_5_0_c115|       pointer|
|stencilConfig_5_0_c115_fifo_cap                                    |   in|    3|     ap_fifo|                                                    stencilConfig_5_0_c115|       pointer|
|stencilConfig_5_0_c115_full_n                                      |   in|    1|     ap_fifo|                                                    stencilConfig_5_0_c115|       pointer|
|stencilConfig_5_0_c115_write                                       |  out|    1|     ap_fifo|                                                    stencilConfig_5_0_c115|       pointer|
|stencilConfig_6_c_din                                              |  out|   14|     ap_fifo|                                                         stencilConfig_6_c|       pointer|
|stencilConfig_6_c_num_data_valid                                   |   in|    3|     ap_fifo|                                                         stencilConfig_6_c|       pointer|
|stencilConfig_6_c_fifo_cap                                         |   in|    3|     ap_fifo|                                                         stencilConfig_6_c|       pointer|
|stencilConfig_6_c_full_n                                           |   in|    1|     ap_fifo|                                                         stencilConfig_6_c|       pointer|
|stencilConfig_6_c_write                                            |  out|    1|     ap_fifo|                                                         stencilConfig_6_c|       pointer|
|stencilConfig_6_c124_din                                           |  out|   14|     ap_fifo|                                                      stencilConfig_6_c124|       pointer|
|stencilConfig_6_c124_num_data_valid                                |   in|    3|     ap_fifo|                                                      stencilConfig_6_c124|       pointer|
|stencilConfig_6_c124_fifo_cap                                      |   in|    3|     ap_fifo|                                                      stencilConfig_6_c124|       pointer|
|stencilConfig_6_c124_full_n                                        |   in|    1|     ap_fifo|                                                      stencilConfig_6_c124|       pointer|
|stencilConfig_6_c124_write                                         |  out|    1|     ap_fifo|                                                      stencilConfig_6_c124|       pointer|
|stencilConfig_6_c125_din                                           |  out|   14|     ap_fifo|                                                      stencilConfig_6_c125|       pointer|
|stencilConfig_6_c125_num_data_valid                                |   in|    3|     ap_fifo|                                                      stencilConfig_6_c125|       pointer|
|stencilConfig_6_c125_fifo_cap                                      |   in|    3|     ap_fifo|                                                      stencilConfig_6_c125|       pointer|
|stencilConfig_6_c125_full_n                                        |   in|    1|     ap_fifo|                                                      stencilConfig_6_c125|       pointer|
|stencilConfig_6_c125_write                                         |  out|    1|     ap_fifo|                                                      stencilConfig_6_c125|       pointer|
|stencilConfig_6_c126_din                                           |  out|   14|     ap_fifo|                                                      stencilConfig_6_c126|       pointer|
|stencilConfig_6_c126_num_data_valid                                |   in|    3|     ap_fifo|                                                      stencilConfig_6_c126|       pointer|
|stencilConfig_6_c126_fifo_cap                                      |   in|    3|     ap_fifo|                                                      stencilConfig_6_c126|       pointer|
|stencilConfig_6_c126_full_n                                        |   in|    1|     ap_fifo|                                                      stencilConfig_6_c126|       pointer|
|stencilConfig_6_c126_write                                         |  out|    1|     ap_fifo|                                                      stencilConfig_6_c126|       pointer|
+-------------------------------------------------------------------+-----+-----+------------+--------------------------------------------------------------------------+--------------+

============================================================
+ Verbose Summary: Synthesis Manager
============================================================
InlineROM: 1
ExposeGlobal: 0
============================================================
+ Verbose Summary: CDFG Model
============================================================
IsTopModel: 0
ResetActiveHigh: 1
IsCombinational: 2
IsDatapathOnly: 0
HasWiredReturn: 1
HasMFsm: 0
HasVarLatency: 1
IsPipeline: 0
IsRtlPipelined: 0
IsInstanceOverlapped: 0
IsDontTouch: 0
HasImplIP: 0
IsGatedGlobalClock: 0


============================================================
+ Verbose Summary: Schedule
============================================================
* Number of FSM states : 3
* Pipeline : 0
* Dataflow Pipeline: 0

* FSM state transitions: 
1 --> 2 
2 --> 3 
3 --> 

* FSM state operations: 

State 1 <SV = 0> <Delay = 2.43>
ST_1 : Operation 4 [1/1] (1.21ns)   --->   "%stencil_m_stencilConfig_line_diff = read i14 @_ssdm_op_Read.ap_fifo.i14P0A, i14 %stencilConfig_line_diff"   --->   Operation 4 'read' 'stencil_m_stencilConfig_line_diff' <Predicate = true> <Delay = 1.21> <CoreInst = "FIFO_SRL">   --->   Core 81 'FIFO_SRL' <Latency = 0> <II = 1> <Delay = 1.33> <Storage> <Opcode : 'read' 'write' 'nbread' 'nbwrite'> <Ports = 0> <Width = 14> <Depth = 3> <FIFO>
ST_1 : Operation 5 [1/1] (1.21ns)   --->   "%write_ln0 = write void @_ssdm_op_Write.ap_fifo.i14P0A, i14 %stencilConfig_6_c126, i14 %stencil_m_stencilConfig_line_diff"   --->   Operation 5 'write' 'write_ln0' <Predicate = true> <Delay = 1.21> <CoreInst = "FIFO_SRL">   --->   Core 81 'FIFO_SRL' <Latency = 0> <II = 1> <Delay = 1.33> <Storage> <Opcode : 'read' 'write' 'nbread' 'nbwrite'> <Ports = 0> <Width = 14> <Depth = 3> <FIFO>
ST_1 : Operation 6 [1/1] (1.21ns)   --->   "%write_ln0 = write void @_ssdm_op_Write.ap_fifo.i14P0A, i14 %stencilConfig_6_c125, i14 %stencil_m_stencilConfig_line_diff"   --->   Operation 6 'write' 'write_ln0' <Predicate = true> <Delay = 1.21> <CoreInst = "FIFO_SRL">   --->   Core 81 'FIFO_SRL' <Latency = 0> <II = 1> <Delay = 1.33> <Storage> <Opcode : 'read' 'write' 'nbread' 'nbwrite'> <Ports = 0> <Width = 14> <Depth = 3> <FIFO>
ST_1 : Operation 7 [1/1] (1.21ns)   --->   "%write_ln0 = write void @_ssdm_op_Write.ap_fifo.i14P0A, i14 %stencilConfig_6_c124, i14 %stencil_m_stencilConfig_line_diff"   --->   Operation 7 'write' 'write_ln0' <Predicate = true> <Delay = 1.21> <CoreInst = "FIFO_SRL">   --->   Core 81 'FIFO_SRL' <Latency = 0> <II = 1> <Delay = 1.33> <Storage> <Opcode : 'read' 'write' 'nbread' 'nbwrite'> <Ports = 0> <Width = 14> <Depth = 3> <FIFO>
ST_1 : Operation 8 [1/1] (1.21ns)   --->   "%write_ln0 = write void @_ssdm_op_Write.ap_fifo.i14P0A, i14 %stencilConfig_6_c, i14 %stencil_m_stencilConfig_line_diff"   --->   Operation 8 'write' 'write_ln0' <Predicate = true> <Delay = 1.21> <CoreInst = "FIFO_SRL">   --->   Core 81 'FIFO_SRL' <Latency = 0> <II = 1> <Delay = 1.33> <Storage> <Opcode : 'read' 'write' 'nbread' 'nbwrite'> <Ports = 0> <Width = 14> <Depth = 3> <FIFO>
ST_1 : Operation 9 [1/1] (1.21ns)   --->   "%stencil_m_stencilConfig_is_last_0 = read i1 @_ssdm_op_Read.ap_fifo.i1P0A, i1 %stencilConfig_is_last_0"   --->   Operation 9 'read' 'stencil_m_stencilConfig_is_last_0' <Predicate = true> <Delay = 1.21> <CoreInst = "FIFO_SRL">   --->   Core 81 'FIFO_SRL' <Latency = 0> <II = 1> <Delay = 1.35> <Storage> <Opcode : 'read' 'write' 'nbread' 'nbwrite'> <Ports = 0> <Width = 1> <Depth = 3> <FIFO>
ST_1 : Operation 10 [1/1] (1.21ns)   --->   "%write_ln0 = write void @_ssdm_op_Write.ap_fifo.i1P0A, i1 %stencilConfig_5_0_c115, i1 %stencil_m_stencilConfig_is_last_0"   --->   Operation 10 'write' 'write_ln0' <Predicate = true> <Delay = 1.21> <CoreInst = "FIFO_SRL">   --->   Core 81 'FIFO_SRL' <Latency = 0> <II = 1> <Delay = 1.35> <Storage> <Opcode : 'read' 'write' 'nbread' 'nbwrite'> <Ports = 0> <Width = 1> <Depth = 3> <FIFO>
ST_1 : Operation 11 [1/1] (1.21ns)   --->   "%write_ln0 = write void @_ssdm_op_Write.ap_fifo.i1P0A, i1 %stencilConfig_5_0_c114, i1 %stencil_m_stencilConfig_is_last_0"   --->   Operation 11 'write' 'write_ln0' <Predicate = true> <Delay = 1.21> <CoreInst = "FIFO_SRL">   --->   Core 81 'FIFO_SRL' <Latency = 0> <II = 1> <Delay = 1.35> <Storage> <Opcode : 'read' 'write' 'nbread' 'nbwrite'> <Ports = 0> <Width = 1> <Depth = 3> <FIFO>
ST_1 : Operation 12 [1/1] (1.21ns)   --->   "%write_ln0 = write void @_ssdm_op_Write.ap_fifo.i1P0A, i1 %stencilConfig_5_0_c113, i1 %stencil_m_stencilConfig_is_last_0"   --->   Operation 12 'write' 'write_ln0' <Predicate = true> <Delay = 1.21> <CoreInst = "FIFO_SRL">   --->   Core 81 'FIFO_SRL' <Latency = 0> <II = 1> <Delay = 1.35> <Storage> <Opcode : 'read' 'write' 'nbread' 'nbwrite'> <Ports = 0> <Width = 1> <Depth = 3> <FIFO>
ST_1 : Operation 13 [1/1] (1.21ns)   --->   "%write_ln0 = write void @_ssdm_op_Write.ap_fifo.i1P0A, i1 %stencilConfig_5_0_c, i1 %stencil_m_stencilConfig_is_last_0"   --->   Operation 13 'write' 'write_ln0' <Predicate = true> <Delay = 1.21> <CoreInst = "FIFO_SRL">   --->   Core 81 'FIFO_SRL' <Latency = 0> <II = 1> <Delay = 1.35> <Storage> <Opcode : 'read' 'write' 'nbread' 'nbwrite'> <Ports = 0> <Width = 1> <Depth = 3> <FIFO>
ST_1 : Operation 14 [1/1] (1.21ns)   --->   "%stencil_m_stencilConfig_is_first_0 = read i1 @_ssdm_op_Read.ap_fifo.i1P0A, i1 %stencilConfig_is_first_0"   --->   Operation 14 'read' 'stencil_m_stencilConfig_is_first_0' <Predicate = true> <Delay = 1.21> <CoreInst = "FIFO_SRL">   --->   Core 81 'FIFO_SRL' <Latency = 0> <II = 1> <Delay = 1.35> <Storage> <Opcode : 'read' 'write' 'nbread' 'nbwrite'> <Ports = 0> <Width = 1> <Depth = 3> <FIFO>
ST_1 : Operation 15 [1/1] (1.21ns)   --->   "%write_ln0 = write void @_ssdm_op_Write.ap_fifo.i1P0A, i1 %stencilConfig_4_0_c, i1 %stencil_m_stencilConfig_is_first_0"   --->   Operation 15 'write' 'write_ln0' <Predicate = true> <Delay = 1.21> <CoreInst = "FIFO_SRL">   --->   Core 81 'FIFO_SRL' <Latency = 0> <II = 1> <Delay = 1.35> <Storage> <Opcode : 'read' 'write' 'nbread' 'nbwrite'> <Ports = 0> <Width = 1> <Depth = 3> <FIFO>
ST_1 : Operation 16 [1/1] (1.21ns)   --->   "%stencil_m_stencilConfig_last_tile_upper_limit_x = read i16 @_ssdm_op_Read.ap_fifo.i16P0A, i16 %stencilConfig_last_tile_upper_limit_x"   --->   Operation 16 'read' 'stencil_m_stencilConfig_last_tile_upper_limit_x' <Predicate = true> <Delay = 1.21> <CoreInst = "FIFO_SRL">   --->   Core 81 'FIFO_SRL' <Latency = 0> <II = 1> <Delay = 1.33> <Storage> <Opcode : 'read' 'write' 'nbread' 'nbwrite'> <Ports = 0> <Width = 16> <Depth = 3> <FIFO>
ST_1 : Operation 17 [1/1] (1.21ns)   --->   "%write_ln0 = write void @_ssdm_op_Write.ap_fifo.i16P0A, i16 %stencilConfig_3_c102, i16 %stencil_m_stencilConfig_last_tile_upper_limit_x"   --->   Operation 17 'write' 'write_ln0' <Predicate = true> <Delay = 1.21> <CoreInst = "FIFO_SRL">   --->   Core 81 'FIFO_SRL' <Latency = 0> <II = 1> <Delay = 1.33> <Storage> <Opcode : 'read' 'write' 'nbread' 'nbwrite'> <Ports = 0> <Width = 16> <Depth = 3> <FIFO>
ST_1 : Operation 18 [1/1] (1.21ns)   --->   "%write_ln0 = write void @_ssdm_op_Write.ap_fifo.i16P0A, i16 %stencilConfig_3_c101, i16 %stencil_m_stencilConfig_last_tile_upper_limit_x"   --->   Operation 18 'write' 'write_ln0' <Predicate = true> <Delay = 1.21> <CoreInst = "FIFO_SRL">   --->   Core 81 'FIFO_SRL' <Latency = 0> <II = 1> <Delay = 1.33> <Storage> <Opcode : 'read' 'write' 'nbread' 'nbwrite'> <Ports = 0> <Width = 16> <Depth = 3> <FIFO>
ST_1 : Operation 19 [1/1] (1.21ns)   --->   "%write_ln0 = write void @_ssdm_op_Write.ap_fifo.i16P0A, i16 %stencilConfig_3_c100, i16 %stencil_m_stencilConfig_last_tile_upper_limit_x"   --->   Operation 19 'write' 'write_ln0' <Predicate = true> <Delay = 1.21> <CoreInst = "FIFO_SRL">   --->   Core 81 'FIFO_SRL' <Latency = 0> <II = 1> <Delay = 1.33> <Storage> <Opcode : 'read' 'write' 'nbread' 'nbwrite'> <Ports = 0> <Width = 16> <Depth = 3> <FIFO>
ST_1 : Operation 20 [1/1] (1.21ns)   --->   "%write_ln0 = write void @_ssdm_op_Write.ap_fifo.i16P0A, i16 %stencilConfig_3_c, i16 %stencil_m_stencilConfig_last_tile_upper_limit_x"   --->   Operation 20 'write' 'write_ln0' <Predicate = true> <Delay = 1.21> <CoreInst = "FIFO_SRL">   --->   Core 81 'FIFO_SRL' <Latency = 0> <II = 1> <Delay = 1.33> <Storage> <Opcode : 'read' 'write' 'nbread' 'nbwrite'> <Ports = 0> <Width = 16> <Depth = 3> <FIFO>
ST_1 : Operation 21 [1/1] (1.21ns)   --->   "%stencil_m_stencilConfig_outer_loop_limit = read i16 @_ssdm_op_Read.ap_fifo.i16P0A, i16 %stencilConfig_outer_loop_limit"   --->   Operation 21 'read' 'stencil_m_stencilConfig_outer_loop_limit' <Predicate = true> <Delay = 1.21> <CoreInst = "FIFO_SRL">   --->   Core 81 'FIFO_SRL' <Latency = 0> <II = 1> <Delay = 1.33> <Storage> <Opcode : 'read' 'write' 'nbread' 'nbwrite'> <Ports = 0> <Width = 16> <Depth = 3> <FIFO>
ST_1 : Operation 22 [1/1] (1.21ns)   --->   "%write_ln0 = write void @_ssdm_op_Write.ap_fifo.i16P0A, i16 %stencilConfig_2_c91, i16 %stencil_m_stencilConfig_outer_loop_limit"   --->   Operation 22 'write' 'write_ln0' <Predicate = true> <Delay = 1.21> <CoreInst = "FIFO_SRL">   --->   Core 81 'FIFO_SRL' <Latency = 0> <II = 1> <Delay = 1.33> <Storage> <Opcode : 'read' 'write' 'nbread' 'nbwrite'> <Ports = 0> <Width = 16> <Depth = 3> <FIFO>
ST_1 : Operation 23 [1/1] (1.21ns)   --->   "%write_ln0 = write void @_ssdm_op_Write.ap_fifo.i16P0A, i16 %stencilConfig_2_c90, i16 %stencil_m_stencilConfig_outer_loop_limit"   --->   Operation 23 'write' 'write_ln0' <Predicate = true> <Delay = 1.21> <CoreInst = "FIFO_SRL">   --->   Core 81 'FIFO_SRL' <Latency = 0> <II = 1> <Delay = 1.33> <Storage> <Opcode : 'read' 'write' 'nbread' 'nbwrite'> <Ports = 0> <Width = 16> <Depth = 3> <FIFO>
ST_1 : Operation 24 [1/1] (1.21ns)   --->   "%write_ln0 = write void @_ssdm_op_Write.ap_fifo.i16P0A, i16 %stencilConfig_2_c89, i16 %stencil_m_stencilConfig_outer_loop_limit"   --->   Operation 24 'write' 'write_ln0' <Predicate = true> <Delay = 1.21> <CoreInst = "FIFO_SRL">   --->   Core 81 'FIFO_SRL' <Latency = 0> <II = 1> <Delay = 1.33> <Storage> <Opcode : 'read' 'write' 'nbread' 'nbwrite'> <Ports = 0> <Width = 16> <Depth = 3> <FIFO>
ST_1 : Operation 25 [1/1] (1.21ns)   --->   "%write_ln0 = write void @_ssdm_op_Write.ap_fifo.i16P0A, i16 %stencilConfig_2_c, i16 %stencil_m_stencilConfig_outer_loop_limit"   --->   Operation 25 'write' 'write_ln0' <Predicate = true> <Delay = 1.21> <CoreInst = "FIFO_SRL">   --->   Core 81 'FIFO_SRL' <Latency = 0> <II = 1> <Delay = 1.33> <Storage> <Opcode : 'read' 'write' 'nbread' 'nbwrite'> <Ports = 0> <Width = 16> <Depth = 3> <FIFO>
ST_1 : Operation 26 [1/1] (1.21ns)   --->   "%stencil_m_stencilConfig_tile_size_1 = read i16 @_ssdm_op_Read.ap_fifo.i16P0A, i16 %stencilConfig_tile_size_1"   --->   Operation 26 'read' 'stencil_m_stencilConfig_tile_size_1' <Predicate = true> <Delay = 1.21> <CoreInst = "FIFO_SRL">   --->   Core 81 'FIFO_SRL' <Latency = 0> <II = 1> <Delay = 1.33> <Storage> <Opcode : 'read' 'write' 'nbread' 'nbwrite'> <Ports = 0> <Width = 16> <Depth = 3> <FIFO>
ST_1 : Operation 27 [1/1] (1.21ns)   --->   "%write_ln0 = write void @_ssdm_op_Write.ap_fifo.i16P0A, i16 %stencilConfig_0_1_c80, i16 %stencil_m_stencilConfig_tile_size_1"   --->   Operation 27 'write' 'write_ln0' <Predicate = true> <Delay = 1.21> <CoreInst = "FIFO_SRL">   --->   Core 81 'FIFO_SRL' <Latency = 0> <II = 1> <Delay = 1.33> <Storage> <Opcode : 'read' 'write' 'nbread' 'nbwrite'> <Ports = 0> <Width = 16> <Depth = 3> <FIFO>
ST_1 : Operation 28 [1/1] (1.21ns)   --->   "%write_ln0 = write void @_ssdm_op_Write.ap_fifo.i16P0A, i16 %stencilConfig_0_1_c79, i16 %stencil_m_stencilConfig_tile_size_1"   --->   Operation 28 'write' 'write_ln0' <Predicate = true> <Delay = 1.21> <CoreInst = "FIFO_SRL">   --->   Core 81 'FIFO_SRL' <Latency = 0> <II = 1> <Delay = 1.33> <Storage> <Opcode : 'read' 'write' 'nbread' 'nbwrite'> <Ports = 0> <Width = 16> <Depth = 3> <FIFO>
ST_1 : Operation 29 [1/1] (1.21ns)   --->   "%write_ln0 = write void @_ssdm_op_Write.ap_fifo.i16P0A, i16 %stencilConfig_0_1_c78, i16 %stencil_m_stencilConfig_tile_size_1"   --->   Operation 29 'write' 'write_ln0' <Predicate = true> <Delay = 1.21> <CoreInst = "FIFO_SRL">   --->   Core 81 'FIFO_SRL' <Latency = 0> <II = 1> <Delay = 1.33> <Storage> <Opcode : 'read' 'write' 'nbread' 'nbwrite'> <Ports = 0> <Width = 16> <Depth = 3> <FIFO>
ST_1 : Operation 30 [1/1] (1.21ns)   --->   "%write_ln0 = write void @_ssdm_op_Write.ap_fifo.i16P0A, i16 %stencilConfig_0_1_c, i16 %stencil_m_stencilConfig_tile_size_1"   --->   Operation 30 'write' 'write_ln0' <Predicate = true> <Delay = 1.21> <CoreInst = "FIFO_SRL">   --->   Core 81 'FIFO_SRL' <Latency = 0> <II = 1> <Delay = 1.33> <Storage> <Opcode : 'read' 'write' 'nbread' 'nbwrite'> <Ports = 0> <Width = 16> <Depth = 3> <FIFO>
ST_1 : Operation 31 [1/1] (1.21ns)   --->   "%stencil_m_stencilConfig_tile_size_0 = read i14 @_ssdm_op_Read.ap_fifo.i14P0A, i14 %stencilConfig_tile_size_0"   --->   Operation 31 'read' 'stencil_m_stencilConfig_tile_size_0' <Predicate = true> <Delay = 1.21> <CoreInst = "FIFO_SRL">   --->   Core 81 'FIFO_SRL' <Latency = 0> <II = 1> <Delay = 1.33> <Storage> <Opcode : 'read' 'write' 'nbread' 'nbwrite'> <Ports = 0> <Width = 14> <Depth = 3> <FIFO>
ST_1 : Operation 32 [1/1] (1.21ns)   --->   "%write_ln0 = write void @_ssdm_op_Write.ap_fifo.i14P0A, i14 %stencilConfig_0_0_c69, i14 %stencil_m_stencilConfig_tile_size_0"   --->   Operation 32 'write' 'write_ln0' <Predicate = true> <Delay = 1.21> <CoreInst = "FIFO_SRL">   --->   Core 81 'FIFO_SRL' <Latency = 0> <II = 1> <Delay = 1.33> <Storage> <Opcode : 'read' 'write' 'nbread' 'nbwrite'> <Ports = 0> <Width = 14> <Depth = 3> <FIFO>
ST_1 : Operation 33 [1/1] (1.21ns)   --->   "%write_ln0 = write void @_ssdm_op_Write.ap_fifo.i14P0A, i14 %stencilConfig_0_0_c68, i14 %stencil_m_stencilConfig_tile_size_0"   --->   Operation 33 'write' 'write_ln0' <Predicate = true> <Delay = 1.21> <CoreInst = "FIFO_SRL">   --->   Core 81 'FIFO_SRL' <Latency = 0> <II = 1> <Delay = 1.33> <Storage> <Opcode : 'read' 'write' 'nbread' 'nbwrite'> <Ports = 0> <Width = 14> <Depth = 3> <FIFO>
ST_1 : Operation 34 [1/1] (1.21ns)   --->   "%write_ln0 = write void @_ssdm_op_Write.ap_fifo.i14P0A, i14 %stencilConfig_0_0_c67, i14 %stencil_m_stencilConfig_tile_size_0"   --->   Operation 34 'write' 'write_ln0' <Predicate = true> <Delay = 1.21> <CoreInst = "FIFO_SRL">   --->   Core 81 'FIFO_SRL' <Latency = 0> <II = 1> <Delay = 1.33> <Storage> <Opcode : 'read' 'write' 'nbread' 'nbwrite'> <Ports = 0> <Width = 14> <Depth = 3> <FIFO>
ST_1 : Operation 35 [1/1] (1.21ns)   --->   "%write_ln0 = write void @_ssdm_op_Write.ap_fifo.i14P0A, i14 %stencilConfig_0_0_c, i14 %stencil_m_stencilConfig_tile_size_0"   --->   Operation 35 'write' 'write_ln0' <Predicate = true> <Delay = 1.21> <CoreInst = "FIFO_SRL">   --->   Core 81 'FIFO_SRL' <Latency = 0> <II = 1> <Delay = 1.33> <Storage> <Opcode : 'read' 'write' 'nbread' 'nbwrite'> <Ports = 0> <Width = 14> <Depth = 3> <FIFO>

State 2 <SV = 1> <Delay = 1.60>
ST_2 : Operation 36 [2/2] (1.60ns)   --->   "%call_ln494 = call void @stencilRun.3, i14 %stencil_m_stencilConfig_tile_size_0, i16 %stencil_m_stencilConfig_tile_size_1, i16 %stencil_m_stencilConfig_outer_loop_limit, i16 %stencil_m_stencilConfig_last_tile_upper_limit_x, i1 %stencil_m_stencilConfig_is_first_0, i1 %stencil_m_stencilConfig_is_last_0, i14 %stencil_m_stencilConfig_line_diff, i3 3, i288 %arg0_poisson_kernel_stencil_in_subtile_stream_1_0, i288 %arg0_poisson_kernel_stencil_in_subtile_stream_1_1, i288 %arg1_poisson_kernel_stencil_out_subtile_stream_1_0, i288 %arg1_poisson_kernel_stencil_out_subtile_stream_1_1" [/home/x_thileeb/repos/ops-hls-batching-new/codegen_apps/tiling/poisson2d/u280_project/maxtile_8192_interleave_p8/hls/device/include/PE_poisson_kernel_stencil.hpp:494]   --->   Operation 36 'call' 'call_ln494' <Predicate = true> <Delay = 1.60> <CoreType = "Generic">   --->   Core 0 '' <Latency = 0> <II = 1> <Delay = 1.00> <Generic> <Opcode : >

State 3 <SV = 2> <Delay = 0.00>
ST_3 : Operation 37 [1/1] (0.00ns)   --->   "%specinterface_ln0 = specinterface void @_ssdm_op_SpecInterface, i14 %stencilConfig_line_diff, void @ap_fifo_str, i32 0, i32 0, void @p_str, i32 0, i32 0, void @p_str, void @p_str, void @p_str, i32 2, i32 2, i32 16, i32 16, void @p_str, void @ScalarProp_str, i32 4294967295, i32 0"   --->   Operation 37 'specinterface' 'specinterface_ln0' <Predicate = true> <Delay = 0.00>
ST_3 : Operation 38 [1/1] (0.00ns)   --->   "%specinterface_ln0 = specinterface void @_ssdm_op_SpecInterface, i14 %stencilConfig_6_c126, void @ap_fifo_str, i32 0, i32 0, void @p_str, i32 0, i32 0, void @p_str, void @p_str, void @p_str, i32 2, i32 2, i32 16, i32 16, void @p_str, void @ScalarProp_str, i32 4294967295, i32 0"   --->   Operation 38 'specinterface' 'specinterface_ln0' <Predicate = true> <Delay = 0.00>
ST_3 : Operation 39 [1/1] (0.00ns)   --->   "%specinterface_ln0 = specinterface void @_ssdm_op_SpecInterface, i14 %stencilConfig_6_c125, void @ap_fifo_str, i32 0, i32 0, void @p_str, i32 0, i32 0, void @p_str, void @p_str, void @p_str, i32 2, i32 2, i32 16, i32 16, void @p_str, void @ScalarProp_str, i32 4294967295, i32 0"   --->   Operation 39 'specinterface' 'specinterface_ln0' <Predicate = true> <Delay = 0.00>
ST_3 : Operation 40 [1/1] (0.00ns)   --->   "%specinterface_ln0 = specinterface void @_ssdm_op_SpecInterface, i14 %stencilConfig_6_c124, void @ap_fifo_str, i32 0, i32 0, void @p_str, i32 0, i32 0, void @p_str, void @p_str, void @p_str, i32 2, i32 2, i32 16, i32 16, void @p_str, void @ScalarProp_str, i32 4294967295, i32 0"   --->   Operation 40 'specinterface' 'specinterface_ln0' <Predicate = true> <Delay = 0.00>
ST_3 : Operation 41 [1/1] (0.00ns)   --->   "%specinterface_ln0 = specinterface void @_ssdm_op_SpecInterface, i14 %stencilConfig_6_c, void @ap_fifo_str, i32 0, i32 0, void @p_str, i32 0, i32 0, void @p_str, void @p_str, void @p_str, i32 2, i32 2, i32 16, i32 16, void @p_str, void @ScalarProp_str, i32 4294967295, i32 0"   --->   Operation 41 'specinterface' 'specinterface_ln0' <Predicate = true> <Delay = 0.00>
ST_3 : Operation 42 [1/1] (0.00ns)   --->   "%specinterface_ln0 = specinterface void @_ssdm_op_SpecInterface, i1 %stencilConfig_is_last_0, void @ap_fifo_str, i32 0, i32 0, void @p_str, i32 0, i32 0, void @p_str, void @p_str, void @p_str, i32 2, i32 2, i32 16, i32 16, void @p_str, void @ScalarProp_str, i32 4294967295, i32 0"   --->   Operation 42 'specinterface' 'specinterface_ln0' <Predicate = true> <Delay = 0.00>
ST_3 : Operation 43 [1/1] (0.00ns)   --->   "%specinterface_ln0 = specinterface void @_ssdm_op_SpecInterface, i1 %stencilConfig_5_0_c115, void @ap_fifo_str, i32 0, i32 0, void @p_str, i32 0, i32 0, void @p_str, void @p_str, void @p_str, i32 2, i32 2, i32 16, i32 16, void @p_str, void @ScalarProp_str, i32 4294967295, i32 0"   --->   Operation 43 'specinterface' 'specinterface_ln0' <Predicate = true> <Delay = 0.00>
ST_3 : Operation 44 [1/1] (0.00ns)   --->   "%specinterface_ln0 = specinterface void @_ssdm_op_SpecInterface, i1 %stencilConfig_5_0_c114, void @ap_fifo_str, i32 0, i32 0, void @p_str, i32 0, i32 0, void @p_str, void @p_str, void @p_str, i32 2, i32 2, i32 16, i32 16, void @p_str, void @ScalarProp_str, i32 4294967295, i32 0"   --->   Operation 44 'specinterface' 'specinterface_ln0' <Predicate = true> <Delay = 0.00>
ST_3 : Operation 45 [1/1] (0.00ns)   --->   "%specinterface_ln0 = specinterface void @_ssdm_op_SpecInterface, i1 %stencilConfig_5_0_c113, void @ap_fifo_str, i32 0, i32 0, void @p_str, i32 0, i32 0, void @p_str, void @p_str, void @p_str, i32 2, i32 2, i32 16, i32 16, void @p_str, void @ScalarProp_str, i32 4294967295, i32 0"   --->   Operation 45 'specinterface' 'specinterface_ln0' <Predicate = true> <Delay = 0.00>
ST_3 : Operation 46 [1/1] (0.00ns)   --->   "%specinterface_ln0 = specinterface void @_ssdm_op_SpecInterface, i1 %stencilConfig_5_0_c, void @ap_fifo_str, i32 0, i32 0, void @p_str, i32 0, i32 0, void @p_str, void @p_str, void @p_str, i32 2, i32 2, i32 16, i32 16, void @p_str, void @ScalarProp_str, i32 4294967295, i32 0"   --->   Operation 46 'specinterface' 'specinterface_ln0' <Predicate = true> <Delay = 0.00>
ST_3 : Operation 47 [1/1] (0.00ns)   --->   "%specinterface_ln0 = specinterface void @_ssdm_op_SpecInterface, i1 %stencilConfig_is_first_0, void @ap_fifo_str, i32 0, i32 0, void @p_str, i32 0, i32 0, void @p_str, void @p_str, void @p_str, i32 2, i32 2, i32 16, i32 16, void @p_str, void @ScalarProp_str, i32 4294967295, i32 0"   --->   Operation 47 'specinterface' 'specinterface_ln0' <Predicate = true> <Delay = 0.00>
ST_3 : Operation 48 [1/1] (0.00ns)   --->   "%specinterface_ln0 = specinterface void @_ssdm_op_SpecInterface, i1 %stencilConfig_4_0_c, void @ap_fifo_str, i32 0, i32 0, void @p_str, i32 0, i32 0, void @p_str, void @p_str, void @p_str, i32 2, i32 2, i32 16, i32 16, void @p_str, void @ScalarProp_str, i32 4294967295, i32 0"   --->   Operation 48 'specinterface' 'specinterface_ln0' <Predicate = true> <Delay = 0.00>
ST_3 : Operation 49 [1/1] (0.00ns)   --->   "%specinterface_ln0 = specinterface void @_ssdm_op_SpecInterface, i16 %stencilConfig_last_tile_upper_limit_x, void @ap_fifo_str, i32 0, i32 0, void @p_str, i32 0, i32 0, void @p_str, void @p_str, void @p_str, i32 2, i32 2, i32 16, i32 16, void @p_str, void @ScalarProp_str, i32 4294967295, i32 0"   --->   Operation 49 'specinterface' 'specinterface_ln0' <Predicate = true> <Delay = 0.00>
ST_3 : Operation 50 [1/1] (0.00ns)   --->   "%specinterface_ln0 = specinterface void @_ssdm_op_SpecInterface, i16 %stencilConfig_3_c102, void @ap_fifo_str, i32 0, i32 0, void @p_str, i32 0, i32 0, void @p_str, void @p_str, void @p_str, i32 2, i32 2, i32 16, i32 16, void @p_str, void @ScalarProp_str, i32 4294967295, i32 0"   --->   Operation 50 'specinterface' 'specinterface_ln0' <Predicate = true> <Delay = 0.00>
ST_3 : Operation 51 [1/1] (0.00ns)   --->   "%specinterface_ln0 = specinterface void @_ssdm_op_SpecInterface, i16 %stencilConfig_3_c101, void @ap_fifo_str, i32 0, i32 0, void @p_str, i32 0, i32 0, void @p_str, void @p_str, void @p_str, i32 2, i32 2, i32 16, i32 16, void @p_str, void @ScalarProp_str, i32 4294967295, i32 0"   --->   Operation 51 'specinterface' 'specinterface_ln0' <Predicate = true> <Delay = 0.00>
ST_3 : Operation 52 [1/1] (0.00ns)   --->   "%specinterface_ln0 = specinterface void @_ssdm_op_SpecInterface, i16 %stencilConfig_3_c100, void @ap_fifo_str, i32 0, i32 0, void @p_str, i32 0, i32 0, void @p_str, void @p_str, void @p_str, i32 2, i32 2, i32 16, i32 16, void @p_str, void @ScalarProp_str, i32 4294967295, i32 0"   --->   Operation 52 'specinterface' 'specinterface_ln0' <Predicate = true> <Delay = 0.00>
ST_3 : Operation 53 [1/1] (0.00ns)   --->   "%specinterface_ln0 = specinterface void @_ssdm_op_SpecInterface, i16 %stencilConfig_3_c, void @ap_fifo_str, i32 0, i32 0, void @p_str, i32 0, i32 0, void @p_str, void @p_str, void @p_str, i32 2, i32 2, i32 16, i32 16, void @p_str, void @ScalarProp_str, i32 4294967295, i32 0"   --->   Operation 53 'specinterface' 'specinterface_ln0' <Predicate = true> <Delay = 0.00>
ST_3 : Operation 54 [1/1] (0.00ns)   --->   "%specinterface_ln0 = specinterface void @_ssdm_op_SpecInterface, i16 %stencilConfig_outer_loop_limit, void @ap_fifo_str, i32 0, i32 0, void @p_str, i32 0, i32 0, void @p_str, void @p_str, void @p_str, i32 2, i32 2, i32 16, i32 16, void @p_str, void @ScalarProp_str, i32 4294967295, i32 0"   --->   Operation 54 'specinterface' 'specinterface_ln0' <Predicate = true> <Delay = 0.00>
ST_3 : Operation 55 [1/1] (0.00ns)   --->   "%specinterface_ln0 = specinterface void @_ssdm_op_SpecInterface, i16 %stencilConfig_2_c91, void @ap_fifo_str, i32 0, i32 0, void @p_str, i32 0, i32 0, void @p_str, void @p_str, void @p_str, i32 2, i32 2, i32 16, i32 16, void @p_str, void @ScalarProp_str, i32 4294967295, i32 0"   --->   Operation 55 'specinterface' 'specinterface_ln0' <Predicate = true> <Delay = 0.00>
ST_3 : Operation 56 [1/1] (0.00ns)   --->   "%specinterface_ln0 = specinterface void @_ssdm_op_SpecInterface, i16 %stencilConfig_2_c90, void @ap_fifo_str, i32 0, i32 0, void @p_str, i32 0, i32 0, void @p_str, void @p_str, void @p_str, i32 2, i32 2, i32 16, i32 16, void @p_str, void @ScalarProp_str, i32 4294967295, i32 0"   --->   Operation 56 'specinterface' 'specinterface_ln0' <Predicate = true> <Delay = 0.00>
ST_3 : Operation 57 [1/1] (0.00ns)   --->   "%specinterface_ln0 = specinterface void @_ssdm_op_SpecInterface, i16 %stencilConfig_2_c89, void @ap_fifo_str, i32 0, i32 0, void @p_str, i32 0, i32 0, void @p_str, void @p_str, void @p_str, i32 2, i32 2, i32 16, i32 16, void @p_str, void @ScalarProp_str, i32 4294967295, i32 0"   --->   Operation 57 'specinterface' 'specinterface_ln0' <Predicate = true> <Delay = 0.00>
ST_3 : Operation 58 [1/1] (0.00ns)   --->   "%specinterface_ln0 = specinterface void @_ssdm_op_SpecInterface, i16 %stencilConfig_2_c, void @ap_fifo_str, i32 0, i32 0, void @p_str, i32 0, i32 0, void @p_str, void @p_str, void @p_str, i32 2, i32 2, i32 16, i32 16, void @p_str, void @ScalarProp_str, i32 4294967295, i32 0"   --->   Operation 58 'specinterface' 'specinterface_ln0' <Predicate = true> <Delay = 0.00>
ST_3 : Operation 59 [1/1] (0.00ns)   --->   "%specinterface_ln0 = specinterface void @_ssdm_op_SpecInterface, i16 %stencilConfig_tile_size_1, void @ap_fifo_str, i32 0, i32 0, void @p_str, i32 0, i32 0, void @p_str, void @p_str, void @p_str, i32 2, i32 2, i32 16, i32 16, void @p_str, void @ScalarProp_str, i32 4294967295, i32 0"   --->   Operation 59 'specinterface' 'specinterface_ln0' <Predicate = true> <Delay = 0.00>
ST_3 : Operation 60 [1/1] (0.00ns)   --->   "%specinterface_ln0 = specinterface void @_ssdm_op_SpecInterface, i16 %stencilConfig_0_1_c80, void @ap_fifo_str, i32 0, i32 0, void @p_str, i32 0, i32 0, void @p_str, void @p_str, void @p_str, i32 2, i32 2, i32 16, i32 16, void @p_str, void @ScalarProp_str, i32 4294967295, i32 0"   --->   Operation 60 'specinterface' 'specinterface_ln0' <Predicate = true> <Delay = 0.00>
ST_3 : Operation 61 [1/1] (0.00ns)   --->   "%specinterface_ln0 = specinterface void @_ssdm_op_SpecInterface, i16 %stencilConfig_0_1_c79, void @ap_fifo_str, i32 0, i32 0, void @p_str, i32 0, i32 0, void @p_str, void @p_str, void @p_str, i32 2, i32 2, i32 16, i32 16, void @p_str, void @ScalarProp_str, i32 4294967295, i32 0"   --->   Operation 61 'specinterface' 'specinterface_ln0' <Predicate = true> <Delay = 0.00>
ST_3 : Operation 62 [1/1] (0.00ns)   --->   "%specinterface_ln0 = specinterface void @_ssdm_op_SpecInterface, i16 %stencilConfig_0_1_c78, void @ap_fifo_str, i32 0, i32 0, void @p_str, i32 0, i32 0, void @p_str, void @p_str, void @p_str, i32 2, i32 2, i32 16, i32 16, void @p_str, void @ScalarProp_str, i32 4294967295, i32 0"   --->   Operation 62 'specinterface' 'specinterface_ln0' <Predicate = true> <Delay = 0.00>
ST_3 : Operation 63 [1/1] (0.00ns)   --->   "%specinterface_ln0 = specinterface void @_ssdm_op_SpecInterface, i16 %stencilConfig_0_1_c, void @ap_fifo_str, i32 0, i32 0, void @p_str, i32 0, i32 0, void @p_str, void @p_str, void @p_str, i32 2, i32 2, i32 16, i32 16, void @p_str, void @ScalarProp_str, i32 4294967295, i32 0"   --->   Operation 63 'specinterface' 'specinterface_ln0' <Predicate = true> <Delay = 0.00>
ST_3 : Operation 64 [1/1] (0.00ns)   --->   "%specinterface_ln0 = specinterface void @_ssdm_op_SpecInterface, i14 %stencilConfig_tile_size_0, void @ap_fifo_str, i32 0, i32 0, void @p_str, i32 0, i32 0, void @p_str, void @p_str, void @p_str, i32 2, i32 2, i32 16, i32 16, void @p_str, void @ScalarProp_str, i32 4294967295, i32 0"   --->   Operation 64 'specinterface' 'specinterface_ln0' <Predicate = true> <Delay = 0.00>
ST_3 : Operation 65 [1/1] (0.00ns)   --->   "%specinterface_ln0 = specinterface void @_ssdm_op_SpecInterface, i14 %stencilConfig_0_0_c69, void @ap_fifo_str, i32 0, i32 0, void @p_str, i32 0, i32 0, void @p_str, void @p_str, void @p_str, i32 2, i32 2, i32 16, i32 16, void @p_str, void @ScalarProp_str, i32 4294967295, i32 0"   --->   Operation 65 'specinterface' 'specinterface_ln0' <Predicate = true> <Delay = 0.00>
ST_3 : Operation 66 [1/1] (0.00ns)   --->   "%specinterface_ln0 = specinterface void @_ssdm_op_SpecInterface, i14 %stencilConfig_0_0_c68, void @ap_fifo_str, i32 0, i32 0, void @p_str, i32 0, i32 0, void @p_str, void @p_str, void @p_str, i32 2, i32 2, i32 16, i32 16, void @p_str, void @ScalarProp_str, i32 4294967295, i32 0"   --->   Operation 66 'specinterface' 'specinterface_ln0' <Predicate = true> <Delay = 0.00>
ST_3 : Operation 67 [1/1] (0.00ns)   --->   "%specinterface_ln0 = specinterface void @_ssdm_op_SpecInterface, i14 %stencilConfig_0_0_c67, void @ap_fifo_str, i32 0, i32 0, void @p_str, i32 0, i32 0, void @p_str, void @p_str, void @p_str, i32 2, i32 2, i32 16, i32 16, void @p_str, void @ScalarProp_str, i32 4294967295, i32 0"   --->   Operation 67 'specinterface' 'specinterface_ln0' <Predicate = true> <Delay = 0.00>
ST_3 : Operation 68 [1/1] (0.00ns)   --->   "%specinterface_ln0 = specinterface void @_ssdm_op_SpecInterface, i14 %stencilConfig_0_0_c, void @ap_fifo_str, i32 0, i32 0, void @p_str, i32 0, i32 0, void @p_str, void @p_str, void @p_str, i32 2, i32 2, i32 16, i32 16, void @p_str, void @ScalarProp_str, i32 4294967295, i32 0"   --->   Operation 68 'specinterface' 'specinterface_ln0' <Predicate = true> <Delay = 0.00>
ST_3 : Operation 69 [1/1] (0.00ns)   --->   "%specinterface_ln0 = specinterface void @_ssdm_op_SpecInterface, i288 %arg1_poisson_kernel_stencil_out_subtile_stream_1_1, void @empty_39, i32 0, i32 0, void @empty_5, i32 0, i32 0, void @empty_5, void @empty_5, void @empty_5, i32 0, i32 0, i32 0, i32 0, void @empty_5, void @empty_5, i32 4294967295, i32 0"   --->   Operation 69 'specinterface' 'specinterface_ln0' <Predicate = true> <Delay = 0.00>
ST_3 : Operation 70 [1/1] (0.00ns)   --->   "%specinterface_ln0 = specinterface void @_ssdm_op_SpecInterface, i288 %arg1_poisson_kernel_stencil_out_subtile_stream_1_0, void @empty_39, i32 0, i32 0, void @empty_5, i32 0, i32 0, void @empty_5, void @empty_5, void @empty_5, i32 0, i32 0, i32 0, i32 0, void @empty_5, void @empty_5, i32 4294967295, i32 0"   --->   Operation 70 'specinterface' 'specinterface_ln0' <Predicate = true> <Delay = 0.00>
ST_3 : Operation 71 [1/1] (0.00ns)   --->   "%specinterface_ln0 = specinterface void @_ssdm_op_SpecInterface, i288 %arg0_poisson_kernel_stencil_in_subtile_stream_1_1, void @empty_39, i32 0, i32 0, void @empty_5, i32 0, i32 0, void @empty_5, void @empty_5, void @empty_5, i32 0, i32 0, i32 0, i32 0, void @empty_5, void @empty_5, i32 4294967295, i32 0"   --->   Operation 71 'specinterface' 'specinterface_ln0' <Predicate = true> <Delay = 0.00>
ST_3 : Operation 72 [1/1] (0.00ns)   --->   "%specinterface_ln0 = specinterface void @_ssdm_op_SpecInterface, i288 %arg0_poisson_kernel_stencil_in_subtile_stream_1_0, void @empty_39, i32 0, i32 0, void @empty_5, i32 0, i32 0, void @empty_5, void @empty_5, void @empty_5, i32 0, i32 0, i32 0, i32 0, void @empty_5, void @empty_5, i32 4294967295, i32 0"   --->   Operation 72 'specinterface' 'specinterface_ln0' <Predicate = true> <Delay = 0.00>
ST_3 : Operation 73 [1/2] (0.00ns)   --->   "%call_ln494 = call void @stencilRun.3, i14 %stencil_m_stencilConfig_tile_size_0, i16 %stencil_m_stencilConfig_tile_size_1, i16 %stencil_m_stencilConfig_outer_loop_limit, i16 %stencil_m_stencilConfig_last_tile_upper_limit_x, i1 %stencil_m_stencilConfig_is_first_0, i1 %stencil_m_stencilConfig_is_last_0, i14 %stencil_m_stencilConfig_line_diff, i3 3, i288 %arg0_poisson_kernel_stencil_in_subtile_stream_1_0, i288 %arg0_poisson_kernel_stencil_in_subtile_stream_1_1, i288 %arg1_poisson_kernel_stencil_out_subtile_stream_1_0, i288 %arg1_poisson_kernel_stencil_out_subtile_stream_1_1" [/home/x_thileeb/repos/ops-hls-batching-new/codegen_apps/tiling/poisson2d/u280_project/maxtile_8192_interleave_p8/hls/device/include/PE_poisson_kernel_stencil.hpp:494]   --->   Operation 73 'call' 'call_ln494' <Predicate = true> <Delay = 0.00> <CoreType = "Generic">   --->   Core 0 '' <Latency = 0> <II = 1> <Delay = 1.00> <Generic> <Opcode : >
ST_3 : Operation 74 [1/1] (0.00ns)   --->   "%ret_ln505 = ret" [/home/x_thileeb/repos/ops-hls-batching-new/codegen_apps/tiling/poisson2d/u280_project/maxtile_8192_interleave_p8/hls/device/include/PE_poisson_kernel_stencil.hpp:505]   --->   Operation 74 'ret' 'ret_ln505' <Predicate = true> <Delay = 0.00>


============================================================
+ Verbose Summary: Binding
============================================================
STG Binding: 
---------------- STG Properties BEGIN ----------------
- Is combinational: 0
- Is one-state seq: 0
- Is datapath-only: 0
- Is pipelined: 0
- Is top level: 0
Port [ Return ] is wired: 1; IO mode=ap_ctrl_hs:ce=0
Port [ stencilConfig_tile_size_0]:  wired=1; compound=1; hidden=0; nouse=0; global=0; static=0; extern=0; dir=0; type=3; pingpong=0; private_global=0; IO mode=ap_fifo:ce=0
Port [ stencilConfig_tile_size_1]:  wired=1; compound=1; hidden=0; nouse=0; global=0; static=0; extern=0; dir=0; type=3; pingpong=0; private_global=0; IO mode=ap_fifo:ce=0
Port [ stencilConfig_outer_loop_limit]:  wired=1; compound=1; hidden=0; nouse=0; global=0; static=0; extern=0; dir=0; type=3; pingpong=0; private_global=0; IO mode=ap_fifo:ce=0
Port [ stencilConfig_last_tile_upper_limit_x]:  wired=1; compound=1; hidden=0; nouse=0; global=0; static=0; extern=0; dir=0; type=3; pingpong=0; private_global=0; IO mode=ap_fifo:ce=0
Port [ stencilConfig_is_first_0]:  wired=1; compound=1; hidden=0; nouse=0; global=0; static=0; extern=0; dir=0; type=3; pingpong=0; private_global=0; IO mode=ap_fifo:ce=0
Port [ stencilConfig_is_last_0]:  wired=1; compound=1; hidden=0; nouse=0; global=0; static=0; extern=0; dir=0; type=3; pingpong=0; private_global=0; IO mode=ap_fifo:ce=0
Port [ stencilConfig_line_diff]:  wired=1; compound=1; hidden=0; nouse=0; global=0; static=0; extern=0; dir=0; type=3; pingpong=0; private_global=0; IO mode=ap_fifo:ce=0
Port [ arg0_poisson_kernel_stencil_in_subtile_stream_1_0]:  wired=1; compound=1; hidden=0; nouse=0; global=0; static=0; extern=0; dir=0; type=3; pingpong=0; private_global=0; IO mode=ap_fifo:ce=0
Port [ arg0_poisson_kernel_stencil_in_subtile_stream_1_1]:  wired=1; compound=1; hidden=0; nouse=0; global=0; static=0; extern=0; dir=0; type=3; pingpong=0; private_global=0; IO mode=ap_fifo:ce=0
Port [ arg1_poisson_kernel_stencil_out_subtile_stream_1_0]:  wired=1; compound=1; hidden=0; nouse=0; global=0; static=0; extern=0; dir=1; type=3; pingpong=0; private_global=0; IO mode=ap_fifo:ce=0
Port [ arg1_poisson_kernel_stencil_out_subtile_stream_1_1]:  wired=1; compound=1; hidden=0; nouse=0; global=0; static=0; extern=0; dir=1; type=3; pingpong=0; private_global=0; IO mode=ap_fifo:ce=0
Port [ stencilConfig_0_0_c]:  wired=1; compound=1; hidden=0; nouse=0; global=0; static=0; extern=0; dir=1; type=3; pingpong=0; private_global=0; IO mode=ap_fifo:ce=0
Port [ stencilConfig_0_0_c67]:  wired=1; compound=1; hidden=0; nouse=0; global=0; static=0; extern=0; dir=1; type=3; pingpong=0; private_global=0; IO mode=ap_fifo:ce=0
Port [ stencilConfig_0_0_c68]:  wired=1; compound=1; hidden=0; nouse=0; global=0; static=0; extern=0; dir=1; type=3; pingpong=0; private_global=0; IO mode=ap_fifo:ce=0
Port [ stencilConfig_0_0_c69]:  wired=1; compound=1; hidden=0; nouse=0; global=0; static=0; extern=0; dir=1; type=3; pingpong=0; private_global=0; IO mode=ap_fifo:ce=0
Port [ stencilConfig_0_1_c]:  wired=1; compound=1; hidden=0; nouse=0; global=0; static=0; extern=0; dir=1; type=3; pingpong=0; private_global=0; IO mode=ap_fifo:ce=0
Port [ stencilConfig_0_1_c78]:  wired=1; compound=1; hidden=0; nouse=0; global=0; static=0; extern=0; dir=1; type=3; pingpong=0; private_global=0; IO mode=ap_fifo:ce=0
Port [ stencilConfig_0_1_c79]:  wired=1; compound=1; hidden=0; nouse=0; global=0; static=0; extern=0; dir=1; type=3; pingpong=0; private_global=0; IO mode=ap_fifo:ce=0
Port [ stencilConfig_0_1_c80]:  wired=1; compound=1; hidden=0; nouse=0; global=0; static=0; extern=0; dir=1; type=3; pingpong=0; private_global=0; IO mode=ap_fifo:ce=0
Port [ stencilConfig_2_c]:  wired=1; compound=1; hidden=0; nouse=0; global=0; static=0; extern=0; dir=1; type=3; pingpong=0; private_global=0; IO mode=ap_fifo:ce=0
Port [ stencilConfig_2_c89]:  wired=1; compound=1; hidden=0; nouse=0; global=0; static=0; extern=0; dir=1; type=3; pingpong=0; private_global=0; IO mode=ap_fifo:ce=0
Port [ stencilConfig_2_c90]:  wired=1; compound=1; hidden=0; nouse=0; global=0; static=0; extern=0; dir=1; type=3; pingpong=0; private_global=0; IO mode=ap_fifo:ce=0
Port [ stencilConfig_2_c91]:  wired=1; compound=1; hidden=0; nouse=0; global=0; static=0; extern=0; dir=1; type=3; pingpong=0; private_global=0; IO mode=ap_fifo:ce=0
Port [ stencilConfig_3_c]:  wired=1; compound=1; hidden=0; nouse=0; global=0; static=0; extern=0; dir=1; type=3; pingpong=0; private_global=0; IO mode=ap_fifo:ce=0
Port [ stencilConfig_3_c100]:  wired=1; compound=1; hidden=0; nouse=0; global=0; static=0; extern=0; dir=1; type=3; pingpong=0; private_global=0; IO mode=ap_fifo:ce=0
Port [ stencilConfig_3_c101]:  wired=1; compound=1; hidden=0; nouse=0; global=0; static=0; extern=0; dir=1; type=3; pingpong=0; private_global=0; IO mode=ap_fifo:ce=0
Port [ stencilConfig_3_c102]:  wired=1; compound=1; hidden=0; nouse=0; global=0; static=0; extern=0; dir=1; type=3; pingpong=0; private_global=0; IO mode=ap_fifo:ce=0
Port [ stencilConfig_4_0_c]:  wired=1; compound=1; hidden=0; nouse=0; global=0; static=0; extern=0; dir=1; type=3; pingpong=0; private_global=0; IO mode=ap_fifo:ce=0
Port [ stencilConfig_5_0_c]:  wired=1; compound=1; hidden=0; nouse=0; global=0; static=0; extern=0; dir=1; type=3; pingpong=0; private_global=0; IO mode=ap_fifo:ce=0
Port [ stencilConfig_5_0_c113]:  wired=1; compound=1; hidden=0; nouse=0; global=0; static=0; extern=0; dir=1; type=3; pingpong=0; private_global=0; IO mode=ap_fifo:ce=0
Port [ stencilConfig_5_0_c114]:  wired=1; compound=1; hidden=0; nouse=0; global=0; static=0; extern=0; dir=1; type=3; pingpong=0; private_global=0; IO mode=ap_fifo:ce=0
Port [ stencilConfig_5_0_c115]:  wired=1; compound=1; hidden=0; nouse=0; global=0; static=0; extern=0; dir=1; type=3; pingpong=0; private_global=0; IO mode=ap_fifo:ce=0
Port [ stencilConfig_6_c]:  wired=1; compound=1; hidden=0; nouse=0; global=0; static=0; extern=0; dir=1; type=3; pingpong=0; private_global=0; IO mode=ap_fifo:ce=0
Port [ stencilConfig_6_c124]:  wired=1; compound=1; hidden=0; nouse=0; global=0; static=0; extern=0; dir=1; type=3; pingpong=0; private_global=0; IO mode=ap_fifo:ce=0
Port [ stencilConfig_6_c125]:  wired=1; compound=1; hidden=0; nouse=0; global=0; static=0; extern=0; dir=1; type=3; pingpong=0; private_global=0; IO mode=ap_fifo:ce=0
Port [ stencilConfig_6_c126]:  wired=1; compound=1; hidden=0; nouse=0; global=0; static=0; extern=0; dir=1; type=3; pingpong=0; private_global=0; IO mode=ap_fifo:ce=0
---------------- STG Properties END ------------------

---------------- Datapath Model BEGIN ----------------

<LifeTime>
<method=bitvector/>
stencil_m_stencilConfig_line_diff               (read         ) [ 0011]
write_ln0                                       (write        ) [ 0000]
write_ln0                                       (write        ) [ 0000]
write_ln0                                       (write        ) [ 0000]
write_ln0                                       (write        ) [ 0000]
stencil_m_stencilConfig_is_last_0               (read         ) [ 0011]
write_ln0                                       (write        ) [ 0000]
write_ln0                                       (write        ) [ 0000]
write_ln0                                       (write        ) [ 0000]
write_ln0                                       (write        ) [ 0000]
stencil_m_stencilConfig_is_first_0              (read         ) [ 0011]
write_ln0                                       (write        ) [ 0000]
stencil_m_stencilConfig_last_tile_upper_limit_x (read         ) [ 0011]
write_ln0                                       (write        ) [ 0000]
write_ln0                                       (write        ) [ 0000]
write_ln0                                       (write        ) [ 0000]
write_ln0                                       (write        ) [ 0000]
stencil_m_stencilConfig_outer_loop_limit        (read         ) [ 0011]
write_ln0                                       (write        ) [ 0000]
write_ln0                                       (write        ) [ 0000]
write_ln0                                       (write        ) [ 0000]
write_ln0                                       (write        ) [ 0000]
stencil_m_stencilConfig_tile_size_1             (read         ) [ 0011]
write_ln0                                       (write        ) [ 0000]
write_ln0                                       (write        ) [ 0000]
write_ln0                                       (write        ) [ 0000]
write_ln0                                       (write        ) [ 0000]
stencil_m_stencilConfig_tile_size_0             (read         ) [ 0011]
write_ln0                                       (write        ) [ 0000]
write_ln0                                       (write        ) [ 0000]
write_ln0                                       (write        ) [ 0000]
write_ln0                                       (write        ) [ 0000]
specinterface_ln0                               (specinterface) [ 0000]
specinterface_ln0                               (specinterface) [ 0000]
specinterface_ln0                               (specinterface) [ 0000]
specinterface_ln0                               (specinterface) [ 0000]
specinterface_ln0                               (specinterface) [ 0000]
specinterface_ln0                               (specinterface) [ 0000]
specinterface_ln0                               (specinterface) [ 0000]
specinterface_ln0                               (specinterface) [ 0000]
specinterface_ln0                               (specinterface) [ 0000]
specinterface_ln0                               (specinterface) [ 0000]
specinterface_ln0                               (specinterface) [ 0000]
specinterface_ln0                               (specinterface) [ 0000]
specinterface_ln0                               (specinterface) [ 0000]
specinterface_ln0                               (specinterface) [ 0000]
specinterface_ln0                               (specinterface) [ 0000]
specinterface_ln0                               (specinterface) [ 0000]
specinterface_ln0                               (specinterface) [ 0000]
specinterface_ln0                               (specinterface) [ 0000]
specinterface_ln0                               (specinterface) [ 0000]
specinterface_ln0                               (specinterface) [ 0000]
specinterface_ln0                               (specinterface) [ 0000]
specinterface_ln0                               (specinterface) [ 0000]
specinterface_ln0                               (specinterface) [ 0000]
specinterface_ln0                               (specinterface) [ 0000]
specinterface_ln0                               (specinterface) [ 0000]
specinterface_ln0                               (specinterface) [ 0000]
specinterface_ln0                               (specinterface) [ 0000]
specinterface_ln0                               (specinterface) [ 0000]
specinterface_ln0                               (specinterface) [ 0000]
specinterface_ln0                               (specinterface) [ 0000]
specinterface_ln0                               (specinterface) [ 0000]
specinterface_ln0                               (specinterface) [ 0000]
specinterface_ln0                               (specinterface) [ 0000]
specinterface_ln0                               (specinterface) [ 0000]
specinterface_ln0                               (specinterface) [ 0000]
specinterface_ln0                               (specinterface) [ 0000]
call_ln494                                      (call         ) [ 0000]
ret_ln505                                       (ret          ) [ 0000]
</LifeTime>

<model>

<comp_list>
<comp id="0" class="1000" name="stencilConfig_tile_size_0">
<pin_list>
<pin id="1" dir="1" index="0" bw="1" slack="0"/>
</pin_list>
<bind>
<StgValue><ssdm name="stencilConfig_tile_size_0"/></StgValue>
</bind>
</comp>

<comp id="2" class="1000" name="stencilConfig_tile_size_1">
<pin_list>
<pin id="3" dir="1" index="0" bw="1" slack="0"/>
</pin_list>
<bind>
<StgValue><ssdm name="stencilConfig_tile_size_1"/></StgValue>
</bind>
</comp>

<comp id="4" class="1000" name="stencilConfig_outer_loop_limit">
<pin_list>
<pin id="5" dir="1" index="0" bw="1" slack="0"/>
</pin_list>
<bind>
<StgValue><ssdm name="stencilConfig_outer_loop_limit"/></StgValue>
</bind>
</comp>

<comp id="6" class="1000" name="stencilConfig_last_tile_upper_limit_x">
<pin_list>
<pin id="7" dir="1" index="0" bw="1" slack="0"/>
</pin_list>
<bind>
<StgValue><ssdm name="stencilConfig_last_tile_upper_limit_x"/></StgValue>
</bind>
</comp>

<comp id="8" class="1000" name="stencilConfig_is_first_0">
<pin_list>
<pin id="9" dir="1" index="0" bw="1" slack="0"/>
</pin_list>
<bind>
<StgValue><ssdm name="stencilConfig_is_first_0"/></StgValue>
</bind>
</comp>

<comp id="10" class="1000" name="stencilConfig_is_last_0">
<pin_list>
<pin id="11" dir="1" index="0" bw="1" slack="0"/>
</pin_list>
<bind>
<StgValue><ssdm name="stencilConfig_is_last_0"/></StgValue>
</bind>
</comp>

<comp id="12" class="1000" name="stencilConfig_line_diff">
<pin_list>
<pin id="13" dir="1" index="0" bw="1" slack="0"/>
</pin_list>
<bind>
<StgValue><ssdm name="stencilConfig_line_diff"/></StgValue>
</bind>
</comp>

<comp id="14" class="1000" name="arg0_poisson_kernel_stencil_in_subtile_stream_1_0">
<pin_list>
<pin id="15" dir="1" index="0" bw="1" slack="0"/>
</pin_list>
<bind>
<StgValue><ssdm name="arg0_poisson_kernel_stencil_in_subtile_stream_1_0"/></StgValue>
</bind>
</comp>

<comp id="16" class="1000" name="arg0_poisson_kernel_stencil_in_subtile_stream_1_1">
<pin_list>
<pin id="17" dir="1" index="0" bw="1" slack="0"/>
</pin_list>
<bind>
<StgValue><ssdm name="arg0_poisson_kernel_stencil_in_subtile_stream_1_1"/></StgValue>
</bind>
</comp>

<comp id="18" class="1000" name="arg1_poisson_kernel_stencil_out_subtile_stream_1_0">
<pin_list>
<pin id="19" dir="1" index="0" bw="1" slack="0"/>
</pin_list>
<bind>
<StgValue><ssdm name="arg1_poisson_kernel_stencil_out_subtile_stream_1_0"/></StgValue>
</bind>
</comp>

<comp id="20" class="1000" name="arg1_poisson_kernel_stencil_out_subtile_stream_1_1">
<pin_list>
<pin id="21" dir="1" index="0" bw="1" slack="0"/>
</pin_list>
<bind>
<StgValue><ssdm name="arg1_poisson_kernel_stencil_out_subtile_stream_1_1"/></StgValue>
</bind>
</comp>

<comp id="22" class="1000" name="stencilConfig_0_0_c">
<pin_list>
<pin id="23" dir="1" index="0" bw="1" slack="0"/>
</pin_list>
<bind>
<StgValue><ssdm name="stencilConfig_0_0_c"/></StgValue>
</bind>
</comp>

<comp id="24" class="1000" name="stencilConfig_0_0_c67">
<pin_list>
<pin id="25" dir="1" index="0" bw="1" slack="0"/>
</pin_list>
<bind>
<StgValue><ssdm name="stencilConfig_0_0_c67"/></StgValue>
</bind>
</comp>

<comp id="26" class="1000" name="stencilConfig_0_0_c68">
<pin_list>
<pin id="27" dir="1" index="0" bw="1" slack="0"/>
</pin_list>
<bind>
<StgValue><ssdm name="stencilConfig_0_0_c68"/></StgValue>
</bind>
</comp>

<comp id="28" class="1000" name="stencilConfig_0_0_c69">
<pin_list>
<pin id="29" dir="1" index="0" bw="1" slack="0"/>
</pin_list>
<bind>
<StgValue><ssdm name="stencilConfig_0_0_c69"/></StgValue>
</bind>
</comp>

<comp id="30" class="1000" name="stencilConfig_0_1_c">
<pin_list>
<pin id="31" dir="1" index="0" bw="1" slack="0"/>
</pin_list>
<bind>
<StgValue><ssdm name="stencilConfig_0_1_c"/></StgValue>
</bind>
</comp>

<comp id="32" class="1000" name="stencilConfig_0_1_c78">
<pin_list>
<pin id="33" dir="1" index="0" bw="1" slack="0"/>
</pin_list>
<bind>
<StgValue><ssdm name="stencilConfig_0_1_c78"/></StgValue>
</bind>
</comp>

<comp id="34" class="1000" name="stencilConfig_0_1_c79">
<pin_list>
<pin id="35" dir="1" index="0" bw="1" slack="0"/>
</pin_list>
<bind>
<StgValue><ssdm name="stencilConfig_0_1_c79"/></StgValue>
</bind>
</comp>

<comp id="36" class="1000" name="stencilConfig_0_1_c80">
<pin_list>
<pin id="37" dir="1" index="0" bw="1" slack="0"/>
</pin_list>
<bind>
<StgValue><ssdm name="stencilConfig_0_1_c80"/></StgValue>
</bind>
</comp>

<comp id="38" class="1000" name="stencilConfig_2_c">
<pin_list>
<pin id="39" dir="1" index="0" bw="1" slack="0"/>
</pin_list>
<bind>
<StgValue><ssdm name="stencilConfig_2_c"/></StgValue>
</bind>
</comp>

<comp id="40" class="1000" name="stencilConfig_2_c89">
<pin_list>
<pin id="41" dir="1" index="0" bw="1" slack="0"/>
</pin_list>
<bind>
<StgValue><ssdm name="stencilConfig_2_c89"/></StgValue>
</bind>
</comp>

<comp id="42" class="1000" name="stencilConfig_2_c90">
<pin_list>
<pin id="43" dir="1" index="0" bw="1" slack="0"/>
</pin_list>
<bind>
<StgValue><ssdm name="stencilConfig_2_c90"/></StgValue>
</bind>
</comp>

<comp id="44" class="1000" name="stencilConfig_2_c91">
<pin_list>
<pin id="45" dir="1" index="0" bw="1" slack="0"/>
</pin_list>
<bind>
<StgValue><ssdm name="stencilConfig_2_c91"/></StgValue>
</bind>
</comp>

<comp id="46" class="1000" name="stencilConfig_3_c">
<pin_list>
<pin id="47" dir="1" index="0" bw="1" slack="0"/>
</pin_list>
<bind>
<StgValue><ssdm name="stencilConfig_3_c"/></StgValue>
</bind>
</comp>

<comp id="48" class="1000" name="stencilConfig_3_c100">
<pin_list>
<pin id="49" dir="1" index="0" bw="1" slack="0"/>
</pin_list>
<bind>
<StgValue><ssdm name="stencilConfig_3_c100"/></StgValue>
</bind>
</comp>

<comp id="50" class="1000" name="stencilConfig_3_c101">
<pin_list>
<pin id="51" dir="1" index="0" bw="1" slack="0"/>
</pin_list>
<bind>
<StgValue><ssdm name="stencilConfig_3_c101"/></StgValue>
</bind>
</comp>

<comp id="52" class="1000" name="stencilConfig_3_c102">
<pin_list>
<pin id="53" dir="1" index="0" bw="1" slack="0"/>
</pin_list>
<bind>
<StgValue><ssdm name="stencilConfig_3_c102"/></StgValue>
</bind>
</comp>

<comp id="54" class="1000" name="stencilConfig_4_0_c">
<pin_list>
<pin id="55" dir="1" index="0" bw="1" slack="0"/>
</pin_list>
<bind>
<StgValue><ssdm name="stencilConfig_4_0_c"/></StgValue>
</bind>
</comp>

<comp id="56" class="1000" name="stencilConfig_5_0_c">
<pin_list>
<pin id="57" dir="1" index="0" bw="1" slack="0"/>
</pin_list>
<bind>
<StgValue><ssdm name="stencilConfig_5_0_c"/></StgValue>
</bind>
</comp>

<comp id="58" class="1000" name="stencilConfig_5_0_c113">
<pin_list>
<pin id="59" dir="1" index="0" bw="1" slack="0"/>
</pin_list>
<bind>
<StgValue><ssdm name="stencilConfig_5_0_c113"/></StgValue>
</bind>
</comp>

<comp id="60" class="1000" name="stencilConfig_5_0_c114">
<pin_list>
<pin id="61" dir="1" index="0" bw="1" slack="0"/>
</pin_list>
<bind>
<StgValue><ssdm name="stencilConfig_5_0_c114"/></StgValue>
</bind>
</comp>

<comp id="62" class="1000" name="stencilConfig_5_0_c115">
<pin_list>
<pin id="63" dir="1" index="0" bw="1" slack="0"/>
</pin_list>
<bind>
<StgValue><ssdm name="stencilConfig_5_0_c115"/></StgValue>
</bind>
</comp>

<comp id="64" class="1000" name="stencilConfig_6_c">
<pin_list>
<pin id="65" dir="1" index="0" bw="1" slack="0"/>
</pin_list>
<bind>
<StgValue><ssdm name="stencilConfig_6_c"/></StgValue>
</bind>
</comp>

<comp id="66" class="1000" name="stencilConfig_6_c124">
<pin_list>
<pin id="67" dir="1" index="0" bw="1" slack="0"/>
</pin_list>
<bind>
<StgValue><ssdm name="stencilConfig_6_c124"/></StgValue>
</bind>
</comp>

<comp id="68" class="1000" name="stencilConfig_6_c125">
<pin_list>
<pin id="69" dir="1" index="0" bw="1" slack="0"/>
</pin_list>
<bind>
<StgValue><ssdm name="stencilConfig_6_c125"/></StgValue>
</bind>
</comp>

<comp id="70" class="1000" name="stencilConfig_6_c126">
<pin_list>
<pin id="71" dir="1" index="0" bw="1" slack="0"/>
</pin_list>
<bind>
<StgValue><ssdm name="stencilConfig_6_c126"/></StgValue>
</bind>
</comp>

<comp id="72" class="1001" name="const_72">
<pin_list>
<pin id="73" dir="1" index="0" bw="1" slack="0"/>
</pin_list>
<bind>
<StgValue><ssdm name="_ssdm_op_Read.ap_fifo.i14P0A"/></StgValue>
</bind>
</comp>

<comp id="74" class="1001" name="const_74">
<pin_list>
<pin id="75" dir="1" index="0" bw="1" slack="0"/>
</pin_list>
<bind>
<StgValue><ssdm name="_ssdm_op_Write.ap_fifo.i14P0A"/></StgValue>
</bind>
</comp>

<comp id="76" class="1001" name="const_76">
<pin_list>
<pin id="77" dir="1" index="0" bw="1" slack="0"/>
</pin_list>
<bind>
<StgValue><ssdm name="_ssdm_op_Read.ap_fifo.i1P0A"/></StgValue>
</bind>
</comp>

<comp id="78" class="1001" name="const_78">
<pin_list>
<pin id="79" dir="1" index="0" bw="1" slack="0"/>
</pin_list>
<bind>
<StgValue><ssdm name="_ssdm_op_Write.ap_fifo.i1P0A"/></StgValue>
</bind>
</comp>

<comp id="80" class="1001" name="const_80">
<pin_list>
<pin id="81" dir="1" index="0" bw="1" slack="0"/>
</pin_list>
<bind>
<StgValue><ssdm name="_ssdm_op_Read.ap_fifo.i16P0A"/></StgValue>
</bind>
</comp>

<comp id="82" class="1001" name="const_82">
<pin_list>
<pin id="83" dir="1" index="0" bw="1" slack="0"/>
</pin_list>
<bind>
<StgValue><ssdm name="_ssdm_op_Write.ap_fifo.i16P0A"/></StgValue>
</bind>
</comp>

<comp id="84" class="1001" name="const_84">
<pin_list>
<pin id="85" dir="1" index="0" bw="1" slack="0"/>
</pin_list>
<bind>
<StgValue><ssdm name="stencilRun.3"/></StgValue>
</bind>
</comp>

<comp id="86" class="1001" name="const_86">
<pin_list>
<pin id="87" dir="1" index="0" bw="1" slack="0"/>
</pin_list>
<bind>
<StgValue><ssdm name=""/></StgValue>
</bind>
</comp>

<comp id="88" class="1001" name="const_88">
<pin_list>
<pin id="89" dir="1" index="0" bw="1" slack="2147483647"/>
</pin_list>
<bind>
<StgValue><ssdm name="_ssdm_op_SpecInterface"/></StgValue>
</bind>
</comp>

<comp id="90" class="1001" name="const_90">
<pin_list>
<pin id="91" dir="1" index="0" bw="1" slack="2147483647"/>
</pin_list>
<bind>
<StgValue><ssdm name="ap_fifo_str"/></StgValue>
</bind>
</comp>

<comp id="92" class="1001" name="const_92">
<pin_list>
<pin id="93" dir="1" index="0" bw="1" slack="2147483647"/>
</pin_list>
<bind>
<StgValue><ssdm name=""/></StgValue>
</bind>
</comp>

<comp id="94" class="1001" name="const_94">
<pin_list>
<pin id="95" dir="1" index="0" bw="1" slack="2147483647"/>
</pin_list>
<bind>
<StgValue><ssdm name="p_str"/></StgValue>
</bind>
</comp>

<comp id="96" class="1001" name="const_96">
<pin_list>
<pin id="97" dir="1" index="0" bw="1" slack="2147483647"/>
</pin_list>
<bind>
<StgValue><ssdm name=""/></StgValue>
</bind>
</comp>

<comp id="98" class="1001" name="const_98">
<pin_list>
<pin id="99" dir="1" index="0" bw="1" slack="2147483647"/>
</pin_list>
<bind>
<StgValue><ssdm name=""/></StgValue>
</bind>
</comp>

<comp id="100" class="1001" name="const_100">
<pin_list>
<pin id="101" dir="1" index="0" bw="1" slack="2147483647"/>
</pin_list>
<bind>
<StgValue><ssdm name="ScalarProp_str"/></StgValue>
</bind>
</comp>

<comp id="102" class="1001" name="const_102">
<pin_list>
<pin id="103" dir="1" index="0" bw="1" slack="2147483647"/>
</pin_list>
<bind>
<StgValue><ssdm name=""/></StgValue>
</bind>
</comp>

<comp id="104" class="1001" name="const_104">
<pin_list>
<pin id="105" dir="1" index="0" bw="1" slack="2147483647"/>
</pin_list>
<bind>
<StgValue><ssdm name="empty_39"/></StgValue>
</bind>
</comp>

<comp id="106" class="1001" name="const_106">
<pin_list>
<pin id="107" dir="1" index="0" bw="1" slack="2147483647"/>
</pin_list>
<bind>
<StgValue><ssdm name="empty_5"/></StgValue>
</bind>
</comp>

<comp id="108" class="1004" name="stencil_m_stencilConfig_line_diff_read_fu_108">
<pin_list>
<pin id="109" dir="0" index="0" bw="14" slack="0"/>
<pin id="110" dir="0" index="1" bw="14" slack="0"/>
<pin id="111" dir="1" index="2" bw="14" slack="0"/>
</pin_list>
<bind>
<opcode="read(1150) " fcode="read"/>
<opset="stencil_m_stencilConfig_line_diff/1 "/>
</bind>
</comp>

<comp id="114" class="1004" name="write_ln0_write_fu_114">
<pin_list>
<pin id="115" dir="0" index="0" bw="0" slack="0"/>
<pin id="116" dir="0" index="1" bw="14" slack="0"/>
<pin id="117" dir="0" index="2" bw="14" slack="0"/>
<pin id="118" dir="1" index="3" bw="0" slack="2147483647"/>
</pin_list>
<bind>
<opcode="write(1151) " fcode="write"/>
<opset="write_ln0/1 "/>
</bind>
</comp>

<comp id="122" class="1004" name="write_ln0_write_fu_122">
<pin_list>
<pin id="123" dir="0" index="0" bw="0" slack="0"/>
<pin id="124" dir="0" index="1" bw="14" slack="0"/>
<pin id="125" dir="0" index="2" bw="14" slack="0"/>
<pin id="126" dir="1" index="3" bw="0" slack="2147483647"/>
</pin_list>
<bind>
<opcode="write(1151) " fcode="write"/>
<opset="write_ln0/1 "/>
</bind>
</comp>

<comp id="130" class="1004" name="write_ln0_write_fu_130">
<pin_list>
<pin id="131" dir="0" index="0" bw="0" slack="0"/>
<pin id="132" dir="0" index="1" bw="14" slack="0"/>
<pin id="133" dir="0" index="2" bw="14" slack="0"/>
<pin id="134" dir="1" index="3" bw="0" slack="2147483647"/>
</pin_list>
<bind>
<opcode="write(1151) " fcode="write"/>
<opset="write_ln0/1 "/>
</bind>
</comp>

<comp id="138" class="1004" name="write_ln0_write_fu_138">
<pin_list>
<pin id="139" dir="0" index="0" bw="0" slack="0"/>
<pin id="140" dir="0" index="1" bw="14" slack="0"/>
<pin id="141" dir="0" index="2" bw="14" slack="0"/>
<pin id="142" dir="1" index="3" bw="0" slack="2147483647"/>
</pin_list>
<bind>
<opcode="write(1151) " fcode="write"/>
<opset="write_ln0/1 "/>
</bind>
</comp>

<comp id="146" class="1004" name="stencil_m_stencilConfig_is_last_0_read_fu_146">
<pin_list>
<pin id="147" dir="0" index="0" bw="1" slack="0"/>
<pin id="148" dir="0" index="1" bw="1" slack="0"/>
<pin id="149" dir="1" index="2" bw="1" slack="0"/>
</pin_list>
<bind>
<opcode="read(1150) " fcode="read"/>
<opset="stencil_m_stencilConfig_is_last_0/1 "/>
</bind>
</comp>

<comp id="152" class="1004" name="write_ln0_write_fu_152">
<pin_list>
<pin id="153" dir="0" index="0" bw="0" slack="0"/>
<pin id="154" dir="0" index="1" bw="1" slack="0"/>
<pin id="155" dir="0" index="2" bw="1" slack="0"/>
<pin id="156" dir="1" index="3" bw="0" slack="2147483647"/>
</pin_list>
<bind>
<opcode="write(1151) " fcode="write"/>
<opset="write_ln0/1 "/>
</bind>
</comp>

<comp id="160" class="1004" name="write_ln0_write_fu_160">
<pin_list>
<pin id="161" dir="0" index="0" bw="0" slack="0"/>
<pin id="162" dir="0" index="1" bw="1" slack="0"/>
<pin id="163" dir="0" index="2" bw="1" slack="0"/>
<pin id="164" dir="1" index="3" bw="0" slack="2147483647"/>
</pin_list>
<bind>
<opcode="write(1151) " fcode="write"/>
<opset="write_ln0/1 "/>
</bind>
</comp>

<comp id="168" class="1004" name="write_ln0_write_fu_168">
<pin_list>
<pin id="169" dir="0" index="0" bw="0" slack="0"/>
<pin id="170" dir="0" index="1" bw="1" slack="0"/>
<pin id="171" dir="0" index="2" bw="1" slack="0"/>
<pin id="172" dir="1" index="3" bw="0" slack="2147483647"/>
</pin_list>
<bind>
<opcode="write(1151) " fcode="write"/>
<opset="write_ln0/1 "/>
</bind>
</comp>

<comp id="176" class="1004" name="write_ln0_write_fu_176">
<pin_list>
<pin id="177" dir="0" index="0" bw="0" slack="0"/>
<pin id="178" dir="0" index="1" bw="1" slack="0"/>
<pin id="179" dir="0" index="2" bw="1" slack="0"/>
<pin id="180" dir="1" index="3" bw="0" slack="2147483647"/>
</pin_list>
<bind>
<opcode="write(1151) " fcode="write"/>
<opset="write_ln0/1 "/>
</bind>
</comp>

<comp id="184" class="1004" name="stencil_m_stencilConfig_is_first_0_read_fu_184">
<pin_list>
<pin id="185" dir="0" index="0" bw="1" slack="0"/>
<pin id="186" dir="0" index="1" bw="1" slack="0"/>
<pin id="187" dir="1" index="2" bw="1" slack="0"/>
</pin_list>
<bind>
<opcode="read(1150) " fcode="read"/>
<opset="stencil_m_stencilConfig_is_first_0/1 "/>
</bind>
</comp>

<comp id="190" class="1004" name="write_ln0_write_fu_190">
<pin_list>
<pin id="191" dir="0" index="0" bw="0" slack="0"/>
<pin id="192" dir="0" index="1" bw="1" slack="0"/>
<pin id="193" dir="0" index="2" bw="1" slack="0"/>
<pin id="194" dir="1" index="3" bw="0" slack="2147483647"/>
</pin_list>
<bind>
<opcode="write(1151) " fcode="write"/>
<opset="write_ln0/1 "/>
</bind>
</comp>

<comp id="198" class="1004" name="stencil_m_stencilConfig_last_tile_upper_limit_x_read_fu_198">
<pin_list>
<pin id="199" dir="0" index="0" bw="16" slack="0"/>
<pin id="200" dir="0" index="1" bw="16" slack="0"/>
<pin id="201" dir="1" index="2" bw="16" slack="0"/>
</pin_list>
<bind>
<opcode="read(1150) " fcode="read"/>
<opset="stencil_m_stencilConfig_last_tile_upper_limit_x/1 "/>
</bind>
</comp>

<comp id="204" class="1004" name="write_ln0_write_fu_204">
<pin_list>
<pin id="205" dir="0" index="0" bw="0" slack="0"/>
<pin id="206" dir="0" index="1" bw="16" slack="0"/>
<pin id="207" dir="0" index="2" bw="16" slack="0"/>
<pin id="208" dir="1" index="3" bw="0" slack="2147483647"/>
</pin_list>
<bind>
<opcode="write(1151) " fcode="write"/>
<opset="write_ln0/1 "/>
</bind>
</comp>

<comp id="212" class="1004" name="write_ln0_write_fu_212">
<pin_list>
<pin id="213" dir="0" index="0" bw="0" slack="0"/>
<pin id="214" dir="0" index="1" bw="16" slack="0"/>
<pin id="215" dir="0" index="2" bw="16" slack="0"/>
<pin id="216" dir="1" index="3" bw="0" slack="2147483647"/>
</pin_list>
<bind>
<opcode="write(1151) " fcode="write"/>
<opset="write_ln0/1 "/>
</bind>
</comp>

<comp id="220" class="1004" name="write_ln0_write_fu_220">
<pin_list>
<pin id="221" dir="0" index="0" bw="0" slack="0"/>
<pin id="222" dir="0" index="1" bw="16" slack="0"/>
<pin id="223" dir="0" index="2" bw="16" slack="0"/>
<pin id="224" dir="1" index="3" bw="0" slack="2147483647"/>
</pin_list>
<bind>
<opcode="write(1151) " fcode="write"/>
<opset="write_ln0/1 "/>
</bind>
</comp>

<comp id="228" class="1004" name="write_ln0_write_fu_228">
<pin_list>
<pin id="229" dir="0" index="0" bw="0" slack="0"/>
<pin id="230" dir="0" index="1" bw="16" slack="0"/>
<pin id="231" dir="0" index="2" bw="16" slack="0"/>
<pin id="232" dir="1" index="3" bw="0" slack="2147483647"/>
</pin_list>
<bind>
<opcode="write(1151) " fcode="write"/>
<opset="write_ln0/1 "/>
</bind>
</comp>

<comp id="236" class="1004" name="stencil_m_stencilConfig_outer_loop_limit_read_fu_236">
<pin_list>
<pin id="237" dir="0" index="0" bw="16" slack="0"/>
<pin id="238" dir="0" index="1" bw="16" slack="0"/>
<pin id="239" dir="1" index="2" bw="16" slack="0"/>
</pin_list>
<bind>
<opcode="read(1150) " fcode="read"/>
<opset="stencil_m_stencilConfig_outer_loop_limit/1 "/>
</bind>
</comp>

<comp id="242" class="1004" name="write_ln0_write_fu_242">
<pin_list>
<pin id="243" dir="0" index="0" bw="0" slack="0"/>
<pin id="244" dir="0" index="1" bw="16" slack="0"/>
<pin id="245" dir="0" index="2" bw="16" slack="0"/>
<pin id="246" dir="1" index="3" bw="0" slack="2147483647"/>
</pin_list>
<bind>
<opcode="write(1151) " fcode="write"/>
<opset="write_ln0/1 "/>
</bind>
</comp>

<comp id="250" class="1004" name="write_ln0_write_fu_250">
<pin_list>
<pin id="251" dir="0" index="0" bw="0" slack="0"/>
<pin id="252" dir="0" index="1" bw="16" slack="0"/>
<pin id="253" dir="0" index="2" bw="16" slack="0"/>
<pin id="254" dir="1" index="3" bw="0" slack="2147483647"/>
</pin_list>
<bind>
<opcode="write(1151) " fcode="write"/>
<opset="write_ln0/1 "/>
</bind>
</comp>

<comp id="258" class="1004" name="write_ln0_write_fu_258">
<pin_list>
<pin id="259" dir="0" index="0" bw="0" slack="0"/>
<pin id="260" dir="0" index="1" bw="16" slack="0"/>
<pin id="261" dir="0" index="2" bw="16" slack="0"/>
<pin id="262" dir="1" index="3" bw="0" slack="2147483647"/>
</pin_list>
<bind>
<opcode="write(1151) " fcode="write"/>
<opset="write_ln0/1 "/>
</bind>
</comp>

<comp id="266" class="1004" name="write_ln0_write_fu_266">
<pin_list>
<pin id="267" dir="0" index="0" bw="0" slack="0"/>
<pin id="268" dir="0" index="1" bw="16" slack="0"/>
<pin id="269" dir="0" index="2" bw="16" slack="0"/>
<pin id="270" dir="1" index="3" bw="0" slack="2147483647"/>
</pin_list>
<bind>
<opcode="write(1151) " fcode="write"/>
<opset="write_ln0/1 "/>
</bind>
</comp>

<comp id="274" class="1004" name="stencil_m_stencilConfig_tile_size_1_read_fu_274">
<pin_list>
<pin id="275" dir="0" index="0" bw="16" slack="0"/>
<pin id="276" dir="0" index="1" bw="16" slack="0"/>
<pin id="277" dir="1" index="2" bw="16" slack="0"/>
</pin_list>
<bind>
<opcode="read(1150) " fcode="read"/>
<opset="stencil_m_stencilConfig_tile_size_1/1 "/>
</bind>
</comp>

<comp id="280" class="1004" name="write_ln0_write_fu_280">
<pin_list>
<pin id="281" dir="0" index="0" bw="0" slack="0"/>
<pin id="282" dir="0" index="1" bw="16" slack="0"/>
<pin id="283" dir="0" index="2" bw="16" slack="0"/>
<pin id="284" dir="1" index="3" bw="0" slack="2147483647"/>
</pin_list>
<bind>
<opcode="write(1151) " fcode="write"/>
<opset="write_ln0/1 "/>
</bind>
</comp>

<comp id="288" class="1004" name="write_ln0_write_fu_288">
<pin_list>
<pin id="289" dir="0" index="0" bw="0" slack="0"/>
<pin id="290" dir="0" index="1" bw="16" slack="0"/>
<pin id="291" dir="0" index="2" bw="16" slack="0"/>
<pin id="292" dir="1" index="3" bw="0" slack="2147483647"/>
</pin_list>
<bind>
<opcode="write(1151) " fcode="write"/>
<opset="write_ln0/1 "/>
</bind>
</comp>

<comp id="296" class="1004" name="write_ln0_write_fu_296">
<pin_list>
<pin id="297" dir="0" index="0" bw="0" slack="0"/>
<pin id="298" dir="0" index="1" bw="16" slack="0"/>
<pin id="299" dir="0" index="2" bw="16" slack="0"/>
<pin id="300" dir="1" index="3" bw="0" slack="2147483647"/>
</pin_list>
<bind>
<opcode="write(1151) " fcode="write"/>
<opset="write_ln0/1 "/>
</bind>
</comp>

<comp id="304" class="1004" name="write_ln0_write_fu_304">
<pin_list>
<pin id="305" dir="0" index="0" bw="0" slack="0"/>
<pin id="306" dir="0" index="1" bw="16" slack="0"/>
<pin id="307" dir="0" index="2" bw="16" slack="0"/>
<pin id="308" dir="1" index="3" bw="0" slack="2147483647"/>
</pin_list>
<bind>
<opcode="write(1151) " fcode="write"/>
<opset="write_ln0/1 "/>
</bind>
</comp>

<comp id="312" class="1004" name="stencil_m_stencilConfig_tile_size_0_read_fu_312">
<pin_list>
<pin id="313" dir="0" index="0" bw="14" slack="0"/>
<pin id="314" dir="0" index="1" bw="14" slack="0"/>
<pin id="315" dir="1" index="2" bw="14" slack="0"/>
</pin_list>
<bind>
<opcode="read(1150) " fcode="read"/>
<opset="stencil_m_stencilConfig_tile_size_0/1 "/>
</bind>
</comp>

<comp id="318" class="1004" name="write_ln0_write_fu_318">
<pin_list>
<pin id="319" dir="0" index="0" bw="0" slack="0"/>
<pin id="320" dir="0" index="1" bw="14" slack="0"/>
<pin id="321" dir="0" index="2" bw="14" slack="0"/>
<pin id="322" dir="1" index="3" bw="0" slack="2147483647"/>
</pin_list>
<bind>
<opcode="write(1151) " fcode="write"/>
<opset="write_ln0/1 "/>
</bind>
</comp>

<comp id="326" class="1004" name="write_ln0_write_fu_326">
<pin_list>
<pin id="327" dir="0" index="0" bw="0" slack="0"/>
<pin id="328" dir="0" index="1" bw="14" slack="0"/>
<pin id="329" dir="0" index="2" bw="14" slack="0"/>
<pin id="330" dir="1" index="3" bw="0" slack="2147483647"/>
</pin_list>
<bind>
<opcode="write(1151) " fcode="write"/>
<opset="write_ln0/1 "/>
</bind>
</comp>

<comp id="334" class="1004" name="write_ln0_write_fu_334">
<pin_list>
<pin id="335" dir="0" index="0" bw="0" slack="0"/>
<pin id="336" dir="0" index="1" bw="14" slack="0"/>
<pin id="337" dir="0" index="2" bw="14" slack="0"/>
<pin id="338" dir="1" index="3" bw="0" slack="2147483647"/>
</pin_list>
<bind>
<opcode="write(1151) " fcode="write"/>
<opset="write_ln0/1 "/>
</bind>
</comp>

<comp id="342" class="1004" name="write_ln0_write_fu_342">
<pin_list>
<pin id="343" dir="0" index="0" bw="0" slack="0"/>
<pin id="344" dir="0" index="1" bw="14" slack="0"/>
<pin id="345" dir="0" index="2" bw="14" slack="0"/>
<pin id="346" dir="1" index="3" bw="0" slack="2147483647"/>
</pin_list>
<bind>
<opcode="write(1151) " fcode="write"/>
<opset="write_ln0/1 "/>
</bind>
</comp>

<comp id="350" class="1004" name="grp_stencilRun_3_fu_350">
<pin_list>
<pin id="351" dir="0" index="0" bw="0" slack="0"/>
<pin id="352" dir="0" index="1" bw="14" slack="1"/>
<pin id="353" dir="0" index="2" bw="16" slack="1"/>
<pin id="354" dir="0" index="3" bw="16" slack="1"/>
<pin id="355" dir="0" index="4" bw="16" slack="1"/>
<pin id="356" dir="0" index="5" bw="1" slack="1"/>
<pin id="357" dir="0" index="6" bw="1" slack="1"/>
<pin id="358" dir="0" index="7" bw="14" slack="1"/>
<pin id="359" dir="0" index="8" bw="3" slack="0"/>
<pin id="360" dir="0" index="9" bw="288" slack="0"/>
<pin id="361" dir="0" index="10" bw="288" slack="0"/>
<pin id="362" dir="0" index="11" bw="288" slack="0"/>
<pin id="363" dir="0" index="12" bw="288" slack="0"/>
<pin id="364" dir="1" index="13" bw="0" slack="2147483647"/>
</pin_list>
<bind>
<opcode="call(48) " fcode="call"/>
<opset="call_ln494/2 "/>
</bind>
</comp>

<comp id="371" class="1005" name="stencil_m_stencilConfig_line_diff_reg_371">
<pin_list>
<pin id="372" dir="0" index="0" bw="14" slack="1"/>
<pin id="373" dir="1" index="1" bw="14" slack="1"/>
</pin_list>
<bind>
<opset="stencil_m_stencilConfig_line_diff "/>
</bind>
</comp>

<comp id="376" class="1005" name="stencil_m_stencilConfig_is_last_0_reg_376">
<pin_list>
<pin id="377" dir="0" index="0" bw="1" slack="1"/>
<pin id="378" dir="1" index="1" bw="1" slack="1"/>
</pin_list>
<bind>
<opset="stencil_m_stencilConfig_is_last_0 "/>
</bind>
</comp>

<comp id="381" class="1005" name="stencil_m_stencilConfig_is_first_0_reg_381">
<pin_list>
<pin id="382" dir="0" index="0" bw="1" slack="1"/>
<pin id="383" dir="1" index="1" bw="1" slack="1"/>
</pin_list>
<bind>
<opset="stencil_m_stencilConfig_is_first_0 "/>
</bind>
</comp>

<comp id="386" class="1005" name="stencil_m_stencilConfig_last_tile_upper_limit_x_reg_386">
<pin_list>
<pin id="387" dir="0" index="0" bw="16" slack="1"/>
<pin id="388" dir="1" index="1" bw="16" slack="1"/>
</pin_list>
<bind>
<opset="stencil_m_stencilConfig_last_tile_upper_limit_x "/>
</bind>
</comp>

<comp id="391" class="1005" name="stencil_m_stencilConfig_outer_loop_limit_reg_391">
<pin_list>
<pin id="392" dir="0" index="0" bw="16" slack="1"/>
<pin id="393" dir="1" index="1" bw="16" slack="1"/>
</pin_list>
<bind>
<opset="stencil_m_stencilConfig_outer_loop_limit "/>
</bind>
</comp>

<comp id="396" class="1005" name="stencil_m_stencilConfig_tile_size_1_reg_396">
<pin_list>
<pin id="397" dir="0" index="0" bw="16" slack="1"/>
<pin id="398" dir="1" index="1" bw="16" slack="1"/>
</pin_list>
<bind>
<opset="stencil_m_stencilConfig_tile_size_1 "/>
</bind>
</comp>

<comp id="401" class="1005" name="stencil_m_stencilConfig_tile_size_0_reg_401">
<pin_list>
<pin id="402" dir="0" index="0" bw="14" slack="1"/>
<pin id="403" dir="1" index="1" bw="14" slack="1"/>
</pin_list>
<bind>
<opset="stencil_m_stencilConfig_tile_size_0 "/>
</bind>
</comp>

</comp_list>

<net_list>
<net id="112"><net_src comp="72" pin="0"/><net_sink comp="108" pin=0"/></net>

<net id="113"><net_src comp="12" pin="0"/><net_sink comp="108" pin=1"/></net>

<net id="119"><net_src comp="74" pin="0"/><net_sink comp="114" pin=0"/></net>

<net id="120"><net_src comp="70" pin="0"/><net_sink comp="114" pin=1"/></net>

<net id="121"><net_src comp="108" pin="2"/><net_sink comp="114" pin=2"/></net>

<net id="127"><net_src comp="74" pin="0"/><net_sink comp="122" pin=0"/></net>

<net id="128"><net_src comp="68" pin="0"/><net_sink comp="122" pin=1"/></net>

<net id="129"><net_src comp="108" pin="2"/><net_sink comp="122" pin=2"/></net>

<net id="135"><net_src comp="74" pin="0"/><net_sink comp="130" pin=0"/></net>

<net id="136"><net_src comp="66" pin="0"/><net_sink comp="130" pin=1"/></net>

<net id="137"><net_src comp="108" pin="2"/><net_sink comp="130" pin=2"/></net>

<net id="143"><net_src comp="74" pin="0"/><net_sink comp="138" pin=0"/></net>

<net id="144"><net_src comp="64" pin="0"/><net_sink comp="138" pin=1"/></net>

<net id="145"><net_src comp="108" pin="2"/><net_sink comp="138" pin=2"/></net>

<net id="150"><net_src comp="76" pin="0"/><net_sink comp="146" pin=0"/></net>

<net id="151"><net_src comp="10" pin="0"/><net_sink comp="146" pin=1"/></net>

<net id="157"><net_src comp="78" pin="0"/><net_sink comp="152" pin=0"/></net>

<net id="158"><net_src comp="62" pin="0"/><net_sink comp="152" pin=1"/></net>

<net id="159"><net_src comp="146" pin="2"/><net_sink comp="152" pin=2"/></net>

<net id="165"><net_src comp="78" pin="0"/><net_sink comp="160" pin=0"/></net>

<net id="166"><net_src comp="60" pin="0"/><net_sink comp="160" pin=1"/></net>

<net id="167"><net_src comp="146" pin="2"/><net_sink comp="160" pin=2"/></net>

<net id="173"><net_src comp="78" pin="0"/><net_sink comp="168" pin=0"/></net>

<net id="174"><net_src comp="58" pin="0"/><net_sink comp="168" pin=1"/></net>

<net id="175"><net_src comp="146" pin="2"/><net_sink comp="168" pin=2"/></net>

<net id="181"><net_src comp="78" pin="0"/><net_sink comp="176" pin=0"/></net>

<net id="182"><net_src comp="56" pin="0"/><net_sink comp="176" pin=1"/></net>

<net id="183"><net_src comp="146" pin="2"/><net_sink comp="176" pin=2"/></net>

<net id="188"><net_src comp="76" pin="0"/><net_sink comp="184" pin=0"/></net>

<net id="189"><net_src comp="8" pin="0"/><net_sink comp="184" pin=1"/></net>

<net id="195"><net_src comp="78" pin="0"/><net_sink comp="190" pin=0"/></net>

<net id="196"><net_src comp="54" pin="0"/><net_sink comp="190" pin=1"/></net>

<net id="197"><net_src comp="184" pin="2"/><net_sink comp="190" pin=2"/></net>

<net id="202"><net_src comp="80" pin="0"/><net_sink comp="198" pin=0"/></net>

<net id="203"><net_src comp="6" pin="0"/><net_sink comp="198" pin=1"/></net>

<net id="209"><net_src comp="82" pin="0"/><net_sink comp="204" pin=0"/></net>

<net id="210"><net_src comp="52" pin="0"/><net_sink comp="204" pin=1"/></net>

<net id="211"><net_src comp="198" pin="2"/><net_sink comp="204" pin=2"/></net>

<net id="217"><net_src comp="82" pin="0"/><net_sink comp="212" pin=0"/></net>

<net id="218"><net_src comp="50" pin="0"/><net_sink comp="212" pin=1"/></net>

<net id="219"><net_src comp="198" pin="2"/><net_sink comp="212" pin=2"/></net>

<net id="225"><net_src comp="82" pin="0"/><net_sink comp="220" pin=0"/></net>

<net id="226"><net_src comp="48" pin="0"/><net_sink comp="220" pin=1"/></net>

<net id="227"><net_src comp="198" pin="2"/><net_sink comp="220" pin=2"/></net>

<net id="233"><net_src comp="82" pin="0"/><net_sink comp="228" pin=0"/></net>

<net id="234"><net_src comp="46" pin="0"/><net_sink comp="228" pin=1"/></net>

<net id="235"><net_src comp="198" pin="2"/><net_sink comp="228" pin=2"/></net>

<net id="240"><net_src comp="80" pin="0"/><net_sink comp="236" pin=0"/></net>

<net id="241"><net_src comp="4" pin="0"/><net_sink comp="236" pin=1"/></net>

<net id="247"><net_src comp="82" pin="0"/><net_sink comp="242" pin=0"/></net>

<net id="248"><net_src comp="44" pin="0"/><net_sink comp="242" pin=1"/></net>

<net id="249"><net_src comp="236" pin="2"/><net_sink comp="242" pin=2"/></net>

<net id="255"><net_src comp="82" pin="0"/><net_sink comp="250" pin=0"/></net>

<net id="256"><net_src comp="42" pin="0"/><net_sink comp="250" pin=1"/></net>

<net id="257"><net_src comp="236" pin="2"/><net_sink comp="250" pin=2"/></net>

<net id="263"><net_src comp="82" pin="0"/><net_sink comp="258" pin=0"/></net>

<net id="264"><net_src comp="40" pin="0"/><net_sink comp="258" pin=1"/></net>

<net id="265"><net_src comp="236" pin="2"/><net_sink comp="258" pin=2"/></net>

<net id="271"><net_src comp="82" pin="0"/><net_sink comp="266" pin=0"/></net>

<net id="272"><net_src comp="38" pin="0"/><net_sink comp="266" pin=1"/></net>

<net id="273"><net_src comp="236" pin="2"/><net_sink comp="266" pin=2"/></net>

<net id="278"><net_src comp="80" pin="0"/><net_sink comp="274" pin=0"/></net>

<net id="279"><net_src comp="2" pin="0"/><net_sink comp="274" pin=1"/></net>

<net id="285"><net_src comp="82" pin="0"/><net_sink comp="280" pin=0"/></net>

<net id="286"><net_src comp="36" pin="0"/><net_sink comp="280" pin=1"/></net>

<net id="287"><net_src comp="274" pin="2"/><net_sink comp="280" pin=2"/></net>

<net id="293"><net_src comp="82" pin="0"/><net_sink comp="288" pin=0"/></net>

<net id="294"><net_src comp="34" pin="0"/><net_sink comp="288" pin=1"/></net>

<net id="295"><net_src comp="274" pin="2"/><net_sink comp="288" pin=2"/></net>

<net id="301"><net_src comp="82" pin="0"/><net_sink comp="296" pin=0"/></net>

<net id="302"><net_src comp="32" pin="0"/><net_sink comp="296" pin=1"/></net>

<net id="303"><net_src comp="274" pin="2"/><net_sink comp="296" pin=2"/></net>

<net id="309"><net_src comp="82" pin="0"/><net_sink comp="304" pin=0"/></net>

<net id="310"><net_src comp="30" pin="0"/><net_sink comp="304" pin=1"/></net>

<net id="311"><net_src comp="274" pin="2"/><net_sink comp="304" pin=2"/></net>

<net id="316"><net_src comp="72" pin="0"/><net_sink comp="312" pin=0"/></net>

<net id="317"><net_src comp="0" pin="0"/><net_sink comp="312" pin=1"/></net>

<net id="323"><net_src comp="74" pin="0"/><net_sink comp="318" pin=0"/></net>

<net id="324"><net_src comp="28" pin="0"/><net_sink comp="318" pin=1"/></net>

<net id="325"><net_src comp="312" pin="2"/><net_sink comp="318" pin=2"/></net>

<net id="331"><net_src comp="74" pin="0"/><net_sink comp="326" pin=0"/></net>

<net id="332"><net_src comp="26" pin="0"/><net_sink comp="326" pin=1"/></net>

<net id="333"><net_src comp="312" pin="2"/><net_sink comp="326" pin=2"/></net>

<net id="339"><net_src comp="74" pin="0"/><net_sink comp="334" pin=0"/></net>

<net id="340"><net_src comp="24" pin="0"/><net_sink comp="334" pin=1"/></net>

<net id="341"><net_src comp="312" pin="2"/><net_sink comp="334" pin=2"/></net>

<net id="347"><net_src comp="74" pin="0"/><net_sink comp="342" pin=0"/></net>

<net id="348"><net_src comp="22" pin="0"/><net_sink comp="342" pin=1"/></net>

<net id="349"><net_src comp="312" pin="2"/><net_sink comp="342" pin=2"/></net>

<net id="365"><net_src comp="84" pin="0"/><net_sink comp="350" pin=0"/></net>

<net id="366"><net_src comp="86" pin="0"/><net_sink comp="350" pin=8"/></net>

<net id="367"><net_src comp="14" pin="0"/><net_sink comp="350" pin=9"/></net>

<net id="368"><net_src comp="16" pin="0"/><net_sink comp="350" pin=10"/></net>

<net id="369"><net_src comp="18" pin="0"/><net_sink comp="350" pin=11"/></net>

<net id="370"><net_src comp="20" pin="0"/><net_sink comp="350" pin=12"/></net>

<net id="374"><net_src comp="108" pin="2"/><net_sink comp="371" pin=0"/></net>

<net id="375"><net_src comp="371" pin="1"/><net_sink comp="350" pin=7"/></net>

<net id="379"><net_src comp="146" pin="2"/><net_sink comp="376" pin=0"/></net>

<net id="380"><net_src comp="376" pin="1"/><net_sink comp="350" pin=6"/></net>

<net id="384"><net_src comp="184" pin="2"/><net_sink comp="381" pin=0"/></net>

<net id="385"><net_src comp="381" pin="1"/><net_sink comp="350" pin=5"/></net>

<net id="389"><net_src comp="198" pin="2"/><net_sink comp="386" pin=0"/></net>

<net id="390"><net_src comp="386" pin="1"/><net_sink comp="350" pin=4"/></net>

<net id="394"><net_src comp="236" pin="2"/><net_sink comp="391" pin=0"/></net>

<net id="395"><net_src comp="391" pin="1"/><net_sink comp="350" pin=3"/></net>

<net id="399"><net_src comp="274" pin="2"/><net_sink comp="396" pin=0"/></net>

<net id="400"><net_src comp="396" pin="1"/><net_sink comp="350" pin=2"/></net>

<net id="404"><net_src comp="312" pin="2"/><net_sink comp="401" pin=0"/></net>

<net id="405"><net_src comp="401" pin="1"/><net_sink comp="350" pin=1"/></net>

</net_list>

</model> 
---------------- Datapath Model END ------------------

* FSMD analyzer results:
  - Output states:
	Port: arg1_poisson_kernel_stencil_out_subtile_stream_1_0 | {2 3 }
	Port: arg1_poisson_kernel_stencil_out_subtile_stream_1_1 | {2 3 }
	Port: stencilConfig_0_0_c | {1 }
	Port: stencilConfig_0_0_c67 | {1 }
	Port: stencilConfig_0_0_c68 | {1 }
	Port: stencilConfig_0_0_c69 | {1 }
	Port: stencilConfig_0_1_c | {1 }
	Port: stencilConfig_0_1_c78 | {1 }
	Port: stencilConfig_0_1_c79 | {1 }
	Port: stencilConfig_0_1_c80 | {1 }
	Port: stencilConfig_2_c | {1 }
	Port: stencilConfig_2_c89 | {1 }
	Port: stencilConfig_2_c90 | {1 }
	Port: stencilConfig_2_c91 | {1 }
	Port: stencilConfig_3_c | {1 }
	Port: stencilConfig_3_c100 | {1 }
	Port: stencilConfig_3_c101 | {1 }
	Port: stencilConfig_3_c102 | {1 }
	Port: stencilConfig_4_0_c | {1 }
	Port: stencilConfig_5_0_c | {1 }
	Port: stencilConfig_5_0_c113 | {1 }
	Port: stencilConfig_5_0_c114 | {1 }
	Port: stencilConfig_5_0_c115 | {1 }
	Port: stencilConfig_6_c | {1 }
	Port: stencilConfig_6_c124 | {1 }
	Port: stencilConfig_6_c125 | {1 }
	Port: stencilConfig_6_c126 | {1 }
 - Input state : 
	Port: kernel_poisson_kernel_stencil_PE<(unsigned short)4, (unsigned short)0>.8 : stencilConfig_tile_size_0 | {1 }
	Port: kernel_poisson_kernel_stencil_PE<(unsigned short)4, (unsigned short)0>.8 : stencilConfig_tile_size_1 | {1 }
	Port: kernel_poisson_kernel_stencil_PE<(unsigned short)4, (unsigned short)0>.8 : stencilConfig_outer_loop_limit | {1 }
	Port: kernel_poisson_kernel_stencil_PE<(unsigned short)4, (unsigned short)0>.8 : stencilConfig_last_tile_upper_limit_x | {1 }
	Port: kernel_poisson_kernel_stencil_PE<(unsigned short)4, (unsigned short)0>.8 : stencilConfig_is_first_0 | {1 }
	Port: kernel_poisson_kernel_stencil_PE<(unsigned short)4, (unsigned short)0>.8 : stencilConfig_is_last_0 | {1 }
	Port: kernel_poisson_kernel_stencil_PE<(unsigned short)4, (unsigned short)0>.8 : stencilConfig_line_diff | {1 }
	Port: kernel_poisson_kernel_stencil_PE<(unsigned short)4, (unsigned short)0>.8 : arg0_poisson_kernel_stencil_in_subtile_stream_1_0 | {2 3 }
	Port: kernel_poisson_kernel_stencil_PE<(unsigned short)4, (unsigned short)0>.8 : arg0_poisson_kernel_stencil_in_subtile_stream_1_1 | {2 3 }
  - Chain level:
	State 1
	State 2
	State 3


============================================================
+ Verbose Summary: Datapath Resource usage 
============================================================

* Functional unit list:
|----------|-------------------------------------------------------------|---------|---------|---------|---------|---------|---------|
| Operation|                       Functional Unit                       |   BRAM  |   DSP   |  Delay  |    FF   |   LUT   |   URAM  |
|----------|-------------------------------------------------------------|---------|---------|---------|---------|---------|---------|
|   call   |                   grp_stencilRun_3_fu_350                   |    8    |   130   |  29.025 |  31347  |  21852  |    8    |
|----------|-------------------------------------------------------------|---------|---------|---------|---------|---------|---------|
|          |        stencil_m_stencilConfig_line_diff_read_fu_108        |    0    |    0    |    0    |    0    |    0    |    0    |
|          |        stencil_m_stencilConfig_is_last_0_read_fu_146        |    0    |    0    |    0    |    0    |    0    |    0    |
|          |        stencil_m_stencilConfig_is_first_0_read_fu_184       |    0    |    0    |    0    |    0    |    0    |    0    |
|   read   | stencil_m_stencilConfig_last_tile_upper_limit_x_read_fu_198 |    0    |    0    |    0    |    0    |    0    |    0    |
|          |     stencil_m_stencilConfig_outer_loop_limit_read_fu_236    |    0    |    0    |    0    |    0    |    0    |    0    |
|          |       stencil_m_stencilConfig_tile_size_1_read_fu_274       |    0    |    0    |    0    |    0    |    0    |    0    |
|          |       stencil_m_stencilConfig_tile_size_0_read_fu_312       |    0    |    0    |    0    |    0    |    0    |    0    |
|----------|-------------------------------------------------------------|---------|---------|---------|---------|---------|---------|
|          |                    write_ln0_write_fu_114                   |    0    |    0    |    0    |    0    |    0    |    0    |
|          |                    write_ln0_write_fu_122                   |    0    |    0    |    0    |    0    |    0    |    0    |
|          |                    write_ln0_write_fu_130                   |    0    |    0    |    0    |    0    |    0    |    0    |
|          |                    write_ln0_write_fu_138                   |    0    |    0    |    0    |    0    |    0    |    0    |
|          |                    write_ln0_write_fu_152                   |    0    |    0    |    0    |    0    |    0    |    0    |
|          |                    write_ln0_write_fu_160                   |    0    |    0    |    0    |    0    |    0    |    0    |
|          |                    write_ln0_write_fu_168                   |    0    |    0    |    0    |    0    |    0    |    0    |
|          |                    write_ln0_write_fu_176                   |    0    |    0    |    0    |    0    |    0    |    0    |
|          |                    write_ln0_write_fu_190                   |    0    |    0    |    0    |    0    |    0    |    0    |
|          |                    write_ln0_write_fu_204                   |    0    |    0    |    0    |    0    |    0    |    0    |
|          |                    write_ln0_write_fu_212                   |    0    |    0    |    0    |    0    |    0    |    0    |
|          |                    write_ln0_write_fu_220                   |    0    |    0    |    0    |    0    |    0    |    0    |
|   write  |                    write_ln0_write_fu_228                   |    0    |    0    |    0    |    0    |    0    |    0    |
|          |                    write_ln0_write_fu_242                   |    0    |    0    |    0    |    0    |    0    |    0    |
|          |                    write_ln0_write_fu_250                   |    0    |    0    |    0    |    0    |    0    |    0    |
|          |                    write_ln0_write_fu_258                   |    0    |    0    |    0    |    0    |    0    |    0    |
|          |                    write_ln0_write_fu_266                   |    0    |    0    |    0    |    0    |    0    |    0    |
|          |                    write_ln0_write_fu_280                   |    0    |    0    |    0    |    0    |    0    |    0    |
|          |                    write_ln0_write_fu_288                   |    0    |    0    |    0    |    0    |    0    |    0    |
|          |                    write_ln0_write_fu_296                   |    0    |    0    |    0    |    0    |    0    |    0    |
|          |                    write_ln0_write_fu_304                   |    0    |    0    |    0    |    0    |    0    |    0    |
|          |                    write_ln0_write_fu_318                   |    0    |    0    |    0    |    0    |    0    |    0    |
|          |                    write_ln0_write_fu_326                   |    0    |    0    |    0    |    0    |    0    |    0    |
|          |                    write_ln0_write_fu_334                   |    0    |    0    |    0    |    0    |    0    |    0    |
|          |                    write_ln0_write_fu_342                   |    0    |    0    |    0    |    0    |    0    |    0    |
|----------|-------------------------------------------------------------|---------|---------|---------|---------|---------|---------|
|   Total  |                                                             |    8    |   130   |  29.025 |  31347  |  21852  |    8    |
|----------|-------------------------------------------------------------|---------|---------|---------|---------|---------|---------|

Memories:
N/A

* Register list:
+-------------------------------------------------------+--------+
|                                                       |   FF   |
+-------------------------------------------------------+--------+
|       stencil_m_stencilConfig_is_first_0_reg_381      |    1   |
|       stencil_m_stencilConfig_is_last_0_reg_376       |    1   |
|stencil_m_stencilConfig_last_tile_upper_limit_x_reg_386|   16   |
|       stencil_m_stencilConfig_line_diff_reg_371       |   14   |
|    stencil_m_stencilConfig_outer_loop_limit_reg_391   |   16   |
|      stencil_m_stencilConfig_tile_size_0_reg_401      |   14   |
|      stencil_m_stencilConfig_tile_size_1_reg_396      |   16   |
+-------------------------------------------------------+--------+
|                         Total                         |   78   |
+-------------------------------------------------------+--------+

* Multiplexer (MUX) list: 
|--------|------|------|------|--------|
|  Comp  |  Pin | Size |  BW  | S x BW |
|--------|------|------|------|--------|
|  Total |      |      |      |    0   |
|--------|------|------|------|--------|



* Summary:
+-----------+--------+--------+--------+--------+--------+--------+
|           |  BRAM  |   DSP  |  Delay |   FF   |   LUT  |  URAM  |
+-----------+--------+--------+--------+--------+--------+--------+
|  Function |    8   |   130  |   29   |  31347 |  21852 |    8   |
|   Memory  |    -   |    -   |    -   |    -   |    -   |    -   |
|Multiplexer|    -   |    -   |    -   |    -   |    -   |    -   |
|  Register |    -   |    -   |    -   |   78   |    -   |    -   |
+-----------+--------+--------+--------+--------+--------+--------+
|   Total   |    8   |   130  |   29   |  31425 |  21852 |    8   |
+-----------+--------+--------+--------+--------+--------+--------+
