Timestamp,Power (W)
1787053973399,35.148023
1787053973638,35.148023
1787053973802,35.148023
1787053973959,35.148023
1787053974132,35.148023
1787053974293,35.505468
1787053974457,35.505468
1787053974621,35.505468
1787053974780,35.505468
1787053974941,35.505468
1787053975102,35.505468
1787053975273,35.606187
1787053975434,35.606187
1787053975602,35.606187
1787053975760,35.606187
1787053975918,35.606187
1787053976082,35.606187
1787053976242,35.606187
1787053976412,35.523567
1787053976575,35.523567
1787053976733,35.523567
1787053976897,35.523567
1787053977059,35.523567
1787053977220,35.523567
1787053977383,35.063377
1787053977551,35.063377
1787053977710,35.063377
1787053977868,35.063377
1787053978033,35.063377
1787053978192,35.063377
1787053978352,35.063377
1787053978518,35.367964
1787053978686,35.367964
1787053978844,35.367964
1787053979009,35.367964
1787053979169,35.367964
1787053979328,35.367964
1787053979494,35.408370
1787053979667,35.408370
1787053979827,35.408370
1787053979989,35.408370
1787053980148,35.408370
1787053980308,35.408370
1787053980463,35.408370
1787053980630,35.550942
1787053980799,35.550942
1787053980961,35.550942
1787053981130,35.550942
1787053981292,35.550942
1787053981448,35.550942
1787053981610,35.317365
1787053981789,35.317365
1787053981951,35.317365
1787053982104,35.317365
1787053982261,35.317365
1787053982420,35.317365
1787053982574,35.317365
1787053982736,35.521649
1787053982902,35.521649
1787053983068,35.521649
1787053983228,35.521649
1787053983382,35.521649
1787053983544,35.521649
1787053983705,35.464115
1787053983859,35.464115
1787053984024,35.464115
1787053984190,35.464115
1787053984350,35.464115
1787053984507,35.464115
1787053984665,35.464115
1787053984829,35.322506
1787053984990,35.322506
1787053985152,35.322506
1787053985307,35.322506
1787053985468,35.322506
1787053985629,35.322506
1787053985786,35.268193
1787053985945,35.268193
1787053986100,35.268193
1787053986267,35.268193
1787053986434,35.268193
1787053986592,35.268193
1787053986747,35.268193
1787053986913,35.540286
1787053987077,35.540286
1787053987233,35.540286
1787053987400,35.540286
1787053987560,35.540286
1787053987724,35.540286
1787053987885,35.671856
1787053988041,35.671856
1787053988195,35.671856
1787053988359,35.671856
1787053988528,35.671856
1787053988677,35.671856
1787053988837,35.671856
1787053988994,35.396701
1787053989150,35.396701
1787053989310,35.396701
1787053989473,35.396701
1787053989640,35.396701
1787053989799,35.396701
1787053989962,35.321439
1787053990118,35.321439
1787053990275,35.321439
1787053990432,35.321439
1787053990595,35.321439
1787053990763,35.321439
1787053990916,35.321439
1787053991078,35.547210
1787053991240,35.547210
1787053991404,35.547210
1787053991566,35.547210
1787053991726,35.547210
1787053991896,35.547210
1787053992064,35.544609
1787053992233,35.544609
1787053992388,35.544609
1787053992542,35.544609
1787053992695,35.544609
1787053992867,35.544609
1787053993029,35.544609
1787053993188,34.485735
1787053993351,34.485735
1787053993516,34.485735
1787053993670,34.485735
1787053993828,34.485735
1787053993991,34.485735
1787053994153,34.372228
1787053994315,34.372228
1787053994470,34.372228
1787053994624,34.372228
1787053994785,34.372228
1787053994942,34.372228
1787053995110,34.372228
1787053995270,34.281377
1787053995431,34.281377
1787053995590,34.281377
1787053995755,34.281377
1787053995912,34.281377
1787053996071,34.281377
1787053996236,34.020378
1787053996393,34.020378
1787053996553,34.020378
1787053996708,34.020378
1787053996867,34.020378
1787053997026,34.020378
1787053997193,34.020378
1787053997420,34.186928
1787053997571,34.186928
1787053997736,34.186928
1787053997895,34.186928
1787053998050,34.186928
1787053998217,34.186928
1787053998366,34.316493
1787053998537,34.316493
1787053998694,34.316493
1787053998858,34.316493
1787053999012,34.316493
1787053999170,34.316493
1787053999332,34.316493
1787053999492,34.506431
1787053999662,34.506431
1787053999815,34.506431
1787053999970,34.506431
1787054000132,34.506431
1787054000289,34.506431
1787054000453,34.347030
1787054000611,34.347030
1787054000775,34.347030
1787054000932,34.347030
1787054001089,34.347030
1787054001246,34.347030
1787054001399,34.347030
1787054001562,34.641489
1787054001722,34.641489
1787054001887,34.641489
1787054002046,34.641489
1787054002207,34.641489
1787054002364,34.641489
1787054002530,34.834522
1787054002695,34.834522
1787054002851,34.834522
1787054003018,34.834522
1787054003179,34.834522
1787054003337,34.834522
1787054003493,34.834522
1787054003655,34.719930
1787054003819,34.719930
1787054003982,34.719930
1787054004148,34.719930
1787054004301,34.719930
1787054004453,34.719930
1787054004619,34.444336
1787054004778,34.444336
1787054004931,34.444336
1787054005080,34.444336
1787054005246,34.444336
1787054005407,34.444336
1787054005564,34.444336
1787054005725,34.433834
1787054005889,34.433834
1787054006045,34.433834
1787054006204,34.433834
1787054006377,34.433834
1787054006538,34.433834
1787054006694,34.355153
1787054006856,34.355153
1787054007011,34.355153
1787054007177,34.355153
1787054007335,34.355153
1787054007500,34.355153
1787054007656,34.355153
1787054007814,34.615928
1787054007977,34.615928
1787054008133,34.615928
1787054008289,34.615928
1787054008449,34.615928
1787054008615,34.615928
1787054008774,34.634781
1787054008931,34.634781
1787054009088,34.634781
1787054009240,34.634781
1787054009397,34.634781
1787054009563,34.634781
1787054009735,34.634781
1787054009895,34.924130
1787054010049,34.924130
1787054010206,34.924130
1787054010366,34.924130
1787054010528,34.924130
1787054010687,34.924130
1787054010857,34.988550
1787054011018,34.988550
1787054011178,34.988550
1787054011340,34.988550
1787054011502,34.988550
1787054011657,34.988550
1787054011813,34.988550
1787054012082,34.594580
1787054012248,34.594580
1787054012412,34.594580
1787054012571,34.594580
1787054012728,34.594580
1787054012886,34.594580
1787054013046,35.041300
1787054013215,35.041300
1787054013377,35.041300
1787054013534,35.041300
1787054013698,35.041300
1787054013853,35.041300
1787054014011,35.041300
1787054014170,35.168887
1787054014342,35.168887
1787054014500,35.168887
1787054014662,35.168887
1787054014818,35.168887
1787054014983,35.168887
1787054015141,35.229739
1787054015303,35.229739
1787054015467,35.229739
1787054015624,35.229739
1787054015782,35.229739
1787054015937,35.229739
1787054016100,35.229739
1787054016264,35.284933
1787054016427,35.284933
1787054016593,35.284933
1787054016753,35.284933
1787054016913,35.284933
1787054017077,35.284933
1787054017239,35.433888
1787054017396,35.433888
1787054017555,35.433888
1787054017722,35.433888
1787054017885,35.433888
1787054018045,35.433888
1787054018205,35.433888
1787054018371,35.326890
1787054018528,35.326890
1787054018683,35.326890
1787054018848,35.326890
1787054019007,35.326890
1787054019175,35.326890
1787054019338,35.463066
1787054019500,35.463066
1787054019657,35.463066
1787054019815,35.463066
1787054019983,35.463066
1787054020140,35.463066
1787054020301,35.463066
1787054020461,35.618865
1787054020619,35.618865
1787054020774,35.618865
1787054020936,35.618865
1787054021105,35.618865
1787054021260,35.618865
1787054021421,35.494293
1787054021574,35.494293
1787054021728,35.494293
1787054021883,35.494293
1787054022034,35.494293
1787054022202,35.494293
1787054022362,35.494293
1787054022521,35.718669
1787054022684,35.718669
1787054022844,35.718669
1787054023003,35.718669
1787054023161,35.718669
1787054023322,35.718669
1787054023482,35.769356
1787054023640,35.769356
1787054023794,35.769356
1787054023948,35.769356
1787054024106,35.769356
1787054024264,35.769356
1787054024424,35.769356
1787054024575,35.644044
1787054024737,35.644044
1787054024900,35.644044
1787054025058,35.644044
1787054025215,35.644044
1787054025379,35.644044
1787054025548,35.704641
1787054025712,35.704641
1787054025867,35.704641
1787054026024,35.704641
1787054026180,35.704641
1787054026340,35.704641
1787054026500,35.704641
1787054026745,35.707791
1787054026903,35.707791
1787054027064,35.707791
1787054027224,35.707791
1787054027378,35.707791
1787054027538,35.707791
1787054027698,35.652325
1787054027874,35.652325
1787054028039,35.652325
1787054028194,35.652325
1787054028351,35.652325
1787054028510,35.652325
1787054028667,35.652325
1787054028826,34.190800
1787054028994,34.190800
1787054029148,34.190800
1787054029306,34.190800
1787054029466,34.190800
1787054029624,34.190800
1787054029782,34.254320
1787054029947,34.254320
1787054030115,34.254320
1787054030275,34.254320
1787054030435,34.254320
1787054030594,34.254320
1787054030748,34.254320
1787054030908,34.277895
1787054031071,34.277895
1787054031239,34.277895
1787054031398,34.277895
1787054031560,34.277895
1787054031721,34.277895
1787054031886,34.119901
1787054032049,34.119901
1787054032208,34.119901
1787054032370,34.119901
1787054032533,34.119901
1787054032690,34.119901
1787054032845,34.119901
1787054032998,34.447368
1787054033168,34.447368
1787054033327,34.447368
1787054033496,34.447368
1787054033655,34.447368
1787054033807,34.447368
1787054033966,34.483952
1787054034125,34.483952
1787054034287,34.483952
1787054034447,34.483952
1787054034621,34.483952
1787054034775,34.483952
1787054034927,34.483952
1787054035096,33.969751
1787054035261,33.969751
1787054035426,33.969751
1787054035607,33.969751
1787054035769,33.969751
1787054035931,33.969751
1787054036093,34.141312
1787054036248,34.141312
1787054036408,34.141312
1787054036564,34.141312
1787054036729,34.141312
1787054036888,34.141312
1787054037048,34.141312
1787054037203,34.552763
1787054037364,34.552763
1787054037521,34.552763
1787054037682,34.552763
1787054037852,34.552763
1787054038014,34.552763
1787054038178,33.930648
1787054038329,33.930648
1787054038484,33.930648
1787054038641,33.930648
1787054038801,33.930648
1787054038964,33.930648
1787054039122,33.930648
1787054039277,34.983015
1787054039437,34.983015
1787054039596,34.983015
1787054039761,34.983015
1787054039911,34.983015
1787054040088,34.983015
1787054040252,34.943415
1787054040418,34.943415
1787054040578,34.943415
1787054040735,34.943415
1787054040897,34.943415
1787054041078,34.943415
1787054041237,34.218621
1787054041395,34.218621
1787054041553,34.218621
1787054041715,34.218621
1787054041882,34.218621
1787054042048,34.218621
1787054042224,34.218621
1787054042383,34.586118
1787054042543,34.586118
1787054042701,34.586118
1787054042861,34.586118
1787054043030,34.586118
1787054043188,34.586118
1787054043358,34.470247
1787054043517,34.470247
1787054043679,34.470247
1787054043842,34.470247
1787054044003,34.470247
1787054044162,34.470247
1787054044329,34.470247
1787054044639,34.650780
1787054044797,34.650780
1787054044956,34.650780
1787054045116,34.650780
1787054045275,34.650780
1787054045430,34.650780
1787054045601,34.628578
1787054045781,34.628578
1787054045950,34.628578
1787054046111,34.628578
1787054046269,34.628578
1787054046429,34.628578
1787054046586,35.186262
1787054046740,35.186262
1787054046914,35.186262
1787054047075,35.186262
1787054047236,35.186262
1787054047393,35.186262
1787054047569,35.186262
1787054047731,34.666855
1787054047900,34.666855
1787054048057,34.666855
1787054048217,34.666855
1787054048379,34.666855
1787054048541,34.666855
1787054048697,35.590582
1787054048855,35.590582
1787054049027,35.590582
1787054049188,35.590582
1787054049349,35.590582
1787054049501,35.590582
1787054049664,35.590582
1787054049830,35.320374
1787054049992,35.320374
1787054050163,35.320374
1787054050322,35.320374
1787054050479,35.320374
1787054050638,35.320374
1787054050800,35.452296
1787054050956,35.452296
1787054051117,35.452296
1787054051286,35.452296
1787054051445,35.452296
1787054051604,35.452296
1787054051764,35.452296
1787054051927,35.266277
1787054052089,35.266277
1787054052242,35.266277
1787054052420,35.266277
1787054052583,35.266277
1787054052750,35.266277
1787054052917,35.663260
1787054053079,35.663260
1787054053231,35.663260
1787054053387,35.663260
1787054053556,35.663260
1787054053719,35.663260
1787054053883,35.663260
1787054054039,35.494821
1787054054200,35.494821
1787054054362,35.494821
1787054054523,35.494821
1787054054688,35.494821
1787054054852,35.494821
1787054055012,35.547521
1787054055168,35.547521
1787054055335,35.547521
1787054055495,35.547521
1787054055651,35.547521
1787054055830,35.547521
1787054055985,35.547521
1787054056142,35.334843
1787054056311,35.334843
1787054056474,35.334843
1787054056632,35.334843
1787054056788,35.334843
1787054056963,35.334843
1787054057123,35.538620
1787054057287,35.538620
1787054057458,35.538620
1787054057625,35.538620
1787054057781,35.538620
1787054057948,35.538620
1787054058109,35.525348
1787054058266,35.525348
1787054058434,35.525348
1787054058596,35.525348
1787054058755,35.525348
1787054058917,35.525348
1787054059080,35.525348
1787054059238,35.268623
1787054059400,35.268623
1787054059555,35.268623
1787054059719,35.268623
1787054059876,35.268623
1787054060037,35.268623
1787054060215,35.552376
1787054060382,35.552376
1787054060544,35.552376
1787054060711,35.552376
1787054060870,35.552376
1787054061030,35.552376
1787054061200,35.608017
1787054061358,35.608017
1787054061529,35.608017
1787054061688,35.608017
1787054061848,35.608017
1787054062010,35.608017
1787054062171,35.608017
1787054062340,35.462831
1787054062506,35.462831
1787054062665,35.462831
1787054062828,35.462831
1787054062991,35.462831
1787054063146,35.462831
1787054063308,35.294124
1787054063476,35.294124
1787054063629,35.294124
1787054063789,35.294124
1787054063953,35.294124
1787054064109,35.294124
1787054064268,35.294124
1787054064426,34.400934
1787054064598,34.400934
1787054064768,34.400934
1787054064923,34.400934
1787054065084,34.400934
1787054065242,34.400934
1787054065402,34.154806
1787054065559,34.154806
1787054065741,34.154806
1787054065906,34.154806
1787054066072,34.154806
1787054066233,34.154806
1787054066392,34.416206
1787054066553,34.416206
1787054066726,34.416206
1787054066887,34.416206
1787054067046,34.416206
1787054067200,34.416206
1787054067354,34.416206
1787054067519,34.275707
1787054067683,34.275707
1787054067848,34.275707
1787054068012,34.275707
1787054068171,34.275707
1787054068328,34.275707
1787054068497,34.525821
1787054068662,34.525821
1787054068818,34.525821
1787054068991,34.525821
1787054069151,34.525821
1787054069312,34.525821
1787054069481,34.706745
1787054069634,34.706745
1787054069792,34.706745
1787054069952,34.706745
1787054070125,34.706745
1787054070283,34.706745
1787054070445,34.706745
1787054070607,34.226420
1787054070771,34.226420
1787054070932,34.226420
1787054071088,34.226420
1787054071258,34.226420
1787054071422,34.226420
1787054071581,34.449040
1787054071742,34.449040
1787054071905,34.449040
1787054072057,34.449040
1787054072216,34.449040
1787054072384,34.449040
1787054072538,34.449040
1787054072705,34.462467
1787054072865,34.462467
1787054073021,34.462467
1787054073183,34.462467
1787054073344,34.462467
1787054073527,34.462467
1787054073693,34.305209
1787054073854,34.305209
1787054074020,34.305209
1787054074183,34.305209
1787054074340,34.305209
1787054074515,34.305209
1787054074674,34.318637
1787054074831,34.318637
1787054074994,34.318637
1787054075148,34.318637
1787054075302,34.318637
1787054075460,34.318637
1787054075630,34.318637
1787054075783,34.398888
1787054075945,34.398888
1787054076104,34.398888
1787054076270,34.398888
1787054076431,34.398888
1787054076591,34.398888
1787054076764,34.280732
1787054076923,34.280732
1787054077081,34.280732
1787054077241,34.280732
1787054077405,34.280732
1787054077570,34.280732
1787054077726,34.280732
1787054078027,34.352251
1787054078179,34.352251
1787054078339,34.352251
1787054078497,34.352251
1787054078653,34.352251
1787054078805,34.352251
1787054078960,34.352251
1787054079269,34.531765
1787054079425,34.531765
1787054079585,34.531765
1787054079743,34.531765
1787054079913,34.531765
1787054080077,34.531765
1787054080244,34.291756
1787054080414,34.291756
1787054080577,34.291756
1787054080742,34.291756
1787054080905,34.291756
1787054081069,34.291756
1787054081235,34.337214
1787054081405,34.337214
1787054081562,34.337214
1787054081724,34.337214
1787054081876,34.337214
1787054082037,34.337214
1787054082203,34.337214
1787054082369,34.977266
1787054082540,34.977266
1787054082708,34.977266
1787054082872,34.977266
1787054083030,34.977266
1787054083194,34.977266
1787054083359,34.643362
1787054083524,34.643362
1787054083691,34.643362
1787054083848,34.643362
1787054084013,34.643362
1787054084175,34.643362
1787054084329,35.339807
1787054084487,35.339807
1787054084665,35.339807
1787054084830,35.339807
1787054084996,35.339807
1787054085157,35.339807
1787054085327,35.339807
1787054085493,35.510125
1787054085662,35.510125
1787054085826,35.510125
1787054085988,35.510125
1787054086138,35.510125
1787054086297,35.510125
1787054086463,35.394297
1787054086633,35.394297
1787054086798,35.394297
1787054086960,35.394297
1787054087121,35.394297
1787054087278,35.394297
1787054087440,35.394297
1787054087605,35.500644
1787054087769,35.500644
1787054087946,35.500644
1787054088109,35.500644
1787054088272,35.500644
1787054088429,35.500644
1787054088592,35.530898
1787054088746,35.530898
1787054088906,35.530898
1787054089079,35.530898
1787054089239,35.530898
1787054089403,35.530898
1787054089568,35.582890
1787054089729,35.582890
1787054089899,35.582890
1787054090074,35.582890
1787054090230,35.582890
1787054090385,35.582890
1787054090552,35.582890
1787054090709,35.730669
1787054090863,35.730669
1787054091025,35.730669
1787054091195,35.730669
1787054091355,35.730669
1787054091514,35.730669
1787054091684,35.520033
1787054091844,35.520033
1787054092005,35.520033
1787054092188,35.520033
1787054092346,35.520033
1787054092495,35.520033
1787054092660,35.520033
1787054092821,35.319585
1787054092973,35.319585
1787054093133,35.319585
1787054093292,35.319585
1787054093450,35.319585
1787054093609,35.319585
1787054093772,35.319585
1787054093930,35.542979
1787054094085,35.542979
1787054094242,35.542979
1787054094410,35.542979
1787054094572,35.542979
1787054094732,35.542979
1787054094894,35.342032
1787054095049,35.342032
1787054095211,35.342032
1787054095370,35.342032
1787054095537,35.342032
1787054095693,35.342032
1787054095856,35.342032
1787054096015,35.551037
1787054096183,35.551037
1787054096334,35.551037
1787054096501,35.551037
1787054096673,35.551037
1787054096834,35.551037
1787054096989,35.443128
1787054097148,35.443128
1787054097304,35.443128
1787054097464,35.443128
1787054097624,35.443128
1787054097801,35.443128
1787054097958,35.443128
1787054098119,35.660631
1787054098287,35.660631
1787054098451,35.660631
1787054098609,35.660631
1787054098769,35.660631
1787054098938,35.660631
1787054099098,35.397554
1787054099260,35.397554
1787054099415,35.397554
1787054099572,35.397554
1787054099728,35.397554
1787054099892,35.397554
1787054100066,35.397554
1787054100234,34.323986
1787054100405,34.323986
1787054100564,34.323986
1787054100722,34.323986
1787054100886,34.323986
1787054101063,34.323986
1787054101224,34.255642
1787054101388,34.255642
1787054101549,34.255642
1787054101720,34.255642
1787054101884,34.255642
1787054102047,34.255642
1787054102222,34.675418
1787054102394,34.675418
1787054102554,34.675418
1787054102718,34.675418
1787054102874,34.675418
1787054103037,34.675418
1787054103209,34.404432
1787054103369,34.404432
1787054103532,34.404432
1787054103699,34.404432
1787054103853,34.404432
1787054104014,34.404432
1787054104170,34.404432
1787054104350,34.139283
1787054104511,34.139283
1787054104664,34.139283
1787054104818,34.139283
1787054104982,34.139283
1787054105139,34.139283
1787054105302,34.699975
1787054105464,34.699975
1787054105624,34.699975
1787054105788,34.699975
1787054105943,34.699975
1787054106106,34.699975
1787054106263,34.699975
1787054106419,34.376320
1787054106594,34.376320
1787054106752,34.376320
1787054106912,34.376320
1787054107076,34.376320
1787054107231,34.376320
1787054107390,34.933995
1787054107551,34.933995
1787054107719,34.933995
1787054107879,34.933995
1787054108049,34.933995
1787054108200,34.933995
1787054108362,34.933995
1787054108526,34.503020
1787054108689,34.503020
1787054108859,34.503020
1787054109021,34.503020
1787054109179,34.503020
1787054109340,34.503020
1787054109512,34.470450
1787054109678,34.470450
1787054109856,34.470450
1787054110013,34.470450
1787054110169,34.470450
1787054110325,34.470450
1787054110486,34.374960
1787054110651,34.374960
1787054110809,34.374960
1787054110968,34.374960
1787054111127,34.374960
1787054111291,34.374960
1787054111455,34.374960
1787054111618,34.385587
1787054111773,34.385587
1787054111931,34.385587
1787054112106,34.385587
1787054112267,34.385587
1787054112426,34.385587
1787054112586,34.333190
1787054112742,34.333190
1787054112905,34.333190
1787054113062,34.333190
1787054113239,34.333190
1787054113392,34.333190
1787054113553,34.333190
1787054113712,34.479613
1787054113872,34.479613
1787054114031,34.479613
1787054114195,34.479613
1787054114367,34.479613
1787054114524,34.479613
1787054114686,34.865364
1787054114846,34.865364
1787054115002,34.865364
1787054115162,34.865364
1787054115326,34.865364
1787054115496,34.865364
1787054115657,34.865364
1787054115826,34.249854
1787054115986,34.249854
1787054116152,34.249854
1787054116305,34.249854
1787054116463,34.249854
1787054116628,34.249854
1787054116787,34.249583
1787054116948,34.249583
1787054117109,34.249583
1787054117272,34.249583
1787054117431,34.249583
1787054117592,34.249583
1787054117760,34.249583
1787054117923,34.010544
1787054118085,34.010544
1787054118236,34.010544
1787054118398,34.010544
1787054118556,34.010544
1787054118716,34.010544
1787054118884,35.108190
1787054119039,35.108190
1787054119194,35.108190
1787054119358,35.108190
1787054119523,35.108190
1787054119680,35.108190
1787054119840,35.108190
1787054120155,35.435196
1787054120318,35.435196
1787054120475,35.435196
1787054120634,35.435196
1787054120797,35.435196
1787054120957,35.435196
1787054121119,35.619777
1787054121287,35.619777
1787054121445,35.619777
1787054121605,35.619777
1787054121765,35.619777
1787054121925,35.619777
1787054122085,35.619777
1787054122247,35.515478
1787054122418,35.515478
1787054122580,35.515478
1787054122736,35.515478
1787054122897,35.515478
1787054123057,35.515478
1787054123219,35.413392
1787054123383,35.413392
1787054123555,35.413392
1787054123720,35.413392
1787054123878,35.413392
1787054124046,35.413392
1787054124216,35.562265
1787054124375,35.562265
1787054124545,35.562265
1787054124705,35.562265
1787054124866,35.562265
1787054125022,35.562265
1787054125178,35.562265
1787054125340,35.467353
1787054125500,35.467353
1787054125669,35.467353
1787054125825,35.467353
1787054125984,35.467353
1787054126152,35.467353
1787054126312,35.441355
1787054126471,35.441355
1787054126632,35.441355
1787054126800,35.441355
1787054126959,35.441355
1787054127120,35.441355
1787054127282,35.441355
1787054127443,35.324853
1787054127605,35.324853
1787054127765,35.324853
1787054127934,35.324853
1787054128092,35.324853
1787054128249,35.324853
1787054128404,35.298978
1787054128560,35.298978
1787054128720,35.298978
1787054128881,35.298978
1787054129050,35.298978
1787054129218,35.298978
1787054129372,35.298978
1787054129529,35.407428
1787054129698,35.407428
1787054129853,35.407428
1787054130034,35.407428
1787054130187,35.407428
1787054130350,35.407428
1787054130511,35.538129
1787054130664,35.538129
1787054130820,35.538129
1787054130988,35.538129
1787054131157,35.538129
1787054131317,35.538129
1787054131476,35.538129
1787054131632,35.837906
1787054131795,35.837906
1787054131956,35.837906
1787054132115,35.837906
1787054132288,35.837906
1787054132446,35.837906
1787054132608,35.391636
1787054132764,35.391636
1787054132933,35.391636
1787054133091,35.391636
1787054133251,35.391636
1787054133418,35.391636
1787054133592,35.331180
1787054133750,35.331180
1787054133916,35.331180
1787054134076,35.331180
1787054134234,35.331180
1787054134404,35.331180
1787054134562,35.331180
1787054134722,35.096276
1787054134888,35.096276
1787054135054,35.096276
1787054135209,35.096276
1787054135365,35.096276
1787054135526,35.096276
1787054135686,34.416075
1787054135839,34.416075
1787054136002,34.416075
1787054136172,34.416075
1787054136340,34.416075
1787054136498,34.416075
1787054136670,34.416075
1787054136834,34.393374
1787054136999,34.393374
1787054137161,34.393374
1787054137315,34.393374
1787054137472,34.393374
1787054137637,34.393374
1787054137820,34.238343
1787054137974,34.238343
1787054138138,34.238343
1787054138299,34.238343
1787054138457,34.238343
1787054138612,34.238343
1787054138770,34.238343
1787054139084,34.140443
1787054139243,34.140443
1787054139394,34.140443
1787054139551,34.140443
1787054139705,34.140443
1787054139864,34.140443
1787054140019,34.140443
1787054140333,34.130468
1787054140491,34.130468
1787054140651,34.130468
1787054140807,34.130468
1787054140965,34.130468
1787054141123,34.130468
1787054141281,34.119438
1787054141452,34.119438
1787054141606,34.119438
1787054141772,34.119438
1787054141929,34.119438
1787054142089,34.119438
1787054142248,34.119438
1787054142411,34.708011
1787054142579,34.708011
1787054142738,34.708011
1787054142890,34.708011
1787054143049,34.708011
1787054143206,34.708011
1787054143375,34.287348
1787054143536,34.287348
1787054143708,34.287348
1787054143863,34.287348
1787054144028,34.287348
1787054144185,34.287348
1787054144341,34.287348
1787054144504,34.136264
1787054144663,34.136264
1787054144827,34.136264
1787054144985,34.136264
1787054145149,34.136264
1787054145308,34.136264
1787054145466,34.881746
1787054145624,34.881746
1787054145779,34.881746
1787054145953,34.881746
1787054146115,34.881746
1787054146273,34.881746
1787054146430,34.881746
1787054146592,34.278986
1787054146754,34.278986
1787054146936,34.278986
1787054147100,34.278986
1787054147261,34.278986
1787054147416,34.278986
1787054147573,34.330352
1787054147734,34.330352
1787054147886,34.330352
1787054148050,34.330352
1787054148208,34.330352
1787054148361,34.330352
1787054148526,34.330352
1787054148694,34.361679
1787054148848,34.361679
1787054149008,34.361679
1787054149173,34.361679
1787054149332,34.361679
1787054149493,34.361679
1787054149652,34.516309
1787054149810,34.516309
1787054149971,34.516309
1787054150125,34.516309
1787054150301,34.516309
1787054150456,34.516309
1787054150620,34.516309
1787054150781,34.109976
1787054150934,34.109976
1787054151089,34.109976
1787054151245,34.109976
1787054151419,34.109976
1787054151578,34.109976
1787054151732,34.109976
1787054151897,34.092876
1787054152054,34.092876
1787054152214,34.092876
1787054152372,34.092876
1787054152544,34.092876
1787054152699,34.092876
1787054152859,34.544233
1787054153019,34.544233
1787054153180,34.544233
1787054153340,34.544233
1787054153494,34.544233
1787054153658,34.544233
1787054153823,34.544233
1787054153988,34.286052
1787054154152,34.286052
1787054154318,34.286052
1787054154484,34.286052
1787054154658,34.286052
1787054154813,34.286052
1787054154974,35.263004
1787054155138,35.263004
1787054155295,35.263004
1787054155454,35.263004
1787054155610,35.263004
1787054155779,35.263004
1787054155941,35.263004
1787054156105,35.336874
1787054156263,35.336874
1787054156427,35.336874
1787054156586,35.336874
1787054156758,35.336874
1787054156919,35.336874
1787054157076,35.599357
1787054157242,35.599357
1787054157398,35.599357
1787054157560,35.599357
1787054157712,35.599357
1787054157876,35.599357
1787054158037,35.599357
1787054158198,35.490906
1787054158355,35.490906
1787054158522,35.490906
1787054158675,35.490906
1787054158830,35.490906
1787054159003,35.490906
1787054159166,35.447090
1787054159334,35.447090
1787054159497,35.447090
1787054159653,35.447090
1787054159822,35.447090
1787054159992,35.447090
1787054160149,35.447090
1787054160309,35.367846
1787054160461,35.367846
1787054160621,35.367846
1787054160780,35.367846
1787054160938,35.367846
1787054161109,35.367846
1787054161262,35.367846
1787054161418,35.560698
1787054161578,35.560698
1787054161752,35.560698
1787054161913,35.560698
1787054162072,35.560698
1787054162246,35.560698
1787054162412,35.742323
1787054162576,35.742323
1787054162734,35.742323
1787054162900,35.742323
1787054163056,35.742323
1787054163234,35.742323
1787054163392,35.500328
1787054163550,35.500328
1787054163719,35.500328
1787054163884,35.500328
1787054164037,35.500328
1787054164190,35.500328
1787054164365,35.500328
1787054164530,35.423970
1787054164692,35.423970
1787054164852,35.423970
1787054165014,35.423970
1787054165181,35.423970
1787054165351,35.423970
1787054165513,35.455133
1787054165677,35.455133
1787054165840,35.455133
1787054166001,35.455133
1787054166161,35.455133
1787054166318,35.455133
1787054166493,35.470909
1787054166664,35.470909
1787054166822,35.470909
1787054166986,35.470909
1787054167146,35.470909
1787054167307,35.470909
1787054167487,35.470909
1787054167643,35.598760
1787054167802,35.598760
1787054167970,35.598760
1787054168133,35.598760
1787054168303,35.598760
1787054168467,35.598760
1787054168640,35.268786
1787054168798,35.268786
1787054168948,35.268786
1787054169106,35.268786
1787054169266,35.268786
1787054169433,35.268786
1787054169587,35.268786
1787054169878,35.153244
1787054170039,35.153244
1787054170201,35.153244
1787054170362,35.153244
1787054170532,35.153244
1787054170690,35.153244
1787054170849,33.918980
1787054171018,33.918980
1787054171177,33.918980
1787054171344,33.918980
1787054171511,33.918980
1787054171671,33.918980
1787054171830,34.705956
1787054171987,34.705956
1787054172168,34.705956
1787054172323,34.705956
1787054172488,34.705956
1787054172657,34.705956
1787054172828,34.572226
1787054172991,34.572226
1787054173161,34.572226
1787054173325,34.572226
1787054173484,34.572226
1787054173654,34.572226
1787054173824,34.160385
1787054173985,34.160385
1787054174145,34.160385
1787054174313,34.160385
1787054174479,34.160385
1787054174645,34.160385
1787054174806,34.160385
1787054174978,34.196701
1787054175141,34.196701
1787054175311,34.196701
1787054175477,34.196701
1787054175636,34.196701
1787054175788,34.196701
1787054175962,34.326147
1787054176117,34.326147
1787054176271,34.326147
1787054176440,34.326147
1787054176608,34.326147
1787054176772,34.326147
1787054176942,34.097355
1787054177107,34.097355
1787054177264,34.097355
1787054177431,34.097355
1787054177591,34.097355
1787054177748,34.097355
1787054177913,34.097355
1787054178071,34.623910
1787054178234,34.623910
1787054178391,34.623910
1787054178566,34.623910
1787054178726,34.623910
1787054178889,34.623910
1787054179051,34.632714
1787054179217,34.632714
1787054179376,34.632714
1787054179533,34.632714
1787054179697,34.632714
1787054179858,34.632714
1787054180022,34.632714
1787054180187,34.343014
1787054180353,34.343014
1787054180516,34.343014
1787054180692,34.343014
1787054180849,34.343014
1787054181010,34.343014
1787054181183,34.537544
1787054181341,34.537544
1787054181510,34.537544
1787054181674,34.537544
1787054181843,34.537544
1787054182001,34.537544
1787054182165,34.358802
1787054182327,34.358802
1787054182482,34.358802
1787054182646,34.358802
1787054182802,34.358802
1787054182978,34.358802
1787054183149,35.039580
1787054183312,35.039580
1787054183471,35.039580
1787054183631,35.039580
1787054183787,35.039580
1787054183963,35.039580
1787054184127,35.039580
1787054184289,34.105536
1787054184455,34.105536
1787054184615,34.105536
1787054184779,34.105536
1787054184946,34.105536
1787054185119,34.105536
1787054185291,34.136148
1787054185459,34.136148
1787054185615,34.136148
1787054185778,34.136148
1787054185946,34.136148
1787054186116,34.136148
1787054186273,34.844130
1787054186430,34.844130
1787054186598,34.844130
1787054186766,34.844130
1787054186933,34.844130
1787054187095,34.844130
1787054187277,34.957418
1787054187441,34.957418
1787054187609,34.957418
1787054187769,34.957418
1787054187935,34.957418
1787054188095,34.957418
1787054188270,34.532320
1787054188430,34.532320
1787054188591,34.532320
1787054188749,34.532320
1787054188915,34.532320
1787054189075,34.532320
1787054189248,34.532320
1787054189530,34.325028
1787054189697,34.325028
1787054189853,34.325028
1787054190005,34.325028
1787054190165,34.325028
1787054190320,34.325028
1787054190479,35.429596
1787054190657,35.429596
1787054190818,35.429596
1787054190980,35.429596
1787054191142,35.429596
1787054191305,35.429596
1787054191469,35.429596
1787054191634,35.280038
1787054191797,35.280038
1787054191965,35.280038
1787054192124,35.280038
1787054192281,35.280038
1787054192446,35.280038
1787054192611,35.540244
1787054192778,35.540244
1787054192942,35.540244
1787054193105,35.540244
1787054193266,35.540244
1787054193422,35.540244
1787054193581,35.540244
1787054193737,35.491419
1787054193900,35.491419
1787054194073,35.491419
1787054194233,35.491419
1787054194390,35.491419
1787054194550,35.491419
1787054194708,35.431800
1787054194866,35.431800
1787054195038,35.431800
1787054195197,35.431800
1787054195358,35.431800
1787054195520,35.431800
1787054195681,35.431800
1787054195848,35.461114
1787054196024,35.461114
1787054196176,35.461114
1787054196331,35.461114
1787054196496,35.461114
1787054196657,35.461114
1787054196821,35.371298
1787054196985,35.371298
1787054197153,35.371298
1787054197315,35.371298
1787054197475,35.371298
1787054197639,35.371298
1787054197797,35.371298
1787054197962,35.286256
1787054198124,35.286256
1787054198293,35.286256
1787054198453,35.286256
1787054198612,35.286256
1787054198769,35.286256
1787054198931,35.294646
1787054199096,35.294646
1787054199258,35.294646
1787054199425,35.294646
1787054199581,35.294646
1787054212618,34.479505
1787054212785,34.479505
1787054212957,34.479505
1787054213119,34.479505
1787054213283,34.479505
1787054213442,34.479505
1787054213619,34.027905
1787054213776,34.027905
1787054213942,34.027905
1787054214106,34.027905
1787054214266,34.027905
1787054214434,34.027905
1787054214594,34.238845
1787054214768,34.238845
1787054214928,34.238845
1787054215083,34.238845
1787054215234,34.238845
1787054215397,34.238845
1787054215562,34.238845
1787054215729,34.106904
1787054215902,34.106904
1787054216053,34.106904
1787054216222,34.106904
1787054216384,34.106904
1787054216549,34.106904
1787054216708,34.247496
1787054216870,34.247496
1787054217046,34.247496
1787054217207,34.247496
1787054217379,34.247496
1787054217536,34.247496
1787054217692,34.638120
1787054217842,34.638120
1787054218000,34.638120
1787054218172,34.638120
1787054218333,34.638120
1787054218497,34.638120
1787054218653,34.638120
1787054218809,34.290156
1787054218963,34.290156
1787054219123,34.290156
1787054219302,34.290156
1787054219462,34.290156
1787054219630,34.290156
1787054219788,34.984320
1787054219947,34.984320
1787054220106,34.984320
1787054220284,34.984320
1787054220446,34.984320
1787054220606,34.984320
1787054220766,34.984320
1787054220937,34.415384
1787054221104,34.415384
1787054221267,34.415384
1787054221448,34.415384
1787054221609,34.415384
1787054221775,34.415384
1787054221941,34.547852
1787054222098,34.547852
1787054222257,34.547852
1787054222432,34.547852
1787054222594,34.547852
1787054222759,34.547852
1787054222921,34.277135
1787054223085,34.277135
1787054223242,34.277135
1787054223398,34.277135
1787054223567,34.277135
1787054223727,34.277135
1787054223892,34.277135
1787054224059,34.932907
1787054224225,34.932907
1787054224387,34.932907
1787054224563,34.932907
1787054224725,34.932907
1787054224891,34.932907
1787054225054,35.715397
1787054225214,35.715397
1787054225376,35.715397
1787054225532,35.715397
1787054225702,35.715397
1787054225865,35.715397
1787054226027,35.451968
1787054226187,35.451968
1787054226350,35.451968
1787054226514,35.451968
1787054226684,35.451968
1787054226850,35.451968
1787054227012,35.451968
1787054227172,35.723800
1787054227335,35.723800
1787054227493,35.723800
1787054227657,35.723800
1787054227835,35.723800
1787054228001,35.723800
1787054228167,35.409810
1787054228333,35.409810
1787054228499,35.409810
1787054228657,35.409810
1787054228833,35.409810
1787054228989,35.409810
1787054229149,35.514595
1787054229306,35.514595
1787054229473,35.514595
1787054229634,35.514595
1787054229794,35.514595
1787054229968,35.514595
1787054230127,35.514595
1787054230294,35.433827
1787054230460,35.433827
1787054230622,35.433827
1787054230785,35.433827
1787054230954,35.433827
1787054231119,35.433827
1787054231281,35.461271
1787054231446,35.461271
1787054231608,35.461271
1787054231773,35.461271
1787054231933,35.461271
1787054232105,35.461271
1787054232263,35.506296
1787054232427,35.506296
1787054232589,35.506296
1787054232751,35.506296
1787054232911,35.506296
1787054233078,35.506296
1787054233248,35.506296
1787054233415,35.255695
1787054233583,35.255695
1787054233744,35.255695
1787054233908,35.255695
1787054234074,35.255695
1787054234249,35.255695
1787054234410,35.136339
1787054234573,35.136339
1787054234740,35.136339
1787054234907,35.136339
1787054235061,35.136339
1787054235229,35.136339
1787054235400,35.448464
1787054235565,35.448464
1787054235726,35.448464
1787054235881,35.448464
1787054236045,35.448464
1787054236214,35.448464
1787054236391,35.348412
1787054236553,35.348412
1787054236721,35.348412
1787054236881,35.348412
1787054237045,35.348412
1787054237208,35.348412
1787054237367,35.348412
1787054237689,35.473713
1787054237844,35.473713
1787054238006,35.473713
1787054238171,35.473713
1787054238338,35.473713
1787054238502,35.473713
1787054238671,35.590324
1787054238842,35.590324
1787054239007,35.590324
1787054239176,35.590324
1787054239340,35.590324
1787054239507,35.590324
1787054239670,35.248628
1787054239838,35.248628
1787054240000,35.248628
1787054240160,35.248628
1787054240321,35.248628
1787054240478,35.248628
1787054240646,34.262390
1787054240807,34.262390
1787054240981,34.262390
1787054241151,34.262390
1787054241309,34.262390
1787054241476,34.262390
1787054241638,34.262390
1787054241803,34.373555
1787054241974,34.373555
1787054242133,34.373555
1787054242298,34.373555
1787054242456,34.373555
1787054242623,34.373555
1787054242790,34.454636
1787054242955,34.454636
1787054243135,34.454636
1787054243295,34.454636
1787054243455,34.454636
1787054243616,34.454636
1787054243780,34.158967
1787054243942,34.158967
1787054244121,34.158967
1787054244287,34.158967
1787054244449,34.158967
1787054244606,34.158967
1787054244769,34.607630
1787054244930,34.607630
1787054245092,34.607630
1787054245266,34.607630
1787054245427,34.607630
1787054245590,34.607630
1787054245754,34.607630
1787054245925,34.284370
1787054246088,34.284370
1787054246263,34.284370
1787054246430,34.284370
1787054246596,34.284370
1787054246760,34.284370
1787054246924,34.603731
1787054247086,34.603731
1787054247260,34.603731
1787054247422,34.603731
1787054247586,34.603731
1787054247746,34.603731
1787054247914,34.484480
1787054248076,34.484480
1787054248238,34.484480
1787054248413,34.484480
1787054248577,34.484480
1787054248743,34.484480
1787054248909,34.521180
1787054249071,34.521180
1787054249234,34.521180
1787054249412,34.521180
1787054249574,34.521180
1787054249737,34.521180
1787054249901,34.715547
1787054250064,34.715547
1787054250232,34.715547
1787054250394,34.715547
1787054250563,34.715547
1787054250724,34.715547
1787054250887,34.189221
1787054251056,34.189221
1787054251221,34.189221
1787054251386,34.189221
1787054251555,34.189221
1787054251719,34.189221
1787054251887,34.452682
1787054252050,34.452682
1787054252209,34.452682
1787054252372,34.452682
1787054252528,34.452682
1787054252700,34.452682
1787054252864,34.452682
1787054253025,34.360475
1787054253189,34.360475
1787054253349,34.360475
1787054253516,34.360475
1787054253684,34.360475
1787054253840,34.360475
1787054254005,34.175806
1787054254175,34.175806
1787054254335,34.175806
1787054254502,34.175806
1787054254667,34.175806
1787054254846,34.175806
1787054255007,34.644372
1787054255169,34.644372
1787054255331,34.644372
1787054255490,34.644372
1787054255658,34.644372
1787054255844,34.644372
1787054256000,34.369132
1787054256162,34.369132
1787054256328,34.369132
1787054256490,34.369132
1787054256652,34.369132
1787054256834,34.369132
1787054256997,34.516840
1787054257162,34.516840
1787054257326,34.516840
1787054257494,34.516840
1787054257655,34.516840
1787054257814,34.516840
1787054257989,34.516840
1787054258154,34.740098
1787054258316,34.740098
1787054258472,34.740098
1787054258628,34.740098
1787054258798,34.740098
1787054258979,34.740098
1787054259137,34.372987
1787054259302,34.372987
1787054259463,34.372987
1787054259627,34.372987
1787054259795,34.372987
1787054259961,34.372987
1787054260138,35.691107
1787054260297,35.691107
1787054260468,35.691107
1787054260634,35.691107
1787054260799,35.691107
1787054260961,35.691107
1787054261143,35.458998
1787054261306,35.458998
1787054261461,35.458998
1787054261626,35.458998
1787054261793,35.458998
1787054261950,35.458998
1787054262115,35.458998
1787054262440,35.376561
1787054262598,35.376561
1787054262753,35.376561
1787054262912,35.376561
1787054263080,35.376561
1787054263246,35.376561
1787054263409,35.665158
1787054263583,35.665158
1787054263742,35.665158
1787054263907,35.665158
1787054264070,35.665158
1787054264223,35.665158
1787054264381,35.665158
1787054264543,35.413176
1787054264712,35.413176
1787054264883,35.413176
1787054265045,35.413176
1787054265208,35.413176
1787054265367,35.413176
1787054265536,35.521079
1787054265723,35.521079
1787054265887,35.521079
1787054266050,35.521079
1787054266213,35.521079
1787054266371,35.521079
1787054266534,35.217889
1787054266705,35.217889
1787054266864,35.217889
1787054267030,35.217889
1787054267199,35.217889
1787054267356,35.217889
1787054267517,35.792372
1787054267676,35.792372
1787054267853,35.792372
1787054268015,35.792372
1787054268177,35.792372
1787054268340,35.792372
1787054268495,35.792372
1787054268662,35.424554
1787054268835,35.424554
1787054269001,35.424554
1787054269163,35.424554
1787054269326,35.424554
1787054269491,35.424554
1787054269661,35.535091
1787054269825,35.535091
1787054269997,35.535091
1787054270153,35.535091
1787054270315,35.535091
1787054270482,35.535091
1787054270642,35.432018
1787054270798,35.432018
1787054270961,35.432018
1787054271134,35.432018
1787054271306,35.432018
1787054271468,35.432018
1787054271629,35.210513
1787054271799,35.210513
1787054271963,35.210513
1787054272136,35.210513
1787054272294,35.210513
1787054272462,35.210513
1787054272621,35.210513
1787054272785,35.532086
1787054272941,35.532086
1787054273106,35.532086
1787054273286,35.532086
1787054273451,35.532086
1787054273620,35.532086
1787054273785,35.543977
1787054273949,35.543977
1787054274113,35.543977
1787054274282,35.543977
1787054274439,35.543977
1787054274599,35.543977
1787054274758,34.995746
1787054274916,34.995746
1787054275075,34.995746
1787054275237,34.995746
1787054275406,34.995746
1787054275562,34.995746
1787054275726,34.995746
1787054275890,34.127639
1787054276051,34.127639
1787054276206,34.127639
1787054276364,34.127639
1787054276546,34.127639
1787054276708,34.127639
1787054276870,34.259895
1787054277028,34.259895
1787054277187,34.259895
1787054277349,34.259895
1787054277503,34.259895
1787054277678,34.259895
1787054277831,34.259895
1787054277988,34.474614
1787054278145,34.474614
1787054278306,34.474614
1787054278467,34.474614
1787054278621,34.474614
1787054278790,34.474614
1787054278950,34.246982
1787054279106,34.246982
1787054279265,34.246982
1787054279428,34.246982
1787054279585,34.246982
1787054279743,34.246982
1787054279906,34.246982
1787054280071,34.328241
1787054280234,34.328241
1787054280397,34.328241
1787054280555,34.328241
1787054280714,34.328241
1787054280867,34.328241
1787054281034,34.366875
1787054281195,34.366875
1787054281352,34.366875
1787054281508,34.366875
1787054281665,34.366875
1787054281831,34.366875
1787054281987,34.366875
1787054282148,34.447948
1787054282311,34.447948
1787054282466,34.447948
1787054282629,34.447948
1787054282790,34.447948
1787054282956,34.447948
1787054283116,34.157170
1787054283284,34.157170
1787054283434,34.157170
1787054283595,34.157170
1787054283761,34.157170
1787054283919,34.157170
1787054284080,34.157170
1787054284243,34.220237
1787054284408,34.220237
1787054284566,34.220237
1787054284724,34.220237
1787054284877,34.220237
1787054285037,34.220237
1787054285203,34.698833
1787054285362,34.698833
1787054285534,34.698833
1787054285694,34.698833
1787054285849,34.698833
1787054286011,34.698833
1787054286178,34.698833
1787054286339,34.378856
1787054286498,34.378856
1787054286668,34.378856
1787054286824,34.378856
1787054286983,34.378856
1787054287140,34.378856
1787054287306,35.361000
1787054287462,35.361000
1787054287620,35.361000
1787054287785,35.361000
1787054287943,35.361000
1787054288106,35.361000
1787054288263,35.361000
1787054288421,35.234578
1787054288585,35.234578
1787054288739,35.234578
1787054288908,35.234578
1787054289063,35.234578
1787054289227,35.234578
1787054289379,34.786086
1787054289536,34.786086
1787054289700,34.786086
1787054289860,34.786086
1787054290027,34.786086
1787054290185,34.786086
1787054290343,34.786086
1787054290507,34.576066
1787054290668,34.576066
1787054290830,34.576066
1787054290984,34.576066
1787054291147,34.576066
1787054291307,34.576066
1787054291470,34.502808
1787054291628,34.502808
1787054291790,34.502808
1787054291952,34.502808
1787054292107,34.502808
1787054292278,34.502808
1787054292436,34.502808
1787054292598,34.535463
1787054292758,34.535463
1787054292920,34.535463
1787054293081,34.535463
1787054293240,34.535463
1787054293411,34.535463
1787054293573,34.255531
1787054293733,34.255531
1787054293892,34.255531
1787054294064,34.255531
1787054294223,34.255531
1787054294379,34.255531
1787054294543,34.255531
1787054294701,35.131888
1787054294864,35.131888
1787054295022,35.131888
1787054295176,35.131888
1787054295331,35.131888
1787054295493,35.131888
1787054295663,35.543885
1787054295819,35.543885
1787054295981,35.543885
1787054296139,35.543885
1787054296299,35.543885
1787054296459,35.543885
1787054296616,35.543885
1787054296786,35.491983
1787054296943,35.491983
1787054297114,35.491983
1787054297282,35.491983
1787054297441,35.491983
1787054297595,35.491983
1787054297799,35.571834
1787054297966,35.571834
1787054298133,35.571834
1787054298296,35.571834
1787054298462,35.571834
1787054298628,35.571834
1787054298807,35.649411
1787054298973,35.649411
1787054299130,35.649411
1787054299293,35.649411
1787054299453,35.649411
1787054299620,35.649411
1787054299794,35.743650
1787054299949,35.743650
1787054300116,35.743650
1787054300282,35.743650
1787054300436,35.743650
1787054300603,35.743650
1787054300762,35.587882
1787054300943,35.587882
1787054301098,35.587882
1787054301257,35.587882
1787054301425,35.587882
1787054301580,35.587882
1787054301745,35.587882
1787054301921,35.428475
1787054302078,35.428475
1787054302234,35.428475
1787054302393,35.428475
1787054302554,35.428475
1787054302721,35.428475
1787054302880,35.579941
1787054303049,35.579941
1787054303208,35.579941
1787054303371,35.579941
1787054303535,35.579941
1787054303698,35.579941
1787054303861,35.579941
1787054304042,35.465325
1787054304201,35.465325
1787054304368,35.465325
1787054304526,35.465325
1787054304687,35.465325
1787054304847,35.465325
1787054305020,35.655780
1787054305204,35.655780
1787054305363,35.655780
1787054305520,35.655780
1787054305686,35.655780
1787054305845,35.655780
1787054306014,35.474809
1787054306188,35.474809
1787054306353,35.474809
1787054306510,35.474809
1787054306672,35.474809
1787054306841,35.474809
1787054307016,35.297734
1787054307179,35.297734
1787054307345,35.297734
1787054307507,35.297734
1787054307670,35.297734
1787054307823,35.297734
1787054307995,35.271201
1787054308156,35.271201
1787054308340,35.271201
1787054308500,35.271201
1787054308657,35.271201
1787054308815,35.271201
1787054308981,35.271201
1787054309155,35.763523
1787054309323,35.763523
1787054309494,35.763523
1787054309662,35.763523
1787054309824,35.763523
1787054309981,35.763523
1787054310143,34.603194
1787054310298,34.603194
1787054310482,34.603194
1787054310637,34.603194
1787054310794,34.603194
1787054310963,34.603194
1787054311123,34.349936
1787054311286,34.349936
1787054311446,34.349936
1787054311617,34.349936
1787054311776,34.349936
1787054311940,34.349936
1787054312097,34.349936
1787054312260,34.467047
1787054312424,34.467047
1787054312585,34.467047
1787054312765,34.467047
1787054312922,34.467047
1787054313089,34.467047
1787054313248,34.467656
1787054313411,34.467656
1787054313570,34.467656
1787054313732,34.467656
1787054313901,34.467656
1787054314067,34.467656
1787054314231,34.695280
1787054314395,34.695280
1787054314557,34.695280
1787054314715,34.695280
1787054314891,34.695280
1787054315057,34.695280
1787054315227,34.263039
1787054315397,34.263039
1787054315553,34.263039
1787054315709,34.263039
1787054315875,34.263039
1787054316047,34.263039
1787054316209,34.263039
1787054316377,34.966817
1787054316539,34.966817
1787054316707,34.966817
1787054316873,34.966817
1787054317048,34.966817
1787054317198,34.966817
1787054317354,34.595172
1787054317518,34.595172
1787054317681,34.595172
1787054317850,34.595172
1787054318013,34.595172
1787054318178,34.595172
1787054318346,34.310997
1787054318508,34.310997
1787054318670,34.310997
1787054318825,34.310997
1787054318987,34.310997
1787054319149,34.310997
1787054319326,34.310997
1787054319489,34.387192
1787054319655,34.387192
1787054319818,34.387192
1787054319976,34.387192
1787054320132,34.387192
1787054320287,34.387192
1787054320459,35.022282
1787054320619,35.022282
1787054320783,35.022282
1787054320942,35.022282
1787054321103,35.022282
1787054321257,35.022282
1787054321424,35.022282
1787054321595,34.444952
1787054321753,34.444952
1787054321915,34.444952
1787054322078,34.444952
1787054322236,34.444952
1787054322398,34.444952
1787054322559,33.995131
1787054322732,33.995131
1787054322890,33.995131
1787054323053,33.995131
1787054323213,33.995131
1787054323373,33.995131
1787054323533,33.995131
1787054323689,34.208532
1787054323868,34.208532
1787054324029,34.208532
1787054324196,34.208532
1787054324354,34.208532
1787054324516,34.208532
1787054324681,34.375382
1787054324855,34.375382
1787054325025,34.375382
1787054325197,34.375382
1787054325359,34.375382
1787054325518,34.375382
1787054325685,34.500856
1787054325842,34.500856
1787054326012,34.500856
1787054326176,34.500856
1787054326332,34.500856
1787054326489,34.500856
1787054326649,34.500856
1787054326818,34.619006
1787054326977,34.619006
1787054327148,34.619006
1787054327306,34.619006
1787054327465,34.619006
1787054327622,34.619006
1787054327791,34.587142
1787054327958,34.587142
1787054328113,34.587142
1787054328280,34.587142
1787054328442,34.587142
1787054328606,34.587142
1787054328767,34.587142
1787054328932,34.802502
1787054329091,34.802502
1787054329268,34.802502
1787054329435,34.802502
1787054329596,34.802502
1787054329751,34.802502
1787054329917,34.959061
1787054330076,34.959061
1787054330245,34.959061
1787054330422,34.959061
1787054330594,34.959061
1787054330752,34.959061
1787054330919,35.314136
1787054331085,35.314136
1787054331241,35.314136
1787054331409,35.314136
1787054331570,35.314136
1787054331740,35.314136
1787054331898,35.481448
1787054332057,35.481448
1787054332217,35.481448
1787054332376,35.481448
1787054332545,35.481448
1787054332712,35.481448
1787054332872,35.481448
1787054333037,35.372423
1787054333199,35.372423
1787054333360,35.372423
1787054333526,35.372423
1787054333688,35.372423
1787054333850,35.372423
1787054334005,35.482481
1787054334161,35.482481
1787054334321,35.482481
1787054334483,35.482481
1787054334648,35.482481
1787054334805,35.482481
1787054334967,35.482481
1787054335129,35.275842
1787054335294,35.275842
1787054335448,35.275842
1787054335606,35.275842
1787054335776,35.275842
1787054335941,35.275842
1787054336108,35.307833
1787054336270,35.307833
1787054336429,35.307833
1787054336594,35.307833
1787054336767,35.307833
1787054336926,35.307833
1787054337083,35.307833
1787054337255,35.442783
1787054337418,35.442783
1787054337581,35.442783
1787054337744,35.442783
1787054337916,35.442783
1787054338084,35.442783
1787054338251,35.596290
1787054338416,35.596290
1787054338580,35.596290
1787054338744,35.596290
1787054338920,35.596290
1787054339089,35.596290
1787054339257,35.788347
1787054339423,35.788347
1787054339587,35.788347
1787054339751,35.788347
1787054339926,35.788347
1787054340086,35.788347
1787054340250,35.655995
1787054340417,35.655995
1787054340575,35.655995
1787054340734,35.655995
1787054340894,35.655995
1787054341063,35.655995
1787054341235,35.260981
1787054341393,35.260981
1787054341560,35.260981
1787054341729,35.260981
1787054341892,35.260981
1787054342062,35.260981
1787054342222,35.647251
1787054342384,35.647251
1787054342543,35.647251
1787054342712,35.647251
1787054342868,35.647251
1787054343028,35.647251
1787054343201,35.647251
1787054343362,35.448588
1787054343521,35.448588
1787054343686,35.448588
1787054343846,35.448588
1787054343999,35.448588
1787054344174,35.448588
1787054344344,35.343189
1787054344505,35.343189
1787054344670,35.343189
1787054344829,35.343189
1787054344995,35.343189
1787054345156,35.343189
1787054345334,34.099273
1787054345502,34.099273
1787054345666,34.099273
1787054345823,34.099273
1787054345981,34.099273
1787054346142,34.099273
1787054346298,34.099273
1787054346472,34.548588
1787054346639,34.548588
1787054346806,34.548588
1787054346968,34.548588
1787054347137,34.548588
1787054347295,34.548588
1787054347454,34.114069
1787054347610,34.114069
1787054347769,34.114069
1787054347933,34.114069
1787054348090,34.114069
1787054348257,34.114069
1787054348423,34.175660
1787054348591,34.175660
1787054348754,34.175660
1787054348917,34.175660
1787054349071,34.175660
1787054349238,34.175660
1787054349404,34.175660
1787054349557,34.475169
1787054349728,34.475169
1787054349890,34.475169
1787054350051,34.475169
1787054350216,34.475169
1787054350382,34.475169
1787054350546,34.224272
1787054350729,34.224272
1787054350886,34.224272
1787054351049,34.224272
1787054351213,34.224272
1787054351373,34.224272
1787054351533,34.409172
1787054351697,34.409172
1787054351873,34.409172
1787054352035,34.409172
1787054352183,34.409172
1787054352344,34.409172
1787054352508,34.409172
1787054352669,34.427534
1787054352823,34.427534
1787054352990,34.427534
1787054353153,34.427534
1787054353319,34.427534
1787054353485,34.427534
1787054353649,34.471438
1787054353816,34.471438
1787054353981,34.471438
1787054354141,34.471438
1787054354298,34.471438
1787054354461,34.471438
1787054354624,34.471438
1787054354792,34.322324
1787054354954,34.322324
1787054355118,34.322324
1787054355278,34.322324
1787054355449,34.322324
1787054355610,34.322324
1787054355774,34.484500
1787054355942,34.484500
1787054356114,34.484500
1787054356273,34.484500
1787054356437,34.484500
1787054356601,34.484500
1787054356772,35.003070
1787054356940,35.003070
1787054357097,35.003070
1787054357281,35.003070
1787054357441,35.003070
1787054357602,35.003070
1787054357766,34.213159
1787054357922,34.213159
1787054358075,34.213159
1787054358238,34.213159
1787054358411,34.213159
1787054358573,34.213159
1787054358730,34.213159
1787054358889,34.601640
1787054359049,34.601640
1787054359209,34.601640
1787054359368,34.601640
1787054359541,34.601640
1787054359707,34.601640
1787054359863,34.148326
1787054360019,34.148326
1787054360188,34.148326
1787054360345,34.148326
1787054360509,34.148326
1787054360685,34.148326
1787054360847,34.408712
1787054361017,34.408712
1787054361175,34.408712
1787054361336,34.408712
1787054361499,34.408712
1787054361658,34.408712
1787054361817,34.408712
1787054361983,34.386685
1787054362145,34.386685
1787054362314,34.386685
1787054362474,34.386685
1787054362646,34.386685
1787054362822,34.386685
1787054362986,34.429172
1787054363152,34.429172
1787054363316,34.429172
1787054363480,34.429172
1787054363641,34.429172
1787054363798,34.429172
1787054363969,34.181635
1787054364132,34.181635
1787054364296,34.181635
1787054364455,34.181635
1787054364620,34.181635
1787054364785,34.181635
1787054364950,35.300887
1787054365109,35.300887
1787054365270,35.300887
1787054365430,35.300887
1787054365597,35.300887
1787054365762,35.300887
1787054365922,35.300887
1787054366100,35.779526
1787054366267,35.779526
1787054366429,35.779526
1787054366594,35.779526
1787054366758,35.779526
1787054366915,35.779526
1787054367098,35.623424
1787054367259,35.623424
1787054367418,35.623424
1787054367578,35.623424
1787054367739,35.623424
1787054367905,35.623424
1787054368077,35.611916
1787054368249,35.611916
1787054368417,35.611916
1787054368581,35.611916
1787054368745,35.611916
1787054368910,35.611916
1787054369079,35.376349
1787054369243,35.376349
1787054369405,35.376349
1787054369567,35.376349
1787054369721,35.376349
1787054369884,35.376349
1787054370048,35.622157
1787054370214,35.622157
1787054370388,35.622157
1787054370546,35.622157
1787054370715,35.622157
1787054370873,35.622157
1787054371034,35.622157
1787054371191,35.404170
1787054371348,35.404170
1787054371520,35.404170
1787054371676,35.404170
1787054371843,35.404170
1787054372006,35.404170
1787054372167,35.466774
1787054372322,35.466774
1787054372477,35.466774
1787054372652,35.466774
1787054372808,35.466774
1787054372970,35.466774
1787054373142,35.466774
1787054373304,35.653120
1787054373471,35.653120
1787054373660,35.653120
1787054373818,35.653120
1787054373975,35.653120
1787054374134,35.653120
1787054374304,35.582214
1787054374466,35.582214
1787054374642,35.582214
1787054374806,35.582214
1787054374971,35.582214
1787054375140,35.582214
1787054375304,35.388231
1787054375473,35.388231
1787054375649,35.388231
1787054375810,35.388231
1787054375972,35.388231
1787054376135,35.388231
1787054376296,35.505776
1787054376457,35.505776
1787054376615,35.505776
1787054376785,35.505776
1787054376944,35.505776
1787054377110,35.505776
1787054377279,35.781160
1787054377433,35.781160
1787054377593,35.781160
1787054377751,35.781160
1787054377916,35.781160
1787054378074,35.781160
1787054378235,35.781160
1787054378408,35.597472
1787054378578,35.597472
1787054378746,35.597472
1787054378917,35.597472
1787054379087,35.597472
1787054379248,35.597472
1787054379408,35.305096
1787054379571,35.305096
1787054379733,35.305096
1787054379892,35.305096
1787054380067,35.305096
1787054380237,35.305096
1787054380398,34.647983
1787054380557,34.647983
1787054380726,34.647983
1787054380883,34.647983
1787054381052,34.647983
1787054381212,34.647983
1787054381375,34.478559
1787054381535,34.478559
1787054381698,34.478559
1787054381862,34.478559
1787054382021,34.478559
1787054382196,34.478559
1787054382361,34.478559
1787054382529,34.256306
1787054382687,34.256306
1787054382849,34.256306
1787054383008,34.256306
1787054383177,34.256306
1787054383336,34.256306
1787054383499,34.579914
1787054383665,34.579914
1787054383822,34.579914
1787054383983,34.579914
1787054384144,34.579914
1787054384313,34.579914
1787054384472,34.579914
1787054384638,34.969051
1787054384800,34.969051
1787054384957,34.969051
1787054385118,34.969051
1787054385274,34.969051
1787054385445,34.969051
1787054385604,34.348416
1787054385767,34.348416
1787054385939,34.348416
1787054386106,34.348416
1787054386275,34.348416
1787054386440,34.348416
1787054386610,34.448015
1787054386771,34.448015
1787054386927,34.448015
1787054387089,34.448015
1787054387252,34.448015
1787054387412,34.448015
1787054387584,34.448015
1787054387750,34.227753
1787054387909,34.227753
1787054388072,34.227753
1787054388231,34.227753
1787054388394,34.227753
1787054388564,34.227753
1787054388728,34.431210
1787054388886,34.431210
1787054389052,34.431210
1787054389213,34.431210
1787054389380,34.431210
1787054389541,34.431210
1787054389706,34.431210
1787054389861,34.694313
1787054390025,34.694313
1787054390180,34.694313
1787054390338,34.694313
1787054390499,34.694313
1787054390661,34.694313
1787054390830,35.130925
1787054390986,35.130925
1787054391148,35.130925
1787054391305,35.130925
1787054391476,35.130925
1787054391637,35.130925
1787054391800,35.130925
1787054391972,34.565699
1787054392124,34.565699
1787054392291,34.565699
1787054392456,34.565699
1787054392615,34.565699
1787054392775,34.565699
1787054392944,34.720775
1787054393116,34.720775
1787054393279,34.720775
1787054393437,34.720775
1787054393598,34.720775
1787054393757,34.720775
1787054393918,34.720775
1787054394087,34.406884
1787054394253,34.406884
1787054394413,34.406884
1787054394573,34.406884
1787054394740,34.406884
1787054394899,34.406884
1787054395065,34.557686
1787054395219,34.557686
1787054395396,34.557686
1787054395551,34.557686
1787054395716,34.557686
1787054395888,34.557686
1787054396049,35.602840
1787054396211,35.602840
1787054396381,35.602840
1787054396545,35.602840
1787054396707,35.602840
1787054396869,35.602840
1787054397034,35.602840
1787054397199,34.519148
1787054397365,34.519148
1787054397547,34.519148
1787054397713,34.519148
1787054397870,34.519148
1787054398029,34.519148
1787054398195,34.432874
1787054398361,34.432874
1787054398536,34.432874
1787054398695,34.432874
1787054398867,34.432874
1787054399028,34.432874
1787054399193,34.841853
1787054399350,34.841853
1787054399503,34.841853
1787054399673,34.841853
1787054399833,34.841853
1787054399993,34.841853
1787054400160,34.841853
1787054400319,35.741877
1787054400474,35.741877
1787054400638,35.741877
1787054400805,35.741877
1787054400965,35.741877
1787054401135,35.741877
1787054401300,35.504966
1787054401471,35.504966
1787054401638,35.504966
1787054401822,35.504966
1787054401985,35.504966
1787054402149,35.504966
1787054402313,35.459487
1787054402474,35.459487
1787054402633,35.459487
1787054402802,35.459487
1787054402963,35.459487
1787054403124,35.459487
1787054403288,35.552184
1787054403442,35.552184
1787054403601,35.552184
1787054403759,35.552184
1787054403928,35.552184
1787054404103,35.552184
1787054404270,35.552184
1787054404435,35.317416
1787054404592,35.317416
1787054404754,35.317416
1787054404928,35.317416
1787054405095,35.317416
1787054405259,35.317416
1787054405424,35.762010
1787054405593,35.762010
1787054405756,35.762010
1787054405931,35.762010
1787054406096,35.762010
1787054406264,35.762010
1787054406427,35.623782
1787054406587,35.623782
1787054406749,35.623782
1787054406912,35.623782
1787054407076,35.623782
1787054407230,35.623782
1787054407402,35.465332
1787054407567,35.465332
1787054407730,35.465332
1787054407890,35.465332
1787054408047,35.465332
1787054408221,35.465332
1787054408382,35.465332
1787054408545,35.467105
1787054408708,35.467105
1787054408878,35.467105
1787054409040,35.467105
1787054409218,35.467105
1787054409379,35.467105
1787054409542,35.391066
1787054409704,35.391066
1787054409867,35.391066
1787054410037,35.391066
1787054410196,35.391066
1787054410359,35.391066
1787054410519,35.593482
1787054410684,35.593482
1787054410850,35.593482
1787054411009,35.593482
1787054411158,35.593482
1787054411307,35.593482
1787054411464,35.593482
1787054411612,35.631285
1787054411763,35.631285
1787054411925,35.631285
1787054412083,35.631285
1787054412241,35.631285
1787054412410,35.631285
1787054412577,35.457715
1787054412747,35.457715
1787054412909,35.457715
1787054413070,35.457715
1787054413235,35.457715
1787054413397,35.457715
1787054413576,35.456197
1787054413736,35.456197
1787054413900,35.456197
1787054414065,35.456197
1787054414223,35.456197
1787054414391,35.456197
1787054414552,35.456197
1787054414736,34.928116
1787054414903,34.928116
1787054415069,34.928116
1787054415227,34.928116
1787054415391,34.928116
1787054415551,34.928116
1787054415707,34.622608
1787054415888,34.622608
1787054416052,34.622608
1787054416214,34.622608
1787054416371,34.622608
1787054416529,34.622608
1787054416691,34.850560
1787054416850,34.850560
1787054417016,34.850560
1787054417167,34.850560
1787054417335,34.850560
1787054417503,34.850560
1787054417666,34.850560
1787054417833,34.387672
1787054417991,34.387672
1787054418165,34.387672
1787054418319,34.387672
1787054418483,34.387672
1787054418646,34.387672
1787054418809,34.185392
1787054418977,34.185392
1787054419149,34.185392
1787054419306,34.185392
1787054419467,34.185392
1787054419626,34.185392
1787054419788,34.185392
1787054419947,34.416198
1787054420109,34.416198
1787054420285,34.416198
1787054420448,34.416198
1787054420606,34.416198
1787054420771,34.416198
1787054420940,34.550204
1787054421106,34.550204
1787054421276,34.550204
1787054421437,34.550204
1787054421601,34.550204
1787054421764,34.550204
1787054421938,34.606852
1787054422104,34.606852
1787054422268,34.606852
1787054422441,34.606852
1787054422602,34.606852
1787054422767,34.606852
1787054422932,35.187343
1787054423095,35.187343
1787054423249,35.187343
1787054423412,35.187343
1787054423585,35.187343
1787054423750,35.187343
1787054423916,34.290985
1787054424077,34.290985
1787054424244,34.290985
1787054424411,34.290985
1787054424584,34.290985
1787054424743,34.290985
1787054424904,34.290985
1787054425062,34.468878
1787054425224,34.468878
1787054425379,34.468878
1787054425542,34.468878
1787054425712,34.468878
1787054425872,34.468878
1787054426040,34.213898
1787054426190,34.213898
1787054426356,34.213898
1787054426515,34.213898
1787054426679,34.213898
1787054426858,34.213898
1787054427012,34.213898
1787054427175,35.330663
1787054427335,35.330663
1787054427500,35.330663
1787054427664,35.330663
1787054427841,35.330663
1787054428003,35.330663
1787054428167,34.881302
1787054428326,34.881302
1787054428491,34.881302
1787054428650,34.881302
1787054428814,34.881302
1787054428988,34.881302
1787054429150,34.368625
1787054429307,34.368625
1787054429465,34.368625
1787054429622,34.368625
1787054429782,34.368625
1787054429939,34.368625
1787054430115,34.368625
1787054430277,34.047848
1787054430434,34.047848
1787054430590,34.047848
1787054430748,34.047848
1787054430909,34.047848
1787054431068,34.047848
1787054431229,34.047848
1787054431385,34.536451
1787054431547,34.536451
1787054431711,34.536451
1787054431871,34.536451
1787054432026,34.536451
1787054432184,34.536451
1787054432354,34.677701
1787054432520,34.677701
1787054432680,34.677701
1787054432840,34.677701
1787054432997,34.677701
1787054433152,34.677701
1787054433316,34.677701
1787054433673,34.097417
1787054433825,34.097417
1787054433984,34.097417
1787054434149,34.097417
1787054434308,34.097417
1787054434467,34.097417
1787054434624,35.401038
1787054434794,35.401038
1787054434957,35.401038
1787054435117,35.401038
1787054435274,35.401038
1787054435432,35.401038
1787054435585,35.401038
1787054435745,35.430542
1787054435912,35.430542
1787054436070,35.430542
1787054436233,35.430542
1787054436396,35.430542
1787054436551,35.430542
1787054436706,35.384731
1787054436872,35.384731
1787054437043,35.384731
1787054437202,35.384731
1787054437371,35.384731
1787054437532,35.384731
1787054437690,35.384731
1787054437853,35.692296
1787054438030,35.692296
1787054438198,35.692296
1787054438361,35.692296
1787054438532,35.692296
1787054438690,35.692296
1787054438859,35.508955
1787054439023,35.508955
1787054439195,35.508955
1787054439357,35.508955
1787054439514,35.508955
1787054439673,35.508955
1787054439834,35.263089
1787054440005,35.263089
1787054440164,35.263089
1787054440335,35.263089
1787054440498,35.263089
1787054440655,35.263089
1787054440818,35.596020
1787054440986,35.596020
1787054441139,35.596020
1787054441306,35.596020
1787054441470,35.596020
1787054441630,35.596020
1787054441790,35.596020
1787054441954,35.523645
1787054442114,35.523645
1787054442277,35.523645
1787054442441,35.523645
1787054442617,35.523645
1787054442780,35.523645
1787054442943,35.532064
1787054443097,35.532064
1787054443258,35.532064
1787054443423,35.532064
1787054443583,35.532064
1787054443753,35.532064
1787054443908,35.532064
1787054444073,35.529259
1787054444229,35.529259
1787054444393,35.529259
1787054444552,35.529259
1787054444714,35.529259
1787054444885,35.529259
1787054445044,35.563694
1787054445210,35.563694
1787054445364,35.563694
1787054445523,35.563694
1787054445679,35.563694
1787054445843,35.563694
1787054446017,35.563694
1787054446180,35.611979
1787054446342,35.611979
1787054446505,35.611979
1787054446666,35.611979
1787054446828,35.611979
1787054446984,35.611979
1787054447159,35.742054
1787054447320,35.742054
1787054447489,35.742054
1787054447646,35.742054
1787054447808,35.742054
1787054458010,34.666313
1787054458167,34.666313
1787054458325,34.666313
1787054458485,34.666313
1787054458639,34.666313
1787054458801,34.666313
1787054458967,34.301826
1787054459144,34.301826
1787054459305,34.301826
1787054459466,34.301826
1787054459622,34.301826
1787054459780,34.301826
1787054459944,34.301826
1787054460105,34.615566
1787054460271,34.615566
1787054460426,34.615566
1787054460578,34.615566
1787054460731,34.615566
1787054460889,34.615566
1787054461048,34.615566
1787054461214,34.983948
1787054461380,34.983948
1787054461533,34.983948
1787054461694,34.983948
1787054461853,34.983948
1787054462027,34.983948
1787054462194,34.847333
1787054462368,34.847333
1787054462525,34.847333
1787054462692,34.847333
1787054462859,34.847333
1787054463029,34.847333
1787054463195,34.273012
1787054463353,34.273012
1787054463521,34.273012
1787054463680,34.273012
1787054463838,34.273012
1787054463994,34.273012
1787054464160,34.273012
1787054464330,34.538050
1787054464490,34.538050
1787054464662,34.538050
1787054464817,34.538050
1787054464971,34.538050
1787054465131,34.538050
1787054465297,34.027265
1787054465463,34.027265
1787054465625,34.027265
1787054465804,34.027265
1787054465967,34.027265
1787054466135,34.027265
1787054466297,34.791223
1787054466463,34.791223
1787054466626,34.791223
1787054466798,34.791223
1787054466958,34.791223
1787054467120,34.791223
1787054467284,34.791223
1787054467454,34.547048
1787054467619,34.547048
1787054467772,34.547048
1787054467947,34.547048
1787054468104,34.547048
1787054468266,34.547048
1787054468433,34.291200
1787054468605,34.291200
1787054468770,34.291200
1787054468945,34.291200
1787054469109,34.291200
1787054469280,34.291200
1787054469444,35.502313
1787054469609,35.502313
1787054469769,35.502313
1787054469948,35.502313
1787054470112,35.502313
1787054470273,35.502313
1787054470432,35.435778
1787054470589,35.435778
1787054470749,35.435778
1787054470922,35.435778
1787054471103,35.435778
1787054471278,35.435778
1787054471444,35.478793
1787054471608,35.478793
1787054471769,35.478793
1787054471944,35.478793
1787054472116,35.478793
1787054472280,35.478793
1787054472443,35.396130
1787054472604,35.396130
1787054472765,35.396130
1787054472928,35.396130
1787054473104,35.396130
1787054473275,35.396130
1787054473450,35.498204
1787054473616,35.498204
1787054473772,35.498204
1787054473937,35.498204
1787054474096,35.498204
1787054474277,35.498204
1787054474440,35.366064
1787054474605,35.366064
1787054474763,35.366064
1787054474934,35.366064
1787054475096,35.366064
1787054475268,35.366064
1787054475422,35.366064
1787054475590,35.523086
1787054475757,35.523086
1787054475915,35.523086
1787054476073,35.523086
1787054476228,35.523086
1787054476392,35.523086
1787054476549,35.548467
1787054476718,35.548467
1787054476877,35.548467
1787054477033,35.548467
1787054477189,35.548467
1787054477346,35.548467
1787054477520,35.548467
1787054477686,35.275131
1787054477849,35.275131
1787054478014,35.275131
1787054478169,35.275131
1787054478325,35.275131
1787054478476,35.275131
1787054478651,35.347494
1787054478810,35.347494
1787054478973,35.347494
1787054479133,35.347494
1787054479297,35.347494
1787054479451,35.347494
1787054479613,35.347494
1787054479777,35.714694
1787054479933,35.714694
1787054480087,35.714694
1787054480241,35.714694
1787054480399,35.714694
1787054480562,35.714694
1787054480722,35.358314
1787054480890,35.358314
1787054481054,35.358314
1787054481211,35.358314
1787054481368,35.358314
1787054481528,35.358314
1787054481686,35.358314
1787054481847,35.616834
1787054482019,35.616834
1787054482183,35.616834
1787054482344,35.616834
1787054482507,35.616834
1787054482658,35.616834
1787054482817,35.514792
1787054482974,35.514792
1787054483145,35.514792
1787054483303,35.514792
1787054483458,35.514792
1787054483611,35.514792
1787054483771,35.514792
1787054483925,35.144348
1787054484082,35.144348
1787054484255,35.144348
1787054484417,35.144348
1787054484581,35.144348
1787054484735,35.144348
1787054484899,34.373256
1787054485058,34.373256
1787054485215,34.373256
1787054485386,34.373256
1787054485544,34.373256
1787054485705,34.373256
1787054485865,34.373256
1787054486018,34.912083
1787054486180,34.912083
1787054486341,34.912083
1787054486503,34.912083
1787054486654,34.912083
1787054486811,34.912083
1787054486968,34.912083
1787054487126,34.338249
1787054487285,34.338249
1787054487449,34.338249
1787054487616,34.338249
1787054487776,34.338249
1787054487930,34.338249
1787054488090,34.353414
1787054488245,34.353414
1787054488402,34.353414
1787054488555,34.353414
1787054488726,34.353414
1787054488880,34.353414
1787054489040,34.353414
1787054489202,34.552756
1787054489366,34.552756
1787054489524,34.552756
1787054489685,34.552756
1787054489856,34.552756
1787054490013,34.552756
1787054490171,34.356117
1787054490329,34.356117
1787054490487,34.356117
1787054490640,34.356117
1787054490796,34.356117
1787054490964,34.356117
1787054491127,34.356117
1787054491289,34.210183
1787054491448,34.210183
1787054491602,34.210183
1787054491761,34.210183
1787054491911,34.210183
1787054492079,34.210183
1787054492236,34.210183
1787054492398,34.332920
1787054492562,34.332920
1787054492724,34.332920
1787054492888,34.332920
1787054493044,34.332920
1787054493217,34.332920
1787054493377,34.924815
1787054493538,34.924815
1787054493700,34.924815
1787054493858,34.924815
1787054494017,34.924815
1787054494177,34.924815
1787054494343,34.924815
1787054494498,34.369812
1787054494653,34.369812
1787054494812,34.369812
1787054494973,34.369812
1787054495124,34.369812
1787054495283,34.369812
1787054495459,34.058005
1787054495622,34.058005
1787054495788,34.058005
1787054495948,34.058005
1787054496108,34.058005
1787054496270,34.058005
1787054496440,34.058005
1787054496602,34.176747
1787054496766,34.176747
1787054496927,34.176747
1787054497089,34.176747
1787054497242,34.176747
1787054497400,34.176747
1787054497574,34.610208
1787054497732,34.610208
1787054497892,34.610208
1787054498053,34.610208
1787054498211,34.610208
1787054498375,34.610208
1787054498536,34.610208
1787054498706,34.825795
1787054498864,34.825795
1787054499025,34.825795
1787054499182,34.825795
1787054499345,34.825795
1787054499499,34.825795
1787054499654,34.615836
1787054499824,34.615836
1787054499986,34.615836
1787054500141,34.615836
1787054500300,34.615836
1787054500461,34.615836
1787054500619,34.615836
1787054500779,34.882756
1787054500950,34.882756
1787054501104,34.882756
1787054501269,34.882756
1787054501432,34.882756
1787054501596,34.882756
1787054501761,34.574742
1787054501927,34.574742
1787054502091,34.574742
1787054502250,34.574742
1787054502409,34.574742
1787054502574,34.574742
1787054502740,34.574742
1787054502898,34.270348
1787054503070,34.270348
1787054503231,34.270348
1787054503393,34.270348
1787054503555,34.270348
1787054503721,34.270348
1787054503887,35.615856
1787054504070,35.615856
1787054504231,35.615856
1787054504386,35.615856
1787054504545,35.615856
1787054504713,35.615856
1787054504869,35.412276
1787054505033,35.412276
1787054505207,35.412276
1787054505365,35.412276
1787054505520,35.412276
1787054505681,35.412276
1787054505841,35.412276
1787054506001,35.409638
1787054506158,35.409638
1787054506326,35.409638
1787054506488,35.409638
1787054506648,35.409638
1787054506805,35.409638
1787054506965,35.527675
1787054507121,35.527675
1787054507280,35.527675
1787054507455,35.527675
1787054507622,35.527675
1787054507786,35.527675
1787054507953,35.527675
1787054508107,35.444846
1787054508270,35.444846
1787054508429,35.444846
1787054508605,35.444846
1787054508768,35.444846
1787054508925,35.444846
1787054509085,35.390748
1787054509250,35.390748
1787054509412,35.390748
1787054509573,35.390748
1787054509750,35.390748
1787054509913,35.390748
1787054510070,35.417960
1787054510235,35.417960
1787054510396,35.417960
1787054510551,35.417960
1787054510735,35.417960
1787054510902,35.417960
1787054511062,35.417960
1787054511225,35.494196
1787054511389,35.494196
1787054511557,35.494196
1787054511717,35.494196
1787054511895,35.494196
1787054512058,35.494196
1787054512221,35.530134
1787054512383,35.530134
1787054512540,35.530134
1787054512699,35.530134
1787054512856,35.530134
1787054513026,35.530134
1787054513192,35.502645
1787054513354,35.502645
1787054513525,35.502645
1787054513697,35.502645
1787054513856,35.502645
1787054514023,35.502645
1787054514177,35.502645
1787054514353,35.491938
1787054514516,35.491938
1787054514681,35.491938
1787054514843,35.491938
1787054515018,35.491938
1787054515180,35.491938
1787054515350,35.616012
1787054515513,35.616012
1787054515685,35.616012
1787054515848,35.616012
1787054516007,35.616012
1787054516179,35.616012
1787054516337,35.564361
1787054516499,35.564361
1787054516659,35.564361
1787054516824,35.564361
1787054516985,35.564361
1787054517159,35.564361
1787054517328,35.517964
1787054517489,35.517964
1787054517650,35.517964
1787054517819,35.517964
1787054517983,35.517964
1787054518138,35.517964
1787054518318,35.566325
1787054518482,35.566325
1787054518652,35.566325
1787054518813,35.566325
1787054518974,35.566325
1787054519133,35.566325
1787054519309,35.566325
1787054519469,34.407583
1787054519632,34.407583
1787054519797,34.407583
1787054519954,34.407583
1787054520120,34.407583
1787054520285,34.407583
1787054520452,34.306332
1787054520613,34.306332
1787054520769,34.306332
1787054520927,34.306332
1787054521089,34.306332
1787054521244,34.306332
1787054521403,34.306332
1787054521662,34.295620
1787054521831,34.295620
1787054521991,34.295620
1787054522159,34.295620
1787054522332,34.295620
1787054522496,34.295620
1787054522665,34.701838
1787054522821,34.701838
1787054522979,34.701838
1787054523135,34.701838
1787054523292,34.701838
1787054523451,34.701838
1787054523610,34.701838
1787054523849,34.491716
1787054524008,34.491716
1787054524167,34.491716
1787054524319,34.491716
1787054524477,34.491716
1787054524636,34.491716
1787054524803,34.336968
1787054524973,34.336968
1787054525130,34.336968
1787054525289,34.336968
1787054525448,34.336968
1787054525608,34.336968
1787054525767,34.336968
1787054525927,34.551483
1787054526093,34.551483
1787054526246,34.551483
1787054526404,34.551483
1787054526554,34.551483
1787054526707,34.551483
1787054526865,34.551483
1787054527024,34.405944
1787054527186,34.405944
1787054527348,34.405944
1787054527510,34.405944
1787054527672,34.405944
1787054527840,34.405944
1787054528002,34.109022
1787054528178,34.109022
1787054528344,34.109022
1787054528503,34.109022
1787054528668,34.109022
1787054528832,34.109022
1787054528996,34.600125
1787054529154,34.600125
1787054529325,34.600125
1787054529482,34.600125
1787054529630,34.600125
1787054529786,34.600125
1787054529939,34.600125
1787054530102,34.469690
1787054530257,34.469690
1787054530430,34.469690
1787054530589,34.469690
1787054530744,34.469690
1787054530900,34.469690
1787054531052,34.469690
1787054531211,34.420786
1787054531371,34.420786
1787054531545,34.420786
1787054531700,34.420786
1787054531859,34.420786
1787054532017,34.420786
1787054532172,34.230800
1787054532332,34.230800
1787054532484,34.230800
1787054532660,34.230800
1787054532818,34.230800
1787054532975,34.230800
1787054533131,34.230800
1787054533290,34.466069
1787054533449,34.466069
1787054533613,34.466069
1787054533781,34.466069
1787054533941,34.466069
1787054534092,34.466069
1787054534246,34.536712
1787054534397,34.536712
1787054534559,34.536712
1787054534722,34.536712
1787054534884,34.536712
1787054535040,34.536712
1787054535199,34.536712
1787054535354,34.855482
1787054535513,34.855482
1787054535670,34.855482
1787054535827,34.855482
1787054535996,34.855482
1787054536154,34.855482
1787054536308,34.855482
1787054536470,34.481412
1787054536632,34.481412
1787054536800,34.481412
1787054536953,34.481412
1787054537124,34.481412
1787054537284,34.481412
1787054537444,34.391269
1787054537603,34.391269
1787054537768,34.391269
1787054537935,34.391269
1787054538109,34.391269
1787054538277,34.391269
1787054538441,34.479388
1787054538602,34.479388
1787054538756,34.479388
1787054538916,34.479388
1787054539083,34.479388
1787054539249,34.479388
1787054539418,34.479388
1787054539588,35.385600
1787054539755,35.385600
1787054539926,35.385600
1787054540086,35.385600
1787054540263,35.385600
1787054540421,35.385600
1787054540577,35.589302
1787054540734,35.589302
1787054540895,35.589302
1787054541059,35.589302
1787054541216,35.589302
1787054541396,35.589302
1787054541566,35.467308
1787054541728,35.467308
1787054541890,35.467308
1787054542056,35.467308
1787054542216,35.467308
1787054542387,35.467308
1787054542554,35.533176
1787054542714,35.533176
1787054542875,35.533176
1787054543030,35.533176
1787054543195,35.533176
1787054543363,35.533176
1787054543535,35.533176
1787054543697,35.488731
1787054543855,35.488731
1787054544020,35.488731
1787054544177,35.488731
1787054544337,35.488731
1787054544500,35.488731
1787054544676,35.512898
1787054544846,35.512898
1787054545011,35.512898
1787054545181,35.512898
1787054545341,35.512898
1787054545506,35.512898
1787054545686,35.645565
1787054545858,35.645565
1787054546019,35.645565
1787054546175,35.645565
1787054546339,35.645565
1787054546504,35.645565
1787054546664,35.645565
1787054546936,35.489198
1787054547098,35.489198
1787054547266,35.489198
1787054547423,35.489198
1787054547582,35.489198
1787054547737,35.489198
1787054547896,35.502425
1787054548077,35.502425
1787054548237,35.502425
1787054548401,35.502425
1787054548566,35.502425
1787054548717,35.502425
1787054548885,35.413408
1787054549068,35.413408
1787054549231,35.413408
1787054549395,35.413408
1787054549555,35.413408
1787054549708,35.413408
1787054549872,35.413408
1787054550035,35.623336
1787054550213,35.623336
1787054550374,35.623336
1787054550534,35.623336
1787054550697,35.623336
1787054550853,35.623336
1787054551013,35.440368
1787054551179,35.440368
1787054551351,35.440368
1787054551514,35.440368
1787054551674,35.440368
1787054551843,35.440368
1787054552003,35.414682
1787054552168,35.414682
1787054552342,35.414682
1787054552506,35.414682
1787054552662,35.414682
1787054552834,35.414682
1787054553000,35.443714
1787054553160,35.443714
1787054553320,35.443714
1787054553482,35.443714
1787054553644,35.443714
1787054553795,35.443714
1787054553960,35.443714
1787054554117,35.233985
1787054554272,35.233985
1787054554427,35.233985
1787054554596,35.233985
1787054554751,35.233985
1787054554908,35.233985
1787054555066,35.233985
1787054555212,34.429904
1787054555366,34.429904
1787054555509,34.429904
1787054555665,34.429904
1787054555821,34.429904
1787054555979,34.429904
1787054556133,34.429904
1787054556293,34.351206
1787054556451,34.351206
1787054556607,34.351206
1787054556772,34.351206
1787054556926,34.351206
1787054557089,34.351206
1787054557245,34.351206
1787054557398,34.314250
1787054557557,34.314250
1787054557710,34.314250
1787054557870,34.314250
1787054558031,34.314250
1787054558187,34.314250
1787054558344,34.314250
1787054558508,34.492765
1787054558666,34.492765
1787054558823,34.492765
1787054558991,34.492765
1787054559142,34.492765
1787054559307,34.492765
1787054559465,34.702238
1787054559628,34.702238
1787054559788,34.702238
1787054559950,34.702238
1787054560120,34.702238
1787054560275,34.702238
1787054560432,34.702238
1787054560589,34.201493
1787054560750,34.201493
1787054560905,34.201493
1787054561062,34.201493
1787054561234,34.201493
1787054561392,34.201493
1787054561554,34.167022
1787054561714,34.167022
1787054561877,34.167022
1787054562041,34.167022
1787054562195,34.167022
1787054562363,34.167022
1787054562522,34.167022
1787054562681,34.120619
1787054562842,34.120619
1787054563000,34.120619
1787054563162,34.120619
1787054563316,34.120619
1787054563478,34.120619
1787054563638,34.318239
1787054563792,34.318239
1787054563950,34.318239
1787054564112,34.318239
1787054564274,34.318239
1787054564434,34.318239
1787054564600,34.318239
1787054564762,34.150304
1787054564922,34.150304
1787054565075,34.150304
1787054565237,34.150304
1787054565397,34.150304
1787054565559,34.150304
1787054565726,34.497920
1787054565883,34.497920
1787054566035,34.497920
1787054566191,34.497920
1787054566352,34.497920
1787054566509,34.497920
1787054566667,34.497920
1787054566834,34.294835
1787054566992,34.294835
1787054567152,34.294835
1787054567308,34.294835
1787054567468,34.294835
1787054567626,34.294835
1787054567786,34.898823
1787054567962,34.898823
1787054568129,34.898823
1787054568283,34.898823
1787054568445,34.898823
1787054568609,34.898823
1787054568768,34.898823
1787054568942,34.968346
1787054569097,34.968346
1787054569265,34.968346
1787054569415,34.968346
1787054569581,34.968346
1787054569734,34.968346
1787054569894,34.615300
1787054570062,34.615300
1787054570224,34.615300
1787054570389,34.615300
1787054570546,34.615300
1787054570715,34.615300
1787054570870,34.615300
1787054571033,34.455528
1787054571199,34.455528
1787054571364,34.455528
1787054571522,34.455528
1787054571683,34.455528
1787054571849,34.455528
1787054572006,34.398492
1787054572165,34.398492
1787054572338,34.398492
1787054572493,34.398492
1787054572652,34.398492
1787054572810,34.398492
1787054572969,34.398492
1787054573138,34.323488
1787054573300,34.323488
1787054573469,34.323488
1787054573643,34.323488
1787054573808,34.323488
1787054573970,34.323488
1787054574132,35.344254
1787054574293,35.344254
1787054574468,35.344254
1787054574634,35.344254
1787054574802,35.344254
1787054574962,35.344254
1787054575122,35.431977
1787054575284,35.431977
1787054575445,35.431977
1787054575625,35.431977
1787054575781,35.431977
1787054575942,35.431977
1787054576099,35.627273
1787054576265,35.627273
1787054576425,35.627273
1787054576592,35.627273
1787054576769,35.627273
1787054576929,35.627273
1787054577093,35.340454
1787054577257,35.340454
1787054577421,35.340454
1787054577589,35.340454
1787054577768,35.340454
1787054577926,35.340454
1787054578087,35.340454
1787054578245,35.590948
1787054578414,35.590948
1787054578576,35.590948
1787054578739,35.590948
1787054578912,35.590948
1787054579078,35.590948
1787054579245,35.661629
1787054579421,35.661629
1787054579586,35.661629
1787054579746,35.661629
1787054579923,35.661629
1787054580091,35.661629
1787054580253,35.529614
1787054580422,35.529614
1787054580596,35.529614
1787054580764,35.529614
1787054580941,35.529614
1787054581106,35.529614
1787054581266,35.538244
1787054581437,35.538244
1787054581602,35.538244
1787054581765,35.538244
1787054581937,35.538244
1787054582094,35.538244
1787054582265,35.441504
1787054582424,35.441504
1787054582589,35.441504
1787054582746,35.441504
1787054582906,35.441504
1787054583079,35.441504
1787054583255,35.156175
1787054583421,35.156175
1787054583587,35.156175
1787054583749,35.156175
1787054583920,35.156175
1787054584100,35.156175
1787054584264,35.441165
1787054584418,35.441165
1787054584587,35.441165
1787054584755,35.441165
1787054584913,35.441165
1787054585081,35.441165
1787054585242,35.414736
1787054585412,35.414736
1787054585574,35.414736
1787054585745,35.414736
1787054585903,35.414736
1787054586069,35.414736
1787054586239,35.687468
1787054586399,35.687468
1787054586557,35.687468
1787054586717,35.687468
1787054586879,35.687468
1787054587039,35.687468
1787054587207,35.687468
1787054587375,35.603960
1787054587543,35.603960
1787054587702,35.603960
1787054587855,35.603960
1787054588018,35.603960
1787054588178,35.603960
1787054588342,35.199225
1787054588511,35.199225
1787054588681,35.199225
1787054588840,35.199225
1787054588998,35.199225
1787054589155,35.199225
1787054589324,34.246564
1787054589483,34.246564
1787054589648,34.246564
1787054589815,34.246564
1787054589983,34.246564
1787054590151,34.246564
1787054590313,34.246564
1787054590481,34.616908
1787054590659,34.616908
1787054590824,34.616908
1787054590990,34.616908
1787054591152,34.616908
1787054591325,34.616908
1787054591488,34.854632
1787054591665,34.854632
1787054591825,34.854632
1787054591984,34.854632
1787054592148,34.854632
1787054592312,34.854632
1787054592476,34.482115
1787054592640,34.482115
1787054592814,34.482115
1787054592973,34.482115
1787054593134,34.482115
1787054593298,34.482115
1787054593465,34.238415
1787054593625,34.238415
1787054593778,34.238415
1787054593951,34.238415
1787054594118,34.238415
1787054594282,34.238415
1787054594448,34.404495
1787054594615,34.404495
1787054594781,34.404495
1787054594954,34.404495
1787054595114,34.404495
1787054595272,34.404495
1787054595438,34.404495
1787054595599,34.430361
1787054595762,34.430361
1787054595930,34.430361
1787054596097,34.430361
1787054596256,34.430361
1787054596422,34.430361
1787054596591,34.146315
1787054596760,34.146315
1787054596923,34.146315
1787054597094,34.146315
1787054597251,34.146315
1787054597414,34.146315
1787054597578,34.394675
1787054597735,34.394675
1787054597892,34.394675
1787054598052,34.394675
1787054598230,34.394675
1787054598389,34.394675
1787054598550,34.394675
1787054598707,34.397112
1787054598871,34.397112
1787054599040,34.397112
1787054599223,34.397112
1787054599389,34.397112
1787054599541,34.397112
1787054599708,34.480610
1787054599871,34.480610
1787054600034,34.480610
1787054600202,34.480610
1787054600378,34.480610
1787054600541,34.480610
1787054600705,34.109600
1787054600872,34.109600
1787054601030,34.109600
1787054601188,34.109600
1787054601345,34.109600
1787054601514,34.109600
1787054601669,34.030566
1787054601826,34.030566
1787054601988,34.030566
1787054602147,34.030566
1787054602315,34.030566
1787054602475,34.030566
1787054602643,34.030566
1787054602805,34.651344
1787054602975,34.651344
1787054603130,34.651344
1787054603293,34.651344
1787054603454,34.651344
1787054603636,34.651344
1787054603801,34.119775
1787054603958,34.119775
1787054604118,34.119775
1787054604277,34.119775
1787054604435,34.119775
1787054604595,34.119775
1787054604763,34.078720
1787054604915,34.078720
1787054605068,34.078720
1787054605236,34.078720
1787054605395,34.078720
1787054605556,34.078720
1787054605721,34.078720
1787054605889,34.167913
1787054606047,34.167913
1787054606205,34.167913
1787054606360,34.167913
1787054606518,34.167913
1787054606679,34.167913
1787054606837,34.329590
1787054607007,34.329590
1787054607167,34.329590
1787054607321,34.329590
1787054607483,34.329590
1787054607641,34.329590
1787054607801,34.329590
1787054607965,34.612838
1787054608130,34.612838
1787054608282,34.612838
1787054608439,34.612838
1787054608597,34.612838
1787054608754,34.612838
1787054608919,34.612838
1787054609080,35.787810
1787054609250,35.787810
1787054609411,35.787810
1787054609564,35.787810
1787054609727,35.787810
1787054609891,35.787810
1787054610057,35.498541
1787054610217,35.498541
1787054610390,35.498541
1787054610551,35.498541
1787054610715,35.498541
1787054610872,35.498541
1787054611041,35.295185
1787054611194,35.295185
1787054611361,35.295185
1787054611524,35.295185
1787054611682,35.295185
1787054611844,35.295185
1787054612005,35.295185
1787054612162,35.518487
1787054612323,35.518487
1787054612489,35.518487
1787054612657,35.518487
1787054612811,35.518487
1787054612969,35.518487
1787054613139,35.459692
1787054613298,35.459692
1787054613462,35.459692
1787054613613,35.459692
1787054613777,35.459692
1787054613944,35.459692
1787054614101,35.459692
1787054614260,35.447410
1787054614417,35.447410
1787054614571,35.447410
1787054614731,35.447410
1787054614901,35.447410
1787054615064,35.447410
1787054615222,35.507414
1787054615380,35.507414
1787054615545,35.507414
1787054615712,35.507414
1787054615886,35.507414
1787054616044,35.507414
1787054616205,35.507414
1787054616366,35.429546
1787054616526,35.429546
1787054616691,35.429546
1787054616851,35.429546
1787054617025,35.429546
1787054617188,35.429546
1787054617342,35.292225
1787054617501,35.292225
1787054617667,35.292225
1787054617828,35.292225
1787054617985,35.292225
1787054618164,35.292225
1787054618326,35.450395
1787054618481,35.450395
1787054618638,35.450395
1787054618795,35.450395
1787054618955,35.450395
1787054619121,35.450395
1787054619289,35.450395
1787054619440,35.653793
1787054619600,35.653793
1787054619763,35.653793
1787054619920,35.653793
1787054620079,35.653793
1787054620242,35.653793
1787054620413,35.512340
1787054620572,35.512340
1787054620740,35.512340
1787054620901,35.512340
1787054621059,35.512340
1787054621222,35.512340
1787054621379,35.512340
1787054621617,35.686125
1787054621770,35.686125
1787054621932,35.686125
1787054622088,35.686125
1787054622252,35.686125
1787054622415,35.686125
1787054622577,35.690554
1787054622743,35.690554
1787054622903,35.690554
1787054623063,35.690554
1787054623225,35.690554
1787054623386,35.690554
1787054623547,35.690554
1787054623705,34.763586
1787054623870,34.763586
1787054624030,34.763586
1787054624189,34.763586
1787054624346,34.763586
1787054624502,34.763586
1787054624661,34.305054
1787054624828,34.305054
1787054625000,34.305054
1787054625163,34.305054
1787054625325,34.305054
1787054625489,34.305054
1787054625650,34.305054
1787054625814,34.411763
1787054625991,34.411763
1787054626146,34.411763
1787054626307,34.411763
1787054626468,34.411763
1787054626630,34.411763
1787054626776,34.746694
1787054626943,34.746694
1787054627126,34.746694
1787054627292,34.746694
1787054627452,34.746694
1787054627608,34.746694
1787054627776,35.422874
1787054627938,35.422874
1787054628110,35.422874
1787054628266,35.422874
1787054628428,35.422874
1787054628589,35.422874
1787054628749,35.422874
1787054628910,34.510884
1787054629068,34.510884
1787054629238,34.510884
1787054629405,34.510884
1787054629572,34.510884
1787054629733,34.510884
1787054629897,34.638640
1787054630058,34.638640
1787054630240,34.638640
1787054630397,34.638640
1787054630565,34.638640
1787054630727,34.638640
1787054630891,34.606317
1787054631053,34.606317
1787054631209,34.606317
1787054631382,34.606317
1787054631545,34.606317
1787054631706,34.606317
1787054631865,34.606317
1787054632035,34.130768
1787054632198,34.130768
1787054632365,34.130768
1787054632522,34.130768
1787054632686,34.130768
1787054632852,34.130768
1787054633015,34.583803
1787054633178,34.583803
1787054633336,34.583803
1787054633507,34.583803
1787054633673,34.583803
1787054633834,34.583803
1787054633990,34.583803
1787054634151,34.571136
1787054634314,34.571136
1787054634477,34.571136
1787054634655,34.571136
1787054634816,34.571136
1787054634973,34.571136
1787054635138,34.014602
1787054635303,34.014602
1787054635467,34.014602
1787054635642,34.014602
1787054635807,34.014602
1787054635967,34.014602
1787054636127,34.771052
1787054636289,34.771052
1787054636451,34.771052
1787054636614,34.771052
1787054636787,34.771052
1787054636945,34.771052
1787054637108,34.771052
1787054637269,34.008048
1787054637435,34.008048
1787054637597,34.008048
1787054637756,34.008048
1787054637931,34.008048
1787054638090,34.008048
1787054638253,34.304403
1787054638424,34.304403
1787054638586,34.304403
1787054638749,34.304403
1787054638925,34.304403
1787054639089,34.304403
1787054639246,34.356116
1787054639402,34.356116
1787054639574,34.356116
1787054639746,34.356116
1787054639905,34.356116
1787054640073,34.356116
1787054640243,34.401798
1787054640399,34.401798
1787054640560,34.401798
1787054640719,34.401798
1787054640872,34.401798
1787054641033,34.401798
1787054641202,34.401798
1787054641368,34.267669
1787054641529,34.267669
1787054641691,34.267669
1787054641852,34.267669
1787054642014,34.267669
1787054642184,34.267669
1787054642342,34.413840
1787054642501,34.413840
1787054642653,34.413840
1787054642811,34.413840
1787054642987,34.413840
1787054643150,34.413840
1787054643316,34.413840
1787054643487,34.921469
1787054643648,34.921469
1787054643812,34.921469
1787054643973,34.921469
1787054644125,34.921469
1787054644300,34.921469
1787054644459,35.307229
1787054644625,35.307229
1787054644787,35.307229
1787054644950,35.307229
1787054645111,35.307229
1787054645269,35.307229
1787054645437,35.307229
1787054645612,35.527719
1787054645765,35.527719
1787054645930,35.527719
1787054646088,35.527719
1787054646250,35.527719
1787054646408,35.527719
1787054646582,35.537487
1787054646741,35.537487
1787054646901,35.537487
1787054647061,35.537487
1787054647216,35.537487
1787054647376,35.537487
1787054647531,35.537487
1787054647723,35.450052
1787054647883,35.450052
1787054648050,35.450052
1787054648209,35.450052
1787054648371,35.450052
1787054648530,35.450052
1787054648686,35.630242
1787054648853,35.630242
1787054649021,35.630242
1787054649180,35.630242
1787054649338,35.630242
1787054649505,35.630242
1787054649670,35.558295
1787054649845,35.558295
1787054650012,35.558295
1787054650172,35.558295
1787054650327,35.558295
1787054650481,35.558295
1787054650641,35.558295
1787054650801,35.600000
1787054650969,35.600000
1787054651124,35.600000
1787054651284,35.600000
1787054651449,35.600000
1787054651607,35.600000
1787054651771,35.448705
1787054651921,35.448705
1787054652090,35.448705
1787054652247,35.448705
1787054652412,35.448705
1787054652576,35.448705
1787054652735,35.448705
1787054652899,35.518622
1787054653059,35.518622
1787054653230,35.518622
1787054653389,35.518622
1787054653546,35.518622
1787054653702,35.518622
1787054653863,35.502286
1787054654020,35.502286
1787054654188,35.502286
1787054654361,35.502286
1787054654516,35.502286
1787054654681,35.502286
1787054654839,35.502286
1787054655004,35.575845
1787054655164,35.575845
1787054655325,35.575845
1787054655498,35.575845
1787054655647,35.575845
1787054655795,35.575845
1787054655956,35.575845
1787054656115,35.715762
1787054656280,35.715762
1787054656442,35.715762
1787054656610,35.715762
1787054656768,35.715762
1787054656917,35.715762
1787054657075,35.753909
1787054657235,35.753909
1787054657414,35.753909
1787054657583,35.753909
1787054657755,35.753909
1787054657911,35.753909
1787054658072,35.533918
1787054658230,35.533918
1787054658384,35.533918
1787054658542,35.533918
1787054658705,35.533918
1787054658865,35.533918
1787054659022,35.533918
1787054659177,34.296473
1787054659327,34.296473
1787054659487,34.296473
1787054659646,34.296473
1787054659800,34.296473
1787054659970,34.296473
1787054660129,34.296473
1787054660287,34.277118
1787054660445,34.277118
1787054660605,34.277118
1787054660759,34.277118
1787054660922,34.277118
1787054661087,34.277118
1787054661247,34.692144
1787054661399,34.692144
1787054661554,34.692144
1787054661709,34.692144
1787054661862,34.692144
1787054662017,34.692144
1787054662187,34.692144
1787054662340,34.633206
1787054662496,34.633206
1787054662652,34.633206
1787054662811,34.633206
1787054662962,34.633206
1787054663117,34.633206
1787054663288,34.633206
1787054663448,34.221145
1787054663604,34.221145
1787054663760,34.221145
1787054663909,34.221145
1787054664070,34.221145
1787054664229,34.221145
1787054664395,34.221145
1787054664554,34.244226
1787054664712,34.244226
1787054664871,34.244226
1787054665032,34.244226
1787054665182,34.244226
1787054665341,34.244226
1787054665512,34.110894
1787054665674,34.110894
1787054665827,34.110894
1787054665987,34.110894
1787054666139,34.110894
1787054666294,34.110894
1787054666459,34.110894
1787054666634,34.179317
1787054666790,34.179317
1787054666947,34.179317
1787054667106,34.179317
1787054667264,34.179317
1787054667415,34.179317
1787054667577,34.179317
1787054667898,33.989087
1787054668053,33.989087
1787054668216,33.989087
1787054668370,33.989087
1787054668533,33.989087
1787054668685,33.989087
1787054668842,34.472522
1787054669004,34.472522
1787054669166,34.472522
1787054669321,34.472522
1787054669482,34.472522
1787054669638,34.472522
1787054669793,34.472522
1787054669954,34.490401
1787054670123,34.490401
1787054670278,34.490401
1787054670438,34.490401
1787054670598,34.490401
1787054670763,34.490401
1787054670919,34.177910
1787054671081,34.177910
1787054671248,34.177910
1787054671403,34.177910
1787054671570,34.177910
1787054671730,34.177910
1787054671889,34.177910
1787054672047,34.087403
1787054672209,34.087403
1787054672382,34.087403
1787054672543,34.087403
1787054672696,34.087403
1787054672866,34.087403
1787054673031,34.163500
1787054673193,34.163500
1787054673347,34.163500
1787054673524,34.163500
1787054673694,34.163500
1787054673861,34.163500
1787054674021,34.314788
1787054674179,34.314788
1787054674346,34.314788
1787054674513,34.314788
1787054674671,34.314788
1787054674831,34.314788
1787054674990,34.314788
1787054675155,34.109630
1787054675315,34.109630
1787054675476,34.109630
1787054675645,34.109630
1787054675803,34.109630
1787054675963,34.109630
1787054676125,34.256252
1787054676285,34.256252
1787054676441,34.256252
1787054676598,34.256252
1787054676772,34.256252
1787054676929,34.256252
1787054677087,34.256252
1787054677248,34.284958
1787054677406,34.284958
1787054677563,34.284958
1787054677724,34.284958
1787054677896,34.284958
1787054678054,34.284958
1787054678219,34.978885
1787054678552,34.978885
Command: /home/x_thileeb/repos/ops-hls-batching-new/codegen_apps/tiling/poisson2d/u280_project/maxtile_8192_unalign_interleave_p7/hls/build/hw/poisson2d_host /home/x_thileeb/repos/ops-hls-batching-new/codegen_apps/tiling/poisson2d/u280_project/maxtile_8192_unalign_interleave_p7/hls/build/hw/poisson2d.xclbin -sizex=15000 -sizey=15000 -iters=1008 -piter=20 OPS_TILING OPS_TILESIZE_X=512
