

================================================================
== Synthesis Summary Report of 'kernel_outerloop_0_0'
================================================================
+ General Information: 
    * Date:           Thu Aug 13 05:36:15 2026
    * Version:        2022.2 (Build 3670227 on Oct 13 2022)
    * Project:        kernel_outerloop_0_0
    * Solution:       solution (Vitis Kernel Flow Target)
    * Product family: virtexuplus
    * Target device:  xcu280-fsvh2892-2L-e
    

+ Performance & Resource Estimates: 
    
    PS: '+' for module; 'o' for loop; '*' for dataflow
    +----------------------------------------------------------------------------+--------+-------+-----------+-----------+----------+-----------+-----------+----------+----------+----------+-------------+-------------+---------+
    |                                   Modules                                  |  Issue |       |  Latency  |  Latency  | Iteration|           |    Trip   |          |          |          |             |             |         |
    |                                   & Loops                                  |  Type  | Slack |  (cycles) |    (ns)   |  Latency |  Interval |   Count   | Pipelined|   BRAM   |    DSP   |      FF     |     LUT     |   URAM  |
    +----------------------------------------------------------------------------+--------+-------+-----------+-----------+----------+-----------+-----------+----------+----------+----------+-------------+-------------+---------+
    |+ kernel_outerloop_0_0                                                      |  Timing|  -0.00|          -|          -|         -|          -|          -|        no|  32 (~0%)|  521 (5%)|  168867 (6%)|  114313 (8%)|  32 (3%)|
    | o VITIS_LOOP_198_1                                                         |       -|   2.43|          -|          -|         -|          -|          -|        no|         -|         -|            -|            -|        -|
    |  o VITIS_LOOP_200_2                                                        |       -|   2.43|          -|          -|         -|          -|          -|        no|         -|         -|            -|            -|        -|
    |   + kernel_outerloop_0_dataflow_region*                                    |  Timing|  -0.00|          -|          -|         -|          -|          -|  dataflow|  32 (~0%)|  520 (5%)|  168284 (6%)|  113308 (8%)|  32 (3%)|
    |    + axis2stream_256u_s                                                    |       -|   1.18|  536862724|  1.789e+09|         -|  536862724|          -|        no|         -|         -|    294 (~0%)|    181 (~0%)|        -|
    |     + axis2stream_256u_Pipeline_VITIS_LOOP_7497_1                          |       -|   1.18|  536862722|  1.789e+09|         -|  536862722|          -|        no|         -|         -|    288 (~0%)|    114 (~0%)|        -|
    |      o VITIS_LOOP_7497_1                                                   |       -|   2.43|  536862720|  1.789e+09|         2|          1|  536862720|       yes|         -|         -|            -|            -|        -|
    |    + axis2stream_256u_1                                                    |       -|   1.18|  536862722|  1.789e+09|         -|  536862722|          -|        no|         -|         -|    288 (~0%)|    116 (~0%)|        -|
    |     o VITIS_LOOP_7497_1                                                    |       -|   2.43|  536862720|  1.789e+09|         2|          1|  536862720|       yes|         -|         -|            -|            -|        -|
    |    + axis2stream_256u_2                                                    |       -|   1.18|  536862722|  1.789e+09|         -|  536862722|          -|        no|         -|         -|    288 (~0%)|    116 (~0%)|        -|
    |     o VITIS_LOOP_7497_1                                                    |       -|   2.43|  536862720|  1.789e+09|         2|          1|  536862720|       yes|         -|         -|            -|            -|        -|
    |    + axis2stream_256u_3                                                    |       -|   1.18|  536862722|  1.789e+09|         -|  536862722|          -|        no|         -|         -|    288 (~0%)|    116 (~0%)|        -|
    |     o VITIS_LOOP_7497_1                                                    |       -|   2.43|  536862720|  1.789e+09|         2|          1|  536862720|       yes|         -|         -|            -|            -|        -|
    |    + axis2stream_256u_4                                                    |       -|   1.18|  536862722|  1.789e+09|         -|  536862722|          -|        no|         -|         -|    288 (~0%)|    116 (~0%)|        -|
    |     o VITIS_LOOP_7497_1                                                    |       -|   2.43|  536862720|  1.789e+09|         2|          1|  536862720|       yes|         -|         -|            -|            -|        -|
    |    + axis2stream_256u_5                                                    |       -|   1.18|  536862722|  1.789e+09|         -|  536862722|          -|        no|         -|         -|    288 (~0%)|    116 (~0%)|        -|
    |     o VITIS_LOOP_7497_1                                                    |       -|   2.43|  536862720|  1.789e+09|         2|          1|  536862720|       yes|         -|         -|            -|            -|        -|
    |    + axis2stream_256u_6                                                    |       -|   1.18|  536862722|  1.789e+09|         -|  536862722|          -|        no|         -|         -|    288 (~0%)|    116 (~0%)|        -|
    |     o VITIS_LOOP_7497_1                                                    |       -|   2.43|  536862720|  1.789e+09|         2|          1|  536862720|       yes|         -|         -|            -|            -|        -|
    |    + axis2stream_256u_7                                                    |       -|   1.18|  536862722|  1.789e+09|         -|  536862722|          -|        no|         -|         -|    288 (~0%)|    116 (~0%)|        -|
    |     o VITIS_LOOP_7497_1                                                    |       -|   2.43|  536862720|  1.789e+09|         2|          1|  536862720|       yes|         -|         -|            -|            -|        -|
    |    + stream2interleave                                                     |  Timing|  -0.00|          -|          -|         -|          -|          -|        no|         -|         -|   2406 (~0%)|    595 (~0%)|        -|
    |     + stream2interleave_Pipeline_VITIS_LOOP_1470_1                         |       -|   0.07|          -|          -|         -|          -|          -|        no|         -|         -|   2341 (~0%)|    356 (~0%)|        -|
    |      o VITIS_LOOP_1470_1                                                   |       -|   2.43|          -|          -|         2|          1|          -|       yes|         -|         -|            -|            -|        -|
    |       + register_it_ap_uint_256_s                                          |       -|   2.43|          0|      0.000|         -|          1|          -|       yes|         -|         -|            -|            -|        -|
    |       + register_it_ap_uint_256_s                                          |       -|   2.43|          0|      0.000|         -|          1|          -|       yes|         -|         -|            -|            -|        -|
    |       + register_it_ap_uint_256_s                                          |       -|   2.43|          0|      0.000|         -|          1|          -|       yes|         -|         -|            -|            -|        -|
    |       + register_it_ap_uint_256_s                                          |       -|   2.43|          0|      0.000|         -|          1|          -|       yes|         -|         -|            -|            -|        -|
    |       + register_it_ap_uint_256_s                                          |       -|   2.43|          0|      0.000|         -|          1|          -|       yes|         -|         -|            -|            -|        -|
    |       + register_it_ap_uint_256_s                                          |       -|   2.43|          0|      0.000|         -|          1|          -|       yes|         -|         -|            -|            -|        -|
    |       + register_it_ap_uint_256_s                                          |       -|   2.43|          0|      0.000|         -|          1|          -|       yes|         -|         -|            -|            -|        -|
    |       + register_it_ap_uint_256_s                                          |       -|   2.43|          0|      0.000|         -|          1|          -|       yes|         -|         -|            -|            -|        -|
    |    + entry_proc                                                            |       -|   1.21|          0|      0.000|         -|          0|          -|        no|         -|         -|      3 (~0%)|    236 (~0%)|        -|
    |    + kernel_poisson_kernel_stencil_PE_unsigned_short_4_unsigned_short_0_s  |       -|   0.09|          -|          -|         -|          -|          -|        no|   8 (~0%)|  130 (1%)|   33308 (1%)|   23374 (1%)|  8 (~0%)|
    |     + stencilRun_3                                                         |       -|   0.09|          -|          -|         -|          -|          -|        no|   8 (~0%)|  130 (1%)|   33227 (1%)|   23259 (1%)|  8 (~0%)|
    |      + stencilRun_3_Pipeline_VITIS_LOOP_239_1                              |       -|   0.09|          -|          -|         -|          -|          -|        no|         -|  128 (1%)|   33098 (1%)|   23085 (1%)|        -|
    |       o VITIS_LOOP_239_1                                                   |       -|   2.43|          -|          -|        28|          1|          -|       yes|         -|         -|            -|            -|        -|
    |        + generic_ldexp_float_s                                             |       -|   0.65|          0|      0.000|         -|          1|          -|       yes|         -|         -|            -|    183 (~0%)|        -|
    |        + generic_ldexp_float_s                                             |       -|   0.65|          0|      0.000|         -|          1|          -|       yes|         -|         -|            -|    183 (~0%)|        -|
    |        + generic_ldexp_float_s                                             |       -|   0.65|          0|      0.000|         -|          1|          -|       yes|         -|         -|            -|    183 (~0%)|        -|
    |        + generic_ldexp_float_s                                             |       -|   0.65|          0|      0.000|         -|          1|          -|       yes|         -|         -|            -|    183 (~0%)|        -|
    |        + generic_ldexp_float_s                                             |       -|   0.65|          0|      0.000|         -|          1|          -|       yes|         -|         -|            -|    183 (~0%)|        -|
    |        + generic_ldexp_float_s                                             |       -|   0.65|          0|      0.000|         -|          1|          -|       yes|         -|         -|            -|    183 (~0%)|        -|
    |        + generic_ldexp_float_s                                             |       -|   0.65|          0|      0.000|         -|          1|          -|       yes|         -|         -|            -|    183 (~0%)|        -|
    |        + generic_ldexp_float_s                                             |       -|   0.65|          0|      0.000|         -|          1|          -|       yes|         -|         -|            -|    183 (~0%)|        -|
    |        + generic_ldexp_float_s                                             |       -|   0.65|          0|      0.000|         -|          1|          -|       yes|         -|         -|            -|    183 (~0%)|        -|
    |        + generic_ldexp_float_s                                             |       -|   0.65|          0|      0.000|         -|          1|          -|       yes|         -|         -|            -|    183 (~0%)|        -|
    |        + generic_ldexp_float_s                                             |       -|   0.65|          0|      0.000|         -|          1|          -|       yes|         -|         -|            -|    183 (~0%)|        -|
    |        + generic_ldexp_float_s                                             |       -|   0.65|          0|      0.000|         -|          1|          -|       yes|         -|         -|            -|    183 (~0%)|        -|
    |        + generic_ldexp_float_s                                             |       -|   0.65|          0|      0.000|         -|          1|          -|       yes|         -|         -|            -|    183 (~0%)|        -|
    |        + generic_ldexp_float_s                                             |       -|   0.65|          0|      0.000|         -|          1|          -|       yes|         -|         -|            -|    183 (~0%)|        -|
    |        + generic_ldexp_float_s                                             |       -|   0.65|          0|      0.000|         -|          1|          -|       yes|         -|         -|            -|    183 (~0%)|        -|
    |        + generic_ldexp_float_s                                             |       -|   0.65|          0|      0.000|         -|          1|          -|       yes|         -|         -|            -|    183 (~0%)|        -|
    |        + generic_ldexp_float_s                                             |       -|   0.65|          0|      0.000|         -|          1|          -|       yes|         -|         -|            -|    183 (~0%)|        -|
    |        + generic_ldexp_float_s                                             |       -|   0.65|          0|      0.000|         -|          1|          -|       yes|         -|         -|            -|    183 (~0%)|        -|
    |        + generic_ldexp_float_s                                             |       -|   0.65|          0|      0.000|         -|          1|          -|       yes|         -|         -|            -|    183 (~0%)|        -|
    |        + generic_ldexp_float_s                                             |       -|   0.65|          0|      0.000|         -|          1|          -|       yes|         -|         -|            -|    183 (~0%)|        -|
    |        + generic_ldexp_float_s                                             |       -|   0.65|          0|      0.000|         -|          1|          -|       yes|         -|         -|            -|    183 (~0%)|        -|
    |        + generic_ldexp_float_s                                             |       -|   0.65|          0|      0.000|         -|          1|          -|       yes|         -|         -|            -|    183 (~0%)|        -|
    |        + generic_ldexp_float_s                                             |       -|   0.65|          0|      0.000|         -|          1|          -|       yes|         -|         -|            -|    183 (~0%)|        -|
    |        + generic_ldexp_float_s                                             |       -|   0.65|          0|      0.000|         -|          1|          -|       yes|         -|         -|            -|    183 (~0%)|        -|
    |        + generic_ldexp_float_s                                             |       -|   0.65|          0|      0.000|         -|          1|          -|       yes|         -|         -|            -|    183 (~0%)|        -|
    |        + generic_ldexp_float_s                                             |       -|   0.65|          0|      0.000|         -|          1|          -|       yes|         -|         -|            -|    183 (~0%)|        -|
    |        + generic_ldexp_float_s                                             |       -|   0.65|          0|      0.000|         -|          1|          -|       yes|         -|         -|            -|    183 (~0%)|        -|
    |        + generic_ldexp_float_s                                             |       -|   0.65|          0|      0.000|         -|          1|          -|       yes|         -|         -|            -|    183 (~0%)|        -|
    |        + generic_ldexp_float_s                                             |       -|   0.65|          0|      0.000|         -|          1|          -|       yes|         -|         -|            -|    183 (~0%)|        -|
    |        + generic_ldexp_float_s                                             |       -|   0.65|          0|      0.000|         -|          1|          -|       yes|         -|         -|            -|    183 (~0%)|        -|
    |        + generic_ldexp_float_s                                             |       -|   0.65|          0|      0.000|         -|          1|          -|       yes|         -|         -|            -|    183 (~0%)|        -|
    |        + generic_ldexp_float_s                                             |       -|   0.65|          0|      0.000|         -|          1|          -|       yes|         -|         -|            -|    183 (~0%)|        -|
    |    + kernel_poisson_kernel_stencil_PE_unsigned_short_4_unsigned_short_1_s  |       -|   0.09|          -|          -|         -|          -|          -|        no|   8 (~0%)|  130 (1%)|   33308 (1%)|   23390 (1%)|  8 (~0%)|
    |     + stencilRun_2                                                         |       -|   0.09|          -|          -|         -|          -|          -|        no|   8 (~0%)|  130 (1%)|   33227 (1%)|   23275 (1%)|  8 (~0%)|
    |      + stencilRun_2_Pipeline_VITIS_LOOP_239_1                              |       -|   0.09|          -|          -|         -|          -|          -|        no|         -|  128 (1%)|   33098 (1%)|   23101 (1%)|        -|
    |       o VITIS_LOOP_239_1                                                   |       -|   2.43|          -|          -|        28|          1|          -|       yes|         -|         -|            -|            -|        -|
    |        + generic_ldexp_float_s                                             |       -|   0.65|          0|      0.000|         -|          1|          -|       yes|         -|         -|            -|    183 (~0%)|        -|
    |        + generic_ldexp_float_s                                             |       -|   0.65|          0|      0.000|         -|          1|          -|       yes|         -|         -|            -|    183 (~0%)|        -|
    |        + generic_ldexp_float_s                                             |       -|   0.65|          0|      0.000|         -|          1|          -|       yes|         -|         -|            -|    183 (~0%)|        -|
    |        + generic_ldexp_float_s                                             |       -|   0.65|          0|      0.000|         -|          1|          -|       yes|         -|         -|            -|    183 (~0%)|        -|
    |        + generic_ldexp_float_s                                             |       -|   0.65|          0|      0.000|         -|          1|          -|       yes|         -|         -|            -|    183 (~0%)|        -|
    |        + generic_ldexp_float_s                                             |       -|   0.65|          0|      0.000|         -|          1|          -|       yes|         -|         -|            -|    183 (~0%)|        -|
    |        + generic_ldexp_float_s                                             |       -|   0.65|          0|      0.000|         -|          1|          -|       yes|         -|         -|            -|    183 (~0%)|        -|
    |        + generic_ldexp_float_s                                             |       -|   0.65|          0|      0.000|         -|          1|          -|       yes|         -|         -|            -|    183 (~0%)|        -|
    |        + generic_ldexp_float_s                                             |       -|   0.65|          0|      0.000|         -|          1|          -|       yes|         -|         -|            -|    183 (~0%)|        -|
    |        + generic_ldexp_float_s                                             |       -|   0.65|          0|      0.000|         -|          1|          -|       yes|         -|         -|            -|    183 (~0%)|        -|
    |        + generic_ldexp_float_s                                             |       -|   0.65|          0|      0.000|         -|          1|          -|       yes|         -|         -|            -|    183 (~0%)|        -|
    |        + generic_ldexp_float_s                                             |       -|   0.65|          0|      0.000|         -|          1|          -|       yes|         -|         -|            -|    183 (~0%)|        -|
    |        + generic_ldexp_float_s                                             |       -|   0.65|          0|      0.000|         -|          1|          -|       yes|         -|         -|            -|    183 (~0%)|        -|
    |        + generic_ldexp_float_s                                             |       -|   0.65|          0|      0.000|         -|          1|          -|       yes|         -|         -|            -|    183 (~0%)|        -|
    |        + generic_ldexp_float_s                                             |       -|   0.65|          0|      0.000|         -|          1|          -|       yes|         -|         -|            -|    183 (~0%)|        -|
    |        + generic_ldexp_float_s                                             |       -|   0.65|          0|      0.000|         -|          1|          -|       yes|         -|         -|            -|    183 (~0%)|        -|
    |        + generic_ldexp_float_s                                             |       -|   0.65|          0|      0.000|         -|          1|          -|       yes|         -|         -|            -|    183 (~0%)|        -|
    |        + generic_ldexp_float_s                                             |       -|   0.65|          0|      0.000|         -|          1|          -|       yes|         -|         -|            -|    183 (~0%)|        -|
    |        + generic_ldexp_float_s                                             |       -|   0.65|          0|      0.000|         -|          1|          -|       yes|         -|         -|            -|    183 (~0%)|        -|
    |        + generic_ldexp_float_s                                             |       -|   0.65|          0|      0.000|         -|          1|          -|       yes|         -|         -|            -|    183 (~0%)|        -|
    |        + generic_ldexp_float_s                                             |       -|   0.65|          0|      0.000|         -|          1|          -|       yes|         -|         -|            -|    183 (~0%)|        -|
    |        + generic_ldexp_float_s                                             |       -|   0.65|          0|      0.000|         -|          1|          -|       yes|         -|         -|            -|    183 (~0%)|        -|
    |        + generic_ldexp_float_s                                             |       -|   0.65|          0|      0.000|         -|          1|          -|       yes|         -|         -|            -|    183 (~0%)|        -|
    |        + generic_ldexp_float_s                                             |       -|   0.65|          0|      0.000|         -|          1|          -|       yes|         -|         -|            -|    183 (~0%)|        -|
    |        + generic_ldexp_float_s                                             |       -|   0.65|          0|      0.000|         -|          1|          -|       yes|         -|         -|            -|    183 (~0%)|        -|
    |        + generic_ldexp_float_s                                             |       -|   0.65|          0|      0.000|         -|          1|          -|       yes|         -|         -|            -|    183 (~0%)|        -|
    |        + generic_ldexp_float_s                                             |       -|   0.65|          0|      0.000|         -|          1|          -|       yes|         -|         -|            -|    183 (~0%)|        -|
    |        + generic_ldexp_float_s                                             |       -|   0.65|          0|      0.000|         -|          1|          -|       yes|         -|         -|            -|    183 (~0%)|        -|
    |        + generic_ldexp_float_s                                             |       -|   0.65|          0|      0.000|         -|          1|          -|       yes|         -|         -|            -|    183 (~0%)|        -|
    |        + generic_ldexp_float_s                                             |       -|   0.65|          0|      0.000|         -|          1|          -|       yes|         -|         -|            -|    183 (~0%)|        -|
    |        + generic_ldexp_float_s                                             |       -|   0.65|          0|      0.000|         -|          1|          -|       yes|         -|         -|            -|    183 (~0%)|        -|
    |        + generic_ldexp_float_s                                             |       -|   0.65|          0|      0.000|         -|          1|          -|       yes|         -|         -|            -|    183 (~0%)|        -|
    |    + kernel_poisson_kernel_stencil_PE_unsigned_short_4_unsigned_short_2_s  |       -|   0.09|          -|          -|         -|          -|          -|        no|   8 (~0%)|  130 (1%)|   33308 (1%)|   23390 (1%)|  8 (~0%)|
    |     + stencilRun_1                                                         |       -|   0.09|          -|          -|         -|          -|          -|        no|   8 (~0%)|  130 (1%)|   33227 (1%)|   23275 (1%)|  8 (~0%)|
    |      + stencilRun_1_Pipeline_VITIS_LOOP_239_1                              |       -|   0.09|          -|          -|         -|          -|          -|        no|         -|  128 (1%)|   33098 (1%)|   23101 (1%)|        -|
    |       o VITIS_LOOP_239_1                                                   |       -|   2.43|          -|          -|        28|          1|          -|       yes|         -|         -|            -|            -|        -|
    |        + generic_ldexp_float_s                                             |       -|   0.65|          0|      0.000|         -|          1|          -|       yes|         -|         -|            -|    183 (~0%)|        -|
    |        + generic_ldexp_float_s                                             |       -|   0.65|          0|      0.000|         -|          1|          -|       yes|         -|         -|            -|    183 (~0%)|        -|
    |        + generic_ldexp_float_s                                             |       -|   0.65|          0|      0.000|         -|          1|          -|       yes|         -|         -|            -|    183 (~0%)|        -|
    |        + generic_ldexp_float_s                                             |       -|   0.65|          0|      0.000|         -|          1|          -|       yes|         -|         -|            -|    183 (~0%)|        -|
    |        + generic_ldexp_float_s                                             |       -|   0.65|          0|      0.000|         -|          1|          -|       yes|         -|         -|            -|    183 (~0%)|        -|
    |        + generic_ldexp_float_s                                             |       -|   0.65|          0|      0.000|         -|          1|          -|       yes|         -|         -|            -|    183 (~0%)|        -|
    |        + generic_ldexp_float_s                                             |       -|   0.65|          0|      0.000|         -|          1|          -|       yes|         -|         -|            -|    183 (~0%)|        -|
    |        + generic_ldexp_float_s                                             |       -|   0.65|          0|      0.000|         -|          1|          -|       yes|         -|         -|            -|    183 (~0%)|        -|
    |        + generic_ldexp_float_s                                             |       -|   0.65|          0|      0.000|         -|          1|          -|       yes|         -|         -|            -|    183 (~0%)|        -|
    |        + generic_ldexp_float_s                                             |       -|   0.65|          0|      0.000|         -|          1|          -|       yes|         -|         -|            -|    183 (~0%)|        -|
    |        + generic_ldexp_float_s                                             |       -|   0.65|          0|      0.000|         -|          1|          -|       yes|         -|         -|            -|    183 (~0%)|        -|
    |        + generic_ldexp_float_s                                             |       -|   0.65|          0|      0.000|         -|          1|          -|       yes|         -|         -|            -|    183 (~0%)|        -|
    |        + generic_ldexp_float_s                                             |       -|   0.65|          0|      0.000|         -|          1|          -|       yes|         -|         -|            -|    183 (~0%)|        -|
    |        + generic_ldexp_float_s                                             |       -|   0.65|          0|      0.000|         -|          1|          -|       yes|         -|         -|            -|    183 (~0%)|        -|
    |        + generic_ldexp_float_s                                             |       -|   0.65|          0|      0.000|         -|          1|          -|       yes|         -|         -|            -|    183 (~0%)|        -|
    |        + generic_ldexp_float_s                                             |       -|   0.65|          0|      0.000|         -|          1|          -|       yes|         -|         -|            -|    183 (~0%)|        -|
    |        + generic_ldexp_float_s                                             |       -|   0.65|          0|      0.000|         -|          1|          -|       yes|         -|         -|            -|    183 (~0%)|        -|
    |        + generic_ldexp_float_s                                             |       -|   0.65|          0|      0.000|         -|          1|          -|       yes|         -|         -|            -|    183 (~0%)|        -|
    |        + generic_ldexp_float_s                                             |       -|   0.65|          0|      0.000|         -|          1|          -|       yes|         -|         -|            -|    183 (~0%)|        -|
    |        + generic_ldexp_float_s                                             |       -|   0.65|          0|      0.000|         -|          1|          -|       yes|         -|         -|            -|    183 (~0%)|        -|
    |        + generic_ldexp_float_s                                             |       -|   0.65|          0|      0.000|         -|          1|          -|       yes|         -|         -|            -|    183 (~0%)|        -|
    |        + generic_ldexp_float_s                                             |       -|   0.65|          0|      0.000|         -|          1|          -|       yes|         -|         -|            -|    183 (~0%)|        -|
    |        + generic_ldexp_float_s                                             |       -|   0.65|          0|      0.000|         -|          1|          -|       yes|         -|         -|            -|    183 (~0%)|        -|
    |        + generic_ldexp_float_s                                             |       -|   0.65|          0|      0.000|         -|          1|          -|       yes|         -|         -|            -|    183 (~0%)|        -|
    |        + generic_ldexp_float_s                                             |       -|   0.65|          0|      0.000|         -|          1|          -|       yes|         -|         -|            -|    183 (~0%)|        -|
    |        + generic_ldexp_float_s                                             |       -|   0.65|          0|      0.000|         -|          1|          -|       yes|         -|         -|            -|    183 (~0%)|        -|
    |        + generic_ldexp_float_s                                             |       -|   0.65|          0|      0.000|         -|          1|          -|       yes|         -|         -|            -|    183 (~0%)|        -|
    |        + generic_ldexp_float_s                                             |       -|   0.65|          0|      0.000|         -|          1|          -|       yes|         -|         -|            -|    183 (~0%)|        -|
    |        + generic_ldexp_float_s                                             |       -|   0.65|          0|      0.000|         -|          1|          -|       yes|         -|         -|            -|    183 (~0%)|        -|
    |        + generic_ldexp_float_s                                             |       -|   0.65|          0|      0.000|         -|          1|          -|       yes|         -|         -|            -|    183 (~0%)|        -|
    |        + generic_ldexp_float_s                                             |       -|   0.65|          0|      0.000|         -|          1|          -|       yes|         -|         -|            -|    183 (~0%)|        -|
    |        + generic_ldexp_float_s                                             |       -|   0.65|          0|      0.000|         -|          1|          -|       yes|         -|         -|            -|    183 (~0%)|        -|
    |    + kernel_poisson_kernel_stencil_PE_unsigned_short_4_unsigned_short_3_s  |       -|   0.09|          -|          -|         -|          -|          -|        no|   8 (~0%)|  130 (1%)|   33308 (1%)|   23390 (1%)|  8 (~0%)|
    |     + stencilRun                                                           |       -|   0.09|          -|          -|         -|          -|          -|        no|   8 (~0%)|  130 (1%)|   33227 (1%)|   23275 (1%)|  8 (~0%)|
    |      + stencilRun_Pipeline_VITIS_LOOP_239_1                                |       -|   0.09|          -|          -|         -|          -|          -|        no|         -|  128 (1%)|   33098 (1%)|   23101 (1%)|        -|
    |       o VITIS_LOOP_239_1                                                   |       -|   2.43|          -|          -|        28|          1|          -|       yes|         -|         -|            -|            -|        -|
    |        + generic_ldexp_float_s                                             |       -|   0.65|          0|      0.000|         -|          1|          -|       yes|         -|         -|            -|    183 (~0%)|        -|
    |        + generic_ldexp_float_s                                             |       -|   0.65|          0|      0.000|         -|          1|          -|       yes|         -|         -|            -|    183 (~0%)|        -|
    |        + generic_ldexp_float_s                                             |       -|   0.65|          0|      0.000|         -|          1|          -|       yes|         -|         -|            -|    183 (~0%)|        -|
    |        + generic_ldexp_float_s                                             |       -|   0.65|          0|      0.000|         -|          1|          -|       yes|         -|         -|            -|    183 (~0%)|        -|
    |        + generic_ldexp_float_s                                             |       -|   0.65|          0|      0.000|         -|          1|          -|       yes|         -|         -|            -|    183 (~0%)|        -|
    |        + generic_ldexp_float_s                                             |       -|   0.65|          0|      0.000|         -|          1|          -|       yes|         -|         -|            -|    183 (~0%)|        -|
    |        + generic_ldexp_float_s                                             |       -|   0.65|          0|      0.000|         -|          1|          -|       yes|         -|         -|            -|    183 (~0%)|        -|
    |        + generic_ldexp_float_s                                             |       -|   0.65|          0|      0.000|         -|          1|          -|       yes|         -|         -|            -|    183 (~0%)|        -|
    |        + generic_ldexp_float_s                                             |       -|   0.65|          0|      0.000|         -|          1|          -|       yes|         -|         -|            -|    183 (~0%)|        -|
    |        + generic_ldexp_float_s                                             |       -|   0.65|          0|      0.000|         -|          1|          -|       yes|         -|         -|            -|    183 (~0%)|        -|
    |        + generic_ldexp_float_s                                             |       -|   0.65|          0|      0.000|         -|          1|          -|       yes|         -|         -|            -|    183 (~0%)|        -|
    |        + generic_ldexp_float_s                                             |       -|   0.65|          0|      0.000|         -|          1|          -|       yes|         -|         -|            -|    183 (~0%)|        -|
    |        + generic_ldexp_float_s                                             |       -|   0.65|          0|      0.000|         -|          1|          -|       yes|         -|         -|            -|    183 (~0%)|        -|
    |        + generic_ldexp_float_s                                             |       -|   0.65|          0|      0.000|         -|          1|          -|       yes|         -|         -|            -|    183 (~0%)|        -|
    |        + generic_ldexp_float_s                                             |       -|   0.65|          0|      0.000|         -|          1|          -|       yes|         -|         -|            -|    183 (~0%)|        -|
    |        + generic_ldexp_float_s                                             |       -|   0.65|          0|      0.000|         -|          1|          -|       yes|         -|         -|            -|    183 (~0%)|        -|
    |        + generic_ldexp_float_s                                             |       -|   0.65|          0|      0.000|         -|          1|          -|       yes|         -|         -|            -|    183 (~0%)|        -|
    |        + generic_ldexp_float_s                                             |       -|   0.65|          0|      0.000|         -|          1|          -|       yes|         -|         -|            -|    183 (~0%)|        -|
    |        + generic_ldexp_float_s                                             |       -|   0.65|          0|      0.000|         -|          1|          -|       yes|         -|         -|            -|    183 (~0%)|        -|
    |        + generic_ldexp_float_s                                             |       -|   0.65|          0|      0.000|         -|          1|          -|       yes|         -|         -|            -|    183 (~0%)|        -|
    |        + generic_ldexp_float_s                                             |       -|   0.65|          0|      0.000|         -|          1|          -|       yes|         -|         -|            -|    183 (~0%)|        -|
    |        + generic_ldexp_float_s                                             |       -|   0.65|          0|      0.000|         -|          1|          -|       yes|         -|         -|            -|    183 (~0%)|        -|
    |        + generic_ldexp_float_s                                             |       -|   0.65|          0|      0.000|         -|          1|          -|       yes|         -|         -|            -|    183 (~0%)|        -|
    |        + generic_ldexp_float_s                                             |       -|   0.65|          0|      0.000|         -|          1|          -|       yes|         -|         -|            -|    183 (~0%)|        -|
    |        + generic_ldexp_float_s                                             |       -|   0.65|          0|      0.000|         -|          1|          -|       yes|         -|         -|            -|    183 (~0%)|        -|
    |        + generic_ldexp_float_s                                             |       -|   0.65|          0|      0.000|         -|          1|          -|       yes|         -|         -|            -|    183 (~0%)|        -|
    |        + generic_ldexp_float_s                                             |       -|   0.65|          0|      0.000|         -|          1|          -|       yes|         -|         -|            -|    183 (~0%)|        -|
    |        + generic_ldexp_float_s                                             |       -|   0.65|          0|      0.000|         -|          1|          -|       yes|         -|         -|            -|    183 (~0%)|        -|
    |        + generic_ldexp_float_s                                             |       -|   0.65|          0|      0.000|         -|          1|          -|       yes|         -|         -|            -|    183 (~0%)|        -|
    |        + generic_ldexp_float_s                                             |       -|   0.65|          0|      0.000|         -|          1|          -|       yes|         -|         -|            -|    183 (~0%)|        -|
    |        + generic_ldexp_float_s                                             |       -|   0.65|          0|      0.000|         -|          1|          -|       yes|         -|         -|            -|    183 (~0%)|        -|
    |        + generic_ldexp_float_s                                             |       -|   0.65|          0|      0.000|         -|          1|          -|       yes|         -|         -|            -|    183 (~0%)|        -|
    |    + interleave2stream                                                     |  Timing|  -0.00|          -|          -|         -|          -|          -|        no|         -|         -|     67 (~0%)|    505 (~0%)|        -|
    |     + interleave2stream_Pipeline_VITIS_LOOP_1597_1                         |       -|   0.07|          -|          -|         -|          -|          -|        no|         -|         -|     32 (~0%)|    240 (~0%)|        -|
    |      o VITIS_LOOP_1597_1                                                   |       -|   2.43|          -|          -|         2|          1|          -|       yes|         -|         -|            -|            -|        -|
    |       + register_it_ap_uint_288_s                                          |       -|   2.43|          0|      0.000|         -|          1|          -|       yes|         -|         -|            -|            -|        -|
    |       + register_it_ap_uint_288_s                                          |       -|   2.43|          0|      0.000|         -|          1|          -|       yes|         -|         -|            -|            -|        -|
    |       + register_it_ap_uint_288_s                                          |       -|   2.43|          0|      0.000|         -|          1|          -|       yes|         -|         -|            -|            -|        -|
    |       + register_it_ap_uint_288_s                                          |       -|   2.43|          0|      0.000|         -|          1|          -|       yes|         -|         -|            -|            -|        -|
    |       + register_it_ap_uint_288_s                                          |       -|   2.43|          0|      0.000|         -|          1|          -|       yes|         -|         -|            -|            -|        -|
    |       + register_it_ap_uint_288_s                                          |       -|   2.43|          0|      0.000|         -|          1|          -|       yes|         -|         -|            -|            -|        -|
    |       + register_it_ap_uint_288_s                                          |       -|   2.43|          0|      0.000|         -|          1|          -|       yes|         -|         -|            -|            -|        -|
    |       + register_it_ap_uint_288_s                                          |       -|   2.43|          0|      0.000|         -|          1|          -|       yes|         -|         -|            -|            -|        -|
    |    + stream2axis_256u_s                                                    |       -|   1.18|          -|          -|         -|          -|          -|        no|         -|         -|     66 (~0%)|    165 (~0%)|        -|
    |     + stream2axis_256u_Pipeline_VITIS_LOOP_7444_1                          |       -|   1.18|          -|          -|         -|          -|          -|        no|         -|         -|     32 (~0%)|    114 (~0%)|        -|
    |      o VITIS_LOOP_7444_1                                                   |       -|   2.43|          -|          -|         2|          1|          -|       yes|         -|         -|            -|            -|        -|
    |    + stream2axis_256u_8                                                    |       -|   1.18|          -|          -|         -|          -|          -|        no|         -|         -|     66 (~0%)|    165 (~0%)|        -|
    |     + stream2axis_256u_8_Pipeline_VITIS_LOOP_7444_1                        |       -|   1.18|          -|          -|         -|          -|          -|        no|         -|         -|     32 (~0%)|    114 (~0%)|        -|
    |      o VITIS_LOOP_7444_1                                                   |       -|   2.43|          -|          -|         2|          1|          -|       yes|         -|         -|            -|            -|        -|
    |    + stream2axis_256u_9                                                    |       -|   1.18|          -|          -|         -|          -|          -|        no|         -|         -|     66 (~0%)|    165 (~0%)|        -|
    |     + stream2axis_256u_9_Pipeline_VITIS_LOOP_7444_1                        |       -|   1.18|          -|          -|         -|          -|          -|        no|         -|         -|     32 (~0%)|    114 (~0%)|        -|
    |      o VITIS_LOOP_7444_1                                                   |       -|   2.43|          -|          -|         2|          1|          -|       yes|         -|         -|            -|            -|        -|
    |    + stream2axis_256u_10                                                   |       -|   1.18|          -|          -|         -|          -|          -|        no|         -|         -|     66 (~0%)|    165 (~0%)|        -|
    |     + stream2axis_256u_10_Pipeline_VITIS_LOOP_7444_1                       |       -|   1.18|          -|          -|         -|          -|          -|        no|         -|         -|     32 (~0%)|    114 (~0%)|        -|
    |      o VITIS_LOOP_7444_1                                                   |       -|   2.43|          -|          -|         2|          1|          -|       yes|         -|         -|            -|            -|        -|
    |    + stream2axis_256u_11                                                   |       -|   1.18|          -|          -|         -|          -|          -|        no|         -|         -|     66 (~0%)|    165 (~0%)|        -|
    |     + stream2axis_256u_11_Pipeline_VITIS_LOOP_7444_1                       |       -|   1.18|          -|          -|         -|          -|          -|        no|         -|         -|     32 (~0%)|    114 (~0%)|        -|
    |      o VITIS_LOOP_7444_1                                                   |       -|   2.43|          -|          -|         2|          1|          -|       yes|         -|         -|            -|            -|        -|
    |    + stream2axis_256u_12                                                   |       -|   1.18|          -|          -|         -|          -|          -|        no|         -|         -|     66 (~0%)|    165 (~0%)|        -|
    |     + stream2axis_256u_12_Pipeline_VITIS_LOOP_7444_1                       |       -|   1.18|          -|          -|         -|          -|          -|        no|         -|         -|     32 (~0%)|    114 (~0%)|        -|
    |      o VITIS_LOOP_7444_1                                                   |       -|   2.43|          -|          -|         2|          1|          -|       yes|         -|         -|            -|            -|        -|
    |    + stream2axis_256u_13                                                   |       -|   1.18|          -|          -|         -|          -|          -|        no|         -|         -|     66 (~0%)|    165 (~0%)|        -|
    |     + stream2axis_256u_13_Pipeline_VITIS_LOOP_7444_1                       |       -|   1.18|          -|          -|         -|          -|          -|        no|         -|         -|     32 (~0%)|    114 (~0%)|        -|
    |      o VITIS_LOOP_7444_1                                                   |       -|   2.43|          -|          -|         2|          1|          -|       yes|         -|         -|            -|            -|        -|
    |    + stream2axis_256u_14                                                   |       -|   1.18|          -|          -|         -|          -|          -|        no|         -|         -|     66 (~0%)|    165 (~0%)|        -|
    |     + stream2axis_256u_14_Pipeline_VITIS_LOOP_7444_1                       |       -|   1.18|          -|          -|         -|          -|          -|        no|         -|         -|     32 (~0%)|    114 (~0%)|        -|
    |      o VITIS_LOOP_7444_1                                                   |       -|   2.43|          -|          -|         2|          1|          -|       yes|         -|         -|            -|            -|        -|
    +----------------------------------------------------------------------------+--------+-------+-----------+-----------+----------+-----------+-----------+----------+----------+----------+-------------+-------------+---------+


================================================================
== HW Interfaces
================================================================
* S_AXILITE Interfaces
+---------------+------------+---------------+--------+----------+
| Interface     | Data Width | Address Width | Offset | Register |
+---------------+------------+---------------+--------+----------+
| s_axi_control | 32         | 7             | 16     | 0        |
+---------------+------------+---------------+--------+----------+

* S_AXILITE Registers
+---------------+--------------------------------+--------+-------+--------+-----------------------------------------------+------------------------------------------------------------------------------------+
| Interface     | Register                       | Offset | Width | Access | Description                                   | Bit Fields                                                                         |
+---------------+--------------------------------+--------+-------+--------+-----------------------------------------------+------------------------------------------------------------------------------------+
| s_axi_control | CTRL                           | 0x00   | 32    | RW     | Control signals                               | 0=AP_START 1=AP_DONE 2=AP_IDLE 3=AP_READY 4=AP_CONTINUE 7=AUTO_RESTART 9=INTERRUPT |
| s_axi_control | GIER                           | 0x04   | 32    | RW     | Global Interrupt Enable Register              | 0=Enable                                                                           |
| s_axi_control | IP_IER                         | 0x08   | 32    | RW     | IP Interrupt Enable Register                  | 0=CHAN0_INT_EN 1=CHAN1_INT_EN                                                      |
| s_axi_control | IP_ISR                         | 0x0c   | 32    | RW     | IP Interrupt Status Register                  | 0=CHAN0_INT_ST 1=CHAN1_INT_ST                                                      |
| s_axi_control | slr_region                     | 0x10   | 32    | W      | Data signal of slr_region                     |                                                                                    |
| s_axi_control | outer_itr                      | 0x18   | 32    | W      | Data signal of outer_itr                      |                                                                                    |
| s_axi_control | stencilConfig_grid_size_0      | 0x20   | 32    | W      | Data signal of stencilConfig_grid_size_0      |                                                                                    |
| s_axi_control | stencilConfig_grid_size_1      | 0x28   | 32    | W      | Data signal of stencilConfig_grid_size_1      |                                                                                    |
| s_axi_control | stencilConfig_dim              | 0x30   | 32    | W      | Data signal of stencilConfig_dim              |                                                                                    |
| s_axi_control | stencilConfig_total_itr        | 0x38   | 32    | W      | Data signal of stencilConfig_total_itr        |                                                                                    |
| s_axi_control | stencilConfig_outer_loop_limit | 0x40   | 32    | W      | Data signal of stencilConfig_outer_loop_limit |                                                                                    |
| s_axi_control | tile_size_x                    | 0x48   | 32    | W      | Data signal of tile_size_x                    |                                                                                    |
| s_axi_control | last_tile_size_x               | 0x50   | 32    | W      | Data signal of last_tile_size_x               |                                                                                    |
| s_axi_control | tile_count_x                   | 0x58   | 32    | W      | Data signal of tile_count_x                   |                                                                                    |
| s_axi_control | total_xblocks                  | 0x60   | 32    | W      | Data signal of total_xblocks                  |                                                                                    |
| s_axi_control | last_tile_upper_limit_x        | 0x68   | 32    | W      | Data signal of last_tile_upper_limit_x        |                                                                                    |
+---------------+--------------------------------+--------+-------+--------+-----------------------------------------------+------------------------------------------------------------------------------------+

* AXIS
+-----------------+---------------+-------+-------+-------+--------+-------+--------+
| Interface       | Register Mode | TDATA | TKEEP | TLAST | TREADY | TSTRB | TVALID |
+-----------------+---------------+-------+-------+-------+--------+-------+--------+
| arg0_0_axis_in  | both          | 256   | 32    | 1     | 1      | 32    | 1      |
| arg0_1_axis_in  | both          | 256   | 32    | 1     | 1      | 32    | 1      |
| arg0_2_axis_in  | both          | 256   | 32    | 1     | 1      | 32    | 1      |
| arg0_3_axis_in  | both          | 256   | 32    | 1     | 1      | 32    | 1      |
| arg0_4_axis_in  | both          | 256   | 32    | 1     | 1      | 32    | 1      |
| arg0_5_axis_in  | both          | 256   | 32    | 1     | 1      | 32    | 1      |
| arg0_6_axis_in  | both          | 256   | 32    | 1     | 1      | 32    | 1      |
| arg0_7_axis_in  | both          | 256   | 32    | 1     | 1      | 32    | 1      |
| arg1_0_axis_out | both          | 256   | 32    | 1     | 1      | 32    | 1      |
| arg1_1_axis_out | both          | 256   | 32    | 1     | 1      | 32    | 1      |
| arg1_2_axis_out | both          | 256   | 32    | 1     | 1      | 32    | 1      |
| arg1_3_axis_out | both          | 256   | 32    | 1     | 1      | 32    | 1      |
| arg1_4_axis_out | both          | 256   | 32    | 1     | 1      | 32    | 1      |
| arg1_5_axis_out | both          | 256   | 32    | 1     | 1      | 32    | 1      |
| arg1_6_axis_out | both          | 256   | 32    | 1     | 1      | 32    | 1      |
| arg1_7_axis_out | both          | 256   | 32    | 1     | 1      | 32    | 1      |
+-----------------+---------------+-------+-------+-------+--------+-------+--------+

* TOP LEVEL CONTROL
+-----------+---------------+-----------+
| Interface | Type          | Ports     |
+-----------+---------------+-----------+
| ap_clk    | clock         | ap_clk    |
| ap_rst_n  | reset         | ap_rst_n  |
| interrupt | interrupt     | interrupt |
| ap_ctrl   | ap_ctrl_chain |           |
+-----------+---------------+-----------+


================================================================
== SW I/O Information
================================================================
* Top Function Arguments
+--------------------------------+-----------+----------------------------------------------+
| Argument                       | Direction | Datatype                                     |
+--------------------------------+-----------+----------------------------------------------+
| slr_region                     | in        | unsigned short const                         |
| outer_itr                      | in        | unsigned int const                           |
| stencilConfig_grid_size_0      | in        | unsigned short const                         |
| stencilConfig_grid_size_1      | in        | unsigned short const                         |
| stencilConfig_dim              | in        | unsigned short const                         |
| stencilConfig_total_itr        | in        | unsigned int const                           |
| stencilConfig_outer_loop_limit | in        | unsigned short const                         |
| tile_size_x                    | in        | unsigned short const                         |
| last_tile_size_x               | in        | unsigned short const                         |
| tile_count_x                   | in        | unsigned short const                         |
| total_xblocks                  | in        | unsigned int const                           |
| last_tile_upper_limit_x        | in        | unsigned short const                         |
| arg0_0_axis_in                 | in        | stream<hls::axis<ap_uint<256>, 0, 0, 0>, 0>& |
| arg0_1_axis_in                 | in        | stream<hls::axis<ap_uint<256>, 0, 0, 0>, 0>& |
| arg0_2_axis_in                 | in        | stream<hls::axis<ap_uint<256>, 0, 0, 0>, 0>& |
| arg0_3_axis_in                 | in        | stream<hls::axis<ap_uint<256>, 0, 0, 0>, 0>& |
| arg0_4_axis_in                 | in        | stream<hls::axis<ap_uint<256>, 0, 0, 0>, 0>& |
| arg0_5_axis_in                 | in        | stream<hls::axis<ap_uint<256>, 0, 0, 0>, 0>& |
| arg0_6_axis_in                 | in        | stream<hls::axis<ap_uint<256>, 0, 0, 0>, 0>& |
| arg0_7_axis_in                 | in        | stream<hls::axis<ap_uint<256>, 0, 0, 0>, 0>& |
| arg1_0_axis_out                | out       | stream<hls::axis<ap_uint<256>, 0, 0, 0>, 0>& |
| arg1_1_axis_out                | out       | stream<hls::axis<ap_uint<256>, 0, 0, 0>, 0>& |
| arg1_2_axis_out                | out       | stream<hls::axis<ap_uint<256>, 0, 0, 0>, 0>& |
| arg1_3_axis_out                | out       | stream<hls::axis<ap_uint<256>, 0, 0, 0>, 0>& |
| arg1_4_axis_out                | out       | stream<hls::axis<ap_uint<256>, 0, 0, 0>, 0>& |
| arg1_5_axis_out                | out       | stream<hls::axis<ap_uint<256>, 0, 0, 0>, 0>& |
| arg1_6_axis_out                | out       | stream<hls::axis<ap_uint<256>, 0, 0, 0>, 0>& |
| arg1_7_axis_out                | out       | stream<hls::axis<ap_uint<256>, 0, 0, 0>, 0>& |
+--------------------------------+-----------+----------------------------------------------+

* SW-to-HW Mapping
+--------------------------------+-----------------+-----------+----------------------------------------------------------+
| Argument                       | HW Interface    | HW Type   | HW Info                                                  |
+--------------------------------+-----------------+-----------+----------------------------------------------------------+
| slr_region                     | s_axi_control   | register  | name=slr_region offset=0x10 range=32                     |
| outer_itr                      | s_axi_control   | register  | name=outer_itr offset=0x18 range=32                      |
| stencilConfig_grid_size_0      | s_axi_control   | register  | name=stencilConfig_grid_size_0 offset=0x20 range=32      |
| stencilConfig_grid_size_1      | s_axi_control   | register  | name=stencilConfig_grid_size_1 offset=0x28 range=32      |
| stencilConfig_dim              | s_axi_control   | register  | name=stencilConfig_dim offset=0x30 range=32              |
| stencilConfig_total_itr        | s_axi_control   | register  | name=stencilConfig_total_itr offset=0x38 range=32        |
| stencilConfig_outer_loop_limit | s_axi_control   | register  | name=stencilConfig_outer_loop_limit offset=0x40 range=32 |
| tile_size_x                    | s_axi_control   | register  | name=tile_size_x offset=0x48 range=32                    |
| last_tile_size_x               | s_axi_control   | register  | name=last_tile_size_x offset=0x50 range=32               |
| tile_count_x                   | s_axi_control   | register  | name=tile_count_x offset=0x58 range=32                   |
| total_xblocks                  | s_axi_control   | register  | name=total_xblocks offset=0x60 range=32                  |
| last_tile_upper_limit_x        | s_axi_control   | register  | name=last_tile_upper_limit_x offset=0x68 range=32        |
| arg0_0_axis_in                 | arg0_0_axis_in  | interface |                                                          |
| arg0_1_axis_in                 | arg0_1_axis_in  | interface |                                                          |
| arg0_2_axis_in                 | arg0_2_axis_in  | interface |                                                          |
| arg0_3_axis_in                 | arg0_3_axis_in  | interface |                                                          |
| arg0_4_axis_in                 | arg0_4_axis_in  | interface |                                                          |
| arg0_5_axis_in                 | arg0_5_axis_in  | interface |                                                          |
| arg0_6_axis_in                 | arg0_6_axis_in  | interface |                                                          |
| arg0_7_axis_in                 | arg0_7_axis_in  | interface |                                                          |
| arg1_0_axis_out                | arg1_0_axis_out | interface |                                                          |
| arg1_1_axis_out                | arg1_1_axis_out | interface |                                                          |
| arg1_2_axis_out                | arg1_2_axis_out | interface |                                                          |
| arg1_3_axis_out                | arg1_3_axis_out | interface |                                                          |
| arg1_4_axis_out                | arg1_4_axis_out | interface |                                                          |
| arg1_5_axis_out                | arg1_5_axis_out | interface |                                                          |
| arg1_6_axis_out                | arg1_6_axis_out | interface |                                                          |
| arg1_7_axis_out                | arg1_7_axis_out | interface |                                                          |
+--------------------------------+-----------------+-----------+----------------------------------------------------------+


================================================================
== Bind Op Report
================================================================
+--------------------------------------------------------------------------+-----+--------+-----------------------------------------+------+---------+---------+
| Name                                                                     | DSP | Pragma | Variable                                | Op   | Impl    | Latency |
+--------------------------------------------------------------------------+-----+--------+-----------------------------------------+------+---------+---------+
| + kernel_outerloop_0_0                                                   | 521 |        |                                         |      |         |         |
|   y_diff_fu_483_p2                                                       | -   |        | y_diff                                  | add  | fabric  | 0       |
|   sub26_i_fu_489_p2                                                      | -   |        | sub26_i                                 | add  | fabric  | 0       |
|   i_11_fu_512_p2                                                         | -   |        | i_11                                    | add  | fabric  | 0       |
|   tile_id_1_fu_523_p2                                                    | -   |        | tile_id_1                               | add  | fabric  | 0       |
|   tile_x_1_fu_535_p2                                                     | -   |        | tile_x_1                                | add  | fabric  | 0       |
|   add_ln212_fu_590_p2                                                    | -   |        | add_ln212                               | add  | fabric  | 0       |
|   mul_mul_14ns_16ns_29_4_1_U815                                          | 1   |        | mul_ln213                               | mul  | dsp48   | 3       |
|   tileConfig_line_diff_fu_610_p2                                         | -   |        | tileConfig_line_diff                    | add  | fabric  | 0       |
|  + kernel_outerloop_0_dataflow_region                                    | 520 |        |                                         |      |         |         |
|   + axis2stream_256u_s                                                   | 0   |        |                                         |      |         |         |
|    + axis2stream_256u_Pipeline_VITIS_LOOP_7497_1                         | 0   |        |                                         |      |         |         |
|      itr_25_fu_99_p2                                                     | -   |        | itr_25                                  | add  | fabric  | 0       |
|   + axis2stream_256u_1                                                   | 0   |        |                                         |      |         |         |
|     itr_32_fu_99_p2                                                      | -   |        | itr_32                                  | add  | fabric  | 0       |
|   + axis2stream_256u_2                                                   | 0   |        |                                         |      |         |         |
|     itr_31_fu_99_p2                                                      | -   |        | itr_31                                  | add  | fabric  | 0       |
|   + axis2stream_256u_3                                                   | 0   |        |                                         |      |         |         |
|     itr_30_fu_99_p2                                                      | -   |        | itr_30                                  | add  | fabric  | 0       |
|   + axis2stream_256u_4                                                   | 0   |        |                                         |      |         |         |
|     itr_29_fu_99_p2                                                      | -   |        | itr_29                                  | add  | fabric  | 0       |
|   + axis2stream_256u_5                                                   | 0   |        |                                         |      |         |         |
|     itr_28_fu_99_p2                                                      | -   |        | itr_28                                  | add  | fabric  | 0       |
|   + axis2stream_256u_6                                                   | 0   |        |                                         |      |         |         |
|     itr_27_fu_99_p2                                                      | -   |        | itr_27                                  | add  | fabric  | 0       |
|   + axis2stream_256u_7                                                   | 0   |        |                                         |      |         |         |
|     itr_26_fu_99_p2                                                      | -   |        | itr_26                                  | add  | fabric  | 0       |
|   + stream2interleave                                                    | 0   |        |                                         |      |         |         |
|     num_pkts_plus_1_fu_121_p2                                            | -   |        | num_pkts_plus_1                         | add  | fabric  | 0       |
|    + stream2interleave_Pipeline_VITIS_LOOP_1470_1                        | 0   |        |                                         |      |         |         |
|      itr_2_fu_350_p2                                                     | -   |        | itr_2                                   | add  | fabric  | 0       |
|   + kernel_poisson_kernel_stencil_PE_unsigned_short_4_unsigned_short_0_s | 130 |        |                                         |      |         |         |
|    + stencilRun_3                                                        | 130 |        |                                         |      |         |         |
|      upper_limit_x_fu_151_p2                                             | -   |        | upper_limit_x                           | add  | fabric  | 0       |
|      upper_limit_y_fu_168_p2                                             | -   |        | upper_limit_y                           | add  | fabric  | 0       |
|      mul_mul_16ns_14ns_30_4_1_U203                                       | 1   |        | S2D_00_P10_M10_0P1_0M1_read_ub_itr      | mul  | dsp48   | 3       |
|      cond_x_val_fu_174_p2                                                | -   |        | cond_x_val                              | add  | fabric  | 0       |
|      cond_y_val_fu_181_p2                                                | -   |        | cond_y_val                              | add  | fabric  | 0       |
|      mul_mul_16ns_14ns_30_4_1_U204                                       | 1   |        | mul_ln239                               | mul  | dsp48   | 3       |
|     + stencilRun_3_Pipeline_VITIS_LOOP_239_1                             | 128 |        |                                         |      |         |         |
|       itr_fu_939_p2                                                      | -   |        | itr                                     | add  | fabric  | 0       |
|       i_3_fu_1927_p2                                                     | -   |        | i_3                                     | add  | fabric  | 0       |
|       add_ln275_fu_1947_p2                                               | -   |        | add_ln275                               | add  | fabric  | 0       |
|       S2D_00_P10_M10_0P1_0M1_buf_r0_1_p0_rd_3_fu_1320_p2                 | -   |        | S2D_00_P10_M10_0P1_0M1_buf_r0_1_p0_rd_3 | add  | fabric  | 0       |
|       S2D_00_P10_M10_0P1_0M1_buf_r0_1_p0_wr_3_fu_1051_p2                 | -   |        | S2D_00_P10_M10_0P1_0M1_buf_r0_1_p0_wr_3 | add  | fabric  | 0       |
|       S2D_00_P10_M10_0P1_0M1_buf_r1_2_p0_rd_3_fu_1076_p2                 | -   |        | S2D_00_P10_M10_0P1_0M1_buf_r1_2_p0_rd_3 | add  | fabric  | 0       |
|       S2D_00_P10_M10_0P1_0M1_buf_r1_2_p0_wr_3_fu_988_p2                  | -   |        | S2D_00_P10_M10_0P1_0M1_buf_r1_2_p0_wr_3 | add  | fabric  | 0       |
|       fadd_32ns_32ns_32_7_full_dsp_1_U125                                | 2   |        | tmp1_1                                  | fadd | fulldsp | 6       |
|       fadd_32ns_32ns_32_7_full_dsp_1_U126                                | 2   |        | tmp1_2                                  | fadd | fulldsp | 6       |
|       fadd_32ns_32ns_32_7_full_dsp_1_U157                                | 2   |        | tmp1                                    | fadd | fulldsp | 6       |
|       fadd_32ns_32ns_32_7_full_dsp_1_U173                                | 2   |        | arg1_result                             | fadd | fulldsp | 6       |
|       fadd_32ns_32ns_32_7_full_dsp_1_U127                                | 2   |        | tmp1_1_1                                | fadd | fulldsp | 6       |
|       fadd_32ns_32ns_32_7_full_dsp_1_U128                                | 2   |        | tmp1_2_1                                | fadd | fulldsp | 6       |
|       fadd_32ns_32ns_32_7_full_dsp_1_U158                                | 2   |        | tmp1_1_66                               | fadd | fulldsp | 6       |
|       fadd_32ns_32ns_32_7_full_dsp_1_U174                                | 2   |        | arg1_result_1                           | fadd | fulldsp | 6       |
|       fadd_32ns_32ns_32_7_full_dsp_1_U129                                | 2   |        | tmp1_1_2                                | fadd | fulldsp | 6       |
|       fadd_32ns_32ns_32_7_full_dsp_1_U130                                | 2   |        | tmp1_2_2                                | fadd | fulldsp | 6       |
|       fadd_32ns_32ns_32_7_full_dsp_1_U159                                | 2   |        | tmp1_2_67                               | fadd | fulldsp | 6       |
|       fadd_32ns_32ns_32_7_full_dsp_1_U175                                | 2   |        | arg1_result_2                           | fadd | fulldsp | 6       |
|       fadd_32ns_32ns_32_7_full_dsp_1_U131                                | 2   |        | tmp1_1_3                                | fadd | fulldsp | 6       |
|       fadd_32ns_32ns_32_7_full_dsp_1_U132                                | 2   |        | tmp1_2_3                                | fadd | fulldsp | 6       |
|       fadd_32ns_32ns_32_7_full_dsp_1_U160                                | 2   |        | tmp1_3                                  | fadd | fulldsp | 6       |
|       fadd_32ns_32ns_32_7_full_dsp_1_U176                                | 2   |        | arg1_result_3                           | fadd | fulldsp | 6       |
|       fadd_32ns_32ns_32_7_full_dsp_1_U133                                | 2   |        | tmp1_1_4                                | fadd | fulldsp | 6       |
|       fadd_32ns_32ns_32_7_full_dsp_1_U134                                | 2   |        | tmp1_2_4                                | fadd | fulldsp | 6       |
|       fadd_32ns_32ns_32_7_full_dsp_1_U161                                | 2   |        | tmp1_4                                  | fadd | fulldsp | 6       |
|       fadd_32ns_32ns_32_7_full_dsp_1_U177                                | 2   |        | arg1_result_4                           | fadd | fulldsp | 6       |
|       fadd_32ns_32ns_32_7_full_dsp_1_U135                                | 2   |        | tmp1_1_5                                | fadd | fulldsp | 6       |
|       fadd_32ns_32ns_32_7_full_dsp_1_U136                                | 2   |        | tmp1_2_5                                | fadd | fulldsp | 6       |
|       fadd_32ns_32ns_32_7_full_dsp_1_U162                                | 2   |        | tmp1_5                                  | fadd | fulldsp | 6       |
|       fadd_32ns_32ns_32_7_full_dsp_1_U178                                | 2   |        | arg1_result_5                           | fadd | fulldsp | 6       |
|       fadd_32ns_32ns_32_7_full_dsp_1_U137                                | 2   |        | tmp1_1_6                                | fadd | fulldsp | 6       |
|       fadd_32ns_32ns_32_7_full_dsp_1_U138                                | 2   |        | tmp1_2_6                                | fadd | fulldsp | 6       |
|       fadd_32ns_32ns_32_7_full_dsp_1_U163                                | 2   |        | tmp1_6                                  | fadd | fulldsp | 6       |
|       fadd_32ns_32ns_32_7_full_dsp_1_U179                                | 2   |        | arg1_result_6                           | fadd | fulldsp | 6       |
|       fadd_32ns_32ns_32_7_full_dsp_1_U139                                | 2   |        | tmp1_1_7                                | fadd | fulldsp | 6       |
|       fadd_32ns_32ns_32_7_full_dsp_1_U140                                | 2   |        | tmp1_2_7                                | fadd | fulldsp | 6       |
|       fadd_32ns_32ns_32_7_full_dsp_1_U164                                | 2   |        | tmp1_7                                  | fadd | fulldsp | 6       |
|       fadd_32ns_32ns_32_7_full_dsp_1_U180                                | 2   |        | arg1_result_7                           | fadd | fulldsp | 6       |
|       fadd_32ns_32ns_32_7_full_dsp_1_U141                                | 2   |        | tmp1_1_8                                | fadd | fulldsp | 6       |
|       fadd_32ns_32ns_32_7_full_dsp_1_U142                                | 2   |        | tmp1_2_8                                | fadd | fulldsp | 6       |
|       fadd_32ns_32ns_32_7_full_dsp_1_U165                                | 2   |        | tmp1_8                                  | fadd | fulldsp | 6       |
|       fadd_32ns_32ns_32_7_full_dsp_1_U181                                | 2   |        | arg1_result_8                           | fadd | fulldsp | 6       |
|       fadd_32ns_32ns_32_7_full_dsp_1_U143                                | 2   |        | tmp1_1_9                                | fadd | fulldsp | 6       |
|       fadd_32ns_32ns_32_7_full_dsp_1_U144                                | 2   |        | tmp1_2_9                                | fadd | fulldsp | 6       |
|       fadd_32ns_32ns_32_7_full_dsp_1_U166                                | 2   |        | tmp1_9                                  | fadd | fulldsp | 6       |
|       fadd_32ns_32ns_32_7_full_dsp_1_U182                                | 2   |        | arg1_result_9                           | fadd | fulldsp | 6       |
|       fadd_32ns_32ns_32_7_full_dsp_1_U145                                | 2   |        | tmp1_1_16                               | fadd | fulldsp | 6       |
|       fadd_32ns_32ns_32_7_full_dsp_1_U146                                | 2   |        | tmp1_2_16                               | fadd | fulldsp | 6       |
|       fadd_32ns_32ns_32_7_full_dsp_1_U167                                | 2   |        | tmp1_16                                 | fadd | fulldsp | 6       |
|       fadd_32ns_32ns_32_7_full_dsp_1_U183                                | 2   |        | arg1_result_16                          | fadd | fulldsp | 6       |
|       fadd_32ns_32ns_32_7_full_dsp_1_U147                                | 2   |        | tmp1_1_17                               | fadd | fulldsp | 6       |
|       fadd_32ns_32ns_32_7_full_dsp_1_U148                                | 2   |        | tmp1_2_17                               | fadd | fulldsp | 6       |
|       fadd_32ns_32ns_32_7_full_dsp_1_U168                                | 2   |        | tmp1_17                                 | fadd | fulldsp | 6       |
|       fadd_32ns_32ns_32_7_full_dsp_1_U184                                | 2   |        | arg1_result_17                          | fadd | fulldsp | 6       |
|       fadd_32ns_32ns_32_7_full_dsp_1_U149                                | 2   |        | tmp1_1_18                               | fadd | fulldsp | 6       |
|       fadd_32ns_32ns_32_7_full_dsp_1_U150                                | 2   |        | tmp1_2_18                               | fadd | fulldsp | 6       |
|       fadd_32ns_32ns_32_7_full_dsp_1_U169                                | 2   |        | tmp1_18                                 | fadd | fulldsp | 6       |
|       fadd_32ns_32ns_32_7_full_dsp_1_U185                                | 2   |        | arg1_result_18                          | fadd | fulldsp | 6       |
|       fadd_32ns_32ns_32_7_full_dsp_1_U151                                | 2   |        | tmp1_1_19                               | fadd | fulldsp | 6       |
|       fadd_32ns_32ns_32_7_full_dsp_1_U152                                | 2   |        | tmp1_2_19                               | fadd | fulldsp | 6       |
|       fadd_32ns_32ns_32_7_full_dsp_1_U170                                | 2   |        | tmp1_19                                 | fadd | fulldsp | 6       |
|       fadd_32ns_32ns_32_7_full_dsp_1_U186                                | 2   |        | arg1_result_19                          | fadd | fulldsp | 6       |
|       fadd_32ns_32ns_32_7_full_dsp_1_U153                                | 2   |        | tmp1_1_20                               | fadd | fulldsp | 6       |
|       fadd_32ns_32ns_32_7_full_dsp_1_U154                                | 2   |        | tmp1_2_20                               | fadd | fulldsp | 6       |
|       fadd_32ns_32ns_32_7_full_dsp_1_U171                                | 2   |        | tmp1_20                                 | fadd | fulldsp | 6       |
|       fadd_32ns_32ns_32_7_full_dsp_1_U187                                | 2   |        | arg1_result_20                          | fadd | fulldsp | 6       |
|       fadd_32ns_32ns_32_7_full_dsp_1_U155                                | 2   |        | tmp1_1_21                               | fadd | fulldsp | 6       |
|       fadd_32ns_32ns_32_7_full_dsp_1_U156                                | 2   |        | tmp1_2_21                               | fadd | fulldsp | 6       |
|       fadd_32ns_32ns_32_7_full_dsp_1_U172                                | 2   |        | tmp1_21                                 | fadd | fulldsp | 6       |
|       fadd_32ns_32ns_32_7_full_dsp_1_U188                                | 2   |        | arg1_result_21                          | fadd | fulldsp | 6       |
|      + generic_ldexp_float_s (tmp2_generic_ldexp_float_s_fu_374)         | 0   |        |                                         |      |         |         |
|        add_ln17_fu_82_p2                                                 | -   |        | add_ln17                                | add  | fabric  | 0       |
|        xs_exp_V_fu_130_p2                                                | -   |        | xs_exp_V                                | add  | fabric  | 0       |
|      + generic_ldexp_float_s (tmp3_generic_ldexp_float_s_fu_381)         | 0   |        |                                         |      |         |         |
|        add_ln17_fu_82_p2                                                 | -   |        | add_ln17                                | add  | fabric  | 0       |
|        xs_exp_V_fu_130_p2                                                | -   |        | xs_exp_V                                | add  | fabric  | 0       |
|      + generic_ldexp_float_s (tmp2_1_generic_ldexp_float_s_fu_388)       | 0   |        |                                         |      |         |         |
|        add_ln17_fu_82_p2                                                 | -   |        | add_ln17                                | add  | fabric  | 0       |
|        xs_exp_V_fu_130_p2                                                | -   |        | xs_exp_V                                | add  | fabric  | 0       |
|      + generic_ldexp_float_s (tmp3_1_generic_ldexp_float_s_fu_395)       | 0   |        |                                         |      |         |         |
|        add_ln17_fu_82_p2                                                 | -   |        | add_ln17                                | add  | fabric  | 0       |
|        xs_exp_V_fu_130_p2                                                | -   |        | xs_exp_V                                | add  | fabric  | 0       |
|      + generic_ldexp_float_s (tmp2_2_generic_ldexp_float_s_fu_402)       | 0   |        |                                         |      |         |         |
|        add_ln17_fu_82_p2                                                 | -   |        | add_ln17                                | add  | fabric  | 0       |
|        xs_exp_V_fu_130_p2                                                | -   |        | xs_exp_V                                | add  | fabric  | 0       |
|      + generic_ldexp_float_s (tmp3_2_generic_ldexp_float_s_fu_409)       | 0   |        |                                         |      |         |         |
|        add_ln17_fu_82_p2                                                 | -   |        | add_ln17                                | add  | fabric  | 0       |
|        xs_exp_V_fu_130_p2                                                | -   |        | xs_exp_V                                | add  | fabric  | 0       |
|      + generic_ldexp_float_s (tmp2_3_generic_ldexp_float_s_fu_416)       | 0   |        |                                         |      |         |         |
|        add_ln17_fu_82_p2                                                 | -   |        | add_ln17                                | add  | fabric  | 0       |
|        xs_exp_V_fu_130_p2                                                | -   |        | xs_exp_V                                | add  | fabric  | 0       |
|      + generic_ldexp_float_s (tmp3_3_generic_ldexp_float_s_fu_423)       | 0   |        |                                         |      |         |         |
|        add_ln17_fu_82_p2                                                 | -   |        | add_ln17                                | add  | fabric  | 0       |
|        xs_exp_V_fu_130_p2                                                | -   |        | xs_exp_V                                | add  | fabric  | 0       |
|      + generic_ldexp_float_s (tmp2_4_generic_ldexp_float_s_fu_430)       | 0   |        |                                         |      |         |         |
|        add_ln17_fu_82_p2                                                 | -   |        | add_ln17                                | add  | fabric  | 0       |
|        xs_exp_V_fu_130_p2                                                | -   |        | xs_exp_V                                | add  | fabric  | 0       |
|      + generic_ldexp_float_s (tmp3_4_generic_ldexp_float_s_fu_437)       | 0   |        |                                         |      |         |         |
|        add_ln17_fu_82_p2                                                 | -   |        | add_ln17                                | add  | fabric  | 0       |
|        xs_exp_V_fu_130_p2                                                | -   |        | xs_exp_V                                | add  | fabric  | 0       |
|      + generic_ldexp_float_s (tmp2_5_generic_ldexp_float_s_fu_444)       | 0   |        |                                         |      |         |         |
|        add_ln17_fu_82_p2                                                 | -   |        | add_ln17                                | add  | fabric  | 0       |
|        xs_exp_V_fu_130_p2                                                | -   |        | xs_exp_V                                | add  | fabric  | 0       |
|      + generic_ldexp_float_s (tmp3_5_generic_ldexp_float_s_fu_451)       | 0   |        |                                         |      |         |         |
|        add_ln17_fu_82_p2                                                 | -   |        | add_ln17                                | add  | fabric  | 0       |
|        xs_exp_V_fu_130_p2                                                | -   |        | xs_exp_V                                | add  | fabric  | 0       |
|      + generic_ldexp_float_s (tmp2_6_generic_ldexp_float_s_fu_458)       | 0   |        |                                         |      |         |         |
|        add_ln17_fu_82_p2                                                 | -   |        | add_ln17                                | add  | fabric  | 0       |
|        xs_exp_V_fu_130_p2                                                | -   |        | xs_exp_V                                | add  | fabric  | 0       |
|      + generic_ldexp_float_s (tmp3_6_generic_ldexp_float_s_fu_465)       | 0   |        |                                         |      |         |         |
|        add_ln17_fu_82_p2                                                 | -   |        | add_ln17                                | add  | fabric  | 0       |
|        xs_exp_V_fu_130_p2                                                | -   |        | xs_exp_V                                | add  | fabric  | 0       |
|      + generic_ldexp_float_s (tmp2_7_generic_ldexp_float_s_fu_472)       | 0   |        |                                         |      |         |         |
|        add_ln17_fu_82_p2                                                 | -   |        | add_ln17                                | add  | fabric  | 0       |
|        xs_exp_V_fu_130_p2                                                | -   |        | xs_exp_V                                | add  | fabric  | 0       |
|      + generic_ldexp_float_s (tmp3_7_generic_ldexp_float_s_fu_479)       | 0   |        |                                         |      |         |         |
|        add_ln17_fu_82_p2                                                 | -   |        | add_ln17                                | add  | fabric  | 0       |
|        xs_exp_V_fu_130_p2                                                | -   |        | xs_exp_V                                | add  | fabric  | 0       |
|      + generic_ldexp_float_s (tmp2_8_generic_ldexp_float_s_fu_486)       | 0   |        |                                         |      |         |         |
|        add_ln17_fu_82_p2                                                 | -   |        | add_ln17                                | add  | fabric  | 0       |
|        xs_exp_V_fu_130_p2                                                | -   |        | xs_exp_V                                | add  | fabric  | 0       |
|      + generic_ldexp_float_s (tmp3_8_generic_ldexp_float_s_fu_493)       | 0   |        |                                         |      |         |         |
|        add_ln17_fu_82_p2                                                 | -   |        | add_ln17                                | add  | fabric  | 0       |
|        xs_exp_V_fu_130_p2                                                | -   |        | xs_exp_V                                | add  | fabric  | 0       |
|      + generic_ldexp_float_s (tmp2_9_generic_ldexp_float_s_fu_500)       | 0   |        |                                         |      |         |         |
|        add_ln17_fu_82_p2                                                 | -   |        | add_ln17                                | add  | fabric  | 0       |
|        xs_exp_V_fu_130_p2                                                | -   |        | xs_exp_V                                | add  | fabric  | 0       |
|      + generic_ldexp_float_s (tmp3_9_generic_ldexp_float_s_fu_507)       | 0   |        |                                         |      |         |         |
|        add_ln17_fu_82_p2                                                 | -   |        | add_ln17                                | add  | fabric  | 0       |
|        xs_exp_V_fu_130_p2                                                | -   |        | xs_exp_V                                | add  | fabric  | 0       |
|      + generic_ldexp_float_s (tmp2_16_generic_ldexp_float_s_fu_514)      | 0   |        |                                         |      |         |         |
|        add_ln17_fu_82_p2                                                 | -   |        | add_ln17                                | add  | fabric  | 0       |
|        xs_exp_V_fu_130_p2                                                | -   |        | xs_exp_V                                | add  | fabric  | 0       |
|      + generic_ldexp_float_s (tmp3_16_generic_ldexp_float_s_fu_521)      | 0   |        |                                         |      |         |         |
|        add_ln17_fu_82_p2                                                 | -   |        | add_ln17                                | add  | fabric  | 0       |
|        xs_exp_V_fu_130_p2                                                | -   |        | xs_exp_V                                | add  | fabric  | 0       |
|      + generic_ldexp_float_s (tmp2_17_generic_ldexp_float_s_fu_528)      | 0   |        |                                         |      |         |         |
|        add_ln17_fu_82_p2                                                 | -   |        | add_ln17                                | add  | fabric  | 0       |
|        xs_exp_V_fu_130_p2                                                | -   |        | xs_exp_V                                | add  | fabric  | 0       |
|      + generic_ldexp_float_s (tmp3_17_generic_ldexp_float_s_fu_535)      | 0   |        |                                         |      |         |         |
|        add_ln17_fu_82_p2                                                 | -   |        | add_ln17                                | add  | fabric  | 0       |
|        xs_exp_V_fu_130_p2                                                | -   |        | xs_exp_V                                | add  | fabric  | 0       |
|      + generic_ldexp_float_s (tmp2_18_generic_ldexp_float_s_fu_542)      | 0   |        |                                         |      |         |         |
|        add_ln17_fu_82_p2                                                 | -   |        | add_ln17                                | add  | fabric  | 0       |
|        xs_exp_V_fu_130_p2                                                | -   |        | xs_exp_V                                | add  | fabric  | 0       |
|      + generic_ldexp_float_s (tmp3_18_generic_ldexp_float_s_fu_549)      | 0   |        |                                         |      |         |         |
|        add_ln17_fu_82_p2                                                 | -   |        | add_ln17                                | add  | fabric  | 0       |
|        xs_exp_V_fu_130_p2                                                | -   |        | xs_exp_V                                | add  | fabric  | 0       |
|      + generic_ldexp_float_s (tmp2_19_generic_ldexp_float_s_fu_556)      | 0   |        |                                         |      |         |         |
|        add_ln17_fu_82_p2                                                 | -   |        | add_ln17                                | add  | fabric  | 0       |
|        xs_exp_V_fu_130_p2                                                | -   |        | xs_exp_V                                | add  | fabric  | 0       |
|      + generic_ldexp_float_s (tmp3_19_generic_ldexp_float_s_fu_563)      | 0   |        |                                         |      |         |         |
|        add_ln17_fu_82_p2                                                 | -   |        | add_ln17                                | add  | fabric  | 0       |
|        xs_exp_V_fu_130_p2                                                | -   |        | xs_exp_V                                | add  | fabric  | 0       |
|      + generic_ldexp_float_s (tmp2_20_generic_ldexp_float_s_fu_570)      | 0   |        |                                         |      |         |         |
|        add_ln17_fu_82_p2                                                 | -   |        | add_ln17                                | add  | fabric  | 0       |
|        xs_exp_V_fu_130_p2                                                | -   |        | xs_exp_V                                | add  | fabric  | 0       |
|      + generic_ldexp_float_s (tmp3_20_generic_ldexp_float_s_fu_577)      | 0   |        |                                         |      |         |         |
|        add_ln17_fu_82_p2                                                 | -   |        | add_ln17                                | add  | fabric  | 0       |
|        xs_exp_V_fu_130_p2                                                | -   |        | xs_exp_V                                | add  | fabric  | 0       |
|      + generic_ldexp_float_s (tmp2_21_generic_ldexp_float_s_fu_584)      | 0   |        |                                         |      |         |         |
|        add_ln17_fu_82_p2                                                 | -   |        | add_ln17                                | add  | fabric  | 0       |
|        xs_exp_V_fu_130_p2                                                | -   |        | xs_exp_V                                | add  | fabric  | 0       |
|      + generic_ldexp_float_s (tmp3_21_generic_ldexp_float_s_fu_591)      | 0   |        |                                         |      |         |         |
|        add_ln17_fu_82_p2                                                 | -   |        | add_ln17                                | add  | fabric  | 0       |
|        xs_exp_V_fu_130_p2                                                | -   |        | xs_exp_V                                | add  | fabric  | 0       |
|   + kernel_poisson_kernel_stencil_PE_unsigned_short_4_unsigned_short_1_s | 130 |        |                                         |      |         |         |
|    + stencilRun_2                                                        | 130 |        |                                         |      |         |         |
|      adj_half_span_x_upper_fu_151_p2                                     | -   |        | adj_half_span_x_upper                   | add  | fabric  | 0       |
|      upper_limit_y_fu_168_p2                                             | -   |        | upper_limit_y                           | add  | fabric  | 0       |
|      mul_mul_16ns_14ns_30_4_1_U305                                       | 1   |        | S2D_00_P10_M10_0P1_0M1_read_ub_itr      | mul  | dsp48   | 3       |
|      cond_x_val_fu_174_p2                                                | -   |        | cond_x_val                              | add  | fabric  | 0       |
|      cond_y_val_fu_181_p2                                                | -   |        | cond_y_val                              | add  | fabric  | 0       |
|      mul_mul_16ns_14ns_30_4_1_U306                                       | 1   |        | mul_ln239                               | mul  | dsp48   | 3       |
|     + stencilRun_2_Pipeline_VITIS_LOOP_239_1                             | 128 |        |                                         |      |         |         |
|       itr_fu_945_p2                                                      | -   |        | itr                                     | add  | fabric  | 0       |
|       i_5_fu_1933_p2                                                     | -   |        | i_5                                     | add  | fabric  | 0       |
|       add_ln275_fu_1953_p2                                               | -   |        | add_ln275                               | add  | fabric  | 0       |
|       S2D_00_P10_M10_0P1_0M1_buf_r0_1_p0_rd_5_fu_1326_p2                 | -   |        | S2D_00_P10_M10_0P1_0M1_buf_r0_1_p0_rd_5 | add  | fabric  | 0       |
|       S2D_00_P10_M10_0P1_0M1_buf_r0_1_p0_wr_5_fu_1057_p2                 | -   |        | S2D_00_P10_M10_0P1_0M1_buf_r0_1_p0_wr_5 | add  | fabric  | 0       |
|       S2D_00_P10_M10_0P1_0M1_buf_r1_2_p0_rd_5_fu_1082_p2                 | -   |        | S2D_00_P10_M10_0P1_0M1_buf_r1_2_p0_rd_5 | add  | fabric  | 0       |
|       S2D_00_P10_M10_0P1_0M1_buf_r1_2_p0_wr_5_fu_994_p2                  | -   |        | S2D_00_P10_M10_0P1_0M1_buf_r1_2_p0_wr_5 | add  | fabric  | 0       |
|       fadd_32ns_32ns_32_7_full_dsp_1_U228                                | 2   |        | tmp1_1                                  | fadd | fulldsp | 6       |
|       fadd_32ns_32ns_32_7_full_dsp_1_U229                                | 2   |        | tmp1_2                                  | fadd | fulldsp | 6       |
|       fadd_32ns_32ns_32_7_full_dsp_1_U260                                | 2   |        | tmp1                                    | fadd | fulldsp | 6       |
|       fadd_32ns_32ns_32_7_full_dsp_1_U276                                | 2   |        | arg1_result                             | fadd | fulldsp | 6       |
|       fadd_32ns_32ns_32_7_full_dsp_1_U230                                | 2   |        | tmp1_1_31                               | fadd | fulldsp | 6       |
|       fadd_32ns_32ns_32_7_full_dsp_1_U231                                | 2   |        | tmp1_2_31                               | fadd | fulldsp | 6       |
|       fadd_32ns_32ns_32_7_full_dsp_1_U261                                | 2   |        | tmp1_31                                 | fadd | fulldsp | 6       |
|       fadd_32ns_32ns_32_7_full_dsp_1_U277                                | 2   |        | arg1_result_31                          | fadd | fulldsp | 6       |
|       fadd_32ns_32ns_32_7_full_dsp_1_U232                                | 2   |        | tmp1_1_32                               | fadd | fulldsp | 6       |
|       fadd_32ns_32ns_32_7_full_dsp_1_U233                                | 2   |        | tmp1_2_32                               | fadd | fulldsp | 6       |
|       fadd_32ns_32ns_32_7_full_dsp_1_U262                                | 2   |        | tmp1_32                                 | fadd | fulldsp | 6       |
|       fadd_32ns_32ns_32_7_full_dsp_1_U278                                | 2   |        | arg1_result_32                          | fadd | fulldsp | 6       |
|       fadd_32ns_32ns_32_7_full_dsp_1_U234                                | 2   |        | tmp1_1_33                               | fadd | fulldsp | 6       |
|       fadd_32ns_32ns_32_7_full_dsp_1_U235                                | 2   |        | tmp1_2_33                               | fadd | fulldsp | 6       |
|       fadd_32ns_32ns_32_7_full_dsp_1_U263                                | 2   |        | tmp1_33                                 | fadd | fulldsp | 6       |
|       fadd_32ns_32ns_32_7_full_dsp_1_U279                                | 2   |        | arg1_result_33                          | fadd | fulldsp | 6       |
|       fadd_32ns_32ns_32_7_full_dsp_1_U236                                | 2   |        | tmp1_1_34                               | fadd | fulldsp | 6       |
|       fadd_32ns_32ns_32_7_full_dsp_1_U237                                | 2   |        | tmp1_2_34                               | fadd | fulldsp | 6       |
|       fadd_32ns_32ns_32_7_full_dsp_1_U264                                | 2   |        | tmp1_34                                 | fadd | fulldsp | 6       |
|       fadd_32ns_32ns_32_7_full_dsp_1_U280                                | 2   |        | arg1_result_34                          | fadd | fulldsp | 6       |
|       fadd_32ns_32ns_32_7_full_dsp_1_U238                                | 2   |        | tmp1_1_35                               | fadd | fulldsp | 6       |
|       fadd_32ns_32ns_32_7_full_dsp_1_U239                                | 2   |        | tmp1_2_35                               | fadd | fulldsp | 6       |
|       fadd_32ns_32ns_32_7_full_dsp_1_U265                                | 2   |        | tmp1_35                                 | fadd | fulldsp | 6       |
|       fadd_32ns_32ns_32_7_full_dsp_1_U281                                | 2   |        | arg1_result_35                          | fadd | fulldsp | 6       |
|       fadd_32ns_32ns_32_7_full_dsp_1_U240                                | 2   |        | tmp1_1_36                               | fadd | fulldsp | 6       |
|       fadd_32ns_32ns_32_7_full_dsp_1_U241                                | 2   |        | tmp1_2_36                               | fadd | fulldsp | 6       |
|       fadd_32ns_32ns_32_7_full_dsp_1_U266                                | 2   |        | tmp1_36                                 | fadd | fulldsp | 6       |
|       fadd_32ns_32ns_32_7_full_dsp_1_U282                                | 2   |        | arg1_result_36                          | fadd | fulldsp | 6       |
|       fadd_32ns_32ns_32_7_full_dsp_1_U242                                | 2   |        | tmp1_1_37                               | fadd | fulldsp | 6       |
|       fadd_32ns_32ns_32_7_full_dsp_1_U243                                | 2   |        | tmp1_2_37                               | fadd | fulldsp | 6       |
|       fadd_32ns_32ns_32_7_full_dsp_1_U267                                | 2   |        | tmp1_37                                 | fadd | fulldsp | 6       |
|       fadd_32ns_32ns_32_7_full_dsp_1_U283                                | 2   |        | arg1_result_37                          | fadd | fulldsp | 6       |
|       fadd_32ns_32ns_32_7_full_dsp_1_U244                                | 2   |        | tmp1_1_38                               | fadd | fulldsp | 6       |
|       fadd_32ns_32ns_32_7_full_dsp_1_U245                                | 2   |        | tmp1_2_38                               | fadd | fulldsp | 6       |
|       fadd_32ns_32ns_32_7_full_dsp_1_U268                                | 2   |        | tmp1_38                                 | fadd | fulldsp | 6       |
|       fadd_32ns_32ns_32_7_full_dsp_1_U284                                | 2   |        | arg1_result_38                          | fadd | fulldsp | 6       |
|       fadd_32ns_32ns_32_7_full_dsp_1_U246                                | 2   |        | tmp1_1_39                               | fadd | fulldsp | 6       |
|       fadd_32ns_32ns_32_7_full_dsp_1_U247                                | 2   |        | tmp1_2_39                               | fadd | fulldsp | 6       |
|       fadd_32ns_32ns_32_7_full_dsp_1_U269                                | 2   |        | tmp1_39                                 | fadd | fulldsp | 6       |
|       fadd_32ns_32ns_32_7_full_dsp_1_U285                                | 2   |        | arg1_result_39                          | fadd | fulldsp | 6       |
|       fadd_32ns_32ns_32_7_full_dsp_1_U248                                | 2   |        | tmp1_1_40                               | fadd | fulldsp | 6       |
|       fadd_32ns_32ns_32_7_full_dsp_1_U249                                | 2   |        | tmp1_2_40                               | fadd | fulldsp | 6       |
|       fadd_32ns_32ns_32_7_full_dsp_1_U270                                | 2   |        | tmp1_40                                 | fadd | fulldsp | 6       |
|       fadd_32ns_32ns_32_7_full_dsp_1_U286                                | 2   |        | arg1_result_40                          | fadd | fulldsp | 6       |
|       fadd_32ns_32ns_32_7_full_dsp_1_U250                                | 2   |        | tmp1_1_41                               | fadd | fulldsp | 6       |
|       fadd_32ns_32ns_32_7_full_dsp_1_U251                                | 2   |        | tmp1_2_41                               | fadd | fulldsp | 6       |
|       fadd_32ns_32ns_32_7_full_dsp_1_U271                                | 2   |        | tmp1_41                                 | fadd | fulldsp | 6       |
|       fadd_32ns_32ns_32_7_full_dsp_1_U287                                | 2   |        | arg1_result_41                          | fadd | fulldsp | 6       |
|       fadd_32ns_32ns_32_7_full_dsp_1_U252                                | 2   |        | tmp1_1_42                               | fadd | fulldsp | 6       |
|       fadd_32ns_32ns_32_7_full_dsp_1_U253                                | 2   |        | tmp1_2_42                               | fadd | fulldsp | 6       |
|       fadd_32ns_32ns_32_7_full_dsp_1_U272                                | 2   |        | tmp1_42                                 | fadd | fulldsp | 6       |
|       fadd_32ns_32ns_32_7_full_dsp_1_U288                                | 2   |        | arg1_result_42                          | fadd | fulldsp | 6       |
|       fadd_32ns_32ns_32_7_full_dsp_1_U254                                | 2   |        | tmp1_1_43                               | fadd | fulldsp | 6       |
|       fadd_32ns_32ns_32_7_full_dsp_1_U255                                | 2   |        | tmp1_2_43                               | fadd | fulldsp | 6       |
|       fadd_32ns_32ns_32_7_full_dsp_1_U273                                | 2   |        | tmp1_43                                 | fadd | fulldsp | 6       |
|       fadd_32ns_32ns_32_7_full_dsp_1_U289                                | 2   |        | arg1_result_43                          | fadd | fulldsp | 6       |
|       fadd_32ns_32ns_32_7_full_dsp_1_U256                                | 2   |        | tmp1_1_44                               | fadd | fulldsp | 6       |
|       fadd_32ns_32ns_32_7_full_dsp_1_U257                                | 2   |        | tmp1_2_44                               | fadd | fulldsp | 6       |
|       fadd_32ns_32ns_32_7_full_dsp_1_U274                                | 2   |        | tmp1_44                                 | fadd | fulldsp | 6       |
|       fadd_32ns_32ns_32_7_full_dsp_1_U290                                | 2   |        | arg1_result_44                          | fadd | fulldsp | 6       |
|       fadd_32ns_32ns_32_7_full_dsp_1_U258                                | 2   |        | tmp1_1_45                               | fadd | fulldsp | 6       |
|       fadd_32ns_32ns_32_7_full_dsp_1_U259                                | 2   |        | tmp1_2_45                               | fadd | fulldsp | 6       |
|       fadd_32ns_32ns_32_7_full_dsp_1_U275                                | 2   |        | tmp1_45                                 | fadd | fulldsp | 6       |
|       fadd_32ns_32ns_32_7_full_dsp_1_U291                                | 2   |        | arg1_result_45                          | fadd | fulldsp | 6       |
|      + generic_ldexp_float_s (tmp2_generic_ldexp_float_s_fu_380)         | 0   |        |                                         |      |         |         |
|        add_ln17_fu_82_p2                                                 | -   |        | add_ln17                                | add  | fabric  | 0       |
|        xs_exp_V_fu_130_p2                                                | -   |        | xs_exp_V                                | add  | fabric  | 0       |
|      + generic_ldexp_float_s (tmp3_generic_ldexp_float_s_fu_387)         | 0   |        |                                         |      |         |         |
|        add_ln17_fu_82_p2                                                 | -   |        | add_ln17                                | add  | fabric  | 0       |
|        xs_exp_V_fu_130_p2                                                | -   |        | xs_exp_V                                | add  | fabric  | 0       |
|      + generic_ldexp_float_s (tmp2_31_generic_ldexp_float_s_fu_394)      | 0   |        |                                         |      |         |         |
|        add_ln17_fu_82_p2                                                 | -   |        | add_ln17                                | add  | fabric  | 0       |
|        xs_exp_V_fu_130_p2                                                | -   |        | xs_exp_V                                | add  | fabric  | 0       |
|      + generic_ldexp_float_s (tmp3_31_generic_ldexp_float_s_fu_401)      | 0   |        |                                         |      |         |         |
|        add_ln17_fu_82_p2                                                 | -   |        | add_ln17                                | add  | fabric  | 0       |
|        xs_exp_V_fu_130_p2                                                | -   |        | xs_exp_V                                | add  | fabric  | 0       |
|      + generic_ldexp_float_s (tmp2_32_generic_ldexp_float_s_fu_408)      | 0   |        |                                         |      |         |         |
|        add_ln17_fu_82_p2                                                 | -   |        | add_ln17                                | add  | fabric  | 0       |
|        xs_exp_V_fu_130_p2                                                | -   |        | xs_exp_V                                | add  | fabric  | 0       |
|      + generic_ldexp_float_s (tmp3_32_generic_ldexp_float_s_fu_415)      | 0   |        |                                         |      |         |         |
|        add_ln17_fu_82_p2                                                 | -   |        | add_ln17                                | add  | fabric  | 0       |
|        xs_exp_V_fu_130_p2                                                | -   |        | xs_exp_V                                | add  | fabric  | 0       |
|      + generic_ldexp_float_s (tmp2_33_generic_ldexp_float_s_fu_422)      | 0   |        |                                         |      |         |         |
|        add_ln17_fu_82_p2                                                 | -   |        | add_ln17                                | add  | fabric  | 0       |
|        xs_exp_V_fu_130_p2                                                | -   |        | xs_exp_V                                | add  | fabric  | 0       |
|      + generic_ldexp_float_s (tmp3_33_generic_ldexp_float_s_fu_429)      | 0   |        |                                         |      |         |         |
|        add_ln17_fu_82_p2                                                 | -   |        | add_ln17                                | add  | fabric  | 0       |
|        xs_exp_V_fu_130_p2                                                | -   |        | xs_exp_V                                | add  | fabric  | 0       |
|      + generic_ldexp_float_s (tmp2_34_generic_ldexp_float_s_fu_436)      | 0   |        |                                         |      |         |         |
|        add_ln17_fu_82_p2                                                 | -   |        | add_ln17                                | add  | fabric  | 0       |
|        xs_exp_V_fu_130_p2                                                | -   |        | xs_exp_V                                | add  | fabric  | 0       |
|      + generic_ldexp_float_s (tmp3_34_generic_ldexp_float_s_fu_443)      | 0   |        |                                         |      |         |         |
|        add_ln17_fu_82_p2                                                 | -   |        | add_ln17                                | add  | fabric  | 0       |
|        xs_exp_V_fu_130_p2                                                | -   |        | xs_exp_V                                | add  | fabric  | 0       |
|      + generic_ldexp_float_s (tmp2_35_generic_ldexp_float_s_fu_450)      | 0   |        |                                         |      |         |         |
|        add_ln17_fu_82_p2                                                 | -   |        | add_ln17                                | add  | fabric  | 0       |
|        xs_exp_V_fu_130_p2                                                | -   |        | xs_exp_V                                | add  | fabric  | 0       |
|      + generic_ldexp_float_s (tmp3_35_generic_ldexp_float_s_fu_457)      | 0   |        |                                         |      |         |         |
|        add_ln17_fu_82_p2                                                 | -   |        | add_ln17                                | add  | fabric  | 0       |
|        xs_exp_V_fu_130_p2                                                | -   |        | xs_exp_V                                | add  | fabric  | 0       |
|      + generic_ldexp_float_s (tmp2_36_generic_ldexp_float_s_fu_464)      | 0   |        |                                         |      |         |         |
|        add_ln17_fu_82_p2                                                 | -   |        | add_ln17                                | add  | fabric  | 0       |
|        xs_exp_V_fu_130_p2                                                | -   |        | xs_exp_V                                | add  | fabric  | 0       |
|      + generic_ldexp_float_s (tmp3_36_generic_ldexp_float_s_fu_471)      | 0   |        |                                         |      |         |         |
|        add_ln17_fu_82_p2                                                 | -   |        | add_ln17                                | add  | fabric  | 0       |
|        xs_exp_V_fu_130_p2                                                | -   |        | xs_exp_V                                | add  | fabric  | 0       |
|      + generic_ldexp_float_s (tmp2_37_generic_ldexp_float_s_fu_478)      | 0   |        |                                         |      |         |         |
|        add_ln17_fu_82_p2                                                 | -   |        | add_ln17                                | add  | fabric  | 0       |
|        xs_exp_V_fu_130_p2                                                | -   |        | xs_exp_V                                | add  | fabric  | 0       |
|      + generic_ldexp_float_s (tmp3_37_generic_ldexp_float_s_fu_485)      | 0   |        |                                         |      |         |         |
|        add_ln17_fu_82_p2                                                 | -   |        | add_ln17                                | add  | fabric  | 0       |
|        xs_exp_V_fu_130_p2                                                | -   |        | xs_exp_V                                | add  | fabric  | 0       |
|      + generic_ldexp_float_s (tmp2_38_generic_ldexp_float_s_fu_492)      | 0   |        |                                         |      |         |         |
|        add_ln17_fu_82_p2                                                 | -   |        | add_ln17                                | add  | fabric  | 0       |
|        xs_exp_V_fu_130_p2                                                | -   |        | xs_exp_V                                | add  | fabric  | 0       |
|      + generic_ldexp_float_s (tmp3_38_generic_ldexp_float_s_fu_499)      | 0   |        |                                         |      |         |         |
|        add_ln17_fu_82_p2                                                 | -   |        | add_ln17                                | add  | fabric  | 0       |
|        xs_exp_V_fu_130_p2                                                | -   |        | xs_exp_V                                | add  | fabric  | 0       |
|      + generic_ldexp_float_s (tmp2_39_generic_ldexp_float_s_fu_506)      | 0   |        |                                         |      |         |         |
|        add_ln17_fu_82_p2                                                 | -   |        | add_ln17                                | add  | fabric  | 0       |
|        xs_exp_V_fu_130_p2                                                | -   |        | xs_exp_V                                | add  | fabric  | 0       |
|      + generic_ldexp_float_s (tmp3_39_generic_ldexp_float_s_fu_513)      | 0   |        |                                         |      |         |         |
|        add_ln17_fu_82_p2                                                 | -   |        | add_ln17                                | add  | fabric  | 0       |
|        xs_exp_V_fu_130_p2                                                | -   |        | xs_exp_V                                | add  | fabric  | 0       |
|      + generic_ldexp_float_s (tmp2_40_generic_ldexp_float_s_fu_520)      | 0   |        |                                         |      |         |         |
|        add_ln17_fu_82_p2                                                 | -   |        | add_ln17                                | add  | fabric  | 0       |
|        xs_exp_V_fu_130_p2                                                | -   |        | xs_exp_V                                | add  | fabric  | 0       |
|      + generic_ldexp_float_s (tmp3_40_generic_ldexp_float_s_fu_527)      | 0   |        |                                         |      |         |         |
|        add_ln17_fu_82_p2                                                 | -   |        | add_ln17                                | add  | fabric  | 0       |
|        xs_exp_V_fu_130_p2                                                | -   |        | xs_exp_V                                | add  | fabric  | 0       |
|      + generic_ldexp_float_s (tmp2_41_generic_ldexp_float_s_fu_534)      | 0   |        |                                         |      |         |         |
|        add_ln17_fu_82_p2                                                 | -   |        | add_ln17                                | add  | fabric  | 0       |
|        xs_exp_V_fu_130_p2                                                | -   |        | xs_exp_V                                | add  | fabric  | 0       |
|      + generic_ldexp_float_s (tmp3_41_generic_ldexp_float_s_fu_541)      | 0   |        |                                         |      |         |         |
|        add_ln17_fu_82_p2                                                 | -   |        | add_ln17                                | add  | fabric  | 0       |
|        xs_exp_V_fu_130_p2                                                | -   |        | xs_exp_V                                | add  | fabric  | 0       |
|      + generic_ldexp_float_s (tmp2_42_generic_ldexp_float_s_fu_548)      | 0   |        |                                         |      |         |         |
|        add_ln17_fu_82_p2                                                 | -   |        | add_ln17                                | add  | fabric  | 0       |
|        xs_exp_V_fu_130_p2                                                | -   |        | xs_exp_V                                | add  | fabric  | 0       |
|      + generic_ldexp_float_s (tmp3_42_generic_ldexp_float_s_fu_555)      | 0   |        |                                         |      |         |         |
|        add_ln17_fu_82_p2                                                 | -   |        | add_ln17                                | add  | fabric  | 0       |
|        xs_exp_V_fu_130_p2                                                | -   |        | xs_exp_V                                | add  | fabric  | 0       |
|      + generic_ldexp_float_s (tmp2_43_generic_ldexp_float_s_fu_562)      | 0   |        |                                         |      |         |         |
|        add_ln17_fu_82_p2                                                 | -   |        | add_ln17                                | add  | fabric  | 0       |
|        xs_exp_V_fu_130_p2                                                | -   |        | xs_exp_V                                | add  | fabric  | 0       |
|      + generic_ldexp_float_s (tmp3_43_generic_ldexp_float_s_fu_569)      | 0   |        |                                         |      |         |         |
|        add_ln17_fu_82_p2                                                 | -   |        | add_ln17                                | add  | fabric  | 0       |
|        xs_exp_V_fu_130_p2                                                | -   |        | xs_exp_V                                | add  | fabric  | 0       |
|      + generic_ldexp_float_s (tmp2_44_generic_ldexp_float_s_fu_576)      | 0   |        |                                         |      |         |         |
|        add_ln17_fu_82_p2                                                 | -   |        | add_ln17                                | add  | fabric  | 0       |
|        xs_exp_V_fu_130_p2                                                | -   |        | xs_exp_V                                | add  | fabric  | 0       |
|      + generic_ldexp_float_s (tmp3_44_generic_ldexp_float_s_fu_583)      | 0   |        |                                         |      |         |         |
|        add_ln17_fu_82_p2                                                 | -   |        | add_ln17                                | add  | fabric  | 0       |
|        xs_exp_V_fu_130_p2                                                | -   |        | xs_exp_V                                | add  | fabric  | 0       |
|      + generic_ldexp_float_s (tmp2_45_generic_ldexp_float_s_fu_590)      | 0   |        |                                         |      |         |         |
|        add_ln17_fu_82_p2                                                 | -   |        | add_ln17                                | add  | fabric  | 0       |
|        xs_exp_V_fu_130_p2                                                | -   |        | xs_exp_V                                | add  | fabric  | 0       |
|      + generic_ldexp_float_s (tmp3_45_generic_ldexp_float_s_fu_597)      | 0   |        |                                         |      |         |         |
|        add_ln17_fu_82_p2                                                 | -   |        | add_ln17                                | add  | fabric  | 0       |
|        xs_exp_V_fu_130_p2                                                | -   |        | xs_exp_V                                | add  | fabric  | 0       |
|   + kernel_poisson_kernel_stencil_PE_unsigned_short_4_unsigned_short_2_s | 130 |        |                                         |      |         |         |
|    + stencilRun_1                                                        | 130 |        |                                         |      |         |         |
|      adj_half_span_x_upper_fu_151_p2                                     | -   |        | adj_half_span_x_upper                   | add  | fabric  | 0       |
|      upper_limit_y_fu_168_p2                                             | -   |        | upper_limit_y                           | add  | fabric  | 0       |
|      mul_mul_16ns_14ns_30_4_1_U404                                       | 1   |        | S2D_00_P10_M10_0P1_0M1_read_ub_itr      | mul  | dsp48   | 3       |
|      cond_x_val_fu_174_p2                                                | -   |        | cond_x_val                              | add  | fabric  | 0       |
|      cond_y_val_fu_181_p2                                                | -   |        | cond_y_val                              | add  | fabric  | 0       |
|      mul_mul_16ns_14ns_30_4_1_U405                                       | 1   |        | mul_ln239                               | mul  | dsp48   | 3       |
|     + stencilRun_1_Pipeline_VITIS_LOOP_239_1                             | 128 |        |                                         |      |         |         |
|       itr_fu_945_p2                                                      | -   |        | itr                                     | add  | fabric  | 0       |
|       i_8_fu_1933_p2                                                     | -   |        | i_8                                     | add  | fabric  | 0       |
|       add_ln275_fu_1953_p2                                               | -   |        | add_ln275                               | add  | fabric  | 0       |
|       S2D_00_P10_M10_0P1_0M1_buf_r0_1_p0_rd_7_fu_1326_p2                 | -   |        | S2D_00_P10_M10_0P1_0M1_buf_r0_1_p0_rd_7 | add  | fabric  | 0       |
|       S2D_00_P10_M10_0P1_0M1_buf_r0_1_p0_wr_7_fu_1057_p2                 | -   |        | S2D_00_P10_M10_0P1_0M1_buf_r0_1_p0_wr_7 | add  | fabric  | 0       |
|       S2D_00_P10_M10_0P1_0M1_buf_r1_2_p0_rd_7_fu_1082_p2                 | -   |        | S2D_00_P10_M10_0P1_0M1_buf_r1_2_p0_rd_7 | add  | fabric  | 0       |
|       S2D_00_P10_M10_0P1_0M1_buf_r1_2_p0_wr_7_fu_994_p2                  | -   |        | S2D_00_P10_M10_0P1_0M1_buf_r1_2_p0_wr_7 | add  | fabric  | 0       |
|       fadd_32ns_32ns_32_7_full_dsp_1_U327                                | 2   |        | tmp1_1                                  | fadd | fulldsp | 6       |
|       fadd_32ns_32ns_32_7_full_dsp_1_U328                                | 2   |        | tmp1_2                                  | fadd | fulldsp | 6       |
|       fadd_32ns_32ns_32_7_full_dsp_1_U359                                | 2   |        | tmp1                                    | fadd | fulldsp | 6       |
|       fadd_32ns_32ns_32_7_full_dsp_1_U375                                | 2   |        | arg1_result                             | fadd | fulldsp | 6       |
|       fadd_32ns_32ns_32_7_full_dsp_1_U329                                | 2   |        | tmp1_1_46                               | fadd | fulldsp | 6       |
|       fadd_32ns_32ns_32_7_full_dsp_1_U330                                | 2   |        | tmp1_2_46                               | fadd | fulldsp | 6       |
|       fadd_32ns_32ns_32_7_full_dsp_1_U360                                | 2   |        | tmp1_46                                 | fadd | fulldsp | 6       |
|       fadd_32ns_32ns_32_7_full_dsp_1_U376                                | 2   |        | arg1_result_46                          | fadd | fulldsp | 6       |
|       fadd_32ns_32ns_32_7_full_dsp_1_U331                                | 2   |        | tmp1_1_47                               | fadd | fulldsp | 6       |
|       fadd_32ns_32ns_32_7_full_dsp_1_U332                                | 2   |        | tmp1_2_47                               | fadd | fulldsp | 6       |
|       fadd_32ns_32ns_32_7_full_dsp_1_U361                                | 2   |        | tmp1_47                                 | fadd | fulldsp | 6       |
|       fadd_32ns_32ns_32_7_full_dsp_1_U377                                | 2   |        | arg1_result_47                          | fadd | fulldsp | 6       |
|       fadd_32ns_32ns_32_7_full_dsp_1_U333                                | 2   |        | tmp1_1_48                               | fadd | fulldsp | 6       |
|       fadd_32ns_32ns_32_7_full_dsp_1_U334                                | 2   |        | tmp1_2_48                               | fadd | fulldsp | 6       |
|       fadd_32ns_32ns_32_7_full_dsp_1_U362                                | 2   |        | tmp1_48                                 | fadd | fulldsp | 6       |
|       fadd_32ns_32ns_32_7_full_dsp_1_U378                                | 2   |        | arg1_result_48                          | fadd | fulldsp | 6       |
|       fadd_32ns_32ns_32_7_full_dsp_1_U335                                | 2   |        | tmp1_1_49                               | fadd | fulldsp | 6       |
|       fadd_32ns_32ns_32_7_full_dsp_1_U336                                | 2   |        | tmp1_2_49                               | fadd | fulldsp | 6       |
|       fadd_32ns_32ns_32_7_full_dsp_1_U363                                | 2   |        | tmp1_49                                 | fadd | fulldsp | 6       |
|       fadd_32ns_32ns_32_7_full_dsp_1_U379                                | 2   |        | arg1_result_49                          | fadd | fulldsp | 6       |
|       fadd_32ns_32ns_32_7_full_dsp_1_U337                                | 2   |        | tmp1_1_50                               | fadd | fulldsp | 6       |
|       fadd_32ns_32ns_32_7_full_dsp_1_U338                                | 2   |        | tmp1_2_50                               | fadd | fulldsp | 6       |
|       fadd_32ns_32ns_32_7_full_dsp_1_U364                                | 2   |        | tmp1_50                                 | fadd | fulldsp | 6       |
|       fadd_32ns_32ns_32_7_full_dsp_1_U380                                | 2   |        | arg1_result_50                          | fadd | fulldsp | 6       |
|       fadd_32ns_32ns_32_7_full_dsp_1_U339                                | 2   |        | tmp1_1_51                               | fadd | fulldsp | 6       |
|       fadd_32ns_32ns_32_7_full_dsp_1_U340                                | 2   |        | tmp1_2_51                               | fadd | fulldsp | 6       |
|       fadd_32ns_32ns_32_7_full_dsp_1_U365                                | 2   |        | tmp1_51                                 | fadd | fulldsp | 6       |
|       fadd_32ns_32ns_32_7_full_dsp_1_U381                                | 2   |        | arg1_result_51                          | fadd | fulldsp | 6       |
|       fadd_32ns_32ns_32_7_full_dsp_1_U341                                | 2   |        | tmp1_1_52                               | fadd | fulldsp | 6       |
|       fadd_32ns_32ns_32_7_full_dsp_1_U342                                | 2   |        | tmp1_2_52                               | fadd | fulldsp | 6       |
|       fadd_32ns_32ns_32_7_full_dsp_1_U366                                | 2   |        | tmp1_52                                 | fadd | fulldsp | 6       |
|       fadd_32ns_32ns_32_7_full_dsp_1_U382                                | 2   |        | arg1_result_52                          | fadd | fulldsp | 6       |
|       fadd_32ns_32ns_32_7_full_dsp_1_U343                                | 2   |        | tmp1_1_53                               | fadd | fulldsp | 6       |
|       fadd_32ns_32ns_32_7_full_dsp_1_U344                                | 2   |        | tmp1_2_53                               | fadd | fulldsp | 6       |
|       fadd_32ns_32ns_32_7_full_dsp_1_U367                                | 2   |        | tmp1_53                                 | fadd | fulldsp | 6       |
|       fadd_32ns_32ns_32_7_full_dsp_1_U383                                | 2   |        | arg1_result_53                          | fadd | fulldsp | 6       |
|       fadd_32ns_32ns_32_7_full_dsp_1_U345                                | 2   |        | tmp1_1_54                               | fadd | fulldsp | 6       |
|       fadd_32ns_32ns_32_7_full_dsp_1_U346                                | 2   |        | tmp1_2_54                               | fadd | fulldsp | 6       |
|       fadd_32ns_32ns_32_7_full_dsp_1_U368                                | 2   |        | tmp1_54                                 | fadd | fulldsp | 6       |
|       fadd_32ns_32ns_32_7_full_dsp_1_U384                                | 2   |        | arg1_result_54                          | fadd | fulldsp | 6       |
|       fadd_32ns_32ns_32_7_full_dsp_1_U347                                | 2   |        | tmp1_1_55                               | fadd | fulldsp | 6       |
|       fadd_32ns_32ns_32_7_full_dsp_1_U348                                | 2   |        | tmp1_2_55                               | fadd | fulldsp | 6       |
|       fadd_32ns_32ns_32_7_full_dsp_1_U369                                | 2   |        | tmp1_55                                 | fadd | fulldsp | 6       |
|       fadd_32ns_32ns_32_7_full_dsp_1_U385                                | 2   |        | arg1_result_55                          | fadd | fulldsp | 6       |
|       fadd_32ns_32ns_32_7_full_dsp_1_U349                                | 2   |        | tmp1_1_56                               | fadd | fulldsp | 6       |
|       fadd_32ns_32ns_32_7_full_dsp_1_U350                                | 2   |        | tmp1_2_56                               | fadd | fulldsp | 6       |
|       fadd_32ns_32ns_32_7_full_dsp_1_U370                                | 2   |        | tmp1_56                                 | fadd | fulldsp | 6       |
|       fadd_32ns_32ns_32_7_full_dsp_1_U386                                | 2   |        | arg1_result_56                          | fadd | fulldsp | 6       |
|       fadd_32ns_32ns_32_7_full_dsp_1_U351                                | 2   |        | tmp1_1_57                               | fadd | fulldsp | 6       |
|       fadd_32ns_32ns_32_7_full_dsp_1_U352                                | 2   |        | tmp1_2_57                               | fadd | fulldsp | 6       |
|       fadd_32ns_32ns_32_7_full_dsp_1_U371                                | 2   |        | tmp1_57                                 | fadd | fulldsp | 6       |
|       fadd_32ns_32ns_32_7_full_dsp_1_U387                                | 2   |        | arg1_result_57                          | fadd | fulldsp | 6       |
|       fadd_32ns_32ns_32_7_full_dsp_1_U353                                | 2   |        | tmp1_1_58                               | fadd | fulldsp | 6       |
|       fadd_32ns_32ns_32_7_full_dsp_1_U354                                | 2   |        | tmp1_2_58                               | fadd | fulldsp | 6       |
|       fadd_32ns_32ns_32_7_full_dsp_1_U372                                | 2   |        | tmp1_58                                 | fadd | fulldsp | 6       |
|       fadd_32ns_32ns_32_7_full_dsp_1_U388                                | 2   |        | arg1_result_58                          | fadd | fulldsp | 6       |
|       fadd_32ns_32ns_32_7_full_dsp_1_U355                                | 2   |        | tmp1_1_59                               | fadd | fulldsp | 6       |
|       fadd_32ns_32ns_32_7_full_dsp_1_U356                                | 2   |        | tmp1_2_59                               | fadd | fulldsp | 6       |
|       fadd_32ns_32ns_32_7_full_dsp_1_U373                                | 2   |        | tmp1_59                                 | fadd | fulldsp | 6       |
|       fadd_32ns_32ns_32_7_full_dsp_1_U389                                | 2   |        | arg1_result_59                          | fadd | fulldsp | 6       |
|       fadd_32ns_32ns_32_7_full_dsp_1_U357                                | 2   |        | tmp1_1_60                               | fadd | fulldsp | 6       |
|       fadd_32ns_32ns_32_7_full_dsp_1_U358                                | 2   |        | tmp1_2_60                               | fadd | fulldsp | 6       |
|       fadd_32ns_32ns_32_7_full_dsp_1_U374                                | 2   |        | tmp1_60                                 | fadd | fulldsp | 6       |
|       fadd_32ns_32ns_32_7_full_dsp_1_U390                                | 2   |        | arg1_result_60                          | fadd | fulldsp | 6       |
|      + generic_ldexp_float_s (tmp2_generic_ldexp_float_s_fu_380)         | 0   |        |                                         |      |         |         |
|        add_ln17_fu_82_p2                                                 | -   |        | add_ln17                                | add  | fabric  | 0       |
|        xs_exp_V_fu_130_p2                                                | -   |        | xs_exp_V                                | add  | fabric  | 0       |
|      + generic_ldexp_float_s (tmp3_generic_ldexp_float_s_fu_387)         | 0   |        |                                         |      |         |         |
|        add_ln17_fu_82_p2                                                 | -   |        | add_ln17                                | add  | fabric  | 0       |
|        xs_exp_V_fu_130_p2                                                | -   |        | xs_exp_V                                | add  | fabric  | 0       |
|      + generic_ldexp_float_s (tmp2_46_generic_ldexp_float_s_fu_394)      | 0   |        |                                         |      |         |         |
|        add_ln17_fu_82_p2                                                 | -   |        | add_ln17                                | add  | fabric  | 0       |
|        xs_exp_V_fu_130_p2                                                | -   |        | xs_exp_V                                | add  | fabric  | 0       |
|      + generic_ldexp_float_s (tmp3_46_generic_ldexp_float_s_fu_401)      | 0   |        |                                         |      |         |         |
|        add_ln17_fu_82_p2                                                 | -   |        | add_ln17                                | add  | fabric  | 0       |
|        xs_exp_V_fu_130_p2                                                | -   |        | xs_exp_V                                | add  | fabric  | 0       |
|      + generic_ldexp_float_s (tmp2_47_generic_ldexp_float_s_fu_408)      | 0   |        |                                         |      |         |         |
|        add_ln17_fu_82_p2                                                 | -   |        | add_ln17                                | add  | fabric  | 0       |
|        xs_exp_V_fu_130_p2                                                | -   |        | xs_exp_V                                | add  | fabric  | 0       |
|      + generic_ldexp_float_s (tmp3_47_generic_ldexp_float_s_fu_415)      | 0   |        |                                         |      |         |         |
|        add_ln17_fu_82_p2                                                 | -   |        | add_ln17                                | add  | fabric  | 0       |
|        xs_exp_V_fu_130_p2                                                | -   |        | xs_exp_V                                | add  | fabric  | 0       |
|      + generic_ldexp_float_s (tmp2_48_generic_ldexp_float_s_fu_422)      | 0   |        |                                         |      |         |         |
|        add_ln17_fu_82_p2                                                 | -   |        | add_ln17                                | add  | fabric  | 0       |
|        xs_exp_V_fu_130_p2                                                | -   |        | xs_exp_V                                | add  | fabric  | 0       |
|      + generic_ldexp_float_s (tmp3_48_generic_ldexp_float_s_fu_429)      | 0   |        |                                         |      |         |         |
|        add_ln17_fu_82_p2                                                 | -   |        | add_ln17                                | add  | fabric  | 0       |
|        xs_exp_V_fu_130_p2                                                | -   |        | xs_exp_V                                | add  | fabric  | 0       |
|      + generic_ldexp_float_s (tmp2_49_generic_ldexp_float_s_fu_436)      | 0   |        |                                         |      |         |         |
|        add_ln17_fu_82_p2                                                 | -   |        | add_ln17                                | add  | fabric  | 0       |
|        xs_exp_V_fu_130_p2                                                | -   |        | xs_exp_V                                | add  | fabric  | 0       |
|      + generic_ldexp_float_s (tmp3_49_generic_ldexp_float_s_fu_443)      | 0   |        |                                         |      |         |         |
|        add_ln17_fu_82_p2                                                 | -   |        | add_ln17                                | add  | fabric  | 0       |
|        xs_exp_V_fu_130_p2                                                | -   |        | xs_exp_V                                | add  | fabric  | 0       |
|      + generic_ldexp_float_s (tmp2_50_generic_ldexp_float_s_fu_450)      | 0   |        |                                         |      |         |         |
|        add_ln17_fu_82_p2                                                 | -   |        | add_ln17                                | add  | fabric  | 0       |
|        xs_exp_V_fu_130_p2                                                | -   |        | xs_exp_V                                | add  | fabric  | 0       |
|      + generic_ldexp_float_s (tmp3_50_generic_ldexp_float_s_fu_457)      | 0   |        |                                         |      |         |         |
|        add_ln17_fu_82_p2                                                 | -   |        | add_ln17                                | add  | fabric  | 0       |
|        xs_exp_V_fu_130_p2                                                | -   |        | xs_exp_V                                | add  | fabric  | 0       |
|      + generic_ldexp_float_s (tmp2_51_generic_ldexp_float_s_fu_464)      | 0   |        |                                         |      |         |         |
|        add_ln17_fu_82_p2                                                 | -   |        | add_ln17                                | add  | fabric  | 0       |
|        xs_exp_V_fu_130_p2                                                | -   |        | xs_exp_V                                | add  | fabric  | 0       |
|      + generic_ldexp_float_s (tmp3_51_generic_ldexp_float_s_fu_471)      | 0   |        |                                         |      |         |         |
|        add_ln17_fu_82_p2                                                 | -   |        | add_ln17                                | add  | fabric  | 0       |
|        xs_exp_V_fu_130_p2                                                | -   |        | xs_exp_V                                | add  | fabric  | 0       |
|      + generic_ldexp_float_s (tmp2_52_generic_ldexp_float_s_fu_478)      | 0   |        |                                         |      |         |         |
|        add_ln17_fu_82_p2                                                 | -   |        | add_ln17                                | add  | fabric  | 0       |
|        xs_exp_V_fu_130_p2                                                | -   |        | xs_exp_V                                | add  | fabric  | 0       |
|      + generic_ldexp_float_s (tmp3_52_generic_ldexp_float_s_fu_485)      | 0   |        |                                         |      |         |         |
|        add_ln17_fu_82_p2                                                 | -   |        | add_ln17                                | add  | fabric  | 0       |
|        xs_exp_V_fu_130_p2                                                | -   |        | xs_exp_V                                | add  | fabric  | 0       |
|      + generic_ldexp_float_s (tmp2_53_generic_ldexp_float_s_fu_492)      | 0   |        |                                         |      |         |         |
|        add_ln17_fu_82_p2                                                 | -   |        | add_ln17                                | add  | fabric  | 0       |
|        xs_exp_V_fu_130_p2                                                | -   |        | xs_exp_V                                | add  | fabric  | 0       |
|      + generic_ldexp_float_s (tmp3_53_generic_ldexp_float_s_fu_499)      | 0   |        |                                         |      |         |         |
|        add_ln17_fu_82_p2                                                 | -   |        | add_ln17                                | add  | fabric  | 0       |
|        xs_exp_V_fu_130_p2                                                | -   |        | xs_exp_V                                | add  | fabric  | 0       |
|      + generic_ldexp_float_s (tmp2_54_generic_ldexp_float_s_fu_506)      | 0   |        |                                         |      |         |         |
|        add_ln17_fu_82_p2                                                 | -   |        | add_ln17                                | add  | fabric  | 0       |
|        xs_exp_V_fu_130_p2                                                | -   |        | xs_exp_V                                | add  | fabric  | 0       |
|      + generic_ldexp_float_s (tmp3_54_generic_ldexp_float_s_fu_513)      | 0   |        |                                         |      |         |         |
|        add_ln17_fu_82_p2                                                 | -   |        | add_ln17                                | add  | fabric  | 0       |
|        xs_exp_V_fu_130_p2                                                | -   |        | xs_exp_V                                | add  | fabric  | 0       |
|      + generic_ldexp_float_s (tmp2_55_generic_ldexp_float_s_fu_520)      | 0   |        |                                         |      |         |         |
|        add_ln17_fu_82_p2                                                 | -   |        | add_ln17                                | add  | fabric  | 0       |
|        xs_exp_V_fu_130_p2                                                | -   |        | xs_exp_V                                | add  | fabric  | 0       |
|      + generic_ldexp_float_s (tmp3_55_generic_ldexp_float_s_fu_527)      | 0   |        |                                         |      |         |         |
|        add_ln17_fu_82_p2                                                 | -   |        | add_ln17                                | add  | fabric  | 0       |
|        xs_exp_V_fu_130_p2                                                | -   |        | xs_exp_V                                | add  | fabric  | 0       |
|      + generic_ldexp_float_s (tmp2_56_generic_ldexp_float_s_fu_534)      | 0   |        |                                         |      |         |         |
|        add_ln17_fu_82_p2                                                 | -   |        | add_ln17                                | add  | fabric  | 0       |
|        xs_exp_V_fu_130_p2                                                | -   |        | xs_exp_V                                | add  | fabric  | 0       |
|      + generic_ldexp_float_s (tmp3_56_generic_ldexp_float_s_fu_541)      | 0   |        |                                         |      |         |         |
|        add_ln17_fu_82_p2                                                 | -   |        | add_ln17                                | add  | fabric  | 0       |
|        xs_exp_V_fu_130_p2                                                | -   |        | xs_exp_V                                | add  | fabric  | 0       |
|      + generic_ldexp_float_s (tmp2_57_generic_ldexp_float_s_fu_548)      | 0   |        |                                         |      |         |         |
|        add_ln17_fu_82_p2                                                 | -   |        | add_ln17                                | add  | fabric  | 0       |
|        xs_exp_V_fu_130_p2                                                | -   |        | xs_exp_V                                | add  | fabric  | 0       |
|      + generic_ldexp_float_s (tmp3_57_generic_ldexp_float_s_fu_555)      | 0   |        |                                         |      |         |         |
|        add_ln17_fu_82_p2                                                 | -   |        | add_ln17                                | add  | fabric  | 0       |
|        xs_exp_V_fu_130_p2                                                | -   |        | xs_exp_V                                | add  | fabric  | 0       |
|      + generic_ldexp_float_s (tmp2_58_generic_ldexp_float_s_fu_562)      | 0   |        |                                         |      |         |         |
|        add_ln17_fu_82_p2                                                 | -   |        | add_ln17                                | add  | fabric  | 0       |
|        xs_exp_V_fu_130_p2                                                | -   |        | xs_exp_V                                | add  | fabric  | 0       |
|      + generic_ldexp_float_s (tmp3_58_generic_ldexp_float_s_fu_569)      | 0   |        |                                         |      |         |         |
|        add_ln17_fu_82_p2                                                 | -   |        | add_ln17                                | add  | fabric  | 0       |
|        xs_exp_V_fu_130_p2                                                | -   |        | xs_exp_V                                | add  | fabric  | 0       |
|      + generic_ldexp_float_s (tmp2_59_generic_ldexp_float_s_fu_576)      | 0   |        |                                         |      |         |         |
|        add_ln17_fu_82_p2                                                 | -   |        | add_ln17                                | add  | fabric  | 0       |
|        xs_exp_V_fu_130_p2                                                | -   |        | xs_exp_V                                | add  | fabric  | 0       |
|      + generic_ldexp_float_s (tmp3_59_generic_ldexp_float_s_fu_583)      | 0   |        |                                         |      |         |         |
|        add_ln17_fu_82_p2                                                 | -   |        | add_ln17                                | add  | fabric  | 0       |
|        xs_exp_V_fu_130_p2                                                | -   |        | xs_exp_V                                | add  | fabric  | 0       |
|      + generic_ldexp_float_s (tmp2_60_generic_ldexp_float_s_fu_590)      | 0   |        |                                         |      |         |         |
|        add_ln17_fu_82_p2                                                 | -   |        | add_ln17                                | add  | fabric  | 0       |
|        xs_exp_V_fu_130_p2                                                | -   |        | xs_exp_V                                | add  | fabric  | 0       |
|      + generic_ldexp_float_s (tmp3_60_generic_ldexp_float_s_fu_597)      | 0   |        |                                         |      |         |         |
|        add_ln17_fu_82_p2                                                 | -   |        | add_ln17                                | add  | fabric  | 0       |
|        xs_exp_V_fu_130_p2                                                | -   |        | xs_exp_V                                | add  | fabric  | 0       |
|   + kernel_poisson_kernel_stencil_PE_unsigned_short_4_unsigned_short_3_s | 130 |        |                                         |      |         |         |
|    + stencilRun                                                          | 130 |        |                                         |      |         |         |
|      upper_limit_x_fu_151_p2                                             | -   |        | upper_limit_x                           | add  | fabric  | 0       |
|      upper_limit_y_fu_168_p2                                             | -   |        | upper_limit_y                           | add  | fabric  | 0       |
|      mul_mul_16ns_14ns_30_4_1_U503                                       | 1   |        | S2D_00_P10_M10_0P1_0M1_read_ub_itr      | mul  | dsp48   | 3       |
|      cond_x_val_fu_174_p2                                                | -   |        | cond_x_val                              | add  | fabric  | 0       |
|      cond_y_val_fu_181_p2                                                | -   |        | cond_y_val                              | add  | fabric  | 0       |
|      mul_mul_16ns_14ns_30_4_1_U504                                       | 1   |        | mul_ln239                               | mul  | dsp48   | 3       |
|     + stencilRun_Pipeline_VITIS_LOOP_239_1                               | 128 |        |                                         |      |         |         |
|       itr_fu_945_p2                                                      | -   |        | itr                                     | add  | fabric  | 0       |
|       i_1_fu_1933_p2                                                     | -   |        | i_1                                     | add  | fabric  | 0       |
|       add_ln275_fu_1953_p2                                               | -   |        | add_ln275                               | add  | fabric  | 0       |
|       S2D_00_P10_M10_0P1_0M1_buf_r0_1_p0_rd_1_fu_1326_p2                 | -   |        | S2D_00_P10_M10_0P1_0M1_buf_r0_1_p0_rd_1 | add  | fabric  | 0       |
|       S2D_00_P10_M10_0P1_0M1_buf_r0_1_p0_wr_1_fu_1057_p2                 | -   |        | S2D_00_P10_M10_0P1_0M1_buf_r0_1_p0_wr_1 | add  | fabric  | 0       |
|       S2D_00_P10_M10_0P1_0M1_buf_r1_2_p0_rd_1_fu_1082_p2                 | -   |        | S2D_00_P10_M10_0P1_0M1_buf_r1_2_p0_rd_1 | add  | fabric  | 0       |
|       S2D_00_P10_M10_0P1_0M1_buf_r1_2_p0_wr_1_fu_994_p2                  | -   |        | S2D_00_P10_M10_0P1_0M1_buf_r1_2_p0_wr_1 | add  | fabric  | 0       |
|       fadd_32ns_32ns_32_7_full_dsp_1_U426                                | 2   |        | tmp1_1                                  | fadd | fulldsp | 6       |
|       fadd_32ns_32ns_32_7_full_dsp_1_U427                                | 2   |        | tmp1_2                                  | fadd | fulldsp | 6       |
|       fadd_32ns_32ns_32_7_full_dsp_1_U458                                | 2   |        | tmp1                                    | fadd | fulldsp | 6       |
|       fadd_32ns_32ns_32_7_full_dsp_1_U474                                | 2   |        | arg1_result                             | fadd | fulldsp | 6       |
|       fadd_32ns_32ns_32_7_full_dsp_1_U428                                | 2   |        | tmp1_1_1                                | fadd | fulldsp | 6       |
|       fadd_32ns_32ns_32_7_full_dsp_1_U429                                | 2   |        | tmp1_2_1                                | fadd | fulldsp | 6       |
|       fadd_32ns_32ns_32_7_full_dsp_1_U459                                | 2   |        | tmp1_1_64                               | fadd | fulldsp | 6       |
|       fadd_32ns_32ns_32_7_full_dsp_1_U475                                | 2   |        | arg1_result_1                           | fadd | fulldsp | 6       |
|       fadd_32ns_32ns_32_7_full_dsp_1_U430                                | 2   |        | tmp1_1_2                                | fadd | fulldsp | 6       |
|       fadd_32ns_32ns_32_7_full_dsp_1_U431                                | 2   |        | tmp1_2_2                                | fadd | fulldsp | 6       |
|       fadd_32ns_32ns_32_7_full_dsp_1_U460                                | 2   |        | tmp1_2_65                               | fadd | fulldsp | 6       |
|       fadd_32ns_32ns_32_7_full_dsp_1_U476                                | 2   |        | arg1_result_2                           | fadd | fulldsp | 6       |
|       fadd_32ns_32ns_32_7_full_dsp_1_U432                                | 2   |        | tmp1_1_3                                | fadd | fulldsp | 6       |
|       fadd_32ns_32ns_32_7_full_dsp_1_U433                                | 2   |        | tmp1_2_3                                | fadd | fulldsp | 6       |
|       fadd_32ns_32ns_32_7_full_dsp_1_U461                                | 2   |        | tmp1_3                                  | fadd | fulldsp | 6       |
|       fadd_32ns_32ns_32_7_full_dsp_1_U477                                | 2   |        | arg1_result_3                           | fadd | fulldsp | 6       |
|       fadd_32ns_32ns_32_7_full_dsp_1_U434                                | 2   |        | tmp1_1_4                                | fadd | fulldsp | 6       |
|       fadd_32ns_32ns_32_7_full_dsp_1_U435                                | 2   |        | tmp1_2_4                                | fadd | fulldsp | 6       |
|       fadd_32ns_32ns_32_7_full_dsp_1_U462                                | 2   |        | tmp1_4                                  | fadd | fulldsp | 6       |
|       fadd_32ns_32ns_32_7_full_dsp_1_U478                                | 2   |        | arg1_result_4                           | fadd | fulldsp | 6       |
|       fadd_32ns_32ns_32_7_full_dsp_1_U436                                | 2   |        | tmp1_1_5                                | fadd | fulldsp | 6       |
|       fadd_32ns_32ns_32_7_full_dsp_1_U437                                | 2   |        | tmp1_2_5                                | fadd | fulldsp | 6       |
|       fadd_32ns_32ns_32_7_full_dsp_1_U463                                | 2   |        | tmp1_5                                  | fadd | fulldsp | 6       |
|       fadd_32ns_32ns_32_7_full_dsp_1_U479                                | 2   |        | arg1_result_5                           | fadd | fulldsp | 6       |
|       fadd_32ns_32ns_32_7_full_dsp_1_U438                                | 2   |        | tmp1_1_6                                | fadd | fulldsp | 6       |
|       fadd_32ns_32ns_32_7_full_dsp_1_U439                                | 2   |        | tmp1_2_6                                | fadd | fulldsp | 6       |
|       fadd_32ns_32ns_32_7_full_dsp_1_U464                                | 2   |        | tmp1_6                                  | fadd | fulldsp | 6       |
|       fadd_32ns_32ns_32_7_full_dsp_1_U480                                | 2   |        | arg1_result_6                           | fadd | fulldsp | 6       |
|       fadd_32ns_32ns_32_7_full_dsp_1_U440                                | 2   |        | tmp1_1_7                                | fadd | fulldsp | 6       |
|       fadd_32ns_32ns_32_7_full_dsp_1_U441                                | 2   |        | tmp1_2_7                                | fadd | fulldsp | 6       |
|       fadd_32ns_32ns_32_7_full_dsp_1_U465                                | 2   |        | tmp1_7                                  | fadd | fulldsp | 6       |
|       fadd_32ns_32ns_32_7_full_dsp_1_U481                                | 2   |        | arg1_result_7                           | fadd | fulldsp | 6       |
|       fadd_32ns_32ns_32_7_full_dsp_1_U442                                | 2   |        | tmp1_1_8                                | fadd | fulldsp | 6       |
|       fadd_32ns_32ns_32_7_full_dsp_1_U443                                | 2   |        | tmp1_2_8                                | fadd | fulldsp | 6       |
|       fadd_32ns_32ns_32_7_full_dsp_1_U466                                | 2   |        | tmp1_8                                  | fadd | fulldsp | 6       |
|       fadd_32ns_32ns_32_7_full_dsp_1_U482                                | 2   |        | arg1_result_8                           | fadd | fulldsp | 6       |
|       fadd_32ns_32ns_32_7_full_dsp_1_U444                                | 2   |        | tmp1_1_9                                | fadd | fulldsp | 6       |
|       fadd_32ns_32ns_32_7_full_dsp_1_U445                                | 2   |        | tmp1_2_9                                | fadd | fulldsp | 6       |
|       fadd_32ns_32ns_32_7_full_dsp_1_U467                                | 2   |        | tmp1_9                                  | fadd | fulldsp | 6       |
|       fadd_32ns_32ns_32_7_full_dsp_1_U483                                | 2   |        | arg1_result_9                           | fadd | fulldsp | 6       |
|       fadd_32ns_32ns_32_7_full_dsp_1_U446                                | 2   |        | tmp1_1_10                               | fadd | fulldsp | 6       |
|       fadd_32ns_32ns_32_7_full_dsp_1_U447                                | 2   |        | tmp1_2_10                               | fadd | fulldsp | 6       |
|       fadd_32ns_32ns_32_7_full_dsp_1_U468                                | 2   |        | tmp1_10                                 | fadd | fulldsp | 6       |
|       fadd_32ns_32ns_32_7_full_dsp_1_U484                                | 2   |        | arg1_result_10                          | fadd | fulldsp | 6       |
|       fadd_32ns_32ns_32_7_full_dsp_1_U448                                | 2   |        | tmp1_1_11                               | fadd | fulldsp | 6       |
|       fadd_32ns_32ns_32_7_full_dsp_1_U449                                | 2   |        | tmp1_2_11                               | fadd | fulldsp | 6       |
|       fadd_32ns_32ns_32_7_full_dsp_1_U469                                | 2   |        | tmp1_11                                 | fadd | fulldsp | 6       |
|       fadd_32ns_32ns_32_7_full_dsp_1_U485                                | 2   |        | arg1_result_11                          | fadd | fulldsp | 6       |
|       fadd_32ns_32ns_32_7_full_dsp_1_U450                                | 2   |        | tmp1_1_12                               | fadd | fulldsp | 6       |
|       fadd_32ns_32ns_32_7_full_dsp_1_U451                                | 2   |        | tmp1_2_12                               | fadd | fulldsp | 6       |
|       fadd_32ns_32ns_32_7_full_dsp_1_U470                                | 2   |        | tmp1_12                                 | fadd | fulldsp | 6       |
|       fadd_32ns_32ns_32_7_full_dsp_1_U486                                | 2   |        | arg1_result_12                          | fadd | fulldsp | 6       |
|       fadd_32ns_32ns_32_7_full_dsp_1_U452                                | 2   |        | tmp1_1_13                               | fadd | fulldsp | 6       |
|       fadd_32ns_32ns_32_7_full_dsp_1_U453                                | 2   |        | tmp1_2_13                               | fadd | fulldsp | 6       |
|       fadd_32ns_32ns_32_7_full_dsp_1_U471                                | 2   |        | tmp1_13                                 | fadd | fulldsp | 6       |
|       fadd_32ns_32ns_32_7_full_dsp_1_U487                                | 2   |        | arg1_result_13                          | fadd | fulldsp | 6       |
|       fadd_32ns_32ns_32_7_full_dsp_1_U454                                | 2   |        | tmp1_1_14                               | fadd | fulldsp | 6       |
|       fadd_32ns_32ns_32_7_full_dsp_1_U455                                | 2   |        | tmp1_2_14                               | fadd | fulldsp | 6       |
|       fadd_32ns_32ns_32_7_full_dsp_1_U472                                | 2   |        | tmp1_14                                 | fadd | fulldsp | 6       |
|       fadd_32ns_32ns_32_7_full_dsp_1_U488                                | 2   |        | arg1_result_14                          | fadd | fulldsp | 6       |
|       fadd_32ns_32ns_32_7_full_dsp_1_U456                                | 2   |        | tmp1_1_15                               | fadd | fulldsp | 6       |
|       fadd_32ns_32ns_32_7_full_dsp_1_U457                                | 2   |        | tmp1_2_15                               | fadd | fulldsp | 6       |
|       fadd_32ns_32ns_32_7_full_dsp_1_U473                                | 2   |        | tmp1_15                                 | fadd | fulldsp | 6       |
|       fadd_32ns_32ns_32_7_full_dsp_1_U489                                | 2   |        | arg1_result_15                          | fadd | fulldsp | 6       |
|      + generic_ldexp_float_s (tmp2_generic_ldexp_float_s_fu_380)         | 0   |        |                                         |      |         |         |
|        add_ln17_fu_82_p2                                                 | -   |        | add_ln17                                | add  | fabric  | 0       |
|        xs_exp_V_fu_130_p2                                                | -   |        | xs_exp_V                                | add  | fabric  | 0       |
|      + generic_ldexp_float_s (tmp3_generic_ldexp_float_s_fu_387)         | 0   |        |                                         |      |         |         |
|        add_ln17_fu_82_p2                                                 | -   |        | add_ln17                                | add  | fabric  | 0       |
|        xs_exp_V_fu_130_p2                                                | -   |        | xs_exp_V                                | add  | fabric  | 0       |
|      + generic_ldexp_float_s (tmp2_1_generic_ldexp_float_s_fu_394)       | 0   |        |                                         |      |         |         |
|        add_ln17_fu_82_p2                                                 | -   |        | add_ln17                                | add  | fabric  | 0       |
|        xs_exp_V_fu_130_p2                                                | -   |        | xs_exp_V                                | add  | fabric  | 0       |
|      + generic_ldexp_float_s (tmp3_1_generic_ldexp_float_s_fu_401)       | 0   |        |                                         |      |         |         |
|        add_ln17_fu_82_p2                                                 | -   |        | add_ln17                                | add  | fabric  | 0       |
|        xs_exp_V_fu_130_p2                                                | -   |        | xs_exp_V                                | add  | fabric  | 0       |
|      + generic_ldexp_float_s (tmp2_2_generic_ldexp_float_s_fu_408)       | 0   |        |                                         |      |         |         |
|        add_ln17_fu_82_p2                                                 | -   |        | add_ln17                                | add  | fabric  | 0       |
|        xs_exp_V_fu_130_p2                                                | -   |        | xs_exp_V                                | add  | fabric  | 0       |
|      + generic_ldexp_float_s (tmp3_2_generic_ldexp_float_s_fu_415)       | 0   |        |                                         |      |         |         |
|        add_ln17_fu_82_p2                                                 | -   |        | add_ln17                                | add  | fabric  | 0       |
|        xs_exp_V_fu_130_p2                                                | -   |        | xs_exp_V                                | add  | fabric  | 0       |
|      + generic_ldexp_float_s (tmp2_3_generic_ldexp_float_s_fu_422)       | 0   |        |                                         |      |         |         |
|        add_ln17_fu_82_p2                                                 | -   |        | add_ln17                                | add  | fabric  | 0       |
|        xs_exp_V_fu_130_p2                                                | -   |        | xs_exp_V                                | add  | fabric  | 0       |
|      + generic_ldexp_float_s (tmp3_3_generic_ldexp_float_s_fu_429)       | 0   |        |                                         |      |         |         |
|        add_ln17_fu_82_p2                                                 | -   |        | add_ln17                                | add  | fabric  | 0       |
|        xs_exp_V_fu_130_p2                                                | -   |        | xs_exp_V                                | add  | fabric  | 0       |
|      + generic_ldexp_float_s (tmp2_4_generic_ldexp_float_s_fu_436)       | 0   |        |                                         |      |         |         |
|        add_ln17_fu_82_p2                                                 | -   |        | add_ln17                                | add  | fabric  | 0       |
|        xs_exp_V_fu_130_p2                                                | -   |        | xs_exp_V                                | add  | fabric  | 0       |
|      + generic_ldexp_float_s (tmp3_4_generic_ldexp_float_s_fu_443)       | 0   |        |                                         |      |         |         |
|        add_ln17_fu_82_p2                                                 | -   |        | add_ln17                                | add  | fabric  | 0       |
|        xs_exp_V_fu_130_p2                                                | -   |        | xs_exp_V                                | add  | fabric  | 0       |
|      + generic_ldexp_float_s (tmp2_5_generic_ldexp_float_s_fu_450)       | 0   |        |                                         |      |         |         |
|        add_ln17_fu_82_p2                                                 | -   |        | add_ln17                                | add  | fabric  | 0       |
|        xs_exp_V_fu_130_p2                                                | -   |        | xs_exp_V                                | add  | fabric  | 0       |
|      + generic_ldexp_float_s (tmp3_5_generic_ldexp_float_s_fu_457)       | 0   |        |                                         |      |         |         |
|        add_ln17_fu_82_p2                                                 | -   |        | add_ln17                                | add  | fabric  | 0       |
|        xs_exp_V_fu_130_p2                                                | -   |        | xs_exp_V                                | add  | fabric  | 0       |
|      + generic_ldexp_float_s (tmp2_6_generic_ldexp_float_s_fu_464)       | 0   |        |                                         |      |         |         |
|        add_ln17_fu_82_p2                                                 | -   |        | add_ln17                                | add  | fabric  | 0       |
|        xs_exp_V_fu_130_p2                                                | -   |        | xs_exp_V                                | add  | fabric  | 0       |
|      + generic_ldexp_float_s (tmp3_6_generic_ldexp_float_s_fu_471)       | 0   |        |                                         |      |         |         |
|        add_ln17_fu_82_p2                                                 | -   |        | add_ln17                                | add  | fabric  | 0       |
|        xs_exp_V_fu_130_p2                                                | -   |        | xs_exp_V                                | add  | fabric  | 0       |
|      + generic_ldexp_float_s (tmp2_7_generic_ldexp_float_s_fu_478)       | 0   |        |                                         |      |         |         |
|        add_ln17_fu_82_p2                                                 | -   |        | add_ln17                                | add  | fabric  | 0       |
|        xs_exp_V_fu_130_p2                                                | -   |        | xs_exp_V                                | add  | fabric  | 0       |
|      + generic_ldexp_float_s (tmp3_7_generic_ldexp_float_s_fu_485)       | 0   |        |                                         |      |         |         |
|        add_ln17_fu_82_p2                                                 | -   |        | add_ln17                                | add  | fabric  | 0       |
|        xs_exp_V_fu_130_p2                                                | -   |        | xs_exp_V                                | add  | fabric  | 0       |
|      + generic_ldexp_float_s (tmp2_8_generic_ldexp_float_s_fu_492)       | 0   |        |                                         |      |         |         |
|        add_ln17_fu_82_p2                                                 | -   |        | add_ln17                                | add  | fabric  | 0       |
|        xs_exp_V_fu_130_p2                                                | -   |        | xs_exp_V                                | add  | fabric  | 0       |
|      + generic_ldexp_float_s (tmp3_8_generic_ldexp_float_s_fu_499)       | 0   |        |                                         |      |         |         |
|        add_ln17_fu_82_p2                                                 | -   |        | add_ln17                                | add  | fabric  | 0       |
|        xs_exp_V_fu_130_p2                                                | -   |        | xs_exp_V                                | add  | fabric  | 0       |
|      + generic_ldexp_float_s (tmp2_9_generic_ldexp_float_s_fu_506)       | 0   |        |                                         |      |         |         |
|        add_ln17_fu_82_p2                                                 | -   |        | add_ln17                                | add  | fabric  | 0       |
|        xs_exp_V_fu_130_p2                                                | -   |        | xs_exp_V                                | add  | fabric  | 0       |
|      + generic_ldexp_float_s (tmp3_9_generic_ldexp_float_s_fu_513)       | 0   |        |                                         |      |         |         |
|        add_ln17_fu_82_p2                                                 | -   |        | add_ln17                                | add  | fabric  | 0       |
|        xs_exp_V_fu_130_p2                                                | -   |        | xs_exp_V                                | add  | fabric  | 0       |
|      + generic_ldexp_float_s (tmp2_10_generic_ldexp_float_s_fu_520)      | 0   |        |                                         |      |         |         |
|        add_ln17_fu_82_p2                                                 | -   |        | add_ln17                                | add  | fabric  | 0       |
|        xs_exp_V_fu_130_p2                                                | -   |        | xs_exp_V                                | add  | fabric  | 0       |
|      + generic_ldexp_float_s (tmp3_10_generic_ldexp_float_s_fu_527)      | 0   |        |                                         |      |         |         |
|        add_ln17_fu_82_p2                                                 | -   |        | add_ln17                                | add  | fabric  | 0       |
|        xs_exp_V_fu_130_p2                                                | -   |        | xs_exp_V                                | add  | fabric  | 0       |
|      + generic_ldexp_float_s (tmp2_11_generic_ldexp_float_s_fu_534)      | 0   |        |                                         |      |         |         |
|        add_ln17_fu_82_p2                                                 | -   |        | add_ln17                                | add  | fabric  | 0       |
|        xs_exp_V_fu_130_p2                                                | -   |        | xs_exp_V                                | add  | fabric  | 0       |
|      + generic_ldexp_float_s (tmp3_11_generic_ldexp_float_s_fu_541)      | 0   |        |                                         |      |         |         |
|        add_ln17_fu_82_p2                                                 | -   |        | add_ln17                                | add  | fabric  | 0       |
|        xs_exp_V_fu_130_p2                                                | -   |        | xs_exp_V                                | add  | fabric  | 0       |
|      + generic_ldexp_float_s (tmp2_12_generic_ldexp_float_s_fu_548)      | 0   |        |                                         |      |         |         |
|        add_ln17_fu_82_p2                                                 | -   |        | add_ln17                                | add  | fabric  | 0       |
|        xs_exp_V_fu_130_p2                                                | -   |        | xs_exp_V                                | add  | fabric  | 0       |
|      + generic_ldexp_float_s (tmp3_12_generic_ldexp_float_s_fu_555)      | 0   |        |                                         |      |         |         |
|        add_ln17_fu_82_p2                                                 | -   |        | add_ln17                                | add  | fabric  | 0       |
|        xs_exp_V_fu_130_p2                                                | -   |        | xs_exp_V                                | add  | fabric  | 0       |
|      + generic_ldexp_float_s (tmp2_13_generic_ldexp_float_s_fu_562)      | 0   |        |                                         |      |         |         |
|        add_ln17_fu_82_p2                                                 | -   |        | add_ln17                                | add  | fabric  | 0       |
|        xs_exp_V_fu_130_p2                                                | -   |        | xs_exp_V                                | add  | fabric  | 0       |
|      + generic_ldexp_float_s (tmp3_13_generic_ldexp_float_s_fu_569)      | 0   |        |                                         |      |         |         |
|        add_ln17_fu_82_p2                                                 | -   |        | add_ln17                                | add  | fabric  | 0       |
|        xs_exp_V_fu_130_p2                                                | -   |        | xs_exp_V                                | add  | fabric  | 0       |
|      + generic_ldexp_float_s (tmp2_14_generic_ldexp_float_s_fu_576)      | 0   |        |                                         |      |         |         |
|        add_ln17_fu_82_p2                                                 | -   |        | add_ln17                                | add  | fabric  | 0       |
|        xs_exp_V_fu_130_p2                                                | -   |        | xs_exp_V                                | add  | fabric  | 0       |
|      + generic_ldexp_float_s (tmp3_14_generic_ldexp_float_s_fu_583)      | 0   |        |                                         |      |         |         |
|        add_ln17_fu_82_p2                                                 | -   |        | add_ln17                                | add  | fabric  | 0       |
|        xs_exp_V_fu_130_p2                                                | -   |        | xs_exp_V                                | add  | fabric  | 0       |
|      + generic_ldexp_float_s (tmp2_15_generic_ldexp_float_s_fu_590)      | 0   |        |                                         |      |         |         |
|        add_ln17_fu_82_p2                                                 | -   |        | add_ln17                                | add  | fabric  | 0       |
|        xs_exp_V_fu_130_p2                                                | -   |        | xs_exp_V                                | add  | fabric  | 0       |
|      + generic_ldexp_float_s (tmp3_15_generic_ldexp_float_s_fu_597)      | 0   |        |                                         |      |         |         |
|        add_ln17_fu_82_p2                                                 | -   |        | add_ln17                                | add  | fabric  | 0       |
|        xs_exp_V_fu_130_p2                                                | -   |        | xs_exp_V                                | add  | fabric  | 0       |
|   + interleave2stream                                                    | 0   |        |                                         |      |         |         |
|    + interleave2stream_Pipeline_VITIS_LOOP_1597_1                        | 0   |        |                                         |      |         |         |
|      itr_24_fu_198_p2                                                    | -   |        | itr_24                                  | add  | fabric  | 0       |
|   + stream2axis_256u_s                                                   | 0   |        |                                         |      |         |         |
|    + stream2axis_256u_Pipeline_VITIS_LOOP_7444_1                         | 0   |        |                                         |      |         |         |
|      itr_4_fu_104_p2                                                     | -   |        | itr_4                                   | add  | fabric  | 0       |
|   + stream2axis_256u_8                                                   | 0   |        |                                         |      |         |         |
|    + stream2axis_256u_8_Pipeline_VITIS_LOOP_7444_1                       | 0   |        |                                         |      |         |         |
|      itr_8_fu_104_p2                                                     | -   |        | itr_8                                   | add  | fabric  | 0       |
|   + stream2axis_256u_9                                                   | 0   |        |                                         |      |         |         |
|    + stream2axis_256u_9_Pipeline_VITIS_LOOP_7444_1                       | 0   |        |                                         |      |         |         |
|      itr_6_fu_104_p2                                                     | -   |        | itr_6                                   | add  | fabric  | 0       |
|   + stream2axis_256u_10                                                  | 0   |        |                                         |      |         |         |
|    + stream2axis_256u_10_Pipeline_VITIS_LOOP_7444_1                      | 0   |        |                                         |      |         |         |
|      itr_18_fu_104_p2                                                    | -   |        | itr_18                                  | add  | fabric  | 0       |
|   + stream2axis_256u_11                                                  | 0   |        |                                         |      |         |         |
|    + stream2axis_256u_11_Pipeline_VITIS_LOOP_7444_1                      | 0   |        |                                         |      |         |         |
|      itr_16_fu_104_p2                                                    | -   |        | itr_16                                  | add  | fabric  | 0       |
|   + stream2axis_256u_12                                                  | 0   |        |                                         |      |         |         |
|    + stream2axis_256u_12_Pipeline_VITIS_LOOP_7444_1                      | 0   |        |                                         |      |         |         |
|      itr_14_fu_104_p2                                                    | -   |        | itr_14                                  | add  | fabric  | 0       |
|   + stream2axis_256u_13                                                  | 0   |        |                                         |      |         |         |
|    + stream2axis_256u_13_Pipeline_VITIS_LOOP_7444_1                      | 0   |        |                                         |      |         |         |
|      itr_12_fu_104_p2                                                    | -   |        | itr_12                                  | add  | fabric  | 0       |
|   + stream2axis_256u_14                                                  | 0   |        |                                         |      |         |         |
|    + stream2axis_256u_14_Pipeline_VITIS_LOOP_7444_1                      | 0   |        |                                         |      |         |         |
|      itr_10_fu_104_p2                                                    | -   |        | itr_10                                  | add  | fabric  | 0       |
+--------------------------------------------------------------------------+-----+--------+-----------------------------------------+------+---------+---------+


================================================================
== Bind Storage Report
================================================================
+--------------------------------------------------------------------------+------+------+--------+--------------------------------------------------+---------+--------+---------+
| Name                                                                     | BRAM | URAM | Pragma | Variable                                         | Storage | Impl   | Latency |
+--------------------------------------------------------------------------+------+------+--------+--------------------------------------------------+---------+--------+---------+
| + kernel_outerloop_0_0                                                   | 32   | 32   |        |                                                  |         |        |         |
|  + kernel_outerloop_0_dataflow_region                                    | 32   | 32   |        |                                                  |         |        |         |
|    num_pkts_c27_U                                                        | -    | -    |        | num_pkts_c27                                     | fifo    | srl    | 0       |
|    num_pkts_c26_U                                                        | -    | -    |        | num_pkts_c26                                     | fifo    | srl    | 0       |
|    num_pkts_c25_U                                                        | -    | -    |        | num_pkts_c25                                     | fifo    | srl    | 0       |
|    num_pkts_c24_U                                                        | -    | -    |        | num_pkts_c24                                     | fifo    | srl    | 0       |
|    num_pkts_c23_U                                                        | -    | -    |        | num_pkts_c23                                     | fifo    | srl    | 0       |
|    num_pkts_c22_U                                                        | -    | -    |        | num_pkts_c22                                     | fifo    | srl    | 0       |
|    num_pkts_c21_U                                                        | -    | -    |        | num_pkts_c21                                     | fifo    | srl    | 0       |
|    num_pkts_c20_U                                                        | -    | -    |        | num_pkts_c20                                     | fifo    | srl    | 0       |
|    num_pkts_c19_U                                                        | -    | -    |        | num_pkts_c19                                     | fifo    | srl    | 0       |
|    num_pkts_c_U                                                          | -    | -    |        | num_pkts_c                                       | fifo    | srl    | 0       |
|    stencilConfig_6_c18_U                                                 | -    | -    |        | stencilConfig_6_c18                              | fifo    | srl    | 0       |
|    stencilConfig_6_c17_U                                                 | -    | -    |        | stencilConfig_6_c17                              | fifo    | srl    | 0       |
|    stencilConfig_6_c16_U                                                 | -    | -    |        | stencilConfig_6_c16                              | fifo    | srl    | 0       |
|    stencilConfig_6_c_U                                                   | -    | -    |        | stencilConfig_6_c                                | fifo    | srl    | 0       |
|    stencilConfig_5_0_c15_U                                               | -    | -    |        | stencilConfig_5_0_c15                            | fifo    | srl    | 0       |
|    stencilConfig_5_0_c14_U                                               | -    | -    |        | stencilConfig_5_0_c14                            | fifo    | srl    | 0       |
|    stencilConfig_5_0_c13_U                                               | -    | -    |        | stencilConfig_5_0_c13                            | fifo    | srl    | 0       |
|    stencilConfig_5_0_c_U                                                 | -    | -    |        | stencilConfig_5_0_c                              | fifo    | srl    | 0       |
|    stencilConfig_3_c12_U                                                 | -    | -    |        | stencilConfig_3_c12                              | fifo    | srl    | 0       |
|    stencilConfig_3_c11_U                                                 | -    | -    |        | stencilConfig_3_c11                              | fifo    | srl    | 0       |
|    stencilConfig_3_c10_U                                                 | -    | -    |        | stencilConfig_3_c10                              | fifo    | srl    | 0       |
|    stencilConfig_3_c_U                                                   | -    | -    |        | stencilConfig_3_c                                | fifo    | srl    | 0       |
|    stencilConfig_2_c9_U                                                  | -    | -    |        | stencilConfig_2_c9                               | fifo    | srl    | 0       |
|    stencilConfig_2_c8_U                                                  | -    | -    |        | stencilConfig_2_c8                               | fifo    | srl    | 0       |
|    stencilConfig_2_c7_U                                                  | -    | -    |        | stencilConfig_2_c7                               | fifo    | srl    | 0       |
|    stencilConfig_2_c_U                                                   | -    | -    |        | stencilConfig_2_c                                | fifo    | srl    | 0       |
|    stencilConfig_0_1_c6_U                                                | -    | -    |        | stencilConfig_0_1_c6                             | fifo    | srl    | 0       |
|    stencilConfig_0_1_c5_U                                                | -    | -    |        | stencilConfig_0_1_c5                             | fifo    | srl    | 0       |
|    stencilConfig_0_1_c4_U                                                | -    | -    |        | stencilConfig_0_1_c4                             | fifo    | srl    | 0       |
|    stencilConfig_0_1_c_U                                                 | -    | -    |        | stencilConfig_0_1_c                              | fifo    | srl    | 0       |
|    stencilConfig_0_0_c3_U                                                | -    | -    |        | stencilConfig_0_0_c3                             | fifo    | srl    | 0       |
|    stencilConfig_0_0_c2_U                                                | -    | -    |        | stencilConfig_0_0_c2                             | fifo    | srl    | 0       |
|    stencilConfig_0_0_c1_U                                                | -    | -    |        | stencilConfig_0_0_c1                             | fifo    | srl    | 0       |
|    stencilConfig_0_0_c_U                                                 | -    | -    |        | stencilConfig_0_0_c                              | fifo    | srl    | 0       |
|    arg0_arg1_streams_0_0_U                                               | -    | -    |        | arg0_arg1_streams_0_0                            | fifo    | memory | 0       |
|    arg0_arg1_streams_0_1_U                                               | -    | -    |        | arg0_arg1_streams_0_1                            | fifo    | memory | 0       |
|    arg0_arg1_streams_0_2_U                                               | -    | -    |        | arg0_arg1_streams_0_2                            | fifo    | memory | 0       |
|    arg0_arg1_streams_0_3_U                                               | -    | -    |        | arg0_arg1_streams_0_3                            | fifo    | memory | 0       |
|    arg0_arg1_streams_0_4_U                                               | -    | -    |        | arg0_arg1_streams_0_4                            | fifo    | memory | 0       |
|    arg0_arg1_streams_0_5_U                                               | -    | -    |        | arg0_arg1_streams_0_5                            | fifo    | memory | 0       |
|    arg0_arg1_streams_0_6_U                                               | -    | -    |        | arg0_arg1_streams_0_6                            | fifo    | memory | 0       |
|    arg0_arg1_streams_0_7_U                                               | -    | -    |        | arg0_arg1_streams_0_7                            | fifo    | memory | 0       |
|    arg0_arg1_streams_1_0_U                                               | -    | -    |        | arg0_arg1_streams_1_0                            | fifo    | memory | 0       |
|    arg0_arg1_streams_1_1_U                                               | -    | -    |        | arg0_arg1_streams_1_1                            | fifo    | memory | 0       |
|    arg0_arg1_streams_1_2_U                                               | -    | -    |        | arg0_arg1_streams_1_2                            | fifo    | memory | 0       |
|    arg0_arg1_streams_1_3_U                                               | -    | -    |        | arg0_arg1_streams_1_3                            | fifo    | memory | 0       |
|    arg0_arg1_streams_1_4_U                                               | -    | -    |        | arg0_arg1_streams_1_4                            | fifo    | memory | 0       |
|    arg0_arg1_streams_1_5_U                                               | -    | -    |        | arg0_arg1_streams_1_5                            | fifo    | memory | 0       |
|    arg0_arg1_streams_1_6_U                                               | -    | -    |        | arg0_arg1_streams_1_6                            | fifo    | memory | 0       |
|    arg0_arg1_streams_1_7_U                                               | -    | -    |        | arg0_arg1_streams_1_7                            | fifo    | memory | 0       |
|    arg0_poisson_kernel_stencil_in_subtile_stream_0_U                     | -    | -    |        | arg0_poisson_kernel_stencil_in_subtile_stream_0  | fifo    | srl    | 0       |
|    arg0_poisson_kernel_stencil_in_subtile_stream_1_U                     | -    | -    |        | arg0_poisson_kernel_stencil_in_subtile_stream_1  | fifo    | srl    | 0       |
|    arg0_poisson_kernel_stencil_in_subtile_stream_2_U                     | -    | -    |        | arg0_poisson_kernel_stencil_in_subtile_stream_2  | fifo    | srl    | 0       |
|    arg0_poisson_kernel_stencil_in_subtile_stream_3_U                     | -    | -    |        | arg0_poisson_kernel_stencil_in_subtile_stream_3  | fifo    | srl    | 0       |
|    arg0_poisson_kernel_stencil_in_subtile_stream_4_U                     | -    | -    |        | arg0_poisson_kernel_stencil_in_subtile_stream_4  | fifo    | srl    | 0       |
|    arg0_poisson_kernel_stencil_in_subtile_stream_5_U                     | -    | -    |        | arg0_poisson_kernel_stencil_in_subtile_stream_5  | fifo    | srl    | 0       |
|    arg0_poisson_kernel_stencil_in_subtile_stream_6_U                     | -    | -    |        | arg0_poisson_kernel_stencil_in_subtile_stream_6  | fifo    | srl    | 0       |
|    arg0_poisson_kernel_stencil_in_subtile_stream_7_U                     | -    | -    |        | arg0_poisson_kernel_stencil_in_subtile_stream_7  | fifo    | srl    | 0       |
|    arg1_poisson_kernel_stencil_out_subtile_stream_0_U                    | -    | -    |        | arg1_poisson_kernel_stencil_out_subtile_stream_0 | fifo    | srl    | 0       |
|    arg1_poisson_kernel_stencil_out_subtile_stream_1_U                    | -    | -    |        | arg1_poisson_kernel_stencil_out_subtile_stream_1 | fifo    | srl    | 0       |
|    arg1_poisson_kernel_stencil_out_subtile_stream_2_U                    | -    | -    |        | arg1_poisson_kernel_stencil_out_subtile_stream_2 | fifo    | srl    | 0       |
|    arg1_poisson_kernel_stencil_out_subtile_stream_3_U                    | -    | -    |        | arg1_poisson_kernel_stencil_out_subtile_stream_3 | fifo    | srl    | 0       |
|    arg1_poisson_kernel_stencil_out_subtile_stream_4_U                    | -    | -    |        | arg1_poisson_kernel_stencil_out_subtile_stream_4 | fifo    | srl    | 0       |
|    arg1_poisson_kernel_stencil_out_subtile_stream_5_U                    | -    | -    |        | arg1_poisson_kernel_stencil_out_subtile_stream_5 | fifo    | srl    | 0       |
|    arg1_poisson_kernel_stencil_out_subtile_stream_6_U                    | -    | -    |        | arg1_poisson_kernel_stencil_out_subtile_stream_6 | fifo    | srl    | 0       |
|    arg1_poisson_kernel_stencil_out_subtile_stream_7_U                    | -    | -    |        | arg1_poisson_kernel_stencil_out_subtile_stream_7 | fifo    | srl    | 0       |
|   + kernel_poisson_kernel_stencil_PE_unsigned_short_4_unsigned_short_0_s | 8    | 8    |        |                                                  |         |        |         |
|    + stencilRun_3                                                        | 8    | 8    |        |                                                  |         |        |         |
|      arg0_buf_r0_1_p0_V_U                                                | -    | 8    | yes    | arg0_buf_r0_1_p0_V                               | ram_s2p | uram   | 1       |
|      arg0_buf_r1_2_p0_V_U                                                | 8    | -    | yes    | arg0_buf_r1_2_p0_V                               | ram_s2p | bram   | 1       |
|   + kernel_poisson_kernel_stencil_PE_unsigned_short_4_unsigned_short_1_s | 8    | 8    |        |                                                  |         |        |         |
|    + stencilRun_2                                                        | 8    | 8    |        |                                                  |         |        |         |
|      arg0_buf_r0_1_p0_V_U                                                | -    | 8    | yes    | arg0_buf_r0_1_p0_V                               | ram_s2p | uram   | 1       |
|      arg0_buf_r1_2_p0_V_U                                                | 8    | -    | yes    | arg0_buf_r1_2_p0_V                               | ram_s2p | bram   | 1       |
|   + kernel_poisson_kernel_stencil_PE_unsigned_short_4_unsigned_short_2_s | 8    | 8    |        |                                                  |         |        |         |
|    + stencilRun_1                                                        | 8    | 8    |        |                                                  |         |        |         |
|      arg0_buf_r0_1_p0_V_U                                                | -    | 8    | yes    | arg0_buf_r0_1_p0_V                               | ram_s2p | uram   | 1       |
|      arg0_buf_r1_2_p0_V_U                                                | 8    | -    | yes    | arg0_buf_r1_2_p0_V                               | ram_s2p | bram   | 1       |
|   + kernel_poisson_kernel_stencil_PE_unsigned_short_4_unsigned_short_3_s | 8    | 8    |        |                                                  |         |        |         |
|    + stencilRun                                                          | 8    | 8    |        |                                                  |         |        |         |
|      arg0_buf_r0_1_p0_V_U                                                | -    | 8    | yes    | arg0_buf_r0_1_p0_V                               | ram_s2p | uram   | 1       |
|      arg0_buf_r1_2_p0_V_U                                                | 8    | -    | yes    | arg0_buf_r1_2_p0_V                               | ram_s2p | bram   | 1       |
+--------------------------------------------------------------------------+------+------+--------+--------------------------------------------------+---------+--------+---------+


================================================================
== Pragma Report
================================================================
* Ignored Pragmas
+----------------+-------------------------------+------------------------------------------------------------------------------------------------------------------+----------------------------+
| Type           | Options                       | Location                                                                                                         | Messages                   |
+----------------+-------------------------------+------------------------------------------------------------------------------------------------------------------+----------------------------+
| loop_tripcount | avg=avg_num_data_per_axis_pkt | ../../../../../../../../../../../OPS/ops/hls/L1/include/ops_hls_datamover.hpp:261 in convaxispkt2membeatmasked   | missing argument for 'max' |
| loop_tripcount | avg=avg_num_data_per_axis_pkt | ../../../../../../../../../../../OPS/ops/hls/L1/include/ops_hls_datamover.hpp:392 in convstreampkt2membeatmasked | missing argument for 'max' |
| loop_tripcount | min=1 avg=8                   | ../../../../../../../../../../../OPS/ops/hls/L1/include/ops_hls_datamover.hpp:7997 in axis2memmasked             | missing argument for 'max' |
| loop_tripcount | min=1 avg=8                   | ../../../../../../../../../../../OPS/ops/hls/L1/include/ops_hls_datamover.hpp:8620 in stream2memmasked           | missing argument for 'max' |
+----------------+-------------------------------+------------------------------------------------------------------------------------------------------------------+----------------------------+

* Valid Pragma Syntax
+-----------------+----------------------------------------------------------------------------------+---------------------------------------------------------------------------------------------------------------------------------+
| Type            | Options                                                                          | Location                                                                                                                        |
+-----------------+----------------------------------------------------------------------------------+---------------------------------------------------------------------------------------------------------------------------------+
| inline          | off                                                                              | ../../../../../../../../../../../OPS/ops/hls/common/include/ops_hls_utils.hpp:53 in register_it                                 |
| pipeline        | II=num_strm_pkts_per_beat                                                        | ../../../../../../../../../../../OPS/ops/hls/L1/include/ops_hls_datamover.hpp:128 in convmembeat2axispkt                        |
| loop_tripcount  | min=min_strm_pkts_per_beat avg=avg_strm_pkts_per_beat max=max_strm_pkts_per_beat | ../../../../../../../../../../../OPS/ops/hls/L1/include/ops_hls_datamover.hpp:129 in convmembeat2axispkt                        |
| pipeline        | II=1                                                                             | ../../../../../../../../../../../OPS/ops/hls/L1/include/ops_hls_datamover.hpp:182 in convaxispkt2membeat                        |
| loop_tripcount  | min=min_strm_pkts_per_beat avg=avg_strm_pkts_per_beat max=max_strm_pkts_per_beat | ../../../../../../../../../../../OPS/ops/hls/L1/include/ops_hls_datamover.hpp:183 in convaxispkt2membeat                        |
| pipeline        | II=1                                                                             | ../../../../../../../../../../../OPS/ops/hls/L1/include/ops_hls_datamover.hpp:260 in convaxispkt2membeatmasked                  |
| pipeline        | II=1                                                                             | ../../../../../../../../../../../OPS/ops/hls/L1/include/ops_hls_datamover.hpp:309 in convstreampkt2membeat                      |
| loop_tripcount  | min=min_strm_pkts_per_beat avg=avg_strm_pkts_per_beat max=max_strm_pkts_per_beat | ../../../../../../../../../../../OPS/ops/hls/L1/include/ops_hls_datamover.hpp:310 in convstreampkt2membeat                      |
| pipeline        | II=1                                                                             | ../../../../../../../../../../../OPS/ops/hls/L1/include/ops_hls_datamover.hpp:391 in convstreampkt2membeatmasked                |
| pipeline        | II=ii                                                                            | ../../../../../../../../../../../OPS/ops/hls/L1/include/ops_hls_datamover.hpp:458 in mem2stream                                 |
| pipeline        | II=ii                                                                            | ../../../../../../../../../../../OPS/ops/hls/L1/include/ops_hls_datamover.hpp:480 in mem2stream                                 |
| pipeline        | II=IN_ITR                                                                        | ../../../../../../../../../../../OPS/ops/hls/L1/include/ops_hls_datamover.hpp:535 in mem2streamv2                               |
| pipeline        | II=ii_adj                                                                        | ../../../../../../../../../../../OPS/ops/hls/L1/include/ops_hls_datamover.hpp:608 in mem2stream                                 |
| unroll          |                                                                                  | ../../../../../../../../../../../OPS/ops/hls/L1/include/ops_hls_datamover.hpp:614 in mem2stream                                 |
| pipeline        | II=ii_adj                                                                        | ../../../../../../../../../../../OPS/ops/hls/L1/include/ops_hls_datamover.hpp:636 in mem2stream                                 |
| unroll          |                                                                                  | ../../../../../../../../../../../OPS/ops/hls/L1/include/ops_hls_datamover.hpp:642 in mem2stream                                 |
| loop_flatten    |                                                                                  | ../../../../../../../../../../../OPS/ops/hls/L1/include/ops_hls_datamover.hpp:792 in mem2stream                                 |
| pipeline        | II=IN_ITR                                                                        | ../../../../../../../../../../../OPS/ops/hls/L1/include/ops_hls_datamover.hpp:813 in stream2streambuffered                      |
| pipeline        | II=ii                                                                            | ../../../../../../../../../../../OPS/ops/hls/L1/include/ops_hls_datamover.hpp:860 in stream2mem                                 |
| pipeline        | II=ii                                                                            | ../../../../../../../../../../../OPS/ops/hls/L1/include/ops_hls_datamover.hpp:881 in stream2mem                                 |
| pipeline        | II=II                                                                            | ../../../../../../../../../../../OPS/ops/hls/L1/include/ops_hls_datamover.hpp:922 in hlsterminate                               |
| pipeline        | II=ii                                                                            | ../../../../../../../../../../../OPS/ops/hls/L1/include/ops_hls_datamover.hpp:985 in stream2memwithavoid                        |
| pipeline        | II=ii                                                                            | ../../../../../../../../../../../OPS/ops/hls/L1/include/ops_hls_datamover.hpp:1006 in stream2memwithavoid                       |
| pipeline        | II=ii                                                                            | ../../../../../../../../../../../OPS/ops/hls/L1/include/ops_hls_datamover.hpp:1028 in stream2memwithavoid                       |
| pipeline        | II=IN_ITR                                                                        | ../../../../../../../../../../../OPS/ops/hls/L1/include/ops_hls_datamover.hpp:1086 in stream2memwithavoidv2                     |
| pipeline        | II=IN_ITR                                                                        | ../../../../../../../../../../../OPS/ops/hls/L1/include/ops_hls_datamover.hpp:1151 in stream2memwithavoidv3                     |
| loop_tripcount  | min=1 max=64                                                                     | ../../../../../../../../../../../OPS/ops/hls/L1/include/ops_hls_datamover.hpp:1152 in stream2memwithavoidv3                     |
| pipeline        | II=IN_ITR                                                                        | ../../../../../../../../../../../OPS/ops/hls/L1/include/ops_hls_datamover.hpp:1174 in stream2memwithavoidv3                     |
| loop_tripcount  | min=1 max=256                                                                    | ../../../../../../../../../../../OPS/ops/hls/L1/include/ops_hls_datamover.hpp:1175 in stream2memwithavoidv3                     |
| pipeline        | II=ii_adj                                                                        | ../../../../../../../../../../../OPS/ops/hls/L1/include/ops_hls_datamover.hpp:1261 in stream2memwithavoid                       |
| unroll          |                                                                                  | ../../../../../../../../../../../OPS/ops/hls/L1/include/ops_hls_datamover.hpp:1267 in stream2memwithavoid                       |
| pipeline        | II=ii_adj                                                                        | ../../../../../../../../../../../OPS/ops/hls/L1/include/ops_hls_datamover.hpp:1291 in stream2memwithavoid                       |
| unroll          |                                                                                  | ../../../../../../../../../../../OPS/ops/hls/L1/include/ops_hls_datamover.hpp:1298 in stream2memwithavoid                       |
| pipeline        | II=ii_adj                                                                        | ../../../../../../../../../../../OPS/ops/hls/L1/include/ops_hls_datamover.hpp:1323 in stream2memwithavoid                       |
| unroll          |                                                                                  | ../../../../../../../../../../../OPS/ops/hls/L1/include/ops_hls_datamover.hpp:1330 in stream2memwithavoid                       |
| loop_flatten    |                                                                                  | ../../../../../../../../../../../OPS/ops/hls/L1/include/ops_hls_datamover.hpp:1394 in stream2mem                                |
| array_partition | variable=data_front dim=0 complete                                               | ../../../../../../../../../../../OPS/ops/hls/L1/include/ops_hls_datamover.hpp:1466 in stream2interleave, data_front             |
| array_partition | variable=data dim=0 complete                                                     | ../../../../../../../../../../../OPS/ops/hls/L1/include/ops_hls_datamover.hpp:1467 in stream2interleave, data                   |
| array_partition | variable=data_back dim=0 complete                                                | ../../../../../../../../../../../OPS/ops/hls/L1/include/ops_hls_datamover.hpp:1468 in stream2interleave, data_back              |
| pipeline        | II=1                                                                             | ../../../../../../../../../../../OPS/ops/hls/L1/include/ops_hls_datamover.hpp:1472 in stream2interleave                         |
| array_partition | variable=tmp dim=0 complete                                                      | ../../../../../../../../../../../OPS/ops/hls/L1/include/ops_hls_datamover.hpp:1475 in stream2interleave, tmp                    |
| unroll          |                                                                                  | ../../../../../../../../../../../OPS/ops/hls/L1/include/ops_hls_datamover.hpp:1480 in stream2interleave                         |
| unroll          |                                                                                  | ../../../../../../../../../../../OPS/ops/hls/L1/include/ops_hls_datamover.hpp:1501 in stream2interleave                         |
| array_partition | variable=tmp_out dim=1 complete                                                  | ../../../../../../../../../../../OPS/ops/hls/L1/include/ops_hls_datamover.hpp:1508 in stream2interleave, tmp_out                |
| unroll          |                                                                                  | ../../../../../../../../../../../OPS/ops/hls/L1/include/ops_hls_datamover.hpp:1514 in stream2interleave                         |
| unroll          |                                                                                  | ../../../../../../../../../../../OPS/ops/hls/L1/include/ops_hls_datamover.hpp:1533 in stream2interleave                         |
| array_partition | variable = tmp_in dim=0 complete                                                 | ../../../../../../../../../../../OPS/ops/hls/L1/include/ops_hls_datamover.hpp:1593 in interleave2stream                         |
| array_partition | variable = tmp_out dim=0 complete                                                | ../../../../../../../../../../../OPS/ops/hls/L1/include/ops_hls_datamover.hpp:1595 in interleave2stream                         |
| pipeline        | II=1                                                                             | ../../../../../../../../../../../OPS/ops/hls/L1/include/ops_hls_datamover.hpp:1599 in interleave2stream                         |
| unroll          |                                                                                  | ../../../../../../../../../../../OPS/ops/hls/L1/include/ops_hls_datamover.hpp:1603 in interleave2stream                         |
| unroll          |                                                                                  | ../../../../../../../../../../../OPS/ops/hls/L1/include/ops_hls_datamover.hpp:1623 in interleave2stream                         |
| unroll          |                                                                                  | ../../../../../../../../../../../OPS/ops/hls/L1/include/ops_hls_datamover.hpp:1630 in interleave2stream                         |
| array_partition | variable=data_front dim=0 complete                                               | ../../../../../../../../../../../OPS/ops/hls/L1/include/ops_hls_datamover.hpp:1695 in updateinterleaveboundaries, data_front    |
| array_partition | variable=data dim=0 complete                                                     | ../../../../../../../../../../../OPS/ops/hls/L1/include/ops_hls_datamover.hpp:1696 in updateinterleaveboundaries, data          |
| array_partition | variable=data_back dim=0 complete                                                | ../../../../../../../../../../../OPS/ops/hls/L1/include/ops_hls_datamover.hpp:1697 in updateinterleaveboundaries, data_back     |
| pipeline        | II=1                                                                             | ../../../../../../../../../../../OPS/ops/hls/L1/include/ops_hls_datamover.hpp:1701 in updateinterleaveboundaries                |
| array_partition | variable=tmp dim=0 complete                                                      | ../../../../../../../../../../../OPS/ops/hls/L1/include/ops_hls_datamover.hpp:1704 in updateinterleaveboundaries, tmp           |
| unroll          |                                                                                  | ../../../../../../../../../../../OPS/ops/hls/L1/include/ops_hls_datamover.hpp:1709 in updateinterleaveboundaries                |
| unroll          |                                                                                  | ../../../../../../../../../../../OPS/ops/hls/L1/include/ops_hls_datamover.hpp:1716 in updateinterleaveboundaries                |
| array_partition | variable=tmp_out dim=0 complete                                                  | ../../../../../../../../../../../OPS/ops/hls/L1/include/ops_hls_datamover.hpp:1723 in updateinterleaveboundaries, tmp_out       |
| unroll          |                                                                                  | ../../../../../../../../../../../OPS/ops/hls/L1/include/ops_hls_datamover.hpp:1729 in updateinterleaveboundaries                |
| unroll          |                                                                                  | ../../../../../../../../../../../OPS/ops/hls/L1/include/ops_hls_datamover.hpp:1758 in updateinterleaveboundaries                |
| pipeline        |                                                                                  | ../../../../../../../../../../../OPS/ops/hls/L1/include/ops_hls_datamover.hpp:1859 in tilemem2stream                            |
| pipeline        |                                                                                  | ../../../../../../../../../../../OPS/ops/hls/L1/include/ops_hls_datamover.hpp:1888 in tilestream2mem                            |
| pipeline        |                                                                                  | ../../../../../../../../../../../OPS/ops/hls/L1/include/ops_hls_datamover.hpp:1918 in tilestream2memwithavoid                   |
| pipeline        |                                                                                  | ../../../../../../../../../../../OPS/ops/hls/L1/include/ops_hls_datamover.hpp:1988 in tilemem2stream                            |
| pipeline        |                                                                                  | ../../../../../../../../../../../OPS/ops/hls/L1/include/ops_hls_datamover.hpp:2074 in tilestream2mem                            |
| unroll          |                                                                                  | ../../../../../../../../../../../OPS/ops/hls/L1/include/ops_hls_datamover.hpp:2339 in readconfigstreamgenerator                 |
| array_partition | variable=initial_bank_offsets complete                                           | ../../../../../../../../../../../OPS/ops/hls/L1/include/ops_hls_datamover.hpp:2582 in offsetgenerator, initial_bank_offsets     |
| array_partition | variable=grid_size_x_banks complete                                              | ../../../../../../../../../../../OPS/ops/hls/L1/include/ops_hls_datamover.hpp:2585 in offsetgenerator, grid_size_x_banks        |
| array_partition | variable=bank_stride_z complete                                                  | ../../../../../../../../../../../OPS/ops/hls/L1/include/ops_hls_datamover.hpp:2588 in offsetgenerator, bank_stride_z            |
| array_partition | variable=bank_tile_size_x complete                                               | ../../../../../../../../../../../OPS/ops/hls/L1/include/ops_hls_datamover.hpp:2591 in offsetgenerator, bank_tile_size_x         |
| unroll          |                                                                                  | ../../../../../../../../../../../OPS/ops/hls/L1/include/ops_hls_datamover.hpp:2595 in offsetgenerator                           |
| loop_flatten    |                                                                                  | ../../../../../../../../../../../OPS/ops/hls/L1/include/ops_hls_datamover.hpp:2613 in offsetgenerator                           |
| unroll          |                                                                                  | ../../../../../../../../../../../OPS/ops/hls/L1/include/ops_hls_datamover.hpp:2617 in offsetgenerator                           |
| array_partition | variable=initial_bank_offsets complete                                           | ../../../../../../../../../../../OPS/ops/hls/L1/include/ops_hls_datamover.hpp:2688 in offsetgenerator, initial_bank_offsets     |
| array_partition | variable=grid_size_x_banks complete                                              | ../../../../../../../../../../../OPS/ops/hls/L1/include/ops_hls_datamover.hpp:2691 in offsetgenerator, grid_size_x_banks        |
| array_partition | variable=bank_tile_size_x complete                                               | ../../../../../../../../../../../OPS/ops/hls/L1/include/ops_hls_datamover.hpp:2694 in offsetgenerator, bank_tile_size_x         |
| unroll          |                                                                                  | ../../../../../../../../../../../OPS/ops/hls/L1/include/ops_hls_datamover.hpp:2698 in offsetgenerator                           |
| pipeline        | II = IN_ITR                                                                      | ../../../../../../../../../../../OPS/ops/hls/L1/include/ops_hls_datamover.hpp:2712 in offsetgenerator                           |
| unroll          |                                                                                  | ../../../../../../../../../../../OPS/ops/hls/L1/include/ops_hls_datamover.hpp:2715 in offsetgenerator                           |
| unroll          |                                                                                  | ../../../../../../../../../../../OPS/ops/hls/L1/include/ops_hls_datamover.hpp:2818 in writeconfigstreamgenerator                |
| loop_flatten    | off                                                                              | ../../../../../../../../../../../OPS/ops/hls/L1/include/ops_hls_datamover.hpp:2967 in stridedtilemem2streamv3                   |
| pipeline        | II=IN_ITR                                                                        | ../../../../../../../../../../../OPS/ops/hls/L1/include/ops_hls_datamover.hpp:2968 in stridedtilemem2streamv3                   |
| loop_flatten    |                                                                                  | ../../../../../../../../../../../OPS/ops/hls/L1/include/ops_hls_datamover.hpp:3038 in stridedtilemem2streamv4                   |
| pipeline        | II=IN_ITR                                                                        | ../../../../../../../../../../../OPS/ops/hls/L1/include/ops_hls_datamover.hpp:3039 in stridedtilemem2streamv4                   |
| loop_flatten    |                                                                                  | ../../../../../../../../../../../OPS/ops/hls/L1/include/ops_hls_datamover.hpp:3128 in stridedtilemem2streamv5                   |
| pipeline        | II=IN_ITR                                                                        | ../../../../../../../../../../../OPS/ops/hls/L1/include/ops_hls_datamover.hpp:3129 in stridedtilemem2streamv5                   |
| loop_flatten    | off                                                                              | ../../../../../../../../../../../OPS/ops/hls/L1/include/ops_hls_datamover.hpp:3255 in stridedtilestream2memwithavoidv3          |
| pipeline        | II=IN_ITR                                                                        | ../../../../../../../../../../../OPS/ops/hls/L1/include/ops_hls_datamover.hpp:3256 in stridedtilestream2memwithavoidv3          |
| loop_flatten    |                                                                                  | ../../../../../../../../../../../OPS/ops/hls/L1/include/ops_hls_datamover.hpp:3355 in stridedtilestream2memwithavoidv4          |
| pipeline        | II=IN_ITR                                                                        | ../../../../../../../../../../../OPS/ops/hls/L1/include/ops_hls_datamover.hpp:3356 in stridedtilestream2memwithavoidv4          |
| loop_flatten    |                                                                                  | ../../../../../../../../../../../OPS/ops/hls/L1/include/ops_hls_datamover.hpp:3446 in stridedtilestream2memwithavoidv4          |
| pipeline        | II=IN_ITR                                                                        | ../../../../../../../../../../../OPS/ops/hls/L1/include/ops_hls_datamover.hpp:3447 in stridedtilestream2memwithavoidv4          |
| loop_flatten    |                                                                                  | ../../../../../../../../../../../OPS/ops/hls/L1/include/ops_hls_datamover.hpp:3548 in stridedtilestream2memwithavoidv5          |
| pipeline        | II=IN_ITR                                                                        | ../../../../../../../../../../../OPS/ops/hls/L1/include/ops_hls_datamover.hpp:3549 in stridedtilestream2memwithavoidv5          |
| loop_flatten    |                                                                                  | ../../../../../../../../../../../OPS/ops/hls/L1/include/ops_hls_datamover.hpp:3664 in redirect                                  |
| array_partition | variable=bank_cond complete dim=1                                                | ../../../../../../../../../../../OPS/ops/hls/L1/include/ops_hls_datamover.hpp:3676 in redirect, bank_cond                       |
| unroll          |                                                                                  | ../../../../../../../../../../../OPS/ops/hls/L1/include/ops_hls_datamover.hpp:3680 in redirect                                  |
| pipeline        | II=IN_ITR                                                                        | ../../../../../../../../../../../OPS/ops/hls/L1/include/ops_hls_datamover.hpp:3693 in redirect                                  |
| array_partition | variable=tmp complete dim=1                                                      | ../../../../../../../../../../../OPS/ops/hls/L1/include/ops_hls_datamover.hpp:3698 in redirect, tmp                             |
| array_partition | variable=swap complete dim=1                                                     | ../../../../../../../../../../../OPS/ops/hls/L1/include/ops_hls_datamover.hpp:3699 in redirect, swap                            |
| unroll          |                                                                                  | ../../../../../../../../../../../OPS/ops/hls/L1/include/ops_hls_datamover.hpp:3706 in redirect                                  |
| unroll          |                                                                                  | ../../../../../../../../../../../OPS/ops/hls/L1/include/ops_hls_datamover.hpp:3731 in redirect                                  |
| unroll          |                                                                                  | ../../../../../../../../../../../OPS/ops/hls/L1/include/ops_hls_datamover.hpp:3739 in redirect                                  |
| loop_flatten    |                                                                                  | ../../../../../../../../../../../OPS/ops/hls/L1/include/ops_hls_datamover.hpp:3828 in redirectv2                                |
| pipeline        | II=IN_ITR                                                                        | ../../../../../../../../../../../OPS/ops/hls/L1/include/ops_hls_datamover.hpp:3857 in redirectv2                                |
| array_partition | variable=tmp complete dim=1                                                      | ../../../../../../../../../../../OPS/ops/hls/L1/include/ops_hls_datamover.hpp:3862 in redirectv2, tmp                           |
| array_partition | variable=swap complete dim=1                                                     | ../../../../../../../../../../../OPS/ops/hls/L1/include/ops_hls_datamover.hpp:3863 in redirectv2, swap                          |
| unroll          |                                                                                  | ../../../../../../../../../../../OPS/ops/hls/L1/include/ops_hls_datamover.hpp:3870 in redirectv2                                |
| unroll          |                                                                                  | ../../../../../../../../../../../OPS/ops/hls/L1/include/ops_hls_datamover.hpp:3895 in redirectv2                                |
| unroll          |                                                                                  | ../../../../../../../../../../../OPS/ops/hls/L1/include/ops_hls_datamover.hpp:3903 in redirectv2                                |
| array_partition | variable=read_val                                                                | ../../../../../../../../../../../OPS/ops/hls/L1/include/ops_hls_datamover.hpp:3977 in aggregatedstream2streamstepdown, read_val |
| pipeline        | II=ii_adj                                                                        | ../../../../../../../../../../../OPS/ops/hls/L1/include/ops_hls_datamover.hpp:3981 in aggregatedstream2streamstepdown           |
| unroll          |                                                                                  | ../../../../../../../../../../../OPS/ops/hls/L1/include/ops_hls_datamover.hpp:3989 in aggregatedstream2streamstepdown           |
| pipeline        | II=ii_out                                                                        | ../../../../../../../../../../../OPS/ops/hls/L1/include/ops_hls_datamover.hpp:4008 in aggregatedstream2streamstepdown           |
| unroll          |                                                                                  | ../../../../../../../../../../../OPS/ops/hls/L1/include/ops_hls_datamover.hpp:4015 in aggregatedstream2streamstepdown           |
| array_partition | variable=read_val                                                                | ../../../../../../../../../../../OPS/ops/hls/L1/include/ops_hls_datamover.hpp:4093 in aggregatedstream2streamstepdown, read_val |
| pipeline        | II=ii_adj                                                                        | ../../../../../../../../../../../OPS/ops/hls/L1/include/ops_hls_datamover.hpp:4097 in aggregatedstream2streamstepdown           |
| unroll          |                                                                                  | ../../../../../../../../../../../OPS/ops/hls/L1/include/ops_hls_datamover.hpp:4105 in aggregatedstream2streamstepdown           |
| pipeline        | II=ii_out                                                                        | ../../../../../../../../../../../OPS/ops/hls/L1/include/ops_hls_datamover.hpp:4125 in aggregatedstream2streamstepdown           |
| unroll          |                                                                                  | ../../../../../../../../../../../OPS/ops/hls/L1/include/ops_hls_datamover.hpp:4132 in aggregatedstream2streamstepdown           |
| pipeline        | II=ii_out                                                                        | ../../../../../../../../../../../OPS/ops/hls/L1/include/ops_hls_datamover.hpp:4156 in aggregatedstream2streamstepdown           |
| unroll          |                                                                                  | ../../../../../../../../../../../OPS/ops/hls/L1/include/ops_hls_datamover.hpp:4163 in aggregatedstream2streamstepdown           |
| array_partition | variable=chunks dim=0 complete                                                   | ../../../../../../../../../../../OPS/ops/hls/L1/include/ops_hls_datamover.hpp:4240 in aggregatedstream2streamstepup, chunks     |
| pipeline        | II=ii_adj                                                                        | ../../../../../../../../../../../OPS/ops/hls/L1/include/ops_hls_datamover.hpp:4244 in aggregatedstream2streamstepup             |
| pipeline        | II=ii_out                                                                        | ../../../../../../../../../../../OPS/ops/hls/L1/include/ops_hls_datamover.hpp:4254 in aggregatedstream2streamstepup             |
| unroll          |                                                                                  | ../../../../../../../../../../../OPS/ops/hls/L1/include/ops_hls_datamover.hpp:4261 in aggregatedstream2streamstepup             |
| unroll          |                                                                                  | ../../../../../../../../../../../OPS/ops/hls/L1/include/ops_hls_datamover.hpp:4284 in aggregatedstream2streamstepup             |
| unroll          |                                                                                  | ../../../../../../../../../../../OPS/ops/hls/L1/include/ops_hls_datamover.hpp:4288 in aggregatedstream2streamstepup             |
| array_partition | variable=chunks dim=0 complete                                                   | ../../../../../../../../../../../OPS/ops/hls/L1/include/ops_hls_datamover.hpp:4362 in aggregatedstream2streamstepup, chunks     |
| pipeline        | II=ii_adj                                                                        | ../../../../../../../../../../../OPS/ops/hls/L1/include/ops_hls_datamover.hpp:4366 in aggregatedstream2streamstepup             |
| pipeline        | II=ii_out                                                                        | ../../../../../../../../../../../OPS/ops/hls/L1/include/ops_hls_datamover.hpp:4377 in aggregatedstream2streamstepup             |
| unroll          |                                                                                  | ../../../../../../../../../../../OPS/ops/hls/L1/include/ops_hls_datamover.hpp:4384 in aggregatedstream2streamstepup             |
| pipeline        | II=ii_out                                                                        | ../../../../../../../../../../../OPS/ops/hls/L1/include/ops_hls_datamover.hpp:4406 in aggregatedstream2streamstepup             |
| unroll          |                                                                                  | ../../../../../../../../../../../OPS/ops/hls/L1/include/ops_hls_datamover.hpp:4413 in aggregatedstream2streamstepup             |
| unroll          |                                                                                  | ../../../../../../../../../../../OPS/ops/hls/L1/include/ops_hls_datamover.hpp:4436 in aggregatedstream2streamstepup             |
| unroll          |                                                                                  | ../../../../../../../../../../../OPS/ops/hls/L1/include/ops_hls_datamover.hpp:4440 in aggregatedstream2streamstepup             |
| loop_flatten    |                                                                                  | ../../../../../../../../../../../OPS/ops/hls/L1/include/ops_hls_datamover.hpp:4542 in redirect                                  |
| array_partition | variable=bank_cond complete dim=1                                                | ../../../../../../../../../../../OPS/ops/hls/L1/include/ops_hls_datamover.hpp:4554 in redirect, bank_cond                       |
| unroll          |                                                                                  | ../../../../../../../../../../../OPS/ops/hls/L1/include/ops_hls_datamover.hpp:4558 in redirect                                  |
| pipeline        | II=IN_ITR                                                                        | ../../../../../../../../../../../OPS/ops/hls/L1/include/ops_hls_datamover.hpp:4571 in redirect                                  |
| array_partition | variable=tmp complete dim=1                                                      | ../../../../../../../../../../../OPS/ops/hls/L1/include/ops_hls_datamover.hpp:4576 in redirect, tmp                             |
| array_partition | variable=swap complete dim=1                                                     | ../../../../../../../../../../../OPS/ops/hls/L1/include/ops_hls_datamover.hpp:4577 in redirect, swap                            |
| unroll          |                                                                                  | ../../../../../../../../../../../OPS/ops/hls/L1/include/ops_hls_datamover.hpp:4584 in redirect                                  |
| unroll          |                                                                                  | ../../../../../../../../../../../OPS/ops/hls/L1/include/ops_hls_datamover.hpp:4589 in redirect                                  |
| unroll          |                                                                                  | ../../../../../../../../../../../OPS/ops/hls/L1/include/ops_hls_datamover.hpp:4614 in redirect                                  |
| unroll          |                                                                                  | ../../../../../../../../../../../OPS/ops/hls/L1/include/ops_hls_datamover.hpp:4622 in redirect                                  |
| unroll          |                                                                                  | ../../../../../../../../../../../OPS/ops/hls/L1/include/ops_hls_datamover.hpp:4625 in redirect                                  |
| loop_flatten    |                                                                                  | ../../../../../../../../../../../OPS/ops/hls/L1/include/ops_hls_datamover.hpp:4717 in reverseredirect                           |
| array_partition | variable=bank_cond complete dim=1                                                | ../../../../../../../../../../../OPS/ops/hls/L1/include/ops_hls_datamover.hpp:4728 in reverseredirect, bank_cond                |
| unroll          |                                                                                  | ../../../../../../../../../../../OPS/ops/hls/L1/include/ops_hls_datamover.hpp:4732 in reverseredirect                           |
| pipeline        | II=IN_ITR                                                                        | ../../../../../../../../../../../OPS/ops/hls/L1/include/ops_hls_datamover.hpp:4745 in reverseredirect                           |
| array_partition | variable=tmp complete dim=1                                                      | ../../../../../../../../../../../OPS/ops/hls/L1/include/ops_hls_datamover.hpp:4749 in reverseredirect, tmp                      |
| array_partition | variable=swap complete dim=1                                                     | ../../../../../../../../../../../OPS/ops/hls/L1/include/ops_hls_datamover.hpp:4750 in reverseredirect, swap                     |
| unroll          |                                                                                  | ../../../../../../../../../../../OPS/ops/hls/L1/include/ops_hls_datamover.hpp:4757 in reverseredirect                           |
| unroll          |                                                                                  | ../../../../../../../../../../../OPS/ops/hls/L1/include/ops_hls_datamover.hpp:4777 in reverseredirect                           |
| unroll          |                                                                                  | ../../../../../../../../../../../OPS/ops/hls/L1/include/ops_hls_datamover.hpp:4785 in reverseredirect                           |
| loop_flatten    |                                                                                  | ../../../../../../../../../../../OPS/ops/hls/L1/include/ops_hls_datamover.hpp:4879 in reverseredirectv2                         |
| pipeline        | II=IN_ITR                                                                        | ../../../../../../../../../../../OPS/ops/hls/L1/include/ops_hls_datamover.hpp:4907 in reverseredirectv2                         |
| array_partition | variable=tmp complete dim=1                                                      | ../../../../../../../../../../../OPS/ops/hls/L1/include/ops_hls_datamover.hpp:4911 in reverseredirectv2, tmp                    |
| array_partition | variable=swap complete dim=1                                                     | ../../../../../../../../../../../OPS/ops/hls/L1/include/ops_hls_datamover.hpp:4912 in reverseredirectv2, swap                   |
| unroll          |                                                                                  | ../../../../../../../../../../../OPS/ops/hls/L1/include/ops_hls_datamover.hpp:4919 in reverseredirectv2                         |
| unroll          |                                                                                  | ../../../../../../../../../../../OPS/ops/hls/L1/include/ops_hls_datamover.hpp:4939 in reverseredirectv2                         |
| unroll          |                                                                                  | ../../../../../../../../../../../OPS/ops/hls/L1/include/ops_hls_datamover.hpp:4947 in reverseredirectv2                         |
| loop_flatten    |                                                                                  | ../../../../../../../../../../../OPS/ops/hls/L1/include/ops_hls_datamover.hpp:5047 in reverseredirect                           |
| array_partition | variable=bank_cond complete dim=1                                                | ../../../../../../../../../../../OPS/ops/hls/L1/include/ops_hls_datamover.hpp:5058 in reverseredirect, bank_cond                |
| unroll          |                                                                                  | ../../../../../../../../../../../OPS/ops/hls/L1/include/ops_hls_datamover.hpp:5062 in reverseredirect                           |
| pipeline        | II=IN_ITR                                                                        | ../../../../../../../../../../../OPS/ops/hls/L1/include/ops_hls_datamover.hpp:5075 in reverseredirect                           |
| array_partition | variable=tmp complete dim=1                                                      | ../../../../../../../../../../../OPS/ops/hls/L1/include/ops_hls_datamover.hpp:5079 in reverseredirect, tmp                      |
| array_partition | variable=swap complete dim=1                                                     | ../../../../../../../../../../../OPS/ops/hls/L1/include/ops_hls_datamover.hpp:5080 in reverseredirect, swap                     |
| unroll          |                                                                                  | ../../../../../../../../../../../OPS/ops/hls/L1/include/ops_hls_datamover.hpp:5087 in reverseredirect                           |
| unroll          |                                                                                  | ../../../../../../../../../../../OPS/ops/hls/L1/include/ops_hls_datamover.hpp:5090 in reverseredirect                           |
| unroll          |                                                                                  | ../../../../../../../../../../../OPS/ops/hls/L1/include/ops_hls_datamover.hpp:5112 in reverseredirect                           |
| unroll          |                                                                                  | ../../../../../../../../../../../OPS/ops/hls/L1/include/ops_hls_datamover.hpp:5120 in reverseredirect                           |
| unroll          |                                                                                  | ../../../../../../../../../../../OPS/ops/hls/L1/include/ops_hls_datamover.hpp:5125 in reverseredirect                           |
| pipeline        | II=IN_ITR                                                                        | ../../../../../../../../../../../OPS/ops/hls/L1/include/ops_hls_datamover.hpp:5521 in combinestreams2d                          |
| pipeline        | II=IN_ITR                                                                        | ../../../../../../../../../../../OPS/ops/hls/L1/include/ops_hls_datamover.hpp:5606 in combinestreams3d                          |
| pipeline        | II=IN_ITR                                                                        | ../../../../../../../../../../../OPS/ops/hls/L1/include/ops_hls_datamover.hpp:5674 in splitstream2d                             |
| pipeline        | II=IN_ITR                                                                        | ../../../../../../../../../../../OPS/ops/hls/L1/include/ops_hls_datamover.hpp:5757 in splitstream3d                             |
| inline          |                                                                                  | ../../../../../../../../../../../OPS/ops/hls/L1/include/ops_hls_datamover.hpp:5796 in mem2streamgroupexpand                     |
| inline          |                                                                                  | ../../../../../../../../../../../OPS/ops/hls/L1/include/ops_hls_datamover.hpp:5808 in mem2streamgroupexpand                     |
| inline          | off                                                                              | ../../../../../../../../../../../OPS/ops/hls/L1/include/ops_hls_datamover.hpp:5830 in interleavetilemem2stream2d_inner          |
| dataflow        |                                                                                  | ../../../../../../../../../../../OPS/ops/hls/L1/include/ops_hls_datamover.hpp:5831 in interleavetilemem2stream2d_inner          |
| array_partition | variable=sizes.v complete dim=1                                                  | ../../../../../../../../../../../OPS/ops/hls/L1/include/ops_hls_datamover.hpp:5968 in interleavetilemem2stream2d, sizes.v       |
| array_partition | variable=offs.v complete dim=1                                                   | ../../../../../../../../../../../OPS/ops/hls/L1/include/ops_hls_datamover.hpp:5969 in interleavetilemem2stream2d, offs.v        |
| unroll          |                                                                                  | ../../../../../../../../../../../OPS/ops/hls/L1/include/ops_hls_datamover.hpp:5987 in interleavetilemem2stream2d                |
| inline          |                                                                                  | ../../../../../../../../../../../OPS/ops/hls/L1/include/ops_hls_datamover.hpp:6017 in stream2memgroupexpand                     |
| inline          |                                                                                  | ../../../../../../../../../../../OPS/ops/hls/L1/include/ops_hls_datamover.hpp:6030 in stream2memgroupexpand                     |
| inline          | off                                                                              | ../../../../../../../../../../../OPS/ops/hls/L1/include/ops_hls_datamover.hpp:6055 in interleavetilestream2mem2d_inner          |
| dataflow        |                                                                                  | ../../../../../../../../../../../OPS/ops/hls/L1/include/ops_hls_datamover.hpp:6056 in interleavetilestream2mem2d_inner          |
| array_partition | variable=sizes.v complete dim=1                                                  | ../../../../../../../../../../../OPS/ops/hls/L1/include/ops_hls_datamover.hpp:6209 in interleavetilestream2mem2d, sizes.v       |
| array_partition | variable=avoids.v complete dim=1                                                 | ../../../../../../../../../../../OPS/ops/hls/L1/include/ops_hls_datamover.hpp:6210 in interleavetilestream2mem2d, avoids.v      |
| array_partition | variable=offs.v complete dim=1                                                   | ../../../../../../../../../../../OPS/ops/hls/L1/include/ops_hls_datamover.hpp:6211 in interleavetilestream2mem2d, offs.v        |
| unroll          |                                                                                  | ../../../../../../../../../../../OPS/ops/hls/L1/include/ops_hls_datamover.hpp:6225 in interleavetilestream2mem2d                |
| inline          |                                                                                  | ../../../../../../../../../../../OPS/ops/hls/L1/include/ops_hls_datamover.hpp:6267 in stepdownlaneexpand                        |
| inline          |                                                                                  | ../../../../../../../../../../../OPS/ops/hls/L1/include/ops_hls_datamover.hpp:6279 in stepdownlaneexpand                        |
| unroll          |                                                                                  | ../../../../../../../../../../../OPS/ops/hls/L1/include/ops_hls_datamover.hpp:6289 in stepdownlaneexpand                        |
| loop_tripcount  | min=1 max=64                                                                     | ../../../../../../../../../../../OPS/ops/hls/L1/include/ops_hls_datamover.hpp:6432 in stream2axistilestepdown2d                 |
| loop_tripcount  | min=1 max=4096                                                                   | ../../../../../../../../../../../OPS/ops/hls/L1/include/ops_hls_datamover.hpp:6451 in stream2axistilestepdown2d                 |
| loop_flatten    | off                                                                              | ../../../../../../../../../../../OPS/ops/hls/L1/include/ops_hls_datamover.hpp:6452 in stream2axistilestepdown2d                 |
| pipeline        | II=ii_adj                                                                        | ../../../../../../../../../../../OPS/ops/hls/L1/include/ops_hls_datamover.hpp:6457 in stream2axistilestepdown2d                 |
| loop_tripcount  | min=1 max=1024                                                                   | ../../../../../../../../../../../OPS/ops/hls/L1/include/ops_hls_datamover.hpp:6458 in stream2axistilestepdown2d                 |
| array_partition | variable=wide complete dim=1                                                     | ../../../../../../../../../../../OPS/ops/hls/L1/include/ops_hls_datamover.hpp:6461 in stream2axistilestepdown2d, wide           |
| unroll          |                                                                                  | ../../../../../../../../../../../OPS/ops/hls/L1/include/ops_hls_datamover.hpp:6466 in stream2axistilestepdown2d                 |
| inline          |                                                                                  | ../../../../../../../../../../../OPS/ops/hls/L1/include/ops_hls_datamover.hpp:6495 in stepuplaneexpand                          |
| inline          |                                                                                  | ../../../../../../../../../../../OPS/ops/hls/L1/include/ops_hls_datamover.hpp:6507 in stepuplaneexpand                          |
| unroll          |                                                                                  | ../../../../../../../../../../../OPS/ops/hls/L1/include/ops_hls_datamover.hpp:6517 in stepuplaneexpand                          |
| loop_tripcount  | min=1 max=64                                                                     | ../../../../../../../../../../../OPS/ops/hls/L1/include/ops_hls_datamover.hpp:6640 in axis2streamtilestepup2d                   |
| loop_tripcount  | min=1 max=4096                                                                   | ../../../../../../../../../../../OPS/ops/hls/L1/include/ops_hls_datamover.hpp:6659 in axis2streamtilestepup2d                   |
| loop_flatten    | off                                                                              | ../../../../../../../../../../../OPS/ops/hls/L1/include/ops_hls_datamover.hpp:6660 in axis2streamtilestepup2d                   |
| pipeline        | II=ii_adj                                                                        | ../../../../../../../../../../../OPS/ops/hls/L1/include/ops_hls_datamover.hpp:6665 in axis2streamtilestepup2d                   |
| loop_tripcount  | min=1 max=1024                                                                   | ../../../../../../../../../../../OPS/ops/hls/L1/include/ops_hls_datamover.hpp:6666 in axis2streamtilestepup2d                   |
| array_partition | variable=wide complete dim=1                                                     | ../../../../../../../../../../../OPS/ops/hls/L1/include/ops_hls_datamover.hpp:6669 in axis2streamtilestepup2d, wide             |
| unroll          |                                                                                  | ../../../../../../../../../../../OPS/ops/hls/L1/include/ops_hls_datamover.hpp:6677 in axis2streamtilestepup2d                   |
| loop_tripcount  | min=1 max=64                                                                     | ../../../../../../../../../../../OPS/ops/hls/L1/include/ops_hls_datamover.hpp:6803 in redirecttile2d                            |
| array_partition | variable=bank_extra complete dim=1                                               | ../../../../../../../../../../../OPS/ops/hls/L1/include/ops_hls_datamover.hpp:6816 in redirecttile2d, bank_extra                |
| unroll          |                                                                                  | ../../../../../../../../../../../OPS/ops/hls/L1/include/ops_hls_datamover.hpp:6821 in redirecttile2d                            |
| loop_tripcount  | min=1 max=4096                                                                   | ../../../../../../../../../../../OPS/ops/hls/L1/include/ops_hls_datamover.hpp:6840 in redirecttile2d                            |
| loop_flatten    | off                                                                              | ../../../../../../../../../../../OPS/ops/hls/L1/include/ops_hls_datamover.hpp:6841 in redirecttile2d                            |
| pipeline        | II=IN_ITR                                                                        | ../../../../../../../../../../../OPS/ops/hls/L1/include/ops_hls_datamover.hpp:6846 in redirecttile2d                            |
| loop_tripcount  | min=1 max=1024                                                                   | ../../../../../../../../../../../OPS/ops/hls/L1/include/ops_hls_datamover.hpp:6847 in redirecttile2d                            |
| array_partition | variable=tmp complete dim=1                                                      | ../../../../../../../../../../../OPS/ops/hls/L1/include/ops_hls_datamover.hpp:6851 in redirecttile2d, tmp                       |
| array_partition | variable=swap complete dim=1                                                     | ../../../../../../../../../../../OPS/ops/hls/L1/include/ops_hls_datamover.hpp:6852 in redirecttile2d, swap                      |
| unroll          |                                                                                  | ../../../../../../../../../../../OPS/ops/hls/L1/include/ops_hls_datamover.hpp:6860 in redirecttile2d                            |
| unroll          |                                                                                  | ../../../../../../../../../../../OPS/ops/hls/L1/include/ops_hls_datamover.hpp:6885 in redirecttile2d                            |
| unroll          |                                                                                  | ../../../../../../../../../../../OPS/ops/hls/L1/include/ops_hls_datamover.hpp:6894 in redirecttile2d                            |
| loop_tripcount  | min=1 max=64                                                                     | ../../../../../../../../../../../OPS/ops/hls/L1/include/ops_hls_datamover.hpp:7016 in reverseredirecttile2d                     |
| array_partition | variable=bank_extra complete dim=1                                               | ../../../../../../../../../../../OPS/ops/hls/L1/include/ops_hls_datamover.hpp:7028 in reverseredirecttile2d, bank_extra         |
| unroll          |                                                                                  | ../../../../../../../../../../../OPS/ops/hls/L1/include/ops_hls_datamover.hpp:7033 in reverseredirecttile2d                     |
| loop_tripcount  | min=1 max=4096                                                                   | ../../../../../../../../../../../OPS/ops/hls/L1/include/ops_hls_datamover.hpp:7051 in reverseredirecttile2d                     |
| loop_flatten    | off                                                                              | ../../../../../../../../../../../OPS/ops/hls/L1/include/ops_hls_datamover.hpp:7052 in reverseredirecttile2d                     |
| pipeline        | II=IN_ITR                                                                        | ../../../../../../../../../../../OPS/ops/hls/L1/include/ops_hls_datamover.hpp:7057 in reverseredirecttile2d                     |
| loop_tripcount  | min=1 max=1024                                                                   | ../../../../../../../../../../../OPS/ops/hls/L1/include/ops_hls_datamover.hpp:7058 in reverseredirecttile2d                     |
| array_partition | variable=tmp complete dim=1                                                      | ../../../../../../../../../../../OPS/ops/hls/L1/include/ops_hls_datamover.hpp:7062 in reverseredirecttile2d, tmp                |
| array_partition | variable=swap complete dim=1                                                     | ../../../../../../../../../../../OPS/ops/hls/L1/include/ops_hls_datamover.hpp:7063 in reverseredirecttile2d, swap               |
| unroll          |                                                                                  | ../../../../../../../../../../../OPS/ops/hls/L1/include/ops_hls_datamover.hpp:7071 in reverseredirecttile2d                     |
| unroll          |                                                                                  | ../../../../../../../../../../../OPS/ops/hls/L1/include/ops_hls_datamover.hpp:7093 in reverseredirecttile2d                     |
| unroll          |                                                                                  | ../../../../../../../../../../../OPS/ops/hls/L1/include/ops_hls_datamover.hpp:7103 in reverseredirecttile2d                     |
| pipeline        | II=1                                                                             | ../../../../../../../../../../../OPS/ops/hls/L1/include/ops_hls_datamover.hpp:7170 in stream2stream                             |
| loop_flatten    |                                                                                  | ../../../../../../../../../../../OPS/ops/hls/L1/include/ops_hls_datamover.hpp:7171 in stream2stream                             |
| pipeline        | II=1                                                                             | ../../../../../../../../../../../OPS/ops/hls/L1/include/ops_hls_datamover.hpp:7216 in stream2stream                             |
| loop_flatten    |                                                                                  | ../../../../../../../../../../../OPS/ops/hls/L1/include/ops_hls_datamover.hpp:7217 in stream2stream                             |
| pipeline        | II=1                                                                             | ../../../../../../../../../../../OPS/ops/hls/L1/include/ops_hls_datamover.hpp:7298 in stream2streamstepup                       |
| loop_flatten    |                                                                                  | ../../../../../../../../../../../OPS/ops/hls/L1/include/ops_hls_datamover.hpp:7299 in stream2streamstepup                       |
| pipeline        | II=1                                                                             | ../../../../../../../../../../../OPS/ops/hls/L1/include/ops_hls_datamover.hpp:7378 in stream2streamstepdown                     |
| loop_flatten    |                                                                                  | ../../../../../../../../../../../OPS/ops/hls/L1/include/ops_hls_datamover.hpp:7379 in stream2streamstepdown                     |
| pipeline        | II=1                                                                             | ../../../../../../../../../../../OPS/ops/hls/L1/include/ops_hls_datamover.hpp:7445 in stream2axis                               |
| pipeline        | II=1                                                                             | ../../../../../../../../../../../OPS/ops/hls/L1/include/ops_hls_datamover.hpp:7498 in axis2stream                               |
| loop_tripcount  | avg=avg_num_of_bursts max=max_num_of_bursts                                      | ../../../../../../../../../../../OPS/ops/hls/L1/include/ops_hls_datamover.hpp:7573 in mem2axis                                  |
| pipeline        | II=num_strm_pkts_per_beat                                                        | ../../../../../../../../../../../OPS/ops/hls/L1/include/ops_hls_datamover.hpp:7577 in mem2axis                                  |
| loop_tripcount  | min=min_burst_len avg=avg_burst_len max=max_burst_len                            | ../../../../../../../../../../../OPS/ops/hls/L1/include/ops_hls_datamover.hpp:7578 in mem2axis                                  |
| pipeline        | II=num_strm_pkts_per_beat                                                        | ../../../../../../../../../../../OPS/ops/hls/L1/include/ops_hls_datamover.hpp:7587 in mem2axis                                  |
| stream          | variable = mem_strm depth = max_depth_v16                                        | ../../../../../../../../../../../OPS/ops/hls/L1/include/ops_hls_datamover.hpp:7637 in mem2axisv2                                |
| stream          | variable = red_mem_strm depth = max_depth_v8                                     | ../../../../../../../../../../../OPS/ops/hls/L1/include/ops_hls_datamover.hpp:7638 in mem2axisv2                                |
| dataflow        |                                                                                  | ../../../../../../../../../../../OPS/ops/hls/L1/include/ops_hls_datamover.hpp:7640 in mem2axisv2                                |
| loop_tripcount  | avg=avg_num_of_bursts max=max_num_of_bursts                                      | ../../../../../../../../../../../OPS/ops/hls/L1/include/ops_hls_datamover.hpp:7694 in mem2axis                                  |
| pipeline        | II=num_strm_pkts_per_beat                                                        | ../../../../../../../../../../../OPS/ops/hls/L1/include/ops_hls_datamover.hpp:7698 in mem2axis                                  |
| loop_tripcount  | min=min_burst_len avg=avg_burst_len max=max_burst_len                            | ../../../../../../../../../../../OPS/ops/hls/L1/include/ops_hls_datamover.hpp:7699 in mem2axis                                  |
| pipeline        | II=num_strm_pkts_per_beat                                                        | ../../../../../../../../../../../OPS/ops/hls/L1/include/ops_hls_datamover.hpp:7708 in mem2axis                                  |
| loop_tripcount  | avg=avg_num_of_bursts max=max_num_of_bursts                                      | ../../../../../../../../../../../OPS/ops/hls/L1/include/ops_hls_datamover.hpp:7717 in mem2axis                                  |
| pipeline        | II=num_strm_pkts_per_beat                                                        | ../../../../../../../../../../../OPS/ops/hls/L1/include/ops_hls_datamover.hpp:7721 in mem2axis                                  |
| loop_tripcount  | min=min_burst_len avg=avg_burst_len max=max_burst_len                            | ../../../../../../../../../../../OPS/ops/hls/L1/include/ops_hls_datamover.hpp:7722 in mem2axis                                  |
| pipeline        | II=num_strm_pkts_per_beat                                                        | ../../../../../../../../../../../OPS/ops/hls/L1/include/ops_hls_datamover.hpp:7731 in mem2axis                                  |
| loop_tripcount  | avg=avg_num_of_bursts max=max_num_of_bursts                                      | ../../../../../../../../../../../OPS/ops/hls/L1/include/ops_hls_datamover.hpp:7792 in axis2mem                                  |
| pipeline        | II=num_strm_pkts_per_beat                                                        | ../../../../../../../../../../../OPS/ops/hls/L1/include/ops_hls_datamover.hpp:7796 in axis2mem                                  |
| loop_tripcount  | min=min_burst_len avg=avg_burst_len max=max_burst_len                            | ../../../../../../../../../../../OPS/ops/hls/L1/include/ops_hls_datamover.hpp:7797 in axis2mem                                  |
| pipeline        | II=num_strm_pkts_per_beat                                                        | ../../../../../../../../../../../OPS/ops/hls/L1/include/ops_hls_datamover.hpp:7806 in axis2mem                                  |
| stream          | variable = mem_strm depth = max_depth_v16                                        | ../../../../../../../../../../../OPS/ops/hls/L1/include/ops_hls_datamover.hpp:7857 in axis2memv2                                |
| stream          | variable = red_mem_strm depth = max_depth_v8                                     | ../../../../../../../../../../../OPS/ops/hls/L1/include/ops_hls_datamover.hpp:7858 in axis2memv2                                |
| dataflow        |                                                                                  | ../../../../../../../../../../../OPS/ops/hls/L1/include/ops_hls_datamover.hpp:7860 in axis2memv2                                |
| loop_tripcount  | avg=avg_num_of_bursts max=max_num_of_bursts                                      | ../../../../../../../../../../../OPS/ops/hls/L1/include/ops_hls_datamover.hpp:7915 in axis2mem                                  |
| pipeline        | II=num_strm_pkts_per_beat                                                        | ../../../../../../../../../../../OPS/ops/hls/L1/include/ops_hls_datamover.hpp:7919 in axis2mem                                  |
| loop_tripcount  | min=min_burst_len avg=avg_burst_len max=max_burst_len                            | ../../../../../../../../../../../OPS/ops/hls/L1/include/ops_hls_datamover.hpp:7920 in axis2mem                                  |
| pipeline        | II=num_strm_pkts_per_beat                                                        | ../../../../../../../../../../../OPS/ops/hls/L1/include/ops_hls_datamover.hpp:7929 in axis2mem                                  |
| loop_tripcount  | avg=avg_num_of_bursts max=max_num_of_bursts                                      | ../../../../../../../../../../../OPS/ops/hls/L1/include/ops_hls_datamover.hpp:7938 in axis2mem                                  |
| pipeline        | II=num_strm_pkts_per_beat                                                        | ../../../../../../../../../../../OPS/ops/hls/L1/include/ops_hls_datamover.hpp:7942 in axis2mem                                  |
| loop_tripcount  | min=min_burst_len avg=avg_burst_len max=max_burst_len                            | ../../../../../../../../../../../OPS/ops/hls/L1/include/ops_hls_datamover.hpp:7943 in axis2mem                                  |
| pipeline        | II=num_strm_pkts_per_beat                                                        | ../../../../../../../../../../../OPS/ops/hls/L1/include/ops_hls_datamover.hpp:7952 in axis2mem                                  |
| pipeline        | II=data_per_axis_pkt                                                             | ../../../../../../../../../../../OPS/ops/hls/L1/include/ops_hls_datamover.hpp:7996 in axis2memmasked                            |
| pipeline        | II=1                                                                             | ../../../../../../../../../../../OPS/ops/hls/L1/include/ops_hls_datamover.hpp:8044 in axis2stream                               |
| loop_flatten    |                                                                                  | ../../../../../../../../../../../OPS/ops/hls/L1/include/ops_hls_datamover.hpp:8045 in axis2stream                               |
| array_partition | variable=cycleBuf type=complete                                                  | ../../../../../../../../../../../OPS/ops/hls/L1/include/ops_hls_datamover.hpp:8113 in axis2streammasked, cycleBuf               |
| pipeline        | II=1                                                                             | ../../../../../../../../../../../OPS/ops/hls/L1/include/ops_hls_datamover.hpp:8141 in axis2streammasked                         |
| pipeline        | II=1                                                                             | ../../../../../../../../../../../OPS/ops/hls/L1/include/ops_hls_datamover.hpp:8199 in axis2streammasked                         |
| pipeline        | II=1                                                                             | ../../../../../../../../../../../OPS/ops/hls/L1/include/ops_hls_datamover.hpp:8268 in axisloopbackv2                            |
| pipeline        | II = 1                                                                           | ../../../../../../../../../../../OPS/ops/hls/L1/include/ops_hls_datamover.hpp:8339 in axisloopback                              |
| pipeline        | II=II                                                                            | ../../../../../../../../../../../OPS/ops/hls/L1/include/ops_hls_datamover.hpp:8375 in axisterminate                             |
| pipeline        | II=1                                                                             | ../../../../../../../../../../../OPS/ops/hls/L1/include/ops_hls_datamover.hpp:8434 in stream2axis                               |
| pipeline        | II=1                                                                             | ../../../../../../../../../../../OPS/ops/hls/L1/include/ops_hls_datamover.hpp:8503 in stream2axismasked                         |
| pipeline        | II=data_per_strm_pkt                                                             | ../../../../../../../../../../../OPS/ops/hls/L1/include/ops_hls_datamover.hpp:8619 in stream2memmasked                          |
| pipeline        | II=1                                                                             | ../../../../../../../../../../../OPS/ops/hls/L1/include/ops_hls_datamover.hpp:8844 in memwritegrid                              |
| pipeline        | II = 1                                                                           | ../../../../../../../../../../../OPS/ops/hls/L1/include/ops_hls_datamover.hpp:8923 in memwritegridsimple                        |
| pipeline        | II = II                                                                          | ../../../../../../../../../../../OPS/ops/hls/L1/include/xf_datamover.hpp:132 in manualburstwrite                                |
| pipeline        | II = II                                                                          | ../../../../../../../../../../../OPS/ops/hls/L1/include/xf_datamover.hpp:152 in manualburstwrite                                |
| pipeline        | II = II                                                                          | ../../../../../../../../../../../OPS/ops/hls/L1/include/xf_datamover.hpp:254 in manualburstread                                 |
| pipeline        | II = II                                                                          | ../../../../../../../../../../../OPS/ops/hls/L1/include/xf_datamover.hpp:291 in manualburstread                                 |
| pipeline        | II = 1                                                                           | ../../../../../../../../../../../OPS/ops/hls/L1/include/xf_datamover.hpp:356 in configparser3dtiled                             |
| dataflow        |                                                                                  | ../../../../../../../../../../../OPS/ops/hls/L1/include/xf_datamover.hpp:451 in read3dtiled                                     |
| stream          | variable = r_offset depth = OUTSTANDING                                          | ../../../../../../../../../../../OPS/ops/hls/L1/include/xf_datamover.hpp:453 in read3dtiled                                     |
| stream          | variable = r_burst depth = OUTSTANDING                                           | ../../../../../../../../../../../OPS/ops/hls/L1/include/xf_datamover.hpp:455 in read3dtiled                                     |
| stream          | variable = e_r depth = OUTSTANDING                                               | ../../../../../../../../../../../OPS/ops/hls/L1/include/xf_datamover.hpp:457 in read3dtiled                                     |
| dataflow        |                                                                                  | ../../../../../../../../../../../OPS/ops/hls/L1/include/xf_datamover.hpp:495 in write3dtiled                                    |
| stream          | variable = r_offset depth = OUTSTANDING                                          | ../../../../../../../../../../../OPS/ops/hls/L1/include/xf_datamover.hpp:497 in write3dtiled                                    |
| stream          | variable = r_burst depth = OUTSTANDING                                           | ../../../../../../../../../../../OPS/ops/hls/L1/include/xf_datamover.hpp:499 in write3dtiled                                    |
| stream          | variable = e_r depth = OUTSTANDING                                               | ../../../../../../../../../../../OPS/ops/hls/L1/include/xf_datamover.hpp:501 in write3dtiled                                    |
| stream          | variable = command depth = OUTSTANDING_READ                                      | ../../../../../../../../../../../OPS/ops/hls/L1/include/xf_datamover.hpp:553 in tiledmem2stream3d                               |
| stream          | variable = command depth = OUTSTANDING_READ                                      | ../../../../../../../../../../../OPS/ops/hls/L1/include/xf_datamover.hpp:620 in tiledstream2mem3d                               |
| array_partition | variable = stencilConfig.tile_size dim = 1 complete                              | ../../../../../device/include/PE_poisson_kernel_stencil.hpp:99 in stencilrun                                                    |
| array_partition | variable = stencilConfig.is_first dim = 1 complete                               | ../../../../../device/include/PE_poisson_kernel_stencil.hpp:101 in stencilrun                                                   |
| array_partition | variable = stencilConfig.is_last dim = 1 complete                                | ../../../../../device/include/PE_poisson_kernel_stencil.hpp:102 in stencilrun                                                   |
| array_partition | variable = arg0_widenStencilValues dim = 1 complete                              | ../../../../../device/include/PE_poisson_kernel_stencil.hpp:190 in stencilrun                                                   |
| bind_storage    | variable = arg0_buf_r0_1_p0 type=ram_s2p impl=URAM latency=2                     | ../../../../../device/include/PE_poisson_kernel_stencil.hpp:207 in stencilrun                                                   |
| bind_storage    | variable = arg0_buf_r1_2_p0 type=ram_s2p impl=BRAM latency=2                     | ../../../../../device/include/PE_poisson_kernel_stencil.hpp:212 in stencilrun                                                   |
| array_partition | variable = arg0_rowArr_0_0 dim=1 complete                                        | ../../../../../device/include/PE_poisson_kernel_stencil.hpp:217 in stencilrun                                                   |
| array_partition | variable = arg0_rowArr_1_0 dim=1 complete                                        | ../../../../../device/include/PE_poisson_kernel_stencil.hpp:219 in stencilrun                                                   |
| array_partition | variable = arg0_rowArr_2_0 dim=1 complete                                        | ../../../../../device/include/PE_poisson_kernel_stencil.hpp:221 in stencilrun                                                   |
| pipeline        | II=1                                                                             | ../../../../../device/include/PE_poisson_kernel_stencil.hpp:241 in stencilrun                                                   |
| unroll          | factor=subtile_full_vector_factor                                                | ../../../../../device/include/PE_poisson_kernel_stencil.hpp:359 in stencilrun                                                   |
| unroll          | factor=subtile_vector_factor                                                     | ../../../../../device/include/PE_poisson_kernel_stencil.hpp:386 in stencilrun                                                   |
| dataflow        |                                                                                  | ../../../../../device/src/kernel_outerloop_0_0.cpp:93 in kernel_outerloop_0_dataflow_region                                     |
| array_partition | variable = arg0_arg1_streams complete                                            | ../../../../../device/src/kernel_outerloop_0_0.cpp:95 in kernel_outerloop_0_dataflow_region                                     |
| stream          | variable = arg0_arg1_streams depth = 10                                          | ../../../../../device/src/kernel_outerloop_0_0.cpp:97 in kernel_outerloop_0_dataflow_region                                     |
| stream          | variable = node2_1_to_node3_0                                                    | ../../../../../device/src/kernel_outerloop_0_0.cpp:100 in kernel_outerloop_0_dataflow_region                                    |
| array_partition | variable = node2_1_to_node3_0                                                    | ../../../../../device/src/kernel_outerloop_0_0.cpp:101 in kernel_outerloop_0_dataflow_region                                    |
| stream          | variable = arg0_poisson_kernel_stencil_in_subtile_stream                         | ../../../../../device/src/kernel_outerloop_0_0.cpp:103 in kernel_outerloop_0_dataflow_region                                    |
| array_partition | variable = arg0_poisson_kernel_stencil_in_subtile_stream                         | ../../../../../device/src/kernel_outerloop_0_0.cpp:104 in kernel_outerloop_0_dataflow_region                                    |
| stream          | variable = arg1_poisson_kernel_stencil_out_subtile_stream                        | ../../../../../device/src/kernel_outerloop_0_0.cpp:107 in kernel_outerloop_0_dataflow_region                                    |
| array_partition | variable = arg1_poisson_kernel_stencil_out_subtile_stream                        | ../../../../../device/src/kernel_outerloop_0_0.cpp:108 in kernel_outerloop_0_dataflow_region                                    |
| interface       | s_axilite port = slr_region bundle = control                                     | ../../../../../device/src/kernel_outerloop_0_0.cpp:319 in kernel_outerloop_0_0                                                  |
| interface       | s_axilite port = outer_itr bundle = control                                      | ../../../../../device/src/kernel_outerloop_0_0.cpp:320 in kernel_outerloop_0_0                                                  |
| interface       | s_axilite port = stencilConfig_grid_size_0 bundle = control                      | ../../../../../device/src/kernel_outerloop_0_0.cpp:322 in kernel_outerloop_0_0                                                  |
| interface       | s_axilite port = stencilConfig_grid_size_1 bundle = control                      | ../../../../../device/src/kernel_outerloop_0_0.cpp:324 in kernel_outerloop_0_0                                                  |
| interface       | s_axilite port = stencilConfig_dim bundle = control                              | ../../../../../device/src/kernel_outerloop_0_0.cpp:326 in kernel_outerloop_0_0                                                  |
| interface       | s_axilite port = stencilConfig_total_itr bundle = control                        | ../../../../../device/src/kernel_outerloop_0_0.cpp:327 in kernel_outerloop_0_0                                                  |
| interface       | s_axilite port = stencilConfig_outer_loop_limit bundle = control                 | ../../../../../device/src/kernel_outerloop_0_0.cpp:339 in kernel_outerloop_0_0                                                  |
| interface       | s_axilite port = tile_size_x bundle = control                                    | ../../../../../device/src/kernel_outerloop_0_0.cpp:344 in kernel_outerloop_0_0                                                  |
| interface       | s_axilite port = last_tile_size_x bundle = control                               | ../../../../../device/src/kernel_outerloop_0_0.cpp:345 in kernel_outerloop_0_0                                                  |
| interface       | s_axilite port = tile_count_x bundle = control                                   | ../../../../../device/src/kernel_outerloop_0_0.cpp:346 in kernel_outerloop_0_0                                                  |
| interface       | s_axilite port = total_xblocks bundle = control                                  | ../../../../../device/src/kernel_outerloop_0_0.cpp:347 in kernel_outerloop_0_0                                                  |
| interface       | s_axilite port = last_tile_upper_limit_x bundle = control                        | ../../../../../device/src/kernel_outerloop_0_0.cpp:348 in kernel_outerloop_0_0                                                  |
| interface       | axis port = arg0_0_axis_in register                                              | ../../../../../device/src/kernel_outerloop_0_0.cpp:353 in kernel_outerloop_0_0                                                  |
| interface       | axis port = arg0_1_axis_in register                                              | ../../../../../device/src/kernel_outerloop_0_0.cpp:354 in kernel_outerloop_0_0                                                  |
| interface       | axis port = arg0_2_axis_in register                                              | ../../../../../device/src/kernel_outerloop_0_0.cpp:355 in kernel_outerloop_0_0                                                  |
| interface       | axis port = arg0_3_axis_in register                                              | ../../../../../device/src/kernel_outerloop_0_0.cpp:356 in kernel_outerloop_0_0                                                  |
| interface       | axis port = arg0_4_axis_in register                                              | ../../../../../device/src/kernel_outerloop_0_0.cpp:357 in kernel_outerloop_0_0                                                  |
| interface       | axis port = arg0_5_axis_in register                                              | ../../../../../device/src/kernel_outerloop_0_0.cpp:358 in kernel_outerloop_0_0                                                  |
| interface       | axis port = arg0_6_axis_in register                                              | ../../../../../device/src/kernel_outerloop_0_0.cpp:359 in kernel_outerloop_0_0                                                  |
| interface       | axis port = arg0_7_axis_in register                                              | ../../../../../device/src/kernel_outerloop_0_0.cpp:360 in kernel_outerloop_0_0                                                  |
| interface       | axis port = arg1_0_axis_out register                                             | ../../../../../device/src/kernel_outerloop_0_0.cpp:361 in kernel_outerloop_0_0                                                  |
| interface       | axis port = arg1_1_axis_out register                                             | ../../../../../device/src/kernel_outerloop_0_0.cpp:362 in kernel_outerloop_0_0                                                  |
| interface       | axis port = arg1_2_axis_out register                                             | ../../../../../device/src/kernel_outerloop_0_0.cpp:363 in kernel_outerloop_0_0                                                  |
| interface       | axis port = arg1_3_axis_out register                                             | ../../../../../device/src/kernel_outerloop_0_0.cpp:364 in kernel_outerloop_0_0                                                  |
| interface       | axis port = arg1_4_axis_out register                                             | ../../../../../device/src/kernel_outerloop_0_0.cpp:365 in kernel_outerloop_0_0                                                  |
| interface       | axis port = arg1_5_axis_out register                                             | ../../../../../device/src/kernel_outerloop_0_0.cpp:366 in kernel_outerloop_0_0                                                  |
| interface       | axis port = arg1_6_axis_out register                                             | ../../../../../device/src/kernel_outerloop_0_0.cpp:367 in kernel_outerloop_0_0                                                  |
| interface       | axis port = arg1_7_axis_out register                                             | ../../../../../device/src/kernel_outerloop_0_0.cpp:368 in kernel_outerloop_0_0                                                  |
| interface       | ap_ctrl_chain port = return                                                      | ../../../../../device/src/kernel_outerloop_0_0.cpp:370 in kernel_outerloop_0_0                                                  |
| interface       | s_axilite port = return bundle = control                                         | ../../../../../device/src/kernel_outerloop_0_0.cpp:371 in kernel_outerloop_0_0                                                  |
+-----------------+----------------------------------------------------------------------------------+---------------------------------------------------------------------------------------------------------------------------------+


