grid_x,grid_y,grid_z,iters,batch_size,batch_id,init_time,main_time,total_time
100,1,1,60000,1,0,2.56185,183.15,185.712
100,1,1,60000,1,1,6.3,181,187.3
100,1,1,60000,1,2,5.9273,180.4,186.327
100,1,1,60000,1,3,5.95835,179.3,185.258
100,1,1,60000,1,4,5.9408,178.75,184.691
args: -sizex=100 -iters=60000 -batch=5 -bsize=20
