grid_x,grid_y,grid_z,iters,batch_size,batch_id,init_time,main_time,total_time
100,1,1,60000,1,0,2.9566,181.55,184.507
100,1,1,60000,1,1,2.99365,181.05,184.044
100,1,1,60000,1,2,2.5403,179.75,182.29
100,1,1,60000,1,3,5.8917,179.2,185.092
100,1,1,60000,1,4,5.91275,179.25,185.163
args: -sizex=100 -iters=60000 -batch=5 -bsize=20
