grid_x,grid_y,grid_z,iters,batch_size,batch_id,init_time,main_time,total_time
150,1,1,60000,1,0,4.3077,205.35,209.658
150,1,1,60000,1,1,4.76555,204.95,209.716
150,1,1,60000,1,2,4.69645,205.4,210.096
150,1,1,60000,1,3,4.6924,204.55,209.242
150,1,1,60000,1,4,5.3141,204.85,210.164
args: -sizex=150 -iters=60000 -batch=5 -bsize=20
