grid_x,grid_y,grid_z,iters,batch_size,batch_id,init_time,main_time,total_time
150,1,1,60000,1,0,4.3237,206.75,211.074
150,1,1,60000,1,1,7.38155,205,212.382
150,1,1,60000,1,2,7.35445,205.35,212.704
150,1,1,60000,1,3,7.33195,204.3,211.632
150,1,1,60000,1,4,8.7842,204.25,213.034
args: -sizex=150 -iters=60000 -batch=5 -bsize=20
