grid_x,grid_y,grid_z,iters,batch_size,batch_id,init_time,main_time,total_time
200,1,1,60000,1,0,5.70435,232,237.704
200,1,1,60000,1,1,9.75955,229.8,239.56
200,1,1,60000,1,2,9.76805,230.25,240.018
200,1,1,60000,1,3,11.7444,230,241.744
200,1,1,60000,1,4,11.7233,242,253.723
args: -sizex=200 -iters=60000 -batch=5 -bsize=20
