

================================================================
== Vitis HLS Report for 'interleaveTileStream2mem2D_2'
================================================================
* Date:           Thu Aug 13 05:31:40 2026

* Version:        2022.2 (Build 3670227 on Oct 13 2022)
* Project:        datamover_outerloop_0
* Solution:       solution (Vitis Kernel Flow Target)
* Product family: virtexuplus
* Target device:  xcu280-fsvh2892-2L-e


================================================================
== Performance Estimates
================================================================
+ Timing: 
    * Summary: 
    +--------+---------+----------+------------+
    |  Clock |  Target | Estimated| Uncertainty|
    +--------+---------+----------+------------+
    |ap_clk  |  3.33 ns|  2.433 ns|     0.90 ns|
    +--------+---------+----------+------------+

+ Latency: 
    * Summary: 
    +---------+---------+----------+----------+-----+-----+---------+
    |  Latency (cycles) |  Latency (absolute) |  Interval | Pipeline|
    |   min   |   max   |    min   |    max   | min | max |   Type  |
    +---------+---------+----------+----------+-----+-----+---------+
    |        ?|        ?|         ?|         ?|    ?|    ?|       no|
    +---------+---------+----------+----------+-----+-----+---------+

    + Detail: 
        * Instance: 
        +-----------------------------------------------+------------------------------------+---------+---------+-----------+----------+-----+-----+----------+
        |                                               |                                    |  Latency (cycles) |  Latency (absolute)  |  Interval | Pipeline |
        |                    Instance                   |               Module               |   min   |   max   |    min    |    max   | min | max |   Type   |
        +-----------------------------------------------+------------------------------------+---------+---------+-----------+----------+-----+-----+----------+
        |grp_interleaveTileStream2mem2D_inner_2_fu_204  |interleaveTileStream2mem2D_inner_2  |        8|      376|  26.664 ns|  1.253 us|    8|  376|  dataflow|
        +-----------------------------------------------+------------------------------------+---------+---------+-----------+----------+-----+-----+----------+

        * Loop: 
        +---------------+---------+---------+----------+-----------+-----------+-----------+----------+
        |               |  Latency (cycles) | Iteration|  Initiation Interval  |    Trip   |          |
        |   Loop Name   |   min   |   max   |  Latency |  achieved |   target  |   Count   | Pipelined|
        +---------------+---------+---------+----------+-----------+-----------+-----------+----------+
        |- tile_x_loop  |        ?|        ?|         ?|          -|          -|  0 ~ 65535|        no|
        | + row_loop    |        ?|        ?|  11 ~ 379|          -|          -|          ?|        no|
        +---------------+---------+---------+----------+-----------+-----------+-----------+----------+



================================================================
== Utilization Estimates
================================================================
* Summary: 
+---------------------+---------+------+---------+---------+-----+
|         Name        | BRAM_18K|  DSP |    FF   |   LUT   | URAM|
+---------------------+---------+------+---------+---------+-----+
|DSP                  |        -|     -|        -|        -|    -|
|Expression           |        -|     -|        0|      563|    -|
|FIFO                 |        -|     -|        -|        -|    -|
|Instance             |        -|     0|     1419|     1988|    -|
|Memory               |        -|     -|        -|        -|    -|
|Multiplexer          |        -|     -|        -|      235|    -|
|Register             |        -|     -|      615|        -|    -|
+---------------------+---------+------+---------+---------+-----+
|Total                |        0|     0|     2034|     2786|    0|
+---------------------+---------+------+---------+---------+-----+
|Available SLR        |     1344|  3008|   869120|   434560|  320|
+---------------------+---------+------+---------+---------+-----+
|Utilization SLR (%)  |        0|     0|       ~0|       ~0|    0|
+---------------------+---------+------+---------+---------+-----+
|Available            |     4032|  9024|  2607360|  1303680|  960|
+---------------------+---------+------+---------+---------+-----+
|Utilization (%)      |        0|     0|       ~0|       ~0|    0|
+---------------------+---------+------+---------+---------+-----+

+ Detail: 
    * Instance: 
    +-----------------------------------------------+------------------------------------+---------+----+------+------+-----+
    |                    Instance                   |               Module               | BRAM_18K| DSP|  FF  |  LUT | URAM|
    +-----------------------------------------------+------------------------------------+---------+----+------+------+-----+
    |grp_interleaveTileStream2mem2D_inner_2_fu_204  |interleaveTileStream2mem2D_inner_2  |        0|   0|  1419|  1980|    0|
    |mul_3s_3s_3_1_1_U648                           |mul_3s_3s_3_1_1                     |        0|   0|     0|     8|    0|
    +-----------------------------------------------+------------------------------------+---------+----+------+------+-----+
    |Total                                          |                                    |        0|   0|  1419|  1988|    0|
    +-----------------------------------------------+------------------------------------+---------+----+------+------+-----+

    * DSP: 
    N/A

    * Memory: 
    N/A

    * FIFO: 
    N/A

    * Expression: 
    +----------------------------------------------------------------+----------+----+---+----+------------+------------+
    |                          Variable Name                         | Operation| DSP| FF| LUT| Bitwidth P0| Bitwidth P1|
    +----------------------------------------------------------------+----------+----+---+----+------------+------------+
    |a_end_bank_fu_402_p2                                            |         +|   0|  0|  10|           3|           3|
    |a_end_sum_fu_396_p2                                             |         +|   0|  0|  12|           4|           4|
    |add_ln6188_fu_231_p2                                            |         +|   0|  0|  21|          14|           3|
    |add_ln6191_2_fu_639_p2                                          |         +|   0|  0|  23|          16|          16|
    |add_ln6191_fu_297_p2                                            |         +|   0|  0|  23|          16|           1|
    |add_ln6240_2_fu_585_p2                                          |         +|   0|  0|  21|          14|          14|
    |add_ln6240_fu_526_p2                                            |         +|   0|  0|  21|          14|          14|
    |add_ln6241_2_fu_595_p2                                          |         +|   0|  0|  20|          13|          13|
    |add_ln6241_fu_536_p2                                            |         +|   0|  0|  20|          13|          13|
    |add_ln6255_2_fu_629_p2                                          |         +|   0|  0|  71|          64|          64|
    |add_ln6255_fu_624_p2                                            |         +|   0|  0|  71|          64|          64|
    |add_ln6256_fu_634_p2                                            |         +|   0|  0|  34|          27|          27|
    |end_bank_fu_382_p2                                              |         +|   0|  0|  10|           3|           3|
    |end_sum_fu_376_p2                                               |         +|   0|  0|  12|           4|           4|
    |j_2_fu_606_p2                                                   |         +|   0|  0|  23|          16|           1|
    |sub_fu_251_p2                                                   |         +|   0|  0|  24|          17|           2|
    |and_ln6234_2_fu_552_p2                                          |       and|   0|  0|   2|           1|           1|
    |and_ln6234_fu_496_p2                                            |       and|   0|  0|   2|           1|           1|
    |and_ln6238_2_fu_569_p2                                          |       and|   0|  0|   2|           1|           1|
    |and_ln6238_fu_511_p2                                            |       and|   0|  0|   2|           1|           1|
    |a_lt_fu_428_p2                                                  |      icmp|   0|  0|   8|           3|           2|
    |ge_start_fu_416_p2                                              |      icmp|   0|  0|   8|           3|           2|
    |icmp_ln6191_fu_292_p2                                           |      icmp|   0|  0|  13|          16|          16|
    |icmp_ln6194_fu_312_p2                                           |      icmp|   0|  0|  13|          17|          17|
    |icmp_ln6196_fu_327_p2                                           |      icmp|   0|  0|  13|          16|           1|
    |icmp_ln6242_fu_434_p2                                           |      icmp|   0|  0|   8|           3|           2|
    |icmp_ln6253_fu_601_p2                                           |      icmp|   0|  0|  13|          16|          16|
    |lt_end_fu_422_p2                                                |      icmp|   0|  0|   8|           3|           2|
    |ap_block_state1                                                 |        or|   0|  0|   2|           1|           1|
    |ap_sync_grp_interleaveTileStream2mem2D_inner_2_fu_204_ap_done   |        or|   0|  0|   2|           1|           1|
    |ap_sync_grp_interleaveTileStream2mem2D_inner_2_fu_204_ap_ready  |        or|   0|  0|   2|           1|           1|
    |or_ln6234_2_fu_547_p2                                           |        or|   0|  0|   2|           1|           1|
    |or_ln6234_fu_492_p2                                             |        or|   0|  0|   2|           1|           1|
    |or_ln6238_2_fu_564_p2                                           |        or|   0|  0|   2|           1|           1|
    |or_ln6238_fu_507_p2                                             |        or|   0|  0|   2|           1|           1|
    |a_extra_2_fu_574_p3                                             |    select|   0|  0|   2|           1|           1|
    |a_extra_fu_515_p3                                               |    select|   0|  0|   2|           1|           1|
    |avoid_x_fu_333_p3                                               |    select|   0|  0|  15|           1|           1|
    |extra_2_fu_557_p3                                               |    select|   0|  0|   2|           1|           1|
    |extra_fu_500_p3                                                 |    select|   0|  0|   2|           1|           1|
    |tile_size_x_fu_317_p3                                           |    select|   0|  0|  16|           1|          16|
    |ge_start_2_fu_542_p2                                            |       xor|   0|  0|   2|           1|           2|
    +----------------------------------------------------------------+----------+----+---+----+------------+------------+
    |Total                                                           |          |   0|  0| 563|         397|         338|
    +----------------------------------------------------------------+----------+----+---+----+------------+------------+

    * Multiplexer: 
    +------------------------------------+----+-----------+-----+-----------+
    |                Name                | LUT| Input Size| Bits| Total Bits|
    +------------------------------------+----+-----------+-----+-----------+
    |ap_NS_fsm                           |  37|          7|    1|          7|
    |ap_done                             |   9|          2|    1|          2|
    |arg1_write_mem_strm_2_read          |   9|          2|    1|          2|
    |arg1_write_mem_strm_3_read          |   9|          2|    1|          2|
    |config_effective_tile_size_x_blk_n  |   9|          2|    1|          2|
    |config_grid_size_y_blk_n            |   9|          2|    1|          2|
    |config_grid_xblocks_blk_n           |   9|          2|    1|          2|
    |config_last_tile_size_x_blk_n       |   9|          2|    1|          2|
    |config_tile_count_x_blk_n           |   9|          2|    1|          2|
    |config_tile_overlap_size_x_blk_n    |   9|          2|    1|          2|
    |config_tile_size_x_blk_n            |   9|          2|    1|          2|
    |indvars_iv_fu_122                   |   9|          2|   16|         32|
    |j_reg_193                           |   9|          2|   16|         32|
    |m_axi_gmem10_AWVALID                |   9|          2|    1|          2|
    |m_axi_gmem10_BREADY                 |   9|          2|    1|          2|
    |m_axi_gmem10_WVALID                 |   9|          2|    1|          2|
    |m_axi_gmem11_AWVALID                |   9|          2|    1|          2|
    |m_axi_gmem11_BREADY                 |   9|          2|    1|          2|
    |m_axi_gmem11_WVALID                 |   9|          2|    1|          2|
    |mem_out1_blk_n                      |   9|          2|    1|          2|
    |mem_out_blk_n                       |   9|          2|    1|          2|
    |row_base_reg_184                    |   9|          2|   27|         54|
    |tile_x_fu_126                       |   9|          2|   16|         32|
    +------------------------------------+----+-----------+-----+-----------+
    |Total                               | 235|         51|   94|        193|
    +------------------------------------+----+-----------+-----+-----------+

    * Register: 
    +--------------------------------------------------------------------+----+----+-----+-----------+
    |                                Name                                | FF | LUT| Bits| Const Bits|
    +--------------------------------------------------------------------+----+----+-----+-----------+
    |a_lt_2_reg_788                                                      |   1|   0|    1|          0|
    |a_lt_reg_766                                                        |   1|   0|    1|          0|
    |a_wrapped_reg_746                                                   |   1|   0|    1|          0|
    |add_ln6191_reg_725                                                  |  16|   0|   16|          0|
    |add_ln6240_2_reg_814                                                |  14|   0|   14|          0|
    |add_ln6240_reg_804                                                  |  14|   0|   14|          0|
    |add_ln6241_2_reg_819                                                |  13|   0|   13|          0|
    |add_ln6241_reg_809                                                  |  13|   0|   13|          0|
    |add_ln6255_2_reg_837                                                |  64|   0|   64|          0|
    |add_ln6255_reg_832                                                  |  64|   0|   64|          0|
    |add_ln6256_reg_842                                                  |  27|   0|   27|          0|
    |ap_CS_fsm                                                           |   6|   0|    6|          0|
    |ap_done_reg                                                         |   1|   0|    1|          0|
    |ap_sync_reg_grp_interleaveTileStream2mem2D_inner_2_fu_204_ap_done   |   1|   0|    1|          0|
    |ap_sync_reg_grp_interleaveTileStream2mem2D_inner_2_fu_204_ap_ready  |   1|   0|    1|          0|
    |config_effective_tile_size_x_read_reg_682                           |  16|   0|   16|          0|
    |config_grid_size_y_read_reg_697                                     |  16|   0|   16|          0|
    |config_last_tile_size_x_read_reg_677                                |  16|   0|   16|          0|
    |config_tile_count_x_read_reg_692                                    |  16|   0|   16|          0|
    |config_tile_size_x_read_reg_687                                     |  16|   0|   16|          0|
    |empty_reg_707                                                       |   3|   0|    3|          0|
    |ge_start_reg_752                                                    |   1|   0|    1|          0|
    |grp_interleaveTileStream2mem2D_inner_2_fu_204_ap_start_reg          |   1|   0|    1|          0|
    |icmp_ln6242_reg_772                                                 |   1|   0|    1|          0|
    |indvars_iv_fu_122                                                   |  16|   0|   16|          0|
    |j_2_reg_827                                                         |  16|   0|   16|          0|
    |j_reg_193                                                           |  16|   0|   16|          0|
    |lt_end_2_reg_782                                                    |   1|   0|    1|          0|
    |lt_end_reg_760                                                      |   1|   0|    1|          0|
    |mem_out1_read_reg_667                                               |  64|   0|   64|          0|
    |mem_out_read_reg_672                                                |  64|   0|   64|          0|
    |row_base_reg_184                                                    |  27|   0|   27|          0|
    |sub_reg_702                                                         |  17|   0|   17|          0|
    |tile_x_fu_126                                                       |  16|   0|   16|          0|
    |tmp_6_reg_794                                                       |   1|   0|    1|          0|
    |tmp_reg_777                                                         |   1|   0|    1|          0|
    |trunc_ln7_reg_730                                                   |  13|   0|   13|          0|
    |trunc_ln8_reg_735                                                   |  12|   0|   12|          0|
    |trunc_ln_reg_712                                                    |  15|   0|   15|          0|
    |wrapped_reg_740                                                     |   1|   0|    1|          0|
    |zext_ln6191_reg_717                                                 |  11|   0|   27|         16|
    +--------------------------------------------------------------------+----+----+-----+-----------+
    |Total                                                               | 615|   0|  631|         16|
    +--------------------------------------------------------------------+----+----+-----+-----------+



================================================================
== Interface
================================================================
* Summary: 
+---------------------------------------------+-----+-----+------------+------------------------------+--------------+
|                  RTL Ports                  | Dir | Bits|  Protocol  |         Source Object        |    C Type    |
+---------------------------------------------+-----+-----+------------+------------------------------+--------------+
|ap_clk                                       |   in|    1|  ap_ctrl_hs|  interleaveTileStream2mem2D.2|  return value|
|ap_rst                                       |   in|    1|  ap_ctrl_hs|  interleaveTileStream2mem2D.2|  return value|
|ap_start                                     |   in|    1|  ap_ctrl_hs|  interleaveTileStream2mem2D.2|  return value|
|ap_done                                      |  out|    1|  ap_ctrl_hs|  interleaveTileStream2mem2D.2|  return value|
|ap_continue                                  |   in|    1|  ap_ctrl_hs|  interleaveTileStream2mem2D.2|  return value|
|ap_idle                                      |  out|    1|  ap_ctrl_hs|  interleaveTileStream2mem2D.2|  return value|
|ap_ready                                     |  out|    1|  ap_ctrl_hs|  interleaveTileStream2mem2D.2|  return value|
|arg1_write_mem_strm_2_dout                   |   in|  256|     ap_fifo|         arg1_write_mem_strm_2|       pointer|
|arg1_write_mem_strm_2_num_data_valid         |   in|    5|     ap_fifo|         arg1_write_mem_strm_2|       pointer|
|arg1_write_mem_strm_2_fifo_cap               |   in|    5|     ap_fifo|         arg1_write_mem_strm_2|       pointer|
|arg1_write_mem_strm_2_empty_n                |   in|    1|     ap_fifo|         arg1_write_mem_strm_2|       pointer|
|arg1_write_mem_strm_2_read                   |  out|    1|     ap_fifo|         arg1_write_mem_strm_2|       pointer|
|arg1_write_mem_strm_3_dout                   |   in|  256|     ap_fifo|         arg1_write_mem_strm_3|       pointer|
|arg1_write_mem_strm_3_num_data_valid         |   in|    5|     ap_fifo|         arg1_write_mem_strm_3|       pointer|
|arg1_write_mem_strm_3_fifo_cap               |   in|    5|     ap_fifo|         arg1_write_mem_strm_3|       pointer|
|arg1_write_mem_strm_3_empty_n                |   in|    1|     ap_fifo|         arg1_write_mem_strm_3|       pointer|
|arg1_write_mem_strm_3_read                   |  out|    1|     ap_fifo|         arg1_write_mem_strm_3|       pointer|
|config_grid_xblocks_dout                     |   in|   13|     ap_fifo|           config_grid_xblocks|       pointer|
|config_grid_xblocks_num_data_valid           |   in|    3|     ap_fifo|           config_grid_xblocks|       pointer|
|config_grid_xblocks_fifo_cap                 |   in|    3|     ap_fifo|           config_grid_xblocks|       pointer|
|config_grid_xblocks_empty_n                  |   in|    1|     ap_fifo|           config_grid_xblocks|       pointer|
|config_grid_xblocks_read                     |  out|    1|     ap_fifo|           config_grid_xblocks|       pointer|
|config_grid_size_y_dout                      |   in|   16|     ap_fifo|            config_grid_size_y|       pointer|
|config_grid_size_y_num_data_valid            |   in|    2|     ap_fifo|            config_grid_size_y|       pointer|
|config_grid_size_y_fifo_cap                  |   in|    2|     ap_fifo|            config_grid_size_y|       pointer|
|config_grid_size_y_empty_n                   |   in|    1|     ap_fifo|            config_grid_size_y|       pointer|
|config_grid_size_y_read                      |  out|    1|     ap_fifo|            config_grid_size_y|       pointer|
|config_tile_count_x_dout                     |   in|   16|     ap_fifo|           config_tile_count_x|       pointer|
|config_tile_count_x_num_data_valid           |   in|    2|     ap_fifo|           config_tile_count_x|       pointer|
|config_tile_count_x_fifo_cap                 |   in|    2|     ap_fifo|           config_tile_count_x|       pointer|
|config_tile_count_x_empty_n                  |   in|    1|     ap_fifo|           config_tile_count_x|       pointer|
|config_tile_count_x_read                     |  out|    1|     ap_fifo|           config_tile_count_x|       pointer|
|config_tile_size_x_dout                      |   in|   16|     ap_fifo|            config_tile_size_x|       pointer|
|config_tile_size_x_num_data_valid            |   in|    2|     ap_fifo|            config_tile_size_x|       pointer|
|config_tile_size_x_fifo_cap                  |   in|    2|     ap_fifo|            config_tile_size_x|       pointer|
|config_tile_size_x_empty_n                   |   in|    1|     ap_fifo|            config_tile_size_x|       pointer|
|config_tile_size_x_read                      |  out|    1|     ap_fifo|            config_tile_size_x|       pointer|
|config_tile_overlap_size_x_dout              |   in|   16|     ap_fifo|    config_tile_overlap_size_x|       pointer|
|config_tile_overlap_size_x_num_data_valid    |   in|    3|     ap_fifo|    config_tile_overlap_size_x|       pointer|
|config_tile_overlap_size_x_fifo_cap          |   in|    3|     ap_fifo|    config_tile_overlap_size_x|       pointer|
|config_tile_overlap_size_x_empty_n           |   in|    1|     ap_fifo|    config_tile_overlap_size_x|       pointer|
|config_tile_overlap_size_x_read              |  out|    1|     ap_fifo|    config_tile_overlap_size_x|       pointer|
|config_effective_tile_size_x_dout            |   in|   16|     ap_fifo|  config_effective_tile_size_x|       pointer|
|config_effective_tile_size_x_num_data_valid  |   in|    2|     ap_fifo|  config_effective_tile_size_x|       pointer|
|config_effective_tile_size_x_fifo_cap        |   in|    2|     ap_fifo|  config_effective_tile_size_x|       pointer|
|config_effective_tile_size_x_empty_n         |   in|    1|     ap_fifo|  config_effective_tile_size_x|       pointer|
|config_effective_tile_size_x_read            |  out|    1|     ap_fifo|  config_effective_tile_size_x|       pointer|
|config_last_tile_size_x_dout                 |   in|   16|     ap_fifo|       config_last_tile_size_x|       pointer|
|config_last_tile_size_x_num_data_valid       |   in|    2|     ap_fifo|       config_last_tile_size_x|       pointer|
|config_last_tile_size_x_fifo_cap             |   in|    2|     ap_fifo|       config_last_tile_size_x|       pointer|
|config_last_tile_size_x_empty_n              |   in|    1|     ap_fifo|       config_last_tile_size_x|       pointer|
|config_last_tile_size_x_read                 |  out|    1|     ap_fifo|       config_last_tile_size_x|       pointer|
|m_axi_gmem10_AWVALID                         |  out|    1|       m_axi|                         gmem2|       pointer|
|m_axi_gmem10_AWREADY                         |   in|    1|       m_axi|                         gmem2|       pointer|
|m_axi_gmem10_AWADDR                          |  out|   64|       m_axi|                         gmem2|       pointer|
|m_axi_gmem10_AWID                            |  out|    1|       m_axi|                         gmem2|       pointer|
|m_axi_gmem10_AWLEN                           |  out|   32|       m_axi|                         gmem2|       pointer|
|m_axi_gmem10_AWSIZE                          |  out|    3|       m_axi|                         gmem2|       pointer|
|m_axi_gmem10_AWBURST                         |  out|    2|       m_axi|                         gmem2|       pointer|
|m_axi_gmem10_AWLOCK                          |  out|    2|       m_axi|                         gmem2|       pointer|
|m_axi_gmem10_AWCACHE                         |  out|    4|       m_axi|                         gmem2|       pointer|
|m_axi_gmem10_AWPROT                          |  out|    3|       m_axi|                         gmem2|       pointer|
|m_axi_gmem10_AWQOS                           |  out|    4|       m_axi|                         gmem2|       pointer|
|m_axi_gmem10_AWREGION                        |  out|    4|       m_axi|                         gmem2|       pointer|
|m_axi_gmem10_AWUSER                          |  out|    1|       m_axi|                         gmem2|       pointer|
|m_axi_gmem10_WVALID                          |  out|    1|       m_axi|                         gmem2|       pointer|
|m_axi_gmem10_WREADY                          |   in|    1|       m_axi|                         gmem2|       pointer|
|m_axi_gmem10_WDATA                           |  out|  256|       m_axi|                         gmem2|       pointer|
|m_axi_gmem10_WSTRB                           |  out|   32|       m_axi|                         gmem2|       pointer|
|m_axi_gmem10_WLAST                           |  out|    1|       m_axi|                         gmem2|       pointer|
|m_axi_gmem10_WID                             |  out|    1|       m_axi|                         gmem2|       pointer|
|m_axi_gmem10_WUSER                           |  out|    1|       m_axi|                         gmem2|       pointer|
|m_axi_gmem10_ARVALID                         |  out|    1|       m_axi|                         gmem2|       pointer|
|m_axi_gmem10_ARREADY                         |   in|    1|       m_axi|                         gmem2|       pointer|
|m_axi_gmem10_ARADDR                          |  out|   64|       m_axi|                         gmem2|       pointer|
|m_axi_gmem10_ARID                            |  out|    1|       m_axi|                         gmem2|       pointer|
|m_axi_gmem10_ARLEN                           |  out|   32|       m_axi|                         gmem2|       pointer|
|m_axi_gmem10_ARSIZE                          |  out|    3|       m_axi|                         gmem2|       pointer|
|m_axi_gmem10_ARBURST                         |  out|    2|       m_axi|                         gmem2|       pointer|
|m_axi_gmem10_ARLOCK                          |  out|    2|       m_axi|                         gmem2|       pointer|
|m_axi_gmem10_ARCACHE                         |  out|    4|       m_axi|                         gmem2|       pointer|
|m_axi_gmem10_ARPROT                          |  out|    3|       m_axi|                         gmem2|       pointer|
|m_axi_gmem10_ARQOS                           |  out|    4|       m_axi|                         gmem2|       pointer|
|m_axi_gmem10_ARREGION                        |  out|    4|       m_axi|                         gmem2|       pointer|
|m_axi_gmem10_ARUSER                          |  out|    1|       m_axi|                         gmem2|       pointer|
|m_axi_gmem10_RVALID                          |   in|    1|       m_axi|                         gmem2|       pointer|
|m_axi_gmem10_RREADY                          |  out|    1|       m_axi|                         gmem2|       pointer|
|m_axi_gmem10_RDATA                           |   in|  256|       m_axi|                         gmem2|       pointer|
|m_axi_gmem10_RLAST                           |   in|    1|       m_axi|                         gmem2|       pointer|
|m_axi_gmem10_RID                             |   in|    1|       m_axi|                         gmem2|       pointer|
|m_axi_gmem10_RFIFONUM                        |   in|    7|       m_axi|                         gmem2|       pointer|
|m_axi_gmem10_RUSER                           |   in|    1|       m_axi|                         gmem2|       pointer|
|m_axi_gmem10_RRESP                           |   in|    2|       m_axi|                         gmem2|       pointer|
|m_axi_gmem10_BVALID                          |   in|    1|       m_axi|                         gmem2|       pointer|
|m_axi_gmem10_BREADY                          |  out|    1|       m_axi|                         gmem2|       pointer|
|m_axi_gmem10_BRESP                           |   in|    2|       m_axi|                         gmem2|       pointer|
|m_axi_gmem10_BID                             |   in|    1|       m_axi|                         gmem2|       pointer|
|m_axi_gmem10_BUSER                           |   in|    1|       m_axi|                         gmem2|       pointer|
|mem_out_dout                                 |   in|   64|     ap_fifo|                       mem_out|       pointer|
|mem_out_num_data_valid                       |   in|    3|     ap_fifo|                       mem_out|       pointer|
|mem_out_fifo_cap                             |   in|    3|     ap_fifo|                       mem_out|       pointer|
|mem_out_empty_n                              |   in|    1|     ap_fifo|                       mem_out|       pointer|
|mem_out_read                                 |  out|    1|     ap_fifo|                       mem_out|       pointer|
|m_axi_gmem11_AWVALID                         |  out|    1|       m_axi|                         gmem3|       pointer|
|m_axi_gmem11_AWREADY                         |   in|    1|       m_axi|                         gmem3|       pointer|
|m_axi_gmem11_AWADDR                          |  out|   64|       m_axi|                         gmem3|       pointer|
|m_axi_gmem11_AWID                            |  out|    1|       m_axi|                         gmem3|       pointer|
|m_axi_gmem11_AWLEN                           |  out|   32|       m_axi|                         gmem3|       pointer|
|m_axi_gmem11_AWSIZE                          |  out|    3|       m_axi|                         gmem3|       pointer|
|m_axi_gmem11_AWBURST                         |  out|    2|       m_axi|                         gmem3|       pointer|
|m_axi_gmem11_AWLOCK                          |  out|    2|       m_axi|                         gmem3|       pointer|
|m_axi_gmem11_AWCACHE                         |  out|    4|       m_axi|                         gmem3|       pointer|
|m_axi_gmem11_AWPROT                          |  out|    3|       m_axi|                         gmem3|       pointer|
|m_axi_gmem11_AWQOS                           |  out|    4|       m_axi|                         gmem3|       pointer|
|m_axi_gmem11_AWREGION                        |  out|    4|       m_axi|                         gmem3|       pointer|
|m_axi_gmem11_AWUSER                          |  out|    1|       m_axi|                         gmem3|       pointer|
|m_axi_gmem11_WVALID                          |  out|    1|       m_axi|                         gmem3|       pointer|
|m_axi_gmem11_WREADY                          |   in|    1|       m_axi|                         gmem3|       pointer|
|m_axi_gmem11_WDATA                           |  out|  256|       m_axi|                         gmem3|       pointer|
|m_axi_gmem11_WSTRB                           |  out|   32|       m_axi|                         gmem3|       pointer|
|m_axi_gmem11_WLAST                           |  out|    1|       m_axi|                         gmem3|       pointer|
|m_axi_gmem11_WID                             |  out|    1|       m_axi|                         gmem3|       pointer|
|m_axi_gmem11_WUSER                           |  out|    1|       m_axi|                         gmem3|       pointer|
|m_axi_gmem11_ARVALID                         |  out|    1|       m_axi|                         gmem3|       pointer|
|m_axi_gmem11_ARREADY                         |   in|    1|       m_axi|                         gmem3|       pointer|
|m_axi_gmem11_ARADDR                          |  out|   64|       m_axi|                         gmem3|       pointer|
|m_axi_gmem11_ARID                            |  out|    1|       m_axi|                         gmem3|       pointer|
|m_axi_gmem11_ARLEN                           |  out|   32|       m_axi|                         gmem3|       pointer|
|m_axi_gmem11_ARSIZE                          |  out|    3|       m_axi|                         gmem3|       pointer|
|m_axi_gmem11_ARBURST                         |  out|    2|       m_axi|                         gmem3|       pointer|
|m_axi_gmem11_ARLOCK                          |  out|    2|       m_axi|                         gmem3|       pointer|
|m_axi_gmem11_ARCACHE                         |  out|    4|       m_axi|                         gmem3|       pointer|
|m_axi_gmem11_ARPROT                          |  out|    3|       m_axi|                         gmem3|       pointer|
|m_axi_gmem11_ARQOS                           |  out|    4|       m_axi|                         gmem3|       pointer|
|m_axi_gmem11_ARREGION                        |  out|    4|       m_axi|                         gmem3|       pointer|
|m_axi_gmem11_ARUSER                          |  out|    1|       m_axi|                         gmem3|       pointer|
|m_axi_gmem11_RVALID                          |   in|    1|       m_axi|                         gmem3|       pointer|
|m_axi_gmem11_RREADY                          |  out|    1|       m_axi|                         gmem3|       pointer|
|m_axi_gmem11_RDATA                           |   in|  256|       m_axi|                         gmem3|       pointer|
|m_axi_gmem11_RLAST                           |   in|    1|       m_axi|                         gmem3|       pointer|
|m_axi_gmem11_RID                             |   in|    1|       m_axi|                         gmem3|       pointer|
|m_axi_gmem11_RFIFONUM                        |   in|    7|       m_axi|                         gmem3|       pointer|
|m_axi_gmem11_RUSER                           |   in|    1|       m_axi|                         gmem3|       pointer|
|m_axi_gmem11_RRESP                           |   in|    2|       m_axi|                         gmem3|       pointer|
|m_axi_gmem11_BVALID                          |   in|    1|       m_axi|                         gmem3|       pointer|
|m_axi_gmem11_BREADY                          |  out|    1|       m_axi|                         gmem3|       pointer|
|m_axi_gmem11_BRESP                           |   in|    2|       m_axi|                         gmem3|       pointer|
|m_axi_gmem11_BID                             |   in|    1|       m_axi|                         gmem3|       pointer|
|m_axi_gmem11_BUSER                           |   in|    1|       m_axi|                         gmem3|       pointer|
|mem_out1_dout                                |   in|   64|     ap_fifo|                      mem_out1|       pointer|
|mem_out1_num_data_valid                      |   in|    3|     ap_fifo|                      mem_out1|       pointer|
|mem_out1_fifo_cap                            |   in|    3|     ap_fifo|                      mem_out1|       pointer|
|mem_out1_empty_n                             |   in|    1|     ap_fifo|                      mem_out1|       pointer|
|mem_out1_read                                |  out|    1|     ap_fifo|                      mem_out1|       pointer|
+---------------------------------------------+-----+-----+------------+------------------------------+--------------+

============================================================
+ Verbose Summary: Synthesis Manager
============================================================
InlineROM: 1
ExposeGlobal: 0
============================================================
+ Verbose Summary: CDFG Model
============================================================
IsTopModel: 0
ResetActiveHigh: 1
IsCombinational: 2
IsDatapathOnly: 0
HasWiredReturn: 1
HasMFsm: 0
HasVarLatency: 1
IsPipeline: 0
IsRtlPipelined: 0
IsInstanceOverlapped: 0
IsDontTouch: 0
HasImplIP: 0
IsGatedGlobalClock: 0


============================================================
+ Verbose Summary: Schedule
============================================================
* Number of FSM states : 6
* Pipeline : 0
* Dataflow Pipeline: 0

* FSM state transitions: 
1 --> 2 
2 --> 3 
3 --> 4 
4 --> 5 2 
5 --> 6 
6 --> 4 

* FSM state operations: 

State 1 <SV = 0> <Delay = 2.00>
ST_1 : Operation 7 [1/1] (0.00ns)   --->   "%indvars_iv = alloca i32 1"   --->   Operation 7 'alloca' 'indvars_iv' <Predicate = true> <Delay = 0.00>
ST_1 : Operation 8 [1/1] (0.00ns)   --->   "%tile_x = alloca i32 1"   --->   Operation 8 'alloca' 'tile_x' <Predicate = true> <Delay = 0.00>
ST_1 : Operation 9 [1/1] (0.00ns)   --->   "%specinterface_ln0 = specinterface void @_ssdm_op_SpecInterface, i64 %mem_out1, void @ap_fifo_str, i32 0, i32 0, void @p_str, i32 0, i32 0, void @p_str, void @p_str, void @p_str, i32 2, i32 2, i32 16, i32 16, void @p_str, void @ScalarProp_str, i32 4294967295, i32 0"   --->   Operation 9 'specinterface' 'specinterface_ln0' <Predicate = true> <Delay = 0.00>
ST_1 : Operation 10 [1/1] (1.21ns)   --->   "%mem_out1_read = read i64 @_ssdm_op_Read.ap_fifo.i64P0A, i64 %mem_out1"   --->   Operation 10 'read' 'mem_out1_read' <Predicate = true> <Delay = 1.21> <CoreInst = "FIFO_SRL">   --->   Core 81 'FIFO_SRL' <Latency = 0> <II = 1> <Delay = 1.41> <Storage> <Opcode : 'read' 'write' 'nbread' 'nbwrite'> <Ports = 0> <Width = 64> <Depth = 4> <FIFO>
ST_1 : Operation 11 [1/1] (0.00ns)   --->   "%specinterface_ln0 = specinterface void @_ssdm_op_SpecInterface, i64 %mem_out, void @ap_fifo_str, i32 0, i32 0, void @p_str, i32 0, i32 0, void @p_str, void @p_str, void @p_str, i32 2, i32 2, i32 16, i32 16, void @p_str, void @ScalarProp_str, i32 4294967295, i32 0"   --->   Operation 11 'specinterface' 'specinterface_ln0' <Predicate = true> <Delay = 0.00>
ST_1 : Operation 12 [1/1] (1.21ns)   --->   "%mem_out_read = read i64 @_ssdm_op_Read.ap_fifo.i64P0A, i64 %mem_out"   --->   Operation 12 'read' 'mem_out_read' <Predicate = true> <Delay = 1.21> <CoreInst = "FIFO_SRL">   --->   Core 81 'FIFO_SRL' <Latency = 0> <II = 1> <Delay = 1.41> <Storage> <Opcode : 'read' 'write' 'nbread' 'nbwrite'> <Ports = 0> <Width = 64> <Depth = 4> <FIFO>
ST_1 : Operation 13 [1/1] (0.00ns)   --->   "%specinterface_ln0 = specinterface void @_ssdm_op_SpecInterface, i16 %config_last_tile_size_x, void @ap_fifo_str, i32 0, i32 0, void @p_str, i32 0, i32 0, void @p_str, void @p_str, void @p_str, i32 2, i32 2, i32 16, i32 16, void @p_str, void @ScalarProp_str, i32 4294967295, i32 0"   --->   Operation 13 'specinterface' 'specinterface_ln0' <Predicate = true> <Delay = 0.00>
ST_1 : Operation 14 [1/1] (1.21ns)   --->   "%config_last_tile_size_x_read = read i16 @_ssdm_op_Read.ap_fifo.i16P0A, i16 %config_last_tile_size_x"   --->   Operation 14 'read' 'config_last_tile_size_x_read' <Predicate = true> <Delay = 1.21> <CoreInst = "FIFO_SRL">   --->   Core 81 'FIFO_SRL' <Latency = 0> <II = 1> <Delay = 1.34> <Storage> <Opcode : 'read' 'write' 'nbread' 'nbwrite'> <Ports = 0> <Width = 16> <Depth = 2> <FIFO>
ST_1 : Operation 15 [1/1] (0.00ns)   --->   "%specinterface_ln0 = specinterface void @_ssdm_op_SpecInterface, i16 %config_effective_tile_size_x, void @ap_fifo_str, i32 0, i32 0, void @p_str, i32 0, i32 0, void @p_str, void @p_str, void @p_str, i32 2, i32 2, i32 16, i32 16, void @p_str, void @ScalarProp_str, i32 4294967295, i32 0"   --->   Operation 15 'specinterface' 'specinterface_ln0' <Predicate = true> <Delay = 0.00>
ST_1 : Operation 16 [1/1] (1.21ns)   --->   "%config_effective_tile_size_x_read = read i16 @_ssdm_op_Read.ap_fifo.i16P0A, i16 %config_effective_tile_size_x"   --->   Operation 16 'read' 'config_effective_tile_size_x_read' <Predicate = true> <Delay = 1.21> <CoreInst = "FIFO_SRL">   --->   Core 81 'FIFO_SRL' <Latency = 0> <II = 1> <Delay = 1.34> <Storage> <Opcode : 'read' 'write' 'nbread' 'nbwrite'> <Ports = 0> <Width = 16> <Depth = 2> <FIFO>
ST_1 : Operation 17 [1/1] (0.00ns)   --->   "%specinterface_ln0 = specinterface void @_ssdm_op_SpecInterface, i16 %config_tile_overlap_size_x, void @ap_fifo_str, i32 0, i32 0, void @p_str, i32 0, i32 0, void @p_str, void @p_str, void @p_str, i32 2, i32 2, i32 16, i32 16, void @p_str, void @ScalarProp_str, i32 4294967295, i32 0"   --->   Operation 17 'specinterface' 'specinterface_ln0' <Predicate = true> <Delay = 0.00>
ST_1 : Operation 18 [1/1] (1.21ns)   --->   "%config_tile_overlap_size_x_read = read i16 @_ssdm_op_Read.ap_fifo.i16P0A, i16 %config_tile_overlap_size_x"   --->   Operation 18 'read' 'config_tile_overlap_size_x_read' <Predicate = true> <Delay = 1.21> <CoreInst = "FIFO_SRL">   --->   Core 81 'FIFO_SRL' <Latency = 0> <II = 1> <Delay = 1.33> <Storage> <Opcode : 'read' 'write' 'nbread' 'nbwrite'> <Ports = 0> <Width = 16> <Depth = 4> <FIFO>
ST_1 : Operation 19 [1/1] (0.00ns)   --->   "%specinterface_ln0 = specinterface void @_ssdm_op_SpecInterface, i16 %config_tile_size_x, void @ap_fifo_str, i32 0, i32 0, void @p_str, i32 0, i32 0, void @p_str, void @p_str, void @p_str, i32 2, i32 2, i32 16, i32 16, void @p_str, void @ScalarProp_str, i32 4294967295, i32 0"   --->   Operation 19 'specinterface' 'specinterface_ln0' <Predicate = true> <Delay = 0.00>
ST_1 : Operation 20 [1/1] (1.21ns)   --->   "%config_tile_size_x_read = read i16 @_ssdm_op_Read.ap_fifo.i16P0A, i16 %config_tile_size_x"   --->   Operation 20 'read' 'config_tile_size_x_read' <Predicate = true> <Delay = 1.21> <CoreInst = "FIFO_SRL">   --->   Core 81 'FIFO_SRL' <Latency = 0> <II = 1> <Delay = 1.34> <Storage> <Opcode : 'read' 'write' 'nbread' 'nbwrite'> <Ports = 0> <Width = 16> <Depth = 2> <FIFO>
ST_1 : Operation 21 [1/1] (0.00ns)   --->   "%specinterface_ln0 = specinterface void @_ssdm_op_SpecInterface, i16 %config_tile_count_x, void @ap_fifo_str, i32 0, i32 0, void @p_str, i32 0, i32 0, void @p_str, void @p_str, void @p_str, i32 2, i32 2, i32 16, i32 16, void @p_str, void @ScalarProp_str, i32 4294967295, i32 0"   --->   Operation 21 'specinterface' 'specinterface_ln0' <Predicate = true> <Delay = 0.00>
ST_1 : Operation 22 [1/1] (1.21ns)   --->   "%config_tile_count_x_read = read i16 @_ssdm_op_Read.ap_fifo.i16P0A, i16 %config_tile_count_x"   --->   Operation 22 'read' 'config_tile_count_x_read' <Predicate = true> <Delay = 1.21> <CoreInst = "FIFO_SRL">   --->   Core 81 'FIFO_SRL' <Latency = 0> <II = 1> <Delay = 1.34> <Storage> <Opcode : 'read' 'write' 'nbread' 'nbwrite'> <Ports = 0> <Width = 16> <Depth = 2> <FIFO>
ST_1 : Operation 23 [1/1] (0.00ns)   --->   "%specinterface_ln0 = specinterface void @_ssdm_op_SpecInterface, i16 %config_grid_size_y, void @ap_fifo_str, i32 0, i32 0, void @p_str, i32 0, i32 0, void @p_str, void @p_str, void @p_str, i32 2, i32 2, i32 16, i32 16, void @p_str, void @ScalarProp_str, i32 4294967295, i32 0"   --->   Operation 23 'specinterface' 'specinterface_ln0' <Predicate = true> <Delay = 0.00>
ST_1 : Operation 24 [1/1] (1.21ns)   --->   "%config_grid_size_y_read = read i16 @_ssdm_op_Read.ap_fifo.i16P0A, i16 %config_grid_size_y"   --->   Operation 24 'read' 'config_grid_size_y_read' <Predicate = true> <Delay = 1.21> <CoreInst = "FIFO_SRL">   --->   Core 81 'FIFO_SRL' <Latency = 0> <II = 1> <Delay = 1.34> <Storage> <Opcode : 'read' 'write' 'nbread' 'nbwrite'> <Ports = 0> <Width = 16> <Depth = 2> <FIFO>
ST_1 : Operation 25 [1/1] (0.00ns)   --->   "%specinterface_ln0 = specinterface void @_ssdm_op_SpecInterface, i13 %config_grid_xblocks, void @ap_fifo_str, i32 0, i32 0, void @p_str, i32 0, i32 0, void @p_str, void @p_str, void @p_str, i32 2, i32 2, i32 16, i32 16, void @p_str, void @ScalarProp_str, i32 4294967295, i32 0"   --->   Operation 25 'specinterface' 'specinterface_ln0' <Predicate = true> <Delay = 0.00>
ST_1 : Operation 26 [1/1] (1.21ns)   --->   "%config_grid_xblocks_read = read i13 @_ssdm_op_Read.ap_fifo.i13P0A, i13 %config_grid_xblocks"   --->   Operation 26 'read' 'config_grid_xblocks_read' <Predicate = true> <Delay = 1.21> <CoreInst = "FIFO_SRL">   --->   Core 81 'FIFO_SRL' <Latency = 0> <II = 1> <Delay = 1.33> <Storage> <Opcode : 'read' 'write' 'nbread' 'nbwrite'> <Ports = 0> <Width = 13> <Depth = 4> <FIFO>
ST_1 : Operation 27 [1/1] (0.00ns)   --->   "%specinterface_ln0 = specinterface void @_ssdm_op_SpecInterface, i256 %arg1_write_mem_strm_3, void @empty_47, i32 0, i32 0, void @empty_49, i32 0, i32 0, void @empty_49, void @empty_49, void @empty_49, i32 0, i32 0, i32 0, i32 0, void @empty_49, void @empty_49, i32 4294967295, i32 0"   --->   Operation 27 'specinterface' 'specinterface_ln0' <Predicate = true> <Delay = 0.00>
ST_1 : Operation 28 [1/1] (0.00ns)   --->   "%specinterface_ln0 = specinterface void @_ssdm_op_SpecInterface, i256 %arg1_write_mem_strm_2, void @empty_47, i32 0, i32 0, void @empty_49, i32 0, i32 0, void @empty_49, void @empty_49, void @empty_49, i32 0, i32 0, i32 0, i32 0, void @empty_49, void @empty_49, i32 4294967295, i32 0"   --->   Operation 28 'specinterface' 'specinterface_ln0' <Predicate = true> <Delay = 0.00>
ST_1 : Operation 29 [1/1] (0.00ns)   --->   "%specinterface_ln0 = specinterface void @_ssdm_op_SpecInterface, i256 %gmem10, void @empty_58, i32 0, i32 0, void @empty_49, i32 40, i32 8192, void @empty_53, void @empty_51, void @empty_49, i32 4, i32 4, i32 16, i32 16, void @empty_49, void @empty_49, i32 4294967295, i32 0"   --->   Operation 29 'specinterface' 'specinterface_ln0' <Predicate = true> <Delay = 0.00>
ST_1 : Operation 30 [1/1] (0.00ns)   --->   "%specinterface_ln0 = specinterface void @_ssdm_op_SpecInterface, i256 %gmem11, void @empty_58, i32 0, i32 0, void @empty_49, i32 40, i32 8192, void @empty_3, void @empty_51, void @empty_49, i32 4, i32 4, i32 16, i32 16, void @empty_49, void @empty_49, i32 4294967295, i32 0"   --->   Operation 30 'specinterface' 'specinterface_ln0' <Predicate = true> <Delay = 0.00>
ST_1 : Operation 31 [1/1] (0.00ns)   --->   "%zext_ln6188 = zext i13 %config_grid_xblocks_read" [/home/x_thileeb/repos/ops-hls-batching-new/OPS/ops/hls/include/device/../../L1/include/ops_hls_datamover.hpp:6188]   --->   Operation 31 'zext' 'zext_ln6188' <Predicate = true> <Delay = 0.00>
ST_1 : Operation 32 [1/1] (0.75ns)   --->   "%add_ln6188 = add i14 %zext_ln6188, i14 7" [/home/x_thileeb/repos/ops-hls-batching-new/OPS/ops/hls/include/device/../../L1/include/ops_hls_datamover.hpp:6188]   --->   Operation 32 'add' 'add_ln6188' <Predicate = true> <Delay = 0.75> <CoreInst = "Adder">   --->   Core 1 'Adder' <Latency = 0> <II = 1> <Delay = 0.76> <FuncUnit> <Opcode : 'add' 'sub'> <InPorts = 2> <OutPorts = 1>
ST_1 : Operation 33 [1/1] (0.00ns)   --->   "%lshr_ln = partselect i11 @_ssdm_op_PartSelect.i11.i14.i32.i32, i14 %add_ln6188, i32 3, i32 13" [/home/x_thileeb/repos/ops-hls-batching-new/OPS/ops/hls/include/device/../../L1/include/ops_hls_datamover.hpp:6188]   --->   Operation 33 'partselect' 'lshr_ln' <Predicate = true> <Delay = 0.00>
ST_1 : Operation 34 [1/1] (0.00ns)   --->   "%config_tile_count_x_load_cast = zext i16 %config_tile_count_x_read"   --->   Operation 34 'zext' 'config_tile_count_x_load_cast' <Predicate = true> <Delay = 0.00>
ST_1 : Operation 35 [1/1] (0.78ns)   --->   "%sub = add i17 %config_tile_count_x_load_cast, i17 131071"   --->   Operation 35 'add' 'sub' <Predicate = true> <Delay = 0.78> <CoreInst = "Adder">   --->   Core 1 'Adder' <Latency = 0> <II = 1> <Delay = 0.79> <FuncUnit> <Opcode : 'add' 'sub'> <InPorts = 2> <OutPorts = 1>
ST_1 : Operation 36 [1/1] (0.00ns)   --->   "%empty = trunc i16 %config_effective_tile_size_x_read"   --->   Operation 36 'trunc' 'empty' <Predicate = true> <Delay = 0.00>
ST_1 : Operation 37 [1/1] (0.00ns)   --->   "%trunc_ln = partselect i15 @_ssdm_op_PartSelect.i15.i16.i32.i32, i16 %config_tile_overlap_size_x_read, i32 1, i32 15" [/home/x_thileeb/repos/ops-hls-batching-new/OPS/ops/hls/include/device/../../L1/include/ops_hls_datamover.hpp:6191]   --->   Operation 37 'partselect' 'trunc_ln' <Predicate = true> <Delay = 0.00>
ST_1 : Operation 38 [1/1] (0.00ns)   --->   "%zext_ln6191 = zext i11 %lshr_ln" [/home/x_thileeb/repos/ops-hls-batching-new/OPS/ops/hls/include/device/../../L1/include/ops_hls_datamover.hpp:6191]   --->   Operation 38 'zext' 'zext_ln6191' <Predicate = true> <Delay = 0.00>
ST_1 : Operation 39 [1/1] (0.38ns)   --->   "%store_ln6191 = store i16 0, i16 %tile_x" [/home/x_thileeb/repos/ops-hls-batching-new/OPS/ops/hls/include/device/../../L1/include/ops_hls_datamover.hpp:6191]   --->   Operation 39 'store' 'store_ln6191' <Predicate = true> <Delay = 0.38>
ST_1 : Operation 40 [1/1] (0.38ns)   --->   "%store_ln6191 = store i16 0, i16 %indvars_iv" [/home/x_thileeb/repos/ops-hls-batching-new/OPS/ops/hls/include/device/../../L1/include/ops_hls_datamover.hpp:6191]   --->   Operation 40 'store' 'store_ln6191' <Predicate = true> <Delay = 0.38>
ST_1 : Operation 41 [1/1] (0.00ns)   --->   "%br_ln6191 = br void %for.body" [/home/x_thileeb/repos/ops-hls-batching-new/OPS/ops/hls/include/device/../../L1/include/ops_hls_datamover.hpp:6191]   --->   Operation 41 'br' 'br_ln6191' <Predicate = true> <Delay = 0.00>

State 2 <SV = 1> <Delay = 2.04>
ST_2 : Operation 42 [1/1] (0.00ns)   --->   "%tile_x_5 = load i16 %tile_x" [/home/x_thileeb/repos/ops-hls-batching-new/OPS/ops/hls/include/device/../../L1/include/ops_hls_datamover.hpp:6193]   --->   Operation 42 'load' 'tile_x_5' <Predicate = true> <Delay = 0.00>
ST_2 : Operation 43 [1/1] (0.00ns)   --->   "%zext_ln6191_2 = zext i16 %tile_x_5" [/home/x_thileeb/repos/ops-hls-batching-new/OPS/ops/hls/include/device/../../L1/include/ops_hls_datamover.hpp:6191]   --->   Operation 43 'zext' 'zext_ln6191_2' <Predicate = true> <Delay = 0.00>
ST_2 : Operation 44 [1/1] (0.67ns)   --->   "%icmp_ln6191 = icmp_eq  i16 %tile_x_5, i16 %config_tile_count_x_read" [/home/x_thileeb/repos/ops-hls-batching-new/OPS/ops/hls/include/device/../../L1/include/ops_hls_datamover.hpp:6191]   --->   Operation 44 'icmp' 'icmp_ln6191' <Predicate = true> <Delay = 0.67> <CoreInst = "Cmp">   --->   Core 9 'Cmp' <Latency = 0> <II = 1> <Delay = 0.67> <FuncUnit> <Opcode : 'icmp'> <InPorts = 2> <OutPorts = 1>
ST_2 : Operation 45 [1/1] (0.00ns)   --->   "%speclooptripcount_ln0 = speclooptripcount void @_ssdm_op_SpecLoopTripCount, i64 0, i64 65535, i64 0"   --->   Operation 45 'speclooptripcount' 'speclooptripcount_ln0' <Predicate = true> <Delay = 0.00>
ST_2 : Operation 46 [1/1] (0.78ns)   --->   "%add_ln6191 = add i16 %tile_x_5, i16 1" [/home/x_thileeb/repos/ops-hls-batching-new/OPS/ops/hls/include/device/../../L1/include/ops_hls_datamover.hpp:6191]   --->   Operation 46 'add' 'add_ln6191' <Predicate = true> <Delay = 0.78> <CoreInst = "Adder">   --->   Core 1 'Adder' <Latency = 0> <II = 1> <Delay = 0.78> <FuncUnit> <Opcode : 'add' 'sub'> <InPorts = 2> <OutPorts = 1>
ST_2 : Operation 47 [1/1] (0.00ns)   --->   "%br_ln6191 = br i1 %icmp_ln6191, void %for.body.split, void %for.end128.loopexit" [/home/x_thileeb/repos/ops-hls-batching-new/OPS/ops/hls/include/device/../../L1/include/ops_hls_datamover.hpp:6191]   --->   Operation 47 'br' 'br_ln6191' <Predicate = true> <Delay = 0.00>
ST_2 : Operation 48 [1/1] (0.00ns)   --->   "%trunc_ln6193 = trunc i16 %tile_x_5" [/home/x_thileeb/repos/ops-hls-batching-new/OPS/ops/hls/include/device/../../L1/include/ops_hls_datamover.hpp:6193]   --->   Operation 48 'trunc' 'trunc_ln6193' <Predicate = (!icmp_ln6191)> <Delay = 0.00>
ST_2 : Operation 49 [1/1] (0.45ns)   --->   "%tile_offset_x = mul i3 %trunc_ln6193, i3 %empty" [/home/x_thileeb/repos/ops-hls-batching-new/OPS/ops/hls/include/device/../../L1/include/ops_hls_datamover.hpp:6193]   --->   Operation 49 'mul' 'tile_offset_x' <Predicate = (!icmp_ln6191)> <Delay = 0.45> <CoreInst = "Multiplier">   --->   Core 3 'Multiplier' <Latency = 0> <II = 1> <Delay = 0.45> <FuncUnit> <Opcode : 'mul'> <InPorts = 2> <OutPorts = 1>
ST_2 : Operation 50 [1/1] (0.68ns)   --->   "%icmp_ln6194 = icmp_eq  i17 %sub, i17 %zext_ln6191_2" [/home/x_thileeb/repos/ops-hls-batching-new/OPS/ops/hls/include/device/../../L1/include/ops_hls_datamover.hpp:6194]   --->   Operation 50 'icmp' 'icmp_ln6194' <Predicate = (!icmp_ln6191)> <Delay = 0.68> <CoreInst = "Cmp">   --->   Core 9 'Cmp' <Latency = 0> <II = 1> <Delay = 0.68> <FuncUnit> <Opcode : 'icmp'> <InPorts = 2> <OutPorts = 1>
ST_2 : Operation 51 [1/1] (0.24ns)   --->   "%tile_size_x = select i1 %icmp_ln6194, i16 %config_last_tile_size_x_read, i16 %config_tile_size_x_read" [/home/x_thileeb/repos/ops-hls-batching-new/OPS/ops/hls/include/device/../../L1/include/ops_hls_datamover.hpp:6194]   --->   Operation 51 'select' 'tile_size_x' <Predicate = (!icmp_ln6191)> <Delay = 0.24> <CoreInst = "Sel">   --->   Core 73 'Sel' <Latency = 0> <II = 1> <Delay = 0.24> <FuncUnit> <Opcode : 'select'> <InPorts = 3> <OutPorts = 1>
ST_2 : Operation 52 [1/1] (0.00ns)   --->   "%rem_x = trunc i16 %tile_size_x" [/home/x_thileeb/repos/ops-hls-batching-new/OPS/ops/hls/include/device/../../L1/include/ops_hls_datamover.hpp:6194]   --->   Operation 52 'trunc' 'rem_x' <Predicate = (!icmp_ln6191)> <Delay = 0.00>
ST_2 : Operation 53 [1/1] (0.67ns)   --->   "%icmp_ln6196 = icmp_eq  i16 %tile_x_5, i16 0" [/home/x_thileeb/repos/ops-hls-batching-new/OPS/ops/hls/include/device/../../L1/include/ops_hls_datamover.hpp:6196]   --->   Operation 53 'icmp' 'icmp_ln6196' <Predicate = (!icmp_ln6191)> <Delay = 0.67> <CoreInst = "Cmp">   --->   Core 9 'Cmp' <Latency = 0> <II = 1> <Delay = 0.67> <FuncUnit> <Opcode : 'icmp'> <InPorts = 2> <OutPorts = 1>
ST_2 : Operation 54 [1/1] (0.29ns)   --->   "%avoid_x = select i1 %icmp_ln6196, i15 0, i15 %trunc_ln" [/home/x_thileeb/repos/ops-hls-batching-new/OPS/ops/hls/include/device/../../L1/include/ops_hls_datamover.hpp:6196]   --->   Operation 54 'select' 'avoid_x' <Predicate = (!icmp_ln6191)> <Delay = 0.29> <CoreInst = "Sel">   --->   Core 73 'Sel' <Latency = 0> <II = 1> <Delay = 0.29> <FuncUnit> <Opcode : 'select'> <InPorts = 3> <OutPorts = 1>
ST_2 : Operation 55 [1/1] (0.00ns)   --->   "%rem_avoid_x = trunc i15 %avoid_x" [/home/x_thileeb/repos/ops-hls-batching-new/OPS/ops/hls/include/device/../../L1/include/ops_hls_datamover.hpp:6196]   --->   Operation 55 'trunc' 'rem_avoid_x' <Predicate = (!icmp_ln6191)> <Delay = 0.00>
ST_2 : Operation 56 [1/1] (0.00ns)   --->   "%trunc_ln7 = partselect i13 @_ssdm_op_PartSelect.i13.i16.i32.i32, i16 %tile_size_x, i32 3, i32 15" [/home/x_thileeb/repos/ops-hls-batching-new/OPS/ops/hls/include/device/../../L1/include/ops_hls_datamover.hpp:6201]   --->   Operation 56 'partselect' 'trunc_ln7' <Predicate = (!icmp_ln6191)> <Delay = 0.00>
ST_2 : Operation 57 [1/1] (0.00ns)   --->   "%zext_ln6202 = zext i3 %rem_x" [/home/x_thileeb/repos/ops-hls-batching-new/OPS/ops/hls/include/device/../../L1/include/ops_hls_datamover.hpp:6202]   --->   Operation 57 'zext' 'zext_ln6202' <Predicate = (!icmp_ln6191)> <Delay = 0.00>
ST_2 : Operation 58 [1/1] (0.00ns)   --->   "%trunc_ln8 = partselect i12 @_ssdm_op_PartSelect.i12.i15.i32.i32, i15 %avoid_x, i32 3, i32 14" [/home/x_thileeb/repos/ops-hls-batching-new/OPS/ops/hls/include/device/../../L1/include/ops_hls_datamover.hpp:6203]   --->   Operation 58 'partselect' 'trunc_ln8' <Predicate = (!icmp_ln6191)> <Delay = 0.00>
ST_2 : Operation 59 [1/1] (0.00ns)   --->   "%zext_ln6204 = zext i3 %rem_avoid_x" [/home/x_thileeb/repos/ops-hls-batching-new/OPS/ops/hls/include/device/../../L1/include/ops_hls_datamover.hpp:6204]   --->   Operation 59 'zext' 'zext_ln6204' <Predicate = (!icmp_ln6191)> <Delay = 0.00>
ST_2 : Operation 60 [1/1] (0.00ns)   --->   "%zext_ln6214 = zext i3 %tile_offset_x" [/home/x_thileeb/repos/ops-hls-batching-new/OPS/ops/hls/include/device/../../L1/include/ops_hls_datamover.hpp:6214]   --->   Operation 60 'zext' 'zext_ln6214' <Predicate = (!icmp_ln6191)> <Delay = 0.00>
ST_2 : Operation 61 [1/1] (0.57ns)   --->   "%end_sum = add i4 %zext_ln6214, i4 %zext_ln6202" [/home/x_thileeb/repos/ops-hls-batching-new/OPS/ops/hls/include/device/../../L1/include/ops_hls_datamover.hpp:6215]   --->   Operation 61 'add' 'end_sum' <Predicate = (!icmp_ln6191)> <Delay = 0.57> <CoreInst = "Adder">   --->   Core 1 'Adder' <Latency = 0> <II = 1> <Delay = 0.70> <FuncUnit> <Opcode : 'add' 'sub'> <InPorts = 2> <OutPorts = 1>
ST_2 : Operation 62 [1/1] (0.57ns)   --->   "%end_bank = add i3 %tile_offset_x, i3 %rem_x" [/home/x_thileeb/repos/ops-hls-batching-new/OPS/ops/hls/include/device/../../L1/include/ops_hls_datamover.hpp:6216]   --->   Operation 62 'add' 'end_bank' <Predicate = (!icmp_ln6191)> <Delay = 0.57> <CoreInst = "Adder">   --->   Core 1 'Adder' <Latency = 0> <II = 1> <Delay = 0.57> <FuncUnit> <Opcode : 'add' 'sub'> <InPorts = 2> <OutPorts = 1>
ST_2 : Operation 63 [1/1] (0.00ns)   --->   "%wrapped = bitselect i1 @_ssdm_op_BitSelect.i1.i4.i32, i4 %end_sum, i32 3" [/home/x_thileeb/repos/ops-hls-batching-new/OPS/ops/hls/include/device/../../L1/include/ops_hls_datamover.hpp:6217]   --->   Operation 63 'bitselect' 'wrapped' <Predicate = (!icmp_ln6191)> <Delay = 0.00>
ST_2 : Operation 64 [1/1] (0.57ns)   --->   "%a_end_sum = add i4 %zext_ln6214, i4 %zext_ln6204" [/home/x_thileeb/repos/ops-hls-batching-new/OPS/ops/hls/include/device/../../L1/include/ops_hls_datamover.hpp:6218]   --->   Operation 64 'add' 'a_end_sum' <Predicate = (!icmp_ln6191)> <Delay = 0.57> <CoreInst = "Adder">   --->   Core 1 'Adder' <Latency = 0> <II = 1> <Delay = 0.70> <FuncUnit> <Opcode : 'add' 'sub'> <InPorts = 2> <OutPorts = 1>
ST_2 : Operation 65 [1/1] (0.57ns)   --->   "%a_end_bank = add i3 %tile_offset_x, i3 %rem_avoid_x" [/home/x_thileeb/repos/ops-hls-batching-new/OPS/ops/hls/include/device/../../L1/include/ops_hls_datamover.hpp:6219]   --->   Operation 65 'add' 'a_end_bank' <Predicate = (!icmp_ln6191)> <Delay = 0.57> <CoreInst = "Adder">   --->   Core 1 'Adder' <Latency = 0> <II = 1> <Delay = 0.57> <FuncUnit> <Opcode : 'add' 'sub'> <InPorts = 2> <OutPorts = 1>
ST_2 : Operation 66 [1/1] (0.00ns)   --->   "%a_wrapped = bitselect i1 @_ssdm_op_BitSelect.i1.i4.i32, i4 %a_end_sum, i32 3" [/home/x_thileeb/repos/ops-hls-batching-new/OPS/ops/hls/include/device/../../L1/include/ops_hls_datamover.hpp:6220]   --->   Operation 66 'bitselect' 'a_wrapped' <Predicate = (!icmp_ln6191)> <Delay = 0.00>
ST_2 : Operation 67 [1/1] (0.49ns)   --->   "%ge_start = icmp_ult  i3 %tile_offset_x, i3 3" [/home/x_thileeb/repos/ops-hls-batching-new/OPS/ops/hls/include/device/../../L1/include/ops_hls_datamover.hpp:6232]   --->   Operation 67 'icmp' 'ge_start' <Predicate = (!icmp_ln6191)> <Delay = 0.49> <CoreInst = "Cmp">   --->   Core 9 'Cmp' <Latency = 0> <II = 1> <Delay = 0.49> <FuncUnit> <Opcode : 'icmp'> <InPorts = 2> <OutPorts = 1>
ST_2 : Operation 68 [1/1] (0.49ns)   --->   "%lt_end = icmp_ugt  i3 %end_bank, i3 2" [/home/x_thileeb/repos/ops-hls-batching-new/OPS/ops/hls/include/device/../../L1/include/ops_hls_datamover.hpp:6233]   --->   Operation 68 'icmp' 'lt_end' <Predicate = (!icmp_ln6191)> <Delay = 0.49> <CoreInst = "Cmp">   --->   Core 9 'Cmp' <Latency = 0> <II = 1> <Delay = 0.49> <FuncUnit> <Opcode : 'icmp'> <InPorts = 2> <OutPorts = 1>
ST_2 : Operation 69 [1/1] (0.49ns)   --->   "%a_lt = icmp_ugt  i3 %a_end_bank, i3 2" [/home/x_thileeb/repos/ops-hls-batching-new/OPS/ops/hls/include/device/../../L1/include/ops_hls_datamover.hpp:6237]   --->   Operation 69 'icmp' 'a_lt' <Predicate = (!icmp_ln6191)> <Delay = 0.49> <CoreInst = "Cmp">   --->   Core 9 'Cmp' <Latency = 0> <II = 1> <Delay = 0.49> <FuncUnit> <Opcode : 'icmp'> <InPorts = 2> <OutPorts = 1>
ST_2 : Operation 70 [1/1] (0.49ns)   --->   "%icmp_ln6242 = icmp_ugt  i3 %tile_offset_x, i3 2" [/home/x_thileeb/repos/ops-hls-batching-new/OPS/ops/hls/include/device/../../L1/include/ops_hls_datamover.hpp:6242]   --->   Operation 70 'icmp' 'icmp_ln6242' <Predicate = (!icmp_ln6191)> <Delay = 0.49> <CoreInst = "Cmp">   --->   Core 9 'Cmp' <Latency = 0> <II = 1> <Delay = 0.49> <FuncUnit> <Opcode : 'icmp'> <InPorts = 2> <OutPorts = 1>
ST_2 : Operation 71 [1/1] (0.00ns)   --->   "%tmp = bitselect i1 @_ssdm_op_BitSelect.i1.i3.i32, i3 %tile_offset_x, i32 2" [/home/x_thileeb/repos/ops-hls-batching-new/OPS/ops/hls/include/device/../../L1/include/ops_hls_datamover.hpp:6232]   --->   Operation 71 'bitselect' 'tmp' <Predicate = (!icmp_ln6191)> <Delay = 0.00>
ST_2 : Operation 72 [1/1] (0.00ns)   --->   "%lt_end_2 = bitselect i1 @_ssdm_op_BitSelect.i1.i3.i32, i3 %end_bank, i32 2" [/home/x_thileeb/repos/ops-hls-batching-new/OPS/ops/hls/include/device/../../L1/include/ops_hls_datamover.hpp:6233]   --->   Operation 72 'bitselect' 'lt_end_2' <Predicate = (!icmp_ln6191)> <Delay = 0.00>
ST_2 : Operation 73 [1/1] (0.00ns)   --->   "%a_lt_2 = bitselect i1 @_ssdm_op_BitSelect.i1.i3.i32, i3 %a_end_bank, i32 2" [/home/x_thileeb/repos/ops-hls-batching-new/OPS/ops/hls/include/device/../../L1/include/ops_hls_datamover.hpp:6237]   --->   Operation 73 'bitselect' 'a_lt_2' <Predicate = (!icmp_ln6191)> <Delay = 0.00>
ST_2 : Operation 74 [1/1] (0.00ns)   --->   "%tmp_6 = bitselect i1 @_ssdm_op_BitSelect.i1.i3.i32, i3 %tile_offset_x, i32 2" [/home/x_thileeb/repos/ops-hls-batching-new/OPS/ops/hls/include/device/../../L1/include/ops_hls_datamover.hpp:6242]   --->   Operation 74 'bitselect' 'tmp_6' <Predicate = (!icmp_ln6191)> <Delay = 0.00>
ST_2 : Operation 75 [1/1] (0.00ns)   --->   "%ret_ln6259 = ret" [/home/x_thileeb/repos/ops-hls-batching-new/OPS/ops/hls/include/device/../../L1/include/ops_hls_datamover.hpp:6259]   --->   Operation 75 'ret' 'ret_ln6259' <Predicate = (icmp_ln6191)> <Delay = 0.00>

State 3 <SV = 2> <Delay = 0.87>
ST_3 : Operation 76 [1/1] (0.00ns)   --->   "%indvars_iv_load_2 = load i16 %indvars_iv" [/home/x_thileeb/repos/ops-hls-batching-new/OPS/ops/hls/include/device/../../L1/include/ops_hls_datamover.hpp:6193]   --->   Operation 76 'load' 'indvars_iv_load_2' <Predicate = true> <Delay = 0.00>
ST_3 : Operation 77 [1/1] (0.00ns)   --->   "%specloopname_ln6191 = specloopname void @_ssdm_op_SpecLoopName, void @empty_28" [/home/x_thileeb/repos/ops-hls-batching-new/OPS/ops/hls/include/device/../../L1/include/ops_hls_datamover.hpp:6191]   --->   Operation 77 'specloopname' 'specloopname_ln6191' <Predicate = true> <Delay = 0.00>
ST_3 : Operation 78 [1/1] (0.00ns)   --->   "%lshr_ln2 = partselect i13 @_ssdm_op_PartSelect.i13.i16.i32.i32, i16 %indvars_iv_load_2, i32 3, i32 15" [/home/x_thileeb/repos/ops-hls-batching-new/OPS/ops/hls/include/device/../../L1/include/ops_hls_datamover.hpp:6193]   --->   Operation 78 'partselect' 'lshr_ln2' <Predicate = true> <Delay = 0.00>
ST_3 : Operation 79 [1/1] (0.00ns)   --->   "%zext_ln6193 = zext i13 %lshr_ln2" [/home/x_thileeb/repos/ops-hls-batching-new/OPS/ops/hls/include/device/../../L1/include/ops_hls_datamover.hpp:6193]   --->   Operation 79 'zext' 'zext_ln6193' <Predicate = true> <Delay = 0.00>
ST_3 : Operation 80 [1/1] (0.00ns)   --->   "%zext_ln6201 = zext i13 %trunc_ln7" [/home/x_thileeb/repos/ops-hls-batching-new/OPS/ops/hls/include/device/../../L1/include/ops_hls_datamover.hpp:6201]   --->   Operation 80 'zext' 'zext_ln6201' <Predicate = true> <Delay = 0.00>
ST_3 : Operation 81 [1/1] (0.00ns)   --->   "%zext_ln6203 = zext i12 %trunc_ln8" [/home/x_thileeb/repos/ops-hls-batching-new/OPS/ops/hls/include/device/../../L1/include/ops_hls_datamover.hpp:6203]   --->   Operation 81 'zext' 'zext_ln6203' <Predicate = true> <Delay = 0.00>
ST_3 : Operation 82 [1/1] (0.00ns) (grouped into LUT with out node add_ln6240)   --->   "%or_ln6234 = or i1 %ge_start, i1 %lt_end" [/home/x_thileeb/repos/ops-hls-batching-new/OPS/ops/hls/include/device/../../L1/include/ops_hls_datamover.hpp:6234]   --->   Operation 82 'or' 'or_ln6234' <Predicate = (wrapped)> <Delay = 0.00> <CoreInst = "LogicGate">   --->   Core 74 'LogicGate' <Latency = 0> <II = 1> <Delay = 0.12> <FuncUnit> <Opcode : 'and' 'or' 'xor'> <InPorts = 2> <OutPorts = 1>
ST_3 : Operation 83 [1/1] (0.00ns) (grouped into LUT with out node add_ln6240)   --->   "%and_ln6234 = and i1 %ge_start, i1 %lt_end" [/home/x_thileeb/repos/ops-hls-batching-new/OPS/ops/hls/include/device/../../L1/include/ops_hls_datamover.hpp:6234]   --->   Operation 83 'and' 'and_ln6234' <Predicate = (!wrapped)> <Delay = 0.00> <CoreInst = "LogicGate">   --->   Core 74 'LogicGate' <Latency = 0> <II = 1> <Delay = 0.12> <FuncUnit> <Opcode : 'and' 'or' 'xor'> <InPorts = 2> <OutPorts = 1>
ST_3 : Operation 84 [1/1] (0.00ns) (grouped into LUT with out node add_ln6240)   --->   "%extra = select i1 %wrapped, i1 %or_ln6234, i1 %and_ln6234" [/home/x_thileeb/repos/ops-hls-batching-new/OPS/ops/hls/include/device/../../L1/include/ops_hls_datamover.hpp:6234]   --->   Operation 84 'select' 'extra' <Predicate = true> <Delay = 0.00> <CoreInst = "Sel">   --->   Core 73 'Sel' <Latency = 0> <II = 1> <Delay = 0.27> <FuncUnit> <Opcode : 'select'> <InPorts = 3> <OutPorts = 1>
ST_3 : Operation 85 [1/1] (0.00ns) (grouped into LUT with out node add_ln6241)   --->   "%or_ln6238 = or i1 %ge_start, i1 %a_lt" [/home/x_thileeb/repos/ops-hls-batching-new/OPS/ops/hls/include/device/../../L1/include/ops_hls_datamover.hpp:6238]   --->   Operation 85 'or' 'or_ln6238' <Predicate = (a_wrapped)> <Delay = 0.00> <CoreInst = "LogicGate">   --->   Core 74 'LogicGate' <Latency = 0> <II = 1> <Delay = 0.12> <FuncUnit> <Opcode : 'and' 'or' 'xor'> <InPorts = 2> <OutPorts = 1>
ST_3 : Operation 86 [1/1] (0.00ns) (grouped into LUT with out node add_ln6241)   --->   "%and_ln6238 = and i1 %ge_start, i1 %a_lt" [/home/x_thileeb/repos/ops-hls-batching-new/OPS/ops/hls/include/device/../../L1/include/ops_hls_datamover.hpp:6238]   --->   Operation 86 'and' 'and_ln6238' <Predicate = (!a_wrapped)> <Delay = 0.00> <CoreInst = "LogicGate">   --->   Core 74 'LogicGate' <Latency = 0> <II = 1> <Delay = 0.12> <FuncUnit> <Opcode : 'and' 'or' 'xor'> <InPorts = 2> <OutPorts = 1>
ST_3 : Operation 87 [1/1] (0.00ns) (grouped into LUT with out node add_ln6241)   --->   "%a_extra = select i1 %a_wrapped, i1 %or_ln6238, i1 %and_ln6238" [/home/x_thileeb/repos/ops-hls-batching-new/OPS/ops/hls/include/device/../../L1/include/ops_hls_datamover.hpp:6238]   --->   Operation 87 'select' 'a_extra' <Predicate = true> <Delay = 0.00> <CoreInst = "Sel">   --->   Core 73 'Sel' <Latency = 0> <II = 1> <Delay = 0.27> <FuncUnit> <Opcode : 'select'> <InPorts = 3> <OutPorts = 1>
ST_3 : Operation 88 [1/1] (0.00ns) (grouped into LUT with out node add_ln6240)   --->   "%zext_ln6240 = zext i1 %extra" [/home/x_thileeb/repos/ops-hls-batching-new/OPS/ops/hls/include/device/../../L1/include/ops_hls_datamover.hpp:6240]   --->   Operation 88 'zext' 'zext_ln6240' <Predicate = true> <Delay = 0.00>
ST_3 : Operation 89 [1/1] (0.75ns) (out node of the LUT)   --->   "%add_ln6240 = add i14 %zext_ln6201, i14 %zext_ln6240" [/home/x_thileeb/repos/ops-hls-batching-new/OPS/ops/hls/include/device/../../L1/include/ops_hls_datamover.hpp:6240]   --->   Operation 89 'add' 'add_ln6240' <Predicate = true> <Delay = 0.75> <CoreInst = "Adder">   --->   Core 1 'Adder' <Latency = 0> <II = 1> <Delay = 0.76> <FuncUnit> <Opcode : 'add' 'sub'> <InPorts = 2> <OutPorts = 1>
ST_3 : Operation 90 [1/1] (0.00ns) (grouped into LUT with out node add_ln6241)   --->   "%zext_ln6241 = zext i1 %a_extra" [/home/x_thileeb/repos/ops-hls-batching-new/OPS/ops/hls/include/device/../../L1/include/ops_hls_datamover.hpp:6241]   --->   Operation 90 'zext' 'zext_ln6241' <Predicate = true> <Delay = 0.00>
ST_3 : Operation 91 [1/1] (0.74ns) (out node of the LUT)   --->   "%add_ln6241 = add i13 %zext_ln6203, i13 %zext_ln6241" [/home/x_thileeb/repos/ops-hls-batching-new/OPS/ops/hls/include/device/../../L1/include/ops_hls_datamover.hpp:6241]   --->   Operation 91 'add' 'add_ln6241' <Predicate = true> <Delay = 0.74> <CoreInst = "Adder">   --->   Core 1 'Adder' <Latency = 0> <II = 1> <Delay = 0.75> <FuncUnit> <Opcode : 'add' 'sub'> <InPorts = 2> <OutPorts = 1>
ST_3 : Operation 92 [1/1] (0.12ns)   --->   "%ge_start_2 = xor i1 %tmp, i1 1" [/home/x_thileeb/repos/ops-hls-batching-new/OPS/ops/hls/include/device/../../L1/include/ops_hls_datamover.hpp:6232]   --->   Operation 92 'xor' 'ge_start_2' <Predicate = true> <Delay = 0.12> <CoreInst = "LogicGate">   --->   Core 74 'LogicGate' <Latency = 0> <II = 1> <Delay = 0.12> <FuncUnit> <Opcode : 'and' 'or' 'xor'> <InPorts = 2> <OutPorts = 1>
ST_3 : Operation 93 [1/1] (0.00ns) (grouped into LUT with out node add_ln6240_2)   --->   "%or_ln6234_2 = or i1 %lt_end_2, i1 %ge_start_2" [/home/x_thileeb/repos/ops-hls-batching-new/OPS/ops/hls/include/device/../../L1/include/ops_hls_datamover.hpp:6234]   --->   Operation 93 'or' 'or_ln6234_2' <Predicate = (wrapped)> <Delay = 0.00> <CoreInst = "LogicGate">   --->   Core 74 'LogicGate' <Latency = 0> <II = 1> <Delay = 0.12> <FuncUnit> <Opcode : 'and' 'or' 'xor'> <InPorts = 2> <OutPorts = 1>
ST_3 : Operation 94 [1/1] (0.00ns) (grouped into LUT with out node add_ln6240_2)   --->   "%and_ln6234_2 = and i1 %lt_end_2, i1 %ge_start_2" [/home/x_thileeb/repos/ops-hls-batching-new/OPS/ops/hls/include/device/../../L1/include/ops_hls_datamover.hpp:6234]   --->   Operation 94 'and' 'and_ln6234_2' <Predicate = (!wrapped)> <Delay = 0.00> <CoreInst = "LogicGate">   --->   Core 74 'LogicGate' <Latency = 0> <II = 1> <Delay = 0.12> <FuncUnit> <Opcode : 'and' 'or' 'xor'> <InPorts = 2> <OutPorts = 1>
ST_3 : Operation 95 [1/1] (0.00ns) (grouped into LUT with out node add_ln6240_2)   --->   "%extra_2 = select i1 %wrapped, i1 %or_ln6234_2, i1 %and_ln6234_2" [/home/x_thileeb/repos/ops-hls-batching-new/OPS/ops/hls/include/device/../../L1/include/ops_hls_datamover.hpp:6234]   --->   Operation 95 'select' 'extra_2' <Predicate = true> <Delay = 0.00> <CoreInst = "Sel">   --->   Core 73 'Sel' <Latency = 0> <II = 1> <Delay = 0.27> <FuncUnit> <Opcode : 'select'> <InPorts = 3> <OutPorts = 1>
ST_3 : Operation 96 [1/1] (0.00ns) (grouped into LUT with out node add_ln6241_2)   --->   "%or_ln6238_2 = or i1 %a_lt_2, i1 %ge_start_2" [/home/x_thileeb/repos/ops-hls-batching-new/OPS/ops/hls/include/device/../../L1/include/ops_hls_datamover.hpp:6238]   --->   Operation 96 'or' 'or_ln6238_2' <Predicate = (a_wrapped)> <Delay = 0.00> <CoreInst = "LogicGate">   --->   Core 74 'LogicGate' <Latency = 0> <II = 1> <Delay = 0.12> <FuncUnit> <Opcode : 'and' 'or' 'xor'> <InPorts = 2> <OutPorts = 1>
ST_3 : Operation 97 [1/1] (0.00ns) (grouped into LUT with out node add_ln6241_2)   --->   "%and_ln6238_2 = and i1 %a_lt_2, i1 %ge_start_2" [/home/x_thileeb/repos/ops-hls-batching-new/OPS/ops/hls/include/device/../../L1/include/ops_hls_datamover.hpp:6238]   --->   Operation 97 'and' 'and_ln6238_2' <Predicate = (!a_wrapped)> <Delay = 0.00> <CoreInst = "LogicGate">   --->   Core 74 'LogicGate' <Latency = 0> <II = 1> <Delay = 0.12> <FuncUnit> <Opcode : 'and' 'or' 'xor'> <InPorts = 2> <OutPorts = 1>
ST_3 : Operation 98 [1/1] (0.00ns) (grouped into LUT with out node add_ln6241_2)   --->   "%a_extra_2 = select i1 %a_wrapped, i1 %or_ln6238_2, i1 %and_ln6238_2" [/home/x_thileeb/repos/ops-hls-batching-new/OPS/ops/hls/include/device/../../L1/include/ops_hls_datamover.hpp:6238]   --->   Operation 98 'select' 'a_extra_2' <Predicate = true> <Delay = 0.00> <CoreInst = "Sel">   --->   Core 73 'Sel' <Latency = 0> <II = 1> <Delay = 0.27> <FuncUnit> <Opcode : 'select'> <InPorts = 3> <OutPorts = 1>
ST_3 : Operation 99 [1/1] (0.00ns) (grouped into LUT with out node add_ln6240_2)   --->   "%zext_ln6240_2 = zext i1 %extra_2" [/home/x_thileeb/repos/ops-hls-batching-new/OPS/ops/hls/include/device/../../L1/include/ops_hls_datamover.hpp:6240]   --->   Operation 99 'zext' 'zext_ln6240_2' <Predicate = true> <Delay = 0.00>
ST_3 : Operation 100 [1/1] (0.75ns) (out node of the LUT)   --->   "%add_ln6240_2 = add i14 %zext_ln6201, i14 %zext_ln6240_2" [/home/x_thileeb/repos/ops-hls-batching-new/OPS/ops/hls/include/device/../../L1/include/ops_hls_datamover.hpp:6240]   --->   Operation 100 'add' 'add_ln6240_2' <Predicate = true> <Delay = 0.75> <CoreInst = "Adder">   --->   Core 1 'Adder' <Latency = 0> <II = 1> <Delay = 0.76> <FuncUnit> <Opcode : 'add' 'sub'> <InPorts = 2> <OutPorts = 1>
ST_3 : Operation 101 [1/1] (0.00ns) (grouped into LUT with out node add_ln6241_2)   --->   "%zext_ln6241_2 = zext i1 %a_extra_2" [/home/x_thileeb/repos/ops-hls-batching-new/OPS/ops/hls/include/device/../../L1/include/ops_hls_datamover.hpp:6241]   --->   Operation 101 'zext' 'zext_ln6241_2' <Predicate = true> <Delay = 0.00>
ST_3 : Operation 102 [1/1] (0.74ns) (out node of the LUT)   --->   "%add_ln6241_2 = add i13 %zext_ln6203, i13 %zext_ln6241_2" [/home/x_thileeb/repos/ops-hls-batching-new/OPS/ops/hls/include/device/../../L1/include/ops_hls_datamover.hpp:6241]   --->   Operation 102 'add' 'add_ln6241_2' <Predicate = true> <Delay = 0.74> <CoreInst = "Adder">   --->   Core 1 'Adder' <Latency = 0> <II = 1> <Delay = 0.75> <FuncUnit> <Opcode : 'add' 'sub'> <InPorts = 2> <OutPorts = 1>
ST_3 : Operation 103 [1/1] (0.38ns)   --->   "%br_ln6253 = br void %for.inc123" [/home/x_thileeb/repos/ops-hls-batching-new/OPS/ops/hls/include/device/../../L1/include/ops_hls_datamover.hpp:6253]   --->   Operation 103 'br' 'br_ln6253' <Predicate = true> <Delay = 0.38>

State 4 <SV = 3> <Delay = 1.17>
ST_4 : Operation 104 [1/1] (0.00ns)   --->   "%row_base = phi i27 %add_ln6256, void %for.inc123.split, i27 %zext_ln6193, void %for.body.split" [/home/x_thileeb/repos/ops-hls-batching-new/OPS/ops/hls/include/device/../../L1/include/ops_hls_datamover.hpp:6256]   --->   Operation 104 'phi' 'row_base' <Predicate = true> <Delay = 0.00>
ST_4 : Operation 105 [1/1] (0.00ns)   --->   "%j = phi i16 %j_2, void %for.inc123.split, i16 0, void %for.body.split"   --->   Operation 105 'phi' 'j' <Predicate = true> <Delay = 0.00>
ST_4 : Operation 106 [1/1] (0.67ns)   --->   "%icmp_ln6253 = icmp_eq  i16 %j, i16 %config_grid_size_y_read" [/home/x_thileeb/repos/ops-hls-batching-new/OPS/ops/hls/include/device/../../L1/include/ops_hls_datamover.hpp:6253]   --->   Operation 106 'icmp' 'icmp_ln6253' <Predicate = true> <Delay = 0.67> <CoreInst = "Cmp">   --->   Core 9 'Cmp' <Latency = 0> <II = 1> <Delay = 0.67> <FuncUnit> <Opcode : 'icmp'> <InPorts = 2> <OutPorts = 1>
ST_4 : Operation 107 [1/1] (0.78ns)   --->   "%j_2 = add i16 %j, i16 1" [/home/x_thileeb/repos/ops-hls-batching-new/OPS/ops/hls/include/device/../../L1/include/ops_hls_datamover.hpp:6253]   --->   Operation 107 'add' 'j_2' <Predicate = true> <Delay = 0.78> <CoreInst = "Adder">   --->   Core 1 'Adder' <Latency = 0> <II = 1> <Delay = 0.78> <FuncUnit> <Opcode : 'add' 'sub'> <InPorts = 2> <OutPorts = 1>
ST_4 : Operation 108 [1/1] (0.00ns)   --->   "%br_ln6253 = br i1 %icmp_ln6253, void %for.inc123.split, void %for.inc126.loopexit" [/home/x_thileeb/repos/ops-hls-batching-new/OPS/ops/hls/include/device/../../L1/include/ops_hls_datamover.hpp:6253]   --->   Operation 108 'br' 'br_ln6253' <Predicate = true> <Delay = 0.00>
ST_4 : Operation 109 [1/1] (0.00ns)   --->   "%shl_ln = bitconcatenate i32 @_ssdm_op_BitConcatenate.i32.i27.i5, i27 %row_base, i5 0" [/home/x_thileeb/repos/ops-hls-batching-new/OPS/ops/hls/include/device/../../L1/include/ops_hls_datamover.hpp:6255]   --->   Operation 109 'bitconcatenate' 'shl_ln' <Predicate = (!icmp_ln6253)> <Delay = 0.00>
ST_4 : Operation 110 [1/1] (0.00ns)   --->   "%zext_ln6255 = zext i32 %shl_ln" [/home/x_thileeb/repos/ops-hls-batching-new/OPS/ops/hls/include/device/../../L1/include/ops_hls_datamover.hpp:6255]   --->   Operation 110 'zext' 'zext_ln6255' <Predicate = (!icmp_ln6253)> <Delay = 0.00>
ST_4 : Operation 111 [1/1] (1.14ns)   --->   "%add_ln6255 = add i64 %mem_out_read, i64 %zext_ln6255" [/home/x_thileeb/repos/ops-hls-batching-new/OPS/ops/hls/include/device/../../L1/include/ops_hls_datamover.hpp:6255]   --->   Operation 111 'add' 'add_ln6255' <Predicate = (!icmp_ln6253)> <Delay = 1.14> <CoreInst = "Adder">   --->   Core 1 'Adder' <Latency = 0> <II = 1> <Delay = 1.14> <FuncUnit> <Opcode : 'add' 'sub'> <InPorts = 2> <OutPorts = 1>
ST_4 : Operation 112 [1/1] (1.14ns)   --->   "%add_ln6255_2 = add i64 %mem_out1_read, i64 %zext_ln6255" [/home/x_thileeb/repos/ops-hls-batching-new/OPS/ops/hls/include/device/../../L1/include/ops_hls_datamover.hpp:6255]   --->   Operation 112 'add' 'add_ln6255_2' <Predicate = (!icmp_ln6253)> <Delay = 1.14> <CoreInst = "Adder">   --->   Core 1 'Adder' <Latency = 0> <II = 1> <Delay = 1.14> <FuncUnit> <Opcode : 'add' 'sub'> <InPorts = 2> <OutPorts = 1>
ST_4 : Operation 113 [1/1] (0.85ns)   --->   "%add_ln6256 = add i27 %zext_ln6191, i27 %row_base" [/home/x_thileeb/repos/ops-hls-batching-new/OPS/ops/hls/include/device/../../L1/include/ops_hls_datamover.hpp:6256]   --->   Operation 113 'add' 'add_ln6256' <Predicate = (!icmp_ln6253)> <Delay = 0.85> <CoreInst = "Adder">   --->   Core 1 'Adder' <Latency = 0> <II = 1> <Delay = 0.85> <FuncUnit> <Opcode : 'add' 'sub'> <InPorts = 2> <OutPorts = 1>
ST_4 : Operation 114 [1/1] (0.00ns)   --->   "%indvars_iv_load = load i16 %indvars_iv" [/home/x_thileeb/repos/ops-hls-batching-new/OPS/ops/hls/include/device/../../L1/include/ops_hls_datamover.hpp:6191]   --->   Operation 114 'load' 'indvars_iv_load' <Predicate = (icmp_ln6253)> <Delay = 0.00>
ST_4 : Operation 115 [1/1] (0.78ns)   --->   "%add_ln6191_2 = add i16 %config_effective_tile_size_x_read, i16 %indvars_iv_load" [/home/x_thileeb/repos/ops-hls-batching-new/OPS/ops/hls/include/device/../../L1/include/ops_hls_datamover.hpp:6191]   --->   Operation 115 'add' 'add_ln6191_2' <Predicate = (icmp_ln6253)> <Delay = 0.78> <CoreInst = "Adder">   --->   Core 1 'Adder' <Latency = 0> <II = 1> <Delay = 0.78> <FuncUnit> <Opcode : 'add' 'sub'> <InPorts = 2> <OutPorts = 1>
ST_4 : Operation 116 [1/1] (0.38ns)   --->   "%store_ln6191 = store i16 %add_ln6191, i16 %tile_x" [/home/x_thileeb/repos/ops-hls-batching-new/OPS/ops/hls/include/device/../../L1/include/ops_hls_datamover.hpp:6191]   --->   Operation 116 'store' 'store_ln6191' <Predicate = (icmp_ln6253)> <Delay = 0.38>
ST_4 : Operation 117 [1/1] (0.38ns)   --->   "%store_ln6191 = store i16 %add_ln6191_2, i16 %indvars_iv" [/home/x_thileeb/repos/ops-hls-batching-new/OPS/ops/hls/include/device/../../L1/include/ops_hls_datamover.hpp:6191]   --->   Operation 117 'store' 'store_ln6191' <Predicate = (icmp_ln6253)> <Delay = 0.38>
ST_4 : Operation 118 [1/1] (0.00ns)   --->   "%br_ln6191 = br void %for.body" [/home/x_thileeb/repos/ops-hls-batching-new/OPS/ops/hls/include/device/../../L1/include/ops_hls_datamover.hpp:6191]   --->   Operation 118 'br' 'br_ln6191' <Predicate = (icmp_ln6253)> <Delay = 0.00>

State 5 <SV = 4> <Delay = 2.36>
ST_5 : Operation 119 [2/2] (2.36ns)   --->   "%call_ln6254 = call void @interleaveTileStream2mem2D_inner.2, i256 %arg1_write_mem_strm_2, i256 %arg1_write_mem_strm_3, i14 %add_ln6240, i14 %add_ln6240_2, i13 %add_ln6241, i13 %add_ln6241_2, i1 %icmp_ln6242, i1 %tmp_6, i256 %gmem10, i64 %add_ln6255, i256 %gmem11, i64 %add_ln6255_2" [/home/x_thileeb/repos/ops-hls-batching-new/OPS/ops/hls/include/device/../../L1/include/ops_hls_datamover.hpp:6254]   --->   Operation 119 'call' 'call_ln6254' <Predicate = true> <Delay = 2.36> <CoreType = "Generic">   --->   Core 0 '' <Latency = 0> <II = 1> <Delay = 1.00> <Generic> <Opcode : >

State 6 <SV = 5> <Delay = 0.00>
ST_6 : Operation 120 [1/1] (0.00ns)   --->   "%specloopname_ln6250 = specloopname void @_ssdm_op_SpecLoopName, void @empty_7" [/home/x_thileeb/repos/ops-hls-batching-new/OPS/ops/hls/include/device/../../L1/include/ops_hls_datamover.hpp:6250]   --->   Operation 120 'specloopname' 'specloopname_ln6250' <Predicate = true> <Delay = 0.00>
ST_6 : Operation 121 [1/2] (0.00ns)   --->   "%call_ln6254 = call void @interleaveTileStream2mem2D_inner.2, i256 %arg1_write_mem_strm_2, i256 %arg1_write_mem_strm_3, i14 %add_ln6240, i14 %add_ln6240_2, i13 %add_ln6241, i13 %add_ln6241_2, i1 %icmp_ln6242, i1 %tmp_6, i256 %gmem10, i64 %add_ln6255, i256 %gmem11, i64 %add_ln6255_2" [/home/x_thileeb/repos/ops-hls-batching-new/OPS/ops/hls/include/device/../../L1/include/ops_hls_datamover.hpp:6254]   --->   Operation 121 'call' 'call_ln6254' <Predicate = true> <Delay = 0.00> <CoreType = "Generic">   --->   Core 0 '' <Latency = 0> <II = 1> <Delay = 1.00> <Generic> <Opcode : >
ST_6 : Operation 122 [1/1] (0.00ns)   --->   "%br_ln6253 = br void %for.inc123" [/home/x_thileeb/repos/ops-hls-batching-new/OPS/ops/hls/include/device/../../L1/include/ops_hls_datamover.hpp:6253]   --->   Operation 122 'br' 'br_ln6253' <Predicate = true> <Delay = 0.00>


============================================================
+ Verbose Summary: Binding
============================================================
STG Binding: 
---------------- STG Properties BEGIN ----------------
- Is combinational: 0
- Is one-state seq: 0
- Is datapath-only: 0
- Is pipelined: 0
- Is top level: 0
Port [ Return ] is wired: 1; IO mode=ap_ctrl_hs:ce=0
Port [ arg1_write_mem_strm_2]:  wired=1; compound=1; hidden=0; nouse=0; global=0; static=0; extern=0; dir=0; type=3; pingpong=0; private_global=0; IO mode=ap_fifo:ce=0
Port [ arg1_write_mem_strm_3]:  wired=1; compound=1; hidden=0; nouse=0; global=0; static=0; extern=0; dir=0; type=3; pingpong=0; private_global=0; IO mode=ap_fifo:ce=0
Port [ config_grid_xblocks]:  wired=1; compound=1; hidden=0; nouse=0; global=0; static=0; extern=0; dir=0; type=3; pingpong=0; private_global=0; IO mode=ap_fifo:ce=0
Port [ config_grid_size_y]:  wired=1; compound=1; hidden=0; nouse=0; global=0; static=0; extern=0; dir=0; type=3; pingpong=0; private_global=0; IO mode=ap_fifo:ce=0
Port [ config_tile_count_x]:  wired=1; compound=1; hidden=0; nouse=0; global=0; static=0; extern=0; dir=0; type=3; pingpong=0; private_global=0; IO mode=ap_fifo:ce=0
Port [ config_tile_size_x]:  wired=1; compound=1; hidden=0; nouse=0; global=0; static=0; extern=0; dir=0; type=3; pingpong=0; private_global=0; IO mode=ap_fifo:ce=0
Port [ config_tile_overlap_size_x]:  wired=1; compound=1; hidden=0; nouse=0; global=0; static=0; extern=0; dir=0; type=3; pingpong=0; private_global=0; IO mode=ap_fifo:ce=0
Port [ config_effective_tile_size_x]:  wired=1; compound=1; hidden=0; nouse=0; global=0; static=0; extern=0; dir=0; type=3; pingpong=0; private_global=0; IO mode=ap_fifo:ce=0
Port [ config_last_tile_size_x]:  wired=1; compound=1; hidden=0; nouse=0; global=0; static=0; extern=0; dir=0; type=3; pingpong=0; private_global=0; IO mode=ap_fifo:ce=0
Port [ gmem10]:  wired=1; compound=1; hidden=0; nouse=0; global=0; static=0; extern=0; dir=1; type=4; pingpong=0; private_global=0; IO mode=m_axi:ce=0
Port [ mem_out]:  wired=1; compound=1; hidden=0; nouse=0; global=0; static=0; extern=0; dir=0; type=3; pingpong=0; private_global=0; IO mode=ap_fifo:ce=0
Port [ gmem11]:  wired=1; compound=1; hidden=0; nouse=0; global=0; static=0; extern=0; dir=1; type=4; pingpong=0; private_global=0; IO mode=m_axi:ce=0
Port [ mem_out1]:  wired=1; compound=1; hidden=0; nouse=0; global=0; static=0; extern=0; dir=0; type=3; pingpong=0; private_global=0; IO mode=ap_fifo:ce=0
---------------- STG Properties END ------------------

---------------- Datapath Model BEGIN ----------------

<LifeTime>
<method=bitvector/>
indvars_iv                        (alloca           ) [ 0111111]
tile_x                            (alloca           ) [ 0111111]
specinterface_ln0                 (specinterface    ) [ 0000000]
mem_out1_read                     (read             ) [ 0011111]
specinterface_ln0                 (specinterface    ) [ 0000000]
mem_out_read                      (read             ) [ 0011111]
specinterface_ln0                 (specinterface    ) [ 0000000]
config_last_tile_size_x_read      (read             ) [ 0011111]
specinterface_ln0                 (specinterface    ) [ 0000000]
config_effective_tile_size_x_read (read             ) [ 0011111]
specinterface_ln0                 (specinterface    ) [ 0000000]
config_tile_overlap_size_x_read   (read             ) [ 0000000]
specinterface_ln0                 (specinterface    ) [ 0000000]
config_tile_size_x_read           (read             ) [ 0011111]
specinterface_ln0                 (specinterface    ) [ 0000000]
config_tile_count_x_read          (read             ) [ 0011111]
specinterface_ln0                 (specinterface    ) [ 0000000]
config_grid_size_y_read           (read             ) [ 0011111]
specinterface_ln0                 (specinterface    ) [ 0000000]
config_grid_xblocks_read          (read             ) [ 0000000]
specinterface_ln0                 (specinterface    ) [ 0000000]
specinterface_ln0                 (specinterface    ) [ 0000000]
specinterface_ln0                 (specinterface    ) [ 0000000]
specinterface_ln0                 (specinterface    ) [ 0000000]
zext_ln6188                       (zext             ) [ 0000000]
add_ln6188                        (add              ) [ 0000000]
lshr_ln                           (partselect       ) [ 0000000]
config_tile_count_x_load_cast     (zext             ) [ 0000000]
sub                               (add              ) [ 0011111]
empty                             (trunc            ) [ 0011111]
trunc_ln                          (partselect       ) [ 0011111]
zext_ln6191                       (zext             ) [ 0011111]
store_ln6191                      (store            ) [ 0000000]
store_ln6191                      (store            ) [ 0000000]
br_ln6191                         (br               ) [ 0000000]
tile_x_5                          (load             ) [ 0000000]
zext_ln6191_2                     (zext             ) [ 0000000]
icmp_ln6191                       (icmp             ) [ 0011111]
speclooptripcount_ln0             (speclooptripcount) [ 0000000]
add_ln6191                        (add              ) [ 0001111]
br_ln6191                         (br               ) [ 0000000]
trunc_ln6193                      (trunc            ) [ 0000000]
tile_offset_x                     (mul              ) [ 0000000]
icmp_ln6194                       (icmp             ) [ 0000000]
tile_size_x                       (select           ) [ 0000000]
rem_x                             (trunc            ) [ 0000000]
icmp_ln6196                       (icmp             ) [ 0000000]
avoid_x                           (select           ) [ 0000000]
rem_avoid_x                       (trunc            ) [ 0000000]
trunc_ln7                         (partselect       ) [ 0001000]
zext_ln6202                       (zext             ) [ 0000000]
trunc_ln8                         (partselect       ) [ 0001000]
zext_ln6204                       (zext             ) [ 0000000]
zext_ln6214                       (zext             ) [ 0000000]
end_sum                           (add              ) [ 0000000]
end_bank                          (add              ) [ 0000000]
wrapped                           (bitselect        ) [ 0001000]
a_end_sum                         (add              ) [ 0000000]
a_end_bank                        (add              ) [ 0000000]
a_wrapped                         (bitselect        ) [ 0001000]
ge_start                          (icmp             ) [ 0001000]
lt_end                            (icmp             ) [ 0001000]
a_lt                              (icmp             ) [ 0001000]
icmp_ln6242                       (icmp             ) [ 0001111]
tmp                               (bitselect        ) [ 0001000]
lt_end_2                          (bitselect        ) [ 0001000]
a_lt_2                            (bitselect        ) [ 0001000]
tmp_6                             (bitselect        ) [ 0001111]
ret_ln6259                        (ret              ) [ 0000000]
indvars_iv_load_2                 (load             ) [ 0000000]
specloopname_ln6191               (specloopname     ) [ 0000000]
lshr_ln2                          (partselect       ) [ 0000000]
zext_ln6193                       (zext             ) [ 0011111]
zext_ln6201                       (zext             ) [ 0000000]
zext_ln6203                       (zext             ) [ 0000000]
or_ln6234                         (or               ) [ 0000000]
and_ln6234                        (and              ) [ 0000000]
extra                             (select           ) [ 0000000]
or_ln6238                         (or               ) [ 0000000]
and_ln6238                        (and              ) [ 0000000]
a_extra                           (select           ) [ 0000000]
zext_ln6240                       (zext             ) [ 0000000]
add_ln6240                        (add              ) [ 0000111]
zext_ln6241                       (zext             ) [ 0000000]
add_ln6241                        (add              ) [ 0000111]
ge_start_2                        (xor              ) [ 0000000]
or_ln6234_2                       (or               ) [ 0000000]
and_ln6234_2                      (and              ) [ 0000000]
extra_2                           (select           ) [ 0000000]
or_ln6238_2                       (or               ) [ 0000000]
and_ln6238_2                      (and              ) [ 0000000]
a_extra_2                         (select           ) [ 0000000]
zext_ln6240_2                     (zext             ) [ 0000000]
add_ln6240_2                      (add              ) [ 0000111]
zext_ln6241_2                     (zext             ) [ 0000000]
add_ln6241_2                      (add              ) [ 0000111]
br_ln6253                         (br               ) [ 0011111]
row_base                          (phi              ) [ 0000100]
j                                 (phi              ) [ 0000100]
icmp_ln6253                       (icmp             ) [ 0011111]
j_2                               (add              ) [ 0011111]
br_ln6253                         (br               ) [ 0000000]
shl_ln                            (bitconcatenate   ) [ 0000000]
zext_ln6255                       (zext             ) [ 0000000]
add_ln6255                        (add              ) [ 0000011]
add_ln6255_2                      (add              ) [ 0000011]
add_ln6256                        (add              ) [ 0011111]
indvars_iv_load                   (load             ) [ 0000000]
add_ln6191_2                      (add              ) [ 0000000]
store_ln6191                      (store            ) [ 0000000]
store_ln6191                      (store            ) [ 0000000]
br_ln6191                         (br               ) [ 0000000]
specloopname_ln6250               (specloopname     ) [ 0000000]
call_ln6254                       (call             ) [ 0000000]
br_ln6253                         (br               ) [ 0011111]
</LifeTime>

<model>

<comp_list>
<comp id="0" class="1000" name="arg1_write_mem_strm_2">
<pin_list>
<pin id="1" dir="1" index="0" bw="1" slack="0"/>
</pin_list>
<bind>
<StgValue><ssdm name="arg1_write_mem_strm_2"/></StgValue>
</bind>
</comp>

<comp id="2" class="1000" name="arg1_write_mem_strm_3">
<pin_list>
<pin id="3" dir="1" index="0" bw="1" slack="0"/>
</pin_list>
<bind>
<StgValue><ssdm name="arg1_write_mem_strm_3"/></StgValue>
</bind>
</comp>

<comp id="4" class="1000" name="config_grid_xblocks">
<pin_list>
<pin id="5" dir="1" index="0" bw="1" slack="0"/>
</pin_list>
<bind>
<StgValue><ssdm name="config_grid_xblocks"/></StgValue>
</bind>
</comp>

<comp id="6" class="1000" name="config_grid_size_y">
<pin_list>
<pin id="7" dir="1" index="0" bw="1" slack="0"/>
</pin_list>
<bind>
<StgValue><ssdm name="config_grid_size_y"/></StgValue>
</bind>
</comp>

<comp id="8" class="1000" name="config_tile_count_x">
<pin_list>
<pin id="9" dir="1" index="0" bw="1" slack="0"/>
</pin_list>
<bind>
<StgValue><ssdm name="config_tile_count_x"/></StgValue>
</bind>
</comp>

<comp id="10" class="1000" name="config_tile_size_x">
<pin_list>
<pin id="11" dir="1" index="0" bw="1" slack="0"/>
</pin_list>
<bind>
<StgValue><ssdm name="config_tile_size_x"/></StgValue>
</bind>
</comp>

<comp id="12" class="1000" name="config_tile_overlap_size_x">
<pin_list>
<pin id="13" dir="1" index="0" bw="1" slack="0"/>
</pin_list>
<bind>
<StgValue><ssdm name="config_tile_overlap_size_x"/></StgValue>
</bind>
</comp>

<comp id="14" class="1000" name="config_effective_tile_size_x">
<pin_list>
<pin id="15" dir="1" index="0" bw="1" slack="0"/>
</pin_list>
<bind>
<StgValue><ssdm name="config_effective_tile_size_x"/></StgValue>
</bind>
</comp>

<comp id="16" class="1000" name="config_last_tile_size_x">
<pin_list>
<pin id="17" dir="1" index="0" bw="1" slack="0"/>
</pin_list>
<bind>
<StgValue><ssdm name="config_last_tile_size_x"/></StgValue>
</bind>
</comp>

<comp id="18" class="1000" name="gmem10">
<pin_list>
<pin id="19" dir="1" index="0" bw="1" slack="0"/>
</pin_list>
<bind>
<StgValue><ssdm name="gmem10"/></StgValue>
</bind>
</comp>

<comp id="20" class="1000" name="mem_out">
<pin_list>
<pin id="21" dir="1" index="0" bw="1" slack="0"/>
</pin_list>
<bind>
<StgValue><ssdm name="mem_out"/></StgValue>
</bind>
</comp>

<comp id="22" class="1000" name="gmem11">
<pin_list>
<pin id="23" dir="1" index="0" bw="1" slack="0"/>
</pin_list>
<bind>
<StgValue><ssdm name="gmem11"/></StgValue>
</bind>
</comp>

<comp id="24" class="1000" name="mem_out1">
<pin_list>
<pin id="25" dir="1" index="0" bw="1" slack="0"/>
</pin_list>
<bind>
<StgValue><ssdm name="mem_out1"/></StgValue>
</bind>
</comp>

<comp id="26" class="1001" name="const_26">
<pin_list>
<pin id="27" dir="1" index="0" bw="1" slack="0"/>
</pin_list>
<bind>
<StgValue><ssdm name=""/></StgValue>
</bind>
</comp>

<comp id="28" class="1001" name="const_28">
<pin_list>
<pin id="29" dir="1" index="0" bw="1" slack="2147483647"/>
</pin_list>
<bind>
<StgValue><ssdm name="_ssdm_op_SpecInterface"/></StgValue>
</bind>
</comp>

<comp id="30" class="1001" name="const_30">
<pin_list>
<pin id="31" dir="1" index="0" bw="1" slack="2147483647"/>
</pin_list>
<bind>
<StgValue><ssdm name="ap_fifo_str"/></StgValue>
</bind>
</comp>

<comp id="32" class="1001" name="const_32">
<pin_list>
<pin id="33" dir="1" index="0" bw="1" slack="2147483647"/>
</pin_list>
<bind>
<StgValue><ssdm name=""/></StgValue>
</bind>
</comp>

<comp id="34" class="1001" name="const_34">
<pin_list>
<pin id="35" dir="1" index="0" bw="1" slack="2147483647"/>
</pin_list>
<bind>
<StgValue><ssdm name="p_str"/></StgValue>
</bind>
</comp>

<comp id="36" class="1001" name="const_36">
<pin_list>
<pin id="37" dir="1" index="0" bw="1" slack="0"/>
</pin_list>
<bind>
<StgValue><ssdm name=""/></StgValue>
</bind>
</comp>

<comp id="38" class="1001" name="const_38">
<pin_list>
<pin id="39" dir="1" index="0" bw="1" slack="2147483647"/>
</pin_list>
<bind>
<StgValue><ssdm name=""/></StgValue>
</bind>
</comp>

<comp id="40" class="1001" name="const_40">
<pin_list>
<pin id="41" dir="1" index="0" bw="1" slack="2147483647"/>
</pin_list>
<bind>
<StgValue><ssdm name="ScalarProp_str"/></StgValue>
</bind>
</comp>

<comp id="42" class="1001" name="const_42">
<pin_list>
<pin id="43" dir="1" index="0" bw="1" slack="2147483647"/>
</pin_list>
<bind>
<StgValue><ssdm name=""/></StgValue>
</bind>
</comp>

<comp id="44" class="1001" name="const_44">
<pin_list>
<pin id="45" dir="1" index="0" bw="1" slack="0"/>
</pin_list>
<bind>
<StgValue><ssdm name="_ssdm_op_Read.ap_fifo.i64P0A"/></StgValue>
</bind>
</comp>

<comp id="46" class="1001" name="const_46">
<pin_list>
<pin id="47" dir="1" index="0" bw="1" slack="0"/>
</pin_list>
<bind>
<StgValue><ssdm name="_ssdm_op_Read.ap_fifo.i16P0A"/></StgValue>
</bind>
</comp>

<comp id="48" class="1001" name="const_48">
<pin_list>
<pin id="49" dir="1" index="0" bw="1" slack="0"/>
</pin_list>
<bind>
<StgValue><ssdm name="_ssdm_op_Read.ap_fifo.i13P0A"/></StgValue>
</bind>
</comp>

<comp id="50" class="1001" name="const_50">
<pin_list>
<pin id="51" dir="1" index="0" bw="1" slack="2147483647"/>
</pin_list>
<bind>
<StgValue><ssdm name="empty_47"/></StgValue>
</bind>
</comp>

<comp id="52" class="1001" name="const_52">
<pin_list>
<pin id="53" dir="1" index="0" bw="1" slack="2147483647"/>
</pin_list>
<bind>
<StgValue><ssdm name="empty_49"/></StgValue>
</bind>
</comp>

<comp id="54" class="1001" name="const_54">
<pin_list>
<pin id="55" dir="1" index="0" bw="1" slack="2147483647"/>
</pin_list>
<bind>
<StgValue><ssdm name="empty_58"/></StgValue>
</bind>
</comp>

<comp id="56" class="1001" name="const_56">
<pin_list>
<pin id="57" dir="1" index="0" bw="1" slack="2147483647"/>
</pin_list>
<bind>
<StgValue><ssdm name=""/></StgValue>
</bind>
</comp>

<comp id="58" class="1001" name="const_58">
<pin_list>
<pin id="59" dir="1" index="0" bw="1" slack="2147483647"/>
</pin_list>
<bind>
<StgValue><ssdm name=""/></StgValue>
</bind>
</comp>

<comp id="60" class="1001" name="const_60">
<pin_list>
<pin id="61" dir="1" index="0" bw="1" slack="2147483647"/>
</pin_list>
<bind>
<StgValue><ssdm name="empty_53"/></StgValue>
</bind>
</comp>

<comp id="62" class="1001" name="const_62">
<pin_list>
<pin id="63" dir="1" index="0" bw="1" slack="2147483647"/>
</pin_list>
<bind>
<StgValue><ssdm name="empty_51"/></StgValue>
</bind>
</comp>

<comp id="64" class="1001" name="const_64">
<pin_list>
<pin id="65" dir="1" index="0" bw="1" slack="2147483647"/>
</pin_list>
<bind>
<StgValue><ssdm name=""/></StgValue>
</bind>
</comp>

<comp id="66" class="1001" name="const_66">
<pin_list>
<pin id="67" dir="1" index="0" bw="1" slack="2147483647"/>
</pin_list>
<bind>
<StgValue><ssdm name="empty_3"/></StgValue>
</bind>
</comp>

<comp id="68" class="1001" name="const_68">
<pin_list>
<pin id="69" dir="1" index="0" bw="1" slack="0"/>
</pin_list>
<bind>
<StgValue><ssdm name=""/></StgValue>
</bind>
</comp>

<comp id="70" class="1001" name="const_70">
<pin_list>
<pin id="71" dir="1" index="0" bw="1" slack="0"/>
</pin_list>
<bind>
<StgValue><ssdm name="_ssdm_op_PartSelect.i11.i14.i32.i32"/></StgValue>
</bind>
</comp>

<comp id="72" class="1001" name="const_72">
<pin_list>
<pin id="73" dir="1" index="0" bw="1" slack="0"/>
</pin_list>
<bind>
<StgValue><ssdm name=""/></StgValue>
</bind>
</comp>

<comp id="74" class="1001" name="const_74">
<pin_list>
<pin id="75" dir="1" index="0" bw="1" slack="0"/>
</pin_list>
<bind>
<StgValue><ssdm name=""/></StgValue>
</bind>
</comp>

<comp id="76" class="1001" name="const_76">
<pin_list>
<pin id="77" dir="1" index="0" bw="1" slack="0"/>
</pin_list>
<bind>
<StgValue><ssdm name=""/></StgValue>
</bind>
</comp>

<comp id="78" class="1001" name="const_78">
<pin_list>
<pin id="79" dir="1" index="0" bw="1" slack="0"/>
</pin_list>
<bind>
<StgValue><ssdm name="_ssdm_op_PartSelect.i15.i16.i32.i32"/></StgValue>
</bind>
</comp>

<comp id="80" class="1001" name="const_80">
<pin_list>
<pin id="81" dir="1" index="0" bw="1" slack="0"/>
</pin_list>
<bind>
<StgValue><ssdm name=""/></StgValue>
</bind>
</comp>

<comp id="82" class="1001" name="const_82">
<pin_list>
<pin id="83" dir="1" index="0" bw="1" slack="0"/>
</pin_list>
<bind>
<StgValue><ssdm name=""/></StgValue>
</bind>
</comp>

<comp id="84" class="1001" name="const_84">
<pin_list>
<pin id="85" dir="1" index="0" bw="1" slack="2147483647"/>
</pin_list>
<bind>
<StgValue><ssdm name="_ssdm_op_SpecLoopTripCount"/></StgValue>
</bind>
</comp>

<comp id="86" class="1001" name="const_86">
<pin_list>
<pin id="87" dir="1" index="0" bw="1" slack="2147483647"/>
</pin_list>
<bind>
<StgValue><ssdm name=""/></StgValue>
</bind>
</comp>

<comp id="88" class="1001" name="const_88">
<pin_list>
<pin id="89" dir="1" index="0" bw="1" slack="2147483647"/>
</pin_list>
<bind>
<StgValue><ssdm name=""/></StgValue>
</bind>
</comp>

<comp id="90" class="1001" name="const_90">
<pin_list>
<pin id="91" dir="1" index="0" bw="1" slack="0"/>
</pin_list>
<bind>
<StgValue><ssdm name=""/></StgValue>
</bind>
</comp>

<comp id="92" class="1001" name="const_92">
<pin_list>
<pin id="93" dir="1" index="0" bw="1" slack="0"/>
</pin_list>
<bind>
<StgValue><ssdm name=""/></StgValue>
</bind>
</comp>

<comp id="94" class="1001" name="const_94">
<pin_list>
<pin id="95" dir="1" index="0" bw="1" slack="0"/>
</pin_list>
<bind>
<StgValue><ssdm name="_ssdm_op_PartSelect.i13.i16.i32.i32"/></StgValue>
</bind>
</comp>

<comp id="96" class="1001" name="const_96">
<pin_list>
<pin id="97" dir="1" index="0" bw="1" slack="0"/>
</pin_list>
<bind>
<StgValue><ssdm name="_ssdm_op_PartSelect.i12.i15.i32.i32"/></StgValue>
</bind>
</comp>

<comp id="98" class="1001" name="const_98">
<pin_list>
<pin id="99" dir="1" index="0" bw="1" slack="0"/>
</pin_list>
<bind>
<StgValue><ssdm name=""/></StgValue>
</bind>
</comp>

<comp id="100" class="1001" name="const_100">
<pin_list>
<pin id="101" dir="1" index="0" bw="1" slack="0"/>
</pin_list>
<bind>
<StgValue><ssdm name="_ssdm_op_BitSelect.i1.i4.i32"/></StgValue>
</bind>
</comp>

<comp id="102" class="1001" name="const_102">
<pin_list>
<pin id="103" dir="1" index="0" bw="1" slack="0"/>
</pin_list>
<bind>
<StgValue><ssdm name=""/></StgValue>
</bind>
</comp>

<comp id="104" class="1001" name="const_104">
<pin_list>
<pin id="105" dir="1" index="0" bw="1" slack="0"/>
</pin_list>
<bind>
<StgValue><ssdm name=""/></StgValue>
</bind>
</comp>

<comp id="106" class="1001" name="const_106">
<pin_list>
<pin id="107" dir="1" index="0" bw="1" slack="0"/>
</pin_list>
<bind>
<StgValue><ssdm name="_ssdm_op_BitSelect.i1.i3.i32"/></StgValue>
</bind>
</comp>

<comp id="108" class="1001" name="const_108">
<pin_list>
<pin id="109" dir="1" index="0" bw="1" slack="2147483647"/>
</pin_list>
<bind>
<StgValue><ssdm name="_ssdm_op_SpecLoopName"/></StgValue>
</bind>
</comp>

<comp id="110" class="1001" name="const_110">
<pin_list>
<pin id="111" dir="1" index="0" bw="1" slack="2147483647"/>
</pin_list>
<bind>
<StgValue><ssdm name="empty_28"/></StgValue>
</bind>
</comp>

<comp id="112" class="1001" name="const_112">
<pin_list>
<pin id="113" dir="1" index="0" bw="1" slack="0"/>
</pin_list>
<bind>
<StgValue><ssdm name=""/></StgValue>
</bind>
</comp>

<comp id="114" class="1001" name="const_114">
<pin_list>
<pin id="115" dir="1" index="0" bw="1" slack="0"/>
</pin_list>
<bind>
<StgValue><ssdm name="_ssdm_op_BitConcatenate.i32.i27.i5"/></StgValue>
</bind>
</comp>

<comp id="116" class="1001" name="const_116">
<pin_list>
<pin id="117" dir="1" index="0" bw="1" slack="0"/>
</pin_list>
<bind>
<StgValue><ssdm name=""/></StgValue>
</bind>
</comp>

<comp id="118" class="1001" name="const_118">
<pin_list>
<pin id="119" dir="1" index="0" bw="1" slack="0"/>
</pin_list>
<bind>
<StgValue><ssdm name="interleaveTileStream2mem2D_inner.2"/></StgValue>
</bind>
</comp>

<comp id="120" class="1001" name="const_120">
<pin_list>
<pin id="121" dir="1" index="0" bw="1" slack="2147483647"/>
</pin_list>
<bind>
<StgValue><ssdm name="empty_7"/></StgValue>
</bind>
</comp>

<comp id="122" class="1004" name="indvars_iv_fu_122">
<pin_list>
<pin id="123" dir="0" index="0" bw="1" slack="0"/>
<pin id="124" dir="1" index="1" bw="16" slack="0"/>
</pin_list>
<bind>
<opcode="alloca(26) " fcode="alloca"/>
<opset="indvars_iv/1 "/>
</bind>
</comp>

<comp id="126" class="1004" name="tile_x_fu_126">
<pin_list>
<pin id="127" dir="0" index="0" bw="1" slack="0"/>
<pin id="128" dir="1" index="1" bw="16" slack="0"/>
</pin_list>
<bind>
<opcode="alloca(26) " fcode="alloca"/>
<opset="tile_x/1 "/>
</bind>
</comp>

<comp id="130" class="1004" name="mem_out1_read_read_fu_130">
<pin_list>
<pin id="131" dir="0" index="0" bw="64" slack="0"/>
<pin id="132" dir="0" index="1" bw="64" slack="0"/>
<pin id="133" dir="1" index="2" bw="64" slack="3"/>
</pin_list>
<bind>
<opcode="read(1150) " fcode="read"/>
<opset="mem_out1_read/1 "/>
</bind>
</comp>

<comp id="136" class="1004" name="mem_out_read_read_fu_136">
<pin_list>
<pin id="137" dir="0" index="0" bw="64" slack="0"/>
<pin id="138" dir="0" index="1" bw="64" slack="0"/>
<pin id="139" dir="1" index="2" bw="64" slack="3"/>
</pin_list>
<bind>
<opcode="read(1150) " fcode="read"/>
<opset="mem_out_read/1 "/>
</bind>
</comp>

<comp id="142" class="1004" name="config_last_tile_size_x_read_read_fu_142">
<pin_list>
<pin id="143" dir="0" index="0" bw="16" slack="0"/>
<pin id="144" dir="0" index="1" bw="16" slack="0"/>
<pin id="145" dir="1" index="2" bw="16" slack="1"/>
</pin_list>
<bind>
<opcode="read(1150) " fcode="read"/>
<opset="config_last_tile_size_x_read/1 "/>
</bind>
</comp>

<comp id="148" class="1004" name="config_effective_tile_size_x_read_read_fu_148">
<pin_list>
<pin id="149" dir="0" index="0" bw="16" slack="0"/>
<pin id="150" dir="0" index="1" bw="16" slack="0"/>
<pin id="151" dir="1" index="2" bw="16" slack="0"/>
</pin_list>
<bind>
<opcode="read(1150) " fcode="read"/>
<opset="config_effective_tile_size_x_read/1 "/>
</bind>
</comp>

<comp id="154" class="1004" name="config_tile_overlap_size_x_read_read_fu_154">
<pin_list>
<pin id="155" dir="0" index="0" bw="16" slack="0"/>
<pin id="156" dir="0" index="1" bw="16" slack="0"/>
<pin id="157" dir="1" index="2" bw="16" slack="0"/>
</pin_list>
<bind>
<opcode="read(1150) " fcode="read"/>
<opset="config_tile_overlap_size_x_read/1 "/>
</bind>
</comp>

<comp id="160" class="1004" name="config_tile_size_x_read_read_fu_160">
<pin_list>
<pin id="161" dir="0" index="0" bw="16" slack="0"/>
<pin id="162" dir="0" index="1" bw="16" slack="0"/>
<pin id="163" dir="1" index="2" bw="16" slack="1"/>
</pin_list>
<bind>
<opcode="read(1150) " fcode="read"/>
<opset="config_tile_size_x_read/1 "/>
</bind>
</comp>

<comp id="166" class="1004" name="config_tile_count_x_read_read_fu_166">
<pin_list>
<pin id="167" dir="0" index="0" bw="16" slack="0"/>
<pin id="168" dir="0" index="1" bw="16" slack="0"/>
<pin id="169" dir="1" index="2" bw="16" slack="0"/>
</pin_list>
<bind>
<opcode="read(1150) " fcode="read"/>
<opset="config_tile_count_x_read/1 "/>
</bind>
</comp>

<comp id="172" class="1004" name="config_grid_size_y_read_read_fu_172">
<pin_list>
<pin id="173" dir="0" index="0" bw="16" slack="0"/>
<pin id="174" dir="0" index="1" bw="16" slack="0"/>
<pin id="175" dir="1" index="2" bw="16" slack="3"/>
</pin_list>
<bind>
<opcode="read(1150) " fcode="read"/>
<opset="config_grid_size_y_read/1 "/>
</bind>
</comp>

<comp id="178" class="1004" name="config_grid_xblocks_read_read_fu_178">
<pin_list>
<pin id="179" dir="0" index="0" bw="13" slack="0"/>
<pin id="180" dir="0" index="1" bw="13" slack="0"/>
<pin id="181" dir="1" index="2" bw="13" slack="0"/>
</pin_list>
<bind>
<opcode="read(1150) " fcode="read"/>
<opset="config_grid_xblocks_read/1 "/>
</bind>
</comp>

<comp id="184" class="1005" name="row_base_reg_184">
<pin_list>
<pin id="185" dir="0" index="0" bw="27" slack="2147483647"/>
<pin id="186" dir="1" index="1" bw="27" slack="2147483647"/>
</pin_list>
<bind>
<opset="row_base (phireg) "/>
</bind>
</comp>

<comp id="187" class="1004" name="row_base_phi_fu_187">
<pin_list>
<pin id="188" dir="0" index="0" bw="27" slack="0"/>
<pin id="189" dir="0" index="1" bw="0" slack="2147483647"/>
<pin id="190" dir="0" index="2" bw="13" slack="1"/>
<pin id="191" dir="0" index="3" bw="0" slack="2147483647"/>
<pin id="192" dir="1" index="4" bw="27" slack="0"/>
</pin_list>
<bind>
<opcode="phi(47) " fcode="phi"/>
<opset="row_base/4 "/>
</bind>
</comp>

<comp id="193" class="1005" name="j_reg_193">
<pin_list>
<pin id="194" dir="0" index="0" bw="16" slack="1"/>
<pin id="195" dir="1" index="1" bw="16" slack="1"/>
</pin_list>
<bind>
<opset="j (phireg) "/>
</bind>
</comp>

<comp id="197" class="1004" name="j_phi_fu_197">
<pin_list>
<pin id="198" dir="0" index="0" bw="16" slack="0"/>
<pin id="199" dir="0" index="1" bw="0" slack="2147483647"/>
<pin id="200" dir="0" index="2" bw="1" slack="1"/>
<pin id="201" dir="0" index="3" bw="0" slack="2147483647"/>
<pin id="202" dir="1" index="4" bw="16" slack="0"/>
</pin_list>
<bind>
<opcode="phi(47) " fcode="phi"/>
<opset="j/4 "/>
</bind>
</comp>

<comp id="204" class="1004" name="grp_interleaveTileStream2mem2D_inner_2_fu_204">
<pin_list>
<pin id="205" dir="0" index="0" bw="0" slack="0"/>
<pin id="206" dir="0" index="1" bw="256" slack="0"/>
<pin id="207" dir="0" index="2" bw="256" slack="0"/>
<pin id="208" dir="0" index="3" bw="14" slack="2"/>
<pin id="209" dir="0" index="4" bw="14" slack="2"/>
<pin id="210" dir="0" index="5" bw="13" slack="2"/>
<pin id="211" dir="0" index="6" bw="13" slack="2"/>
<pin id="212" dir="0" index="7" bw="1" slack="3"/>
<pin id="213" dir="0" index="8" bw="1" slack="3"/>
<pin id="214" dir="0" index="9" bw="256" slack="0"/>
<pin id="215" dir="0" index="10" bw="64" slack="1"/>
<pin id="216" dir="0" index="11" bw="256" slack="0"/>
<pin id="217" dir="0" index="12" bw="64" slack="1"/>
<pin id="218" dir="1" index="13" bw="0" slack="2147483647"/>
</pin_list>
<bind>
<opcode="call(48) " fcode="call"/>
<opset="call_ln6254/5 "/>
</bind>
</comp>

<comp id="224" class="1004" name="grp_load_fu_224">
<pin_list>
<pin id="225" dir="0" index="0" bw="16" slack="2"/>
<pin id="226" dir="1" index="1" bw="16" slack="0"/>
</pin_list>
<bind>
<opcode="load(27) " fcode="load"/>
<opset="indvars_iv_load_2/3 indvars_iv_load/4 "/>
</bind>
</comp>

<comp id="227" class="1004" name="zext_ln6188_fu_227">
<pin_list>
<pin id="228" dir="0" index="0" bw="13" slack="0"/>
<pin id="229" dir="1" index="1" bw="14" slack="0"/>
</pin_list>
<bind>
<opcode="zext(34) " fcode="zext"/>
<opset="zext_ln6188/1 "/>
</bind>
</comp>

<comp id="231" class="1004" name="add_ln6188_fu_231">
<pin_list>
<pin id="232" dir="0" index="0" bw="13" slack="0"/>
<pin id="233" dir="0" index="1" bw="4" slack="0"/>
<pin id="234" dir="1" index="2" bw="14" slack="0"/>
</pin_list>
<bind>
<opcode="add(8) " fcode="add"/>
<opset="add_ln6188/1 "/>
</bind>
</comp>

<comp id="237" class="1004" name="lshr_ln_fu_237">
<pin_list>
<pin id="238" dir="0" index="0" bw="11" slack="0"/>
<pin id="239" dir="0" index="1" bw="14" slack="0"/>
<pin id="240" dir="0" index="2" bw="3" slack="0"/>
<pin id="241" dir="0" index="3" bw="5" slack="0"/>
<pin id="242" dir="1" index="4" bw="11" slack="0"/>
</pin_list>
<bind>
<opcode="partselect(1002) " fcode="partselect"/>
<opset="lshr_ln/1 "/>
</bind>
</comp>

<comp id="247" class="1004" name="config_tile_count_x_load_cast_fu_247">
<pin_list>
<pin id="248" dir="0" index="0" bw="16" slack="0"/>
<pin id="249" dir="1" index="1" bw="17" slack="0"/>
</pin_list>
<bind>
<opcode="zext(34) " fcode="zext"/>
<opset="config_tile_count_x_load_cast/1 "/>
</bind>
</comp>

<comp id="251" class="1004" name="sub_fu_251">
<pin_list>
<pin id="252" dir="0" index="0" bw="16" slack="0"/>
<pin id="253" dir="0" index="1" bw="1" slack="0"/>
<pin id="254" dir="1" index="2" bw="17" slack="1"/>
</pin_list>
<bind>
<opcode="add(8) " fcode="add"/>
<opset="sub/1 "/>
</bind>
</comp>

<comp id="257" class="1004" name="empty_fu_257">
<pin_list>
<pin id="258" dir="0" index="0" bw="16" slack="0"/>
<pin id="259" dir="1" index="1" bw="3" slack="1"/>
</pin_list>
<bind>
<opcode="trunc(33) " fcode="trunc"/>
<opset="empty/1 "/>
</bind>
</comp>

<comp id="261" class="1004" name="trunc_ln_fu_261">
<pin_list>
<pin id="262" dir="0" index="0" bw="15" slack="0"/>
<pin id="263" dir="0" index="1" bw="16" slack="0"/>
<pin id="264" dir="0" index="2" bw="1" slack="0"/>
<pin id="265" dir="0" index="3" bw="5" slack="0"/>
<pin id="266" dir="1" index="4" bw="15" slack="1"/>
</pin_list>
<bind>
<opcode="partselect(1002) " fcode="partselect"/>
<opset="trunc_ln/1 "/>
</bind>
</comp>

<comp id="271" class="1004" name="zext_ln6191_fu_271">
<pin_list>
<pin id="272" dir="0" index="0" bw="11" slack="0"/>
<pin id="273" dir="1" index="1" bw="27" slack="3"/>
</pin_list>
<bind>
<opcode="zext(34) " fcode="zext"/>
<opset="zext_ln6191/1 "/>
</bind>
</comp>

<comp id="275" class="1004" name="store_ln6191_store_fu_275">
<pin_list>
<pin id="276" dir="0" index="0" bw="1" slack="0"/>
<pin id="277" dir="0" index="1" bw="16" slack="0"/>
<pin id="278" dir="1" index="2" bw="0" slack="2147483647"/>
</pin_list>
<bind>
<opcode="store(28) " fcode="store"/>
<opset="store_ln6191/1 "/>
</bind>
</comp>

<comp id="280" class="1004" name="store_ln6191_store_fu_280">
<pin_list>
<pin id="281" dir="0" index="0" bw="1" slack="0"/>
<pin id="282" dir="0" index="1" bw="16" slack="0"/>
<pin id="283" dir="1" index="2" bw="0" slack="2147483647"/>
</pin_list>
<bind>
<opcode="store(28) " fcode="store"/>
<opset="store_ln6191/1 "/>
</bind>
</comp>

<comp id="285" class="1004" name="tile_x_5_load_fu_285">
<pin_list>
<pin id="286" dir="0" index="0" bw="16" slack="1"/>
<pin id="287" dir="1" index="1" bw="16" slack="0"/>
</pin_list>
<bind>
<opcode="load(27) " fcode="load"/>
<opset="tile_x_5/2 "/>
</bind>
</comp>

<comp id="288" class="1004" name="zext_ln6191_2_fu_288">
<pin_list>
<pin id="289" dir="0" index="0" bw="16" slack="0"/>
<pin id="290" dir="1" index="1" bw="17" slack="0"/>
</pin_list>
<bind>
<opcode="zext(34) " fcode="zext"/>
<opset="zext_ln6191_2/2 "/>
</bind>
</comp>

<comp id="292" class="1004" name="icmp_ln6191_fu_292">
<pin_list>
<pin id="293" dir="0" index="0" bw="16" slack="0"/>
<pin id="294" dir="0" index="1" bw="16" slack="1"/>
<pin id="295" dir="1" index="2" bw="1" slack="2147483647"/>
</pin_list>
<bind>
<opcode="icmp(45) " fcode="icmp"/>
<opset="icmp_ln6191/2 "/>
</bind>
</comp>

<comp id="297" class="1004" name="add_ln6191_fu_297">
<pin_list>
<pin id="298" dir="0" index="0" bw="16" slack="0"/>
<pin id="299" dir="0" index="1" bw="1" slack="0"/>
<pin id="300" dir="1" index="2" bw="16" slack="2"/>
</pin_list>
<bind>
<opcode="add(8) " fcode="add"/>
<opset="add_ln6191/2 "/>
</bind>
</comp>

<comp id="303" class="1004" name="trunc_ln6193_fu_303">
<pin_list>
<pin id="304" dir="0" index="0" bw="16" slack="0"/>
<pin id="305" dir="1" index="1" bw="3" slack="0"/>
</pin_list>
<bind>
<opcode="trunc(33) " fcode="trunc"/>
<opset="trunc_ln6193/2 "/>
</bind>
</comp>

<comp id="307" class="1004" name="tile_offset_x_fu_307">
<pin_list>
<pin id="308" dir="0" index="0" bw="3" slack="0"/>
<pin id="309" dir="0" index="1" bw="3" slack="1"/>
<pin id="310" dir="1" index="2" bw="3" slack="0"/>
</pin_list>
<bind>
<opcode="mul(12) " fcode="mul"/>
<opset="tile_offset_x/2 "/>
</bind>
</comp>

<comp id="312" class="1004" name="icmp_ln6194_fu_312">
<pin_list>
<pin id="313" dir="0" index="0" bw="17" slack="1"/>
<pin id="314" dir="0" index="1" bw="17" slack="0"/>
<pin id="315" dir="1" index="2" bw="1" slack="0"/>
</pin_list>
<bind>
<opcode="icmp(45) " fcode="icmp"/>
<opset="icmp_ln6194/2 "/>
</bind>
</comp>

<comp id="317" class="1004" name="tile_size_x_fu_317">
<pin_list>
<pin id="318" dir="0" index="0" bw="1" slack="0"/>
<pin id="319" dir="0" index="1" bw="16" slack="1"/>
<pin id="320" dir="0" index="2" bw="16" slack="1"/>
<pin id="321" dir="1" index="3" bw="16" slack="0"/>
</pin_list>
<bind>
<opcode="select(49) " fcode="select"/>
<opset="tile_size_x/2 "/>
</bind>
</comp>

<comp id="323" class="1004" name="rem_x_fu_323">
<pin_list>
<pin id="324" dir="0" index="0" bw="16" slack="0"/>
<pin id="325" dir="1" index="1" bw="3" slack="0"/>
</pin_list>
<bind>
<opcode="trunc(33) " fcode="trunc"/>
<opset="rem_x/2 "/>
</bind>
</comp>

<comp id="327" class="1004" name="icmp_ln6196_fu_327">
<pin_list>
<pin id="328" dir="0" index="0" bw="16" slack="0"/>
<pin id="329" dir="0" index="1" bw="16" slack="0"/>
<pin id="330" dir="1" index="2" bw="1" slack="0"/>
</pin_list>
<bind>
<opcode="icmp(45) " fcode="icmp"/>
<opset="icmp_ln6196/2 "/>
</bind>
</comp>

<comp id="333" class="1004" name="avoid_x_fu_333">
<pin_list>
<pin id="334" dir="0" index="0" bw="1" slack="0"/>
<pin id="335" dir="0" index="1" bw="15" slack="0"/>
<pin id="336" dir="0" index="2" bw="15" slack="1"/>
<pin id="337" dir="1" index="3" bw="15" slack="0"/>
</pin_list>
<bind>
<opcode="select(49) " fcode="select"/>
<opset="avoid_x/2 "/>
</bind>
</comp>

<comp id="340" class="1004" name="rem_avoid_x_fu_340">
<pin_list>
<pin id="341" dir="0" index="0" bw="15" slack="0"/>
<pin id="342" dir="1" index="1" bw="3" slack="0"/>
</pin_list>
<bind>
<opcode="trunc(33) " fcode="trunc"/>
<opset="rem_avoid_x/2 "/>
</bind>
</comp>

<comp id="344" class="1004" name="trunc_ln7_fu_344">
<pin_list>
<pin id="345" dir="0" index="0" bw="13" slack="0"/>
<pin id="346" dir="0" index="1" bw="16" slack="0"/>
<pin id="347" dir="0" index="2" bw="3" slack="0"/>
<pin id="348" dir="0" index="3" bw="5" slack="0"/>
<pin id="349" dir="1" index="4" bw="13" slack="1"/>
</pin_list>
<bind>
<opcode="partselect(1002) " fcode="partselect"/>
<opset="trunc_ln7/2 "/>
</bind>
</comp>

<comp id="354" class="1004" name="zext_ln6202_fu_354">
<pin_list>
<pin id="355" dir="0" index="0" bw="3" slack="0"/>
<pin id="356" dir="1" index="1" bw="4" slack="0"/>
</pin_list>
<bind>
<opcode="zext(34) " fcode="zext"/>
<opset="zext_ln6202/2 "/>
</bind>
</comp>

<comp id="358" class="1004" name="trunc_ln8_fu_358">
<pin_list>
<pin id="359" dir="0" index="0" bw="12" slack="0"/>
<pin id="360" dir="0" index="1" bw="15" slack="0"/>
<pin id="361" dir="0" index="2" bw="3" slack="0"/>
<pin id="362" dir="0" index="3" bw="5" slack="0"/>
<pin id="363" dir="1" index="4" bw="12" slack="1"/>
</pin_list>
<bind>
<opcode="partselect(1002) " fcode="partselect"/>
<opset="trunc_ln8/2 "/>
</bind>
</comp>

<comp id="368" class="1004" name="zext_ln6204_fu_368">
<pin_list>
<pin id="369" dir="0" index="0" bw="3" slack="0"/>
<pin id="370" dir="1" index="1" bw="4" slack="0"/>
</pin_list>
<bind>
<opcode="zext(34) " fcode="zext"/>
<opset="zext_ln6204/2 "/>
</bind>
</comp>

<comp id="372" class="1004" name="zext_ln6214_fu_372">
<pin_list>
<pin id="373" dir="0" index="0" bw="3" slack="0"/>
<pin id="374" dir="1" index="1" bw="4" slack="0"/>
</pin_list>
<bind>
<opcode="zext(34) " fcode="zext"/>
<opset="zext_ln6214/2 "/>
</bind>
</comp>

<comp id="376" class="1004" name="end_sum_fu_376">
<pin_list>
<pin id="377" dir="0" index="0" bw="3" slack="0"/>
<pin id="378" dir="0" index="1" bw="3" slack="0"/>
<pin id="379" dir="1" index="2" bw="4" slack="0"/>
</pin_list>
<bind>
<opcode="add(8) " fcode="add"/>
<opset="end_sum/2 "/>
</bind>
</comp>

<comp id="382" class="1004" name="end_bank_fu_382">
<pin_list>
<pin id="383" dir="0" index="0" bw="3" slack="0"/>
<pin id="384" dir="0" index="1" bw="3" slack="0"/>
<pin id="385" dir="1" index="2" bw="3" slack="0"/>
</pin_list>
<bind>
<opcode="add(8) " fcode="add"/>
<opset="end_bank/2 "/>
</bind>
</comp>

<comp id="388" class="1004" name="wrapped_fu_388">
<pin_list>
<pin id="389" dir="0" index="0" bw="1" slack="0"/>
<pin id="390" dir="0" index="1" bw="4" slack="0"/>
<pin id="391" dir="0" index="2" bw="3" slack="0"/>
<pin id="392" dir="1" index="3" bw="1" slack="1"/>
</pin_list>
<bind>
<opcode="bitselect(1000) " fcode="bitselect"/>
<opset="wrapped/2 "/>
</bind>
</comp>

<comp id="396" class="1004" name="a_end_sum_fu_396">
<pin_list>
<pin id="397" dir="0" index="0" bw="3" slack="0"/>
<pin id="398" dir="0" index="1" bw="3" slack="0"/>
<pin id="399" dir="1" index="2" bw="4" slack="0"/>
</pin_list>
<bind>
<opcode="add(8) " fcode="add"/>
<opset="a_end_sum/2 "/>
</bind>
</comp>

<comp id="402" class="1004" name="a_end_bank_fu_402">
<pin_list>
<pin id="403" dir="0" index="0" bw="3" slack="0"/>
<pin id="404" dir="0" index="1" bw="3" slack="0"/>
<pin id="405" dir="1" index="2" bw="3" slack="0"/>
</pin_list>
<bind>
<opcode="add(8) " fcode="add"/>
<opset="a_end_bank/2 "/>
</bind>
</comp>

<comp id="408" class="1004" name="a_wrapped_fu_408">
<pin_list>
<pin id="409" dir="0" index="0" bw="1" slack="0"/>
<pin id="410" dir="0" index="1" bw="4" slack="0"/>
<pin id="411" dir="0" index="2" bw="3" slack="0"/>
<pin id="412" dir="1" index="3" bw="1" slack="1"/>
</pin_list>
<bind>
<opcode="bitselect(1000) " fcode="bitselect"/>
<opset="a_wrapped/2 "/>
</bind>
</comp>

<comp id="416" class="1004" name="ge_start_fu_416">
<pin_list>
<pin id="417" dir="0" index="0" bw="3" slack="0"/>
<pin id="418" dir="0" index="1" bw="3" slack="0"/>
<pin id="419" dir="1" index="2" bw="1" slack="1"/>
</pin_list>
<bind>
<opcode="icmp(45) " fcode="icmp"/>
<opset="ge_start/2 "/>
</bind>
</comp>

<comp id="422" class="1004" name="lt_end_fu_422">
<pin_list>
<pin id="423" dir="0" index="0" bw="3" slack="0"/>
<pin id="424" dir="0" index="1" bw="3" slack="0"/>
<pin id="425" dir="1" index="2" bw="1" slack="1"/>
</pin_list>
<bind>
<opcode="icmp(45) " fcode="icmp"/>
<opset="lt_end/2 "/>
</bind>
</comp>

<comp id="428" class="1004" name="a_lt_fu_428">
<pin_list>
<pin id="429" dir="0" index="0" bw="3" slack="0"/>
<pin id="430" dir="0" index="1" bw="3" slack="0"/>
<pin id="431" dir="1" index="2" bw="1" slack="1"/>
</pin_list>
<bind>
<opcode="icmp(45) " fcode="icmp"/>
<opset="a_lt/2 "/>
</bind>
</comp>

<comp id="434" class="1004" name="icmp_ln6242_fu_434">
<pin_list>
<pin id="435" dir="0" index="0" bw="3" slack="0"/>
<pin id="436" dir="0" index="1" bw="3" slack="0"/>
<pin id="437" dir="1" index="2" bw="1" slack="3"/>
</pin_list>
<bind>
<opcode="icmp(45) " fcode="icmp"/>
<opset="icmp_ln6242/2 "/>
</bind>
</comp>

<comp id="440" class="1004" name="tmp_fu_440">
<pin_list>
<pin id="441" dir="0" index="0" bw="1" slack="0"/>
<pin id="442" dir="0" index="1" bw="3" slack="0"/>
<pin id="443" dir="0" index="2" bw="3" slack="0"/>
<pin id="444" dir="1" index="3" bw="1" slack="1"/>
</pin_list>
<bind>
<opcode="bitselect(1000) " fcode="bitselect"/>
<opset="tmp/2 "/>
</bind>
</comp>

<comp id="448" class="1004" name="lt_end_2_fu_448">
<pin_list>
<pin id="449" dir="0" index="0" bw="1" slack="0"/>
<pin id="450" dir="0" index="1" bw="3" slack="0"/>
<pin id="451" dir="0" index="2" bw="3" slack="0"/>
<pin id="452" dir="1" index="3" bw="1" slack="1"/>
</pin_list>
<bind>
<opcode="bitselect(1000) " fcode="bitselect"/>
<opset="lt_end_2/2 "/>
</bind>
</comp>

<comp id="456" class="1004" name="a_lt_2_fu_456">
<pin_list>
<pin id="457" dir="0" index="0" bw="1" slack="0"/>
<pin id="458" dir="0" index="1" bw="3" slack="0"/>
<pin id="459" dir="0" index="2" bw="3" slack="0"/>
<pin id="460" dir="1" index="3" bw="1" slack="1"/>
</pin_list>
<bind>
<opcode="bitselect(1000) " fcode="bitselect"/>
<opset="a_lt_2/2 "/>
</bind>
</comp>

<comp id="464" class="1004" name="tmp_6_fu_464">
<pin_list>
<pin id="465" dir="0" index="0" bw="1" slack="0"/>
<pin id="466" dir="0" index="1" bw="3" slack="0"/>
<pin id="467" dir="0" index="2" bw="3" slack="0"/>
<pin id="468" dir="1" index="3" bw="1" slack="3"/>
</pin_list>
<bind>
<opcode="bitselect(1000) " fcode="bitselect"/>
<opset="tmp_6/2 "/>
</bind>
</comp>

<comp id="472" class="1004" name="lshr_ln2_fu_472">
<pin_list>
<pin id="473" dir="0" index="0" bw="13" slack="0"/>
<pin id="474" dir="0" index="1" bw="16" slack="0"/>
<pin id="475" dir="0" index="2" bw="3" slack="0"/>
<pin id="476" dir="0" index="3" bw="5" slack="0"/>
<pin id="477" dir="1" index="4" bw="13" slack="0"/>
</pin_list>
<bind>
<opcode="partselect(1002) " fcode="partselect"/>
<opset="lshr_ln2/3 "/>
</bind>
</comp>

<comp id="482" class="1004" name="zext_ln6193_fu_482">
<pin_list>
<pin id="483" dir="0" index="0" bw="13" slack="0"/>
<pin id="484" dir="1" index="1" bw="27" slack="1"/>
</pin_list>
<bind>
<opcode="zext(34) " fcode="zext"/>
<opset="zext_ln6193/3 "/>
</bind>
</comp>

<comp id="486" class="1004" name="zext_ln6201_fu_486">
<pin_list>
<pin id="487" dir="0" index="0" bw="13" slack="1"/>
<pin id="488" dir="1" index="1" bw="14" slack="0"/>
</pin_list>
<bind>
<opcode="zext(34) " fcode="zext"/>
<opset="zext_ln6201/3 "/>
</bind>
</comp>

<comp id="489" class="1004" name="zext_ln6203_fu_489">
<pin_list>
<pin id="490" dir="0" index="0" bw="12" slack="1"/>
<pin id="491" dir="1" index="1" bw="13" slack="0"/>
</pin_list>
<bind>
<opcode="zext(34) " fcode="zext"/>
<opset="zext_ln6203/3 "/>
</bind>
</comp>

<comp id="492" class="1004" name="or_ln6234_fu_492">
<pin_list>
<pin id="493" dir="0" index="0" bw="1" slack="1"/>
<pin id="494" dir="0" index="1" bw="1" slack="1"/>
<pin id="495" dir="1" index="2" bw="1" slack="0"/>
</pin_list>
<bind>
<opcode="or(24) " fcode="or"/>
<opset="or_ln6234/3 "/>
</bind>
</comp>

<comp id="496" class="1004" name="and_ln6234_fu_496">
<pin_list>
<pin id="497" dir="0" index="0" bw="1" slack="1"/>
<pin id="498" dir="0" index="1" bw="1" slack="1"/>
<pin id="499" dir="1" index="2" bw="1" slack="0"/>
</pin_list>
<bind>
<opcode="and(23) " fcode="and"/>
<opset="and_ln6234/3 "/>
</bind>
</comp>

<comp id="500" class="1004" name="extra_fu_500">
<pin_list>
<pin id="501" dir="0" index="0" bw="1" slack="1"/>
<pin id="502" dir="0" index="1" bw="1" slack="0"/>
<pin id="503" dir="0" index="2" bw="1" slack="0"/>
<pin id="504" dir="1" index="3" bw="1" slack="0"/>
</pin_list>
<bind>
<opcode="select(49) " fcode="select"/>
<opset="extra/3 "/>
</bind>
</comp>

<comp id="507" class="1004" name="or_ln6238_fu_507">
<pin_list>
<pin id="508" dir="0" index="0" bw="1" slack="1"/>
<pin id="509" dir="0" index="1" bw="1" slack="1"/>
<pin id="510" dir="1" index="2" bw="1" slack="0"/>
</pin_list>
<bind>
<opcode="or(24) " fcode="or"/>
<opset="or_ln6238/3 "/>
</bind>
</comp>

<comp id="511" class="1004" name="and_ln6238_fu_511">
<pin_list>
<pin id="512" dir="0" index="0" bw="1" slack="1"/>
<pin id="513" dir="0" index="1" bw="1" slack="1"/>
<pin id="514" dir="1" index="2" bw="1" slack="0"/>
</pin_list>
<bind>
<opcode="and(23) " fcode="and"/>
<opset="and_ln6238/3 "/>
</bind>
</comp>

<comp id="515" class="1004" name="a_extra_fu_515">
<pin_list>
<pin id="516" dir="0" index="0" bw="1" slack="1"/>
<pin id="517" dir="0" index="1" bw="1" slack="0"/>
<pin id="518" dir="0" index="2" bw="1" slack="0"/>
<pin id="519" dir="1" index="3" bw="1" slack="0"/>
</pin_list>
<bind>
<opcode="select(49) " fcode="select"/>
<opset="a_extra/3 "/>
</bind>
</comp>

<comp id="522" class="1004" name="zext_ln6240_fu_522">
<pin_list>
<pin id="523" dir="0" index="0" bw="1" slack="0"/>
<pin id="524" dir="1" index="1" bw="14" slack="0"/>
</pin_list>
<bind>
<opcode="zext(34) " fcode="zext"/>
<opset="zext_ln6240/3 "/>
</bind>
</comp>

<comp id="526" class="1004" name="add_ln6240_fu_526">
<pin_list>
<pin id="527" dir="0" index="0" bw="13" slack="0"/>
<pin id="528" dir="0" index="1" bw="1" slack="0"/>
<pin id="529" dir="1" index="2" bw="14" slack="2"/>
</pin_list>
<bind>
<opcode="add(8) " fcode="add"/>
<opset="add_ln6240/3 "/>
</bind>
</comp>

<comp id="532" class="1004" name="zext_ln6241_fu_532">
<pin_list>
<pin id="533" dir="0" index="0" bw="1" slack="0"/>
<pin id="534" dir="1" index="1" bw="13" slack="0"/>
</pin_list>
<bind>
<opcode="zext(34) " fcode="zext"/>
<opset="zext_ln6241/3 "/>
</bind>
</comp>

<comp id="536" class="1004" name="add_ln6241_fu_536">
<pin_list>
<pin id="537" dir="0" index="0" bw="12" slack="0"/>
<pin id="538" dir="0" index="1" bw="1" slack="0"/>
<pin id="539" dir="1" index="2" bw="13" slack="2"/>
</pin_list>
<bind>
<opcode="add(8) " fcode="add"/>
<opset="add_ln6241/3 "/>
</bind>
</comp>

<comp id="542" class="1004" name="ge_start_2_fu_542">
<pin_list>
<pin id="543" dir="0" index="0" bw="1" slack="1"/>
<pin id="544" dir="0" index="1" bw="1" slack="0"/>
<pin id="545" dir="1" index="2" bw="1" slack="0"/>
</pin_list>
<bind>
<opcode="xor(25) " fcode="xor"/>
<opset="ge_start_2/3 "/>
</bind>
</comp>

<comp id="547" class="1004" name="or_ln6234_2_fu_547">
<pin_list>
<pin id="548" dir="0" index="0" bw="1" slack="1"/>
<pin id="549" dir="0" index="1" bw="1" slack="0"/>
<pin id="550" dir="1" index="2" bw="1" slack="0"/>
</pin_list>
<bind>
<opcode="or(24) " fcode="or"/>
<opset="or_ln6234_2/3 "/>
</bind>
</comp>

<comp id="552" class="1004" name="and_ln6234_2_fu_552">
<pin_list>
<pin id="553" dir="0" index="0" bw="1" slack="1"/>
<pin id="554" dir="0" index="1" bw="1" slack="0"/>
<pin id="555" dir="1" index="2" bw="1" slack="0"/>
</pin_list>
<bind>
<opcode="and(23) " fcode="and"/>
<opset="and_ln6234_2/3 "/>
</bind>
</comp>

<comp id="557" class="1004" name="extra_2_fu_557">
<pin_list>
<pin id="558" dir="0" index="0" bw="1" slack="1"/>
<pin id="559" dir="0" index="1" bw="1" slack="0"/>
<pin id="560" dir="0" index="2" bw="1" slack="0"/>
<pin id="561" dir="1" index="3" bw="1" slack="0"/>
</pin_list>
<bind>
<opcode="select(49) " fcode="select"/>
<opset="extra_2/3 "/>
</bind>
</comp>

<comp id="564" class="1004" name="or_ln6238_2_fu_564">
<pin_list>
<pin id="565" dir="0" index="0" bw="1" slack="1"/>
<pin id="566" dir="0" index="1" bw="1" slack="0"/>
<pin id="567" dir="1" index="2" bw="1" slack="0"/>
</pin_list>
<bind>
<opcode="or(24) " fcode="or"/>
<opset="or_ln6238_2/3 "/>
</bind>
</comp>

<comp id="569" class="1004" name="and_ln6238_2_fu_569">
<pin_list>
<pin id="570" dir="0" index="0" bw="1" slack="1"/>
<pin id="571" dir="0" index="1" bw="1" slack="0"/>
<pin id="572" dir="1" index="2" bw="1" slack="0"/>
</pin_list>
<bind>
<opcode="and(23) " fcode="and"/>
<opset="and_ln6238_2/3 "/>
</bind>
</comp>

<comp id="574" class="1004" name="a_extra_2_fu_574">
<pin_list>
<pin id="575" dir="0" index="0" bw="1" slack="1"/>
<pin id="576" dir="0" index="1" bw="1" slack="0"/>
<pin id="577" dir="0" index="2" bw="1" slack="0"/>
<pin id="578" dir="1" index="3" bw="1" slack="0"/>
</pin_list>
<bind>
<opcode="select(49) " fcode="select"/>
<opset="a_extra_2/3 "/>
</bind>
</comp>

<comp id="581" class="1004" name="zext_ln6240_2_fu_581">
<pin_list>
<pin id="582" dir="0" index="0" bw="1" slack="0"/>
<pin id="583" dir="1" index="1" bw="14" slack="0"/>
</pin_list>
<bind>
<opcode="zext(34) " fcode="zext"/>
<opset="zext_ln6240_2/3 "/>
</bind>
</comp>

<comp id="585" class="1004" name="add_ln6240_2_fu_585">
<pin_list>
<pin id="586" dir="0" index="0" bw="13" slack="0"/>
<pin id="587" dir="0" index="1" bw="1" slack="0"/>
<pin id="588" dir="1" index="2" bw="14" slack="2"/>
</pin_list>
<bind>
<opcode="add(8) " fcode="add"/>
<opset="add_ln6240_2/3 "/>
</bind>
</comp>

<comp id="591" class="1004" name="zext_ln6241_2_fu_591">
<pin_list>
<pin id="592" dir="0" index="0" bw="1" slack="0"/>
<pin id="593" dir="1" index="1" bw="13" slack="0"/>
</pin_list>
<bind>
<opcode="zext(34) " fcode="zext"/>
<opset="zext_ln6241_2/3 "/>
</bind>
</comp>

<comp id="595" class="1004" name="add_ln6241_2_fu_595">
<pin_list>
<pin id="596" dir="0" index="0" bw="12" slack="0"/>
<pin id="597" dir="0" index="1" bw="1" slack="0"/>
<pin id="598" dir="1" index="2" bw="13" slack="2"/>
</pin_list>
<bind>
<opcode="add(8) " fcode="add"/>
<opset="add_ln6241_2/3 "/>
</bind>
</comp>

<comp id="601" class="1004" name="icmp_ln6253_fu_601">
<pin_list>
<pin id="602" dir="0" index="0" bw="16" slack="0"/>
<pin id="603" dir="0" index="1" bw="16" slack="3"/>
<pin id="604" dir="1" index="2" bw="1" slack="2147483647"/>
</pin_list>
<bind>
<opcode="icmp(45) " fcode="icmp"/>
<opset="icmp_ln6253/4 "/>
</bind>
</comp>

<comp id="606" class="1004" name="j_2_fu_606">
<pin_list>
<pin id="607" dir="0" index="0" bw="16" slack="0"/>
<pin id="608" dir="0" index="1" bw="1" slack="0"/>
<pin id="609" dir="1" index="2" bw="16" slack="0"/>
</pin_list>
<bind>
<opcode="add(8) " fcode="add"/>
<opset="j_2/4 "/>
</bind>
</comp>

<comp id="612" class="1004" name="shl_ln_fu_612">
<pin_list>
<pin id="613" dir="0" index="0" bw="32" slack="0"/>
<pin id="614" dir="0" index="1" bw="27" slack="0"/>
<pin id="615" dir="0" index="2" bw="1" slack="0"/>
<pin id="616" dir="1" index="3" bw="32" slack="0"/>
</pin_list>
<bind>
<opcode="bitconcatenate(1004) " fcode="bitconcatenate"/>
<opset="shl_ln/4 "/>
</bind>
</comp>

<comp id="620" class="1004" name="zext_ln6255_fu_620">
<pin_list>
<pin id="621" dir="0" index="0" bw="32" slack="0"/>
<pin id="622" dir="1" index="1" bw="64" slack="0"/>
</pin_list>
<bind>
<opcode="zext(34) " fcode="zext"/>
<opset="zext_ln6255/4 "/>
</bind>
</comp>

<comp id="624" class="1004" name="add_ln6255_fu_624">
<pin_list>
<pin id="625" dir="0" index="0" bw="64" slack="3"/>
<pin id="626" dir="0" index="1" bw="32" slack="0"/>
<pin id="627" dir="1" index="2" bw="64" slack="1"/>
</pin_list>
<bind>
<opcode="add(8) " fcode="add"/>
<opset="add_ln6255/4 "/>
</bind>
</comp>

<comp id="629" class="1004" name="add_ln6255_2_fu_629">
<pin_list>
<pin id="630" dir="0" index="0" bw="64" slack="3"/>
<pin id="631" dir="0" index="1" bw="32" slack="0"/>
<pin id="632" dir="1" index="2" bw="64" slack="1"/>
</pin_list>
<bind>
<opcode="add(8) " fcode="add"/>
<opset="add_ln6255_2/4 "/>
</bind>
</comp>

<comp id="634" class="1004" name="add_ln6256_fu_634">
<pin_list>
<pin id="635" dir="0" index="0" bw="11" slack="3"/>
<pin id="636" dir="0" index="1" bw="27" slack="0"/>
<pin id="637" dir="1" index="2" bw="27" slack="0"/>
</pin_list>
<bind>
<opcode="add(8) " fcode="add"/>
<opset="add_ln6256/4 "/>
</bind>
</comp>

<comp id="639" class="1004" name="add_ln6191_2_fu_639">
<pin_list>
<pin id="640" dir="0" index="0" bw="16" slack="3"/>
<pin id="641" dir="0" index="1" bw="16" slack="0"/>
<pin id="642" dir="1" index="2" bw="16" slack="0"/>
</pin_list>
<bind>
<opcode="add(8) " fcode="add"/>
<opset="add_ln6191_2/4 "/>
</bind>
</comp>

<comp id="644" class="1004" name="store_ln6191_store_fu_644">
<pin_list>
<pin id="645" dir="0" index="0" bw="16" slack="2"/>
<pin id="646" dir="0" index="1" bw="16" slack="3"/>
<pin id="647" dir="1" index="2" bw="0" slack="2147483647"/>
</pin_list>
<bind>
<opcode="store(28) " fcode="store"/>
<opset="store_ln6191/4 "/>
</bind>
</comp>

<comp id="648" class="1004" name="store_ln6191_store_fu_648">
<pin_list>
<pin id="649" dir="0" index="0" bw="16" slack="0"/>
<pin id="650" dir="0" index="1" bw="16" slack="3"/>
<pin id="651" dir="1" index="2" bw="0" slack="2147483647"/>
</pin_list>
<bind>
<opcode="store(28) " fcode="store"/>
<opset="store_ln6191/4 "/>
</bind>
</comp>

<comp id="653" class="1005" name="indvars_iv_reg_653">
<pin_list>
<pin id="654" dir="0" index="0" bw="16" slack="0"/>
<pin id="655" dir="1" index="1" bw="16" slack="0"/>
</pin_list>
<bind>
<opset="indvars_iv "/>
</bind>
</comp>

<comp id="660" class="1005" name="tile_x_reg_660">
<pin_list>
<pin id="661" dir="0" index="0" bw="16" slack="0"/>
<pin id="662" dir="1" index="1" bw="16" slack="0"/>
</pin_list>
<bind>
<opset="tile_x "/>
</bind>
</comp>

<comp id="667" class="1005" name="mem_out1_read_reg_667">
<pin_list>
<pin id="668" dir="0" index="0" bw="64" slack="3"/>
<pin id="669" dir="1" index="1" bw="64" slack="3"/>
</pin_list>
<bind>
<opset="mem_out1_read "/>
</bind>
</comp>

<comp id="672" class="1005" name="mem_out_read_reg_672">
<pin_list>
<pin id="673" dir="0" index="0" bw="64" slack="3"/>
<pin id="674" dir="1" index="1" bw="64" slack="3"/>
</pin_list>
<bind>
<opset="mem_out_read "/>
</bind>
</comp>

<comp id="677" class="1005" name="config_last_tile_size_x_read_reg_677">
<pin_list>
<pin id="678" dir="0" index="0" bw="16" slack="1"/>
<pin id="679" dir="1" index="1" bw="16" slack="1"/>
</pin_list>
<bind>
<opset="config_last_tile_size_x_read "/>
</bind>
</comp>

<comp id="682" class="1005" name="config_effective_tile_size_x_read_reg_682">
<pin_list>
<pin id="683" dir="0" index="0" bw="16" slack="3"/>
<pin id="684" dir="1" index="1" bw="16" slack="3"/>
</pin_list>
<bind>
<opset="config_effective_tile_size_x_read "/>
</bind>
</comp>

<comp id="687" class="1005" name="config_tile_size_x_read_reg_687">
<pin_list>
<pin id="688" dir="0" index="0" bw="16" slack="1"/>
<pin id="689" dir="1" index="1" bw="16" slack="1"/>
</pin_list>
<bind>
<opset="config_tile_size_x_read "/>
</bind>
</comp>

<comp id="692" class="1005" name="config_tile_count_x_read_reg_692">
<pin_list>
<pin id="693" dir="0" index="0" bw="16" slack="1"/>
<pin id="694" dir="1" index="1" bw="16" slack="1"/>
</pin_list>
<bind>
<opset="config_tile_count_x_read "/>
</bind>
</comp>

<comp id="697" class="1005" name="config_grid_size_y_read_reg_697">
<pin_list>
<pin id="698" dir="0" index="0" bw="16" slack="3"/>
<pin id="699" dir="1" index="1" bw="16" slack="3"/>
</pin_list>
<bind>
<opset="config_grid_size_y_read "/>
</bind>
</comp>

<comp id="702" class="1005" name="sub_reg_702">
<pin_list>
<pin id="703" dir="0" index="0" bw="17" slack="1"/>
<pin id="704" dir="1" index="1" bw="17" slack="1"/>
</pin_list>
<bind>
<opset="sub "/>
</bind>
</comp>

<comp id="707" class="1005" name="empty_reg_707">
<pin_list>
<pin id="708" dir="0" index="0" bw="3" slack="1"/>
<pin id="709" dir="1" index="1" bw="3" slack="1"/>
</pin_list>
<bind>
<opset="empty "/>
</bind>
</comp>

<comp id="712" class="1005" name="trunc_ln_reg_712">
<pin_list>
<pin id="713" dir="0" index="0" bw="15" slack="1"/>
<pin id="714" dir="1" index="1" bw="15" slack="1"/>
</pin_list>
<bind>
<opset="trunc_ln "/>
</bind>
</comp>

<comp id="717" class="1005" name="zext_ln6191_reg_717">
<pin_list>
<pin id="718" dir="0" index="0" bw="27" slack="3"/>
<pin id="719" dir="1" index="1" bw="27" slack="3"/>
</pin_list>
<bind>
<opset="zext_ln6191 "/>
</bind>
</comp>

<comp id="725" class="1005" name="add_ln6191_reg_725">
<pin_list>
<pin id="726" dir="0" index="0" bw="16" slack="2"/>
<pin id="727" dir="1" index="1" bw="16" slack="2"/>
</pin_list>
<bind>
<opset="add_ln6191 "/>
</bind>
</comp>

<comp id="730" class="1005" name="trunc_ln7_reg_730">
<pin_list>
<pin id="731" dir="0" index="0" bw="13" slack="1"/>
<pin id="732" dir="1" index="1" bw="13" slack="1"/>
</pin_list>
<bind>
<opset="trunc_ln7 "/>
</bind>
</comp>

<comp id="735" class="1005" name="trunc_ln8_reg_735">
<pin_list>
<pin id="736" dir="0" index="0" bw="12" slack="1"/>
<pin id="737" dir="1" index="1" bw="12" slack="1"/>
</pin_list>
<bind>
<opset="trunc_ln8 "/>
</bind>
</comp>

<comp id="740" class="1005" name="wrapped_reg_740">
<pin_list>
<pin id="741" dir="0" index="0" bw="1" slack="1"/>
<pin id="742" dir="1" index="1" bw="1" slack="1"/>
</pin_list>
<bind>
<opset="wrapped "/>
</bind>
</comp>

<comp id="746" class="1005" name="a_wrapped_reg_746">
<pin_list>
<pin id="747" dir="0" index="0" bw="1" slack="1"/>
<pin id="748" dir="1" index="1" bw="1" slack="1"/>
</pin_list>
<bind>
<opset="a_wrapped "/>
</bind>
</comp>

<comp id="752" class="1005" name="ge_start_reg_752">
<pin_list>
<pin id="753" dir="0" index="0" bw="1" slack="1"/>
<pin id="754" dir="1" index="1" bw="1" slack="1"/>
</pin_list>
<bind>
<opset="ge_start "/>
</bind>
</comp>

<comp id="760" class="1005" name="lt_end_reg_760">
<pin_list>
<pin id="761" dir="0" index="0" bw="1" slack="1"/>
<pin id="762" dir="1" index="1" bw="1" slack="1"/>
</pin_list>
<bind>
<opset="lt_end "/>
</bind>
</comp>

<comp id="766" class="1005" name="a_lt_reg_766">
<pin_list>
<pin id="767" dir="0" index="0" bw="1" slack="1"/>
<pin id="768" dir="1" index="1" bw="1" slack="1"/>
</pin_list>
<bind>
<opset="a_lt "/>
</bind>
</comp>

<comp id="772" class="1005" name="icmp_ln6242_reg_772">
<pin_list>
<pin id="773" dir="0" index="0" bw="1" slack="3"/>
<pin id="774" dir="1" index="1" bw="1" slack="3"/>
</pin_list>
<bind>
<opset="icmp_ln6242 "/>
</bind>
</comp>

<comp id="777" class="1005" name="tmp_reg_777">
<pin_list>
<pin id="778" dir="0" index="0" bw="1" slack="1"/>
<pin id="779" dir="1" index="1" bw="1" slack="1"/>
</pin_list>
<bind>
<opset="tmp "/>
</bind>
</comp>

<comp id="782" class="1005" name="lt_end_2_reg_782">
<pin_list>
<pin id="783" dir="0" index="0" bw="1" slack="1"/>
<pin id="784" dir="1" index="1" bw="1" slack="1"/>
</pin_list>
<bind>
<opset="lt_end_2 "/>
</bind>
</comp>

<comp id="788" class="1005" name="a_lt_2_reg_788">
<pin_list>
<pin id="789" dir="0" index="0" bw="1" slack="1"/>
<pin id="790" dir="1" index="1" bw="1" slack="1"/>
</pin_list>
<bind>
<opset="a_lt_2 "/>
</bind>
</comp>

<comp id="794" class="1005" name="tmp_6_reg_794">
<pin_list>
<pin id="795" dir="0" index="0" bw="1" slack="3"/>
<pin id="796" dir="1" index="1" bw="1" slack="3"/>
</pin_list>
<bind>
<opset="tmp_6 "/>
</bind>
</comp>

<comp id="799" class="1005" name="zext_ln6193_reg_799">
<pin_list>
<pin id="800" dir="0" index="0" bw="27" slack="1"/>
<pin id="801" dir="1" index="1" bw="27" slack="1"/>
</pin_list>
<bind>
<opset="zext_ln6193 "/>
</bind>
</comp>

<comp id="804" class="1005" name="add_ln6240_reg_804">
<pin_list>
<pin id="805" dir="0" index="0" bw="14" slack="2"/>
<pin id="806" dir="1" index="1" bw="14" slack="2"/>
</pin_list>
<bind>
<opset="add_ln6240 "/>
</bind>
</comp>

<comp id="809" class="1005" name="add_ln6241_reg_809">
<pin_list>
<pin id="810" dir="0" index="0" bw="13" slack="2"/>
<pin id="811" dir="1" index="1" bw="13" slack="2"/>
</pin_list>
<bind>
<opset="add_ln6241 "/>
</bind>
</comp>

<comp id="814" class="1005" name="add_ln6240_2_reg_814">
<pin_list>
<pin id="815" dir="0" index="0" bw="14" slack="2"/>
<pin id="816" dir="1" index="1" bw="14" slack="2"/>
</pin_list>
<bind>
<opset="add_ln6240_2 "/>
</bind>
</comp>

<comp id="819" class="1005" name="add_ln6241_2_reg_819">
<pin_list>
<pin id="820" dir="0" index="0" bw="13" slack="2"/>
<pin id="821" dir="1" index="1" bw="13" slack="2"/>
</pin_list>
<bind>
<opset="add_ln6241_2 "/>
</bind>
</comp>

<comp id="827" class="1005" name="j_2_reg_827">
<pin_list>
<pin id="828" dir="0" index="0" bw="16" slack="0"/>
<pin id="829" dir="1" index="1" bw="16" slack="0"/>
</pin_list>
<bind>
<opset="j_2 "/>
</bind>
</comp>

<comp id="832" class="1005" name="add_ln6255_reg_832">
<pin_list>
<pin id="833" dir="0" index="0" bw="64" slack="1"/>
<pin id="834" dir="1" index="1" bw="64" slack="1"/>
</pin_list>
<bind>
<opset="add_ln6255 "/>
</bind>
</comp>

<comp id="837" class="1005" name="add_ln6255_2_reg_837">
<pin_list>
<pin id="838" dir="0" index="0" bw="64" slack="1"/>
<pin id="839" dir="1" index="1" bw="64" slack="1"/>
</pin_list>
<bind>
<opset="add_ln6255_2 "/>
</bind>
</comp>

<comp id="842" class="1005" name="add_ln6256_reg_842">
<pin_list>
<pin id="843" dir="0" index="0" bw="27" slack="0"/>
<pin id="844" dir="1" index="1" bw="27" slack="0"/>
</pin_list>
<bind>
<opset="add_ln6256 "/>
</bind>
</comp>

</comp_list>

<net_list>
<net id="125"><net_src comp="26" pin="0"/><net_sink comp="122" pin=0"/></net>

<net id="129"><net_src comp="26" pin="0"/><net_sink comp="126" pin=0"/></net>

<net id="134"><net_src comp="44" pin="0"/><net_sink comp="130" pin=0"/></net>

<net id="135"><net_src comp="24" pin="0"/><net_sink comp="130" pin=1"/></net>

<net id="140"><net_src comp="44" pin="0"/><net_sink comp="136" pin=0"/></net>

<net id="141"><net_src comp="20" pin="0"/><net_sink comp="136" pin=1"/></net>

<net id="146"><net_src comp="46" pin="0"/><net_sink comp="142" pin=0"/></net>

<net id="147"><net_src comp="16" pin="0"/><net_sink comp="142" pin=1"/></net>

<net id="152"><net_src comp="46" pin="0"/><net_sink comp="148" pin=0"/></net>

<net id="153"><net_src comp="14" pin="0"/><net_sink comp="148" pin=1"/></net>

<net id="158"><net_src comp="46" pin="0"/><net_sink comp="154" pin=0"/></net>

<net id="159"><net_src comp="12" pin="0"/><net_sink comp="154" pin=1"/></net>

<net id="164"><net_src comp="46" pin="0"/><net_sink comp="160" pin=0"/></net>

<net id="165"><net_src comp="10" pin="0"/><net_sink comp="160" pin=1"/></net>

<net id="170"><net_src comp="46" pin="0"/><net_sink comp="166" pin=0"/></net>

<net id="171"><net_src comp="8" pin="0"/><net_sink comp="166" pin=1"/></net>

<net id="176"><net_src comp="46" pin="0"/><net_sink comp="172" pin=0"/></net>

<net id="177"><net_src comp="6" pin="0"/><net_sink comp="172" pin=1"/></net>

<net id="182"><net_src comp="48" pin="0"/><net_sink comp="178" pin=0"/></net>

<net id="183"><net_src comp="4" pin="0"/><net_sink comp="178" pin=1"/></net>

<net id="196"><net_src comp="82" pin="0"/><net_sink comp="193" pin=0"/></net>

<net id="203"><net_src comp="193" pin="1"/><net_sink comp="197" pin=2"/></net>

<net id="219"><net_src comp="118" pin="0"/><net_sink comp="204" pin=0"/></net>

<net id="220"><net_src comp="0" pin="0"/><net_sink comp="204" pin=1"/></net>

<net id="221"><net_src comp="2" pin="0"/><net_sink comp="204" pin=2"/></net>

<net id="222"><net_src comp="18" pin="0"/><net_sink comp="204" pin=9"/></net>

<net id="223"><net_src comp="22" pin="0"/><net_sink comp="204" pin=11"/></net>

<net id="230"><net_src comp="178" pin="2"/><net_sink comp="227" pin=0"/></net>

<net id="235"><net_src comp="227" pin="1"/><net_sink comp="231" pin=0"/></net>

<net id="236"><net_src comp="68" pin="0"/><net_sink comp="231" pin=1"/></net>

<net id="243"><net_src comp="70" pin="0"/><net_sink comp="237" pin=0"/></net>

<net id="244"><net_src comp="231" pin="2"/><net_sink comp="237" pin=1"/></net>

<net id="245"><net_src comp="72" pin="0"/><net_sink comp="237" pin=2"/></net>

<net id="246"><net_src comp="74" pin="0"/><net_sink comp="237" pin=3"/></net>

<net id="250"><net_src comp="166" pin="2"/><net_sink comp="247" pin=0"/></net>

<net id="255"><net_src comp="247" pin="1"/><net_sink comp="251" pin=0"/></net>

<net id="256"><net_src comp="76" pin="0"/><net_sink comp="251" pin=1"/></net>

<net id="260"><net_src comp="148" pin="2"/><net_sink comp="257" pin=0"/></net>

<net id="267"><net_src comp="78" pin="0"/><net_sink comp="261" pin=0"/></net>

<net id="268"><net_src comp="154" pin="2"/><net_sink comp="261" pin=1"/></net>

<net id="269"><net_src comp="26" pin="0"/><net_sink comp="261" pin=2"/></net>

<net id="270"><net_src comp="80" pin="0"/><net_sink comp="261" pin=3"/></net>

<net id="274"><net_src comp="237" pin="4"/><net_sink comp="271" pin=0"/></net>

<net id="279"><net_src comp="82" pin="0"/><net_sink comp="275" pin=0"/></net>

<net id="284"><net_src comp="82" pin="0"/><net_sink comp="280" pin=0"/></net>

<net id="291"><net_src comp="285" pin="1"/><net_sink comp="288" pin=0"/></net>

<net id="296"><net_src comp="285" pin="1"/><net_sink comp="292" pin=0"/></net>

<net id="301"><net_src comp="285" pin="1"/><net_sink comp="297" pin=0"/></net>

<net id="302"><net_src comp="90" pin="0"/><net_sink comp="297" pin=1"/></net>

<net id="306"><net_src comp="285" pin="1"/><net_sink comp="303" pin=0"/></net>

<net id="311"><net_src comp="303" pin="1"/><net_sink comp="307" pin=0"/></net>

<net id="316"><net_src comp="288" pin="1"/><net_sink comp="312" pin=1"/></net>

<net id="322"><net_src comp="312" pin="2"/><net_sink comp="317" pin=0"/></net>

<net id="326"><net_src comp="317" pin="3"/><net_sink comp="323" pin=0"/></net>

<net id="331"><net_src comp="285" pin="1"/><net_sink comp="327" pin=0"/></net>

<net id="332"><net_src comp="82" pin="0"/><net_sink comp="327" pin=1"/></net>

<net id="338"><net_src comp="327" pin="2"/><net_sink comp="333" pin=0"/></net>

<net id="339"><net_src comp="92" pin="0"/><net_sink comp="333" pin=1"/></net>

<net id="343"><net_src comp="333" pin="3"/><net_sink comp="340" pin=0"/></net>

<net id="350"><net_src comp="94" pin="0"/><net_sink comp="344" pin=0"/></net>

<net id="351"><net_src comp="317" pin="3"/><net_sink comp="344" pin=1"/></net>

<net id="352"><net_src comp="72" pin="0"/><net_sink comp="344" pin=2"/></net>

<net id="353"><net_src comp="80" pin="0"/><net_sink comp="344" pin=3"/></net>

<net id="357"><net_src comp="323" pin="1"/><net_sink comp="354" pin=0"/></net>

<net id="364"><net_src comp="96" pin="0"/><net_sink comp="358" pin=0"/></net>

<net id="365"><net_src comp="333" pin="3"/><net_sink comp="358" pin=1"/></net>

<net id="366"><net_src comp="72" pin="0"/><net_sink comp="358" pin=2"/></net>

<net id="367"><net_src comp="98" pin="0"/><net_sink comp="358" pin=3"/></net>

<net id="371"><net_src comp="340" pin="1"/><net_sink comp="368" pin=0"/></net>

<net id="375"><net_src comp="307" pin="2"/><net_sink comp="372" pin=0"/></net>

<net id="380"><net_src comp="372" pin="1"/><net_sink comp="376" pin=0"/></net>

<net id="381"><net_src comp="354" pin="1"/><net_sink comp="376" pin=1"/></net>

<net id="386"><net_src comp="307" pin="2"/><net_sink comp="382" pin=0"/></net>

<net id="387"><net_src comp="323" pin="1"/><net_sink comp="382" pin=1"/></net>

<net id="393"><net_src comp="100" pin="0"/><net_sink comp="388" pin=0"/></net>

<net id="394"><net_src comp="376" pin="2"/><net_sink comp="388" pin=1"/></net>

<net id="395"><net_src comp="72" pin="0"/><net_sink comp="388" pin=2"/></net>

<net id="400"><net_src comp="372" pin="1"/><net_sink comp="396" pin=0"/></net>

<net id="401"><net_src comp="368" pin="1"/><net_sink comp="396" pin=1"/></net>

<net id="406"><net_src comp="307" pin="2"/><net_sink comp="402" pin=0"/></net>

<net id="407"><net_src comp="340" pin="1"/><net_sink comp="402" pin=1"/></net>

<net id="413"><net_src comp="100" pin="0"/><net_sink comp="408" pin=0"/></net>

<net id="414"><net_src comp="396" pin="2"/><net_sink comp="408" pin=1"/></net>

<net id="415"><net_src comp="72" pin="0"/><net_sink comp="408" pin=2"/></net>

<net id="420"><net_src comp="307" pin="2"/><net_sink comp="416" pin=0"/></net>

<net id="421"><net_src comp="102" pin="0"/><net_sink comp="416" pin=1"/></net>

<net id="426"><net_src comp="382" pin="2"/><net_sink comp="422" pin=0"/></net>

<net id="427"><net_src comp="104" pin="0"/><net_sink comp="422" pin=1"/></net>

<net id="432"><net_src comp="402" pin="2"/><net_sink comp="428" pin=0"/></net>

<net id="433"><net_src comp="104" pin="0"/><net_sink comp="428" pin=1"/></net>

<net id="438"><net_src comp="307" pin="2"/><net_sink comp="434" pin=0"/></net>

<net id="439"><net_src comp="104" pin="0"/><net_sink comp="434" pin=1"/></net>

<net id="445"><net_src comp="106" pin="0"/><net_sink comp="440" pin=0"/></net>

<net id="446"><net_src comp="307" pin="2"/><net_sink comp="440" pin=1"/></net>

<net id="447"><net_src comp="36" pin="0"/><net_sink comp="440" pin=2"/></net>

<net id="453"><net_src comp="106" pin="0"/><net_sink comp="448" pin=0"/></net>

<net id="454"><net_src comp="382" pin="2"/><net_sink comp="448" pin=1"/></net>

<net id="455"><net_src comp="36" pin="0"/><net_sink comp="448" pin=2"/></net>

<net id="461"><net_src comp="106" pin="0"/><net_sink comp="456" pin=0"/></net>

<net id="462"><net_src comp="402" pin="2"/><net_sink comp="456" pin=1"/></net>

<net id="463"><net_src comp="36" pin="0"/><net_sink comp="456" pin=2"/></net>

<net id="469"><net_src comp="106" pin="0"/><net_sink comp="464" pin=0"/></net>

<net id="470"><net_src comp="307" pin="2"/><net_sink comp="464" pin=1"/></net>

<net id="471"><net_src comp="36" pin="0"/><net_sink comp="464" pin=2"/></net>

<net id="478"><net_src comp="94" pin="0"/><net_sink comp="472" pin=0"/></net>

<net id="479"><net_src comp="224" pin="1"/><net_sink comp="472" pin=1"/></net>

<net id="480"><net_src comp="72" pin="0"/><net_sink comp="472" pin=2"/></net>

<net id="481"><net_src comp="80" pin="0"/><net_sink comp="472" pin=3"/></net>

<net id="485"><net_src comp="472" pin="4"/><net_sink comp="482" pin=0"/></net>

<net id="505"><net_src comp="492" pin="2"/><net_sink comp="500" pin=1"/></net>

<net id="506"><net_src comp="496" pin="2"/><net_sink comp="500" pin=2"/></net>

<net id="520"><net_src comp="507" pin="2"/><net_sink comp="515" pin=1"/></net>

<net id="521"><net_src comp="511" pin="2"/><net_sink comp="515" pin=2"/></net>

<net id="525"><net_src comp="500" pin="3"/><net_sink comp="522" pin=0"/></net>

<net id="530"><net_src comp="486" pin="1"/><net_sink comp="526" pin=0"/></net>

<net id="531"><net_src comp="522" pin="1"/><net_sink comp="526" pin=1"/></net>

<net id="535"><net_src comp="515" pin="3"/><net_sink comp="532" pin=0"/></net>

<net id="540"><net_src comp="489" pin="1"/><net_sink comp="536" pin=0"/></net>

<net id="541"><net_src comp="532" pin="1"/><net_sink comp="536" pin=1"/></net>

<net id="546"><net_src comp="112" pin="0"/><net_sink comp="542" pin=1"/></net>

<net id="551"><net_src comp="542" pin="2"/><net_sink comp="547" pin=1"/></net>

<net id="556"><net_src comp="542" pin="2"/><net_sink comp="552" pin=1"/></net>

<net id="562"><net_src comp="547" pin="2"/><net_sink comp="557" pin=1"/></net>

<net id="563"><net_src comp="552" pin="2"/><net_sink comp="557" pin=2"/></net>

<net id="568"><net_src comp="542" pin="2"/><net_sink comp="564" pin=1"/></net>

<net id="573"><net_src comp="542" pin="2"/><net_sink comp="569" pin=1"/></net>

<net id="579"><net_src comp="564" pin="2"/><net_sink comp="574" pin=1"/></net>

<net id="580"><net_src comp="569" pin="2"/><net_sink comp="574" pin=2"/></net>

<net id="584"><net_src comp="557" pin="3"/><net_sink comp="581" pin=0"/></net>

<net id="589"><net_src comp="486" pin="1"/><net_sink comp="585" pin=0"/></net>

<net id="590"><net_src comp="581" pin="1"/><net_sink comp="585" pin=1"/></net>

<net id="594"><net_src comp="574" pin="3"/><net_sink comp="591" pin=0"/></net>

<net id="599"><net_src comp="489" pin="1"/><net_sink comp="595" pin=0"/></net>

<net id="600"><net_src comp="591" pin="1"/><net_sink comp="595" pin=1"/></net>

<net id="605"><net_src comp="197" pin="4"/><net_sink comp="601" pin=0"/></net>

<net id="610"><net_src comp="197" pin="4"/><net_sink comp="606" pin=0"/></net>

<net id="611"><net_src comp="90" pin="0"/><net_sink comp="606" pin=1"/></net>

<net id="617"><net_src comp="114" pin="0"/><net_sink comp="612" pin=0"/></net>

<net id="618"><net_src comp="187" pin="4"/><net_sink comp="612" pin=1"/></net>

<net id="619"><net_src comp="116" pin="0"/><net_sink comp="612" pin=2"/></net>

<net id="623"><net_src comp="612" pin="3"/><net_sink comp="620" pin=0"/></net>

<net id="628"><net_src comp="620" pin="1"/><net_sink comp="624" pin=1"/></net>

<net id="633"><net_src comp="620" pin="1"/><net_sink comp="629" pin=1"/></net>

<net id="638"><net_src comp="187" pin="4"/><net_sink comp="634" pin=1"/></net>

<net id="643"><net_src comp="224" pin="1"/><net_sink comp="639" pin=1"/></net>

<net id="652"><net_src comp="639" pin="2"/><net_sink comp="648" pin=0"/></net>

<net id="656"><net_src comp="122" pin="1"/><net_sink comp="653" pin=0"/></net>

<net id="657"><net_src comp="653" pin="1"/><net_sink comp="280" pin=1"/></net>

<net id="658"><net_src comp="653" pin="1"/><net_sink comp="224" pin=0"/></net>

<net id="659"><net_src comp="653" pin="1"/><net_sink comp="648" pin=1"/></net>

<net id="663"><net_src comp="126" pin="1"/><net_sink comp="660" pin=0"/></net>

<net id="664"><net_src comp="660" pin="1"/><net_sink comp="275" pin=1"/></net>

<net id="665"><net_src comp="660" pin="1"/><net_sink comp="285" pin=0"/></net>

<net id="666"><net_src comp="660" pin="1"/><net_sink comp="644" pin=1"/></net>

<net id="670"><net_src comp="130" pin="2"/><net_sink comp="667" pin=0"/></net>

<net id="671"><net_src comp="667" pin="1"/><net_sink comp="629" pin=0"/></net>

<net id="675"><net_src comp="136" pin="2"/><net_sink comp="672" pin=0"/></net>

<net id="676"><net_src comp="672" pin="1"/><net_sink comp="624" pin=0"/></net>

<net id="680"><net_src comp="142" pin="2"/><net_sink comp="677" pin=0"/></net>

<net id="681"><net_src comp="677" pin="1"/><net_sink comp="317" pin=1"/></net>

<net id="685"><net_src comp="148" pin="2"/><net_sink comp="682" pin=0"/></net>

<net id="686"><net_src comp="682" pin="1"/><net_sink comp="639" pin=0"/></net>

<net id="690"><net_src comp="160" pin="2"/><net_sink comp="687" pin=0"/></net>

<net id="691"><net_src comp="687" pin="1"/><net_sink comp="317" pin=2"/></net>

<net id="695"><net_src comp="166" pin="2"/><net_sink comp="692" pin=0"/></net>

<net id="696"><net_src comp="692" pin="1"/><net_sink comp="292" pin=1"/></net>

<net id="700"><net_src comp="172" pin="2"/><net_sink comp="697" pin=0"/></net>

<net id="701"><net_src comp="697" pin="1"/><net_sink comp="601" pin=1"/></net>

<net id="705"><net_src comp="251" pin="2"/><net_sink comp="702" pin=0"/></net>

<net id="706"><net_src comp="702" pin="1"/><net_sink comp="312" pin=0"/></net>

<net id="710"><net_src comp="257" pin="1"/><net_sink comp="707" pin=0"/></net>

<net id="711"><net_src comp="707" pin="1"/><net_sink comp="307" pin=1"/></net>

<net id="715"><net_src comp="261" pin="4"/><net_sink comp="712" pin=0"/></net>

<net id="716"><net_src comp="712" pin="1"/><net_sink comp="333" pin=2"/></net>

<net id="720"><net_src comp="271" pin="1"/><net_sink comp="717" pin=0"/></net>

<net id="721"><net_src comp="717" pin="1"/><net_sink comp="634" pin=0"/></net>

<net id="728"><net_src comp="297" pin="2"/><net_sink comp="725" pin=0"/></net>

<net id="729"><net_src comp="725" pin="1"/><net_sink comp="644" pin=0"/></net>

<net id="733"><net_src comp="344" pin="4"/><net_sink comp="730" pin=0"/></net>

<net id="734"><net_src comp="730" pin="1"/><net_sink comp="486" pin=0"/></net>

<net id="738"><net_src comp="358" pin="4"/><net_sink comp="735" pin=0"/></net>

<net id="739"><net_src comp="735" pin="1"/><net_sink comp="489" pin=0"/></net>

<net id="743"><net_src comp="388" pin="3"/><net_sink comp="740" pin=0"/></net>

<net id="744"><net_src comp="740" pin="1"/><net_sink comp="500" pin=0"/></net>

<net id="745"><net_src comp="740" pin="1"/><net_sink comp="557" pin=0"/></net>

<net id="749"><net_src comp="408" pin="3"/><net_sink comp="746" pin=0"/></net>

<net id="750"><net_src comp="746" pin="1"/><net_sink comp="515" pin=0"/></net>

<net id="751"><net_src comp="746" pin="1"/><net_sink comp="574" pin=0"/></net>

<net id="755"><net_src comp="416" pin="2"/><net_sink comp="752" pin=0"/></net>

<net id="756"><net_src comp="752" pin="1"/><net_sink comp="492" pin=0"/></net>

<net id="757"><net_src comp="752" pin="1"/><net_sink comp="496" pin=0"/></net>

<net id="758"><net_src comp="752" pin="1"/><net_sink comp="507" pin=0"/></net>

<net id="759"><net_src comp="752" pin="1"/><net_sink comp="511" pin=0"/></net>

<net id="763"><net_src comp="422" pin="2"/><net_sink comp="760" pin=0"/></net>

<net id="764"><net_src comp="760" pin="1"/><net_sink comp="492" pin=1"/></net>

<net id="765"><net_src comp="760" pin="1"/><net_sink comp="496" pin=1"/></net>

<net id="769"><net_src comp="428" pin="2"/><net_sink comp="766" pin=0"/></net>

<net id="770"><net_src comp="766" pin="1"/><net_sink comp="507" pin=1"/></net>

<net id="771"><net_src comp="766" pin="1"/><net_sink comp="511" pin=1"/></net>

<net id="775"><net_src comp="434" pin="2"/><net_sink comp="772" pin=0"/></net>

<net id="776"><net_src comp="772" pin="1"/><net_sink comp="204" pin=7"/></net>

<net id="780"><net_src comp="440" pin="3"/><net_sink comp="777" pin=0"/></net>

<net id="781"><net_src comp="777" pin="1"/><net_sink comp="542" pin=0"/></net>

<net id="785"><net_src comp="448" pin="3"/><net_sink comp="782" pin=0"/></net>

<net id="786"><net_src comp="782" pin="1"/><net_sink comp="547" pin=0"/></net>

<net id="787"><net_src comp="782" pin="1"/><net_sink comp="552" pin=0"/></net>

<net id="791"><net_src comp="456" pin="3"/><net_sink comp="788" pin=0"/></net>

<net id="792"><net_src comp="788" pin="1"/><net_sink comp="564" pin=0"/></net>

<net id="793"><net_src comp="788" pin="1"/><net_sink comp="569" pin=0"/></net>

<net id="797"><net_src comp="464" pin="3"/><net_sink comp="794" pin=0"/></net>

<net id="798"><net_src comp="794" pin="1"/><net_sink comp="204" pin=8"/></net>

<net id="802"><net_src comp="482" pin="1"/><net_sink comp="799" pin=0"/></net>

<net id="803"><net_src comp="799" pin="1"/><net_sink comp="187" pin=2"/></net>

<net id="807"><net_src comp="526" pin="2"/><net_sink comp="804" pin=0"/></net>

<net id="808"><net_src comp="804" pin="1"/><net_sink comp="204" pin=3"/></net>

<net id="812"><net_src comp="536" pin="2"/><net_sink comp="809" pin=0"/></net>

<net id="813"><net_src comp="809" pin="1"/><net_sink comp="204" pin=5"/></net>

<net id="817"><net_src comp="585" pin="2"/><net_sink comp="814" pin=0"/></net>

<net id="818"><net_src comp="814" pin="1"/><net_sink comp="204" pin=4"/></net>

<net id="822"><net_src comp="595" pin="2"/><net_sink comp="819" pin=0"/></net>

<net id="823"><net_src comp="819" pin="1"/><net_sink comp="204" pin=6"/></net>

<net id="830"><net_src comp="606" pin="2"/><net_sink comp="827" pin=0"/></net>

<net id="831"><net_src comp="827" pin="1"/><net_sink comp="197" pin=0"/></net>

<net id="835"><net_src comp="624" pin="2"/><net_sink comp="832" pin=0"/></net>

<net id="836"><net_src comp="832" pin="1"/><net_sink comp="204" pin=10"/></net>

<net id="840"><net_src comp="629" pin="2"/><net_sink comp="837" pin=0"/></net>

<net id="841"><net_src comp="837" pin="1"/><net_sink comp="204" pin=12"/></net>

<net id="845"><net_src comp="634" pin="2"/><net_sink comp="842" pin=0"/></net>

<net id="846"><net_src comp="842" pin="1"/><net_sink comp="187" pin=0"/></net>

</net_list>

</model> 
---------------- Datapath Model END ------------------

* FSMD analyzer results:
  - Output states:
	Port: gmem10 | {5 6 }
	Port: gmem11 | {5 6 }
 - Input state : 
	Port: interleaveTileStream2mem2D.2 : arg1_write_mem_strm_2 | {5 6 }
	Port: interleaveTileStream2mem2D.2 : arg1_write_mem_strm_3 | {5 6 }
	Port: interleaveTileStream2mem2D.2 : config_grid_xblocks | {1 }
	Port: interleaveTileStream2mem2D.2 : config_grid_size_y | {1 }
	Port: interleaveTileStream2mem2D.2 : config_tile_count_x | {1 }
	Port: interleaveTileStream2mem2D.2 : config_tile_size_x | {1 }
	Port: interleaveTileStream2mem2D.2 : config_tile_overlap_size_x | {1 }
	Port: interleaveTileStream2mem2D.2 : config_effective_tile_size_x | {1 }
	Port: interleaveTileStream2mem2D.2 : config_last_tile_size_x | {1 }
	Port: interleaveTileStream2mem2D.2 : gmem10 | {}
	Port: interleaveTileStream2mem2D.2 : mem_out | {1 }
	Port: interleaveTileStream2mem2D.2 : gmem11 | {}
	Port: interleaveTileStream2mem2D.2 : mem_out1 | {1 }
  - Chain level:
	State 1
		add_ln6188 : 1
		lshr_ln : 2
		sub : 1
		zext_ln6191 : 3
		store_ln6191 : 1
		store_ln6191 : 1
	State 2
		zext_ln6191_2 : 1
		icmp_ln6191 : 1
		add_ln6191 : 1
		br_ln6191 : 2
		trunc_ln6193 : 1
		tile_offset_x : 2
		icmp_ln6194 : 2
		tile_size_x : 3
		rem_x : 4
		icmp_ln6196 : 1
		avoid_x : 2
		rem_avoid_x : 3
		trunc_ln7 : 4
		zext_ln6202 : 5
		trunc_ln8 : 3
		zext_ln6204 : 4
		zext_ln6214 : 3
		end_sum : 6
		end_bank : 5
		wrapped : 7
		a_end_sum : 5
		a_end_bank : 4
		a_wrapped : 6
		ge_start : 3
		lt_end : 6
		a_lt : 5
		icmp_ln6242 : 3
		tmp : 3
		lt_end_2 : 6
		a_lt_2 : 5
		tmp_6 : 3
	State 3
		lshr_ln2 : 1
		zext_ln6193 : 2
		zext_ln6240 : 1
		add_ln6240 : 2
		zext_ln6241 : 1
		add_ln6241 : 2
		zext_ln6240_2 : 1
		add_ln6240_2 : 2
		zext_ln6241_2 : 1
		add_ln6241_2 : 2
	State 4
		icmp_ln6253 : 1
		j_2 : 1
		br_ln6253 : 2
		shl_ln : 1
		zext_ln6255 : 2
		add_ln6255 : 3
		add_ln6255_2 : 3
		add_ln6256 : 1
		add_ln6191_2 : 1
		store_ln6191 : 2
	State 5
	State 6


============================================================
+ Verbose Summary: Datapath Resource usage 
============================================================

* Functional unit list:
|----------|-----------------------------------------------|---------|---------|---------|---------|
| Operation|                Functional Unit                |   DSP   |  Delay  |    FF   |   LUT   |
|----------|-----------------------------------------------|---------|---------|---------|---------|
|   call   | grp_interleaveTileStream2mem2D_inner_2_fu_204 |    0    |  2.322  |   2334  |   568   |
|----------|-----------------------------------------------|---------|---------|---------|---------|
|          |               add_ln6188_fu_231               |    0    |    0    |    0    |    20   |
|          |                   sub_fu_251                  |    0    |    0    |    0    |    23   |
|          |               add_ln6191_fu_297               |    0    |    0    |    0    |    23   |
|          |                 end_sum_fu_376                |    0    |    0    |    0    |    10   |
|          |                end_bank_fu_382                |    0    |    0    |    0    |    10   |
|          |                a_end_sum_fu_396               |    0    |    0    |    0    |    10   |
|          |               a_end_bank_fu_402               |    0    |    0    |    0    |    10   |
|    add   |               add_ln6240_fu_526               |    0    |    0    |    0    |    20   |
|          |               add_ln6241_fu_536               |    0    |    0    |    0    |    19   |
|          |              add_ln6240_2_fu_585              |    0    |    0    |    0    |    20   |
|          |              add_ln6241_2_fu_595              |    0    |    0    |    0    |    19   |
|          |                   j_2_fu_606                  |    0    |    0    |    0    |    23   |
|          |               add_ln6255_fu_624               |    0    |    0    |    0    |    71   |
|          |              add_ln6255_2_fu_629              |    0    |    0    |    0    |    71   |
|          |               add_ln6256_fu_634               |    0    |    0    |    0    |    34   |
|          |              add_ln6191_2_fu_639              |    0    |    0    |    0    |    23   |
|----------|-----------------------------------------------|---------|---------|---------|---------|
|          |               icmp_ln6191_fu_292              |    0    |    0    |    0    |    13   |
|          |               icmp_ln6194_fu_312              |    0    |    0    |    0    |    13   |
|          |               icmp_ln6196_fu_327              |    0    |    0    |    0    |    13   |
|   icmp   |                ge_start_fu_416                |    0    |    0    |    0    |    8    |
|          |                 lt_end_fu_422                 |    0    |    0    |    0    |    8    |
|          |                  a_lt_fu_428                  |    0    |    0    |    0    |    8    |
|          |               icmp_ln6242_fu_434              |    0    |    0    |    0    |    8    |
|          |               icmp_ln6253_fu_601              |    0    |    0    |    0    |    13   |
|----------|-----------------------------------------------|---------|---------|---------|---------|
|          |               tile_size_x_fu_317              |    0    |    0    |    0    |    16   |
|          |                 avoid_x_fu_333                |    0    |    0    |    0    |    15   |
|  select  |                  extra_fu_500                 |    0    |    0    |    0    |    2    |
|          |                 a_extra_fu_515                |    0    |    0    |    0    |    2    |
|          |                 extra_2_fu_557                |    0    |    0    |    0    |    2    |
|          |                a_extra_2_fu_574               |    0    |    0    |    0    |    2    |
|----------|-----------------------------------------------|---------|---------|---------|---------|
|    mul   |              tile_offset_x_fu_307             |    0    |    0    |    0    |    8    |
|----------|-----------------------------------------------|---------|---------|---------|---------|
|          |                or_ln6234_fu_492               |    0    |    0    |    0    |    2    |
|    or    |                or_ln6238_fu_507               |    0    |    0    |    0    |    2    |
|          |               or_ln6234_2_fu_547              |    0    |    0    |    0    |    2    |
|          |               or_ln6238_2_fu_564              |    0    |    0    |    0    |    2    |
|----------|-----------------------------------------------|---------|---------|---------|---------|
|          |               and_ln6234_fu_496               |    0    |    0    |    0    |    2    |
|    and   |               and_ln6238_fu_511               |    0    |    0    |    0    |    2    |
|          |              and_ln6234_2_fu_552              |    0    |    0    |    0    |    2    |
|          |              and_ln6238_2_fu_569              |    0    |    0    |    0    |    2    |
|----------|-----------------------------------------------|---------|---------|---------|---------|
|    xor   |               ge_start_2_fu_542               |    0    |    0    |    0    |    2    |
|----------|-----------------------------------------------|---------|---------|---------|---------|
|          |           mem_out1_read_read_fu_130           |    0    |    0    |    0    |    0    |
|          |            mem_out_read_read_fu_136           |    0    |    0    |    0    |    0    |
|          |    config_last_tile_size_x_read_read_fu_142   |    0    |    0    |    0    |    0    |
|          | config_effective_tile_size_x_read_read_fu_148 |    0    |    0    |    0    |    0    |
|   read   |  config_tile_overlap_size_x_read_read_fu_154  |    0    |    0    |    0    |    0    |
|          |      config_tile_size_x_read_read_fu_160      |    0    |    0    |    0    |    0    |
|          |      config_tile_count_x_read_read_fu_166     |    0    |    0    |    0    |    0    |
|          |      config_grid_size_y_read_read_fu_172      |    0    |    0    |    0    |    0    |
|          |      config_grid_xblocks_read_read_fu_178     |    0    |    0    |    0    |    0    |
|----------|-----------------------------------------------|---------|---------|---------|---------|
|          |               zext_ln6188_fu_227              |    0    |    0    |    0    |    0    |
|          |      config_tile_count_x_load_cast_fu_247     |    0    |    0    |    0    |    0    |
|          |               zext_ln6191_fu_271              |    0    |    0    |    0    |    0    |
|          |              zext_ln6191_2_fu_288             |    0    |    0    |    0    |    0    |
|          |               zext_ln6202_fu_354              |    0    |    0    |    0    |    0    |
|          |               zext_ln6204_fu_368              |    0    |    0    |    0    |    0    |
|          |               zext_ln6214_fu_372              |    0    |    0    |    0    |    0    |
|   zext   |               zext_ln6193_fu_482              |    0    |    0    |    0    |    0    |
|          |               zext_ln6201_fu_486              |    0    |    0    |    0    |    0    |
|          |               zext_ln6203_fu_489              |    0    |    0    |    0    |    0    |
|          |               zext_ln6240_fu_522              |    0    |    0    |    0    |    0    |
|          |               zext_ln6241_fu_532              |    0    |    0    |    0    |    0    |
|          |              zext_ln6240_2_fu_581             |    0    |    0    |    0    |    0    |
|          |              zext_ln6241_2_fu_591             |    0    |    0    |    0    |    0    |
|          |               zext_ln6255_fu_620              |    0    |    0    |    0    |    0    |
|----------|-----------------------------------------------|---------|---------|---------|---------|
|          |                 lshr_ln_fu_237                |    0    |    0    |    0    |    0    |
|          |                trunc_ln_fu_261                |    0    |    0    |    0    |    0    |
|partselect|                trunc_ln7_fu_344               |    0    |    0    |    0    |    0    |
|          |                trunc_ln8_fu_358               |    0    |    0    |    0    |    0    |
|          |                lshr_ln2_fu_472                |    0    |    0    |    0    |    0    |
|----------|-----------------------------------------------|---------|---------|---------|---------|
|          |                  empty_fu_257                 |    0    |    0    |    0    |    0    |
|   trunc  |              trunc_ln6193_fu_303              |    0    |    0    |    0    |    0    |
|          |                  rem_x_fu_323                 |    0    |    0    |    0    |    0    |
|          |               rem_avoid_x_fu_340              |    0    |    0    |    0    |    0    |
|----------|-----------------------------------------------|---------|---------|---------|---------|
|          |                 wrapped_fu_388                |    0    |    0    |    0    |    0    |
|          |                a_wrapped_fu_408               |    0    |    0    |    0    |    0    |
| bitselect|                   tmp_fu_440                  |    0    |    0    |    0    |    0    |
|          |                lt_end_2_fu_448                |    0    |    0    |    0    |    0    |
|          |                 a_lt_2_fu_456                 |    0    |    0    |    0    |    0    |
|          |                  tmp_6_fu_464                 |    0    |    0    |    0    |    0    |
|----------|-----------------------------------------------|---------|---------|---------|---------|
|bitconcatenate|                 shl_ln_fu_612                 |    0    |    0    |    0    |    0    |
|----------|-----------------------------------------------|---------|---------|---------|---------|
|   Total  |                                               |    0    |  2.322  |   2334  |   1123  |
|----------|-----------------------------------------------|---------|---------|---------|---------|

Memories:
N/A

* Register list:
+-----------------------------------------+--------+
|                                         |   FF   |
+-----------------------------------------+--------+
|              a_lt_2_reg_788             |    1   |
|               a_lt_reg_766              |    1   |
|            a_wrapped_reg_746            |    1   |
|            add_ln6191_reg_725           |   16   |
|           add_ln6240_2_reg_814          |   14   |
|            add_ln6240_reg_804           |   14   |
|           add_ln6241_2_reg_819          |   13   |
|            add_ln6241_reg_809           |   13   |
|           add_ln6255_2_reg_837          |   64   |
|            add_ln6255_reg_832           |   64   |
|            add_ln6256_reg_842           |   27   |
|config_effective_tile_size_x_read_reg_682|   16   |
|     config_grid_size_y_read_reg_697     |   16   |
|   config_last_tile_size_x_read_reg_677  |   16   |
|     config_tile_count_x_read_reg_692    |   16   |
|     config_tile_size_x_read_reg_687     |   16   |
|              empty_reg_707              |    3   |
|             ge_start_reg_752            |    1   |
|           icmp_ln6242_reg_772           |    1   |
|            indvars_iv_reg_653           |   16   |
|               j_2_reg_827               |   16   |
|                j_reg_193                |   16   |
|             lt_end_2_reg_782            |    1   |
|              lt_end_reg_760             |    1   |
|          mem_out1_read_reg_667          |   64   |
|           mem_out_read_reg_672          |   64   |
|             row_base_reg_184            |   27   |
|               sub_reg_702               |   17   |
|              tile_x_reg_660             |   16   |
|              tmp_6_reg_794              |    1   |
|               tmp_reg_777               |    1   |
|            trunc_ln7_reg_730            |   13   |
|            trunc_ln8_reg_735            |   12   |
|             trunc_ln_reg_712            |   15   |
|             wrapped_reg_740             |    1   |
|           zext_ln6191_reg_717           |   27   |
|           zext_ln6193_reg_799           |   27   |
+-----------------------------------------+--------+
|                  Total                  |   648  |
+-----------------------------------------+--------+

* Multiplexer (MUX) list: 
|--------|------|------|------|--------|
|  Comp  |  Pin | Size |  BW  | S x BW |
|--------|------|------|------|--------|
|  Total |      |      |      |    0   |
|--------|------|------|------|--------|



* Summary:
+-----------+--------+--------+--------+--------+
|           |   DSP  |  Delay |   FF   |   LUT  |
+-----------+--------+--------+--------+--------+
|  Function |    0   |    2   |  2334  |  1123  |
|   Memory  |    -   |    -   |    -   |    -   |
|Multiplexer|    -   |    -   |    -   |    -   |
|  Register |    -   |    -   |   648  |    -   |
+-----------+--------+--------+--------+--------+
|   Total   |    0   |    2   |  2982  |  1123  |
+-----------+--------+--------+--------+--------+
