

================================================================
== Vitis HLS Report for 'interleaveTileMem2stream2D'
================================================================
* Date:           Thu Aug 13 05:31:31 2026

* Version:        2022.2 (Build 3670227 on Oct 13 2022)
* Project:        datamover_outerloop_0
* Solution:       solution (Vitis Kernel Flow Target)
* Product family: virtexuplus
* Target device:  xcu280-fsvh2892-2L-e


================================================================
== Performance Estimates
================================================================
+ Timing: 
    * Summary: 
    +--------+---------+----------+------------+
    |  Clock |  Target | Estimated| Uncertainty|
    +--------+---------+----------+------------+
    |ap_clk  |  3.33 ns|  2.433 ns|     0.90 ns|
    +--------+---------+----------+------------+

+ Latency: 
    * Summary: 
    +---------+---------+----------+----------+-----+-----+---------+
    |  Latency (cycles) |  Latency (absolute) |  Interval | Pipeline|
    |   min   |   max   |    min   |    max   | min | max |   Type  |
    +---------+---------+----------+----------+-----+-----+---------+
    |        ?|        ?|         ?|         ?|    ?|    ?|       no|
    +---------+---------+----------+----------+-----+-----+---------+

    + Detail: 
        * Instance: 
        +---------------------------------------------+----------------------------------+---------+---------+----------+----------+-----+-----+----------+
        |                                             |                                  |  Latency (cycles) |  Latency (absolute) |  Interval | Pipeline |
        |                   Instance                  |              Module              |   min   |   max   |    min   |    max   | min | max |   Type   |
        +---------------------------------------------+----------------------------------+---------+---------+----------+----------+-----+-----+----------+
        |grp_interleaveTileMem2Stream2D_inner_fu_174  |interleaveTileMem2Stream2D_inner  |        ?|        ?|         ?|         ?|    ?|    ?|  dataflow|
        +---------------------------------------------+----------------------------------+---------+---------+----------+----------+-----+-----+----------+

        * Loop: 
        +---------------+---------+---------+----------+-----------+-----------+-----------+----------+
        |               |  Latency (cycles) | Iteration|  Initiation Interval  |    Trip   |          |
        |   Loop Name   |   min   |   max   |  Latency |  achieved |   target  |   Count   | Pipelined|
        +---------------+---------+---------+----------+-----------+-----------+-----------+----------+
        |- tile_x_loop  |        ?|        ?|         ?|          -|          -|  0 ~ 65535|        no|
        | + row_loop    |        ?|        ?|         ?|          -|          -|          ?|        no|
        +---------------+---------+---------+----------+-----------+-----------+-----------+----------+



================================================================
== Utilization Estimates
================================================================
* Summary: 
+---------------------+---------+------+---------+---------+-----+
|         Name        | BRAM_18K|  DSP |    FF   |   LUT   | URAM|
+---------------------+---------+------+---------+---------+-----+
|DSP                  |        -|     -|        -|        -|    -|
|Expression           |        -|     -|        0|      445|    -|
|FIFO                 |        -|     -|        -|        -|    -|
|Instance             |        -|     0|      973|     1157|    -|
|Memory               |        -|     -|        -|        -|    -|
|Multiplexer          |        -|     -|        -|      136|    -|
|Register             |        -|     -|      351|        -|    -|
+---------------------+---------+------+---------+---------+-----+
|Total                |        0|     0|     1324|     1738|    0|
+---------------------+---------+------+---------+---------+-----+
|Available SLR        |     1344|  3008|   869120|   434560|  320|
+---------------------+---------+------+---------+---------+-----+
|Utilization SLR (%)  |        0|     0|       ~0|       ~0|    0|
+---------------------+---------+------+---------+---------+-----+
|Available            |     4032|  9024|  2607360|  1303680|  960|
+---------------------+---------+------+---------+---------+-----+
|Utilization (%)      |        0|     0|       ~0|       ~0|    0|
+---------------------+---------+------+---------+---------+-----+

+ Detail: 
    * Instance: 
    +---------------------------------------------+----------------------------------+---------+----+-----+------+-----+
    |                   Instance                  |              Module              | BRAM_18K| DSP|  FF |  LUT | URAM|
    +---------------------------------------------+----------------------------------+---------+----+-----+------+-----+
    |grp_interleaveTileMem2Stream2D_inner_fu_174  |interleaveTileMem2Stream2D_inner  |        0|   0|  973|  1149|    0|
    |mul_3s_3s_3_1_1_U198                         |mul_3s_3s_3_1_1                   |        0|   0|    0|     8|    0|
    +---------------------------------------------+----------------------------------+---------+----+-----+------+-----+
    |Total                                        |                                  |        0|   0|  973|  1157|    0|
    +---------------------------------------------+----------------------------------+---------+----+-----+------+-----+

    * DSP: 
    N/A

    * Memory: 
    N/A

    * FIFO: 
    N/A

    * Expression: 
    +--------------------------------------------------------------+----------+----+---+----+------------+------------+
    |                         Variable Name                        | Operation| DSP| FF| LUT| Bitwidth P0| Bitwidth P1|
    +--------------------------------------------------------------+----------+----+---+----+------------+------------+
    |add_ln5952_fu_202_p2                                          |         +|   0|  0|  21|          14|           3|
    |add_ln5955_1_fu_437_p2                                        |         +|   0|  0|  23|          16|          16|
    |add_ln5955_fu_254_p2                                          |         +|   0|  0|  23|          16|           1|
    |add_ln5992_1_fu_393_p2                                        |         +|   0|  0|  21|          14|          14|
    |add_ln5992_fu_370_p2                                          |         +|   0|  0|  21|          14|          14|
    |add_ln6002_1_fu_427_p2                                        |         +|   0|  0|  71|          64|          64|
    |add_ln6002_fu_422_p2                                          |         +|   0|  0|  71|          64|          64|
    |add_ln6003_fu_432_p2                                          |         +|   0|  0|  34|          27|          27|
    |end_bank_fu_323_p2                                            |         +|   0|  0|  10|           3|           3|
    |end_sum_fu_317_p2                                             |         +|   0|  0|  12|           4|           4|
    |j_8_fu_404_p2                                                 |         +|   0|  0|  23|          16|           1|
    |sub_i_fu_222_p2                                               |         +|   0|  0|  24|          17|           2|
    |and_ln5991_fu_352_p2                                          |       and|   0|  0|   2|           1|           1|
    |ge_start_fu_335_p2                                            |      icmp|   0|  0|   8|           3|           2|
    |icmp_ln5955_fu_249_p2                                         |      icmp|   0|  0|  13|          16|          16|
    |icmp_ln5958_fu_269_p2                                         |      icmp|   0|  0|  13|          17|          17|
    |icmp_ln5993_fu_376_p2                                         |      icmp|   0|  0|   8|           3|           2|
    |icmp_ln6000_fu_399_p2                                         |      icmp|   0|  0|  13|          16|          16|
    |lt_end_fu_340_p2                                              |      icmp|   0|  0|   8|           3|           2|
    |ap_block_state1                                               |        or|   0|  0|   2|           1|           1|
    |ap_sync_grp_interleaveTileMem2Stream2D_inner_fu_174_ap_done   |        or|   0|  0|   2|           1|           1|
    |ap_sync_grp_interleaveTileMem2Stream2D_inner_fu_174_ap_ready  |        or|   0|  0|   2|           1|           1|
    |or_ln5991_fu_346_p2                                           |        or|   0|  0|   2|           1|           1|
    |extra_fu_358_p3                                               |    select|   0|  0|   2|           1|           1|
    |tile_size_x_fu_274_p3                                         |    select|   0|  0|  16|           1|          16|
    +--------------------------------------------------------------+----------+----+---+----+------------+------------+
    |Total                                                         |          |   0|  0| 445|         334|         290|
    +--------------------------------------------------------------+----------+----+---+----+------------+------------+

    * Multiplexer: 
    +----------------------------+----+-----------+-----+-----------+
    |            Name            | LUT| Input Size| Bits| Total Bits|
    +----------------------------+----+-----------+-----+-----------+
    |ap_NS_fsm                   |  37|          7|    1|          7|
    |ap_done                     |   9|          2|    1|          2|
    |arg0_read_mem_strm_6_write  |   9|          2|    1|          2|
    |arg0_read_mem_strm_7_write  |   9|          2|    1|          2|
    |indvars_iv_i_fu_98          |   9|          2|   16|         32|
    |j_reg_163                   |   9|          2|   16|         32|
    |m_axi_gmem6_ARVALID         |   9|          2|    1|          2|
    |m_axi_gmem6_RREADY          |   9|          2|    1|          2|
    |m_axi_gmem7_ARVALID         |   9|          2|    1|          2|
    |m_axi_gmem7_RREADY          |   9|          2|    1|          2|
    |row_base_reg_154            |   9|          2|   27|         54|
    |tile_x_fu_102               |   9|          2|   16|         32|
    +----------------------------+----+-----------+-----+-----------+
    |Total                       | 136|         29|   83|        171|
    +----------------------------+----+-----------+-----+-----------+

    * Register: 
    +------------------------------------------------------------------+----+----+-----+-----------+
    |                               Name                               | FF | LUT| Bits| Const Bits|
    +------------------------------------------------------------------+----+----+-----+-----------+
    |add_ln5955_reg_518                                                |  16|   0|   16|          0|
    |add_ln5992_1_reg_557                                              |  14|   0|   14|          0|
    |add_ln5992_reg_547                                                |  14|   0|   14|          0|
    |add_ln6002_1_reg_575                                              |  64|   0|   64|          0|
    |add_ln6002_reg_570                                                |  64|   0|   64|          0|
    |add_ln6003_reg_580                                                |  27|   0|   27|          0|
    |ap_CS_fsm                                                         |   6|   0|    6|          0|
    |ap_done_reg                                                       |   1|   0|    1|          0|
    |ap_sync_reg_grp_interleaveTileMem2Stream2D_inner_fu_174_ap_done   |   1|   0|    1|          0|
    |ap_sync_reg_grp_interleaveTileMem2Stream2D_inner_fu_174_ap_ready  |   1|   0|    1|          0|
    |empty_reg_500                                                     |   3|   0|    3|          0|
    |grp_interleaveTileMem2Stream2D_inner_fu_174_ap_start_reg          |   1|   0|    1|          0|
    |icmp_ln5993_reg_552                                               |   1|   0|    1|          0|
    |indvars_iv_i_fu_98                                                |  16|   0|   16|          0|
    |j_8_reg_565                                                       |  16|   0|   16|          0|
    |j_reg_163                                                         |  16|   0|   16|          0|
    |rem_x_reg_531                                                     |   3|   0|    3|          0|
    |row_base_reg_154                                                  |  27|   0|   27|          0|
    |sub_i_reg_505                                                     |  17|   0|   17|          0|
    |tile_offset_x_reg_523                                             |   3|   0|    3|          0|
    |tile_x_fu_102                                                     |  16|   0|   16|          0|
    |trunc_ln_reg_537                                                  |  13|   0|   13|          0|
    |zext_ln5955_reg_510                                               |  11|   0|   27|         16|
    +------------------------------------------------------------------+----+----+-----+-----------+
    |Total                                                             | 351|   0|  367|         16|
    +------------------------------------------------------------------+----+----+-----+-----------+



================================================================
== Interface
================================================================
* Summary: 
+-------------------------------------+-----+-----+------------+----------------------------+--------------+
|              RTL Ports              | Dir | Bits|  Protocol  |        Source Object       |    C Type    |
+-------------------------------------+-----+-----+------------+----------------------------+--------------+
|ap_clk                               |   in|    1|  ap_ctrl_hs|  interleaveTileMem2stream2D|  return value|
|ap_rst                               |   in|    1|  ap_ctrl_hs|  interleaveTileMem2stream2D|  return value|
|ap_start                             |   in|    1|  ap_ctrl_hs|  interleaveTileMem2stream2D|  return value|
|ap_done                              |  out|    1|  ap_ctrl_hs|  interleaveTileMem2stream2D|  return value|
|ap_continue                          |   in|    1|  ap_ctrl_hs|  interleaveTileMem2stream2D|  return value|
|ap_idle                              |  out|    1|  ap_ctrl_hs|  interleaveTileMem2stream2D|  return value|
|ap_ready                             |  out|    1|  ap_ctrl_hs|  interleaveTileMem2stream2D|  return value|
|arg0_read_mem_strm_6_din             |  out|  256|     ap_fifo|        arg0_read_mem_strm_6|       pointer|
|arg0_read_mem_strm_6_num_data_valid  |   in|    5|     ap_fifo|        arg0_read_mem_strm_6|       pointer|
|arg0_read_mem_strm_6_fifo_cap        |   in|    5|     ap_fifo|        arg0_read_mem_strm_6|       pointer|
|arg0_read_mem_strm_6_full_n          |   in|    1|     ap_fifo|        arg0_read_mem_strm_6|       pointer|
|arg0_read_mem_strm_6_write           |  out|    1|     ap_fifo|        arg0_read_mem_strm_6|       pointer|
|arg0_read_mem_strm_7_din             |  out|  256|     ap_fifo|        arg0_read_mem_strm_7|       pointer|
|arg0_read_mem_strm_7_num_data_valid  |   in|    5|     ap_fifo|        arg0_read_mem_strm_7|       pointer|
|arg0_read_mem_strm_7_fifo_cap        |   in|    5|     ap_fifo|        arg0_read_mem_strm_7|       pointer|
|arg0_read_mem_strm_7_full_n          |   in|    1|     ap_fifo|        arg0_read_mem_strm_7|       pointer|
|arg0_read_mem_strm_7_write           |  out|    1|     ap_fifo|        arg0_read_mem_strm_7|       pointer|
|p_read                               |   in|   13|     ap_none|                      p_read|        scalar|
|p_read1                              |   in|   16|     ap_none|                     p_read1|        scalar|
|p_read2                              |   in|   16|     ap_none|                     p_read2|        scalar|
|p_read3                              |   in|   16|     ap_none|                     p_read3|        scalar|
|p_read4                              |   in|   16|     ap_none|                     p_read4|        scalar|
|p_read5                              |   in|   16|     ap_none|                     p_read5|        scalar|
|m_axi_gmem6_AWVALID                  |  out|    1|       m_axi|                       gmem6|       pointer|
|m_axi_gmem6_AWREADY                  |   in|    1|       m_axi|                       gmem6|       pointer|
|m_axi_gmem6_AWADDR                   |  out|   64|       m_axi|                       gmem6|       pointer|
|m_axi_gmem6_AWID                     |  out|    1|       m_axi|                       gmem6|       pointer|
|m_axi_gmem6_AWLEN                    |  out|   32|       m_axi|                       gmem6|       pointer|
|m_axi_gmem6_AWSIZE                   |  out|    3|       m_axi|                       gmem6|       pointer|
|m_axi_gmem6_AWBURST                  |  out|    2|       m_axi|                       gmem6|       pointer|
|m_axi_gmem6_AWLOCK                   |  out|    2|       m_axi|                       gmem6|       pointer|
|m_axi_gmem6_AWCACHE                  |  out|    4|       m_axi|                       gmem6|       pointer|
|m_axi_gmem6_AWPROT                   |  out|    3|       m_axi|                       gmem6|       pointer|
|m_axi_gmem6_AWQOS                    |  out|    4|       m_axi|                       gmem6|       pointer|
|m_axi_gmem6_AWREGION                 |  out|    4|       m_axi|                       gmem6|       pointer|
|m_axi_gmem6_AWUSER                   |  out|    1|       m_axi|                       gmem6|       pointer|
|m_axi_gmem6_WVALID                   |  out|    1|       m_axi|                       gmem6|       pointer|
|m_axi_gmem6_WREADY                   |   in|    1|       m_axi|                       gmem6|       pointer|
|m_axi_gmem6_WDATA                    |  out|  256|       m_axi|                       gmem6|       pointer|
|m_axi_gmem6_WSTRB                    |  out|   32|       m_axi|                       gmem6|       pointer|
|m_axi_gmem6_WLAST                    |  out|    1|       m_axi|                       gmem6|       pointer|
|m_axi_gmem6_WID                      |  out|    1|       m_axi|                       gmem6|       pointer|
|m_axi_gmem6_WUSER                    |  out|    1|       m_axi|                       gmem6|       pointer|
|m_axi_gmem6_ARVALID                  |  out|    1|       m_axi|                       gmem6|       pointer|
|m_axi_gmem6_ARREADY                  |   in|    1|       m_axi|                       gmem6|       pointer|
|m_axi_gmem6_ARADDR                   |  out|   64|       m_axi|                       gmem6|       pointer|
|m_axi_gmem6_ARID                     |  out|    1|       m_axi|                       gmem6|       pointer|
|m_axi_gmem6_ARLEN                    |  out|   32|       m_axi|                       gmem6|       pointer|
|m_axi_gmem6_ARSIZE                   |  out|    3|       m_axi|                       gmem6|       pointer|
|m_axi_gmem6_ARBURST                  |  out|    2|       m_axi|                       gmem6|       pointer|
|m_axi_gmem6_ARLOCK                   |  out|    2|       m_axi|                       gmem6|       pointer|
|m_axi_gmem6_ARCACHE                  |  out|    4|       m_axi|                       gmem6|       pointer|
|m_axi_gmem6_ARPROT                   |  out|    3|       m_axi|                       gmem6|       pointer|
|m_axi_gmem6_ARQOS                    |  out|    4|       m_axi|                       gmem6|       pointer|
|m_axi_gmem6_ARREGION                 |  out|    4|       m_axi|                       gmem6|       pointer|
|m_axi_gmem6_ARUSER                   |  out|    1|       m_axi|                       gmem6|       pointer|
|m_axi_gmem6_RVALID                   |   in|    1|       m_axi|                       gmem6|       pointer|
|m_axi_gmem6_RREADY                   |  out|    1|       m_axi|                       gmem6|       pointer|
|m_axi_gmem6_RDATA                    |   in|  256|       m_axi|                       gmem6|       pointer|
|m_axi_gmem6_RLAST                    |   in|    1|       m_axi|                       gmem6|       pointer|
|m_axi_gmem6_RID                      |   in|    1|       m_axi|                       gmem6|       pointer|
|m_axi_gmem6_RFIFONUM                 |   in|    7|       m_axi|                       gmem6|       pointer|
|m_axi_gmem6_RUSER                    |   in|    1|       m_axi|                       gmem6|       pointer|
|m_axi_gmem6_RRESP                    |   in|    2|       m_axi|                       gmem6|       pointer|
|m_axi_gmem6_BVALID                   |   in|    1|       m_axi|                       gmem6|       pointer|
|m_axi_gmem6_BREADY                   |  out|    1|       m_axi|                       gmem6|       pointer|
|m_axi_gmem6_BRESP                    |   in|    2|       m_axi|                       gmem6|       pointer|
|m_axi_gmem6_BID                      |   in|    1|       m_axi|                       gmem6|       pointer|
|m_axi_gmem6_BUSER                    |   in|    1|       m_axi|                       gmem6|       pointer|
|arg0_b6                              |   in|   64|     ap_none|                     arg0_b6|        scalar|
|m_axi_gmem7_AWVALID                  |  out|    1|       m_axi|                       gmem7|       pointer|
|m_axi_gmem7_AWREADY                  |   in|    1|       m_axi|                       gmem7|       pointer|
|m_axi_gmem7_AWADDR                   |  out|   64|       m_axi|                       gmem7|       pointer|
|m_axi_gmem7_AWID                     |  out|    1|       m_axi|                       gmem7|       pointer|
|m_axi_gmem7_AWLEN                    |  out|   32|       m_axi|                       gmem7|       pointer|
|m_axi_gmem7_AWSIZE                   |  out|    3|       m_axi|                       gmem7|       pointer|
|m_axi_gmem7_AWBURST                  |  out|    2|       m_axi|                       gmem7|       pointer|
|m_axi_gmem7_AWLOCK                   |  out|    2|       m_axi|                       gmem7|       pointer|
|m_axi_gmem7_AWCACHE                  |  out|    4|       m_axi|                       gmem7|       pointer|
|m_axi_gmem7_AWPROT                   |  out|    3|       m_axi|                       gmem7|       pointer|
|m_axi_gmem7_AWQOS                    |  out|    4|       m_axi|                       gmem7|       pointer|
|m_axi_gmem7_AWREGION                 |  out|    4|       m_axi|                       gmem7|       pointer|
|m_axi_gmem7_AWUSER                   |  out|    1|       m_axi|                       gmem7|       pointer|
|m_axi_gmem7_WVALID                   |  out|    1|       m_axi|                       gmem7|       pointer|
|m_axi_gmem7_WREADY                   |   in|    1|       m_axi|                       gmem7|       pointer|
|m_axi_gmem7_WDATA                    |  out|  256|       m_axi|                       gmem7|       pointer|
|m_axi_gmem7_WSTRB                    |  out|   32|       m_axi|                       gmem7|       pointer|
|m_axi_gmem7_WLAST                    |  out|    1|       m_axi|                       gmem7|       pointer|
|m_axi_gmem7_WID                      |  out|    1|       m_axi|                       gmem7|       pointer|
|m_axi_gmem7_WUSER                    |  out|    1|       m_axi|                       gmem7|       pointer|
|m_axi_gmem7_ARVALID                  |  out|    1|       m_axi|                       gmem7|       pointer|
|m_axi_gmem7_ARREADY                  |   in|    1|       m_axi|                       gmem7|       pointer|
|m_axi_gmem7_ARADDR                   |  out|   64|       m_axi|                       gmem7|       pointer|
|m_axi_gmem7_ARID                     |  out|    1|       m_axi|                       gmem7|       pointer|
|m_axi_gmem7_ARLEN                    |  out|   32|       m_axi|                       gmem7|       pointer|
|m_axi_gmem7_ARSIZE                   |  out|    3|       m_axi|                       gmem7|       pointer|
|m_axi_gmem7_ARBURST                  |  out|    2|       m_axi|                       gmem7|       pointer|
|m_axi_gmem7_ARLOCK                   |  out|    2|       m_axi|                       gmem7|       pointer|
|m_axi_gmem7_ARCACHE                  |  out|    4|       m_axi|                       gmem7|       pointer|
|m_axi_gmem7_ARPROT                   |  out|    3|       m_axi|                       gmem7|       pointer|
|m_axi_gmem7_ARQOS                    |  out|    4|       m_axi|                       gmem7|       pointer|
|m_axi_gmem7_ARREGION                 |  out|    4|       m_axi|                       gmem7|       pointer|
|m_axi_gmem7_ARUSER                   |  out|    1|       m_axi|                       gmem7|       pointer|
|m_axi_gmem7_RVALID                   |   in|    1|       m_axi|                       gmem7|       pointer|
|m_axi_gmem7_RREADY                   |  out|    1|       m_axi|                       gmem7|       pointer|
|m_axi_gmem7_RDATA                    |   in|  256|       m_axi|                       gmem7|       pointer|
|m_axi_gmem7_RLAST                    |   in|    1|       m_axi|                       gmem7|       pointer|
|m_axi_gmem7_RID                      |   in|    1|       m_axi|                       gmem7|       pointer|
|m_axi_gmem7_RFIFONUM                 |   in|    7|       m_axi|                       gmem7|       pointer|
|m_axi_gmem7_RUSER                    |   in|    1|       m_axi|                       gmem7|       pointer|
|m_axi_gmem7_RRESP                    |   in|    2|       m_axi|                       gmem7|       pointer|
|m_axi_gmem7_BVALID                   |   in|    1|       m_axi|                       gmem7|       pointer|
|m_axi_gmem7_BREADY                   |  out|    1|       m_axi|                       gmem7|       pointer|
|m_axi_gmem7_BRESP                    |   in|    2|       m_axi|                       gmem7|       pointer|
|m_axi_gmem7_BID                      |   in|    1|       m_axi|                       gmem7|       pointer|
|m_axi_gmem7_BUSER                    |   in|    1|       m_axi|                       gmem7|       pointer|
|arg0_b7                              |   in|   64|     ap_none|                     arg0_b7|        scalar|
+-------------------------------------+-----+-----+------------+----------------------------+--------------+

============================================================
+ Verbose Summary: Synthesis Manager
============================================================
InlineROM: 1
ExposeGlobal: 0
============================================================
+ Verbose Summary: CDFG Model
============================================================
IsTopModel: 0
ResetActiveHigh: 1
IsCombinational: 2
IsDatapathOnly: 0
HasWiredReturn: 1
HasMFsm: 0
HasVarLatency: 1
IsPipeline: 0
IsRtlPipelined: 0
IsInstanceOverlapped: 0
IsDontTouch: 0
HasImplIP: 0
IsGatedGlobalClock: 0


============================================================
+ Verbose Summary: Schedule
============================================================
* Number of FSM states : 6
* Pipeline : 0
* Dataflow Pipeline: 0

* FSM state transitions: 
1 --> 2 
2 --> 3 
3 --> 4 
4 --> 5 2 
5 --> 6 
6 --> 4 

* FSM state operations: 

State 1 <SV = 0> <Delay = 0.78>
ST_1 : Operation 7 [1/1] (0.00ns)   --->   "%indvars_iv_i = alloca i32 1"   --->   Operation 7 'alloca' 'indvars_iv_i' <Predicate = true> <Delay = 0.00>
ST_1 : Operation 8 [1/1] (0.00ns)   --->   "%tile_x = alloca i32 1"   --->   Operation 8 'alloca' 'tile_x' <Predicate = true> <Delay = 0.00>
ST_1 : Operation 9 [1/1] (0.00ns)   --->   "%arg0_b7_read = read i64 @_ssdm_op_Read.ap_auto.i64, i64 %arg0_b7"   --->   Operation 9 'read' 'arg0_b7_read' <Predicate = true> <Delay = 0.00>
ST_1 : Operation 10 [1/1] (0.00ns)   --->   "%arg0_b6_read = read i64 @_ssdm_op_Read.ap_auto.i64, i64 %arg0_b6"   --->   Operation 10 'read' 'arg0_b6_read' <Predicate = true> <Delay = 0.00>
ST_1 : Operation 11 [1/1] (0.00ns)   --->   "%p_read511 = read i16 @_ssdm_op_Read.ap_auto.i16, i16 %p_read5"   --->   Operation 11 'read' 'p_read511' <Predicate = true> <Delay = 0.00>
ST_1 : Operation 12 [1/1] (0.00ns)   --->   "%p_read410 = read i16 @_ssdm_op_Read.ap_auto.i16, i16 %p_read4"   --->   Operation 12 'read' 'p_read410' <Predicate = true> <Delay = 0.00>
ST_1 : Operation 13 [1/1] (0.00ns)   --->   "%p_read39 = read i16 @_ssdm_op_Read.ap_auto.i16, i16 %p_read3"   --->   Operation 13 'read' 'p_read39' <Predicate = true> <Delay = 0.00>
ST_1 : Operation 14 [1/1] (0.00ns)   --->   "%p_read28 = read i16 @_ssdm_op_Read.ap_auto.i16, i16 %p_read2"   --->   Operation 14 'read' 'p_read28' <Predicate = true> <Delay = 0.00>
ST_1 : Operation 15 [1/1] (0.00ns)   --->   "%p_read17 = read i16 @_ssdm_op_Read.ap_auto.i16, i16 %p_read1"   --->   Operation 15 'read' 'p_read17' <Predicate = true> <Delay = 0.00>
ST_1 : Operation 16 [1/1] (0.00ns)   --->   "%p_read_36 = read i13 @_ssdm_op_Read.ap_auto.i13, i13 %p_read"   --->   Operation 16 'read' 'p_read_36' <Predicate = true> <Delay = 0.00>
ST_1 : Operation 17 [1/1] (0.00ns)   --->   "%empty = trunc i16 %p_read410"   --->   Operation 17 'trunc' 'empty' <Predicate = true> <Delay = 0.00>
ST_1 : Operation 18 [1/1] (0.00ns)   --->   "%specinterface_ln0 = specinterface void @_ssdm_op_SpecInterface, i256 %arg0_read_mem_strm_7, void @empty_47, i32 0, i32 0, void @empty_49, i32 0, i32 0, void @empty_49, void @empty_49, void @empty_49, i32 0, i32 0, i32 0, i32 0, void @empty_49, void @empty_49, i32 4294967295, i32 0"   --->   Operation 18 'specinterface' 'specinterface_ln0' <Predicate = true> <Delay = 0.00>
ST_1 : Operation 19 [1/1] (0.00ns)   --->   "%specinterface_ln0 = specinterface void @_ssdm_op_SpecInterface, i256 %arg0_read_mem_strm_6, void @empty_47, i32 0, i32 0, void @empty_49, i32 0, i32 0, void @empty_49, void @empty_49, void @empty_49, i32 0, i32 0, i32 0, i32 0, void @empty_49, void @empty_49, i32 4294967295, i32 0"   --->   Operation 19 'specinterface' 'specinterface_ln0' <Predicate = true> <Delay = 0.00>
ST_1 : Operation 20 [1/1] (0.00ns)   --->   "%specinterface_ln0 = specinterface void @_ssdm_op_SpecInterface, i256 %gmem6, void @empty_58, i32 0, i32 0, void @empty_49, i32 40, i32 8192, void @empty_77, void @empty_51, void @empty_49, i32 4, i32 4, i32 16, i32 16, void @empty_49, void @empty_49, i32 4294967295, i32 0"   --->   Operation 20 'specinterface' 'specinterface_ln0' <Predicate = true> <Delay = 0.00>
ST_1 : Operation 21 [1/1] (0.00ns)   --->   "%specinterface_ln0 = specinterface void @_ssdm_op_SpecInterface, i256 %gmem7, void @empty_58, i32 0, i32 0, void @empty_49, i32 40, i32 8192, void @empty_66, void @empty_51, void @empty_49, i32 4, i32 4, i32 16, i32 16, void @empty_49, void @empty_49, i32 4294967295, i32 0"   --->   Operation 21 'specinterface' 'specinterface_ln0' <Predicate = true> <Delay = 0.00>
ST_1 : Operation 22 [1/1] (0.00ns)   --->   "%zext_ln5952 = zext i13 %p_read_36" [/home/x_thileeb/repos/ops-hls-batching-new/OPS/ops/hls/include/device/../../L1/include/ops_hls_datamover.hpp:5952->/home/x_thileeb/repos/ops-hls-batching-new/codegen_apps/tiling/poisson2d/u280_project/maxtile_8192_unalign_interleave_p7/hls/device/src/datamover_outerloop_0.cpp:225]   --->   Operation 22 'zext' 'zext_ln5952' <Predicate = true> <Delay = 0.00>
ST_1 : Operation 23 [1/1] (0.75ns)   --->   "%add_ln5952 = add i14 %zext_ln5952, i14 7" [/home/x_thileeb/repos/ops-hls-batching-new/OPS/ops/hls/include/device/../../L1/include/ops_hls_datamover.hpp:5952->/home/x_thileeb/repos/ops-hls-batching-new/codegen_apps/tiling/poisson2d/u280_project/maxtile_8192_unalign_interleave_p7/hls/device/src/datamover_outerloop_0.cpp:225]   --->   Operation 23 'add' 'add_ln5952' <Predicate = true> <Delay = 0.75> <CoreInst = "Adder">   --->   Core 1 'Adder' <Latency = 0> <II = 1> <Delay = 0.76> <FuncUnit> <Opcode : 'add' 'sub'> <InPorts = 2> <OutPorts = 1>
ST_1 : Operation 24 [1/1] (0.00ns)   --->   "%lshr_ln = partselect i11 @_ssdm_op_PartSelect.i11.i14.i32.i32, i14 %add_ln5952, i32 3, i32 13" [/home/x_thileeb/repos/ops-hls-batching-new/OPS/ops/hls/include/device/../../L1/include/ops_hls_datamover.hpp:5952->/home/x_thileeb/repos/ops-hls-batching-new/codegen_apps/tiling/poisson2d/u280_project/maxtile_8192_unalign_interleave_p7/hls/device/src/datamover_outerloop_0.cpp:225]   --->   Operation 24 'partselect' 'lshr_ln' <Predicate = true> <Delay = 0.00>
ST_1 : Operation 25 [1/1] (0.00ns)   --->   "%config_tile_count_x_cast_i = zext i16 %p_read28"   --->   Operation 25 'zext' 'config_tile_count_x_cast_i' <Predicate = true> <Delay = 0.00>
ST_1 : Operation 26 [1/1] (0.78ns)   --->   "%sub_i = add i17 %config_tile_count_x_cast_i, i17 131071"   --->   Operation 26 'add' 'sub_i' <Predicate = true> <Delay = 0.78> <CoreInst = "Adder">   --->   Core 1 'Adder' <Latency = 0> <II = 1> <Delay = 0.79> <FuncUnit> <Opcode : 'add' 'sub'> <InPorts = 2> <OutPorts = 1>
ST_1 : Operation 27 [1/1] (0.00ns)   --->   "%zext_ln5955 = zext i11 %lshr_ln" [/home/x_thileeb/repos/ops-hls-batching-new/OPS/ops/hls/include/device/../../L1/include/ops_hls_datamover.hpp:5955->/home/x_thileeb/repos/ops-hls-batching-new/codegen_apps/tiling/poisson2d/u280_project/maxtile_8192_unalign_interleave_p7/hls/device/src/datamover_outerloop_0.cpp:225]   --->   Operation 27 'zext' 'zext_ln5955' <Predicate = true> <Delay = 0.00>
ST_1 : Operation 28 [1/1] (0.38ns)   --->   "%store_ln5955 = store i16 0, i16 %tile_x" [/home/x_thileeb/repos/ops-hls-batching-new/OPS/ops/hls/include/device/../../L1/include/ops_hls_datamover.hpp:5955->/home/x_thileeb/repos/ops-hls-batching-new/codegen_apps/tiling/poisson2d/u280_project/maxtile_8192_unalign_interleave_p7/hls/device/src/datamover_outerloop_0.cpp:225]   --->   Operation 28 'store' 'store_ln5955' <Predicate = true> <Delay = 0.38>
ST_1 : Operation 29 [1/1] (0.38ns)   --->   "%store_ln5955 = store i16 0, i16 %indvars_iv_i" [/home/x_thileeb/repos/ops-hls-batching-new/OPS/ops/hls/include/device/../../L1/include/ops_hls_datamover.hpp:5955->/home/x_thileeb/repos/ops-hls-batching-new/codegen_apps/tiling/poisson2d/u280_project/maxtile_8192_unalign_interleave_p7/hls/device/src/datamover_outerloop_0.cpp:225]   --->   Operation 29 'store' 'store_ln5955' <Predicate = true> <Delay = 0.38>
ST_1 : Operation 30 [1/1] (0.00ns)   --->   "%br_ln5955 = br void %for.body.i" [/home/x_thileeb/repos/ops-hls-batching-new/OPS/ops/hls/include/device/../../L1/include/ops_hls_datamover.hpp:5955->/home/x_thileeb/repos/ops-hls-batching-new/codegen_apps/tiling/poisson2d/u280_project/maxtile_8192_unalign_interleave_p7/hls/device/src/datamover_outerloop_0.cpp:225]   --->   Operation 30 'br' 'br_ln5955' <Predicate = true> <Delay = 0.00>

State 2 <SV = 1> <Delay = 0.93>
ST_2 : Operation 31 [1/1] (0.00ns)   --->   "%tile_x_11 = load i16 %tile_x" [/home/x_thileeb/repos/ops-hls-batching-new/OPS/ops/hls/include/device/../../L1/include/ops_hls_datamover.hpp:5957->/home/x_thileeb/repos/ops-hls-batching-new/codegen_apps/tiling/poisson2d/u280_project/maxtile_8192_unalign_interleave_p7/hls/device/src/datamover_outerloop_0.cpp:225]   --->   Operation 31 'load' 'tile_x_11' <Predicate = true> <Delay = 0.00>
ST_2 : Operation 32 [1/1] (0.00ns)   --->   "%zext_ln5955_1 = zext i16 %tile_x_11" [/home/x_thileeb/repos/ops-hls-batching-new/OPS/ops/hls/include/device/../../L1/include/ops_hls_datamover.hpp:5955->/home/x_thileeb/repos/ops-hls-batching-new/codegen_apps/tiling/poisson2d/u280_project/maxtile_8192_unalign_interleave_p7/hls/device/src/datamover_outerloop_0.cpp:225]   --->   Operation 32 'zext' 'zext_ln5955_1' <Predicate = true> <Delay = 0.00>
ST_2 : Operation 33 [1/1] (0.67ns)   --->   "%icmp_ln5955 = icmp_eq  i16 %tile_x_11, i16 %p_read28" [/home/x_thileeb/repos/ops-hls-batching-new/OPS/ops/hls/include/device/../../L1/include/ops_hls_datamover.hpp:5955->/home/x_thileeb/repos/ops-hls-batching-new/codegen_apps/tiling/poisson2d/u280_project/maxtile_8192_unalign_interleave_p7/hls/device/src/datamover_outerloop_0.cpp:225]   --->   Operation 33 'icmp' 'icmp_ln5955' <Predicate = true> <Delay = 0.67> <CoreInst = "Cmp">   --->   Core 9 'Cmp' <Latency = 0> <II = 1> <Delay = 0.67> <FuncUnit> <Opcode : 'icmp'> <InPorts = 2> <OutPorts = 1>
ST_2 : Operation 34 [1/1] (0.00ns)   --->   "%speclooptripcount_ln0 = speclooptripcount void @_ssdm_op_SpecLoopTripCount, i64 0, i64 65535, i64 0"   --->   Operation 34 'speclooptripcount' 'speclooptripcount_ln0' <Predicate = true> <Delay = 0.00>
ST_2 : Operation 35 [1/1] (0.78ns)   --->   "%add_ln5955 = add i16 %tile_x_11, i16 1" [/home/x_thileeb/repos/ops-hls-batching-new/OPS/ops/hls/include/device/../../L1/include/ops_hls_datamover.hpp:5955->/home/x_thileeb/repos/ops-hls-batching-new/codegen_apps/tiling/poisson2d/u280_project/maxtile_8192_unalign_interleave_p7/hls/device/src/datamover_outerloop_0.cpp:225]   --->   Operation 35 'add' 'add_ln5955' <Predicate = true> <Delay = 0.78> <CoreInst = "Adder">   --->   Core 1 'Adder' <Latency = 0> <II = 1> <Delay = 0.78> <FuncUnit> <Opcode : 'add' 'sub'> <InPorts = 2> <OutPorts = 1>
ST_2 : Operation 36 [1/1] (0.00ns)   --->   "%br_ln5955 = br i1 %icmp_ln5955, void %for.body.split.i, void %interleaveTileMem2stream2D<(unsigned short)256, (unsigned short)8, (unsigned short)6, (unsigned short)2, (unsigned short)1, ap_uint<256>, ap_uint<256> >.exit" [/home/x_thileeb/repos/ops-hls-batching-new/OPS/ops/hls/include/device/../../L1/include/ops_hls_datamover.hpp:5955->/home/x_thileeb/repos/ops-hls-batching-new/codegen_apps/tiling/poisson2d/u280_project/maxtile_8192_unalign_interleave_p7/hls/device/src/datamover_outerloop_0.cpp:225]   --->   Operation 36 'br' 'br_ln5955' <Predicate = true> <Delay = 0.00>
ST_2 : Operation 37 [1/1] (0.00ns)   --->   "%trunc_ln5957 = trunc i16 %tile_x_11" [/home/x_thileeb/repos/ops-hls-batching-new/OPS/ops/hls/include/device/../../L1/include/ops_hls_datamover.hpp:5957->/home/x_thileeb/repos/ops-hls-batching-new/codegen_apps/tiling/poisson2d/u280_project/maxtile_8192_unalign_interleave_p7/hls/device/src/datamover_outerloop_0.cpp:225]   --->   Operation 37 'trunc' 'trunc_ln5957' <Predicate = (!icmp_ln5955)> <Delay = 0.00>
ST_2 : Operation 38 [1/1] (0.45ns)   --->   "%tile_offset_x = mul i3 %trunc_ln5957, i3 %empty" [/home/x_thileeb/repos/ops-hls-batching-new/OPS/ops/hls/include/device/../../L1/include/ops_hls_datamover.hpp:5957->/home/x_thileeb/repos/ops-hls-batching-new/codegen_apps/tiling/poisson2d/u280_project/maxtile_8192_unalign_interleave_p7/hls/device/src/datamover_outerloop_0.cpp:225]   --->   Operation 38 'mul' 'tile_offset_x' <Predicate = (!icmp_ln5955)> <Delay = 0.45> <CoreInst = "Multiplier">   --->   Core 3 'Multiplier' <Latency = 0> <II = 1> <Delay = 0.45> <FuncUnit> <Opcode : 'mul'> <InPorts = 2> <OutPorts = 1>
ST_2 : Operation 39 [1/1] (0.68ns)   --->   "%icmp_ln5958 = icmp_eq  i17 %sub_i, i17 %zext_ln5955_1" [/home/x_thileeb/repos/ops-hls-batching-new/OPS/ops/hls/include/device/../../L1/include/ops_hls_datamover.hpp:5958->/home/x_thileeb/repos/ops-hls-batching-new/codegen_apps/tiling/poisson2d/u280_project/maxtile_8192_unalign_interleave_p7/hls/device/src/datamover_outerloop_0.cpp:225]   --->   Operation 39 'icmp' 'icmp_ln5958' <Predicate = (!icmp_ln5955)> <Delay = 0.68> <CoreInst = "Cmp">   --->   Core 9 'Cmp' <Latency = 0> <II = 1> <Delay = 0.68> <FuncUnit> <Opcode : 'icmp'> <InPorts = 2> <OutPorts = 1>
ST_2 : Operation 40 [1/1] (0.24ns)   --->   "%tile_size_x = select i1 %icmp_ln5958, i16 %p_read511, i16 %p_read39" [/home/x_thileeb/repos/ops-hls-batching-new/OPS/ops/hls/include/device/../../L1/include/ops_hls_datamover.hpp:5958->/home/x_thileeb/repos/ops-hls-batching-new/codegen_apps/tiling/poisson2d/u280_project/maxtile_8192_unalign_interleave_p7/hls/device/src/datamover_outerloop_0.cpp:225]   --->   Operation 40 'select' 'tile_size_x' <Predicate = (!icmp_ln5955)> <Delay = 0.24> <CoreInst = "Sel">   --->   Core 73 'Sel' <Latency = 0> <II = 1> <Delay = 0.24> <FuncUnit> <Opcode : 'select'> <InPorts = 3> <OutPorts = 1>
ST_2 : Operation 41 [1/1] (0.00ns)   --->   "%rem_x = trunc i16 %tile_size_x" [/home/x_thileeb/repos/ops-hls-batching-new/OPS/ops/hls/include/device/../../L1/include/ops_hls_datamover.hpp:5958->/home/x_thileeb/repos/ops-hls-batching-new/codegen_apps/tiling/poisson2d/u280_project/maxtile_8192_unalign_interleave_p7/hls/device/src/datamover_outerloop_0.cpp:225]   --->   Operation 41 'trunc' 'rem_x' <Predicate = (!icmp_ln5955)> <Delay = 0.00>
ST_2 : Operation 42 [1/1] (0.00ns)   --->   "%trunc_ln = partselect i13 @_ssdm_op_PartSelect.i13.i16.i32.i32, i16 %tile_size_x, i32 3, i32 15" [/home/x_thileeb/repos/ops-hls-batching-new/OPS/ops/hls/include/device/../../L1/include/ops_hls_datamover.hpp:5963->/home/x_thileeb/repos/ops-hls-batching-new/codegen_apps/tiling/poisson2d/u280_project/maxtile_8192_unalign_interleave_p7/hls/device/src/datamover_outerloop_0.cpp:225]   --->   Operation 42 'partselect' 'trunc_ln' <Predicate = (!icmp_ln5955)> <Delay = 0.00>
ST_2 : Operation 43 [1/1] (0.00ns)   --->   "%ret_ln225 = ret" [/home/x_thileeb/repos/ops-hls-batching-new/codegen_apps/tiling/poisson2d/u280_project/maxtile_8192_unalign_interleave_p7/hls/device/src/datamover_outerloop_0.cpp:225]   --->   Operation 43 'ret' 'ret_ln225' <Predicate = (icmp_ln5955)> <Delay = 0.00>

State 3 <SV = 2> <Delay = 1.82>
ST_3 : Operation 44 [1/1] (0.00ns)   --->   "%indvars_iv_i_load_3 = load i16 %indvars_iv_i" [/home/x_thileeb/repos/ops-hls-batching-new/OPS/ops/hls/include/device/../../L1/include/ops_hls_datamover.hpp:5957->/home/x_thileeb/repos/ops-hls-batching-new/codegen_apps/tiling/poisson2d/u280_project/maxtile_8192_unalign_interleave_p7/hls/device/src/datamover_outerloop_0.cpp:225]   --->   Operation 44 'load' 'indvars_iv_i_load_3' <Predicate = true> <Delay = 0.00>
ST_3 : Operation 45 [1/1] (0.00ns)   --->   "%specloopname_ln5955 = specloopname void @_ssdm_op_SpecLoopName, void @empty_28" [/home/x_thileeb/repos/ops-hls-batching-new/OPS/ops/hls/include/device/../../L1/include/ops_hls_datamover.hpp:5955->/home/x_thileeb/repos/ops-hls-batching-new/codegen_apps/tiling/poisson2d/u280_project/maxtile_8192_unalign_interleave_p7/hls/device/src/datamover_outerloop_0.cpp:225]   --->   Operation 45 'specloopname' 'specloopname_ln5955' <Predicate = true> <Delay = 0.00>
ST_3 : Operation 46 [1/1] (0.00ns)   --->   "%lshr_ln1 = partselect i13 @_ssdm_op_PartSelect.i13.i16.i32.i32, i16 %indvars_iv_i_load_3, i32 3, i32 15" [/home/x_thileeb/repos/ops-hls-batching-new/OPS/ops/hls/include/device/../../L1/include/ops_hls_datamover.hpp:5957->/home/x_thileeb/repos/ops-hls-batching-new/codegen_apps/tiling/poisson2d/u280_project/maxtile_8192_unalign_interleave_p7/hls/device/src/datamover_outerloop_0.cpp:225]   --->   Operation 46 'partselect' 'lshr_ln1' <Predicate = true> <Delay = 0.00>
ST_3 : Operation 47 [1/1] (0.00ns)   --->   "%zext_ln5957 = zext i13 %lshr_ln1" [/home/x_thileeb/repos/ops-hls-batching-new/OPS/ops/hls/include/device/../../L1/include/ops_hls_datamover.hpp:5957->/home/x_thileeb/repos/ops-hls-batching-new/codegen_apps/tiling/poisson2d/u280_project/maxtile_8192_unalign_interleave_p7/hls/device/src/datamover_outerloop_0.cpp:225]   --->   Operation 47 'zext' 'zext_ln5957' <Predicate = true> <Delay = 0.00>
ST_3 : Operation 48 [1/1] (0.00ns)   --->   "%zext_ln5963 = zext i13 %trunc_ln" [/home/x_thileeb/repos/ops-hls-batching-new/OPS/ops/hls/include/device/../../L1/include/ops_hls_datamover.hpp:5963->/home/x_thileeb/repos/ops-hls-batching-new/codegen_apps/tiling/poisson2d/u280_project/maxtile_8192_unalign_interleave_p7/hls/device/src/datamover_outerloop_0.cpp:225]   --->   Operation 48 'zext' 'zext_ln5963' <Predicate = true> <Delay = 0.00>
ST_3 : Operation 49 [1/1] (0.00ns)   --->   "%zext_ln5964 = zext i3 %rem_x" [/home/x_thileeb/repos/ops-hls-batching-new/OPS/ops/hls/include/device/../../L1/include/ops_hls_datamover.hpp:5964->/home/x_thileeb/repos/ops-hls-batching-new/codegen_apps/tiling/poisson2d/u280_project/maxtile_8192_unalign_interleave_p7/hls/device/src/datamover_outerloop_0.cpp:225]   --->   Operation 49 'zext' 'zext_ln5964' <Predicate = true> <Delay = 0.00>
ST_3 : Operation 50 [1/1] (0.00ns)   --->   "%zext_ln5980 = zext i3 %tile_offset_x" [/home/x_thileeb/repos/ops-hls-batching-new/OPS/ops/hls/include/device/../../L1/include/ops_hls_datamover.hpp:5980->/home/x_thileeb/repos/ops-hls-batching-new/codegen_apps/tiling/poisson2d/u280_project/maxtile_8192_unalign_interleave_p7/hls/device/src/datamover_outerloop_0.cpp:225]   --->   Operation 50 'zext' 'zext_ln5980' <Predicate = true> <Delay = 0.00>
ST_3 : Operation 51 [1/1] (0.57ns)   --->   "%end_sum = add i4 %zext_ln5980, i4 %zext_ln5964" [/home/x_thileeb/repos/ops-hls-batching-new/OPS/ops/hls/include/device/../../L1/include/ops_hls_datamover.hpp:5981->/home/x_thileeb/repos/ops-hls-batching-new/codegen_apps/tiling/poisson2d/u280_project/maxtile_8192_unalign_interleave_p7/hls/device/src/datamover_outerloop_0.cpp:225]   --->   Operation 51 'add' 'end_sum' <Predicate = true> <Delay = 0.57> <CoreInst = "Adder">   --->   Core 1 'Adder' <Latency = 0> <II = 1> <Delay = 0.70> <FuncUnit> <Opcode : 'add' 'sub'> <InPorts = 2> <OutPorts = 1>
ST_3 : Operation 52 [1/1] (0.57ns)   --->   "%end_bank = add i3 %tile_offset_x, i3 %rem_x" [/home/x_thileeb/repos/ops-hls-batching-new/OPS/ops/hls/include/device/../../L1/include/ops_hls_datamover.hpp:5982->/home/x_thileeb/repos/ops-hls-batching-new/codegen_apps/tiling/poisson2d/u280_project/maxtile_8192_unalign_interleave_p7/hls/device/src/datamover_outerloop_0.cpp:225]   --->   Operation 52 'add' 'end_bank' <Predicate = true> <Delay = 0.57> <CoreInst = "Adder">   --->   Core 1 'Adder' <Latency = 0> <II = 1> <Delay = 0.57> <FuncUnit> <Opcode : 'add' 'sub'> <InPorts = 2> <OutPorts = 1>
ST_3 : Operation 53 [1/1] (0.00ns) (grouped into LUT with out node add_ln5992)   --->   "%wrapped = bitselect i1 @_ssdm_op_BitSelect.i1.i4.i32, i4 %end_sum, i32 3" [/home/x_thileeb/repos/ops-hls-batching-new/OPS/ops/hls/include/device/../../L1/include/ops_hls_datamover.hpp:5983->/home/x_thileeb/repos/ops-hls-batching-new/codegen_apps/tiling/poisson2d/u280_project/maxtile_8192_unalign_interleave_p7/hls/device/src/datamover_outerloop_0.cpp:225]   --->   Operation 53 'bitselect' 'wrapped' <Predicate = true> <Delay = 0.00>
ST_3 : Operation 54 [1/1] (0.49ns)   --->   "%ge_start = icmp_ne  i3 %tile_offset_x, i3 7" [/home/x_thileeb/repos/ops-hls-batching-new/OPS/ops/hls/include/device/../../L1/include/ops_hls_datamover.hpp:5989->/home/x_thileeb/repos/ops-hls-batching-new/codegen_apps/tiling/poisson2d/u280_project/maxtile_8192_unalign_interleave_p7/hls/device/src/datamover_outerloop_0.cpp:225]   --->   Operation 54 'icmp' 'ge_start' <Predicate = true> <Delay = 0.49> <CoreInst = "Cmp">   --->   Core 9 'Cmp' <Latency = 0> <II = 1> <Delay = 0.49> <FuncUnit> <Opcode : 'icmp'> <InPorts = 2> <OutPorts = 1>
ST_3 : Operation 55 [1/1] (0.49ns)   --->   "%lt_end = icmp_eq  i3 %end_bank, i3 7" [/home/x_thileeb/repos/ops-hls-batching-new/OPS/ops/hls/include/device/../../L1/include/ops_hls_datamover.hpp:5990->/home/x_thileeb/repos/ops-hls-batching-new/codegen_apps/tiling/poisson2d/u280_project/maxtile_8192_unalign_interleave_p7/hls/device/src/datamover_outerloop_0.cpp:225]   --->   Operation 55 'icmp' 'lt_end' <Predicate = true> <Delay = 0.49> <CoreInst = "Cmp">   --->   Core 9 'Cmp' <Latency = 0> <II = 1> <Delay = 0.49> <FuncUnit> <Opcode : 'icmp'> <InPorts = 2> <OutPorts = 1>
ST_3 : Operation 56 [1/1] (0.00ns) (grouped into LUT with out node add_ln5992)   --->   "%or_ln5991 = or i1 %ge_start, i1 %lt_end" [/home/x_thileeb/repos/ops-hls-batching-new/OPS/ops/hls/include/device/../../L1/include/ops_hls_datamover.hpp:5991->/home/x_thileeb/repos/ops-hls-batching-new/codegen_apps/tiling/poisson2d/u280_project/maxtile_8192_unalign_interleave_p7/hls/device/src/datamover_outerloop_0.cpp:225]   --->   Operation 56 'or' 'or_ln5991' <Predicate = true> <Delay = 0.00> <CoreInst = "LogicGate">   --->   Core 74 'LogicGate' <Latency = 0> <II = 1> <Delay = 0.12> <FuncUnit> <Opcode : 'and' 'or' 'xor'> <InPorts = 2> <OutPorts = 1>
ST_3 : Operation 57 [1/1] (0.00ns) (grouped into LUT with out node add_ln5992)   --->   "%and_ln5991 = and i1 %ge_start, i1 %lt_end" [/home/x_thileeb/repos/ops-hls-batching-new/OPS/ops/hls/include/device/../../L1/include/ops_hls_datamover.hpp:5991->/home/x_thileeb/repos/ops-hls-batching-new/codegen_apps/tiling/poisson2d/u280_project/maxtile_8192_unalign_interleave_p7/hls/device/src/datamover_outerloop_0.cpp:225]   --->   Operation 57 'and' 'and_ln5991' <Predicate = true> <Delay = 0.00> <CoreInst = "LogicGate">   --->   Core 74 'LogicGate' <Latency = 0> <II = 1> <Delay = 0.12> <FuncUnit> <Opcode : 'and' 'or' 'xor'> <InPorts = 2> <OutPorts = 1>
ST_3 : Operation 58 [1/1] (0.00ns) (grouped into LUT with out node add_ln5992)   --->   "%extra = select i1 %wrapped, i1 %or_ln5991, i1 %and_ln5991" [/home/x_thileeb/repos/ops-hls-batching-new/OPS/ops/hls/include/device/../../L1/include/ops_hls_datamover.hpp:5991->/home/x_thileeb/repos/ops-hls-batching-new/codegen_apps/tiling/poisson2d/u280_project/maxtile_8192_unalign_interleave_p7/hls/device/src/datamover_outerloop_0.cpp:225]   --->   Operation 58 'select' 'extra' <Predicate = true> <Delay = 0.00> <CoreInst = "Sel">   --->   Core 73 'Sel' <Latency = 0> <II = 1> <Delay = 0.27> <FuncUnit> <Opcode : 'select'> <InPorts = 3> <OutPorts = 1>
ST_3 : Operation 59 [1/1] (0.00ns) (grouped into LUT with out node add_ln5992)   --->   "%zext_ln5992 = zext i1 %extra" [/home/x_thileeb/repos/ops-hls-batching-new/OPS/ops/hls/include/device/../../L1/include/ops_hls_datamover.hpp:5992->/home/x_thileeb/repos/ops-hls-batching-new/codegen_apps/tiling/poisson2d/u280_project/maxtile_8192_unalign_interleave_p7/hls/device/src/datamover_outerloop_0.cpp:225]   --->   Operation 59 'zext' 'zext_ln5992' <Predicate = true> <Delay = 0.00>
ST_3 : Operation 60 [1/1] (0.75ns) (out node of the LUT)   --->   "%add_ln5992 = add i14 %zext_ln5963, i14 %zext_ln5992" [/home/x_thileeb/repos/ops-hls-batching-new/OPS/ops/hls/include/device/../../L1/include/ops_hls_datamover.hpp:5992->/home/x_thileeb/repos/ops-hls-batching-new/codegen_apps/tiling/poisson2d/u280_project/maxtile_8192_unalign_interleave_p7/hls/device/src/datamover_outerloop_0.cpp:225]   --->   Operation 60 'add' 'add_ln5992' <Predicate = true> <Delay = 0.75> <CoreInst = "Adder">   --->   Core 1 'Adder' <Latency = 0> <II = 1> <Delay = 0.76> <FuncUnit> <Opcode : 'add' 'sub'> <InPorts = 2> <OutPorts = 1>
ST_3 : Operation 61 [1/1] (0.49ns)   --->   "%icmp_ln5993 = icmp_eq  i3 %tile_offset_x, i3 7" [/home/x_thileeb/repos/ops-hls-batching-new/OPS/ops/hls/include/device/../../L1/include/ops_hls_datamover.hpp:5993->/home/x_thileeb/repos/ops-hls-batching-new/codegen_apps/tiling/poisson2d/u280_project/maxtile_8192_unalign_interleave_p7/hls/device/src/datamover_outerloop_0.cpp:225]   --->   Operation 61 'icmp' 'icmp_ln5993' <Predicate = true> <Delay = 0.49> <CoreInst = "Cmp">   --->   Core 9 'Cmp' <Latency = 0> <II = 1> <Delay = 0.49> <FuncUnit> <Opcode : 'icmp'> <InPorts = 2> <OutPorts = 1>
ST_3 : Operation 62 [1/1] (0.00ns)   --->   "%tmp = bitselect i1 @_ssdm_op_BitSelect.i1.i4.i32, i4 %end_sum, i32 3" [/home/x_thileeb/repos/ops-hls-batching-new/OPS/ops/hls/include/device/../../L1/include/ops_hls_datamover.hpp:5992->/home/x_thileeb/repos/ops-hls-batching-new/codegen_apps/tiling/poisson2d/u280_project/maxtile_8192_unalign_interleave_p7/hls/device/src/datamover_outerloop_0.cpp:225]   --->   Operation 62 'bitselect' 'tmp' <Predicate = true> <Delay = 0.00>
ST_3 : Operation 63 [1/1] (0.00ns)   --->   "%zext_ln5992_1 = zext i1 %tmp" [/home/x_thileeb/repos/ops-hls-batching-new/OPS/ops/hls/include/device/../../L1/include/ops_hls_datamover.hpp:5992->/home/x_thileeb/repos/ops-hls-batching-new/codegen_apps/tiling/poisson2d/u280_project/maxtile_8192_unalign_interleave_p7/hls/device/src/datamover_outerloop_0.cpp:225]   --->   Operation 63 'zext' 'zext_ln5992_1' <Predicate = true> <Delay = 0.00>
ST_3 : Operation 64 [1/1] (0.75ns)   --->   "%add_ln5992_1 = add i14 %zext_ln5963, i14 %zext_ln5992_1" [/home/x_thileeb/repos/ops-hls-batching-new/OPS/ops/hls/include/device/../../L1/include/ops_hls_datamover.hpp:5992->/home/x_thileeb/repos/ops-hls-batching-new/codegen_apps/tiling/poisson2d/u280_project/maxtile_8192_unalign_interleave_p7/hls/device/src/datamover_outerloop_0.cpp:225]   --->   Operation 64 'add' 'add_ln5992_1' <Predicate = true> <Delay = 0.75> <CoreInst = "Adder">   --->   Core 1 'Adder' <Latency = 0> <II = 1> <Delay = 0.76> <FuncUnit> <Opcode : 'add' 'sub'> <InPorts = 2> <OutPorts = 1>
ST_3 : Operation 65 [1/1] (0.38ns)   --->   "%br_ln6000 = br void %for.inc76.i" [/home/x_thileeb/repos/ops-hls-batching-new/OPS/ops/hls/include/device/../../L1/include/ops_hls_datamover.hpp:6000->/home/x_thileeb/repos/ops-hls-batching-new/codegen_apps/tiling/poisson2d/u280_project/maxtile_8192_unalign_interleave_p7/hls/device/src/datamover_outerloop_0.cpp:225]   --->   Operation 65 'br' 'br_ln6000' <Predicate = true> <Delay = 0.38>

State 4 <SV = 3> <Delay = 1.17>
ST_4 : Operation 66 [1/1] (0.00ns)   --->   "%row_base = phi i27 %add_ln6003, void %for.inc76.split.i, i27 %zext_ln5957, void %for.body.split.i" [/home/x_thileeb/repos/ops-hls-batching-new/OPS/ops/hls/include/device/../../L1/include/ops_hls_datamover.hpp:6003->/home/x_thileeb/repos/ops-hls-batching-new/codegen_apps/tiling/poisson2d/u280_project/maxtile_8192_unalign_interleave_p7/hls/device/src/datamover_outerloop_0.cpp:225]   --->   Operation 66 'phi' 'row_base' <Predicate = true> <Delay = 0.00>
ST_4 : Operation 67 [1/1] (0.00ns)   --->   "%j = phi i16 %j_8, void %for.inc76.split.i, i16 0, void %for.body.split.i"   --->   Operation 67 'phi' 'j' <Predicate = true> <Delay = 0.00>
ST_4 : Operation 68 [1/1] (0.67ns)   --->   "%icmp_ln6000 = icmp_eq  i16 %j, i16 %p_read17" [/home/x_thileeb/repos/ops-hls-batching-new/OPS/ops/hls/include/device/../../L1/include/ops_hls_datamover.hpp:6000->/home/x_thileeb/repos/ops-hls-batching-new/codegen_apps/tiling/poisson2d/u280_project/maxtile_8192_unalign_interleave_p7/hls/device/src/datamover_outerloop_0.cpp:225]   --->   Operation 68 'icmp' 'icmp_ln6000' <Predicate = true> <Delay = 0.67> <CoreInst = "Cmp">   --->   Core 9 'Cmp' <Latency = 0> <II = 1> <Delay = 0.67> <FuncUnit> <Opcode : 'icmp'> <InPorts = 2> <OutPorts = 1>
ST_4 : Operation 69 [1/1] (0.78ns)   --->   "%j_8 = add i16 %j, i16 1" [/home/x_thileeb/repos/ops-hls-batching-new/OPS/ops/hls/include/device/../../L1/include/ops_hls_datamover.hpp:6000->/home/x_thileeb/repos/ops-hls-batching-new/codegen_apps/tiling/poisson2d/u280_project/maxtile_8192_unalign_interleave_p7/hls/device/src/datamover_outerloop_0.cpp:225]   --->   Operation 69 'add' 'j_8' <Predicate = true> <Delay = 0.78> <CoreInst = "Adder">   --->   Core 1 'Adder' <Latency = 0> <II = 1> <Delay = 0.78> <FuncUnit> <Opcode : 'add' 'sub'> <InPorts = 2> <OutPorts = 1>
ST_4 : Operation 70 [1/1] (0.00ns)   --->   "%br_ln6000 = br i1 %icmp_ln6000, void %for.inc76.split.i, void %for.inc79.loopexit.i" [/home/x_thileeb/repos/ops-hls-batching-new/OPS/ops/hls/include/device/../../L1/include/ops_hls_datamover.hpp:6000->/home/x_thileeb/repos/ops-hls-batching-new/codegen_apps/tiling/poisson2d/u280_project/maxtile_8192_unalign_interleave_p7/hls/device/src/datamover_outerloop_0.cpp:225]   --->   Operation 70 'br' 'br_ln6000' <Predicate = true> <Delay = 0.00>
ST_4 : Operation 71 [1/1] (0.00ns)   --->   "%shl_ln = bitconcatenate i32 @_ssdm_op_BitConcatenate.i32.i27.i5, i27 %row_base, i5 0" [/home/x_thileeb/repos/ops-hls-batching-new/OPS/ops/hls/include/device/../../L1/include/ops_hls_datamover.hpp:6002->/home/x_thileeb/repos/ops-hls-batching-new/codegen_apps/tiling/poisson2d/u280_project/maxtile_8192_unalign_interleave_p7/hls/device/src/datamover_outerloop_0.cpp:225]   --->   Operation 71 'bitconcatenate' 'shl_ln' <Predicate = (!icmp_ln6000)> <Delay = 0.00>
ST_4 : Operation 72 [1/1] (0.00ns)   --->   "%zext_ln6002 = zext i32 %shl_ln" [/home/x_thileeb/repos/ops-hls-batching-new/OPS/ops/hls/include/device/../../L1/include/ops_hls_datamover.hpp:6002->/home/x_thileeb/repos/ops-hls-batching-new/codegen_apps/tiling/poisson2d/u280_project/maxtile_8192_unalign_interleave_p7/hls/device/src/datamover_outerloop_0.cpp:225]   --->   Operation 72 'zext' 'zext_ln6002' <Predicate = (!icmp_ln6000)> <Delay = 0.00>
ST_4 : Operation 73 [1/1] (1.14ns)   --->   "%add_ln6002 = add i64 %zext_ln6002, i64 %arg0_b6_read" [/home/x_thileeb/repos/ops-hls-batching-new/OPS/ops/hls/include/device/../../L1/include/ops_hls_datamover.hpp:6002->/home/x_thileeb/repos/ops-hls-batching-new/codegen_apps/tiling/poisson2d/u280_project/maxtile_8192_unalign_interleave_p7/hls/device/src/datamover_outerloop_0.cpp:225]   --->   Operation 73 'add' 'add_ln6002' <Predicate = (!icmp_ln6000)> <Delay = 1.14> <CoreInst = "Adder">   --->   Core 1 'Adder' <Latency = 0> <II = 1> <Delay = 1.14> <FuncUnit> <Opcode : 'add' 'sub'> <InPorts = 2> <OutPorts = 1>
ST_4 : Operation 74 [1/1] (1.14ns)   --->   "%add_ln6002_1 = add i64 %zext_ln6002, i64 %arg0_b7_read" [/home/x_thileeb/repos/ops-hls-batching-new/OPS/ops/hls/include/device/../../L1/include/ops_hls_datamover.hpp:6002->/home/x_thileeb/repos/ops-hls-batching-new/codegen_apps/tiling/poisson2d/u280_project/maxtile_8192_unalign_interleave_p7/hls/device/src/datamover_outerloop_0.cpp:225]   --->   Operation 74 'add' 'add_ln6002_1' <Predicate = (!icmp_ln6000)> <Delay = 1.14> <CoreInst = "Adder">   --->   Core 1 'Adder' <Latency = 0> <II = 1> <Delay = 1.14> <FuncUnit> <Opcode : 'add' 'sub'> <InPorts = 2> <OutPorts = 1>
ST_4 : Operation 75 [1/1] (0.85ns)   --->   "%add_ln6003 = add i27 %zext_ln5955, i27 %row_base" [/home/x_thileeb/repos/ops-hls-batching-new/OPS/ops/hls/include/device/../../L1/include/ops_hls_datamover.hpp:6003->/home/x_thileeb/repos/ops-hls-batching-new/codegen_apps/tiling/poisson2d/u280_project/maxtile_8192_unalign_interleave_p7/hls/device/src/datamover_outerloop_0.cpp:225]   --->   Operation 75 'add' 'add_ln6003' <Predicate = (!icmp_ln6000)> <Delay = 0.85> <CoreInst = "Adder">   --->   Core 1 'Adder' <Latency = 0> <II = 1> <Delay = 0.85> <FuncUnit> <Opcode : 'add' 'sub'> <InPorts = 2> <OutPorts = 1>
ST_4 : Operation 76 [1/1] (0.00ns)   --->   "%indvars_iv_i_load = load i16 %indvars_iv_i" [/home/x_thileeb/repos/ops-hls-batching-new/OPS/ops/hls/include/device/../../L1/include/ops_hls_datamover.hpp:5955->/home/x_thileeb/repos/ops-hls-batching-new/codegen_apps/tiling/poisson2d/u280_project/maxtile_8192_unalign_interleave_p7/hls/device/src/datamover_outerloop_0.cpp:225]   --->   Operation 76 'load' 'indvars_iv_i_load' <Predicate = (icmp_ln6000)> <Delay = 0.00>
ST_4 : Operation 77 [1/1] (0.78ns)   --->   "%add_ln5955_1 = add i16 %indvars_iv_i_load, i16 %p_read410" [/home/x_thileeb/repos/ops-hls-batching-new/OPS/ops/hls/include/device/../../L1/include/ops_hls_datamover.hpp:5955->/home/x_thileeb/repos/ops-hls-batching-new/codegen_apps/tiling/poisson2d/u280_project/maxtile_8192_unalign_interleave_p7/hls/device/src/datamover_outerloop_0.cpp:225]   --->   Operation 77 'add' 'add_ln5955_1' <Predicate = (icmp_ln6000)> <Delay = 0.78> <CoreInst = "Adder">   --->   Core 1 'Adder' <Latency = 0> <II = 1> <Delay = 0.78> <FuncUnit> <Opcode : 'add' 'sub'> <InPorts = 2> <OutPorts = 1>
ST_4 : Operation 78 [1/1] (0.38ns)   --->   "%store_ln5955 = store i16 %add_ln5955, i16 %tile_x" [/home/x_thileeb/repos/ops-hls-batching-new/OPS/ops/hls/include/device/../../L1/include/ops_hls_datamover.hpp:5955->/home/x_thileeb/repos/ops-hls-batching-new/codegen_apps/tiling/poisson2d/u280_project/maxtile_8192_unalign_interleave_p7/hls/device/src/datamover_outerloop_0.cpp:225]   --->   Operation 78 'store' 'store_ln5955' <Predicate = (icmp_ln6000)> <Delay = 0.38>
ST_4 : Operation 79 [1/1] (0.38ns)   --->   "%store_ln5955 = store i16 %add_ln5955_1, i16 %indvars_iv_i" [/home/x_thileeb/repos/ops-hls-batching-new/OPS/ops/hls/include/device/../../L1/include/ops_hls_datamover.hpp:5955->/home/x_thileeb/repos/ops-hls-batching-new/codegen_apps/tiling/poisson2d/u280_project/maxtile_8192_unalign_interleave_p7/hls/device/src/datamover_outerloop_0.cpp:225]   --->   Operation 79 'store' 'store_ln5955' <Predicate = (icmp_ln6000)> <Delay = 0.38>
ST_4 : Operation 80 [1/1] (0.00ns)   --->   "%br_ln5955 = br void %for.body.i" [/home/x_thileeb/repos/ops-hls-batching-new/OPS/ops/hls/include/device/../../L1/include/ops_hls_datamover.hpp:5955->/home/x_thileeb/repos/ops-hls-batching-new/codegen_apps/tiling/poisson2d/u280_project/maxtile_8192_unalign_interleave_p7/hls/device/src/datamover_outerloop_0.cpp:225]   --->   Operation 80 'br' 'br_ln5955' <Predicate = (icmp_ln6000)> <Delay = 0.00>

State 5 <SV = 4> <Delay = 2.43>
ST_5 : Operation 81 [2/2] (2.43ns)   --->   "%call_ln6001 = call void @interleaveTileMem2Stream2D_inner, i256 %arg0_read_mem_strm_6, i256 %arg0_read_mem_strm_7, i14 %add_ln5992, i14 %add_ln5992_1, i1 %icmp_ln5993, i256 %gmem6, i64 %add_ln6002, i256 %gmem7, i64 %add_ln6002_1" [/home/x_thileeb/repos/ops-hls-batching-new/OPS/ops/hls/include/device/../../L1/include/ops_hls_datamover.hpp:6001->/home/x_thileeb/repos/ops-hls-batching-new/codegen_apps/tiling/poisson2d/u280_project/maxtile_8192_unalign_interleave_p7/hls/device/src/datamover_outerloop_0.cpp:225]   --->   Operation 81 'call' 'call_ln6001' <Predicate = true> <Delay = 2.43> <CoreType = "Generic">   --->   Core 0 '' <Latency = 0> <II = 1> <Delay = 1.00> <Generic> <Opcode : >

State 6 <SV = 5> <Delay = 0.00>
ST_6 : Operation 82 [1/1] (0.00ns)   --->   "%specloopname_ln5997 = specloopname void @_ssdm_op_SpecLoopName, void @empty_7" [/home/x_thileeb/repos/ops-hls-batching-new/OPS/ops/hls/include/device/../../L1/include/ops_hls_datamover.hpp:5997->/home/x_thileeb/repos/ops-hls-batching-new/codegen_apps/tiling/poisson2d/u280_project/maxtile_8192_unalign_interleave_p7/hls/device/src/datamover_outerloop_0.cpp:225]   --->   Operation 82 'specloopname' 'specloopname_ln5997' <Predicate = true> <Delay = 0.00>
ST_6 : Operation 83 [1/2] (0.00ns)   --->   "%call_ln6001 = call void @interleaveTileMem2Stream2D_inner, i256 %arg0_read_mem_strm_6, i256 %arg0_read_mem_strm_7, i14 %add_ln5992, i14 %add_ln5992_1, i1 %icmp_ln5993, i256 %gmem6, i64 %add_ln6002, i256 %gmem7, i64 %add_ln6002_1" [/home/x_thileeb/repos/ops-hls-batching-new/OPS/ops/hls/include/device/../../L1/include/ops_hls_datamover.hpp:6001->/home/x_thileeb/repos/ops-hls-batching-new/codegen_apps/tiling/poisson2d/u280_project/maxtile_8192_unalign_interleave_p7/hls/device/src/datamover_outerloop_0.cpp:225]   --->   Operation 83 'call' 'call_ln6001' <Predicate = true> <Delay = 0.00> <CoreType = "Generic">   --->   Core 0 '' <Latency = 0> <II = 1> <Delay = 1.00> <Generic> <Opcode : >
ST_6 : Operation 84 [1/1] (0.00ns)   --->   "%br_ln6000 = br void %for.inc76.i" [/home/x_thileeb/repos/ops-hls-batching-new/OPS/ops/hls/include/device/../../L1/include/ops_hls_datamover.hpp:6000->/home/x_thileeb/repos/ops-hls-batching-new/codegen_apps/tiling/poisson2d/u280_project/maxtile_8192_unalign_interleave_p7/hls/device/src/datamover_outerloop_0.cpp:225]   --->   Operation 84 'br' 'br_ln6000' <Predicate = true> <Delay = 0.00>


============================================================
+ Verbose Summary: Binding
============================================================
STG Binding: 
---------------- STG Properties BEGIN ----------------
- Is combinational: 0
- Is one-state seq: 0
- Is datapath-only: 0
- Is pipelined: 0
- Is top level: 0
Port [ Return ] is wired: 1; IO mode=ap_ctrl_hs:ce=0
Port [ arg0_read_mem_strm_6]:  wired=1; compound=1; hidden=0; nouse=0; global=0; static=0; extern=0; dir=1; type=3; pingpong=0; private_global=0; IO mode=ap_fifo:ce=0
Port [ arg0_read_mem_strm_7]:  wired=1; compound=1; hidden=0; nouse=0; global=0; static=0; extern=0; dir=1; type=3; pingpong=0; private_global=0; IO mode=ap_fifo:ce=0
Port [ p_read]:  wired=1; compound=0; hidden=0; nouse=0; global=0; static=0; extern=0; dir=0; type=0; pingpong=0; private_global=0; IO mode=ap_none:ce=0
Port [ p_read1]:  wired=1; compound=0; hidden=0; nouse=0; global=0; static=0; extern=0; dir=0; type=0; pingpong=0; private_global=0; IO mode=ap_none:ce=0
Port [ p_read2]:  wired=1; compound=0; hidden=0; nouse=0; global=0; static=0; extern=0; dir=0; type=0; pingpong=0; private_global=0; IO mode=ap_none:ce=0
Port [ p_read3]:  wired=1; compound=0; hidden=0; nouse=0; global=0; static=0; extern=0; dir=0; type=0; pingpong=0; private_global=0; IO mode=ap_none:ce=0
Port [ p_read4]:  wired=1; compound=0; hidden=0; nouse=0; global=0; static=0; extern=0; dir=0; type=0; pingpong=0; private_global=0; IO mode=ap_none:ce=0
Port [ p_read5]:  wired=1; compound=0; hidden=0; nouse=0; global=0; static=0; extern=0; dir=0; type=0; pingpong=0; private_global=0; IO mode=ap_none:ce=0
Port [ gmem6]:  wired=1; compound=1; hidden=0; nouse=0; global=0; static=0; extern=0; dir=0; type=4; pingpong=0; private_global=0; IO mode=m_axi:ce=0
Port [ arg0_b6]:  wired=1; compound=0; hidden=0; nouse=0; global=0; static=0; extern=0; dir=0; type=0; pingpong=0; private_global=0; IO mode=ap_none:ce=0
Port [ gmem7]:  wired=1; compound=1; hidden=0; nouse=0; global=0; static=0; extern=0; dir=0; type=4; pingpong=0; private_global=0; IO mode=m_axi:ce=0
Port [ arg0_b7]:  wired=1; compound=0; hidden=0; nouse=0; global=0; static=0; extern=0; dir=0; type=0; pingpong=0; private_global=0; IO mode=ap_none:ce=0
---------------- STG Properties END ------------------

---------------- Datapath Model BEGIN ----------------

<LifeTime>
<method=bitvector/>
indvars_iv_i               (alloca           ) [ 0111111]
tile_x                     (alloca           ) [ 0111111]
arg0_b7_read               (read             ) [ 0011111]
arg0_b6_read               (read             ) [ 0011111]
p_read511                  (read             ) [ 0011111]
p_read410                  (read             ) [ 0011111]
p_read39                   (read             ) [ 0011111]
p_read28                   (read             ) [ 0011111]
p_read17                   (read             ) [ 0011111]
p_read_36                  (read             ) [ 0000000]
empty                      (trunc            ) [ 0011111]
specinterface_ln0          (specinterface    ) [ 0000000]
specinterface_ln0          (specinterface    ) [ 0000000]
specinterface_ln0          (specinterface    ) [ 0000000]
specinterface_ln0          (specinterface    ) [ 0000000]
zext_ln5952                (zext             ) [ 0000000]
add_ln5952                 (add              ) [ 0000000]
lshr_ln                    (partselect       ) [ 0000000]
config_tile_count_x_cast_i (zext             ) [ 0000000]
sub_i                      (add              ) [ 0011111]
zext_ln5955                (zext             ) [ 0011111]
store_ln5955               (store            ) [ 0000000]
store_ln5955               (store            ) [ 0000000]
br_ln5955                  (br               ) [ 0000000]
tile_x_11                  (load             ) [ 0000000]
zext_ln5955_1              (zext             ) [ 0000000]
icmp_ln5955                (icmp             ) [ 0011111]
speclooptripcount_ln0      (speclooptripcount) [ 0000000]
add_ln5955                 (add              ) [ 0001111]
br_ln5955                  (br               ) [ 0000000]
trunc_ln5957               (trunc            ) [ 0000000]
tile_offset_x              (mul              ) [ 0001000]
icmp_ln5958                (icmp             ) [ 0000000]
tile_size_x                (select           ) [ 0000000]
rem_x                      (trunc            ) [ 0001000]
trunc_ln                   (partselect       ) [ 0001000]
ret_ln225                  (ret              ) [ 0000000]
indvars_iv_i_load_3        (load             ) [ 0000000]
specloopname_ln5955        (specloopname     ) [ 0000000]
lshr_ln1                   (partselect       ) [ 0000000]
zext_ln5957                (zext             ) [ 0011111]
zext_ln5963                (zext             ) [ 0000000]
zext_ln5964                (zext             ) [ 0000000]
zext_ln5980                (zext             ) [ 0000000]
end_sum                    (add              ) [ 0000000]
end_bank                   (add              ) [ 0000000]
wrapped                    (bitselect        ) [ 0000000]
ge_start                   (icmp             ) [ 0000000]
lt_end                     (icmp             ) [ 0000000]
or_ln5991                  (or               ) [ 0000000]
and_ln5991                 (and              ) [ 0000000]
extra                      (select           ) [ 0000000]
zext_ln5992                (zext             ) [ 0000000]
add_ln5992                 (add              ) [ 0000111]
icmp_ln5993                (icmp             ) [ 0000111]
tmp                        (bitselect        ) [ 0000000]
zext_ln5992_1              (zext             ) [ 0000000]
add_ln5992_1               (add              ) [ 0000111]
br_ln6000                  (br               ) [ 0011111]
row_base                   (phi              ) [ 0000100]
j                          (phi              ) [ 0000100]
icmp_ln6000                (icmp             ) [ 0011111]
j_8                        (add              ) [ 0011111]
br_ln6000                  (br               ) [ 0000000]
shl_ln                     (bitconcatenate   ) [ 0000000]
zext_ln6002                (zext             ) [ 0000000]
add_ln6002                 (add              ) [ 0000011]
add_ln6002_1               (add              ) [ 0000011]
add_ln6003                 (add              ) [ 0011111]
indvars_iv_i_load          (load             ) [ 0000000]
add_ln5955_1               (add              ) [ 0000000]
store_ln5955               (store            ) [ 0000000]
store_ln5955               (store            ) [ 0000000]
br_ln5955                  (br               ) [ 0000000]
specloopname_ln5997        (specloopname     ) [ 0000000]
call_ln6001                (call             ) [ 0000000]
br_ln6000                  (br               ) [ 0011111]
</LifeTime>

<model>

<comp_list>
<comp id="0" class="1000" name="arg0_read_mem_strm_6">
<pin_list>
<pin id="1" dir="1" index="0" bw="1" slack="0"/>
</pin_list>
<bind>
<StgValue><ssdm name="arg0_read_mem_strm_6"/></StgValue>
</bind>
</comp>

<comp id="2" class="1000" name="arg0_read_mem_strm_7">
<pin_list>
<pin id="3" dir="1" index="0" bw="1" slack="0"/>
</pin_list>
<bind>
<StgValue><ssdm name="arg0_read_mem_strm_7"/></StgValue>
</bind>
</comp>

<comp id="4" class="1000" name="p_read">
<pin_list>
<pin id="5" dir="1" index="0" bw="1" slack="0"/>
</pin_list>
<bind>
<StgValue><ssdm name="p_read"/></StgValue>
</bind>
</comp>

<comp id="6" class="1000" name="p_read1">
<pin_list>
<pin id="7" dir="1" index="0" bw="1" slack="0"/>
</pin_list>
<bind>
<StgValue><ssdm name="p_read1"/></StgValue>
</bind>
</comp>

<comp id="8" class="1000" name="p_read2">
<pin_list>
<pin id="9" dir="1" index="0" bw="1" slack="0"/>
</pin_list>
<bind>
<StgValue><ssdm name="p_read2"/></StgValue>
</bind>
</comp>

<comp id="10" class="1000" name="p_read3">
<pin_list>
<pin id="11" dir="1" index="0" bw="1" slack="0"/>
</pin_list>
<bind>
<StgValue><ssdm name="p_read3"/></StgValue>
</bind>
</comp>

<comp id="12" class="1000" name="p_read4">
<pin_list>
<pin id="13" dir="1" index="0" bw="1" slack="0"/>
</pin_list>
<bind>
<StgValue><ssdm name="p_read4"/></StgValue>
</bind>
</comp>

<comp id="14" class="1000" name="p_read5">
<pin_list>
<pin id="15" dir="1" index="0" bw="1" slack="0"/>
</pin_list>
<bind>
<StgValue><ssdm name="p_read5"/></StgValue>
</bind>
</comp>

<comp id="16" class="1000" name="gmem6">
<pin_list>
<pin id="17" dir="1" index="0" bw="1" slack="0"/>
</pin_list>
<bind>
<StgValue><ssdm name="gmem6"/></StgValue>
</bind>
</comp>

<comp id="18" class="1000" name="arg0_b6">
<pin_list>
<pin id="19" dir="1" index="0" bw="1" slack="0"/>
</pin_list>
<bind>
<StgValue><ssdm name="arg0_b6"/></StgValue>
</bind>
</comp>

<comp id="20" class="1000" name="gmem7">
<pin_list>
<pin id="21" dir="1" index="0" bw="1" slack="0"/>
</pin_list>
<bind>
<StgValue><ssdm name="gmem7"/></StgValue>
</bind>
</comp>

<comp id="22" class="1000" name="arg0_b7">
<pin_list>
<pin id="23" dir="1" index="0" bw="1" slack="0"/>
</pin_list>
<bind>
<StgValue><ssdm name="arg0_b7"/></StgValue>
</bind>
</comp>

<comp id="24" class="1001" name="const_24">
<pin_list>
<pin id="25" dir="1" index="0" bw="1" slack="0"/>
</pin_list>
<bind>
<StgValue><ssdm name=""/></StgValue>
</bind>
</comp>

<comp id="26" class="1001" name="const_26">
<pin_list>
<pin id="27" dir="1" index="0" bw="1" slack="0"/>
</pin_list>
<bind>
<StgValue><ssdm name="_ssdm_op_Read.ap_auto.i64"/></StgValue>
</bind>
</comp>

<comp id="28" class="1001" name="const_28">
<pin_list>
<pin id="29" dir="1" index="0" bw="1" slack="0"/>
</pin_list>
<bind>
<StgValue><ssdm name="_ssdm_op_Read.ap_auto.i16"/></StgValue>
</bind>
</comp>

<comp id="30" class="1001" name="const_30">
<pin_list>
<pin id="31" dir="1" index="0" bw="1" slack="0"/>
</pin_list>
<bind>
<StgValue><ssdm name="_ssdm_op_Read.ap_auto.i13"/></StgValue>
</bind>
</comp>

<comp id="32" class="1001" name="const_32">
<pin_list>
<pin id="33" dir="1" index="0" bw="1" slack="2147483647"/>
</pin_list>
<bind>
<StgValue><ssdm name="_ssdm_op_SpecInterface"/></StgValue>
</bind>
</comp>

<comp id="34" class="1001" name="const_34">
<pin_list>
<pin id="35" dir="1" index="0" bw="1" slack="2147483647"/>
</pin_list>
<bind>
<StgValue><ssdm name="empty_47"/></StgValue>
</bind>
</comp>

<comp id="36" class="1001" name="const_36">
<pin_list>
<pin id="37" dir="1" index="0" bw="1" slack="2147483647"/>
</pin_list>
<bind>
<StgValue><ssdm name=""/></StgValue>
</bind>
</comp>

<comp id="38" class="1001" name="const_38">
<pin_list>
<pin id="39" dir="1" index="0" bw="1" slack="2147483647"/>
</pin_list>
<bind>
<StgValue><ssdm name="empty_49"/></StgValue>
</bind>
</comp>

<comp id="40" class="1001" name="const_40">
<pin_list>
<pin id="41" dir="1" index="0" bw="1" slack="2147483647"/>
</pin_list>
<bind>
<StgValue><ssdm name=""/></StgValue>
</bind>
</comp>

<comp id="42" class="1001" name="const_42">
<pin_list>
<pin id="43" dir="1" index="0" bw="1" slack="2147483647"/>
</pin_list>
<bind>
<StgValue><ssdm name="empty_58"/></StgValue>
</bind>
</comp>

<comp id="44" class="1001" name="const_44">
<pin_list>
<pin id="45" dir="1" index="0" bw="1" slack="2147483647"/>
</pin_list>
<bind>
<StgValue><ssdm name=""/></StgValue>
</bind>
</comp>

<comp id="46" class="1001" name="const_46">
<pin_list>
<pin id="47" dir="1" index="0" bw="1" slack="2147483647"/>
</pin_list>
<bind>
<StgValue><ssdm name=""/></StgValue>
</bind>
</comp>

<comp id="48" class="1001" name="const_48">
<pin_list>
<pin id="49" dir="1" index="0" bw="1" slack="2147483647"/>
</pin_list>
<bind>
<StgValue><ssdm name="empty_77"/></StgValue>
</bind>
</comp>

<comp id="50" class="1001" name="const_50">
<pin_list>
<pin id="51" dir="1" index="0" bw="1" slack="2147483647"/>
</pin_list>
<bind>
<StgValue><ssdm name="empty_51"/></StgValue>
</bind>
</comp>

<comp id="52" class="1001" name="const_52">
<pin_list>
<pin id="53" dir="1" index="0" bw="1" slack="2147483647"/>
</pin_list>
<bind>
<StgValue><ssdm name=""/></StgValue>
</bind>
</comp>

<comp id="54" class="1001" name="const_54">
<pin_list>
<pin id="55" dir="1" index="0" bw="1" slack="2147483647"/>
</pin_list>
<bind>
<StgValue><ssdm name=""/></StgValue>
</bind>
</comp>

<comp id="56" class="1001" name="const_56">
<pin_list>
<pin id="57" dir="1" index="0" bw="1" slack="2147483647"/>
</pin_list>
<bind>
<StgValue><ssdm name="empty_66"/></StgValue>
</bind>
</comp>

<comp id="58" class="1001" name="const_58">
<pin_list>
<pin id="59" dir="1" index="0" bw="1" slack="0"/>
</pin_list>
<bind>
<StgValue><ssdm name=""/></StgValue>
</bind>
</comp>

<comp id="60" class="1001" name="const_60">
<pin_list>
<pin id="61" dir="1" index="0" bw="1" slack="0"/>
</pin_list>
<bind>
<StgValue><ssdm name="_ssdm_op_PartSelect.i11.i14.i32.i32"/></StgValue>
</bind>
</comp>

<comp id="62" class="1001" name="const_62">
<pin_list>
<pin id="63" dir="1" index="0" bw="1" slack="0"/>
</pin_list>
<bind>
<StgValue><ssdm name=""/></StgValue>
</bind>
</comp>

<comp id="64" class="1001" name="const_64">
<pin_list>
<pin id="65" dir="1" index="0" bw="1" slack="0"/>
</pin_list>
<bind>
<StgValue><ssdm name=""/></StgValue>
</bind>
</comp>

<comp id="66" class="1001" name="const_66">
<pin_list>
<pin id="67" dir="1" index="0" bw="1" slack="0"/>
</pin_list>
<bind>
<StgValue><ssdm name=""/></StgValue>
</bind>
</comp>

<comp id="68" class="1001" name="const_68">
<pin_list>
<pin id="69" dir="1" index="0" bw="1" slack="0"/>
</pin_list>
<bind>
<StgValue><ssdm name=""/></StgValue>
</bind>
</comp>

<comp id="70" class="1001" name="const_70">
<pin_list>
<pin id="71" dir="1" index="0" bw="1" slack="2147483647"/>
</pin_list>
<bind>
<StgValue><ssdm name="_ssdm_op_SpecLoopTripCount"/></StgValue>
</bind>
</comp>

<comp id="72" class="1001" name="const_72">
<pin_list>
<pin id="73" dir="1" index="0" bw="1" slack="2147483647"/>
</pin_list>
<bind>
<StgValue><ssdm name=""/></StgValue>
</bind>
</comp>

<comp id="74" class="1001" name="const_74">
<pin_list>
<pin id="75" dir="1" index="0" bw="1" slack="2147483647"/>
</pin_list>
<bind>
<StgValue><ssdm name=""/></StgValue>
</bind>
</comp>

<comp id="76" class="1001" name="const_76">
<pin_list>
<pin id="77" dir="1" index="0" bw="1" slack="0"/>
</pin_list>
<bind>
<StgValue><ssdm name=""/></StgValue>
</bind>
</comp>

<comp id="78" class="1001" name="const_78">
<pin_list>
<pin id="79" dir="1" index="0" bw="1" slack="0"/>
</pin_list>
<bind>
<StgValue><ssdm name="_ssdm_op_PartSelect.i13.i16.i32.i32"/></StgValue>
</bind>
</comp>

<comp id="80" class="1001" name="const_80">
<pin_list>
<pin id="81" dir="1" index="0" bw="1" slack="0"/>
</pin_list>
<bind>
<StgValue><ssdm name=""/></StgValue>
</bind>
</comp>

<comp id="82" class="1001" name="const_82">
<pin_list>
<pin id="83" dir="1" index="0" bw="1" slack="2147483647"/>
</pin_list>
<bind>
<StgValue><ssdm name="_ssdm_op_SpecLoopName"/></StgValue>
</bind>
</comp>

<comp id="84" class="1001" name="const_84">
<pin_list>
<pin id="85" dir="1" index="0" bw="1" slack="2147483647"/>
</pin_list>
<bind>
<StgValue><ssdm name="empty_28"/></StgValue>
</bind>
</comp>

<comp id="86" class="1001" name="const_86">
<pin_list>
<pin id="87" dir="1" index="0" bw="1" slack="0"/>
</pin_list>
<bind>
<StgValue><ssdm name="_ssdm_op_BitSelect.i1.i4.i32"/></StgValue>
</bind>
</comp>

<comp id="88" class="1001" name="const_88">
<pin_list>
<pin id="89" dir="1" index="0" bw="1" slack="0"/>
</pin_list>
<bind>
<StgValue><ssdm name=""/></StgValue>
</bind>
</comp>

<comp id="90" class="1001" name="const_90">
<pin_list>
<pin id="91" dir="1" index="0" bw="1" slack="0"/>
</pin_list>
<bind>
<StgValue><ssdm name="_ssdm_op_BitConcatenate.i32.i27.i5"/></StgValue>
</bind>
</comp>

<comp id="92" class="1001" name="const_92">
<pin_list>
<pin id="93" dir="1" index="0" bw="1" slack="0"/>
</pin_list>
<bind>
<StgValue><ssdm name=""/></StgValue>
</bind>
</comp>

<comp id="94" class="1001" name="const_94">
<pin_list>
<pin id="95" dir="1" index="0" bw="1" slack="0"/>
</pin_list>
<bind>
<StgValue><ssdm name="interleaveTileMem2Stream2D_inner"/></StgValue>
</bind>
</comp>

<comp id="96" class="1001" name="const_96">
<pin_list>
<pin id="97" dir="1" index="0" bw="1" slack="2147483647"/>
</pin_list>
<bind>
<StgValue><ssdm name="empty_7"/></StgValue>
</bind>
</comp>

<comp id="98" class="1004" name="indvars_iv_i_fu_98">
<pin_list>
<pin id="99" dir="0" index="0" bw="1" slack="0"/>
<pin id="100" dir="1" index="1" bw="16" slack="0"/>
</pin_list>
<bind>
<opcode="alloca(26) " fcode="alloca"/>
<opset="indvars_iv_i/1 "/>
</bind>
</comp>

<comp id="102" class="1004" name="tile_x_fu_102">
<pin_list>
<pin id="103" dir="0" index="0" bw="1" slack="0"/>
<pin id="104" dir="1" index="1" bw="16" slack="0"/>
</pin_list>
<bind>
<opcode="alloca(26) " fcode="alloca"/>
<opset="tile_x/1 "/>
</bind>
</comp>

<comp id="106" class="1004" name="arg0_b7_read_read_fu_106">
<pin_list>
<pin id="107" dir="0" index="0" bw="64" slack="0"/>
<pin id="108" dir="0" index="1" bw="64" slack="0"/>
<pin id="109" dir="1" index="2" bw="64" slack="3"/>
</pin_list>
<bind>
<opcode="read(1150) " fcode="read"/>
<opset="arg0_b7_read/1 "/>
</bind>
</comp>

<comp id="112" class="1004" name="arg0_b6_read_read_fu_112">
<pin_list>
<pin id="113" dir="0" index="0" bw="64" slack="0"/>
<pin id="114" dir="0" index="1" bw="64" slack="0"/>
<pin id="115" dir="1" index="2" bw="64" slack="3"/>
</pin_list>
<bind>
<opcode="read(1150) " fcode="read"/>
<opset="arg0_b6_read/1 "/>
</bind>
</comp>

<comp id="118" class="1004" name="p_read511_read_fu_118">
<pin_list>
<pin id="119" dir="0" index="0" bw="16" slack="0"/>
<pin id="120" dir="0" index="1" bw="16" slack="0"/>
<pin id="121" dir="1" index="2" bw="16" slack="1"/>
</pin_list>
<bind>
<opcode="read(1150) " fcode="read"/>
<opset="p_read511/1 "/>
</bind>
</comp>

<comp id="124" class="1004" name="p_read410_read_fu_124">
<pin_list>
<pin id="125" dir="0" index="0" bw="16" slack="0"/>
<pin id="126" dir="0" index="1" bw="16" slack="0"/>
<pin id="127" dir="1" index="2" bw="16" slack="0"/>
</pin_list>
<bind>
<opcode="read(1150) " fcode="read"/>
<opset="p_read410/1 "/>
</bind>
</comp>

<comp id="130" class="1004" name="p_read39_read_fu_130">
<pin_list>
<pin id="131" dir="0" index="0" bw="16" slack="0"/>
<pin id="132" dir="0" index="1" bw="16" slack="0"/>
<pin id="133" dir="1" index="2" bw="16" slack="1"/>
</pin_list>
<bind>
<opcode="read(1150) " fcode="read"/>
<opset="p_read39/1 "/>
</bind>
</comp>

<comp id="136" class="1004" name="p_read28_read_fu_136">
<pin_list>
<pin id="137" dir="0" index="0" bw="16" slack="0"/>
<pin id="138" dir="0" index="1" bw="16" slack="0"/>
<pin id="139" dir="1" index="2" bw="16" slack="0"/>
</pin_list>
<bind>
<opcode="read(1150) " fcode="read"/>
<opset="p_read28/1 "/>
</bind>
</comp>

<comp id="142" class="1004" name="p_read17_read_fu_142">
<pin_list>
<pin id="143" dir="0" index="0" bw="16" slack="0"/>
<pin id="144" dir="0" index="1" bw="16" slack="0"/>
<pin id="145" dir="1" index="2" bw="16" slack="3"/>
</pin_list>
<bind>
<opcode="read(1150) " fcode="read"/>
<opset="p_read17/1 "/>
</bind>
</comp>

<comp id="148" class="1004" name="p_read_36_read_fu_148">
<pin_list>
<pin id="149" dir="0" index="0" bw="13" slack="0"/>
<pin id="150" dir="0" index="1" bw="13" slack="0"/>
<pin id="151" dir="1" index="2" bw="13" slack="0"/>
</pin_list>
<bind>
<opcode="read(1150) " fcode="read"/>
<opset="p_read_36/1 "/>
</bind>
</comp>

<comp id="154" class="1005" name="row_base_reg_154">
<pin_list>
<pin id="155" dir="0" index="0" bw="27" slack="2147483647"/>
<pin id="156" dir="1" index="1" bw="27" slack="2147483647"/>
</pin_list>
<bind>
<opset="row_base (phireg) "/>
</bind>
</comp>

<comp id="157" class="1004" name="row_base_phi_fu_157">
<pin_list>
<pin id="158" dir="0" index="0" bw="27" slack="0"/>
<pin id="159" dir="0" index="1" bw="0" slack="2147483647"/>
<pin id="160" dir="0" index="2" bw="13" slack="1"/>
<pin id="161" dir="0" index="3" bw="0" slack="2147483647"/>
<pin id="162" dir="1" index="4" bw="27" slack="0"/>
</pin_list>
<bind>
<opcode="phi(47) " fcode="phi"/>
<opset="row_base/4 "/>
</bind>
</comp>

<comp id="163" class="1005" name="j_reg_163">
<pin_list>
<pin id="164" dir="0" index="0" bw="16" slack="1"/>
<pin id="165" dir="1" index="1" bw="16" slack="1"/>
</pin_list>
<bind>
<opset="j (phireg) "/>
</bind>
</comp>

<comp id="167" class="1004" name="j_phi_fu_167">
<pin_list>
<pin id="168" dir="0" index="0" bw="16" slack="0"/>
<pin id="169" dir="0" index="1" bw="0" slack="2147483647"/>
<pin id="170" dir="0" index="2" bw="1" slack="1"/>
<pin id="171" dir="0" index="3" bw="0" slack="2147483647"/>
<pin id="172" dir="1" index="4" bw="16" slack="0"/>
</pin_list>
<bind>
<opcode="phi(47) " fcode="phi"/>
<opset="j/4 "/>
</bind>
</comp>

<comp id="174" class="1004" name="grp_interleaveTileMem2Stream2D_inner_fu_174">
<pin_list>
<pin id="175" dir="0" index="0" bw="0" slack="0"/>
<pin id="176" dir="0" index="1" bw="256" slack="0"/>
<pin id="177" dir="0" index="2" bw="256" slack="0"/>
<pin id="178" dir="0" index="3" bw="14" slack="2"/>
<pin id="179" dir="0" index="4" bw="14" slack="2"/>
<pin id="180" dir="0" index="5" bw="1" slack="2"/>
<pin id="181" dir="0" index="6" bw="256" slack="0"/>
<pin id="182" dir="0" index="7" bw="64" slack="1"/>
<pin id="183" dir="0" index="8" bw="256" slack="0"/>
<pin id="184" dir="0" index="9" bw="64" slack="1"/>
<pin id="185" dir="1" index="10" bw="0" slack="2147483647"/>
</pin_list>
<bind>
<opcode="call(48) " fcode="call"/>
<opset="call_ln6001/5 "/>
</bind>
</comp>

<comp id="191" class="1004" name="grp_load_fu_191">
<pin_list>
<pin id="192" dir="0" index="0" bw="16" slack="2"/>
<pin id="193" dir="1" index="1" bw="16" slack="0"/>
</pin_list>
<bind>
<opcode="load(27) " fcode="load"/>
<opset="indvars_iv_i_load_3/3 indvars_iv_i_load/4 "/>
</bind>
</comp>

<comp id="194" class="1004" name="empty_fu_194">
<pin_list>
<pin id="195" dir="0" index="0" bw="16" slack="0"/>
<pin id="196" dir="1" index="1" bw="3" slack="1"/>
</pin_list>
<bind>
<opcode="trunc(33) " fcode="trunc"/>
<opset="empty/1 "/>
</bind>
</comp>

<comp id="198" class="1004" name="zext_ln5952_fu_198">
<pin_list>
<pin id="199" dir="0" index="0" bw="13" slack="0"/>
<pin id="200" dir="1" index="1" bw="14" slack="0"/>
</pin_list>
<bind>
<opcode="zext(34) " fcode="zext"/>
<opset="zext_ln5952/1 "/>
</bind>
</comp>

<comp id="202" class="1004" name="add_ln5952_fu_202">
<pin_list>
<pin id="203" dir="0" index="0" bw="13" slack="0"/>
<pin id="204" dir="0" index="1" bw="4" slack="0"/>
<pin id="205" dir="1" index="2" bw="14" slack="0"/>
</pin_list>
<bind>
<opcode="add(8) " fcode="add"/>
<opset="add_ln5952/1 "/>
</bind>
</comp>

<comp id="208" class="1004" name="lshr_ln_fu_208">
<pin_list>
<pin id="209" dir="0" index="0" bw="11" slack="0"/>
<pin id="210" dir="0" index="1" bw="14" slack="0"/>
<pin id="211" dir="0" index="2" bw="3" slack="0"/>
<pin id="212" dir="0" index="3" bw="5" slack="0"/>
<pin id="213" dir="1" index="4" bw="11" slack="0"/>
</pin_list>
<bind>
<opcode="partselect(1002) " fcode="partselect"/>
<opset="lshr_ln/1 "/>
</bind>
</comp>

<comp id="218" class="1004" name="config_tile_count_x_cast_i_fu_218">
<pin_list>
<pin id="219" dir="0" index="0" bw="16" slack="0"/>
<pin id="220" dir="1" index="1" bw="17" slack="0"/>
</pin_list>
<bind>
<opcode="zext(34) " fcode="zext"/>
<opset="config_tile_count_x_cast_i/1 "/>
</bind>
</comp>

<comp id="222" class="1004" name="sub_i_fu_222">
<pin_list>
<pin id="223" dir="0" index="0" bw="16" slack="0"/>
<pin id="224" dir="0" index="1" bw="1" slack="0"/>
<pin id="225" dir="1" index="2" bw="17" slack="1"/>
</pin_list>
<bind>
<opcode="add(8) " fcode="add"/>
<opset="sub_i/1 "/>
</bind>
</comp>

<comp id="228" class="1004" name="zext_ln5955_fu_228">
<pin_list>
<pin id="229" dir="0" index="0" bw="11" slack="0"/>
<pin id="230" dir="1" index="1" bw="27" slack="3"/>
</pin_list>
<bind>
<opcode="zext(34) " fcode="zext"/>
<opset="zext_ln5955/1 "/>
</bind>
</comp>

<comp id="232" class="1004" name="store_ln5955_store_fu_232">
<pin_list>
<pin id="233" dir="0" index="0" bw="1" slack="0"/>
<pin id="234" dir="0" index="1" bw="16" slack="0"/>
<pin id="235" dir="1" index="2" bw="0" slack="2147483647"/>
</pin_list>
<bind>
<opcode="store(28) " fcode="store"/>
<opset="store_ln5955/1 "/>
</bind>
</comp>

<comp id="237" class="1004" name="store_ln5955_store_fu_237">
<pin_list>
<pin id="238" dir="0" index="0" bw="1" slack="0"/>
<pin id="239" dir="0" index="1" bw="16" slack="0"/>
<pin id="240" dir="1" index="2" bw="0" slack="2147483647"/>
</pin_list>
<bind>
<opcode="store(28) " fcode="store"/>
<opset="store_ln5955/1 "/>
</bind>
</comp>

<comp id="242" class="1004" name="tile_x_11_load_fu_242">
<pin_list>
<pin id="243" dir="0" index="0" bw="16" slack="1"/>
<pin id="244" dir="1" index="1" bw="16" slack="0"/>
</pin_list>
<bind>
<opcode="load(27) " fcode="load"/>
<opset="tile_x_11/2 "/>
</bind>
</comp>

<comp id="245" class="1004" name="zext_ln5955_1_fu_245">
<pin_list>
<pin id="246" dir="0" index="0" bw="16" slack="0"/>
<pin id="247" dir="1" index="1" bw="17" slack="0"/>
</pin_list>
<bind>
<opcode="zext(34) " fcode="zext"/>
<opset="zext_ln5955_1/2 "/>
</bind>
</comp>

<comp id="249" class="1004" name="icmp_ln5955_fu_249">
<pin_list>
<pin id="250" dir="0" index="0" bw="16" slack="0"/>
<pin id="251" dir="0" index="1" bw="16" slack="1"/>
<pin id="252" dir="1" index="2" bw="1" slack="2147483647"/>
</pin_list>
<bind>
<opcode="icmp(45) " fcode="icmp"/>
<opset="icmp_ln5955/2 "/>
</bind>
</comp>

<comp id="254" class="1004" name="add_ln5955_fu_254">
<pin_list>
<pin id="255" dir="0" index="0" bw="16" slack="0"/>
<pin id="256" dir="0" index="1" bw="1" slack="0"/>
<pin id="257" dir="1" index="2" bw="16" slack="2"/>
</pin_list>
<bind>
<opcode="add(8) " fcode="add"/>
<opset="add_ln5955/2 "/>
</bind>
</comp>

<comp id="260" class="1004" name="trunc_ln5957_fu_260">
<pin_list>
<pin id="261" dir="0" index="0" bw="16" slack="0"/>
<pin id="262" dir="1" index="1" bw="3" slack="0"/>
</pin_list>
<bind>
<opcode="trunc(33) " fcode="trunc"/>
<opset="trunc_ln5957/2 "/>
</bind>
</comp>

<comp id="264" class="1004" name="tile_offset_x_fu_264">
<pin_list>
<pin id="265" dir="0" index="0" bw="3" slack="0"/>
<pin id="266" dir="0" index="1" bw="3" slack="1"/>
<pin id="267" dir="1" index="2" bw="3" slack="1"/>
</pin_list>
<bind>
<opcode="mul(12) " fcode="mul"/>
<opset="tile_offset_x/2 "/>
</bind>
</comp>

<comp id="269" class="1004" name="icmp_ln5958_fu_269">
<pin_list>
<pin id="270" dir="0" index="0" bw="17" slack="1"/>
<pin id="271" dir="0" index="1" bw="17" slack="0"/>
<pin id="272" dir="1" index="2" bw="1" slack="0"/>
</pin_list>
<bind>
<opcode="icmp(45) " fcode="icmp"/>
<opset="icmp_ln5958/2 "/>
</bind>
</comp>

<comp id="274" class="1004" name="tile_size_x_fu_274">
<pin_list>
<pin id="275" dir="0" index="0" bw="1" slack="0"/>
<pin id="276" dir="0" index="1" bw="16" slack="1"/>
<pin id="277" dir="0" index="2" bw="16" slack="1"/>
<pin id="278" dir="1" index="3" bw="16" slack="0"/>
</pin_list>
<bind>
<opcode="select(49) " fcode="select"/>
<opset="tile_size_x/2 "/>
</bind>
</comp>

<comp id="280" class="1004" name="rem_x_fu_280">
<pin_list>
<pin id="281" dir="0" index="0" bw="16" slack="0"/>
<pin id="282" dir="1" index="1" bw="3" slack="1"/>
</pin_list>
<bind>
<opcode="trunc(33) " fcode="trunc"/>
<opset="rem_x/2 "/>
</bind>
</comp>

<comp id="284" class="1004" name="trunc_ln_fu_284">
<pin_list>
<pin id="285" dir="0" index="0" bw="13" slack="0"/>
<pin id="286" dir="0" index="1" bw="16" slack="0"/>
<pin id="287" dir="0" index="2" bw="3" slack="0"/>
<pin id="288" dir="0" index="3" bw="5" slack="0"/>
<pin id="289" dir="1" index="4" bw="13" slack="1"/>
</pin_list>
<bind>
<opcode="partselect(1002) " fcode="partselect"/>
<opset="trunc_ln/2 "/>
</bind>
</comp>

<comp id="294" class="1004" name="lshr_ln1_fu_294">
<pin_list>
<pin id="295" dir="0" index="0" bw="13" slack="0"/>
<pin id="296" dir="0" index="1" bw="16" slack="0"/>
<pin id="297" dir="0" index="2" bw="3" slack="0"/>
<pin id="298" dir="0" index="3" bw="5" slack="0"/>
<pin id="299" dir="1" index="4" bw="13" slack="0"/>
</pin_list>
<bind>
<opcode="partselect(1002) " fcode="partselect"/>
<opset="lshr_ln1/3 "/>
</bind>
</comp>

<comp id="304" class="1004" name="zext_ln5957_fu_304">
<pin_list>
<pin id="305" dir="0" index="0" bw="13" slack="0"/>
<pin id="306" dir="1" index="1" bw="27" slack="1"/>
</pin_list>
<bind>
<opcode="zext(34) " fcode="zext"/>
<opset="zext_ln5957/3 "/>
</bind>
</comp>

<comp id="308" class="1004" name="zext_ln5963_fu_308">
<pin_list>
<pin id="309" dir="0" index="0" bw="13" slack="1"/>
<pin id="310" dir="1" index="1" bw="14" slack="0"/>
</pin_list>
<bind>
<opcode="zext(34) " fcode="zext"/>
<opset="zext_ln5963/3 "/>
</bind>
</comp>

<comp id="311" class="1004" name="zext_ln5964_fu_311">
<pin_list>
<pin id="312" dir="0" index="0" bw="3" slack="1"/>
<pin id="313" dir="1" index="1" bw="4" slack="0"/>
</pin_list>
<bind>
<opcode="zext(34) " fcode="zext"/>
<opset="zext_ln5964/3 "/>
</bind>
</comp>

<comp id="314" class="1004" name="zext_ln5980_fu_314">
<pin_list>
<pin id="315" dir="0" index="0" bw="3" slack="1"/>
<pin id="316" dir="1" index="1" bw="4" slack="0"/>
</pin_list>
<bind>
<opcode="zext(34) " fcode="zext"/>
<opset="zext_ln5980/3 "/>
</bind>
</comp>

<comp id="317" class="1004" name="end_sum_fu_317">
<pin_list>
<pin id="318" dir="0" index="0" bw="3" slack="0"/>
<pin id="319" dir="0" index="1" bw="3" slack="0"/>
<pin id="320" dir="1" index="2" bw="4" slack="0"/>
</pin_list>
<bind>
<opcode="add(8) " fcode="add"/>
<opset="end_sum/3 "/>
</bind>
</comp>

<comp id="323" class="1004" name="end_bank_fu_323">
<pin_list>
<pin id="324" dir="0" index="0" bw="3" slack="1"/>
<pin id="325" dir="0" index="1" bw="3" slack="1"/>
<pin id="326" dir="1" index="2" bw="3" slack="0"/>
</pin_list>
<bind>
<opcode="add(8) " fcode="add"/>
<opset="end_bank/3 "/>
</bind>
</comp>

<comp id="327" class="1004" name="wrapped_fu_327">
<pin_list>
<pin id="328" dir="0" index="0" bw="1" slack="0"/>
<pin id="329" dir="0" index="1" bw="4" slack="0"/>
<pin id="330" dir="0" index="2" bw="3" slack="0"/>
<pin id="331" dir="1" index="3" bw="1" slack="0"/>
</pin_list>
<bind>
<opcode="bitselect(1000) " fcode="bitselect"/>
<opset="wrapped/3 "/>
</bind>
</comp>

<comp id="335" class="1004" name="ge_start_fu_335">
<pin_list>
<pin id="336" dir="0" index="0" bw="3" slack="1"/>
<pin id="337" dir="0" index="1" bw="3" slack="0"/>
<pin id="338" dir="1" index="2" bw="1" slack="0"/>
</pin_list>
<bind>
<opcode="icmp(45) " fcode="icmp"/>
<opset="ge_start/3 "/>
</bind>
</comp>

<comp id="340" class="1004" name="lt_end_fu_340">
<pin_list>
<pin id="341" dir="0" index="0" bw="3" slack="0"/>
<pin id="342" dir="0" index="1" bw="3" slack="0"/>
<pin id="343" dir="1" index="2" bw="1" slack="0"/>
</pin_list>
<bind>
<opcode="icmp(45) " fcode="icmp"/>
<opset="lt_end/3 "/>
</bind>
</comp>

<comp id="346" class="1004" name="or_ln5991_fu_346">
<pin_list>
<pin id="347" dir="0" index="0" bw="1" slack="0"/>
<pin id="348" dir="0" index="1" bw="1" slack="0"/>
<pin id="349" dir="1" index="2" bw="1" slack="0"/>
</pin_list>
<bind>
<opcode="or(24) " fcode="or"/>
<opset="or_ln5991/3 "/>
</bind>
</comp>

<comp id="352" class="1004" name="and_ln5991_fu_352">
<pin_list>
<pin id="353" dir="0" index="0" bw="1" slack="0"/>
<pin id="354" dir="0" index="1" bw="1" slack="0"/>
<pin id="355" dir="1" index="2" bw="1" slack="0"/>
</pin_list>
<bind>
<opcode="and(23) " fcode="and"/>
<opset="and_ln5991/3 "/>
</bind>
</comp>

<comp id="358" class="1004" name="extra_fu_358">
<pin_list>
<pin id="359" dir="0" index="0" bw="1" slack="0"/>
<pin id="360" dir="0" index="1" bw="1" slack="0"/>
<pin id="361" dir="0" index="2" bw="1" slack="0"/>
<pin id="362" dir="1" index="3" bw="1" slack="0"/>
</pin_list>
<bind>
<opcode="select(49) " fcode="select"/>
<opset="extra/3 "/>
</bind>
</comp>

<comp id="366" class="1004" name="zext_ln5992_fu_366">
<pin_list>
<pin id="367" dir="0" index="0" bw="1" slack="0"/>
<pin id="368" dir="1" index="1" bw="14" slack="0"/>
</pin_list>
<bind>
<opcode="zext(34) " fcode="zext"/>
<opset="zext_ln5992/3 "/>
</bind>
</comp>

<comp id="370" class="1004" name="add_ln5992_fu_370">
<pin_list>
<pin id="371" dir="0" index="0" bw="13" slack="0"/>
<pin id="372" dir="0" index="1" bw="1" slack="0"/>
<pin id="373" dir="1" index="2" bw="14" slack="2"/>
</pin_list>
<bind>
<opcode="add(8) " fcode="add"/>
<opset="add_ln5992/3 "/>
</bind>
</comp>

<comp id="376" class="1004" name="icmp_ln5993_fu_376">
<pin_list>
<pin id="377" dir="0" index="0" bw="3" slack="1"/>
<pin id="378" dir="0" index="1" bw="3" slack="0"/>
<pin id="379" dir="1" index="2" bw="1" slack="2"/>
</pin_list>
<bind>
<opcode="icmp(45) " fcode="icmp"/>
<opset="icmp_ln5993/3 "/>
</bind>
</comp>

<comp id="381" class="1004" name="tmp_fu_381">
<pin_list>
<pin id="382" dir="0" index="0" bw="1" slack="0"/>
<pin id="383" dir="0" index="1" bw="4" slack="0"/>
<pin id="384" dir="0" index="2" bw="3" slack="0"/>
<pin id="385" dir="1" index="3" bw="1" slack="0"/>
</pin_list>
<bind>
<opcode="bitselect(1000) " fcode="bitselect"/>
<opset="tmp/3 "/>
</bind>
</comp>

<comp id="389" class="1004" name="zext_ln5992_1_fu_389">
<pin_list>
<pin id="390" dir="0" index="0" bw="1" slack="0"/>
<pin id="391" dir="1" index="1" bw="14" slack="0"/>
</pin_list>
<bind>
<opcode="zext(34) " fcode="zext"/>
<opset="zext_ln5992_1/3 "/>
</bind>
</comp>

<comp id="393" class="1004" name="add_ln5992_1_fu_393">
<pin_list>
<pin id="394" dir="0" index="0" bw="13" slack="0"/>
<pin id="395" dir="0" index="1" bw="1" slack="0"/>
<pin id="396" dir="1" index="2" bw="14" slack="2"/>
</pin_list>
<bind>
<opcode="add(8) " fcode="add"/>
<opset="add_ln5992_1/3 "/>
</bind>
</comp>

<comp id="399" class="1004" name="icmp_ln6000_fu_399">
<pin_list>
<pin id="400" dir="0" index="0" bw="16" slack="0"/>
<pin id="401" dir="0" index="1" bw="16" slack="3"/>
<pin id="402" dir="1" index="2" bw="1" slack="2147483647"/>
</pin_list>
<bind>
<opcode="icmp(45) " fcode="icmp"/>
<opset="icmp_ln6000/4 "/>
</bind>
</comp>

<comp id="404" class="1004" name="j_8_fu_404">
<pin_list>
<pin id="405" dir="0" index="0" bw="16" slack="0"/>
<pin id="406" dir="0" index="1" bw="1" slack="0"/>
<pin id="407" dir="1" index="2" bw="16" slack="0"/>
</pin_list>
<bind>
<opcode="add(8) " fcode="add"/>
<opset="j_8/4 "/>
</bind>
</comp>

<comp id="410" class="1004" name="shl_ln_fu_410">
<pin_list>
<pin id="411" dir="0" index="0" bw="32" slack="0"/>
<pin id="412" dir="0" index="1" bw="27" slack="0"/>
<pin id="413" dir="0" index="2" bw="1" slack="0"/>
<pin id="414" dir="1" index="3" bw="32" slack="0"/>
</pin_list>
<bind>
<opcode="bitconcatenate(1004) " fcode="bitconcatenate"/>
<opset="shl_ln/4 "/>
</bind>
</comp>

<comp id="418" class="1004" name="zext_ln6002_fu_418">
<pin_list>
<pin id="419" dir="0" index="0" bw="32" slack="0"/>
<pin id="420" dir="1" index="1" bw="64" slack="0"/>
</pin_list>
<bind>
<opcode="zext(34) " fcode="zext"/>
<opset="zext_ln6002/4 "/>
</bind>
</comp>

<comp id="422" class="1004" name="add_ln6002_fu_422">
<pin_list>
<pin id="423" dir="0" index="0" bw="32" slack="0"/>
<pin id="424" dir="0" index="1" bw="64" slack="3"/>
<pin id="425" dir="1" index="2" bw="64" slack="1"/>
</pin_list>
<bind>
<opcode="add(8) " fcode="add"/>
<opset="add_ln6002/4 "/>
</bind>
</comp>

<comp id="427" class="1004" name="add_ln6002_1_fu_427">
<pin_list>
<pin id="428" dir="0" index="0" bw="32" slack="0"/>
<pin id="429" dir="0" index="1" bw="64" slack="3"/>
<pin id="430" dir="1" index="2" bw="64" slack="1"/>
</pin_list>
<bind>
<opcode="add(8) " fcode="add"/>
<opset="add_ln6002_1/4 "/>
</bind>
</comp>

<comp id="432" class="1004" name="add_ln6003_fu_432">
<pin_list>
<pin id="433" dir="0" index="0" bw="11" slack="3"/>
<pin id="434" dir="0" index="1" bw="27" slack="0"/>
<pin id="435" dir="1" index="2" bw="27" slack="0"/>
</pin_list>
<bind>
<opcode="add(8) " fcode="add"/>
<opset="add_ln6003/4 "/>
</bind>
</comp>

<comp id="437" class="1004" name="add_ln5955_1_fu_437">
<pin_list>
<pin id="438" dir="0" index="0" bw="16" slack="0"/>
<pin id="439" dir="0" index="1" bw="16" slack="3"/>
<pin id="440" dir="1" index="2" bw="16" slack="0"/>
</pin_list>
<bind>
<opcode="add(8) " fcode="add"/>
<opset="add_ln5955_1/4 "/>
</bind>
</comp>

<comp id="442" class="1004" name="store_ln5955_store_fu_442">
<pin_list>
<pin id="443" dir="0" index="0" bw="16" slack="2"/>
<pin id="444" dir="0" index="1" bw="16" slack="3"/>
<pin id="445" dir="1" index="2" bw="0" slack="2147483647"/>
</pin_list>
<bind>
<opcode="store(28) " fcode="store"/>
<opset="store_ln5955/4 "/>
</bind>
</comp>

<comp id="446" class="1004" name="store_ln5955_store_fu_446">
<pin_list>
<pin id="447" dir="0" index="0" bw="16" slack="0"/>
<pin id="448" dir="0" index="1" bw="16" slack="3"/>
<pin id="449" dir="1" index="2" bw="0" slack="2147483647"/>
</pin_list>
<bind>
<opcode="store(28) " fcode="store"/>
<opset="store_ln5955/4 "/>
</bind>
</comp>

<comp id="451" class="1005" name="indvars_iv_i_reg_451">
<pin_list>
<pin id="452" dir="0" index="0" bw="16" slack="0"/>
<pin id="453" dir="1" index="1" bw="16" slack="0"/>
</pin_list>
<bind>
<opset="indvars_iv_i "/>
</bind>
</comp>

<comp id="458" class="1005" name="tile_x_reg_458">
<pin_list>
<pin id="459" dir="0" index="0" bw="16" slack="0"/>
<pin id="460" dir="1" index="1" bw="16" slack="0"/>
</pin_list>
<bind>
<opset="tile_x "/>
</bind>
</comp>

<comp id="465" class="1005" name="arg0_b7_read_reg_465">
<pin_list>
<pin id="466" dir="0" index="0" bw="64" slack="3"/>
<pin id="467" dir="1" index="1" bw="64" slack="3"/>
</pin_list>
<bind>
<opset="arg0_b7_read "/>
</bind>
</comp>

<comp id="470" class="1005" name="arg0_b6_read_reg_470">
<pin_list>
<pin id="471" dir="0" index="0" bw="64" slack="3"/>
<pin id="472" dir="1" index="1" bw="64" slack="3"/>
</pin_list>
<bind>
<opset="arg0_b6_read "/>
</bind>
</comp>

<comp id="475" class="1005" name="p_read511_reg_475">
<pin_list>
<pin id="476" dir="0" index="0" bw="16" slack="1"/>
<pin id="477" dir="1" index="1" bw="16" slack="1"/>
</pin_list>
<bind>
<opset="p_read511 "/>
</bind>
</comp>

<comp id="480" class="1005" name="p_read410_reg_480">
<pin_list>
<pin id="481" dir="0" index="0" bw="16" slack="3"/>
<pin id="482" dir="1" index="1" bw="16" slack="3"/>
</pin_list>
<bind>
<opset="p_read410 "/>
</bind>
</comp>

<comp id="485" class="1005" name="p_read39_reg_485">
<pin_list>
<pin id="486" dir="0" index="0" bw="16" slack="1"/>
<pin id="487" dir="1" index="1" bw="16" slack="1"/>
</pin_list>
<bind>
<opset="p_read39 "/>
</bind>
</comp>

<comp id="490" class="1005" name="p_read28_reg_490">
<pin_list>
<pin id="491" dir="0" index="0" bw="16" slack="1"/>
<pin id="492" dir="1" index="1" bw="16" slack="1"/>
</pin_list>
<bind>
<opset="p_read28 "/>
</bind>
</comp>

<comp id="495" class="1005" name="p_read17_reg_495">
<pin_list>
<pin id="496" dir="0" index="0" bw="16" slack="3"/>
<pin id="497" dir="1" index="1" bw="16" slack="3"/>
</pin_list>
<bind>
<opset="p_read17 "/>
</bind>
</comp>

<comp id="500" class="1005" name="empty_reg_500">
<pin_list>
<pin id="501" dir="0" index="0" bw="3" slack="1"/>
<pin id="502" dir="1" index="1" bw="3" slack="1"/>
</pin_list>
<bind>
<opset="empty "/>
</bind>
</comp>

<comp id="505" class="1005" name="sub_i_reg_505">
<pin_list>
<pin id="506" dir="0" index="0" bw="17" slack="1"/>
<pin id="507" dir="1" index="1" bw="17" slack="1"/>
</pin_list>
<bind>
<opset="sub_i "/>
</bind>
</comp>

<comp id="510" class="1005" name="zext_ln5955_reg_510">
<pin_list>
<pin id="511" dir="0" index="0" bw="27" slack="3"/>
<pin id="512" dir="1" index="1" bw="27" slack="3"/>
</pin_list>
<bind>
<opset="zext_ln5955 "/>
</bind>
</comp>

<comp id="518" class="1005" name="add_ln5955_reg_518">
<pin_list>
<pin id="519" dir="0" index="0" bw="16" slack="2"/>
<pin id="520" dir="1" index="1" bw="16" slack="2"/>
</pin_list>
<bind>
<opset="add_ln5955 "/>
</bind>
</comp>

<comp id="523" class="1005" name="tile_offset_x_reg_523">
<pin_list>
<pin id="524" dir="0" index="0" bw="3" slack="1"/>
<pin id="525" dir="1" index="1" bw="3" slack="1"/>
</pin_list>
<bind>
<opset="tile_offset_x "/>
</bind>
</comp>

<comp id="531" class="1005" name="rem_x_reg_531">
<pin_list>
<pin id="532" dir="0" index="0" bw="3" slack="1"/>
<pin id="533" dir="1" index="1" bw="3" slack="1"/>
</pin_list>
<bind>
<opset="rem_x "/>
</bind>
</comp>

<comp id="537" class="1005" name="trunc_ln_reg_537">
<pin_list>
<pin id="538" dir="0" index="0" bw="13" slack="1"/>
<pin id="539" dir="1" index="1" bw="13" slack="1"/>
</pin_list>
<bind>
<opset="trunc_ln "/>
</bind>
</comp>

<comp id="542" class="1005" name="zext_ln5957_reg_542">
<pin_list>
<pin id="543" dir="0" index="0" bw="27" slack="1"/>
<pin id="544" dir="1" index="1" bw="27" slack="1"/>
</pin_list>
<bind>
<opset="zext_ln5957 "/>
</bind>
</comp>

<comp id="547" class="1005" name="add_ln5992_reg_547">
<pin_list>
<pin id="548" dir="0" index="0" bw="14" slack="2"/>
<pin id="549" dir="1" index="1" bw="14" slack="2"/>
</pin_list>
<bind>
<opset="add_ln5992 "/>
</bind>
</comp>

<comp id="552" class="1005" name="icmp_ln5993_reg_552">
<pin_list>
<pin id="553" dir="0" index="0" bw="1" slack="2"/>
<pin id="554" dir="1" index="1" bw="1" slack="2"/>
</pin_list>
<bind>
<opset="icmp_ln5993 "/>
</bind>
</comp>

<comp id="557" class="1005" name="add_ln5992_1_reg_557">
<pin_list>
<pin id="558" dir="0" index="0" bw="14" slack="2"/>
<pin id="559" dir="1" index="1" bw="14" slack="2"/>
</pin_list>
<bind>
<opset="add_ln5992_1 "/>
</bind>
</comp>

<comp id="565" class="1005" name="j_8_reg_565">
<pin_list>
<pin id="566" dir="0" index="0" bw="16" slack="0"/>
<pin id="567" dir="1" index="1" bw="16" slack="0"/>
</pin_list>
<bind>
<opset="j_8 "/>
</bind>
</comp>

<comp id="570" class="1005" name="add_ln6002_reg_570">
<pin_list>
<pin id="571" dir="0" index="0" bw="64" slack="1"/>
<pin id="572" dir="1" index="1" bw="64" slack="1"/>
</pin_list>
<bind>
<opset="add_ln6002 "/>
</bind>
</comp>

<comp id="575" class="1005" name="add_ln6002_1_reg_575">
<pin_list>
<pin id="576" dir="0" index="0" bw="64" slack="1"/>
<pin id="577" dir="1" index="1" bw="64" slack="1"/>
</pin_list>
<bind>
<opset="add_ln6002_1 "/>
</bind>
</comp>

<comp id="580" class="1005" name="add_ln6003_reg_580">
<pin_list>
<pin id="581" dir="0" index="0" bw="27" slack="0"/>
<pin id="582" dir="1" index="1" bw="27" slack="0"/>
</pin_list>
<bind>
<opset="add_ln6003 "/>
</bind>
</comp>

</comp_list>

<net_list>
<net id="101"><net_src comp="24" pin="0"/><net_sink comp="98" pin=0"/></net>

<net id="105"><net_src comp="24" pin="0"/><net_sink comp="102" pin=0"/></net>

<net id="110"><net_src comp="26" pin="0"/><net_sink comp="106" pin=0"/></net>

<net id="111"><net_src comp="22" pin="0"/><net_sink comp="106" pin=1"/></net>

<net id="116"><net_src comp="26" pin="0"/><net_sink comp="112" pin=0"/></net>

<net id="117"><net_src comp="18" pin="0"/><net_sink comp="112" pin=1"/></net>

<net id="122"><net_src comp="28" pin="0"/><net_sink comp="118" pin=0"/></net>

<net id="123"><net_src comp="14" pin="0"/><net_sink comp="118" pin=1"/></net>

<net id="128"><net_src comp="28" pin="0"/><net_sink comp="124" pin=0"/></net>

<net id="129"><net_src comp="12" pin="0"/><net_sink comp="124" pin=1"/></net>

<net id="134"><net_src comp="28" pin="0"/><net_sink comp="130" pin=0"/></net>

<net id="135"><net_src comp="10" pin="0"/><net_sink comp="130" pin=1"/></net>

<net id="140"><net_src comp="28" pin="0"/><net_sink comp="136" pin=0"/></net>

<net id="141"><net_src comp="8" pin="0"/><net_sink comp="136" pin=1"/></net>

<net id="146"><net_src comp="28" pin="0"/><net_sink comp="142" pin=0"/></net>

<net id="147"><net_src comp="6" pin="0"/><net_sink comp="142" pin=1"/></net>

<net id="152"><net_src comp="30" pin="0"/><net_sink comp="148" pin=0"/></net>

<net id="153"><net_src comp="4" pin="0"/><net_sink comp="148" pin=1"/></net>

<net id="166"><net_src comp="68" pin="0"/><net_sink comp="163" pin=0"/></net>

<net id="173"><net_src comp="163" pin="1"/><net_sink comp="167" pin=2"/></net>

<net id="186"><net_src comp="94" pin="0"/><net_sink comp="174" pin=0"/></net>

<net id="187"><net_src comp="0" pin="0"/><net_sink comp="174" pin=1"/></net>

<net id="188"><net_src comp="2" pin="0"/><net_sink comp="174" pin=2"/></net>

<net id="189"><net_src comp="16" pin="0"/><net_sink comp="174" pin=6"/></net>

<net id="190"><net_src comp="20" pin="0"/><net_sink comp="174" pin=8"/></net>

<net id="197"><net_src comp="124" pin="2"/><net_sink comp="194" pin=0"/></net>

<net id="201"><net_src comp="148" pin="2"/><net_sink comp="198" pin=0"/></net>

<net id="206"><net_src comp="198" pin="1"/><net_sink comp="202" pin=0"/></net>

<net id="207"><net_src comp="58" pin="0"/><net_sink comp="202" pin=1"/></net>

<net id="214"><net_src comp="60" pin="0"/><net_sink comp="208" pin=0"/></net>

<net id="215"><net_src comp="202" pin="2"/><net_sink comp="208" pin=1"/></net>

<net id="216"><net_src comp="62" pin="0"/><net_sink comp="208" pin=2"/></net>

<net id="217"><net_src comp="64" pin="0"/><net_sink comp="208" pin=3"/></net>

<net id="221"><net_src comp="136" pin="2"/><net_sink comp="218" pin=0"/></net>

<net id="226"><net_src comp="218" pin="1"/><net_sink comp="222" pin=0"/></net>

<net id="227"><net_src comp="66" pin="0"/><net_sink comp="222" pin=1"/></net>

<net id="231"><net_src comp="208" pin="4"/><net_sink comp="228" pin=0"/></net>

<net id="236"><net_src comp="68" pin="0"/><net_sink comp="232" pin=0"/></net>

<net id="241"><net_src comp="68" pin="0"/><net_sink comp="237" pin=0"/></net>

<net id="248"><net_src comp="242" pin="1"/><net_sink comp="245" pin=0"/></net>

<net id="253"><net_src comp="242" pin="1"/><net_sink comp="249" pin=0"/></net>

<net id="258"><net_src comp="242" pin="1"/><net_sink comp="254" pin=0"/></net>

<net id="259"><net_src comp="76" pin="0"/><net_sink comp="254" pin=1"/></net>

<net id="263"><net_src comp="242" pin="1"/><net_sink comp="260" pin=0"/></net>

<net id="268"><net_src comp="260" pin="1"/><net_sink comp="264" pin=0"/></net>

<net id="273"><net_src comp="245" pin="1"/><net_sink comp="269" pin=1"/></net>

<net id="279"><net_src comp="269" pin="2"/><net_sink comp="274" pin=0"/></net>

<net id="283"><net_src comp="274" pin="3"/><net_sink comp="280" pin=0"/></net>

<net id="290"><net_src comp="78" pin="0"/><net_sink comp="284" pin=0"/></net>

<net id="291"><net_src comp="274" pin="3"/><net_sink comp="284" pin=1"/></net>

<net id="292"><net_src comp="62" pin="0"/><net_sink comp="284" pin=2"/></net>

<net id="293"><net_src comp="80" pin="0"/><net_sink comp="284" pin=3"/></net>

<net id="300"><net_src comp="78" pin="0"/><net_sink comp="294" pin=0"/></net>

<net id="301"><net_src comp="191" pin="1"/><net_sink comp="294" pin=1"/></net>

<net id="302"><net_src comp="62" pin="0"/><net_sink comp="294" pin=2"/></net>

<net id="303"><net_src comp="80" pin="0"/><net_sink comp="294" pin=3"/></net>

<net id="307"><net_src comp="294" pin="4"/><net_sink comp="304" pin=0"/></net>

<net id="321"><net_src comp="314" pin="1"/><net_sink comp="317" pin=0"/></net>

<net id="322"><net_src comp="311" pin="1"/><net_sink comp="317" pin=1"/></net>

<net id="332"><net_src comp="86" pin="0"/><net_sink comp="327" pin=0"/></net>

<net id="333"><net_src comp="317" pin="2"/><net_sink comp="327" pin=1"/></net>

<net id="334"><net_src comp="62" pin="0"/><net_sink comp="327" pin=2"/></net>

<net id="339"><net_src comp="88" pin="0"/><net_sink comp="335" pin=1"/></net>

<net id="344"><net_src comp="323" pin="2"/><net_sink comp="340" pin=0"/></net>

<net id="345"><net_src comp="88" pin="0"/><net_sink comp="340" pin=1"/></net>

<net id="350"><net_src comp="335" pin="2"/><net_sink comp="346" pin=0"/></net>

<net id="351"><net_src comp="340" pin="2"/><net_sink comp="346" pin=1"/></net>

<net id="356"><net_src comp="335" pin="2"/><net_sink comp="352" pin=0"/></net>

<net id="357"><net_src comp="340" pin="2"/><net_sink comp="352" pin=1"/></net>

<net id="363"><net_src comp="327" pin="3"/><net_sink comp="358" pin=0"/></net>

<net id="364"><net_src comp="346" pin="2"/><net_sink comp="358" pin=1"/></net>

<net id="365"><net_src comp="352" pin="2"/><net_sink comp="358" pin=2"/></net>

<net id="369"><net_src comp="358" pin="3"/><net_sink comp="366" pin=0"/></net>

<net id="374"><net_src comp="308" pin="1"/><net_sink comp="370" pin=0"/></net>

<net id="375"><net_src comp="366" pin="1"/><net_sink comp="370" pin=1"/></net>

<net id="380"><net_src comp="88" pin="0"/><net_sink comp="376" pin=1"/></net>

<net id="386"><net_src comp="86" pin="0"/><net_sink comp="381" pin=0"/></net>

<net id="387"><net_src comp="317" pin="2"/><net_sink comp="381" pin=1"/></net>

<net id="388"><net_src comp="62" pin="0"/><net_sink comp="381" pin=2"/></net>

<net id="392"><net_src comp="381" pin="3"/><net_sink comp="389" pin=0"/></net>

<net id="397"><net_src comp="308" pin="1"/><net_sink comp="393" pin=0"/></net>

<net id="398"><net_src comp="389" pin="1"/><net_sink comp="393" pin=1"/></net>

<net id="403"><net_src comp="167" pin="4"/><net_sink comp="399" pin=0"/></net>

<net id="408"><net_src comp="167" pin="4"/><net_sink comp="404" pin=0"/></net>

<net id="409"><net_src comp="76" pin="0"/><net_sink comp="404" pin=1"/></net>

<net id="415"><net_src comp="90" pin="0"/><net_sink comp="410" pin=0"/></net>

<net id="416"><net_src comp="157" pin="4"/><net_sink comp="410" pin=1"/></net>

<net id="417"><net_src comp="92" pin="0"/><net_sink comp="410" pin=2"/></net>

<net id="421"><net_src comp="410" pin="3"/><net_sink comp="418" pin=0"/></net>

<net id="426"><net_src comp="418" pin="1"/><net_sink comp="422" pin=0"/></net>

<net id="431"><net_src comp="418" pin="1"/><net_sink comp="427" pin=0"/></net>

<net id="436"><net_src comp="157" pin="4"/><net_sink comp="432" pin=1"/></net>

<net id="441"><net_src comp="191" pin="1"/><net_sink comp="437" pin=0"/></net>

<net id="450"><net_src comp="437" pin="2"/><net_sink comp="446" pin=0"/></net>

<net id="454"><net_src comp="98" pin="1"/><net_sink comp="451" pin=0"/></net>

<net id="455"><net_src comp="451" pin="1"/><net_sink comp="237" pin=1"/></net>

<net id="456"><net_src comp="451" pin="1"/><net_sink comp="191" pin=0"/></net>

<net id="457"><net_src comp="451" pin="1"/><net_sink comp="446" pin=1"/></net>

<net id="461"><net_src comp="102" pin="1"/><net_sink comp="458" pin=0"/></net>

<net id="462"><net_src comp="458" pin="1"/><net_sink comp="232" pin=1"/></net>

<net id="463"><net_src comp="458" pin="1"/><net_sink comp="242" pin=0"/></net>

<net id="464"><net_src comp="458" pin="1"/><net_sink comp="442" pin=1"/></net>

<net id="468"><net_src comp="106" pin="2"/><net_sink comp="465" pin=0"/></net>

<net id="469"><net_src comp="465" pin="1"/><net_sink comp="427" pin=1"/></net>

<net id="473"><net_src comp="112" pin="2"/><net_sink comp="470" pin=0"/></net>

<net id="474"><net_src comp="470" pin="1"/><net_sink comp="422" pin=1"/></net>

<net id="478"><net_src comp="118" pin="2"/><net_sink comp="475" pin=0"/></net>

<net id="479"><net_src comp="475" pin="1"/><net_sink comp="274" pin=1"/></net>

<net id="483"><net_src comp="124" pin="2"/><net_sink comp="480" pin=0"/></net>

<net id="484"><net_src comp="480" pin="1"/><net_sink comp="437" pin=1"/></net>

<net id="488"><net_src comp="130" pin="2"/><net_sink comp="485" pin=0"/></net>

<net id="489"><net_src comp="485" pin="1"/><net_sink comp="274" pin=2"/></net>

<net id="493"><net_src comp="136" pin="2"/><net_sink comp="490" pin=0"/></net>

<net id="494"><net_src comp="490" pin="1"/><net_sink comp="249" pin=1"/></net>

<net id="498"><net_src comp="142" pin="2"/><net_sink comp="495" pin=0"/></net>

<net id="499"><net_src comp="495" pin="1"/><net_sink comp="399" pin=1"/></net>

<net id="503"><net_src comp="194" pin="1"/><net_sink comp="500" pin=0"/></net>

<net id="504"><net_src comp="500" pin="1"/><net_sink comp="264" pin=1"/></net>

<net id="508"><net_src comp="222" pin="2"/><net_sink comp="505" pin=0"/></net>

<net id="509"><net_src comp="505" pin="1"/><net_sink comp="269" pin=0"/></net>

<net id="513"><net_src comp="228" pin="1"/><net_sink comp="510" pin=0"/></net>

<net id="514"><net_src comp="510" pin="1"/><net_sink comp="432" pin=0"/></net>

<net id="521"><net_src comp="254" pin="2"/><net_sink comp="518" pin=0"/></net>

<net id="522"><net_src comp="518" pin="1"/><net_sink comp="442" pin=0"/></net>

<net id="526"><net_src comp="264" pin="2"/><net_sink comp="523" pin=0"/></net>

<net id="527"><net_src comp="523" pin="1"/><net_sink comp="314" pin=0"/></net>

<net id="528"><net_src comp="523" pin="1"/><net_sink comp="323" pin=0"/></net>

<net id="529"><net_src comp="523" pin="1"/><net_sink comp="335" pin=0"/></net>

<net id="530"><net_src comp="523" pin="1"/><net_sink comp="376" pin=0"/></net>

<net id="534"><net_src comp="280" pin="1"/><net_sink comp="531" pin=0"/></net>

<net id="535"><net_src comp="531" pin="1"/><net_sink comp="311" pin=0"/></net>

<net id="536"><net_src comp="531" pin="1"/><net_sink comp="323" pin=1"/></net>

<net id="540"><net_src comp="284" pin="4"/><net_sink comp="537" pin=0"/></net>

<net id="541"><net_src comp="537" pin="1"/><net_sink comp="308" pin=0"/></net>

<net id="545"><net_src comp="304" pin="1"/><net_sink comp="542" pin=0"/></net>

<net id="546"><net_src comp="542" pin="1"/><net_sink comp="157" pin=2"/></net>

<net id="550"><net_src comp="370" pin="2"/><net_sink comp="547" pin=0"/></net>

<net id="551"><net_src comp="547" pin="1"/><net_sink comp="174" pin=3"/></net>

<net id="555"><net_src comp="376" pin="2"/><net_sink comp="552" pin=0"/></net>

<net id="556"><net_src comp="552" pin="1"/><net_sink comp="174" pin=5"/></net>

<net id="560"><net_src comp="393" pin="2"/><net_sink comp="557" pin=0"/></net>

<net id="561"><net_src comp="557" pin="1"/><net_sink comp="174" pin=4"/></net>

<net id="568"><net_src comp="404" pin="2"/><net_sink comp="565" pin=0"/></net>

<net id="569"><net_src comp="565" pin="1"/><net_sink comp="167" pin=0"/></net>

<net id="573"><net_src comp="422" pin="2"/><net_sink comp="570" pin=0"/></net>

<net id="574"><net_src comp="570" pin="1"/><net_sink comp="174" pin=7"/></net>

<net id="578"><net_src comp="427" pin="2"/><net_sink comp="575" pin=0"/></net>

<net id="579"><net_src comp="575" pin="1"/><net_sink comp="174" pin=9"/></net>

<net id="583"><net_src comp="432" pin="2"/><net_sink comp="580" pin=0"/></net>

<net id="584"><net_src comp="580" pin="1"/><net_sink comp="157" pin=0"/></net>

</net_list>

</model> 
---------------- Datapath Model END ------------------

* FSMD analyzer results:
  - Output states:
	Port: arg0_read_mem_strm_6 | {5 6 }
	Port: arg0_read_mem_strm_7 | {5 6 }
	Port: gmem6 | {}
	Port: gmem7 | {}
 - Input state : 
	Port: interleaveTileMem2stream2D : p_read | {1 }
	Port: interleaveTileMem2stream2D : p_read1 | {1 }
	Port: interleaveTileMem2stream2D : p_read2 | {1 }
	Port: interleaveTileMem2stream2D : p_read3 | {1 }
	Port: interleaveTileMem2stream2D : p_read4 | {1 }
	Port: interleaveTileMem2stream2D : p_read5 | {1 }
	Port: interleaveTileMem2stream2D : gmem6 | {5 6 }
	Port: interleaveTileMem2stream2D : arg0_b6 | {1 }
	Port: interleaveTileMem2stream2D : gmem7 | {5 6 }
	Port: interleaveTileMem2stream2D : arg0_b7 | {1 }
  - Chain level:
	State 1
		add_ln5952 : 1
		lshr_ln : 2
		sub_i : 1
		zext_ln5955 : 3
		store_ln5955 : 1
		store_ln5955 : 1
	State 2
		zext_ln5955_1 : 1
		icmp_ln5955 : 1
		add_ln5955 : 1
		br_ln5955 : 2
		trunc_ln5957 : 1
		tile_offset_x : 2
		icmp_ln5958 : 2
		tile_size_x : 3
		rem_x : 4
		trunc_ln : 4
	State 3
		lshr_ln1 : 1
		zext_ln5957 : 2
		end_sum : 1
		wrapped : 2
		lt_end : 1
		or_ln5991 : 2
		and_ln5991 : 2
		extra : 2
		zext_ln5992 : 3
		add_ln5992 : 4
		tmp : 2
		zext_ln5992_1 : 3
		add_ln5992_1 : 4
	State 4
		icmp_ln6000 : 1
		j_8 : 1
		br_ln6000 : 2
		shl_ln : 1
		zext_ln6002 : 2
		add_ln6002 : 3
		add_ln6002_1 : 3
		add_ln6003 : 1
		add_ln5955_1 : 1
		store_ln5955 : 2
	State 5
	State 6


============================================================
+ Verbose Summary: Datapath Resource usage 
============================================================

* Functional unit list:
|----------|---------------------------------------------|---------|---------|---------|---------|
| Operation|               Functional Unit               |   DSP   |  Delay  |    FF   |   LUT   |
|----------|---------------------------------------------|---------|---------|---------|---------|
|   call   | grp_interleaveTileMem2Stream2D_inner_fu_174 |    0    |  2.709  |   1548  |   200   |
|----------|---------------------------------------------|---------|---------|---------|---------|
|          |              add_ln5952_fu_202              |    0    |    0    |    0    |    20   |
|          |                 sub_i_fu_222                |    0    |    0    |    0    |    23   |
|          |              add_ln5955_fu_254              |    0    |    0    |    0    |    23   |
|          |                end_sum_fu_317               |    0    |    0    |    0    |    10   |
|          |               end_bank_fu_323               |    0    |    0    |    0    |    10   |
|    add   |              add_ln5992_fu_370              |    0    |    0    |    0    |    20   |
|          |             add_ln5992_1_fu_393             |    0    |    0    |    0    |    20   |
|          |                  j_8_fu_404                 |    0    |    0    |    0    |    23   |
|          |              add_ln6002_fu_422              |    0    |    0    |    0    |    71   |
|          |             add_ln6002_1_fu_427             |    0    |    0    |    0    |    71   |
|          |              add_ln6003_fu_432              |    0    |    0    |    0    |    34   |
|          |             add_ln5955_1_fu_437             |    0    |    0    |    0    |    23   |
|----------|---------------------------------------------|---------|---------|---------|---------|
|          |              icmp_ln5955_fu_249             |    0    |    0    |    0    |    13   |
|          |              icmp_ln5958_fu_269             |    0    |    0    |    0    |    13   |
|   icmp   |               ge_start_fu_335               |    0    |    0    |    0    |    8    |
|          |                lt_end_fu_340                |    0    |    0    |    0    |    8    |
|          |              icmp_ln5993_fu_376             |    0    |    0    |    0    |    8    |
|          |              icmp_ln6000_fu_399             |    0    |    0    |    0    |    13   |
|----------|---------------------------------------------|---------|---------|---------|---------|
|  select  |              tile_size_x_fu_274             |    0    |    0    |    0    |    16   |
|          |                 extra_fu_358                |    0    |    0    |    0    |    2    |
|----------|---------------------------------------------|---------|---------|---------|---------|
|    mul   |             tile_offset_x_fu_264            |    0    |    0    |    0    |    8    |
|----------|---------------------------------------------|---------|---------|---------|---------|
|    or    |               or_ln5991_fu_346              |    0    |    0    |    0    |    2    |
|----------|---------------------------------------------|---------|---------|---------|---------|
|    and   |              and_ln5991_fu_352              |    0    |    0    |    0    |    2    |
|----------|---------------------------------------------|---------|---------|---------|---------|
|          |           arg0_b7_read_read_fu_106          |    0    |    0    |    0    |    0    |
|          |           arg0_b6_read_read_fu_112          |    0    |    0    |    0    |    0    |
|          |            p_read511_read_fu_118            |    0    |    0    |    0    |    0    |
|   read   |            p_read410_read_fu_124            |    0    |    0    |    0    |    0    |
|          |             p_read39_read_fu_130            |    0    |    0    |    0    |    0    |
|          |             p_read28_read_fu_136            |    0    |    0    |    0    |    0    |
|          |             p_read17_read_fu_142            |    0    |    0    |    0    |    0    |
|          |            p_read_36_read_fu_148            |    0    |    0    |    0    |    0    |
|----------|---------------------------------------------|---------|---------|---------|---------|
|          |                 empty_fu_194                |    0    |    0    |    0    |    0    |
|   trunc  |             trunc_ln5957_fu_260             |    0    |    0    |    0    |    0    |
|          |                 rem_x_fu_280                |    0    |    0    |    0    |    0    |
|----------|---------------------------------------------|---------|---------|---------|---------|
|          |              zext_ln5952_fu_198             |    0    |    0    |    0    |    0    |
|          |      config_tile_count_x_cast_i_fu_218      |    0    |    0    |    0    |    0    |
|          |              zext_ln5955_fu_228             |    0    |    0    |    0    |    0    |
|          |             zext_ln5955_1_fu_245            |    0    |    0    |    0    |    0    |
|          |              zext_ln5957_fu_304             |    0    |    0    |    0    |    0    |
|   zext   |              zext_ln5963_fu_308             |    0    |    0    |    0    |    0    |
|          |              zext_ln5964_fu_311             |    0    |    0    |    0    |    0    |
|          |              zext_ln5980_fu_314             |    0    |    0    |    0    |    0    |
|          |              zext_ln5992_fu_366             |    0    |    0    |    0    |    0    |
|          |             zext_ln5992_1_fu_389            |    0    |    0    |    0    |    0    |
|          |              zext_ln6002_fu_418             |    0    |    0    |    0    |    0    |
|----------|---------------------------------------------|---------|---------|---------|---------|
|          |                lshr_ln_fu_208               |    0    |    0    |    0    |    0    |
|partselect|               trunc_ln_fu_284               |    0    |    0    |    0    |    0    |
|          |               lshr_ln1_fu_294               |    0    |    0    |    0    |    0    |
|----------|---------------------------------------------|---------|---------|---------|---------|
| bitselect|                wrapped_fu_327               |    0    |    0    |    0    |    0    |
|          |                  tmp_fu_381                 |    0    |    0    |    0    |    0    |
|----------|---------------------------------------------|---------|---------|---------|---------|
|bitconcatenate|                shl_ln_fu_410                |    0    |    0    |    0    |    0    |
|----------|---------------------------------------------|---------|---------|---------|---------|
|   Total  |                                             |    0    |  2.709  |   1548  |   641   |
|----------|---------------------------------------------|---------|---------|---------|---------|

Memories:
N/A

* Register list:
+---------------------+--------+
|                     |   FF   |
+---------------------+--------+
|  add_ln5955_reg_518 |   16   |
| add_ln5992_1_reg_557|   14   |
|  add_ln5992_reg_547 |   14   |
| add_ln6002_1_reg_575|   64   |
|  add_ln6002_reg_570 |   64   |
|  add_ln6003_reg_580 |   27   |
| arg0_b6_read_reg_470|   64   |
| arg0_b7_read_reg_465|   64   |
|    empty_reg_500    |    3   |
| icmp_ln5993_reg_552 |    1   |
| indvars_iv_i_reg_451|   16   |
|     j_8_reg_565     |   16   |
|      j_reg_163      |   16   |
|   p_read17_reg_495  |   16   |
|   p_read28_reg_490  |   16   |
|   p_read39_reg_485  |   16   |
|  p_read410_reg_480  |   16   |
|  p_read511_reg_475  |   16   |
|    rem_x_reg_531    |    3   |
|   row_base_reg_154  |   27   |
|    sub_i_reg_505    |   17   |
|tile_offset_x_reg_523|    3   |
|    tile_x_reg_458   |   16   |
|   trunc_ln_reg_537  |   13   |
| zext_ln5955_reg_510 |   27   |
| zext_ln5957_reg_542 |   27   |
+---------------------+--------+
|        Total        |   592  |
+---------------------+--------+

* Multiplexer (MUX) list: 
|--------|------|------|------|--------|
|  Comp  |  Pin | Size |  BW  | S x BW |
|--------|------|------|------|--------|
|  Total |      |      |      |    0   |
|--------|------|------|------|--------|



* Summary:
+-----------+--------+--------+--------+--------+
|           |   DSP  |  Delay |   FF   |   LUT  |
+-----------+--------+--------+--------+--------+
|  Function |    0   |    2   |  1548  |   641  |
|   Memory  |    -   |    -   |    -   |    -   |
|Multiplexer|    -   |    -   |    -   |    -   |
|  Register |    -   |    -   |   592  |    -   |
+-----------+--------+--------+--------+--------+
|   Total   |    0   |    2   |  2140  |   641  |
+-----------+--------+--------+--------+--------+
