

================================================================
== Vitis HLS Report for 'interleaveTileMem2stream2D_1'
================================================================
* Date:           Thu Aug 13 05:31:04 2026

* Version:        2022.2 (Build 3670227 on Oct 13 2022)
* Project:        datamover_outerloop_0
* Solution:       solution (Vitis Kernel Flow Target)
* Product family: virtexuplus
* Target device:  xcu280-fsvh2892-2L-e


================================================================
== Performance Estimates
================================================================
+ Timing: 
    * Summary: 
    +--------+---------+----------+------------+
    |  Clock |  Target | Estimated| Uncertainty|
    +--------+---------+----------+------------+
    |ap_clk  |  3.33 ns|  2.433 ns|     0.90 ns|
    +--------+---------+----------+------------+

+ Latency: 
    * Summary: 
    +---------+---------+----------+----------+-----+-----+---------+
    |  Latency (cycles) |  Latency (absolute) |  Interval | Pipeline|
    |   min   |   max   |    min   |    max   | min | max |   Type  |
    +---------+---------+----------+----------+-----+-----+---------+
    |        ?|        ?|         ?|         ?|    ?|    ?|       no|
    +---------+---------+----------+----------+-----+-----+---------+

    + Detail: 
        * Instance: 
        +-----------------------------------------------+------------------------------------+---------+---------+----------+----------+-----+-----+----------+
        |                                               |                                    |  Latency (cycles) |  Latency (absolute) |  Interval | Pipeline |
        |                    Instance                   |               Module               |   min   |   max   |    min   |    max   | min | max |   Type   |
        +-----------------------------------------------+------------------------------------+---------+---------+----------+----------+-----+-----+----------+
        |grp_interleaveTileMem2Stream2D_inner_1_fu_178  |interleaveTileMem2Stream2D_inner_1  |        ?|        ?|         ?|         ?|    ?|    ?|  dataflow|
        +-----------------------------------------------+------------------------------------+---------+---------+----------+----------+-----+-----+----------+

        * Loop: 
        +---------------+---------+---------+----------+-----------+-----------+-----------+----------+
        |               |  Latency (cycles) | Iteration|  Initiation Interval  |    Trip   |          |
        |   Loop Name   |   min   |   max   |  Latency |  achieved |   target  |   Count   | Pipelined|
        +---------------+---------+---------+----------+-----------+-----------+-----------+----------+
        |- tile_x_loop  |        ?|        ?|         ?|          -|          -|  0 ~ 65535|        no|
        | + row_loop    |        ?|        ?|         ?|          -|          -|          ?|        no|
        +---------------+---------+---------+----------+-----------+-----------+-----------+----------+

============================================================
+ Verbose Summary: Synthesis Manager
============================================================
InlineROM: 1
ExposeGlobal: 0
============================================================
+ Verbose Summary: CDFG Model
============================================================
IsTopModel: 0
ResetActiveHigh: 1
IsCombinational: 2
IsDatapathOnly: 0
HasWiredReturn: 1
HasMFsm: 0
HasVarLatency: 1
IsPipeline: 0
IsRtlPipelined: 0
IsInstanceOverlapped: 0
IsDontTouch: 0
HasImplIP: 0
IsGatedGlobalClock: 0


============================================================
+ Verbose Summary: Schedule
============================================================
* Number of FSM states : 6
* Pipeline : 0
* Dataflow Pipeline: 0

* FSM state transitions: 
1 --> 2 
2 --> 3 
3 --> 4 
4 --> 5 2 
5 --> 6 
6 --> 4 

* FSM state operations: 

State 1 <SV = 0> <Delay = 0.78>
ST_1 : Operation 7 [1/1] (0.00ns)   --->   "%indvars_iv_i = alloca i32 1"   --->   Operation 7 'alloca' 'indvars_iv_i' <Predicate = true> <Delay = 0.00>
ST_1 : Operation 8 [1/1] (0.00ns)   --->   "%tile_x = alloca i32 1"   --->   Operation 8 'alloca' 'tile_x' <Predicate = true> <Delay = 0.00>
ST_1 : Operation 9 [1/1] (0.00ns)   --->   "%arg0_b5_read = read i64 @_ssdm_op_Read.ap_auto.i64, i64 %arg0_b5"   --->   Operation 9 'read' 'arg0_b5_read' <Predicate = true> <Delay = 0.00>
ST_1 : Operation 10 [1/1] (0.00ns)   --->   "%arg0_b4_read = read i64 @_ssdm_op_Read.ap_auto.i64, i64 %arg0_b4"   --->   Operation 10 'read' 'arg0_b4_read' <Predicate = true> <Delay = 0.00>
ST_1 : Operation 11 [1/1] (0.00ns)   --->   "%p_read511 = read i16 @_ssdm_op_Read.ap_auto.i16, i16 %p_read5"   --->   Operation 11 'read' 'p_read511' <Predicate = true> <Delay = 0.00>
ST_1 : Operation 12 [1/1] (0.00ns)   --->   "%p_read410 = read i16 @_ssdm_op_Read.ap_auto.i16, i16 %p_read4"   --->   Operation 12 'read' 'p_read410' <Predicate = true> <Delay = 0.00>
ST_1 : Operation 13 [1/1] (0.00ns)   --->   "%p_read39 = read i16 @_ssdm_op_Read.ap_auto.i16, i16 %p_read3"   --->   Operation 13 'read' 'p_read39' <Predicate = true> <Delay = 0.00>
ST_1 : Operation 14 [1/1] (0.00ns)   --->   "%p_read28 = read i16 @_ssdm_op_Read.ap_auto.i16, i16 %p_read2"   --->   Operation 14 'read' 'p_read28' <Predicate = true> <Delay = 0.00>
ST_1 : Operation 15 [1/1] (0.00ns)   --->   "%p_read17 = read i16 @_ssdm_op_Read.ap_auto.i16, i16 %p_read1"   --->   Operation 15 'read' 'p_read17' <Predicate = true> <Delay = 0.00>
ST_1 : Operation 16 [1/1] (0.00ns)   --->   "%p_read_35 = read i13 @_ssdm_op_Read.ap_auto.i13, i13 %p_read"   --->   Operation 16 'read' 'p_read_35' <Predicate = true> <Delay = 0.00>
ST_1 : Operation 17 [1/1] (0.00ns)   --->   "%empty = trunc i16 %p_read410"   --->   Operation 17 'trunc' 'empty' <Predicate = true> <Delay = 0.00>
ST_1 : Operation 18 [1/1] (0.00ns)   --->   "%specinterface_ln0 = specinterface void @_ssdm_op_SpecInterface, i256 %arg0_read_mem_strm_5, void @empty_47, i32 0, i32 0, void @empty_49, i32 0, i32 0, void @empty_49, void @empty_49, void @empty_49, i32 0, i32 0, i32 0, i32 0, void @empty_49, void @empty_49, i32 4294967295, i32 0"   --->   Operation 18 'specinterface' 'specinterface_ln0' <Predicate = true> <Delay = 0.00>
ST_1 : Operation 19 [1/1] (0.00ns)   --->   "%specinterface_ln0 = specinterface void @_ssdm_op_SpecInterface, i256 %arg0_read_mem_strm_4, void @empty_47, i32 0, i32 0, void @empty_49, i32 0, i32 0, void @empty_49, void @empty_49, void @empty_49, i32 0, i32 0, i32 0, i32 0, void @empty_49, void @empty_49, i32 4294967295, i32 0"   --->   Operation 19 'specinterface' 'specinterface_ln0' <Predicate = true> <Delay = 0.00>
ST_1 : Operation 20 [1/1] (0.00ns)   --->   "%specinterface_ln0 = specinterface void @_ssdm_op_SpecInterface, i256 %gmem4, void @empty_58, i32 0, i32 0, void @empty_49, i32 40, i32 8192, void @empty_12, void @empty_51, void @empty_49, i32 4, i32 4, i32 16, i32 16, void @empty_49, void @empty_49, i32 4294967295, i32 0"   --->   Operation 20 'specinterface' 'specinterface_ln0' <Predicate = true> <Delay = 0.00>
ST_1 : Operation 21 [1/1] (0.00ns)   --->   "%specinterface_ln0 = specinterface void @_ssdm_op_SpecInterface, i256 %gmem5, void @empty_58, i32 0, i32 0, void @empty_49, i32 40, i32 8192, void @empty_78, void @empty_51, void @empty_49, i32 4, i32 4, i32 16, i32 16, void @empty_49, void @empty_49, i32 4294967295, i32 0"   --->   Operation 21 'specinterface' 'specinterface_ln0' <Predicate = true> <Delay = 0.00>
ST_1 : Operation 22 [1/1] (0.00ns)   --->   "%zext_ln5952 = zext i13 %p_read_35" [/home/x_thileeb/repos/ops-hls-batching-new/OPS/ops/hls/include/device/../../L1/include/ops_hls_datamover.hpp:5952->/home/x_thileeb/repos/ops-hls-batching-new/codegen_apps/tiling/poisson2d/u280_project/maxtile_8192_unalign_interleave_p7/hls/device/src/datamover_outerloop_0.cpp:221]   --->   Operation 22 'zext' 'zext_ln5952' <Predicate = true> <Delay = 0.00>
ST_1 : Operation 23 [1/1] (0.75ns)   --->   "%add_ln5952 = add i14 %zext_ln5952, i14 7" [/home/x_thileeb/repos/ops-hls-batching-new/OPS/ops/hls/include/device/../../L1/include/ops_hls_datamover.hpp:5952->/home/x_thileeb/repos/ops-hls-batching-new/codegen_apps/tiling/poisson2d/u280_project/maxtile_8192_unalign_interleave_p7/hls/device/src/datamover_outerloop_0.cpp:221]   --->   Operation 23 'add' 'add_ln5952' <Predicate = true> <Delay = 0.75> <CoreInst = "Adder">   --->   Core 1 'Adder' <Latency = 0> <II = 1> <Delay = 0.75> <FuncUnit> <Opcode : 'add' 'sub'> <InPorts = 2> <OutPorts = 1>
ST_1 : Operation 24 [1/1] (0.00ns)   --->   "%lshr_ln = partselect i11 @_ssdm_op_PartSelect.i11.i14.i32.i32, i14 %add_ln5952, i32 3, i32 13" [/home/x_thileeb/repos/ops-hls-batching-new/OPS/ops/hls/include/device/../../L1/include/ops_hls_datamover.hpp:5952->/home/x_thileeb/repos/ops-hls-batching-new/codegen_apps/tiling/poisson2d/u280_project/maxtile_8192_unalign_interleave_p7/hls/device/src/datamover_outerloop_0.cpp:221]   --->   Operation 24 'partselect' 'lshr_ln' <Predicate = true> <Delay = 0.00>
ST_1 : Operation 25 [1/1] (0.00ns)   --->   "%config_tile_count_x_cast_i = zext i16 %p_read28"   --->   Operation 25 'zext' 'config_tile_count_x_cast_i' <Predicate = true> <Delay = 0.00>
ST_1 : Operation 26 [1/1] (0.78ns)   --->   "%sub_i = add i17 %config_tile_count_x_cast_i, i17 131071"   --->   Operation 26 'add' 'sub_i' <Predicate = true> <Delay = 0.78> <CoreInst = "Adder">   --->   Core 1 'Adder' <Latency = 0> <II = 1> <Delay = 0.78> <FuncUnit> <Opcode : 'add' 'sub'> <InPorts = 2> <OutPorts = 1>
ST_1 : Operation 27 [1/1] (0.00ns)   --->   "%zext_ln5955 = zext i11 %lshr_ln" [/home/x_thileeb/repos/ops-hls-batching-new/OPS/ops/hls/include/device/../../L1/include/ops_hls_datamover.hpp:5955->/home/x_thileeb/repos/ops-hls-batching-new/codegen_apps/tiling/poisson2d/u280_project/maxtile_8192_unalign_interleave_p7/hls/device/src/datamover_outerloop_0.cpp:221]   --->   Operation 27 'zext' 'zext_ln5955' <Predicate = true> <Delay = 0.00>
ST_1 : Operation 28 [1/1] (0.38ns)   --->   "%store_ln5955 = store i16 0, i16 %tile_x" [/home/x_thileeb/repos/ops-hls-batching-new/OPS/ops/hls/include/device/../../L1/include/ops_hls_datamover.hpp:5955->/home/x_thileeb/repos/ops-hls-batching-new/codegen_apps/tiling/poisson2d/u280_project/maxtile_8192_unalign_interleave_p7/hls/device/src/datamover_outerloop_0.cpp:221]   --->   Operation 28 'store' 'store_ln5955' <Predicate = true> <Delay = 0.38>
ST_1 : Operation 29 [1/1] (0.38ns)   --->   "%store_ln5955 = store i16 0, i16 %indvars_iv_i" [/home/x_thileeb/repos/ops-hls-batching-new/OPS/ops/hls/include/device/../../L1/include/ops_hls_datamover.hpp:5955->/home/x_thileeb/repos/ops-hls-batching-new/codegen_apps/tiling/poisson2d/u280_project/maxtile_8192_unalign_interleave_p7/hls/device/src/datamover_outerloop_0.cpp:221]   --->   Operation 29 'store' 'store_ln5955' <Predicate = true> <Delay = 0.38>
ST_1 : Operation 30 [1/1] (0.00ns)   --->   "%br_ln5955 = br void %for.body.i" [/home/x_thileeb/repos/ops-hls-batching-new/OPS/ops/hls/include/device/../../L1/include/ops_hls_datamover.hpp:5955->/home/x_thileeb/repos/ops-hls-batching-new/codegen_apps/tiling/poisson2d/u280_project/maxtile_8192_unalign_interleave_p7/hls/device/src/datamover_outerloop_0.cpp:221]   --->   Operation 30 'br' 'br_ln5955' <Predicate = true> <Delay = 0.00>

State 2 <SV = 1> <Delay = 2.00>
ST_2 : Operation 31 [1/1] (0.00ns)   --->   "%tile_x_10 = load i16 %tile_x" [/home/x_thileeb/repos/ops-hls-batching-new/OPS/ops/hls/include/device/../../L1/include/ops_hls_datamover.hpp:5957->/home/x_thileeb/repos/ops-hls-batching-new/codegen_apps/tiling/poisson2d/u280_project/maxtile_8192_unalign_interleave_p7/hls/device/src/datamover_outerloop_0.cpp:221]   --->   Operation 31 'load' 'tile_x_10' <Predicate = true> <Delay = 0.00>
ST_2 : Operation 32 [1/1] (0.00ns)   --->   "%zext_ln5955_2 = zext i16 %tile_x_10" [/home/x_thileeb/repos/ops-hls-batching-new/OPS/ops/hls/include/device/../../L1/include/ops_hls_datamover.hpp:5955->/home/x_thileeb/repos/ops-hls-batching-new/codegen_apps/tiling/poisson2d/u280_project/maxtile_8192_unalign_interleave_p7/hls/device/src/datamover_outerloop_0.cpp:221]   --->   Operation 32 'zext' 'zext_ln5955_2' <Predicate = true> <Delay = 0.00>
ST_2 : Operation 33 [1/1] (0.67ns)   --->   "%icmp_ln5955 = icmp_eq  i16 %tile_x_10, i16 %p_read28" [/home/x_thileeb/repos/ops-hls-batching-new/OPS/ops/hls/include/device/../../L1/include/ops_hls_datamover.hpp:5955->/home/x_thileeb/repos/ops-hls-batching-new/codegen_apps/tiling/poisson2d/u280_project/maxtile_8192_unalign_interleave_p7/hls/device/src/datamover_outerloop_0.cpp:221]   --->   Operation 33 'icmp' 'icmp_ln5955' <Predicate = true> <Delay = 0.67> <CoreInst = "Cmp">   --->   Core 9 'Cmp' <Latency = 0> <II = 1> <Delay = 0.67> <FuncUnit> <Opcode : 'icmp'> <InPorts = 2> <OutPorts = 1>
ST_2 : Operation 34 [1/1] (0.00ns)   --->   "%speclooptripcount_ln0 = speclooptripcount void @_ssdm_op_SpecLoopTripCount, i64 0, i64 65535, i64 0"   --->   Operation 34 'speclooptripcount' 'speclooptripcount_ln0' <Predicate = true> <Delay = 0.00>
ST_2 : Operation 35 [1/1] (0.78ns)   --->   "%add_ln5955 = add i16 %tile_x_10, i16 1" [/home/x_thileeb/repos/ops-hls-batching-new/OPS/ops/hls/include/device/../../L1/include/ops_hls_datamover.hpp:5955->/home/x_thileeb/repos/ops-hls-batching-new/codegen_apps/tiling/poisson2d/u280_project/maxtile_8192_unalign_interleave_p7/hls/device/src/datamover_outerloop_0.cpp:221]   --->   Operation 35 'add' 'add_ln5955' <Predicate = true> <Delay = 0.78> <CoreInst = "Adder">   --->   Core 1 'Adder' <Latency = 0> <II = 1> <Delay = 0.78> <FuncUnit> <Opcode : 'add' 'sub'> <InPorts = 2> <OutPorts = 1>
ST_2 : Operation 36 [1/1] (0.00ns)   --->   "%br_ln5955 = br i1 %icmp_ln5955, void %for.body.split.i, void %interleaveTileMem2stream2D<(unsigned short)256, (unsigned short)8, (unsigned short)4, (unsigned short)2, (unsigned short)1, ap_uint<256>, ap_uint<256> >.exit" [/home/x_thileeb/repos/ops-hls-batching-new/OPS/ops/hls/include/device/../../L1/include/ops_hls_datamover.hpp:5955->/home/x_thileeb/repos/ops-hls-batching-new/codegen_apps/tiling/poisson2d/u280_project/maxtile_8192_unalign_interleave_p7/hls/device/src/datamover_outerloop_0.cpp:221]   --->   Operation 36 'br' 'br_ln5955' <Predicate = true> <Delay = 0.00>
ST_2 : Operation 37 [1/1] (0.00ns)   --->   "%trunc_ln5957 = trunc i16 %tile_x_10" [/home/x_thileeb/repos/ops-hls-batching-new/OPS/ops/hls/include/device/../../L1/include/ops_hls_datamover.hpp:5957->/home/x_thileeb/repos/ops-hls-batching-new/codegen_apps/tiling/poisson2d/u280_project/maxtile_8192_unalign_interleave_p7/hls/device/src/datamover_outerloop_0.cpp:221]   --->   Operation 37 'trunc' 'trunc_ln5957' <Predicate = (!icmp_ln5955)> <Delay = 0.00>
ST_2 : Operation 38 [1/1] (0.45ns)   --->   "%tile_offset_x = mul i3 %trunc_ln5957, i3 %empty" [/home/x_thileeb/repos/ops-hls-batching-new/OPS/ops/hls/include/device/../../L1/include/ops_hls_datamover.hpp:5957->/home/x_thileeb/repos/ops-hls-batching-new/codegen_apps/tiling/poisson2d/u280_project/maxtile_8192_unalign_interleave_p7/hls/device/src/datamover_outerloop_0.cpp:221]   --->   Operation 38 'mul' 'tile_offset_x' <Predicate = (!icmp_ln5955)> <Delay = 0.45> <CoreInst = "Multiplier">   --->   Core 3 'Multiplier' <Latency = 0> <II = 1> <Delay = 0.45> <FuncUnit> <Opcode : 'mul'> <InPorts = 2> <OutPorts = 1>
ST_2 : Operation 39 [1/1] (0.68ns)   --->   "%icmp_ln5958 = icmp_eq  i17 %sub_i, i17 %zext_ln5955_2" [/home/x_thileeb/repos/ops-hls-batching-new/OPS/ops/hls/include/device/../../L1/include/ops_hls_datamover.hpp:5958->/home/x_thileeb/repos/ops-hls-batching-new/codegen_apps/tiling/poisson2d/u280_project/maxtile_8192_unalign_interleave_p7/hls/device/src/datamover_outerloop_0.cpp:221]   --->   Operation 39 'icmp' 'icmp_ln5958' <Predicate = (!icmp_ln5955)> <Delay = 0.68> <CoreInst = "Cmp">   --->   Core 9 'Cmp' <Latency = 0> <II = 1> <Delay = 0.68> <FuncUnit> <Opcode : 'icmp'> <InPorts = 2> <OutPorts = 1>
ST_2 : Operation 40 [1/1] (0.24ns)   --->   "%tile_size_x = select i1 %icmp_ln5958, i16 %p_read511, i16 %p_read39" [/home/x_thileeb/repos/ops-hls-batching-new/OPS/ops/hls/include/device/../../L1/include/ops_hls_datamover.hpp:5958->/home/x_thileeb/repos/ops-hls-batching-new/codegen_apps/tiling/poisson2d/u280_project/maxtile_8192_unalign_interleave_p7/hls/device/src/datamover_outerloop_0.cpp:221]   --->   Operation 40 'select' 'tile_size_x' <Predicate = (!icmp_ln5955)> <Delay = 0.24> <CoreInst = "Sel">   --->   Core 73 'Sel' <Latency = 0> <II = 1> <Delay = 0.24> <FuncUnit> <Opcode : 'select'> <InPorts = 3> <OutPorts = 1>
ST_2 : Operation 41 [1/1] (0.00ns)   --->   "%rem_x = trunc i16 %tile_size_x" [/home/x_thileeb/repos/ops-hls-batching-new/OPS/ops/hls/include/device/../../L1/include/ops_hls_datamover.hpp:5958->/home/x_thileeb/repos/ops-hls-batching-new/codegen_apps/tiling/poisson2d/u280_project/maxtile_8192_unalign_interleave_p7/hls/device/src/datamover_outerloop_0.cpp:221]   --->   Operation 41 'trunc' 'rem_x' <Predicate = (!icmp_ln5955)> <Delay = 0.00>
ST_2 : Operation 42 [1/1] (0.00ns)   --->   "%trunc_ln = partselect i13 @_ssdm_op_PartSelect.i13.i16.i32.i32, i16 %tile_size_x, i32 3, i32 15" [/home/x_thileeb/repos/ops-hls-batching-new/OPS/ops/hls/include/device/../../L1/include/ops_hls_datamover.hpp:5963->/home/x_thileeb/repos/ops-hls-batching-new/codegen_apps/tiling/poisson2d/u280_project/maxtile_8192_unalign_interleave_p7/hls/device/src/datamover_outerloop_0.cpp:221]   --->   Operation 42 'partselect' 'trunc_ln' <Predicate = (!icmp_ln5955)> <Delay = 0.00>
ST_2 : Operation 43 [1/1] (0.00ns)   --->   "%zext_ln5964 = zext i3 %rem_x" [/home/x_thileeb/repos/ops-hls-batching-new/OPS/ops/hls/include/device/../../L1/include/ops_hls_datamover.hpp:5964->/home/x_thileeb/repos/ops-hls-batching-new/codegen_apps/tiling/poisson2d/u280_project/maxtile_8192_unalign_interleave_p7/hls/device/src/datamover_outerloop_0.cpp:221]   --->   Operation 43 'zext' 'zext_ln5964' <Predicate = (!icmp_ln5955)> <Delay = 0.00>
ST_2 : Operation 44 [1/1] (0.00ns)   --->   "%zext_ln5980 = zext i3 %tile_offset_x" [/home/x_thileeb/repos/ops-hls-batching-new/OPS/ops/hls/include/device/../../L1/include/ops_hls_datamover.hpp:5980->/home/x_thileeb/repos/ops-hls-batching-new/codegen_apps/tiling/poisson2d/u280_project/maxtile_8192_unalign_interleave_p7/hls/device/src/datamover_outerloop_0.cpp:221]   --->   Operation 44 'zext' 'zext_ln5980' <Predicate = (!icmp_ln5955)> <Delay = 0.00>
ST_2 : Operation 45 [1/1] (0.57ns)   --->   "%end_sum = add i4 %zext_ln5980, i4 %zext_ln5964" [/home/x_thileeb/repos/ops-hls-batching-new/OPS/ops/hls/include/device/../../L1/include/ops_hls_datamover.hpp:5981->/home/x_thileeb/repos/ops-hls-batching-new/codegen_apps/tiling/poisson2d/u280_project/maxtile_8192_unalign_interleave_p7/hls/device/src/datamover_outerloop_0.cpp:221]   --->   Operation 45 'add' 'end_sum' <Predicate = (!icmp_ln5955)> <Delay = 0.57> <CoreInst = "Adder">   --->   Core 1 'Adder' <Latency = 0> <II = 1> <Delay = 0.57> <FuncUnit> <Opcode : 'add' 'sub'> <InPorts = 2> <OutPorts = 1>
ST_2 : Operation 46 [1/1] (0.57ns)   --->   "%end_bank = add i3 %tile_offset_x, i3 %rem_x" [/home/x_thileeb/repos/ops-hls-batching-new/OPS/ops/hls/include/device/../../L1/include/ops_hls_datamover.hpp:5982->/home/x_thileeb/repos/ops-hls-batching-new/codegen_apps/tiling/poisson2d/u280_project/maxtile_8192_unalign_interleave_p7/hls/device/src/datamover_outerloop_0.cpp:221]   --->   Operation 46 'add' 'end_bank' <Predicate = (!icmp_ln5955)> <Delay = 0.57> <CoreInst = "Adder">   --->   Core 1 'Adder' <Latency = 0> <II = 1> <Delay = 0.57> <FuncUnit> <Opcode : 'add' 'sub'> <InPorts = 2> <OutPorts = 1>
ST_2 : Operation 47 [1/1] (0.00ns)   --->   "%wrapped = bitselect i1 @_ssdm_op_BitSelect.i1.i4.i32, i4 %end_sum, i32 3" [/home/x_thileeb/repos/ops-hls-batching-new/OPS/ops/hls/include/device/../../L1/include/ops_hls_datamover.hpp:5983->/home/x_thileeb/repos/ops-hls-batching-new/codegen_apps/tiling/poisson2d/u280_project/maxtile_8192_unalign_interleave_p7/hls/device/src/datamover_outerloop_0.cpp:221]   --->   Operation 47 'bitselect' 'wrapped' <Predicate = (!icmp_ln5955)> <Delay = 0.00>
ST_2 : Operation 48 [1/1] (0.49ns)   --->   "%lt_end = icmp_ugt  i3 %end_bank, i3 4" [/home/x_thileeb/repos/ops-hls-batching-new/OPS/ops/hls/include/device/../../L1/include/ops_hls_datamover.hpp:5990->/home/x_thileeb/repos/ops-hls-batching-new/codegen_apps/tiling/poisson2d/u280_project/maxtile_8192_unalign_interleave_p7/hls/device/src/datamover_outerloop_0.cpp:221]   --->   Operation 48 'icmp' 'lt_end' <Predicate = (!icmp_ln5955)> <Delay = 0.49> <CoreInst = "Cmp">   --->   Core 9 'Cmp' <Latency = 0> <II = 1> <Delay = 0.49> <FuncUnit> <Opcode : 'icmp'> <InPorts = 2> <OutPorts = 1>
ST_2 : Operation 49 [1/1] (0.49ns)   --->   "%lt_end_6 = icmp_ugt  i3 %end_bank, i3 5" [/home/x_thileeb/repos/ops-hls-batching-new/OPS/ops/hls/include/device/../../L1/include/ops_hls_datamover.hpp:5990->/home/x_thileeb/repos/ops-hls-batching-new/codegen_apps/tiling/poisson2d/u280_project/maxtile_8192_unalign_interleave_p7/hls/device/src/datamover_outerloop_0.cpp:221]   --->   Operation 49 'icmp' 'lt_end_6' <Predicate = (!icmp_ln5955)> <Delay = 0.49> <CoreInst = "Cmp">   --->   Core 9 'Cmp' <Latency = 0> <II = 1> <Delay = 0.49> <FuncUnit> <Opcode : 'icmp'> <InPorts = 2> <OutPorts = 1>
ST_2 : Operation 50 [1/1] (0.00ns)   --->   "%ret_ln221 = ret" [/home/x_thileeb/repos/ops-hls-batching-new/codegen_apps/tiling/poisson2d/u280_project/maxtile_8192_unalign_interleave_p7/hls/device/src/datamover_outerloop_0.cpp:221]   --->   Operation 50 'ret' 'ret_ln221' <Predicate = (icmp_ln5955)> <Delay = 0.00>

State 3 <SV = 2> <Delay = 1.25>
ST_3 : Operation 51 [1/1] (0.00ns)   --->   "%indvars_iv_i_load_2 = load i16 %indvars_iv_i" [/home/x_thileeb/repos/ops-hls-batching-new/OPS/ops/hls/include/device/../../L1/include/ops_hls_datamover.hpp:5957->/home/x_thileeb/repos/ops-hls-batching-new/codegen_apps/tiling/poisson2d/u280_project/maxtile_8192_unalign_interleave_p7/hls/device/src/datamover_outerloop_0.cpp:221]   --->   Operation 51 'load' 'indvars_iv_i_load_2' <Predicate = true> <Delay = 0.00>
ST_3 : Operation 52 [1/1] (0.00ns)   --->   "%specloopname_ln5955 = specloopname void @_ssdm_op_SpecLoopName, void @empty_28" [/home/x_thileeb/repos/ops-hls-batching-new/OPS/ops/hls/include/device/../../L1/include/ops_hls_datamover.hpp:5955->/home/x_thileeb/repos/ops-hls-batching-new/codegen_apps/tiling/poisson2d/u280_project/maxtile_8192_unalign_interleave_p7/hls/device/src/datamover_outerloop_0.cpp:221]   --->   Operation 52 'specloopname' 'specloopname_ln5955' <Predicate = true> <Delay = 0.00>
ST_3 : Operation 53 [1/1] (0.00ns)   --->   "%lshr_ln9 = partselect i13 @_ssdm_op_PartSelect.i13.i16.i32.i32, i16 %indvars_iv_i_load_2, i32 3, i32 15" [/home/x_thileeb/repos/ops-hls-batching-new/OPS/ops/hls/include/device/../../L1/include/ops_hls_datamover.hpp:5957->/home/x_thileeb/repos/ops-hls-batching-new/codegen_apps/tiling/poisson2d/u280_project/maxtile_8192_unalign_interleave_p7/hls/device/src/datamover_outerloop_0.cpp:221]   --->   Operation 53 'partselect' 'lshr_ln9' <Predicate = true> <Delay = 0.00>
ST_3 : Operation 54 [1/1] (0.00ns)   --->   "%zext_ln5957 = zext i13 %lshr_ln9" [/home/x_thileeb/repos/ops-hls-batching-new/OPS/ops/hls/include/device/../../L1/include/ops_hls_datamover.hpp:5957->/home/x_thileeb/repos/ops-hls-batching-new/codegen_apps/tiling/poisson2d/u280_project/maxtile_8192_unalign_interleave_p7/hls/device/src/datamover_outerloop_0.cpp:221]   --->   Operation 54 'zext' 'zext_ln5957' <Predicate = true> <Delay = 0.00>
ST_3 : Operation 55 [1/1] (0.00ns)   --->   "%zext_ln5963 = zext i13 %trunc_ln" [/home/x_thileeb/repos/ops-hls-batching-new/OPS/ops/hls/include/device/../../L1/include/ops_hls_datamover.hpp:5963->/home/x_thileeb/repos/ops-hls-batching-new/codegen_apps/tiling/poisson2d/u280_project/maxtile_8192_unalign_interleave_p7/hls/device/src/datamover_outerloop_0.cpp:221]   --->   Operation 55 'zext' 'zext_ln5963' <Predicate = true> <Delay = 0.00>
ST_3 : Operation 56 [1/1] (0.49ns)   --->   "%ge_start = icmp_ult  i3 %tile_offset_x, i3 5" [/home/x_thileeb/repos/ops-hls-batching-new/OPS/ops/hls/include/device/../../L1/include/ops_hls_datamover.hpp:5989->/home/x_thileeb/repos/ops-hls-batching-new/codegen_apps/tiling/poisson2d/u280_project/maxtile_8192_unalign_interleave_p7/hls/device/src/datamover_outerloop_0.cpp:221]   --->   Operation 56 'icmp' 'ge_start' <Predicate = true> <Delay = 0.49> <CoreInst = "Cmp">   --->   Core 9 'Cmp' <Latency = 0> <II = 1> <Delay = 0.49> <FuncUnit> <Opcode : 'icmp'> <InPorts = 2> <OutPorts = 1>
ST_3 : Operation 57 [1/1] (0.00ns) (grouped into LUT with out node add_ln5992)   --->   "%or_ln5991 = or i1 %ge_start, i1 %lt_end" [/home/x_thileeb/repos/ops-hls-batching-new/OPS/ops/hls/include/device/../../L1/include/ops_hls_datamover.hpp:5991->/home/x_thileeb/repos/ops-hls-batching-new/codegen_apps/tiling/poisson2d/u280_project/maxtile_8192_unalign_interleave_p7/hls/device/src/datamover_outerloop_0.cpp:221]   --->   Operation 57 'or' 'or_ln5991' <Predicate = (wrapped)> <Delay = 0.00> <CoreInst = "LogicGate">   --->   Core 74 'LogicGate' <Latency = 0> <II = 1> <Delay = 0.12> <FuncUnit> <Opcode : 'and' 'or' 'xor'> <InPorts = 2> <OutPorts = 1>
ST_3 : Operation 58 [1/1] (0.00ns) (grouped into LUT with out node add_ln5992)   --->   "%and_ln5991 = and i1 %ge_start, i1 %lt_end" [/home/x_thileeb/repos/ops-hls-batching-new/OPS/ops/hls/include/device/../../L1/include/ops_hls_datamover.hpp:5991->/home/x_thileeb/repos/ops-hls-batching-new/codegen_apps/tiling/poisson2d/u280_project/maxtile_8192_unalign_interleave_p7/hls/device/src/datamover_outerloop_0.cpp:221]   --->   Operation 58 'and' 'and_ln5991' <Predicate = (!wrapped)> <Delay = 0.00> <CoreInst = "LogicGate">   --->   Core 74 'LogicGate' <Latency = 0> <II = 1> <Delay = 0.12> <FuncUnit> <Opcode : 'and' 'or' 'xor'> <InPorts = 2> <OutPorts = 1>
ST_3 : Operation 59 [1/1] (0.00ns) (grouped into LUT with out node add_ln5992)   --->   "%extra = select i1 %wrapped, i1 %or_ln5991, i1 %and_ln5991" [/home/x_thileeb/repos/ops-hls-batching-new/OPS/ops/hls/include/device/../../L1/include/ops_hls_datamover.hpp:5991->/home/x_thileeb/repos/ops-hls-batching-new/codegen_apps/tiling/poisson2d/u280_project/maxtile_8192_unalign_interleave_p7/hls/device/src/datamover_outerloop_0.cpp:221]   --->   Operation 59 'select' 'extra' <Predicate = true> <Delay = 0.00> <CoreInst = "Sel">   --->   Core 73 'Sel' <Latency = 0> <II = 1> <Delay = 0.27> <FuncUnit> <Opcode : 'select'> <InPorts = 3> <OutPorts = 1>
ST_3 : Operation 60 [1/1] (0.00ns) (grouped into LUT with out node add_ln5992)   --->   "%zext_ln5992 = zext i1 %extra" [/home/x_thileeb/repos/ops-hls-batching-new/OPS/ops/hls/include/device/../../L1/include/ops_hls_datamover.hpp:5992->/home/x_thileeb/repos/ops-hls-batching-new/codegen_apps/tiling/poisson2d/u280_project/maxtile_8192_unalign_interleave_p7/hls/device/src/datamover_outerloop_0.cpp:221]   --->   Operation 60 'zext' 'zext_ln5992' <Predicate = true> <Delay = 0.00>
ST_3 : Operation 61 [1/1] (0.75ns) (out node of the LUT)   --->   "%add_ln5992 = add i14 %zext_ln5963, i14 %zext_ln5992" [/home/x_thileeb/repos/ops-hls-batching-new/OPS/ops/hls/include/device/../../L1/include/ops_hls_datamover.hpp:5992->/home/x_thileeb/repos/ops-hls-batching-new/codegen_apps/tiling/poisson2d/u280_project/maxtile_8192_unalign_interleave_p7/hls/device/src/datamover_outerloop_0.cpp:221]   --->   Operation 61 'add' 'add_ln5992' <Predicate = true> <Delay = 0.75> <CoreInst = "Adder">   --->   Core 1 'Adder' <Latency = 0> <II = 1> <Delay = 0.75> <FuncUnit> <Opcode : 'add' 'sub'> <InPorts = 2> <OutPorts = 1>
ST_3 : Operation 62 [1/1] (0.49ns)   --->   "%icmp_ln5993 = icmp_ugt  i3 %tile_offset_x, i3 4" [/home/x_thileeb/repos/ops-hls-batching-new/OPS/ops/hls/include/device/../../L1/include/ops_hls_datamover.hpp:5993->/home/x_thileeb/repos/ops-hls-batching-new/codegen_apps/tiling/poisson2d/u280_project/maxtile_8192_unalign_interleave_p7/hls/device/src/datamover_outerloop_0.cpp:221]   --->   Operation 62 'icmp' 'icmp_ln5993' <Predicate = true> <Delay = 0.49> <CoreInst = "Cmp">   --->   Core 9 'Cmp' <Latency = 0> <II = 1> <Delay = 0.49> <FuncUnit> <Opcode : 'icmp'> <InPorts = 2> <OutPorts = 1>
ST_3 : Operation 63 [1/1] (0.49ns)   --->   "%ge_start_6 = icmp_ult  i3 %tile_offset_x, i3 6" [/home/x_thileeb/repos/ops-hls-batching-new/OPS/ops/hls/include/device/../../L1/include/ops_hls_datamover.hpp:5989->/home/x_thileeb/repos/ops-hls-batching-new/codegen_apps/tiling/poisson2d/u280_project/maxtile_8192_unalign_interleave_p7/hls/device/src/datamover_outerloop_0.cpp:221]   --->   Operation 63 'icmp' 'ge_start_6' <Predicate = true> <Delay = 0.49> <CoreInst = "Cmp">   --->   Core 9 'Cmp' <Latency = 0> <II = 1> <Delay = 0.49> <FuncUnit> <Opcode : 'icmp'> <InPorts = 2> <OutPorts = 1>
ST_3 : Operation 64 [1/1] (0.00ns) (grouped into LUT with out node add_ln5992_2)   --->   "%or_ln5991_1 = or i1 %ge_start_6, i1 %lt_end_6" [/home/x_thileeb/repos/ops-hls-batching-new/OPS/ops/hls/include/device/../../L1/include/ops_hls_datamover.hpp:5991->/home/x_thileeb/repos/ops-hls-batching-new/codegen_apps/tiling/poisson2d/u280_project/maxtile_8192_unalign_interleave_p7/hls/device/src/datamover_outerloop_0.cpp:221]   --->   Operation 64 'or' 'or_ln5991_1' <Predicate = (wrapped)> <Delay = 0.00> <CoreInst = "LogicGate">   --->   Core 74 'LogicGate' <Latency = 0> <II = 1> <Delay = 0.12> <FuncUnit> <Opcode : 'and' 'or' 'xor'> <InPorts = 2> <OutPorts = 1>
ST_3 : Operation 65 [1/1] (0.00ns) (grouped into LUT with out node add_ln5992_2)   --->   "%and_ln5991_1 = and i1 %ge_start_6, i1 %lt_end_6" [/home/x_thileeb/repos/ops-hls-batching-new/OPS/ops/hls/include/device/../../L1/include/ops_hls_datamover.hpp:5991->/home/x_thileeb/repos/ops-hls-batching-new/codegen_apps/tiling/poisson2d/u280_project/maxtile_8192_unalign_interleave_p7/hls/device/src/datamover_outerloop_0.cpp:221]   --->   Operation 65 'and' 'and_ln5991_1' <Predicate = (!wrapped)> <Delay = 0.00> <CoreInst = "LogicGate">   --->   Core 74 'LogicGate' <Latency = 0> <II = 1> <Delay = 0.12> <FuncUnit> <Opcode : 'and' 'or' 'xor'> <InPorts = 2> <OutPorts = 1>
ST_3 : Operation 66 [1/1] (0.00ns) (grouped into LUT with out node add_ln5992_2)   --->   "%extra_7 = select i1 %wrapped, i1 %or_ln5991_1, i1 %and_ln5991_1" [/home/x_thileeb/repos/ops-hls-batching-new/OPS/ops/hls/include/device/../../L1/include/ops_hls_datamover.hpp:5991->/home/x_thileeb/repos/ops-hls-batching-new/codegen_apps/tiling/poisson2d/u280_project/maxtile_8192_unalign_interleave_p7/hls/device/src/datamover_outerloop_0.cpp:221]   --->   Operation 66 'select' 'extra_7' <Predicate = true> <Delay = 0.00> <CoreInst = "Sel">   --->   Core 73 'Sel' <Latency = 0> <II = 1> <Delay = 0.27> <FuncUnit> <Opcode : 'select'> <InPorts = 3> <OutPorts = 1>
ST_3 : Operation 67 [1/1] (0.00ns) (grouped into LUT with out node add_ln5992_2)   --->   "%zext_ln5992_2 = zext i1 %extra_7" [/home/x_thileeb/repos/ops-hls-batching-new/OPS/ops/hls/include/device/../../L1/include/ops_hls_datamover.hpp:5992->/home/x_thileeb/repos/ops-hls-batching-new/codegen_apps/tiling/poisson2d/u280_project/maxtile_8192_unalign_interleave_p7/hls/device/src/datamover_outerloop_0.cpp:221]   --->   Operation 67 'zext' 'zext_ln5992_2' <Predicate = true> <Delay = 0.00>
ST_3 : Operation 68 [1/1] (0.75ns) (out node of the LUT)   --->   "%add_ln5992_2 = add i14 %zext_ln5963, i14 %zext_ln5992_2" [/home/x_thileeb/repos/ops-hls-batching-new/OPS/ops/hls/include/device/../../L1/include/ops_hls_datamover.hpp:5992->/home/x_thileeb/repos/ops-hls-batching-new/codegen_apps/tiling/poisson2d/u280_project/maxtile_8192_unalign_interleave_p7/hls/device/src/datamover_outerloop_0.cpp:221]   --->   Operation 68 'add' 'add_ln5992_2' <Predicate = true> <Delay = 0.75> <CoreInst = "Adder">   --->   Core 1 'Adder' <Latency = 0> <II = 1> <Delay = 0.75> <FuncUnit> <Opcode : 'add' 'sub'> <InPorts = 2> <OutPorts = 1>
ST_3 : Operation 69 [1/1] (0.49ns)   --->   "%icmp_ln5993_1 = icmp_ugt  i3 %tile_offset_x, i3 5" [/home/x_thileeb/repos/ops-hls-batching-new/OPS/ops/hls/include/device/../../L1/include/ops_hls_datamover.hpp:5993->/home/x_thileeb/repos/ops-hls-batching-new/codegen_apps/tiling/poisson2d/u280_project/maxtile_8192_unalign_interleave_p7/hls/device/src/datamover_outerloop_0.cpp:221]   --->   Operation 69 'icmp' 'icmp_ln5993_1' <Predicate = true> <Delay = 0.49> <CoreInst = "Cmp">   --->   Core 9 'Cmp' <Latency = 0> <II = 1> <Delay = 0.49> <FuncUnit> <Opcode : 'icmp'> <InPorts = 2> <OutPorts = 1>
ST_3 : Operation 70 [1/1] (0.38ns)   --->   "%br_ln6000 = br void %for.inc76.i" [/home/x_thileeb/repos/ops-hls-batching-new/OPS/ops/hls/include/device/../../L1/include/ops_hls_datamover.hpp:6000->/home/x_thileeb/repos/ops-hls-batching-new/codegen_apps/tiling/poisson2d/u280_project/maxtile_8192_unalign_interleave_p7/hls/device/src/datamover_outerloop_0.cpp:221]   --->   Operation 70 'br' 'br_ln6000' <Predicate = true> <Delay = 0.38>

State 4 <SV = 3> <Delay = 1.17>
ST_4 : Operation 71 [1/1] (0.00ns)   --->   "%row_base = phi i27 %add_ln6003, void %for.inc76.split.i, i27 %zext_ln5957, void %for.body.split.i" [/home/x_thileeb/repos/ops-hls-batching-new/OPS/ops/hls/include/device/../../L1/include/ops_hls_datamover.hpp:6003->/home/x_thileeb/repos/ops-hls-batching-new/codegen_apps/tiling/poisson2d/u280_project/maxtile_8192_unalign_interleave_p7/hls/device/src/datamover_outerloop_0.cpp:221]   --->   Operation 71 'phi' 'row_base' <Predicate = true> <Delay = 0.00>
ST_4 : Operation 72 [1/1] (0.00ns)   --->   "%j = phi i16 %j_7, void %for.inc76.split.i, i16 0, void %for.body.split.i"   --->   Operation 72 'phi' 'j' <Predicate = true> <Delay = 0.00>
ST_4 : Operation 73 [1/1] (0.67ns)   --->   "%icmp_ln6000 = icmp_eq  i16 %j, i16 %p_read17" [/home/x_thileeb/repos/ops-hls-batching-new/OPS/ops/hls/include/device/../../L1/include/ops_hls_datamover.hpp:6000->/home/x_thileeb/repos/ops-hls-batching-new/codegen_apps/tiling/poisson2d/u280_project/maxtile_8192_unalign_interleave_p7/hls/device/src/datamover_outerloop_0.cpp:221]   --->   Operation 73 'icmp' 'icmp_ln6000' <Predicate = true> <Delay = 0.67> <CoreInst = "Cmp">   --->   Core 9 'Cmp' <Latency = 0> <II = 1> <Delay = 0.67> <FuncUnit> <Opcode : 'icmp'> <InPorts = 2> <OutPorts = 1>
ST_4 : Operation 74 [1/1] (0.78ns)   --->   "%j_7 = add i16 %j, i16 1" [/home/x_thileeb/repos/ops-hls-batching-new/OPS/ops/hls/include/device/../../L1/include/ops_hls_datamover.hpp:6000->/home/x_thileeb/repos/ops-hls-batching-new/codegen_apps/tiling/poisson2d/u280_project/maxtile_8192_unalign_interleave_p7/hls/device/src/datamover_outerloop_0.cpp:221]   --->   Operation 74 'add' 'j_7' <Predicate = true> <Delay = 0.78> <CoreInst = "Adder">   --->   Core 1 'Adder' <Latency = 0> <II = 1> <Delay = 0.78> <FuncUnit> <Opcode : 'add' 'sub'> <InPorts = 2> <OutPorts = 1>
ST_4 : Operation 75 [1/1] (0.00ns)   --->   "%br_ln6000 = br i1 %icmp_ln6000, void %for.inc76.split.i, void %for.inc79.loopexit.i" [/home/x_thileeb/repos/ops-hls-batching-new/OPS/ops/hls/include/device/../../L1/include/ops_hls_datamover.hpp:6000->/home/x_thileeb/repos/ops-hls-batching-new/codegen_apps/tiling/poisson2d/u280_project/maxtile_8192_unalign_interleave_p7/hls/device/src/datamover_outerloop_0.cpp:221]   --->   Operation 75 'br' 'br_ln6000' <Predicate = true> <Delay = 0.00>
ST_4 : Operation 76 [1/1] (0.00ns)   --->   "%shl_ln = bitconcatenate i32 @_ssdm_op_BitConcatenate.i32.i27.i5, i27 %row_base, i5 0" [/home/x_thileeb/repos/ops-hls-batching-new/OPS/ops/hls/include/device/../../L1/include/ops_hls_datamover.hpp:6002->/home/x_thileeb/repos/ops-hls-batching-new/codegen_apps/tiling/poisson2d/u280_project/maxtile_8192_unalign_interleave_p7/hls/device/src/datamover_outerloop_0.cpp:221]   --->   Operation 76 'bitconcatenate' 'shl_ln' <Predicate = (!icmp_ln6000)> <Delay = 0.00>
ST_4 : Operation 77 [1/1] (0.00ns)   --->   "%zext_ln6002 = zext i32 %shl_ln" [/home/x_thileeb/repos/ops-hls-batching-new/OPS/ops/hls/include/device/../../L1/include/ops_hls_datamover.hpp:6002->/home/x_thileeb/repos/ops-hls-batching-new/codegen_apps/tiling/poisson2d/u280_project/maxtile_8192_unalign_interleave_p7/hls/device/src/datamover_outerloop_0.cpp:221]   --->   Operation 77 'zext' 'zext_ln6002' <Predicate = (!icmp_ln6000)> <Delay = 0.00>
ST_4 : Operation 78 [1/1] (1.14ns)   --->   "%add_ln6002 = add i64 %zext_ln6002, i64 %arg0_b4_read" [/home/x_thileeb/repos/ops-hls-batching-new/OPS/ops/hls/include/device/../../L1/include/ops_hls_datamover.hpp:6002->/home/x_thileeb/repos/ops-hls-batching-new/codegen_apps/tiling/poisson2d/u280_project/maxtile_8192_unalign_interleave_p7/hls/device/src/datamover_outerloop_0.cpp:221]   --->   Operation 78 'add' 'add_ln6002' <Predicate = (!icmp_ln6000)> <Delay = 1.14> <CoreInst = "Adder">   --->   Core 1 'Adder' <Latency = 0> <II = 1> <Delay = 1.14> <FuncUnit> <Opcode : 'add' 'sub'> <InPorts = 2> <OutPorts = 1>
ST_4 : Operation 79 [1/1] (1.14ns)   --->   "%add_ln6002_2 = add i64 %zext_ln6002, i64 %arg0_b5_read" [/home/x_thileeb/repos/ops-hls-batching-new/OPS/ops/hls/include/device/../../L1/include/ops_hls_datamover.hpp:6002->/home/x_thileeb/repos/ops-hls-batching-new/codegen_apps/tiling/poisson2d/u280_project/maxtile_8192_unalign_interleave_p7/hls/device/src/datamover_outerloop_0.cpp:221]   --->   Operation 79 'add' 'add_ln6002_2' <Predicate = (!icmp_ln6000)> <Delay = 1.14> <CoreInst = "Adder">   --->   Core 1 'Adder' <Latency = 0> <II = 1> <Delay = 1.14> <FuncUnit> <Opcode : 'add' 'sub'> <InPorts = 2> <OutPorts = 1>
ST_4 : Operation 80 [1/1] (0.85ns)   --->   "%add_ln6003 = add i27 %zext_ln5955, i27 %row_base" [/home/x_thileeb/repos/ops-hls-batching-new/OPS/ops/hls/include/device/../../L1/include/ops_hls_datamover.hpp:6003->/home/x_thileeb/repos/ops-hls-batching-new/codegen_apps/tiling/poisson2d/u280_project/maxtile_8192_unalign_interleave_p7/hls/device/src/datamover_outerloop_0.cpp:221]   --->   Operation 80 'add' 'add_ln6003' <Predicate = (!icmp_ln6000)> <Delay = 0.85> <CoreInst = "Adder">   --->   Core 1 'Adder' <Latency = 0> <II = 1> <Delay = 0.85> <FuncUnit> <Opcode : 'add' 'sub'> <InPorts = 2> <OutPorts = 1>
ST_4 : Operation 81 [1/1] (0.00ns)   --->   "%indvars_iv_i_load = load i16 %indvars_iv_i" [/home/x_thileeb/repos/ops-hls-batching-new/OPS/ops/hls/include/device/../../L1/include/ops_hls_datamover.hpp:5955->/home/x_thileeb/repos/ops-hls-batching-new/codegen_apps/tiling/poisson2d/u280_project/maxtile_8192_unalign_interleave_p7/hls/device/src/datamover_outerloop_0.cpp:221]   --->   Operation 81 'load' 'indvars_iv_i_load' <Predicate = (icmp_ln6000)> <Delay = 0.00>
ST_4 : Operation 82 [1/1] (0.78ns)   --->   "%add_ln5955_2 = add i16 %indvars_iv_i_load, i16 %p_read410" [/home/x_thileeb/repos/ops-hls-batching-new/OPS/ops/hls/include/device/../../L1/include/ops_hls_datamover.hpp:5955->/home/x_thileeb/repos/ops-hls-batching-new/codegen_apps/tiling/poisson2d/u280_project/maxtile_8192_unalign_interleave_p7/hls/device/src/datamover_outerloop_0.cpp:221]   --->   Operation 82 'add' 'add_ln5955_2' <Predicate = (icmp_ln6000)> <Delay = 0.78> <CoreInst = "Adder">   --->   Core 1 'Adder' <Latency = 0> <II = 1> <Delay = 0.78> <FuncUnit> <Opcode : 'add' 'sub'> <InPorts = 2> <OutPorts = 1>
ST_4 : Operation 83 [1/1] (0.38ns)   --->   "%store_ln5955 = store i16 %add_ln5955, i16 %tile_x" [/home/x_thileeb/repos/ops-hls-batching-new/OPS/ops/hls/include/device/../../L1/include/ops_hls_datamover.hpp:5955->/home/x_thileeb/repos/ops-hls-batching-new/codegen_apps/tiling/poisson2d/u280_project/maxtile_8192_unalign_interleave_p7/hls/device/src/datamover_outerloop_0.cpp:221]   --->   Operation 83 'store' 'store_ln5955' <Predicate = (icmp_ln6000)> <Delay = 0.38>
ST_4 : Operation 84 [1/1] (0.38ns)   --->   "%store_ln5955 = store i16 %add_ln5955_2, i16 %indvars_iv_i" [/home/x_thileeb/repos/ops-hls-batching-new/OPS/ops/hls/include/device/../../L1/include/ops_hls_datamover.hpp:5955->/home/x_thileeb/repos/ops-hls-batching-new/codegen_apps/tiling/poisson2d/u280_project/maxtile_8192_unalign_interleave_p7/hls/device/src/datamover_outerloop_0.cpp:221]   --->   Operation 84 'store' 'store_ln5955' <Predicate = (icmp_ln6000)> <Delay = 0.38>
ST_4 : Operation 85 [1/1] (0.00ns)   --->   "%br_ln5955 = br void %for.body.i" [/home/x_thileeb/repos/ops-hls-batching-new/OPS/ops/hls/include/device/../../L1/include/ops_hls_datamover.hpp:5955->/home/x_thileeb/repos/ops-hls-batching-new/codegen_apps/tiling/poisson2d/u280_project/maxtile_8192_unalign_interleave_p7/hls/device/src/datamover_outerloop_0.cpp:221]   --->   Operation 85 'br' 'br_ln5955' <Predicate = (icmp_ln6000)> <Delay = 0.00>

State 5 <SV = 4> <Delay = 2.43>
ST_5 : Operation 86 [2/2] (2.43ns)   --->   "%call_ln6001 = call void @interleaveTileMem2Stream2D_inner.1, i256 %arg0_read_mem_strm_4, i256 %arg0_read_mem_strm_5, i14 %add_ln5992, i14 %add_ln5992_2, i1 %icmp_ln5993, i1 %icmp_ln5993_1, i256 %gmem4, i64 %add_ln6002, i256 %gmem5, i64 %add_ln6002_2" [/home/x_thileeb/repos/ops-hls-batching-new/OPS/ops/hls/include/device/../../L1/include/ops_hls_datamover.hpp:6001->/home/x_thileeb/repos/ops-hls-batching-new/codegen_apps/tiling/poisson2d/u280_project/maxtile_8192_unalign_interleave_p7/hls/device/src/datamover_outerloop_0.cpp:221]   --->   Operation 86 'call' 'call_ln6001' <Predicate = true> <Delay = 2.43> <CoreType = "Generic">   --->   Core 0 '' <Latency = 0> <II = 1> <Delay = 1.00> <Generic> <Opcode : >

State 6 <SV = 5> <Delay = 0.00>
ST_6 : Operation 87 [1/1] (0.00ns)   --->   "%specloopname_ln5997 = specloopname void @_ssdm_op_SpecLoopName, void @empty_7" [/home/x_thileeb/repos/ops-hls-batching-new/OPS/ops/hls/include/device/../../L1/include/ops_hls_datamover.hpp:5997->/home/x_thileeb/repos/ops-hls-batching-new/codegen_apps/tiling/poisson2d/u280_project/maxtile_8192_unalign_interleave_p7/hls/device/src/datamover_outerloop_0.cpp:221]   --->   Operation 87 'specloopname' 'specloopname_ln5997' <Predicate = true> <Delay = 0.00>
ST_6 : Operation 88 [1/2] (0.00ns)   --->   "%call_ln6001 = call void @interleaveTileMem2Stream2D_inner.1, i256 %arg0_read_mem_strm_4, i256 %arg0_read_mem_strm_5, i14 %add_ln5992, i14 %add_ln5992_2, i1 %icmp_ln5993, i1 %icmp_ln5993_1, i256 %gmem4, i64 %add_ln6002, i256 %gmem5, i64 %add_ln6002_2" [/home/x_thileeb/repos/ops-hls-batching-new/OPS/ops/hls/include/device/../../L1/include/ops_hls_datamover.hpp:6001->/home/x_thileeb/repos/ops-hls-batching-new/codegen_apps/tiling/poisson2d/u280_project/maxtile_8192_unalign_interleave_p7/hls/device/src/datamover_outerloop_0.cpp:221]   --->   Operation 88 'call' 'call_ln6001' <Predicate = true> <Delay = 0.00> <CoreType = "Generic">   --->   Core 0 '' <Latency = 0> <II = 1> <Delay = 1.00> <Generic> <Opcode : >
ST_6 : Operation 89 [1/1] (0.00ns)   --->   "%br_ln6000 = br void %for.inc76.i" [/home/x_thileeb/repos/ops-hls-batching-new/OPS/ops/hls/include/device/../../L1/include/ops_hls_datamover.hpp:6000->/home/x_thileeb/repos/ops-hls-batching-new/codegen_apps/tiling/poisson2d/u280_project/maxtile_8192_unalign_interleave_p7/hls/device/src/datamover_outerloop_0.cpp:221]   --->   Operation 89 'br' 'br_ln6000' <Predicate = true> <Delay = 0.00>


============================================================
+ Verbose Summary: Binding
============================================================
STG Binding: 
---------------- STG Properties BEGIN ----------------
- Is combinational: 0
- Is one-state seq: 0
- Is datapath-only: 0
- Is pipelined: 0
- Is top level: 0
Port [ Return ] is wired: 1; IO mode=ap_ctrl_hs:ce=0
Port [ arg0_read_mem_strm_4]:  wired=1; compound=1; hidden=0; nouse=0; global=0; static=0; extern=0; dir=1; type=3; pingpong=0; private_global=0; IO mode=ap_fifo:ce=0
Port [ arg0_read_mem_strm_5]:  wired=1; compound=1; hidden=0; nouse=0; global=0; static=0; extern=0; dir=1; type=3; pingpong=0; private_global=0; IO mode=ap_fifo:ce=0
Port [ p_read]:  wired=1; compound=0; hidden=0; nouse=0; global=0; static=0; extern=0; dir=0; type=0; pingpong=0; private_global=0; IO mode=ap_none:ce=0
Port [ p_read1]:  wired=1; compound=0; hidden=0; nouse=0; global=0; static=0; extern=0; dir=0; type=0; pingpong=0; private_global=0; IO mode=ap_none:ce=0
Port [ p_read2]:  wired=1; compound=0; hidden=0; nouse=0; global=0; static=0; extern=0; dir=0; type=0; pingpong=0; private_global=0; IO mode=ap_none:ce=0
Port [ p_read3]:  wired=1; compound=0; hidden=0; nouse=0; global=0; static=0; extern=0; dir=0; type=0; pingpong=0; private_global=0; IO mode=ap_none:ce=0
Port [ p_read4]:  wired=1; compound=0; hidden=0; nouse=0; global=0; static=0; extern=0; dir=0; type=0; pingpong=0; private_global=0; IO mode=ap_none:ce=0
Port [ p_read5]:  wired=1; compound=0; hidden=0; nouse=0; global=0; static=0; extern=0; dir=0; type=0; pingpong=0; private_global=0; IO mode=ap_none:ce=0
Port [ gmem4]:  wired=1; compound=1; hidden=0; nouse=0; global=0; static=0; extern=0; dir=0; type=4; pingpong=0; private_global=0; IO mode=m_axi:ce=0
Port [ arg0_b4]:  wired=1; compound=0; hidden=0; nouse=0; global=0; static=0; extern=0; dir=0; type=0; pingpong=0; private_global=0; IO mode=ap_none:ce=0
Port [ gmem5]:  wired=1; compound=1; hidden=0; nouse=0; global=0; static=0; extern=0; dir=0; type=4; pingpong=0; private_global=0; IO mode=m_axi:ce=0
Port [ arg0_b5]:  wired=1; compound=0; hidden=0; nouse=0; global=0; static=0; extern=0; dir=0; type=0; pingpong=0; private_global=0; IO mode=ap_none:ce=0
---------------- STG Properties END ------------------

---------------- Datapath Model BEGIN ----------------

<LifeTime>
<method=bitvector/>
indvars_iv_i               (alloca           ) [ 0111111]
tile_x                     (alloca           ) [ 0111111]
arg0_b5_read               (read             ) [ 0011111]
arg0_b4_read               (read             ) [ 0011111]
p_read511                  (read             ) [ 0011111]
p_read410                  (read             ) [ 0011111]
p_read39                   (read             ) [ 0011111]
p_read28                   (read             ) [ 0011111]
p_read17                   (read             ) [ 0011111]
p_read_35                  (read             ) [ 0000000]
empty                      (trunc            ) [ 0011111]
specinterface_ln0          (specinterface    ) [ 0000000]
specinterface_ln0          (specinterface    ) [ 0000000]
specinterface_ln0          (specinterface    ) [ 0000000]
specinterface_ln0          (specinterface    ) [ 0000000]
zext_ln5952                (zext             ) [ 0000000]
add_ln5952                 (add              ) [ 0000000]
lshr_ln                    (partselect       ) [ 0000000]
config_tile_count_x_cast_i (zext             ) [ 0000000]
sub_i                      (add              ) [ 0011111]
zext_ln5955                (zext             ) [ 0011111]
store_ln5955               (store            ) [ 0000000]
store_ln5955               (store            ) [ 0000000]
br_ln5955                  (br               ) [ 0000000]
tile_x_10                  (load             ) [ 0000000]
zext_ln5955_2              (zext             ) [ 0000000]
icmp_ln5955                (icmp             ) [ 0011111]
speclooptripcount_ln0      (speclooptripcount) [ 0000000]
add_ln5955                 (add              ) [ 0001111]
br_ln5955                  (br               ) [ 0000000]
trunc_ln5957               (trunc            ) [ 0000000]
tile_offset_x              (mul              ) [ 0001000]
icmp_ln5958                (icmp             ) [ 0000000]
tile_size_x                (select           ) [ 0000000]
rem_x                      (trunc            ) [ 0000000]
trunc_ln                   (partselect       ) [ 0001000]
zext_ln5964                (zext             ) [ 0000000]
zext_ln5980                (zext             ) [ 0000000]
end_sum                    (add              ) [ 0000000]
end_bank                   (add              ) [ 0000000]
wrapped                    (bitselect        ) [ 0001000]
lt_end                     (icmp             ) [ 0001000]
lt_end_6                   (icmp             ) [ 0001000]
ret_ln221                  (ret              ) [ 0000000]
indvars_iv_i_load_2        (load             ) [ 0000000]
specloopname_ln5955        (specloopname     ) [ 0000000]
lshr_ln9                   (partselect       ) [ 0000000]
zext_ln5957                (zext             ) [ 0011111]
zext_ln5963                (zext             ) [ 0000000]
ge_start                   (icmp             ) [ 0000000]
or_ln5991                  (or               ) [ 0000000]
and_ln5991                 (and              ) [ 0000000]
extra                      (select           ) [ 0000000]
zext_ln5992                (zext             ) [ 0000000]
add_ln5992                 (add              ) [ 0000111]
icmp_ln5993                (icmp             ) [ 0000111]
ge_start_6                 (icmp             ) [ 0000000]
or_ln5991_1                (or               ) [ 0000000]
and_ln5991_1               (and              ) [ 0000000]
extra_7                    (select           ) [ 0000000]
zext_ln5992_2              (zext             ) [ 0000000]
add_ln5992_2               (add              ) [ 0000111]
icmp_ln5993_1              (icmp             ) [ 0000111]
br_ln6000                  (br               ) [ 0011111]
row_base                   (phi              ) [ 0000100]
j                          (phi              ) [ 0000100]
icmp_ln6000                (icmp             ) [ 0011111]
j_7                        (add              ) [ 0011111]
br_ln6000                  (br               ) [ 0000000]
shl_ln                     (bitconcatenate   ) [ 0000000]
zext_ln6002                (zext             ) [ 0000000]
add_ln6002                 (add              ) [ 0000011]
add_ln6002_2               (add              ) [ 0000011]
add_ln6003                 (add              ) [ 0011111]
indvars_iv_i_load          (load             ) [ 0000000]
add_ln5955_2               (add              ) [ 0000000]
store_ln5955               (store            ) [ 0000000]
store_ln5955               (store            ) [ 0000000]
br_ln5955                  (br               ) [ 0000000]
specloopname_ln5997        (specloopname     ) [ 0000000]
call_ln6001                (call             ) [ 0000000]
br_ln6000                  (br               ) [ 0011111]
</LifeTime>

<model>

<comp_list>
<comp id="0" class="1000" name="arg0_read_mem_strm_4">
<pin_list>
<pin id="1" dir="1" index="0" bw="1" slack="0"/>
</pin_list>
<bind>
<StgValue><ssdm name="arg0_read_mem_strm_4"/></StgValue>
</bind>
</comp>

<comp id="2" class="1000" name="arg0_read_mem_strm_5">
<pin_list>
<pin id="3" dir="1" index="0" bw="1" slack="0"/>
</pin_list>
<bind>
<StgValue><ssdm name="arg0_read_mem_strm_5"/></StgValue>
</bind>
</comp>

<comp id="4" class="1000" name="p_read">
<pin_list>
<pin id="5" dir="1" index="0" bw="1" slack="0"/>
</pin_list>
<bind>
<StgValue><ssdm name="p_read"/></StgValue>
</bind>
</comp>

<comp id="6" class="1000" name="p_read1">
<pin_list>
<pin id="7" dir="1" index="0" bw="1" slack="0"/>
</pin_list>
<bind>
<StgValue><ssdm name="p_read1"/></StgValue>
</bind>
</comp>

<comp id="8" class="1000" name="p_read2">
<pin_list>
<pin id="9" dir="1" index="0" bw="1" slack="0"/>
</pin_list>
<bind>
<StgValue><ssdm name="p_read2"/></StgValue>
</bind>
</comp>

<comp id="10" class="1000" name="p_read3">
<pin_list>
<pin id="11" dir="1" index="0" bw="1" slack="0"/>
</pin_list>
<bind>
<StgValue><ssdm name="p_read3"/></StgValue>
</bind>
</comp>

<comp id="12" class="1000" name="p_read4">
<pin_list>
<pin id="13" dir="1" index="0" bw="1" slack="0"/>
</pin_list>
<bind>
<StgValue><ssdm name="p_read4"/></StgValue>
</bind>
</comp>

<comp id="14" class="1000" name="p_read5">
<pin_list>
<pin id="15" dir="1" index="0" bw="1" slack="0"/>
</pin_list>
<bind>
<StgValue><ssdm name="p_read5"/></StgValue>
</bind>
</comp>

<comp id="16" class="1000" name="gmem4">
<pin_list>
<pin id="17" dir="1" index="0" bw="1" slack="0"/>
</pin_list>
<bind>
<StgValue><ssdm name="gmem4"/></StgValue>
</bind>
</comp>

<comp id="18" class="1000" name="arg0_b4">
<pin_list>
<pin id="19" dir="1" index="0" bw="1" slack="0"/>
</pin_list>
<bind>
<StgValue><ssdm name="arg0_b4"/></StgValue>
</bind>
</comp>

<comp id="20" class="1000" name="gmem5">
<pin_list>
<pin id="21" dir="1" index="0" bw="1" slack="0"/>
</pin_list>
<bind>
<StgValue><ssdm name="gmem5"/></StgValue>
</bind>
</comp>

<comp id="22" class="1000" name="arg0_b5">
<pin_list>
<pin id="23" dir="1" index="0" bw="1" slack="0"/>
</pin_list>
<bind>
<StgValue><ssdm name="arg0_b5"/></StgValue>
</bind>
</comp>

<comp id="24" class="1001" name="const_24">
<pin_list>
<pin id="25" dir="1" index="0" bw="1" slack="0"/>
</pin_list>
<bind>
<StgValue><ssdm name=""/></StgValue>
</bind>
</comp>

<comp id="26" class="1001" name="const_26">
<pin_list>
<pin id="27" dir="1" index="0" bw="1" slack="0"/>
</pin_list>
<bind>
<StgValue><ssdm name="_ssdm_op_Read.ap_auto.i64"/></StgValue>
</bind>
</comp>

<comp id="28" class="1001" name="const_28">
<pin_list>
<pin id="29" dir="1" index="0" bw="1" slack="0"/>
</pin_list>
<bind>
<StgValue><ssdm name="_ssdm_op_Read.ap_auto.i16"/></StgValue>
</bind>
</comp>

<comp id="30" class="1001" name="const_30">
<pin_list>
<pin id="31" dir="1" index="0" bw="1" slack="0"/>
</pin_list>
<bind>
<StgValue><ssdm name="_ssdm_op_Read.ap_auto.i13"/></StgValue>
</bind>
</comp>

<comp id="32" class="1001" name="const_32">
<pin_list>
<pin id="33" dir="1" index="0" bw="1" slack="2147483647"/>
</pin_list>
<bind>
<StgValue><ssdm name="_ssdm_op_SpecInterface"/></StgValue>
</bind>
</comp>

<comp id="34" class="1001" name="const_34">
<pin_list>
<pin id="35" dir="1" index="0" bw="1" slack="2147483647"/>
</pin_list>
<bind>
<StgValue><ssdm name="empty_47"/></StgValue>
</bind>
</comp>

<comp id="36" class="1001" name="const_36">
<pin_list>
<pin id="37" dir="1" index="0" bw="1" slack="2147483647"/>
</pin_list>
<bind>
<StgValue><ssdm name=""/></StgValue>
</bind>
</comp>

<comp id="38" class="1001" name="const_38">
<pin_list>
<pin id="39" dir="1" index="0" bw="1" slack="2147483647"/>
</pin_list>
<bind>
<StgValue><ssdm name="empty_49"/></StgValue>
</bind>
</comp>

<comp id="40" class="1001" name="const_40">
<pin_list>
<pin id="41" dir="1" index="0" bw="1" slack="2147483647"/>
</pin_list>
<bind>
<StgValue><ssdm name=""/></StgValue>
</bind>
</comp>

<comp id="42" class="1001" name="const_42">
<pin_list>
<pin id="43" dir="1" index="0" bw="1" slack="2147483647"/>
</pin_list>
<bind>
<StgValue><ssdm name="empty_58"/></StgValue>
</bind>
</comp>

<comp id="44" class="1001" name="const_44">
<pin_list>
<pin id="45" dir="1" index="0" bw="1" slack="2147483647"/>
</pin_list>
<bind>
<StgValue><ssdm name=""/></StgValue>
</bind>
</comp>

<comp id="46" class="1001" name="const_46">
<pin_list>
<pin id="47" dir="1" index="0" bw="1" slack="2147483647"/>
</pin_list>
<bind>
<StgValue><ssdm name=""/></StgValue>
</bind>
</comp>

<comp id="48" class="1001" name="const_48">
<pin_list>
<pin id="49" dir="1" index="0" bw="1" slack="2147483647"/>
</pin_list>
<bind>
<StgValue><ssdm name="empty_12"/></StgValue>
</bind>
</comp>

<comp id="50" class="1001" name="const_50">
<pin_list>
<pin id="51" dir="1" index="0" bw="1" slack="2147483647"/>
</pin_list>
<bind>
<StgValue><ssdm name="empty_51"/></StgValue>
</bind>
</comp>

<comp id="52" class="1001" name="const_52">
<pin_list>
<pin id="53" dir="1" index="0" bw="1" slack="2147483647"/>
</pin_list>
<bind>
<StgValue><ssdm name=""/></StgValue>
</bind>
</comp>

<comp id="54" class="1001" name="const_54">
<pin_list>
<pin id="55" dir="1" index="0" bw="1" slack="2147483647"/>
</pin_list>
<bind>
<StgValue><ssdm name=""/></StgValue>
</bind>
</comp>

<comp id="56" class="1001" name="const_56">
<pin_list>
<pin id="57" dir="1" index="0" bw="1" slack="2147483647"/>
</pin_list>
<bind>
<StgValue><ssdm name="empty_78"/></StgValue>
</bind>
</comp>

<comp id="58" class="1001" name="const_58">
<pin_list>
<pin id="59" dir="1" index="0" bw="1" slack="0"/>
</pin_list>
<bind>
<StgValue><ssdm name=""/></StgValue>
</bind>
</comp>

<comp id="60" class="1001" name="const_60">
<pin_list>
<pin id="61" dir="1" index="0" bw="1" slack="0"/>
</pin_list>
<bind>
<StgValue><ssdm name="_ssdm_op_PartSelect.i11.i14.i32.i32"/></StgValue>
</bind>
</comp>

<comp id="62" class="1001" name="const_62">
<pin_list>
<pin id="63" dir="1" index="0" bw="1" slack="0"/>
</pin_list>
<bind>
<StgValue><ssdm name=""/></StgValue>
</bind>
</comp>

<comp id="64" class="1001" name="const_64">
<pin_list>
<pin id="65" dir="1" index="0" bw="1" slack="0"/>
</pin_list>
<bind>
<StgValue><ssdm name=""/></StgValue>
</bind>
</comp>

<comp id="66" class="1001" name="const_66">
<pin_list>
<pin id="67" dir="1" index="0" bw="1" slack="0"/>
</pin_list>
<bind>
<StgValue><ssdm name=""/></StgValue>
</bind>
</comp>

<comp id="68" class="1001" name="const_68">
<pin_list>
<pin id="69" dir="1" index="0" bw="1" slack="0"/>
</pin_list>
<bind>
<StgValue><ssdm name=""/></StgValue>
</bind>
</comp>

<comp id="70" class="1001" name="const_70">
<pin_list>
<pin id="71" dir="1" index="0" bw="1" slack="2147483647"/>
</pin_list>
<bind>
<StgValue><ssdm name="_ssdm_op_SpecLoopTripCount"/></StgValue>
</bind>
</comp>

<comp id="72" class="1001" name="const_72">
<pin_list>
<pin id="73" dir="1" index="0" bw="1" slack="2147483647"/>
</pin_list>
<bind>
<StgValue><ssdm name=""/></StgValue>
</bind>
</comp>

<comp id="74" class="1001" name="const_74">
<pin_list>
<pin id="75" dir="1" index="0" bw="1" slack="2147483647"/>
</pin_list>
<bind>
<StgValue><ssdm name=""/></StgValue>
</bind>
</comp>

<comp id="76" class="1001" name="const_76">
<pin_list>
<pin id="77" dir="1" index="0" bw="1" slack="0"/>
</pin_list>
<bind>
<StgValue><ssdm name=""/></StgValue>
</bind>
</comp>

<comp id="78" class="1001" name="const_78">
<pin_list>
<pin id="79" dir="1" index="0" bw="1" slack="0"/>
</pin_list>
<bind>
<StgValue><ssdm name="_ssdm_op_PartSelect.i13.i16.i32.i32"/></StgValue>
</bind>
</comp>

<comp id="80" class="1001" name="const_80">
<pin_list>
<pin id="81" dir="1" index="0" bw="1" slack="0"/>
</pin_list>
<bind>
<StgValue><ssdm name=""/></StgValue>
</bind>
</comp>

<comp id="82" class="1001" name="const_82">
<pin_list>
<pin id="83" dir="1" index="0" bw="1" slack="0"/>
</pin_list>
<bind>
<StgValue><ssdm name="_ssdm_op_BitSelect.i1.i4.i32"/></StgValue>
</bind>
</comp>

<comp id="84" class="1001" name="const_84">
<pin_list>
<pin id="85" dir="1" index="0" bw="1" slack="0"/>
</pin_list>
<bind>
<StgValue><ssdm name=""/></StgValue>
</bind>
</comp>

<comp id="86" class="1001" name="const_86">
<pin_list>
<pin id="87" dir="1" index="0" bw="1" slack="0"/>
</pin_list>
<bind>
<StgValue><ssdm name=""/></StgValue>
</bind>
</comp>

<comp id="88" class="1001" name="const_88">
<pin_list>
<pin id="89" dir="1" index="0" bw="1" slack="2147483647"/>
</pin_list>
<bind>
<StgValue><ssdm name="_ssdm_op_SpecLoopName"/></StgValue>
</bind>
</comp>

<comp id="90" class="1001" name="const_90">
<pin_list>
<pin id="91" dir="1" index="0" bw="1" slack="2147483647"/>
</pin_list>
<bind>
<StgValue><ssdm name="empty_28"/></StgValue>
</bind>
</comp>

<comp id="92" class="1001" name="const_92">
<pin_list>
<pin id="93" dir="1" index="0" bw="1" slack="0"/>
</pin_list>
<bind>
<StgValue><ssdm name=""/></StgValue>
</bind>
</comp>

<comp id="94" class="1001" name="const_94">
<pin_list>
<pin id="95" dir="1" index="0" bw="1" slack="0"/>
</pin_list>
<bind>
<StgValue><ssdm name="_ssdm_op_BitConcatenate.i32.i27.i5"/></StgValue>
</bind>
</comp>

<comp id="96" class="1001" name="const_96">
<pin_list>
<pin id="97" dir="1" index="0" bw="1" slack="0"/>
</pin_list>
<bind>
<StgValue><ssdm name=""/></StgValue>
</bind>
</comp>

<comp id="98" class="1001" name="const_98">
<pin_list>
<pin id="99" dir="1" index="0" bw="1" slack="0"/>
</pin_list>
<bind>
<StgValue><ssdm name="interleaveTileMem2Stream2D_inner.1"/></StgValue>
</bind>
</comp>

<comp id="100" class="1001" name="const_100">
<pin_list>
<pin id="101" dir="1" index="0" bw="1" slack="2147483647"/>
</pin_list>
<bind>
<StgValue><ssdm name="empty_7"/></StgValue>
</bind>
</comp>

<comp id="102" class="1004" name="indvars_iv_i_fu_102">
<pin_list>
<pin id="103" dir="0" index="0" bw="1" slack="0"/>
<pin id="104" dir="1" index="1" bw="16" slack="0"/>
</pin_list>
<bind>
<opcode="alloca(26) " fcode="alloca"/>
<opset="indvars_iv_i/1 "/>
</bind>
</comp>

<comp id="106" class="1004" name="tile_x_fu_106">
<pin_list>
<pin id="107" dir="0" index="0" bw="1" slack="0"/>
<pin id="108" dir="1" index="1" bw="16" slack="0"/>
</pin_list>
<bind>
<opcode="alloca(26) " fcode="alloca"/>
<opset="tile_x/1 "/>
</bind>
</comp>

<comp id="110" class="1004" name="arg0_b5_read_read_fu_110">
<pin_list>
<pin id="111" dir="0" index="0" bw="64" slack="0"/>
<pin id="112" dir="0" index="1" bw="64" slack="0"/>
<pin id="113" dir="1" index="2" bw="64" slack="3"/>
</pin_list>
<bind>
<opcode="read(1150) " fcode="read"/>
<opset="arg0_b5_read/1 "/>
</bind>
</comp>

<comp id="116" class="1004" name="arg0_b4_read_read_fu_116">
<pin_list>
<pin id="117" dir="0" index="0" bw="64" slack="0"/>
<pin id="118" dir="0" index="1" bw="64" slack="0"/>
<pin id="119" dir="1" index="2" bw="64" slack="3"/>
</pin_list>
<bind>
<opcode="read(1150) " fcode="read"/>
<opset="arg0_b4_read/1 "/>
</bind>
</comp>

<comp id="122" class="1004" name="p_read511_read_fu_122">
<pin_list>
<pin id="123" dir="0" index="0" bw="16" slack="0"/>
<pin id="124" dir="0" index="1" bw="16" slack="0"/>
<pin id="125" dir="1" index="2" bw="16" slack="1"/>
</pin_list>
<bind>
<opcode="read(1150) " fcode="read"/>
<opset="p_read511/1 "/>
</bind>
</comp>

<comp id="128" class="1004" name="p_read410_read_fu_128">
<pin_list>
<pin id="129" dir="0" index="0" bw="16" slack="0"/>
<pin id="130" dir="0" index="1" bw="16" slack="0"/>
<pin id="131" dir="1" index="2" bw="16" slack="0"/>
</pin_list>
<bind>
<opcode="read(1150) " fcode="read"/>
<opset="p_read410/1 "/>
</bind>
</comp>

<comp id="134" class="1004" name="p_read39_read_fu_134">
<pin_list>
<pin id="135" dir="0" index="0" bw="16" slack="0"/>
<pin id="136" dir="0" index="1" bw="16" slack="0"/>
<pin id="137" dir="1" index="2" bw="16" slack="1"/>
</pin_list>
<bind>
<opcode="read(1150) " fcode="read"/>
<opset="p_read39/1 "/>
</bind>
</comp>

<comp id="140" class="1004" name="p_read28_read_fu_140">
<pin_list>
<pin id="141" dir="0" index="0" bw="16" slack="0"/>
<pin id="142" dir="0" index="1" bw="16" slack="0"/>
<pin id="143" dir="1" index="2" bw="16" slack="0"/>
</pin_list>
<bind>
<opcode="read(1150) " fcode="read"/>
<opset="p_read28/1 "/>
</bind>
</comp>

<comp id="146" class="1004" name="p_read17_read_fu_146">
<pin_list>
<pin id="147" dir="0" index="0" bw="16" slack="0"/>
<pin id="148" dir="0" index="1" bw="16" slack="0"/>
<pin id="149" dir="1" index="2" bw="16" slack="3"/>
</pin_list>
<bind>
<opcode="read(1150) " fcode="read"/>
<opset="p_read17/1 "/>
</bind>
</comp>

<comp id="152" class="1004" name="p_read_35_read_fu_152">
<pin_list>
<pin id="153" dir="0" index="0" bw="13" slack="0"/>
<pin id="154" dir="0" index="1" bw="13" slack="0"/>
<pin id="155" dir="1" index="2" bw="13" slack="0"/>
</pin_list>
<bind>
<opcode="read(1150) " fcode="read"/>
<opset="p_read_35/1 "/>
</bind>
</comp>

<comp id="158" class="1005" name="row_base_reg_158">
<pin_list>
<pin id="159" dir="0" index="0" bw="27" slack="2147483647"/>
<pin id="160" dir="1" index="1" bw="27" slack="2147483647"/>
</pin_list>
<bind>
<opset="row_base (phireg) "/>
</bind>
</comp>

<comp id="161" class="1004" name="row_base_phi_fu_161">
<pin_list>
<pin id="162" dir="0" index="0" bw="27" slack="0"/>
<pin id="163" dir="0" index="1" bw="0" slack="2147483647"/>
<pin id="164" dir="0" index="2" bw="13" slack="1"/>
<pin id="165" dir="0" index="3" bw="0" slack="2147483647"/>
<pin id="166" dir="1" index="4" bw="27" slack="0"/>
</pin_list>
<bind>
<opcode="phi(47) " fcode="phi"/>
<opset="row_base/4 "/>
</bind>
</comp>

<comp id="167" class="1005" name="j_reg_167">
<pin_list>
<pin id="168" dir="0" index="0" bw="16" slack="1"/>
<pin id="169" dir="1" index="1" bw="16" slack="1"/>
</pin_list>
<bind>
<opset="j (phireg) "/>
</bind>
</comp>

<comp id="171" class="1004" name="j_phi_fu_171">
<pin_list>
<pin id="172" dir="0" index="0" bw="16" slack="0"/>
<pin id="173" dir="0" index="1" bw="0" slack="2147483647"/>
<pin id="174" dir="0" index="2" bw="1" slack="1"/>
<pin id="175" dir="0" index="3" bw="0" slack="2147483647"/>
<pin id="176" dir="1" index="4" bw="16" slack="0"/>
</pin_list>
<bind>
<opcode="phi(47) " fcode="phi"/>
<opset="j/4 "/>
</bind>
</comp>

<comp id="178" class="1004" name="grp_interleaveTileMem2Stream2D_inner_1_fu_178">
<pin_list>
<pin id="179" dir="0" index="0" bw="0" slack="0"/>
<pin id="180" dir="0" index="1" bw="256" slack="0"/>
<pin id="181" dir="0" index="2" bw="256" slack="0"/>
<pin id="182" dir="0" index="3" bw="14" slack="2"/>
<pin id="183" dir="0" index="4" bw="14" slack="2"/>
<pin id="184" dir="0" index="5" bw="1" slack="2"/>
<pin id="185" dir="0" index="6" bw="1" slack="2"/>
<pin id="186" dir="0" index="7" bw="256" slack="0"/>
<pin id="187" dir="0" index="8" bw="64" slack="1"/>
<pin id="188" dir="0" index="9" bw="256" slack="0"/>
<pin id="189" dir="0" index="10" bw="64" slack="1"/>
<pin id="190" dir="1" index="11" bw="0" slack="2147483647"/>
</pin_list>
<bind>
<opcode="call(48) " fcode="call"/>
<opset="call_ln6001/5 "/>
</bind>
</comp>

<comp id="196" class="1004" name="grp_load_fu_196">
<pin_list>
<pin id="197" dir="0" index="0" bw="16" slack="2"/>
<pin id="198" dir="1" index="1" bw="16" slack="0"/>
</pin_list>
<bind>
<opcode="load(27) " fcode="load"/>
<opset="indvars_iv_i_load_2/3 indvars_iv_i_load/4 "/>
</bind>
</comp>

<comp id="199" class="1004" name="empty_fu_199">
<pin_list>
<pin id="200" dir="0" index="0" bw="16" slack="0"/>
<pin id="201" dir="1" index="1" bw="3" slack="1"/>
</pin_list>
<bind>
<opcode="trunc(33) " fcode="trunc"/>
<opset="empty/1 "/>
</bind>
</comp>

<comp id="203" class="1004" name="zext_ln5952_fu_203">
<pin_list>
<pin id="204" dir="0" index="0" bw="13" slack="0"/>
<pin id="205" dir="1" index="1" bw="14" slack="0"/>
</pin_list>
<bind>
<opcode="zext(34) " fcode="zext"/>
<opset="zext_ln5952/1 "/>
</bind>
</comp>

<comp id="207" class="1004" name="add_ln5952_fu_207">
<pin_list>
<pin id="208" dir="0" index="0" bw="13" slack="0"/>
<pin id="209" dir="0" index="1" bw="4" slack="0"/>
<pin id="210" dir="1" index="2" bw="14" slack="0"/>
</pin_list>
<bind>
<opcode="add(8) " fcode="add"/>
<opset="add_ln5952/1 "/>
</bind>
</comp>

<comp id="213" class="1004" name="lshr_ln_fu_213">
<pin_list>
<pin id="214" dir="0" index="0" bw="11" slack="0"/>
<pin id="215" dir="0" index="1" bw="14" slack="0"/>
<pin id="216" dir="0" index="2" bw="3" slack="0"/>
<pin id="217" dir="0" index="3" bw="5" slack="0"/>
<pin id="218" dir="1" index="4" bw="11" slack="0"/>
</pin_list>
<bind>
<opcode="partselect(1002) " fcode="partselect"/>
<opset="lshr_ln/1 "/>
</bind>
</comp>

<comp id="223" class="1004" name="config_tile_count_x_cast_i_fu_223">
<pin_list>
<pin id="224" dir="0" index="0" bw="16" slack="0"/>
<pin id="225" dir="1" index="1" bw="17" slack="0"/>
</pin_list>
<bind>
<opcode="zext(34) " fcode="zext"/>
<opset="config_tile_count_x_cast_i/1 "/>
</bind>
</comp>

<comp id="227" class="1004" name="sub_i_fu_227">
<pin_list>
<pin id="228" dir="0" index="0" bw="16" slack="0"/>
<pin id="229" dir="0" index="1" bw="1" slack="0"/>
<pin id="230" dir="1" index="2" bw="17" slack="1"/>
</pin_list>
<bind>
<opcode="add(8) " fcode="add"/>
<opset="sub_i/1 "/>
</bind>
</comp>

<comp id="233" class="1004" name="zext_ln5955_fu_233">
<pin_list>
<pin id="234" dir="0" index="0" bw="11" slack="0"/>
<pin id="235" dir="1" index="1" bw="27" slack="3"/>
</pin_list>
<bind>
<opcode="zext(34) " fcode="zext"/>
<opset="zext_ln5955/1 "/>
</bind>
</comp>

<comp id="237" class="1004" name="store_ln5955_store_fu_237">
<pin_list>
<pin id="238" dir="0" index="0" bw="1" slack="0"/>
<pin id="239" dir="0" index="1" bw="16" slack="0"/>
<pin id="240" dir="1" index="2" bw="0" slack="2147483647"/>
</pin_list>
<bind>
<opcode="store(28) " fcode="store"/>
<opset="store_ln5955/1 "/>
</bind>
</comp>

<comp id="242" class="1004" name="store_ln5955_store_fu_242">
<pin_list>
<pin id="243" dir="0" index="0" bw="1" slack="0"/>
<pin id="244" dir="0" index="1" bw="16" slack="0"/>
<pin id="245" dir="1" index="2" bw="0" slack="2147483647"/>
</pin_list>
<bind>
<opcode="store(28) " fcode="store"/>
<opset="store_ln5955/1 "/>
</bind>
</comp>

<comp id="247" class="1004" name="tile_x_10_load_fu_247">
<pin_list>
<pin id="248" dir="0" index="0" bw="16" slack="1"/>
<pin id="249" dir="1" index="1" bw="16" slack="0"/>
</pin_list>
<bind>
<opcode="load(27) " fcode="load"/>
<opset="tile_x_10/2 "/>
</bind>
</comp>

<comp id="250" class="1004" name="zext_ln5955_2_fu_250">
<pin_list>
<pin id="251" dir="0" index="0" bw="16" slack="0"/>
<pin id="252" dir="1" index="1" bw="17" slack="0"/>
</pin_list>
<bind>
<opcode="zext(34) " fcode="zext"/>
<opset="zext_ln5955_2/2 "/>
</bind>
</comp>

<comp id="254" class="1004" name="icmp_ln5955_fu_254">
<pin_list>
<pin id="255" dir="0" index="0" bw="16" slack="0"/>
<pin id="256" dir="0" index="1" bw="16" slack="1"/>
<pin id="257" dir="1" index="2" bw="1" slack="2147483647"/>
</pin_list>
<bind>
<opcode="icmp(45) " fcode="icmp"/>
<opset="icmp_ln5955/2 "/>
</bind>
</comp>

<comp id="259" class="1004" name="add_ln5955_fu_259">
<pin_list>
<pin id="260" dir="0" index="0" bw="16" slack="0"/>
<pin id="261" dir="0" index="1" bw="1" slack="0"/>
<pin id="262" dir="1" index="2" bw="16" slack="2"/>
</pin_list>
<bind>
<opcode="add(8) " fcode="add"/>
<opset="add_ln5955/2 "/>
</bind>
</comp>

<comp id="265" class="1004" name="trunc_ln5957_fu_265">
<pin_list>
<pin id="266" dir="0" index="0" bw="16" slack="0"/>
<pin id="267" dir="1" index="1" bw="3" slack="0"/>
</pin_list>
<bind>
<opcode="trunc(33) " fcode="trunc"/>
<opset="trunc_ln5957/2 "/>
</bind>
</comp>

<comp id="269" class="1004" name="tile_offset_x_fu_269">
<pin_list>
<pin id="270" dir="0" index="0" bw="3" slack="0"/>
<pin id="271" dir="0" index="1" bw="3" slack="1"/>
<pin id="272" dir="1" index="2" bw="3" slack="0"/>
</pin_list>
<bind>
<opcode="mul(12) " fcode="mul"/>
<opset="tile_offset_x/2 "/>
</bind>
</comp>

<comp id="274" class="1004" name="icmp_ln5958_fu_274">
<pin_list>
<pin id="275" dir="0" index="0" bw="17" slack="1"/>
<pin id="276" dir="0" index="1" bw="16" slack="0"/>
<pin id="277" dir="1" index="2" bw="1" slack="0"/>
</pin_list>
<bind>
<opcode="icmp(45) " fcode="icmp"/>
<opset="icmp_ln5958/2 "/>
</bind>
</comp>

<comp id="279" class="1004" name="tile_size_x_fu_279">
<pin_list>
<pin id="280" dir="0" index="0" bw="1" slack="0"/>
<pin id="281" dir="0" index="1" bw="16" slack="1"/>
<pin id="282" dir="0" index="2" bw="16" slack="1"/>
<pin id="283" dir="1" index="3" bw="16" slack="0"/>
</pin_list>
<bind>
<opcode="select(49) " fcode="select"/>
<opset="tile_size_x/2 "/>
</bind>
</comp>

<comp id="285" class="1004" name="rem_x_fu_285">
<pin_list>
<pin id="286" dir="0" index="0" bw="16" slack="0"/>
<pin id="287" dir="1" index="1" bw="3" slack="0"/>
</pin_list>
<bind>
<opcode="trunc(33) " fcode="trunc"/>
<opset="rem_x/2 "/>
</bind>
</comp>

<comp id="289" class="1004" name="trunc_ln_fu_289">
<pin_list>
<pin id="290" dir="0" index="0" bw="13" slack="0"/>
<pin id="291" dir="0" index="1" bw="16" slack="0"/>
<pin id="292" dir="0" index="2" bw="3" slack="0"/>
<pin id="293" dir="0" index="3" bw="5" slack="0"/>
<pin id="294" dir="1" index="4" bw="13" slack="1"/>
</pin_list>
<bind>
<opcode="partselect(1002) " fcode="partselect"/>
<opset="trunc_ln/2 "/>
</bind>
</comp>

<comp id="299" class="1004" name="zext_ln5964_fu_299">
<pin_list>
<pin id="300" dir="0" index="0" bw="3" slack="0"/>
<pin id="301" dir="1" index="1" bw="4" slack="0"/>
</pin_list>
<bind>
<opcode="zext(34) " fcode="zext"/>
<opset="zext_ln5964/2 "/>
</bind>
</comp>

<comp id="303" class="1004" name="zext_ln5980_fu_303">
<pin_list>
<pin id="304" dir="0" index="0" bw="3" slack="0"/>
<pin id="305" dir="1" index="1" bw="4" slack="0"/>
</pin_list>
<bind>
<opcode="zext(34) " fcode="zext"/>
<opset="zext_ln5980/2 "/>
</bind>
</comp>

<comp id="307" class="1004" name="end_sum_fu_307">
<pin_list>
<pin id="308" dir="0" index="0" bw="3" slack="0"/>
<pin id="309" dir="0" index="1" bw="3" slack="0"/>
<pin id="310" dir="1" index="2" bw="4" slack="0"/>
</pin_list>
<bind>
<opcode="add(8) " fcode="add"/>
<opset="end_sum/2 "/>
</bind>
</comp>

<comp id="313" class="1004" name="end_bank_fu_313">
<pin_list>
<pin id="314" dir="0" index="0" bw="3" slack="0"/>
<pin id="315" dir="0" index="1" bw="3" slack="0"/>
<pin id="316" dir="1" index="2" bw="3" slack="0"/>
</pin_list>
<bind>
<opcode="add(8) " fcode="add"/>
<opset="end_bank/2 "/>
</bind>
</comp>

<comp id="319" class="1004" name="wrapped_fu_319">
<pin_list>
<pin id="320" dir="0" index="0" bw="1" slack="0"/>
<pin id="321" dir="0" index="1" bw="4" slack="0"/>
<pin id="322" dir="0" index="2" bw="3" slack="0"/>
<pin id="323" dir="1" index="3" bw="1" slack="1"/>
</pin_list>
<bind>
<opcode="bitselect(1000) " fcode="bitselect"/>
<opset="wrapped/2 "/>
</bind>
</comp>

<comp id="327" class="1004" name="lt_end_fu_327">
<pin_list>
<pin id="328" dir="0" index="0" bw="3" slack="0"/>
<pin id="329" dir="0" index="1" bw="3" slack="0"/>
<pin id="330" dir="1" index="2" bw="1" slack="1"/>
</pin_list>
<bind>
<opcode="icmp(45) " fcode="icmp"/>
<opset="lt_end/2 "/>
</bind>
</comp>

<comp id="333" class="1004" name="lt_end_6_fu_333">
<pin_list>
<pin id="334" dir="0" index="0" bw="3" slack="0"/>
<pin id="335" dir="0" index="1" bw="3" slack="0"/>
<pin id="336" dir="1" index="2" bw="1" slack="1"/>
</pin_list>
<bind>
<opcode="icmp(45) " fcode="icmp"/>
<opset="lt_end_6/2 "/>
</bind>
</comp>

<comp id="339" class="1004" name="lshr_ln9_fu_339">
<pin_list>
<pin id="340" dir="0" index="0" bw="13" slack="0"/>
<pin id="341" dir="0" index="1" bw="16" slack="0"/>
<pin id="342" dir="0" index="2" bw="3" slack="0"/>
<pin id="343" dir="0" index="3" bw="5" slack="0"/>
<pin id="344" dir="1" index="4" bw="13" slack="0"/>
</pin_list>
<bind>
<opcode="partselect(1002) " fcode="partselect"/>
<opset="lshr_ln9/3 "/>
</bind>
</comp>

<comp id="349" class="1004" name="zext_ln5957_fu_349">
<pin_list>
<pin id="350" dir="0" index="0" bw="13" slack="0"/>
<pin id="351" dir="1" index="1" bw="27" slack="1"/>
</pin_list>
<bind>
<opcode="zext(34) " fcode="zext"/>
<opset="zext_ln5957/3 "/>
</bind>
</comp>

<comp id="353" class="1004" name="zext_ln5963_fu_353">
<pin_list>
<pin id="354" dir="0" index="0" bw="13" slack="1"/>
<pin id="355" dir="1" index="1" bw="14" slack="0"/>
</pin_list>
<bind>
<opcode="zext(34) " fcode="zext"/>
<opset="zext_ln5963/3 "/>
</bind>
</comp>

<comp id="356" class="1004" name="ge_start_fu_356">
<pin_list>
<pin id="357" dir="0" index="0" bw="3" slack="1"/>
<pin id="358" dir="0" index="1" bw="3" slack="0"/>
<pin id="359" dir="1" index="2" bw="1" slack="0"/>
</pin_list>
<bind>
<opcode="icmp(45) " fcode="icmp"/>
<opset="ge_start/3 "/>
</bind>
</comp>

<comp id="361" class="1004" name="or_ln5991_fu_361">
<pin_list>
<pin id="362" dir="0" index="0" bw="1" slack="0"/>
<pin id="363" dir="0" index="1" bw="1" slack="1"/>
<pin id="364" dir="1" index="2" bw="1" slack="0"/>
</pin_list>
<bind>
<opcode="or(24) " fcode="or"/>
<opset="or_ln5991/3 "/>
</bind>
</comp>

<comp id="366" class="1004" name="and_ln5991_fu_366">
<pin_list>
<pin id="367" dir="0" index="0" bw="1" slack="0"/>
<pin id="368" dir="0" index="1" bw="1" slack="1"/>
<pin id="369" dir="1" index="2" bw="1" slack="0"/>
</pin_list>
<bind>
<opcode="and(23) " fcode="and"/>
<opset="and_ln5991/3 "/>
</bind>
</comp>

<comp id="371" class="1004" name="extra_fu_371">
<pin_list>
<pin id="372" dir="0" index="0" bw="1" slack="1"/>
<pin id="373" dir="0" index="1" bw="1" slack="0"/>
<pin id="374" dir="0" index="2" bw="1" slack="0"/>
<pin id="375" dir="1" index="3" bw="1" slack="0"/>
</pin_list>
<bind>
<opcode="select(49) " fcode="select"/>
<opset="extra/3 "/>
</bind>
</comp>

<comp id="378" class="1004" name="zext_ln5992_fu_378">
<pin_list>
<pin id="379" dir="0" index="0" bw="1" slack="0"/>
<pin id="380" dir="1" index="1" bw="14" slack="0"/>
</pin_list>
<bind>
<opcode="zext(34) " fcode="zext"/>
<opset="zext_ln5992/3 "/>
</bind>
</comp>

<comp id="382" class="1004" name="add_ln5992_fu_382">
<pin_list>
<pin id="383" dir="0" index="0" bw="13" slack="0"/>
<pin id="384" dir="0" index="1" bw="1" slack="0"/>
<pin id="385" dir="1" index="2" bw="14" slack="2"/>
</pin_list>
<bind>
<opcode="add(8) " fcode="add"/>
<opset="add_ln5992/3 "/>
</bind>
</comp>

<comp id="388" class="1004" name="icmp_ln5993_fu_388">
<pin_list>
<pin id="389" dir="0" index="0" bw="3" slack="1"/>
<pin id="390" dir="0" index="1" bw="3" slack="0"/>
<pin id="391" dir="1" index="2" bw="1" slack="2"/>
</pin_list>
<bind>
<opcode="icmp(45) " fcode="icmp"/>
<opset="icmp_ln5993/3 "/>
</bind>
</comp>

<comp id="393" class="1004" name="ge_start_6_fu_393">
<pin_list>
<pin id="394" dir="0" index="0" bw="3" slack="1"/>
<pin id="395" dir="0" index="1" bw="3" slack="0"/>
<pin id="396" dir="1" index="2" bw="1" slack="0"/>
</pin_list>
<bind>
<opcode="icmp(45) " fcode="icmp"/>
<opset="ge_start_6/3 "/>
</bind>
</comp>

<comp id="398" class="1004" name="or_ln5991_1_fu_398">
<pin_list>
<pin id="399" dir="0" index="0" bw="1" slack="0"/>
<pin id="400" dir="0" index="1" bw="1" slack="1"/>
<pin id="401" dir="1" index="2" bw="1" slack="0"/>
</pin_list>
<bind>
<opcode="or(24) " fcode="or"/>
<opset="or_ln5991_1/3 "/>
</bind>
</comp>

<comp id="403" class="1004" name="and_ln5991_1_fu_403">
<pin_list>
<pin id="404" dir="0" index="0" bw="1" slack="0"/>
<pin id="405" dir="0" index="1" bw="1" slack="1"/>
<pin id="406" dir="1" index="2" bw="1" slack="0"/>
</pin_list>
<bind>
<opcode="and(23) " fcode="and"/>
<opset="and_ln5991_1/3 "/>
</bind>
</comp>

<comp id="408" class="1004" name="extra_7_fu_408">
<pin_list>
<pin id="409" dir="0" index="0" bw="1" slack="1"/>
<pin id="410" dir="0" index="1" bw="1" slack="0"/>
<pin id="411" dir="0" index="2" bw="1" slack="0"/>
<pin id="412" dir="1" index="3" bw="1" slack="0"/>
</pin_list>
<bind>
<opcode="select(49) " fcode="select"/>
<opset="extra_7/3 "/>
</bind>
</comp>

<comp id="415" class="1004" name="zext_ln5992_2_fu_415">
<pin_list>
<pin id="416" dir="0" index="0" bw="1" slack="0"/>
<pin id="417" dir="1" index="1" bw="14" slack="0"/>
</pin_list>
<bind>
<opcode="zext(34) " fcode="zext"/>
<opset="zext_ln5992_2/3 "/>
</bind>
</comp>

<comp id="419" class="1004" name="add_ln5992_2_fu_419">
<pin_list>
<pin id="420" dir="0" index="0" bw="13" slack="0"/>
<pin id="421" dir="0" index="1" bw="1" slack="0"/>
<pin id="422" dir="1" index="2" bw="14" slack="2"/>
</pin_list>
<bind>
<opcode="add(8) " fcode="add"/>
<opset="add_ln5992_2/3 "/>
</bind>
</comp>

<comp id="425" class="1004" name="icmp_ln5993_1_fu_425">
<pin_list>
<pin id="426" dir="0" index="0" bw="3" slack="1"/>
<pin id="427" dir="0" index="1" bw="3" slack="0"/>
<pin id="428" dir="1" index="2" bw="1" slack="2"/>
</pin_list>
<bind>
<opcode="icmp(45) " fcode="icmp"/>
<opset="icmp_ln5993_1/3 "/>
</bind>
</comp>

<comp id="430" class="1004" name="icmp_ln6000_fu_430">
<pin_list>
<pin id="431" dir="0" index="0" bw="16" slack="0"/>
<pin id="432" dir="0" index="1" bw="16" slack="3"/>
<pin id="433" dir="1" index="2" bw="1" slack="2147483647"/>
</pin_list>
<bind>
<opcode="icmp(45) " fcode="icmp"/>
<opset="icmp_ln6000/4 "/>
</bind>
</comp>

<comp id="435" class="1004" name="j_7_fu_435">
<pin_list>
<pin id="436" dir="0" index="0" bw="16" slack="0"/>
<pin id="437" dir="0" index="1" bw="1" slack="0"/>
<pin id="438" dir="1" index="2" bw="16" slack="0"/>
</pin_list>
<bind>
<opcode="add(8) " fcode="add"/>
<opset="j_7/4 "/>
</bind>
</comp>

<comp id="441" class="1004" name="shl_ln_fu_441">
<pin_list>
<pin id="442" dir="0" index="0" bw="32" slack="0"/>
<pin id="443" dir="0" index="1" bw="27" slack="0"/>
<pin id="444" dir="0" index="2" bw="1" slack="0"/>
<pin id="445" dir="1" index="3" bw="32" slack="0"/>
</pin_list>
<bind>
<opcode="bitconcatenate(1004) " fcode="bitconcatenate"/>
<opset="shl_ln/4 "/>
</bind>
</comp>

<comp id="449" class="1004" name="zext_ln6002_fu_449">
<pin_list>
<pin id="450" dir="0" index="0" bw="32" slack="0"/>
<pin id="451" dir="1" index="1" bw="64" slack="0"/>
</pin_list>
<bind>
<opcode="zext(34) " fcode="zext"/>
<opset="zext_ln6002/4 "/>
</bind>
</comp>

<comp id="453" class="1004" name="add_ln6002_fu_453">
<pin_list>
<pin id="454" dir="0" index="0" bw="32" slack="0"/>
<pin id="455" dir="0" index="1" bw="64" slack="3"/>
<pin id="456" dir="1" index="2" bw="64" slack="1"/>
</pin_list>
<bind>
<opcode="add(8) " fcode="add"/>
<opset="add_ln6002/4 "/>
</bind>
</comp>

<comp id="458" class="1004" name="add_ln6002_2_fu_458">
<pin_list>
<pin id="459" dir="0" index="0" bw="32" slack="0"/>
<pin id="460" dir="0" index="1" bw="64" slack="3"/>
<pin id="461" dir="1" index="2" bw="64" slack="1"/>
</pin_list>
<bind>
<opcode="add(8) " fcode="add"/>
<opset="add_ln6002_2/4 "/>
</bind>
</comp>

<comp id="463" class="1004" name="add_ln6003_fu_463">
<pin_list>
<pin id="464" dir="0" index="0" bw="11" slack="3"/>
<pin id="465" dir="0" index="1" bw="27" slack="0"/>
<pin id="466" dir="1" index="2" bw="27" slack="0"/>
</pin_list>
<bind>
<opcode="add(8) " fcode="add"/>
<opset="add_ln6003/4 "/>
</bind>
</comp>

<comp id="468" class="1004" name="add_ln5955_2_fu_468">
<pin_list>
<pin id="469" dir="0" index="0" bw="16" slack="0"/>
<pin id="470" dir="0" index="1" bw="16" slack="3"/>
<pin id="471" dir="1" index="2" bw="16" slack="0"/>
</pin_list>
<bind>
<opcode="add(8) " fcode="add"/>
<opset="add_ln5955_2/4 "/>
</bind>
</comp>

<comp id="473" class="1004" name="store_ln5955_store_fu_473">
<pin_list>
<pin id="474" dir="0" index="0" bw="16" slack="2"/>
<pin id="475" dir="0" index="1" bw="16" slack="3"/>
<pin id="476" dir="1" index="2" bw="0" slack="2147483647"/>
</pin_list>
<bind>
<opcode="store(28) " fcode="store"/>
<opset="store_ln5955/4 "/>
</bind>
</comp>

<comp id="477" class="1004" name="store_ln5955_store_fu_477">
<pin_list>
<pin id="478" dir="0" index="0" bw="16" slack="0"/>
<pin id="479" dir="0" index="1" bw="16" slack="3"/>
<pin id="480" dir="1" index="2" bw="0" slack="2147483647"/>
</pin_list>
<bind>
<opcode="store(28) " fcode="store"/>
<opset="store_ln5955/4 "/>
</bind>
</comp>

<comp id="482" class="1005" name="indvars_iv_i_reg_482">
<pin_list>
<pin id="483" dir="0" index="0" bw="16" slack="0"/>
<pin id="484" dir="1" index="1" bw="16" slack="0"/>
</pin_list>
<bind>
<opset="indvars_iv_i "/>
</bind>
</comp>

<comp id="489" class="1005" name="tile_x_reg_489">
<pin_list>
<pin id="490" dir="0" index="0" bw="16" slack="0"/>
<pin id="491" dir="1" index="1" bw="16" slack="0"/>
</pin_list>
<bind>
<opset="tile_x "/>
</bind>
</comp>

<comp id="496" class="1005" name="arg0_b5_read_reg_496">
<pin_list>
<pin id="497" dir="0" index="0" bw="64" slack="3"/>
<pin id="498" dir="1" index="1" bw="64" slack="3"/>
</pin_list>
<bind>
<opset="arg0_b5_read "/>
</bind>
</comp>

<comp id="501" class="1005" name="arg0_b4_read_reg_501">
<pin_list>
<pin id="502" dir="0" index="0" bw="64" slack="3"/>
<pin id="503" dir="1" index="1" bw="64" slack="3"/>
</pin_list>
<bind>
<opset="arg0_b4_read "/>
</bind>
</comp>

<comp id="506" class="1005" name="p_read511_reg_506">
<pin_list>
<pin id="507" dir="0" index="0" bw="16" slack="1"/>
<pin id="508" dir="1" index="1" bw="16" slack="1"/>
</pin_list>
<bind>
<opset="p_read511 "/>
</bind>
</comp>

<comp id="511" class="1005" name="p_read410_reg_511">
<pin_list>
<pin id="512" dir="0" index="0" bw="16" slack="3"/>
<pin id="513" dir="1" index="1" bw="16" slack="3"/>
</pin_list>
<bind>
<opset="p_read410 "/>
</bind>
</comp>

<comp id="516" class="1005" name="p_read39_reg_516">
<pin_list>
<pin id="517" dir="0" index="0" bw="16" slack="1"/>
<pin id="518" dir="1" index="1" bw="16" slack="1"/>
</pin_list>
<bind>
<opset="p_read39 "/>
</bind>
</comp>

<comp id="521" class="1005" name="p_read28_reg_521">
<pin_list>
<pin id="522" dir="0" index="0" bw="16" slack="1"/>
<pin id="523" dir="1" index="1" bw="16" slack="1"/>
</pin_list>
<bind>
<opset="p_read28 "/>
</bind>
</comp>

<comp id="526" class="1005" name="p_read17_reg_526">
<pin_list>
<pin id="527" dir="0" index="0" bw="16" slack="3"/>
<pin id="528" dir="1" index="1" bw="16" slack="3"/>
</pin_list>
<bind>
<opset="p_read17 "/>
</bind>
</comp>

<comp id="531" class="1005" name="empty_reg_531">
<pin_list>
<pin id="532" dir="0" index="0" bw="3" slack="1"/>
<pin id="533" dir="1" index="1" bw="3" slack="1"/>
</pin_list>
<bind>
<opset="empty "/>
</bind>
</comp>

<comp id="536" class="1005" name="sub_i_reg_536">
<pin_list>
<pin id="537" dir="0" index="0" bw="17" slack="1"/>
<pin id="538" dir="1" index="1" bw="17" slack="1"/>
</pin_list>
<bind>
<opset="sub_i "/>
</bind>
</comp>

<comp id="541" class="1005" name="zext_ln5955_reg_541">
<pin_list>
<pin id="542" dir="0" index="0" bw="27" slack="3"/>
<pin id="543" dir="1" index="1" bw="27" slack="3"/>
</pin_list>
<bind>
<opset="zext_ln5955 "/>
</bind>
</comp>

<comp id="549" class="1005" name="add_ln5955_reg_549">
<pin_list>
<pin id="550" dir="0" index="0" bw="16" slack="2"/>
<pin id="551" dir="1" index="1" bw="16" slack="2"/>
</pin_list>
<bind>
<opset="add_ln5955 "/>
</bind>
</comp>

<comp id="554" class="1005" name="tile_offset_x_reg_554">
<pin_list>
<pin id="555" dir="0" index="0" bw="3" slack="1"/>
<pin id="556" dir="1" index="1" bw="3" slack="1"/>
</pin_list>
<bind>
<opset="tile_offset_x "/>
</bind>
</comp>

<comp id="562" class="1005" name="trunc_ln_reg_562">
<pin_list>
<pin id="563" dir="0" index="0" bw="13" slack="1"/>
<pin id="564" dir="1" index="1" bw="13" slack="1"/>
</pin_list>
<bind>
<opset="trunc_ln "/>
</bind>
</comp>

<comp id="567" class="1005" name="wrapped_reg_567">
<pin_list>
<pin id="568" dir="0" index="0" bw="1" slack="1"/>
<pin id="569" dir="1" index="1" bw="1" slack="1"/>
</pin_list>
<bind>
<opset="wrapped "/>
</bind>
</comp>

<comp id="573" class="1005" name="lt_end_reg_573">
<pin_list>
<pin id="574" dir="0" index="0" bw="1" slack="1"/>
<pin id="575" dir="1" index="1" bw="1" slack="1"/>
</pin_list>
<bind>
<opset="lt_end "/>
</bind>
</comp>

<comp id="579" class="1005" name="lt_end_6_reg_579">
<pin_list>
<pin id="580" dir="0" index="0" bw="1" slack="1"/>
<pin id="581" dir="1" index="1" bw="1" slack="1"/>
</pin_list>
<bind>
<opset="lt_end_6 "/>
</bind>
</comp>

<comp id="585" class="1005" name="zext_ln5957_reg_585">
<pin_list>
<pin id="586" dir="0" index="0" bw="27" slack="1"/>
<pin id="587" dir="1" index="1" bw="27" slack="1"/>
</pin_list>
<bind>
<opset="zext_ln5957 "/>
</bind>
</comp>

<comp id="590" class="1005" name="add_ln5992_reg_590">
<pin_list>
<pin id="591" dir="0" index="0" bw="14" slack="2"/>
<pin id="592" dir="1" index="1" bw="14" slack="2"/>
</pin_list>
<bind>
<opset="add_ln5992 "/>
</bind>
</comp>

<comp id="595" class="1005" name="icmp_ln5993_reg_595">
<pin_list>
<pin id="596" dir="0" index="0" bw="1" slack="2"/>
<pin id="597" dir="1" index="1" bw="1" slack="2"/>
</pin_list>
<bind>
<opset="icmp_ln5993 "/>
</bind>
</comp>

<comp id="600" class="1005" name="add_ln5992_2_reg_600">
<pin_list>
<pin id="601" dir="0" index="0" bw="14" slack="2"/>
<pin id="602" dir="1" index="1" bw="14" slack="2"/>
</pin_list>
<bind>
<opset="add_ln5992_2 "/>
</bind>
</comp>

<comp id="605" class="1005" name="icmp_ln5993_1_reg_605">
<pin_list>
<pin id="606" dir="0" index="0" bw="1" slack="2"/>
<pin id="607" dir="1" index="1" bw="1" slack="2"/>
</pin_list>
<bind>
<opset="icmp_ln5993_1 "/>
</bind>
</comp>

<comp id="613" class="1005" name="j_7_reg_613">
<pin_list>
<pin id="614" dir="0" index="0" bw="16" slack="0"/>
<pin id="615" dir="1" index="1" bw="16" slack="0"/>
</pin_list>
<bind>
<opset="j_7 "/>
</bind>
</comp>

<comp id="618" class="1005" name="add_ln6002_reg_618">
<pin_list>
<pin id="619" dir="0" index="0" bw="64" slack="1"/>
<pin id="620" dir="1" index="1" bw="64" slack="1"/>
</pin_list>
<bind>
<opset="add_ln6002 "/>
</bind>
</comp>

<comp id="623" class="1005" name="add_ln6002_2_reg_623">
<pin_list>
<pin id="624" dir="0" index="0" bw="64" slack="1"/>
<pin id="625" dir="1" index="1" bw="64" slack="1"/>
</pin_list>
<bind>
<opset="add_ln6002_2 "/>
</bind>
</comp>

<comp id="628" class="1005" name="add_ln6003_reg_628">
<pin_list>
<pin id="629" dir="0" index="0" bw="27" slack="0"/>
<pin id="630" dir="1" index="1" bw="27" slack="0"/>
</pin_list>
<bind>
<opset="add_ln6003 "/>
</bind>
</comp>

</comp_list>

<net_list>
<net id="105"><net_src comp="24" pin="0"/><net_sink comp="102" pin=0"/></net>

<net id="109"><net_src comp="24" pin="0"/><net_sink comp="106" pin=0"/></net>

<net id="114"><net_src comp="26" pin="0"/><net_sink comp="110" pin=0"/></net>

<net id="115"><net_src comp="22" pin="0"/><net_sink comp="110" pin=1"/></net>

<net id="120"><net_src comp="26" pin="0"/><net_sink comp="116" pin=0"/></net>

<net id="121"><net_src comp="18" pin="0"/><net_sink comp="116" pin=1"/></net>

<net id="126"><net_src comp="28" pin="0"/><net_sink comp="122" pin=0"/></net>

<net id="127"><net_src comp="14" pin="0"/><net_sink comp="122" pin=1"/></net>

<net id="132"><net_src comp="28" pin="0"/><net_sink comp="128" pin=0"/></net>

<net id="133"><net_src comp="12" pin="0"/><net_sink comp="128" pin=1"/></net>

<net id="138"><net_src comp="28" pin="0"/><net_sink comp="134" pin=0"/></net>

<net id="139"><net_src comp="10" pin="0"/><net_sink comp="134" pin=1"/></net>

<net id="144"><net_src comp="28" pin="0"/><net_sink comp="140" pin=0"/></net>

<net id="145"><net_src comp="8" pin="0"/><net_sink comp="140" pin=1"/></net>

<net id="150"><net_src comp="28" pin="0"/><net_sink comp="146" pin=0"/></net>

<net id="151"><net_src comp="6" pin="0"/><net_sink comp="146" pin=1"/></net>

<net id="156"><net_src comp="30" pin="0"/><net_sink comp="152" pin=0"/></net>

<net id="157"><net_src comp="4" pin="0"/><net_sink comp="152" pin=1"/></net>

<net id="170"><net_src comp="68" pin="0"/><net_sink comp="167" pin=0"/></net>

<net id="177"><net_src comp="167" pin="1"/><net_sink comp="171" pin=2"/></net>

<net id="191"><net_src comp="98" pin="0"/><net_sink comp="178" pin=0"/></net>

<net id="192"><net_src comp="0" pin="0"/><net_sink comp="178" pin=1"/></net>

<net id="193"><net_src comp="2" pin="0"/><net_sink comp="178" pin=2"/></net>

<net id="194"><net_src comp="16" pin="0"/><net_sink comp="178" pin=7"/></net>

<net id="195"><net_src comp="20" pin="0"/><net_sink comp="178" pin=9"/></net>

<net id="202"><net_src comp="128" pin="2"/><net_sink comp="199" pin=0"/></net>

<net id="206"><net_src comp="152" pin="2"/><net_sink comp="203" pin=0"/></net>

<net id="211"><net_src comp="203" pin="1"/><net_sink comp="207" pin=0"/></net>

<net id="212"><net_src comp="58" pin="0"/><net_sink comp="207" pin=1"/></net>

<net id="219"><net_src comp="60" pin="0"/><net_sink comp="213" pin=0"/></net>

<net id="220"><net_src comp="207" pin="2"/><net_sink comp="213" pin=1"/></net>

<net id="221"><net_src comp="62" pin="0"/><net_sink comp="213" pin=2"/></net>

<net id="222"><net_src comp="64" pin="0"/><net_sink comp="213" pin=3"/></net>

<net id="226"><net_src comp="140" pin="2"/><net_sink comp="223" pin=0"/></net>

<net id="231"><net_src comp="223" pin="1"/><net_sink comp="227" pin=0"/></net>

<net id="232"><net_src comp="66" pin="0"/><net_sink comp="227" pin=1"/></net>

<net id="236"><net_src comp="213" pin="4"/><net_sink comp="233" pin=0"/></net>

<net id="241"><net_src comp="68" pin="0"/><net_sink comp="237" pin=0"/></net>

<net id="246"><net_src comp="68" pin="0"/><net_sink comp="242" pin=0"/></net>

<net id="253"><net_src comp="247" pin="1"/><net_sink comp="250" pin=0"/></net>

<net id="258"><net_src comp="247" pin="1"/><net_sink comp="254" pin=0"/></net>

<net id="263"><net_src comp="247" pin="1"/><net_sink comp="259" pin=0"/></net>

<net id="264"><net_src comp="76" pin="0"/><net_sink comp="259" pin=1"/></net>

<net id="268"><net_src comp="247" pin="1"/><net_sink comp="265" pin=0"/></net>

<net id="273"><net_src comp="265" pin="1"/><net_sink comp="269" pin=0"/></net>

<net id="278"><net_src comp="250" pin="1"/><net_sink comp="274" pin=1"/></net>

<net id="284"><net_src comp="274" pin="2"/><net_sink comp="279" pin=0"/></net>

<net id="288"><net_src comp="279" pin="3"/><net_sink comp="285" pin=0"/></net>

<net id="295"><net_src comp="78" pin="0"/><net_sink comp="289" pin=0"/></net>

<net id="296"><net_src comp="279" pin="3"/><net_sink comp="289" pin=1"/></net>

<net id="297"><net_src comp="62" pin="0"/><net_sink comp="289" pin=2"/></net>

<net id="298"><net_src comp="80" pin="0"/><net_sink comp="289" pin=3"/></net>

<net id="302"><net_src comp="285" pin="1"/><net_sink comp="299" pin=0"/></net>

<net id="306"><net_src comp="269" pin="2"/><net_sink comp="303" pin=0"/></net>

<net id="311"><net_src comp="303" pin="1"/><net_sink comp="307" pin=0"/></net>

<net id="312"><net_src comp="299" pin="1"/><net_sink comp="307" pin=1"/></net>

<net id="317"><net_src comp="269" pin="2"/><net_sink comp="313" pin=0"/></net>

<net id="318"><net_src comp="285" pin="1"/><net_sink comp="313" pin=1"/></net>

<net id="324"><net_src comp="82" pin="0"/><net_sink comp="319" pin=0"/></net>

<net id="325"><net_src comp="307" pin="2"/><net_sink comp="319" pin=1"/></net>

<net id="326"><net_src comp="62" pin="0"/><net_sink comp="319" pin=2"/></net>

<net id="331"><net_src comp="313" pin="2"/><net_sink comp="327" pin=0"/></net>

<net id="332"><net_src comp="84" pin="0"/><net_sink comp="327" pin=1"/></net>

<net id="337"><net_src comp="313" pin="2"/><net_sink comp="333" pin=0"/></net>

<net id="338"><net_src comp="86" pin="0"/><net_sink comp="333" pin=1"/></net>

<net id="345"><net_src comp="78" pin="0"/><net_sink comp="339" pin=0"/></net>

<net id="346"><net_src comp="196" pin="1"/><net_sink comp="339" pin=1"/></net>

<net id="347"><net_src comp="62" pin="0"/><net_sink comp="339" pin=2"/></net>

<net id="348"><net_src comp="80" pin="0"/><net_sink comp="339" pin=3"/></net>

<net id="352"><net_src comp="339" pin="4"/><net_sink comp="349" pin=0"/></net>

<net id="360"><net_src comp="86" pin="0"/><net_sink comp="356" pin=1"/></net>

<net id="365"><net_src comp="356" pin="2"/><net_sink comp="361" pin=0"/></net>

<net id="370"><net_src comp="356" pin="2"/><net_sink comp="366" pin=0"/></net>

<net id="376"><net_src comp="361" pin="2"/><net_sink comp="371" pin=1"/></net>

<net id="377"><net_src comp="366" pin="2"/><net_sink comp="371" pin=2"/></net>

<net id="381"><net_src comp="371" pin="3"/><net_sink comp="378" pin=0"/></net>

<net id="386"><net_src comp="353" pin="1"/><net_sink comp="382" pin=0"/></net>

<net id="387"><net_src comp="378" pin="1"/><net_sink comp="382" pin=1"/></net>

<net id="392"><net_src comp="84" pin="0"/><net_sink comp="388" pin=1"/></net>

<net id="397"><net_src comp="92" pin="0"/><net_sink comp="393" pin=1"/></net>

<net id="402"><net_src comp="393" pin="2"/><net_sink comp="398" pin=0"/></net>

<net id="407"><net_src comp="393" pin="2"/><net_sink comp="403" pin=0"/></net>

<net id="413"><net_src comp="398" pin="2"/><net_sink comp="408" pin=1"/></net>

<net id="414"><net_src comp="403" pin="2"/><net_sink comp="408" pin=2"/></net>

<net id="418"><net_src comp="408" pin="3"/><net_sink comp="415" pin=0"/></net>

<net id="423"><net_src comp="353" pin="1"/><net_sink comp="419" pin=0"/></net>

<net id="424"><net_src comp="415" pin="1"/><net_sink comp="419" pin=1"/></net>

<net id="429"><net_src comp="86" pin="0"/><net_sink comp="425" pin=1"/></net>

<net id="434"><net_src comp="171" pin="4"/><net_sink comp="430" pin=0"/></net>

<net id="439"><net_src comp="171" pin="4"/><net_sink comp="435" pin=0"/></net>

<net id="440"><net_src comp="76" pin="0"/><net_sink comp="435" pin=1"/></net>

<net id="446"><net_src comp="94" pin="0"/><net_sink comp="441" pin=0"/></net>

<net id="447"><net_src comp="161" pin="4"/><net_sink comp="441" pin=1"/></net>

<net id="448"><net_src comp="96" pin="0"/><net_sink comp="441" pin=2"/></net>

<net id="452"><net_src comp="441" pin="3"/><net_sink comp="449" pin=0"/></net>

<net id="457"><net_src comp="449" pin="1"/><net_sink comp="453" pin=0"/></net>

<net id="462"><net_src comp="449" pin="1"/><net_sink comp="458" pin=0"/></net>

<net id="467"><net_src comp="161" pin="4"/><net_sink comp="463" pin=1"/></net>

<net id="472"><net_src comp="196" pin="1"/><net_sink comp="468" pin=0"/></net>

<net id="481"><net_src comp="468" pin="2"/><net_sink comp="477" pin=0"/></net>

<net id="485"><net_src comp="102" pin="1"/><net_sink comp="482" pin=0"/></net>

<net id="486"><net_src comp="482" pin="1"/><net_sink comp="242" pin=1"/></net>

<net id="487"><net_src comp="482" pin="1"/><net_sink comp="196" pin=0"/></net>

<net id="488"><net_src comp="482" pin="1"/><net_sink comp="477" pin=1"/></net>

<net id="492"><net_src comp="106" pin="1"/><net_sink comp="489" pin=0"/></net>

<net id="493"><net_src comp="489" pin="1"/><net_sink comp="237" pin=1"/></net>

<net id="494"><net_src comp="489" pin="1"/><net_sink comp="247" pin=0"/></net>

<net id="495"><net_src comp="489" pin="1"/><net_sink comp="473" pin=1"/></net>

<net id="499"><net_src comp="110" pin="2"/><net_sink comp="496" pin=0"/></net>

<net id="500"><net_src comp="496" pin="1"/><net_sink comp="458" pin=1"/></net>

<net id="504"><net_src comp="116" pin="2"/><net_sink comp="501" pin=0"/></net>

<net id="505"><net_src comp="501" pin="1"/><net_sink comp="453" pin=1"/></net>

<net id="509"><net_src comp="122" pin="2"/><net_sink comp="506" pin=0"/></net>

<net id="510"><net_src comp="506" pin="1"/><net_sink comp="279" pin=1"/></net>

<net id="514"><net_src comp="128" pin="2"/><net_sink comp="511" pin=0"/></net>

<net id="515"><net_src comp="511" pin="1"/><net_sink comp="468" pin=1"/></net>

<net id="519"><net_src comp="134" pin="2"/><net_sink comp="516" pin=0"/></net>

<net id="520"><net_src comp="516" pin="1"/><net_sink comp="279" pin=2"/></net>

<net id="524"><net_src comp="140" pin="2"/><net_sink comp="521" pin=0"/></net>

<net id="525"><net_src comp="521" pin="1"/><net_sink comp="254" pin=1"/></net>

<net id="529"><net_src comp="146" pin="2"/><net_sink comp="526" pin=0"/></net>

<net id="530"><net_src comp="526" pin="1"/><net_sink comp="430" pin=1"/></net>

<net id="534"><net_src comp="199" pin="1"/><net_sink comp="531" pin=0"/></net>

<net id="535"><net_src comp="531" pin="1"/><net_sink comp="269" pin=1"/></net>

<net id="539"><net_src comp="227" pin="2"/><net_sink comp="536" pin=0"/></net>

<net id="540"><net_src comp="536" pin="1"/><net_sink comp="274" pin=0"/></net>

<net id="544"><net_src comp="233" pin="1"/><net_sink comp="541" pin=0"/></net>

<net id="545"><net_src comp="541" pin="1"/><net_sink comp="463" pin=0"/></net>

<net id="552"><net_src comp="259" pin="2"/><net_sink comp="549" pin=0"/></net>

<net id="553"><net_src comp="549" pin="1"/><net_sink comp="473" pin=0"/></net>

<net id="557"><net_src comp="269" pin="2"/><net_sink comp="554" pin=0"/></net>

<net id="558"><net_src comp="554" pin="1"/><net_sink comp="356" pin=0"/></net>

<net id="559"><net_src comp="554" pin="1"/><net_sink comp="388" pin=0"/></net>

<net id="560"><net_src comp="554" pin="1"/><net_sink comp="393" pin=0"/></net>

<net id="561"><net_src comp="554" pin="1"/><net_sink comp="425" pin=0"/></net>

<net id="565"><net_src comp="289" pin="4"/><net_sink comp="562" pin=0"/></net>

<net id="566"><net_src comp="562" pin="1"/><net_sink comp="353" pin=0"/></net>

<net id="570"><net_src comp="319" pin="3"/><net_sink comp="567" pin=0"/></net>

<net id="571"><net_src comp="567" pin="1"/><net_sink comp="371" pin=0"/></net>

<net id="572"><net_src comp="567" pin="1"/><net_sink comp="408" pin=0"/></net>

<net id="576"><net_src comp="327" pin="2"/><net_sink comp="573" pin=0"/></net>

<net id="577"><net_src comp="573" pin="1"/><net_sink comp="361" pin=1"/></net>

<net id="578"><net_src comp="573" pin="1"/><net_sink comp="366" pin=1"/></net>

<net id="582"><net_src comp="333" pin="2"/><net_sink comp="579" pin=0"/></net>

<net id="583"><net_src comp="579" pin="1"/><net_sink comp="398" pin=1"/></net>

<net id="584"><net_src comp="579" pin="1"/><net_sink comp="403" pin=1"/></net>

<net id="588"><net_src comp="349" pin="1"/><net_sink comp="585" pin=0"/></net>

<net id="589"><net_src comp="585" pin="1"/><net_sink comp="161" pin=2"/></net>

<net id="593"><net_src comp="382" pin="2"/><net_sink comp="590" pin=0"/></net>

<net id="594"><net_src comp="590" pin="1"/><net_sink comp="178" pin=3"/></net>

<net id="598"><net_src comp="388" pin="2"/><net_sink comp="595" pin=0"/></net>

<net id="599"><net_src comp="595" pin="1"/><net_sink comp="178" pin=5"/></net>

<net id="603"><net_src comp="419" pin="2"/><net_sink comp="600" pin=0"/></net>

<net id="604"><net_src comp="600" pin="1"/><net_sink comp="178" pin=4"/></net>

<net id="608"><net_src comp="425" pin="2"/><net_sink comp="605" pin=0"/></net>

<net id="609"><net_src comp="605" pin="1"/><net_sink comp="178" pin=6"/></net>

<net id="616"><net_src comp="435" pin="2"/><net_sink comp="613" pin=0"/></net>

<net id="617"><net_src comp="613" pin="1"/><net_sink comp="171" pin=0"/></net>

<net id="621"><net_src comp="453" pin="2"/><net_sink comp="618" pin=0"/></net>

<net id="622"><net_src comp="618" pin="1"/><net_sink comp="178" pin=8"/></net>

<net id="626"><net_src comp="458" pin="2"/><net_sink comp="623" pin=0"/></net>

<net id="627"><net_src comp="623" pin="1"/><net_sink comp="178" pin=10"/></net>

<net id="631"><net_src comp="463" pin="2"/><net_sink comp="628" pin=0"/></net>

<net id="632"><net_src comp="628" pin="1"/><net_sink comp="161" pin=0"/></net>

</net_list>

</model> 
---------------- Datapath Model END ------------------

* FSMD analyzer results:
  - Output states:
	Port: arg0_read_mem_strm_4 | {5 6 }
	Port: arg0_read_mem_strm_5 | {5 6 }
 - Input state : 
	Port: interleaveTileMem2stream2D.1 : p_read | {1 }
	Port: interleaveTileMem2stream2D.1 : p_read1 | {1 }
	Port: interleaveTileMem2stream2D.1 : p_read2 | {1 }
	Port: interleaveTileMem2stream2D.1 : p_read3 | {1 }
	Port: interleaveTileMem2stream2D.1 : p_read4 | {1 }
	Port: interleaveTileMem2stream2D.1 : p_read5 | {1 }
	Port: interleaveTileMem2stream2D.1 : gmem4 | {5 6 }
	Port: interleaveTileMem2stream2D.1 : arg0_b4 | {1 }
	Port: interleaveTileMem2stream2D.1 : gmem5 | {5 6 }
	Port: interleaveTileMem2stream2D.1 : arg0_b5 | {1 }
  - Chain level:
	State 1
		add_ln5952 : 1
		lshr_ln : 2
		sub_i : 1
		zext_ln5955 : 3
		store_ln5955 : 1
		store_ln5955 : 1
	State 2
		zext_ln5955_2 : 1
		icmp_ln5955 : 1
		add_ln5955 : 1
		br_ln5955 : 2
		trunc_ln5957 : 1
		tile_offset_x : 2
		icmp_ln5958 : 2
		tile_size_x : 3
		rem_x : 4
		trunc_ln : 4
		zext_ln5964 : 5
		zext_ln5980 : 3
		end_sum : 6
		end_bank : 5
		wrapped : 7
		lt_end : 6
		lt_end_6 : 6
	State 3
		lshr_ln9 : 1
		zext_ln5957 : 2
		or_ln5991 : 1
		and_ln5991 : 1
		extra : 1
		zext_ln5992 : 2
		add_ln5992 : 3
		or_ln5991_1 : 1
		and_ln5991_1 : 1
		extra_7 : 1
		zext_ln5992_2 : 2
		add_ln5992_2 : 3
	State 4
		icmp_ln6000 : 1
		j_7 : 1
		br_ln6000 : 2
		shl_ln : 1
		zext_ln6002 : 2
		add_ln6002 : 3
		add_ln6002_2 : 3
		add_ln6003 : 1
		add_ln5955_2 : 1
		store_ln5955 : 2
	State 5
	State 6


============================================================
+ Verbose Summary: Datapath Resource usage 
============================================================

* Functional unit list:
|----------|-----------------------------------------------|---------|---------|---------|---------|
| Operation|                Functional Unit                |   DSP   |  Delay  |    FF   |   LUT   |
|----------|-----------------------------------------------|---------|---------|---------|---------|
|   call   | grp_interleaveTileMem2Stream2D_inner_1_fu_178 |    0    |  2.322  |   1548  |   262   |
|----------|-----------------------------------------------|---------|---------|---------|---------|
|          |               add_ln5952_fu_207               |    0    |    0    |    0    |    20   |
|          |                  sub_i_fu_227                 |    0    |    0    |    0    |    23   |
|          |               add_ln5955_fu_259               |    0    |    0    |    0    |    23   |
|          |                 end_sum_fu_307                |    0    |    0    |    0    |    10   |
|          |                end_bank_fu_313                |    0    |    0    |    0    |    10   |
|    add   |               add_ln5992_fu_382               |    0    |    0    |    0    |    20   |
|          |              add_ln5992_2_fu_419              |    0    |    0    |    0    |    20   |
|          |                   j_7_fu_435                  |    0    |    0    |    0    |    23   |
|          |               add_ln6002_fu_453               |    0    |    0    |    0    |    71   |
|          |              add_ln6002_2_fu_458              |    0    |    0    |    0    |    71   |
|          |               add_ln6003_fu_463               |    0    |    0    |    0    |    34   |
|          |              add_ln5955_2_fu_468              |    0    |    0    |    0    |    23   |
|----------|-----------------------------------------------|---------|---------|---------|---------|
|          |               icmp_ln5955_fu_254              |    0    |    0    |    0    |    13   |
|          |               icmp_ln5958_fu_274              |    0    |    0    |    0    |    13   |
|          |                 lt_end_fu_327                 |    0    |    0    |    0    |    8    |
|          |                lt_end_6_fu_333                |    0    |    0    |    0    |    8    |
|   icmp   |                ge_start_fu_356                |    0    |    0    |    0    |    8    |
|          |               icmp_ln5993_fu_388              |    0    |    0    |    0    |    8    |
|          |               ge_start_6_fu_393               |    0    |    0    |    0    |    8    |
|          |              icmp_ln5993_1_fu_425             |    0    |    0    |    0    |    8    |
|          |               icmp_ln6000_fu_430              |    0    |    0    |    0    |    13   |
|----------|-----------------------------------------------|---------|---------|---------|---------|
|          |               tile_size_x_fu_279              |    0    |    0    |    0    |    16   |
|  select  |                  extra_fu_371                 |    0    |    0    |    0    |    2    |
|          |                 extra_7_fu_408                |    0    |    0    |    0    |    2    |
|----------|-----------------------------------------------|---------|---------|---------|---------|
|    mul   |              tile_offset_x_fu_269             |    0    |    0    |    0    |    8    |
|----------|-----------------------------------------------|---------|---------|---------|---------|
|    or    |                or_ln5991_fu_361               |    0    |    0    |    0    |    2    |
|          |               or_ln5991_1_fu_398              |    0    |    0    |    0    |    2    |
|----------|-----------------------------------------------|---------|---------|---------|---------|
|    and   |               and_ln5991_fu_366               |    0    |    0    |    0    |    2    |
|          |              and_ln5991_1_fu_403              |    0    |    0    |    0    |    2    |
|----------|-----------------------------------------------|---------|---------|---------|---------|
|          |            arg0_b5_read_read_fu_110           |    0    |    0    |    0    |    0    |
|          |            arg0_b4_read_read_fu_116           |    0    |    0    |    0    |    0    |
|          |             p_read511_read_fu_122             |    0    |    0    |    0    |    0    |
|   read   |             p_read410_read_fu_128             |    0    |    0    |    0    |    0    |
|          |              p_read39_read_fu_134             |    0    |    0    |    0    |    0    |
|          |              p_read28_read_fu_140             |    0    |    0    |    0    |    0    |
|          |              p_read17_read_fu_146             |    0    |    0    |    0    |    0    |
|          |             p_read_35_read_fu_152             |    0    |    0    |    0    |    0    |
|----------|-----------------------------------------------|---------|---------|---------|---------|
|          |                  empty_fu_199                 |    0    |    0    |    0    |    0    |
|   trunc  |              trunc_ln5957_fu_265              |    0    |    0    |    0    |    0    |
|          |                  rem_x_fu_285                 |    0    |    0    |    0    |    0    |
|----------|-----------------------------------------------|---------|---------|---------|---------|
|          |               zext_ln5952_fu_203              |    0    |    0    |    0    |    0    |
|          |       config_tile_count_x_cast_i_fu_223       |    0    |    0    |    0    |    0    |
|          |               zext_ln5955_fu_233              |    0    |    0    |    0    |    0    |
|          |              zext_ln5955_2_fu_250             |    0    |    0    |    0    |    0    |
|          |               zext_ln5964_fu_299              |    0    |    0    |    0    |    0    |
|   zext   |               zext_ln5980_fu_303              |    0    |    0    |    0    |    0    |
|          |               zext_ln5957_fu_349              |    0    |    0    |    0    |    0    |
|          |               zext_ln5963_fu_353              |    0    |    0    |    0    |    0    |
|          |               zext_ln5992_fu_378              |    0    |    0    |    0    |    0    |
|          |              zext_ln5992_2_fu_415             |    0    |    0    |    0    |    0    |
|          |               zext_ln6002_fu_449              |    0    |    0    |    0    |    0    |
|----------|-----------------------------------------------|---------|---------|---------|---------|
|          |                 lshr_ln_fu_213                |    0    |    0    |    0    |    0    |
|partselect|                trunc_ln_fu_289                |    0    |    0    |    0    |    0    |
|          |                lshr_ln9_fu_339                |    0    |    0    |    0    |    0    |
|----------|-----------------------------------------------|---------|---------|---------|---------|
| bitselect|                 wrapped_fu_319                |    0    |    0    |    0    |    0    |
|----------|-----------------------------------------------|---------|---------|---------|---------|
|bitconcatenate|                 shl_ln_fu_441                 |    0    |    0    |    0    |    0    |
|----------|-----------------------------------------------|---------|---------|---------|---------|
|   Total  |                                               |    0    |  2.322  |   1548  |   733   |
|----------|-----------------------------------------------|---------|---------|---------|---------|

Memories:
N/A

* Register list:
+---------------------+--------+
|                     |   FF   |
+---------------------+--------+
|  add_ln5955_reg_549 |   16   |
| add_ln5992_2_reg_600|   14   |
|  add_ln5992_reg_590 |   14   |
| add_ln6002_2_reg_623|   64   |
|  add_ln6002_reg_618 |   64   |
|  add_ln6003_reg_628 |   27   |
| arg0_b4_read_reg_501|   64   |
| arg0_b5_read_reg_496|   64   |
|    empty_reg_531    |    3   |
|icmp_ln5993_1_reg_605|    1   |
| icmp_ln5993_reg_595 |    1   |
| indvars_iv_i_reg_482|   16   |
|     j_7_reg_613     |   16   |
|      j_reg_167      |   16   |
|   lt_end_6_reg_579  |    1   |
|    lt_end_reg_573   |    1   |
|   p_read17_reg_526  |   16   |
|   p_read28_reg_521  |   16   |
|   p_read39_reg_516  |   16   |
|  p_read410_reg_511  |   16   |
|  p_read511_reg_506  |   16   |
|   row_base_reg_158  |   27   |
|    sub_i_reg_536    |   17   |
|tile_offset_x_reg_554|    3   |
|    tile_x_reg_489   |   16   |
|   trunc_ln_reg_562  |   13   |
|   wrapped_reg_567   |    1   |
| zext_ln5955_reg_541 |   27   |
| zext_ln5957_reg_585 |   27   |
+---------------------+--------+
|        Total        |   593  |
+---------------------+--------+

* Multiplexer (MUX) list: 
|--------|------|------|------|--------|
|  Comp  |  Pin | Size |  BW  | S x BW |
|--------|------|------|------|--------|
|  Total |      |      |      |    0   |
|--------|------|------|------|--------|



* Summary:
+-----------+--------+--------+--------+--------+
|           |   DSP  |  Delay |   FF   |   LUT  |
+-----------+--------+--------+--------+--------+
|  Function |    0   |    2   |  1548  |   733  |
|   Memory  |    -   |    -   |    -   |    -   |
|Multiplexer|    -   |    -   |    -   |    -   |
|  Register |    -   |    -   |   593  |    -   |
+-----------+--------+--------+--------+--------+
|   Total   |    0   |    2   |  2141  |   733  |
+-----------+--------+--------+--------+--------+
