
*** Running vivado
    with args -log ulp.vds -m64 -product Vivado -mode batch -messageDb vivado.pb -notrace -source ulp.tcl


****** Vivado v2022.2 (64-bit)
  **** SW Build 3671981 on Fri Oct 14 04:59:54 MDT 2022
  **** IP Build 3669848 on Fri Oct 14 08:30:02 MDT 2022
    ** Copyright 1986-2022 Xilinx, Inc. All Rights Reserved.

INFO: [Common 17-1239] XILINX_LOCAL_USER_DATA is set to '/pc2/users/a/acgasm01/.Xilinx'.
source ulp.tcl -notrace
INFO: Dispatch client connection id - 40169
create_project: Time (s): cpu = 00:00:04 ; elapsed = 00:00:18 . Memory (MB): peak = 1917.816 ; gain = 94.047 ; free physical = 199316 ; free virtual = 213702
INFO: [IP_Flow 19-234] Refreshing IP repositories
INFO: [IP_Flow 19-1700] Loaded user IP repository '/scratch/hpc-prf-acgasm/beniel/ops-hls-batching-tiling-artifacts/codegen_apps/tiling/poisson2d/u280_project/maxtile_8192_p64/hls/build/hw/temp_dir/link/link/int/xo/ip_repo/xilinx_com_hls_datamover_outerloop_0_1_0'.
INFO: [IP_Flow 19-1700] Loaded user IP repository '/scratch/hpc-prf-acgasm/beniel/ops-hls-batching-tiling-artifacts/codegen_apps/tiling/poisson2d/u280_project/maxtile_8192_p64/hls/build/hw/temp_dir/link/link/int/xo/ip_repo/xilinx_com_hls_kernel_outerloop_0_1_1_0'.
INFO: [IP_Flow 19-1700] Loaded user IP repository '/scratch/hpc-prf-acgasm/beniel/ops-hls-batching-tiling-artifacts/codegen_apps/tiling/poisson2d/u280_project/maxtile_8192_p64/hls/build/hw/temp_dir/link/link/int/xo/ip_repo/xilinx_com_hls_repeater_outerloop_0_1_0'.
INFO: [IP_Flow 19-1700] Loaded user IP repository '/scratch/hpc-prf-acgasm/beniel/ops-hls-batching-tiling-artifacts/codegen_apps/tiling/poisson2d/u280_project/maxtile_8192_p64/hls/build/hw/temp_dir/link/link/int/xo/ip_repo/xilinx_com_hls_kernel_outerloop_0_0_1_0'.
INFO: [IP_Flow 19-1700] Loaded user IP repository '/scratch/hpc-prf-acgasm/beniel/ops-hls-batching-tiling-artifacts/codegen_apps/tiling/poisson2d/u280_project/maxtile_8192_p64/hls/build/hw/temp_dir/link/link/int/xo/ip_repo/xilinx_com_hls_kernel_outerloop_0_2_1_0'.
INFO: [IP_Flow 19-1700] Loaded user IP repository '/scratch/hpc-prf-acgasm/beniel/ops-hls-batching-tiling-artifacts/codegen_apps/tiling/poisson2d/u280_project/maxtile_8192_p64/hls/build/hw/temp_dir/link/link/vivado/vpl/.local/hw_platform/iprepo'.
INFO: [IP_Flow 19-1700] Loaded user IP repository '/scratch/hpc-prf-acgasm/beniel/ops-hls-batching-tiling-artifacts/codegen_apps/tiling/poisson2d/u280_project/maxtile_8192_p64/hls/build/hw/temp_dir/link/link/vivado/vpl/.local/hw_platform/ipcache'.
INFO: [IP_Flow 19-1700] Loaded user IP repository '/opt/software/FPGA/Xilinx/Vitis/2022.2/data/ip'.
INFO: [IP_Flow 19-2313] Loaded Vivado IP repository '/opt/software/FPGA/Xilinx/Vivado/2022.2/data/ip'.
WARNING: [IP_Flow 19-1663] Duplicate IP found for 'xilinx.com:ip:pipeline_reg:1.0'. The one found in IP location '/scratch/hpc-prf-acgasm/beniel/ops-hls-batching-tiling-artifacts/codegen_apps/tiling/poisson2d/u280_project/maxtile_8192_p64/hls/build/hw/temp_dir/link/link/vivado/vpl/.local/hw_platform/iprepo/ipdefs/pxi_ii_infra/pipeline_reg_v1_0' will take precedence over the same IP in location /scratch/hpc-prf-acgasm/beniel/ops-hls-batching-tiling-artifacts/codegen_apps/tiling/poisson2d/u280_project/maxtile_8192_p64/hls/build/hw/temp_dir/link/link/vivado/vpl/.local/hw_platform/iprepo/ipdefs/other_ipdefs/pipeline_reg_v1_0
WARNING: [IP_Flow 19-1663] Duplicate IP found for 'xilinx.com:ip:clk_metadata_adapter:1.0'. The one found in IP location '/scratch/hpc-prf-acgasm/beniel/ops-hls-batching-tiling-artifacts/codegen_apps/tiling/poisson2d/u280_project/maxtile_8192_p64/hls/build/hw/temp_dir/link/link/vivado/vpl/.local/hw_platform/iprepo/ipdefs/pxi_ii_infra/clk_metadata_adapter_v1_0' will take precedence over the same IP in location /scratch/hpc-prf-acgasm/beniel/ops-hls-batching-tiling-artifacts/codegen_apps/tiling/poisson2d/u280_project/maxtile_8192_p64/hls/build/hw/temp_dir/link/link/vivado/vpl/.local/hw_platform/iprepo/ipdefs/other_ipdefs/clk_metadata_adapter_v1_0
WARNING: [IP_Flow 19-1663] Duplicate IP found for 'xilinx.com:ip:axi_clk_metadata_adapter:1.0'. The one found in IP location '/scratch/hpc-prf-acgasm/beniel/ops-hls-batching-tiling-artifacts/codegen_apps/tiling/poisson2d/u280_project/maxtile_8192_p64/hls/build/hw/temp_dir/link/link/vivado/vpl/.local/hw_platform/iprepo/ipdefs/other_ipdefs/axi_clk_metadata_adapter_v1_0' will take precedence over the same IP in location /scratch/hpc-prf-acgasm/beniel/ops-hls-batching-tiling-artifacts/codegen_apps/tiling/poisson2d/u280_project/maxtile_8192_p64/hls/build/hw/temp_dir/link/link/vivado/vpl/.local/hw_platform/iprepo/ipdefs/pxi_ii_infra/axi_clk_metadata_adapter_v1_0
WARNING: [IP_Flow 19-1663] Duplicate IP found for 'xilinx.com:ip:axis_clk_metadata_adapter:1.0'. The one found in IP location '/scratch/hpc-prf-acgasm/beniel/ops-hls-batching-tiling-artifacts/codegen_apps/tiling/poisson2d/u280_project/maxtile_8192_p64/hls/build/hw/temp_dir/link/link/vivado/vpl/.local/hw_platform/iprepo/ipdefs/other_ipdefs/axis_clk_metadata_adapter_v1_0' will take precedence over the same IP in location /scratch/hpc-prf-acgasm/beniel/ops-hls-batching-tiling-artifacts/codegen_apps/tiling/poisson2d/u280_project/maxtile_8192_p64/hls/build/hw/temp_dir/link/link/vivado/vpl/.local/hw_platform/iprepo/ipdefs/pxi_ii_infra/axis_clk_metadata_adapter_v1_0
WARNING: [IP_Flow 19-1663] Duplicate IP found for 'xilinx.com:ip:shell_utils_build_info:1.0'. The one found in IP location '/scratch/hpc-prf-acgasm/beniel/ops-hls-batching-tiling-artifacts/codegen_apps/tiling/poisson2d/u280_project/maxtile_8192_p64/hls/build/hw/temp_dir/link/link/vivado/vpl/.local/hw_platform/iprepo/ipdefs/other_ipdefs/shell_utils_build_info_v1_0' will take precedence over the same IP in the Xilinx installed IP.
update_ip_catalog: Time (s): cpu = 00:00:01 ; elapsed = 00:00:12 . Memory (MB): peak = 1966.535 ; gain = 47.719 ; free physical = 199513 ; free virtual = 213664
WARNING: [BD 41-2576] File '/scratch/hpc-prf-acgasm/beniel/ops-hls-batching-tiling-artifacts/codegen_apps/tiling/poisson2d/u280_project/maxtile_8192_p64/hls/build/hw/temp_dir/link/link/vivado/vpl/prj/prj.gen/my_rm/bd/ulp/ulp_sim_netlist.vhdl' referenced by design 'ulp' could not be found.
WARNING: [BD 41-2576] File '/scratch/hpc-prf-acgasm/beniel/ops-hls-batching-tiling-artifacts/codegen_apps/tiling/poisson2d/u280_project/maxtile_8192_p64/hls/build/hw/temp_dir/link/link/vivado/vpl/prj/prj.gen/my_rm/bd/ulp/ulp_sim_netlist.v' referenced by design 'ulp' could not be found.
WARNING: [BD 41-2576] File '/scratch/hpc-prf-acgasm/beniel/ops-hls-batching-tiling-artifacts/codegen_apps/tiling/poisson2d/u280_project/maxtile_8192_p64/hls/build/hw/temp_dir/link/link/vivado/vpl/prj/prj.gen/my_rm/bd/ulp/ulp_stub.vhdl' referenced by design 'ulp' could not be found.
WARNING: [BD 41-2576] File '/scratch/hpc-prf-acgasm/beniel/ops-hls-batching-tiling-artifacts/codegen_apps/tiling/poisson2d/u280_project/maxtile_8192_p64/hls/build/hw/temp_dir/link/link/vivado/vpl/prj/prj.gen/my_rm/bd/ulp/ulp_stub.v' referenced by design 'ulp' could not be found.
WARNING: [BD 41-2576] File '/scratch/hpc-prf-acgasm/beniel/ops-hls-batching-tiling-artifacts/codegen_apps/tiling/poisson2d/u280_project/maxtile_8192_p64/hls/build/hw/temp_dir/link/link/vivado/vpl/prj/prj.gen/my_rm/bd/ulp/ulp.dcp' referenced by design 'ulp' could not be found.
add_files: Time (s): cpu = 00:00:15 ; elapsed = 00:00:29 . Memory (MB): peak = 2181.684 ; gain = 215.148 ; free physical = 197875 ; free virtual = 213322
Command: synth_design -top ulp -part xcu280-fsvh2892-2L-e -incremental_mode off -mode out_of_context
Starting synth_design
WARNING: [Vivado_Tcl 4-393] The 'Synthesis' target of the following IPs are stale, please generate the output products using the generate_target or synth_ip command before running synth_design.
/scratch/hpc-prf-acgasm/beniel/ops-hls-batching-tiling-artifacts/codegen_apps/tiling/poisson2d/u280_project/maxtile_8192_p64/hls/build/hw/temp_dir/link/link/vivado/vpl/prj/prj.srcs/my_rm/bd/ulp/ulp.bd

WARNING: [Vivado_Tcl 4-393] The 'Implementation' target of the following IPs are stale, please generate the output products using the generate_target or synth_ip command before running synth_design.
/scratch/hpc-prf-acgasm/beniel/ops-hls-batching-tiling-artifacts/codegen_apps/tiling/poisson2d/u280_project/maxtile_8192_p64/hls/build/hw/temp_dir/link/link/vivado/vpl/prj/prj.srcs/my_rm/bd/ulp/ulp.bd

Attempting to get a license for feature 'Synthesis' and/or device 'xcu280'
INFO: [Common 17-349] Got license for feature 'Synthesis' and/or device 'xcu280'
INFO: [Device 21-403] Loading part xcu280-fsvh2892-2L-e
INFO: [Synth 8-7079] Multithreading enabled for synth_design using a maximum of 1 processes.
INFO: [Synth 8-7078] Launching helper process for spawning children vivado processes
INFO: [Synth 8-7075] Helper process launched with PID 528105
INFO: [Synth 8-11241] undeclared symbol 'REGCCE', assumed default net type 'wire' [/opt/software/FPGA/Xilinx/Vivado/2022.2/data/verilog/src/unimacro/BRAM_SINGLE_MACRO.v:2170]
---------------------------------------------------------------------------------
Starting RTL Elaboration : Time (s): cpu = 00:00:03 ; elapsed = 00:00:05 . Memory (MB): peak = 3876.043 ; gain = 352.797 ; free physical = 195966 ; free virtual = 211417
Synthesis current peak Physical Memory [PSS] (MB): peak = 3159.322; parent = 2904.688; children = 254.635
Synthesis current peak Virtual Memory [VSS] (MB): peak = 5424.012; parent = 3891.891; children = 1532.121
---------------------------------------------------------------------------------
INFO: [Synth 8-6157] synthesizing module 'ulp' [/scratch/hpc-prf-acgasm/beniel/ops-hls-batching-tiling-artifacts/codegen_apps/tiling/poisson2d/u280_project/maxtile_8192_p64/hls/build/hw/temp_dir/link/link/vivado/vpl/prj/prj.gen/my_rm/bd/ulp/synth/ulp.v:4476]
INFO: [Synth 8-6157] synthesizing module 'SLR0_imp_NYMDU0' [/scratch/hpc-prf-acgasm/beniel/ops-hls-batching-tiling-artifacts/codegen_apps/tiling/poisson2d/u280_project/maxtile_8192_p64/hls/build/hw/temp_dir/link/link/vivado/vpl/prj/prj.gen/my_rm/bd/ulp/synth/ulp.v:12]
INFO: [Synth 8-6157] synthesizing module 'ulp_axi_gpio_null_0' [/scratch/hpc-prf-acgasm/beniel/ops-hls-batching-tiling-artifacts/codegen_apps/tiling/poisson2d/u280_project/maxtile_8192_p64/hls/build/hw/temp_dir/link/link/vivado/vpl/prj/prj.runs/my_rm_synth_1/.Xil/Vivado-527882-n2cn0301.ab2021.local/realtime/ulp_axi_gpio_null_0_stub.v:5]
INFO: [Synth 8-6155] done synthesizing module 'ulp_axi_gpio_null_0' (0#1) [/scratch/hpc-prf-acgasm/beniel/ops-hls-batching-tiling-artifacts/codegen_apps/tiling/poisson2d/u280_project/maxtile_8192_p64/hls/build/hw/temp_dir/link/link/vivado/vpl/prj/prj.runs/my_rm_synth_1/.Xil/Vivado-527882-n2cn0301.ab2021.local/realtime/ulp_axi_gpio_null_0_stub.v:5]
WARNING: [Synth 8-7071] port 'gpio_io_o' of module 'ulp_axi_gpio_null_0' is unconnected for instance 'axi_gpio_null' [/scratch/hpc-prf-acgasm/beniel/ops-hls-batching-tiling-artifacts/codegen_apps/tiling/poisson2d/u280_project/maxtile_8192_p64/hls/build/hw/temp_dir/link/link/vivado/vpl/prj/prj.gen/my_rm/bd/ulp/synth/ulp.v:314]
WARNING: [Synth 8-7071] port 'gpio_io_t' of module 'ulp_axi_gpio_null_0' is unconnected for instance 'axi_gpio_null' [/scratch/hpc-prf-acgasm/beniel/ops-hls-batching-tiling-artifacts/codegen_apps/tiling/poisson2d/u280_project/maxtile_8192_p64/hls/build/hw/temp_dir/link/link/vivado/vpl/prj/prj.gen/my_rm/bd/ulp/synth/ulp.v:314]
WARNING: [Synth 8-7023] instance 'axi_gpio_null' of module 'ulp_axi_gpio_null_0' has 22 connections declared, but only 20 given [/scratch/hpc-prf-acgasm/beniel/ops-hls-batching-tiling-artifacts/codegen_apps/tiling/poisson2d/u280_project/maxtile_8192_p64/hls/build/hw/temp_dir/link/link/vivado/vpl/prj/prj.gen/my_rm/bd/ulp/synth/ulp.v:314]
INFO: [Synth 8-6157] synthesizing module 'ulp_axi_vip_ctrl_userpf_0' [/scratch/hpc-prf-acgasm/beniel/ops-hls-batching-tiling-artifacts/codegen_apps/tiling/poisson2d/u280_project/maxtile_8192_p64/hls/build/hw/temp_dir/link/link/vivado/vpl/prj/prj.runs/my_rm_synth_1/.Xil/Vivado-527882-n2cn0301.ab2021.local/realtime/ulp_axi_vip_ctrl_userpf_0_stub.v:5]
INFO: [Synth 8-6155] done synthesizing module 'ulp_axi_vip_ctrl_userpf_0' (0#1) [/scratch/hpc-prf-acgasm/beniel/ops-hls-batching-tiling-artifacts/codegen_apps/tiling/poisson2d/u280_project/maxtile_8192_p64/hls/build/hw/temp_dir/link/link/vivado/vpl/prj/prj.runs/my_rm_synth_1/.Xil/Vivado-527882-n2cn0301.ab2021.local/realtime/ulp_axi_vip_ctrl_userpf_0_stub.v:5]
INFO: [Synth 8-6157] synthesizing module 'ulp_interconnect_axilite_user_0' [/scratch/hpc-prf-acgasm/beniel/ops-hls-batching-tiling-artifacts/codegen_apps/tiling/poisson2d/u280_project/maxtile_8192_p64/hls/build/hw/temp_dir/link/link/vivado/vpl/prj/prj.gen/my_rm/bd/ulp/synth/ulp.v:9350]
INFO: [Synth 8-6157] synthesizing module 'm00_couplers_imp_G77R79' [/scratch/hpc-prf-acgasm/beniel/ops-hls-batching-tiling-artifacts/codegen_apps/tiling/poisson2d/u280_project/maxtile_8192_p64/hls/build/hw/temp_dir/link/link/vivado/vpl/prj/prj.gen/my_rm/bd/ulp/synth/ulp.v:1714]
INFO: [Synth 8-6157] synthesizing module 'ulp_auto_cc_0' [/scratch/hpc-prf-acgasm/beniel/ops-hls-batching-tiling-artifacts/codegen_apps/tiling/poisson2d/u280_project/maxtile_8192_p64/hls/build/hw/temp_dir/link/link/vivado/vpl/prj/prj.runs/my_rm_synth_1/.Xil/Vivado-527882-n2cn0301.ab2021.local/realtime/ulp_auto_cc_0_stub.v:5]
INFO: [Synth 8-6155] done synthesizing module 'ulp_auto_cc_0' (0#1) [/scratch/hpc-prf-acgasm/beniel/ops-hls-batching-tiling-artifacts/codegen_apps/tiling/poisson2d/u280_project/maxtile_8192_p64/hls/build/hw/temp_dir/link/link/vivado/vpl/prj/prj.runs/my_rm_synth_1/.Xil/Vivado-527882-n2cn0301.ab2021.local/realtime/ulp_auto_cc_0_stub.v:5]
INFO: [Synth 8-6157] synthesizing module 'ulp_m00_regslice_3' [/scratch/hpc-prf-acgasm/beniel/ops-hls-batching-tiling-artifacts/codegen_apps/tiling/poisson2d/u280_project/maxtile_8192_p64/hls/build/hw/temp_dir/link/link/vivado/vpl/prj/prj.runs/my_rm_synth_1/.Xil/Vivado-527882-n2cn0301.ab2021.local/realtime/ulp_m00_regslice_3_stub.v:5]
INFO: [Synth 8-6155] done synthesizing module 'ulp_m00_regslice_3' (0#1) [/scratch/hpc-prf-acgasm/beniel/ops-hls-batching-tiling-artifacts/codegen_apps/tiling/poisson2d/u280_project/maxtile_8192_p64/hls/build/hw/temp_dir/link/link/vivado/vpl/prj/prj.runs/my_rm_synth_1/.Xil/Vivado-527882-n2cn0301.ab2021.local/realtime/ulp_m00_regslice_3_stub.v:5]
WARNING: [Synth 8-7071] port 'm_axi_awprot' of module 'ulp_m00_regslice_3' is unconnected for instance 'm00_regslice' [/scratch/hpc-prf-acgasm/beniel/ops-hls-batching-tiling-artifacts/codegen_apps/tiling/poisson2d/u280_project/maxtile_8192_p64/hls/build/hw/temp_dir/link/link/vivado/vpl/prj/prj.gen/my_rm/bd/ulp/synth/ulp.v:1939]
WARNING: [Synth 8-7071] port 'm_axi_arprot' of module 'ulp_m00_regslice_3' is unconnected for instance 'm00_regslice' [/scratch/hpc-prf-acgasm/beniel/ops-hls-batching-tiling-artifacts/codegen_apps/tiling/poisson2d/u280_project/maxtile_8192_p64/hls/build/hw/temp_dir/link/link/vivado/vpl/prj/prj.gen/my_rm/bd/ulp/synth/ulp.v:1939]
WARNING: [Synth 8-7023] instance 'm00_regslice' of module 'ulp_m00_regslice_3' has 40 connections declared, but only 38 given [/scratch/hpc-prf-acgasm/beniel/ops-hls-batching-tiling-artifacts/codegen_apps/tiling/poisson2d/u280_project/maxtile_8192_p64/hls/build/hw/temp_dir/link/link/vivado/vpl/prj/prj.gen/my_rm/bd/ulp/synth/ulp.v:1939]
INFO: [Synth 8-6155] done synthesizing module 'm00_couplers_imp_G77R79' (0#1) [/scratch/hpc-prf-acgasm/beniel/ops-hls-batching-tiling-artifacts/codegen_apps/tiling/poisson2d/u280_project/maxtile_8192_p64/hls/build/hw/temp_dir/link/link/vivado/vpl/prj/prj.gen/my_rm/bd/ulp/synth/ulp.v:1714]
INFO: [Synth 8-6157] synthesizing module 'm01_couplers_imp_1SCZP4G' [/scratch/hpc-prf-acgasm/beniel/ops-hls-batching-tiling-artifacts/codegen_apps/tiling/poisson2d/u280_project/maxtile_8192_p64/hls/build/hw/temp_dir/link/link/vivado/vpl/prj/prj.gen/my_rm/bd/ulp/synth/ulp.v:2512]
INFO: [Synth 8-6157] synthesizing module 'ulp_auto_cc_1' [/scratch/hpc-prf-acgasm/beniel/ops-hls-batching-tiling-artifacts/codegen_apps/tiling/poisson2d/u280_project/maxtile_8192_p64/hls/build/hw/temp_dir/link/link/vivado/vpl/prj/prj.runs/my_rm_synth_1/.Xil/Vivado-527882-n2cn0301.ab2021.local/realtime/ulp_auto_cc_1_stub.v:5]
INFO: [Synth 8-6155] done synthesizing module 'ulp_auto_cc_1' (0#1) [/scratch/hpc-prf-acgasm/beniel/ops-hls-batching-tiling-artifacts/codegen_apps/tiling/poisson2d/u280_project/maxtile_8192_p64/hls/build/hw/temp_dir/link/link/vivado/vpl/prj/prj.runs/my_rm_synth_1/.Xil/Vivado-527882-n2cn0301.ab2021.local/realtime/ulp_auto_cc_1_stub.v:5]
INFO: [Synth 8-6157] synthesizing module 'ulp_m01_regslice_3' [/scratch/hpc-prf-acgasm/beniel/ops-hls-batching-tiling-artifacts/codegen_apps/tiling/poisson2d/u280_project/maxtile_8192_p64/hls/build/hw/temp_dir/link/link/vivado/vpl/prj/prj.runs/my_rm_synth_1/.Xil/Vivado-527882-n2cn0301.ab2021.local/realtime/ulp_m01_regslice_3_stub.v:5]
INFO: [Synth 8-6155] done synthesizing module 'ulp_m01_regslice_3' (0#1) [/scratch/hpc-prf-acgasm/beniel/ops-hls-batching-tiling-artifacts/codegen_apps/tiling/poisson2d/u280_project/maxtile_8192_p64/hls/build/hw/temp_dir/link/link/vivado/vpl/prj/prj.runs/my_rm_synth_1/.Xil/Vivado-527882-n2cn0301.ab2021.local/realtime/ulp_m01_regslice_3_stub.v:5]
WARNING: [Synth 8-7071] port 'm_axi_awprot' of module 'ulp_m01_regslice_3' is unconnected for instance 'm01_regslice' [/scratch/hpc-prf-acgasm/beniel/ops-hls-batching-tiling-artifacts/codegen_apps/tiling/poisson2d/u280_project/maxtile_8192_p64/hls/build/hw/temp_dir/link/link/vivado/vpl/prj/prj.gen/my_rm/bd/ulp/synth/ulp.v:2737]
WARNING: [Synth 8-7071] port 'm_axi_arprot' of module 'ulp_m01_regslice_3' is unconnected for instance 'm01_regslice' [/scratch/hpc-prf-acgasm/beniel/ops-hls-batching-tiling-artifacts/codegen_apps/tiling/poisson2d/u280_project/maxtile_8192_p64/hls/build/hw/temp_dir/link/link/vivado/vpl/prj/prj.gen/my_rm/bd/ulp/synth/ulp.v:2737]
WARNING: [Synth 8-7023] instance 'm01_regslice' of module 'ulp_m01_regslice_3' has 40 connections declared, but only 38 given [/scratch/hpc-prf-acgasm/beniel/ops-hls-batching-tiling-artifacts/codegen_apps/tiling/poisson2d/u280_project/maxtile_8192_p64/hls/build/hw/temp_dir/link/link/vivado/vpl/prj/prj.gen/my_rm/bd/ulp/synth/ulp.v:2737]
INFO: [Synth 8-6155] done synthesizing module 'm01_couplers_imp_1SCZP4G' (0#1) [/scratch/hpc-prf-acgasm/beniel/ops-hls-batching-tiling-artifacts/codegen_apps/tiling/poisson2d/u280_project/maxtile_8192_p64/hls/build/hw/temp_dir/link/link/vivado/vpl/prj/prj.gen/my_rm/bd/ulp/synth/ulp.v:2512]
INFO: [Synth 8-6157] synthesizing module 'm02_couplers_imp_P1GSHQ' [/scratch/hpc-prf-acgasm/beniel/ops-hls-batching-tiling-artifacts/codegen_apps/tiling/poisson2d/u280_project/maxtile_8192_p64/hls/build/hw/temp_dir/link/link/vivado/vpl/prj/prj.gen/my_rm/bd/ulp/synth/ulp.v:3434]
INFO: [Synth 8-6157] synthesizing module 'ulp_auto_cc_2' [/scratch/hpc-prf-acgasm/beniel/ops-hls-batching-tiling-artifacts/codegen_apps/tiling/poisson2d/u280_project/maxtile_8192_p64/hls/build/hw/temp_dir/link/link/vivado/vpl/prj/prj.runs/my_rm_synth_1/.Xil/Vivado-527882-n2cn0301.ab2021.local/realtime/ulp_auto_cc_2_stub.v:5]
INFO: [Synth 8-6155] done synthesizing module 'ulp_auto_cc_2' (0#1) [/scratch/hpc-prf-acgasm/beniel/ops-hls-batching-tiling-artifacts/codegen_apps/tiling/poisson2d/u280_project/maxtile_8192_p64/hls/build/hw/temp_dir/link/link/vivado/vpl/prj/prj.runs/my_rm_synth_1/.Xil/Vivado-527882-n2cn0301.ab2021.local/realtime/ulp_auto_cc_2_stub.v:5]
INFO: [Synth 8-6157] synthesizing module 'ulp_m02_regslice_0' [/scratch/hpc-prf-acgasm/beniel/ops-hls-batching-tiling-artifacts/codegen_apps/tiling/poisson2d/u280_project/maxtile_8192_p64/hls/build/hw/temp_dir/link/link/vivado/vpl/prj/prj.runs/my_rm_synth_1/.Xil/Vivado-527882-n2cn0301.ab2021.local/realtime/ulp_m02_regslice_0_stub.v:5]
INFO: [Synth 8-6155] done synthesizing module 'ulp_m02_regslice_0' (0#1) [/scratch/hpc-prf-acgasm/beniel/ops-hls-batching-tiling-artifacts/codegen_apps/tiling/poisson2d/u280_project/maxtile_8192_p64/hls/build/hw/temp_dir/link/link/vivado/vpl/prj/prj.runs/my_rm_synth_1/.Xil/Vivado-527882-n2cn0301.ab2021.local/realtime/ulp_m02_regslice_0_stub.v:5]
WARNING: [Synth 8-7071] port 'm_axi_awprot' of module 'ulp_m02_regslice_0' is unconnected for instance 'm02_regslice' [/scratch/hpc-prf-acgasm/beniel/ops-hls-batching-tiling-artifacts/codegen_apps/tiling/poisson2d/u280_project/maxtile_8192_p64/hls/build/hw/temp_dir/link/link/vivado/vpl/prj/prj.gen/my_rm/bd/ulp/synth/ulp.v:3659]
WARNING: [Synth 8-7071] port 'm_axi_arprot' of module 'ulp_m02_regslice_0' is unconnected for instance 'm02_regslice' [/scratch/hpc-prf-acgasm/beniel/ops-hls-batching-tiling-artifacts/codegen_apps/tiling/poisson2d/u280_project/maxtile_8192_p64/hls/build/hw/temp_dir/link/link/vivado/vpl/prj/prj.gen/my_rm/bd/ulp/synth/ulp.v:3659]
WARNING: [Synth 8-7023] instance 'm02_regslice' of module 'ulp_m02_regslice_0' has 40 connections declared, but only 38 given [/scratch/hpc-prf-acgasm/beniel/ops-hls-batching-tiling-artifacts/codegen_apps/tiling/poisson2d/u280_project/maxtile_8192_p64/hls/build/hw/temp_dir/link/link/vivado/vpl/prj/prj.gen/my_rm/bd/ulp/synth/ulp.v:3659]
INFO: [Synth 8-6155] done synthesizing module 'm02_couplers_imp_P1GSHQ' (0#1) [/scratch/hpc-prf-acgasm/beniel/ops-hls-batching-tiling-artifacts/codegen_apps/tiling/poisson2d/u280_project/maxtile_8192_p64/hls/build/hw/temp_dir/link/link/vivado/vpl/prj/prj.gen/my_rm/bd/ulp/synth/ulp.v:3434]
INFO: [Synth 8-6157] synthesizing module 's00_couplers_imp_14WTDU7' [/scratch/hpc-prf-acgasm/beniel/ops-hls-batching-tiling-artifacts/codegen_apps/tiling/poisson2d/u280_project/maxtile_8192_p64/hls/build/hw/temp_dir/link/link/vivado/vpl/prj/prj.gen/my_rm/bd/ulp/synth/ulp.v:3846]
INFO: [Synth 8-6157] synthesizing module 'ulp_s00_regslice_15' [/scratch/hpc-prf-acgasm/beniel/ops-hls-batching-tiling-artifacts/codegen_apps/tiling/poisson2d/u280_project/maxtile_8192_p64/hls/build/hw/temp_dir/link/link/vivado/vpl/prj/prj.runs/my_rm_synth_1/.Xil/Vivado-527882-n2cn0301.ab2021.local/realtime/ulp_s00_regslice_15_stub.v:5]
INFO: [Synth 8-6155] done synthesizing module 'ulp_s00_regslice_15' (0#1) [/scratch/hpc-prf-acgasm/beniel/ops-hls-batching-tiling-artifacts/codegen_apps/tiling/poisson2d/u280_project/maxtile_8192_p64/hls/build/hw/temp_dir/link/link/vivado/vpl/prj/prj.runs/my_rm_synth_1/.Xil/Vivado-527882-n2cn0301.ab2021.local/realtime/ulp_s00_regslice_15_stub.v:5]
INFO: [Synth 8-6155] done synthesizing module 's00_couplers_imp_14WTDU7' (0#1) [/scratch/hpc-prf-acgasm/beniel/ops-hls-batching-tiling-artifacts/codegen_apps/tiling/poisson2d/u280_project/maxtile_8192_p64/hls/build/hw/temp_dir/link/link/vivado/vpl/prj/prj.gen/my_rm/bd/ulp/synth/ulp.v:3846]
INFO: [Synth 8-6157] synthesizing module 'ulp_xbar_1' [/scratch/hpc-prf-acgasm/beniel/ops-hls-batching-tiling-artifacts/codegen_apps/tiling/poisson2d/u280_project/maxtile_8192_p64/hls/build/hw/temp_dir/link/link/vivado/vpl/prj/prj.runs/my_rm_synth_1/.Xil/Vivado-527882-n2cn0301.ab2021.local/realtime/ulp_xbar_1_stub.v:5]
INFO: [Synth 8-6155] done synthesizing module 'ulp_xbar_1' (0#1) [/scratch/hpc-prf-acgasm/beniel/ops-hls-batching-tiling-artifacts/codegen_apps/tiling/poisson2d/u280_project/maxtile_8192_p64/hls/build/hw/temp_dir/link/link/vivado/vpl/prj/prj.runs/my_rm_synth_1/.Xil/Vivado-527882-n2cn0301.ab2021.local/realtime/ulp_xbar_1_stub.v:5]
INFO: [Synth 8-6155] done synthesizing module 'ulp_interconnect_axilite_user_0' (0#1) [/scratch/hpc-prf-acgasm/beniel/ops-hls-batching-tiling-artifacts/codegen_apps/tiling/poisson2d/u280_project/maxtile_8192_p64/hls/build/hw/temp_dir/link/link/vivado/vpl/prj/prj.gen/my_rm/bd/ulp/synth/ulp.v:9350]
INFO: [Synth 8-6157] synthesizing module 'ulp_regslice_control_userpf_0' [/scratch/hpc-prf-acgasm/beniel/ops-hls-batching-tiling-artifacts/codegen_apps/tiling/poisson2d/u280_project/maxtile_8192_p64/hls/build/hw/temp_dir/link/link/vivado/vpl/prj/prj.runs/my_rm_synth_1/.Xil/Vivado-527882-n2cn0301.ab2021.local/realtime/ulp_regslice_control_userpf_0_stub.v:5]
INFO: [Synth 8-6155] done synthesizing module 'ulp_regslice_control_userpf_0' (0#1) [/scratch/hpc-prf-acgasm/beniel/ops-hls-batching-tiling-artifacts/codegen_apps/tiling/poisson2d/u280_project/maxtile_8192_p64/hls/build/hw/temp_dir/link/link/vivado/vpl/prj/prj.runs/my_rm_synth_1/.Xil/Vivado-527882-n2cn0301.ab2021.local/realtime/ulp_regslice_control_userpf_0_stub.v:5]
INFO: [Synth 8-6155] done synthesizing module 'SLR0_imp_NYMDU0' (0#1) [/scratch/hpc-prf-acgasm/beniel/ops-hls-batching-tiling-artifacts/codegen_apps/tiling/poisson2d/u280_project/maxtile_8192_p64/hls/build/hw/temp_dir/link/link/vivado/vpl/prj/prj.gen/my_rm/bd/ulp/synth/ulp.v:12]
INFO: [Synth 8-6157] synthesizing module 'SLR1_imp_1UA2LF1' [/scratch/hpc-prf-acgasm/beniel/ops-hls-batching-tiling-artifacts/codegen_apps/tiling/poisson2d/u280_project/maxtile_8192_p64/hls/build/hw/temp_dir/link/link/vivado/vpl/prj/prj.gen/my_rm/bd/ulp/synth/ulp.v:500]
INFO: [Synth 8-6157] synthesizing module 'ulp_axi_gpio_null_1' [/scratch/hpc-prf-acgasm/beniel/ops-hls-batching-tiling-artifacts/codegen_apps/tiling/poisson2d/u280_project/maxtile_8192_p64/hls/build/hw/temp_dir/link/link/vivado/vpl/prj/prj.runs/my_rm_synth_1/.Xil/Vivado-527882-n2cn0301.ab2021.local/realtime/ulp_axi_gpio_null_1_stub.v:5]
INFO: [Synth 8-6155] done synthesizing module 'ulp_axi_gpio_null_1' (0#1) [/scratch/hpc-prf-acgasm/beniel/ops-hls-batching-tiling-artifacts/codegen_apps/tiling/poisson2d/u280_project/maxtile_8192_p64/hls/build/hw/temp_dir/link/link/vivado/vpl/prj/prj.runs/my_rm_synth_1/.Xil/Vivado-527882-n2cn0301.ab2021.local/realtime/ulp_axi_gpio_null_1_stub.v:5]
WARNING: [Synth 8-7071] port 'gpio_io_o' of module 'ulp_axi_gpio_null_1' is unconnected for instance 'axi_gpio_null' [/scratch/hpc-prf-acgasm/beniel/ops-hls-batching-tiling-artifacts/codegen_apps/tiling/poisson2d/u280_project/maxtile_8192_p64/hls/build/hw/temp_dir/link/link/vivado/vpl/prj/prj.gen/my_rm/bd/ulp/synth/ulp.v:734]
WARNING: [Synth 8-7071] port 'gpio_io_t' of module 'ulp_axi_gpio_null_1' is unconnected for instance 'axi_gpio_null' [/scratch/hpc-prf-acgasm/beniel/ops-hls-batching-tiling-artifacts/codegen_apps/tiling/poisson2d/u280_project/maxtile_8192_p64/hls/build/hw/temp_dir/link/link/vivado/vpl/prj/prj.gen/my_rm/bd/ulp/synth/ulp.v:734]
WARNING: [Synth 8-7023] instance 'axi_gpio_null' of module 'ulp_axi_gpio_null_1' has 22 connections declared, but only 20 given [/scratch/hpc-prf-acgasm/beniel/ops-hls-batching-tiling-artifacts/codegen_apps/tiling/poisson2d/u280_project/maxtile_8192_p64/hls/build/hw/temp_dir/link/link/vivado/vpl/prj/prj.gen/my_rm/bd/ulp/synth/ulp.v:734]
INFO: [Synth 8-6157] synthesizing module 'ulp_axi_vip_ctrl_userpf_1' [/scratch/hpc-prf-acgasm/beniel/ops-hls-batching-tiling-artifacts/codegen_apps/tiling/poisson2d/u280_project/maxtile_8192_p64/hls/build/hw/temp_dir/link/link/vivado/vpl/prj/prj.runs/my_rm_synth_1/.Xil/Vivado-527882-n2cn0301.ab2021.local/realtime/ulp_axi_vip_ctrl_userpf_1_stub.v:5]
INFO: [Synth 8-6155] done synthesizing module 'ulp_axi_vip_ctrl_userpf_1' (0#1) [/scratch/hpc-prf-acgasm/beniel/ops-hls-batching-tiling-artifacts/codegen_apps/tiling/poisson2d/u280_project/maxtile_8192_p64/hls/build/hw/temp_dir/link/link/vivado/vpl/prj/prj.runs/my_rm_synth_1/.Xil/Vivado-527882-n2cn0301.ab2021.local/realtime/ulp_axi_vip_ctrl_userpf_1_stub.v:5]
INFO: [Synth 8-6157] synthesizing module 'ulp_interconnect_axilite_user_1' [/scratch/hpc-prf-acgasm/beniel/ops-hls-batching-tiling-artifacts/codegen_apps/tiling/poisson2d/u280_project/maxtile_8192_p64/hls/build/hw/temp_dir/link/link/vivado/vpl/prj/prj.gen/my_rm/bd/ulp/synth/ulp.v:9958]
INFO: [Synth 8-6157] synthesizing module 'm00_couplers_imp_YSZRM6' [/scratch/hpc-prf-acgasm/beniel/ops-hls-batching-tiling-artifacts/codegen_apps/tiling/poisson2d/u280_project/maxtile_8192_p64/hls/build/hw/temp_dir/link/link/vivado/vpl/prj/prj.gen/my_rm/bd/ulp/synth/ulp.v:1980]
INFO: [Synth 8-6157] synthesizing module 'ulp_auto_cc_3' [/scratch/hpc-prf-acgasm/beniel/ops-hls-batching-tiling-artifacts/codegen_apps/tiling/poisson2d/u280_project/maxtile_8192_p64/hls/build/hw/temp_dir/link/link/vivado/vpl/prj/prj.runs/my_rm_synth_1/.Xil/Vivado-527882-n2cn0301.ab2021.local/realtime/ulp_auto_cc_3_stub.v:5]
INFO: [Synth 8-6155] done synthesizing module 'ulp_auto_cc_3' (0#1) [/scratch/hpc-prf-acgasm/beniel/ops-hls-batching-tiling-artifacts/codegen_apps/tiling/poisson2d/u280_project/maxtile_8192_p64/hls/build/hw/temp_dir/link/link/vivado/vpl/prj/prj.runs/my_rm_synth_1/.Xil/Vivado-527882-n2cn0301.ab2021.local/realtime/ulp_auto_cc_3_stub.v:5]
INFO: [Synth 8-6157] synthesizing module 'ulp_m00_regslice_4' [/scratch/hpc-prf-acgasm/beniel/ops-hls-batching-tiling-artifacts/codegen_apps/tiling/poisson2d/u280_project/maxtile_8192_p64/hls/build/hw/temp_dir/link/link/vivado/vpl/prj/prj.runs/my_rm_synth_1/.Xil/Vivado-527882-n2cn0301.ab2021.local/realtime/ulp_m00_regslice_4_stub.v:5]
INFO: [Synth 8-6155] done synthesizing module 'ulp_m00_regslice_4' (0#1) [/scratch/hpc-prf-acgasm/beniel/ops-hls-batching-tiling-artifacts/codegen_apps/tiling/poisson2d/u280_project/maxtile_8192_p64/hls/build/hw/temp_dir/link/link/vivado/vpl/prj/prj.runs/my_rm_synth_1/.Xil/Vivado-527882-n2cn0301.ab2021.local/realtime/ulp_m00_regslice_4_stub.v:5]
WARNING: [Synth 8-7071] port 'm_axi_awprot' of module 'ulp_m00_regslice_4' is unconnected for instance 'm00_regslice' [/scratch/hpc-prf-acgasm/beniel/ops-hls-batching-tiling-artifacts/codegen_apps/tiling/poisson2d/u280_project/maxtile_8192_p64/hls/build/hw/temp_dir/link/link/vivado/vpl/prj/prj.gen/my_rm/bd/ulp/synth/ulp.v:2205]
WARNING: [Synth 8-7071] port 'm_axi_arprot' of module 'ulp_m00_regslice_4' is unconnected for instance 'm00_regslice' [/scratch/hpc-prf-acgasm/beniel/ops-hls-batching-tiling-artifacts/codegen_apps/tiling/poisson2d/u280_project/maxtile_8192_p64/hls/build/hw/temp_dir/link/link/vivado/vpl/prj/prj.gen/my_rm/bd/ulp/synth/ulp.v:2205]
WARNING: [Synth 8-7023] instance 'm00_regslice' of module 'ulp_m00_regslice_4' has 40 connections declared, but only 38 given [/scratch/hpc-prf-acgasm/beniel/ops-hls-batching-tiling-artifacts/codegen_apps/tiling/poisson2d/u280_project/maxtile_8192_p64/hls/build/hw/temp_dir/link/link/vivado/vpl/prj/prj.gen/my_rm/bd/ulp/synth/ulp.v:2205]
INFO: [Synth 8-6155] done synthesizing module 'm00_couplers_imp_YSZRM6' (0#1) [/scratch/hpc-prf-acgasm/beniel/ops-hls-batching-tiling-artifacts/codegen_apps/tiling/poisson2d/u280_project/maxtile_8192_p64/hls/build/hw/temp_dir/link/link/vivado/vpl/prj/prj.gen/my_rm/bd/ulp/synth/ulp.v:1980]
INFO: [Synth 8-6157] synthesizing module 'm01_couplers_imp_18N64GB' [/scratch/hpc-prf-acgasm/beniel/ops-hls-batching-tiling-artifacts/codegen_apps/tiling/poisson2d/u280_project/maxtile_8192_p64/hls/build/hw/temp_dir/link/link/vivado/vpl/prj/prj.gen/my_rm/bd/ulp/synth/ulp.v:2246]
INFO: [Synth 8-6157] synthesizing module 'ulp_auto_cc_4' [/scratch/hpc-prf-acgasm/beniel/ops-hls-batching-tiling-artifacts/codegen_apps/tiling/poisson2d/u280_project/maxtile_8192_p64/hls/build/hw/temp_dir/link/link/vivado/vpl/prj/prj.runs/my_rm_synth_1/.Xil/Vivado-527882-n2cn0301.ab2021.local/realtime/ulp_auto_cc_4_stub.v:5]
INFO: [Synth 8-6155] done synthesizing module 'ulp_auto_cc_4' (0#1) [/scratch/hpc-prf-acgasm/beniel/ops-hls-batching-tiling-artifacts/codegen_apps/tiling/poisson2d/u280_project/maxtile_8192_p64/hls/build/hw/temp_dir/link/link/vivado/vpl/prj/prj.runs/my_rm_synth_1/.Xil/Vivado-527882-n2cn0301.ab2021.local/realtime/ulp_auto_cc_4_stub.v:5]
INFO: [Synth 8-6157] synthesizing module 'ulp_m01_regslice_4' [/scratch/hpc-prf-acgasm/beniel/ops-hls-batching-tiling-artifacts/codegen_apps/tiling/poisson2d/u280_project/maxtile_8192_p64/hls/build/hw/temp_dir/link/link/vivado/vpl/prj/prj.runs/my_rm_synth_1/.Xil/Vivado-527882-n2cn0301.ab2021.local/realtime/ulp_m01_regslice_4_stub.v:5]
INFO: [Synth 8-6155] done synthesizing module 'ulp_m01_regslice_4' (0#1) [/scratch/hpc-prf-acgasm/beniel/ops-hls-batching-tiling-artifacts/codegen_apps/tiling/poisson2d/u280_project/maxtile_8192_p64/hls/build/hw/temp_dir/link/link/vivado/vpl/prj/prj.runs/my_rm_synth_1/.Xil/Vivado-527882-n2cn0301.ab2021.local/realtime/ulp_m01_regslice_4_stub.v:5]
WARNING: [Synth 8-7071] port 'm_axi_awprot' of module 'ulp_m01_regslice_4' is unconnected for instance 'm01_regslice' [/scratch/hpc-prf-acgasm/beniel/ops-hls-batching-tiling-artifacts/codegen_apps/tiling/poisson2d/u280_project/maxtile_8192_p64/hls/build/hw/temp_dir/link/link/vivado/vpl/prj/prj.gen/my_rm/bd/ulp/synth/ulp.v:2471]
WARNING: [Synth 8-7071] port 'm_axi_arprot' of module 'ulp_m01_regslice_4' is unconnected for instance 'm01_regslice' [/scratch/hpc-prf-acgasm/beniel/ops-hls-batching-tiling-artifacts/codegen_apps/tiling/poisson2d/u280_project/maxtile_8192_p64/hls/build/hw/temp_dir/link/link/vivado/vpl/prj/prj.gen/my_rm/bd/ulp/synth/ulp.v:2471]
WARNING: [Synth 8-7023] instance 'm01_regslice' of module 'ulp_m01_regslice_4' has 40 connections declared, but only 38 given [/scratch/hpc-prf-acgasm/beniel/ops-hls-batching-tiling-artifacts/codegen_apps/tiling/poisson2d/u280_project/maxtile_8192_p64/hls/build/hw/temp_dir/link/link/vivado/vpl/prj/prj.gen/my_rm/bd/ulp/synth/ulp.v:2471]
INFO: [Synth 8-6155] done synthesizing module 'm01_couplers_imp_18N64GB' (0#1) [/scratch/hpc-prf-acgasm/beniel/ops-hls-batching-tiling-artifacts/codegen_apps/tiling/poisson2d/u280_project/maxtile_8192_p64/hls/build/hw/temp_dir/link/link/vivado/vpl/prj/prj.gen/my_rm/bd/ulp/synth/ulp.v:2246]
INFO: [Synth 8-6157] synthesizing module 's00_couplers_imp_1MXEOQC' [/scratch/hpc-prf-acgasm/beniel/ops-hls-batching-tiling-artifacts/codegen_apps/tiling/poisson2d/u280_project/maxtile_8192_p64/hls/build/hw/temp_dir/link/link/vivado/vpl/prj/prj.gen/my_rm/bd/ulp/synth/ulp.v:4056]
INFO: [Synth 8-6157] synthesizing module 'ulp_s00_regslice_16' [/scratch/hpc-prf-acgasm/beniel/ops-hls-batching-tiling-artifacts/codegen_apps/tiling/poisson2d/u280_project/maxtile_8192_p64/hls/build/hw/temp_dir/link/link/vivado/vpl/prj/prj.runs/my_rm_synth_1/.Xil/Vivado-527882-n2cn0301.ab2021.local/realtime/ulp_s00_regslice_16_stub.v:5]
INFO: [Synth 8-6155] done synthesizing module 'ulp_s00_regslice_16' (0#1) [/scratch/hpc-prf-acgasm/beniel/ops-hls-batching-tiling-artifacts/codegen_apps/tiling/poisson2d/u280_project/maxtile_8192_p64/hls/build/hw/temp_dir/link/link/vivado/vpl/prj/prj.runs/my_rm_synth_1/.Xil/Vivado-527882-n2cn0301.ab2021.local/realtime/ulp_s00_regslice_16_stub.v:5]
INFO: [Synth 8-6155] done synthesizing module 's00_couplers_imp_1MXEOQC' (0#1) [/scratch/hpc-prf-acgasm/beniel/ops-hls-batching-tiling-artifacts/codegen_apps/tiling/poisson2d/u280_project/maxtile_8192_p64/hls/build/hw/temp_dir/link/link/vivado/vpl/prj/prj.gen/my_rm/bd/ulp/synth/ulp.v:4056]
INFO: [Synth 8-6157] synthesizing module 'ulp_xbar_2' [/scratch/hpc-prf-acgasm/beniel/ops-hls-batching-tiling-artifacts/codegen_apps/tiling/poisson2d/u280_project/maxtile_8192_p64/hls/build/hw/temp_dir/link/link/vivado/vpl/prj/prj.runs/my_rm_synth_1/.Xil/Vivado-527882-n2cn0301.ab2021.local/realtime/ulp_xbar_2_stub.v:5]
INFO: [Synth 8-6155] done synthesizing module 'ulp_xbar_2' (0#1) [/scratch/hpc-prf-acgasm/beniel/ops-hls-batching-tiling-artifacts/codegen_apps/tiling/poisson2d/u280_project/maxtile_8192_p64/hls/build/hw/temp_dir/link/link/vivado/vpl/prj/prj.runs/my_rm_synth_1/.Xil/Vivado-527882-n2cn0301.ab2021.local/realtime/ulp_xbar_2_stub.v:5]
INFO: [Synth 8-6155] done synthesizing module 'ulp_interconnect_axilite_user_1' (0#1) [/scratch/hpc-prf-acgasm/beniel/ops-hls-batching-tiling-artifacts/codegen_apps/tiling/poisson2d/u280_project/maxtile_8192_p64/hls/build/hw/temp_dir/link/link/vivado/vpl/prj/prj.gen/my_rm/bd/ulp/synth/ulp.v:9958]
INFO: [Synth 8-6157] synthesizing module 'ulp_regslice_control_userpf_1' [/scratch/hpc-prf-acgasm/beniel/ops-hls-batching-tiling-artifacts/codegen_apps/tiling/poisson2d/u280_project/maxtile_8192_p64/hls/build/hw/temp_dir/link/link/vivado/vpl/prj/prj.runs/my_rm_synth_1/.Xil/Vivado-527882-n2cn0301.ab2021.local/realtime/ulp_regslice_control_userpf_1_stub.v:5]
INFO: [Synth 8-6155] done synthesizing module 'ulp_regslice_control_userpf_1' (0#1) [/scratch/hpc-prf-acgasm/beniel/ops-hls-batching-tiling-artifacts/codegen_apps/tiling/poisson2d/u280_project/maxtile_8192_p64/hls/build/hw/temp_dir/link/link/vivado/vpl/prj/prj.runs/my_rm_synth_1/.Xil/Vivado-527882-n2cn0301.ab2021.local/realtime/ulp_regslice_control_userpf_1_stub.v:5]
INFO: [Synth 8-6155] done synthesizing module 'SLR1_imp_1UA2LF1' (0#1) [/scratch/hpc-prf-acgasm/beniel/ops-hls-batching-tiling-artifacts/codegen_apps/tiling/poisson2d/u280_project/maxtile_8192_p64/hls/build/hw/temp_dir/link/link/vivado/vpl/prj/prj.gen/my_rm/bd/ulp/synth/ulp.v:500]
INFO: [Synth 8-6157] synthesizing module 'SLR2_imp_1Y0I5MR' [/scratch/hpc-prf-acgasm/beniel/ops-hls-batching-tiling-artifacts/codegen_apps/tiling/poisson2d/u280_project/maxtile_8192_p64/hls/build/hw/temp_dir/link/link/vivado/vpl/prj/prj.gen/my_rm/bd/ulp/synth/ulp.v:901]
INFO: [Synth 8-6157] synthesizing module 'ulp_axi_gpio_null_2' [/scratch/hpc-prf-acgasm/beniel/ops-hls-batching-tiling-artifacts/codegen_apps/tiling/poisson2d/u280_project/maxtile_8192_p64/hls/build/hw/temp_dir/link/link/vivado/vpl/prj/prj.runs/my_rm_synth_1/.Xil/Vivado-527882-n2cn0301.ab2021.local/realtime/ulp_axi_gpio_null_2_stub.v:5]
INFO: [Synth 8-6155] done synthesizing module 'ulp_axi_gpio_null_2' (0#1) [/scratch/hpc-prf-acgasm/beniel/ops-hls-batching-tiling-artifacts/codegen_apps/tiling/poisson2d/u280_project/maxtile_8192_p64/hls/build/hw/temp_dir/link/link/vivado/vpl/prj/prj.runs/my_rm_synth_1/.Xil/Vivado-527882-n2cn0301.ab2021.local/realtime/ulp_axi_gpio_null_2_stub.v:5]
WARNING: [Synth 8-7071] port 'gpio_io_o' of module 'ulp_axi_gpio_null_2' is unconnected for instance 'axi_gpio_null' [/scratch/hpc-prf-acgasm/beniel/ops-hls-batching-tiling-artifacts/codegen_apps/tiling/poisson2d/u280_project/maxtile_8192_p64/hls/build/hw/temp_dir/link/link/vivado/vpl/prj/prj.gen/my_rm/bd/ulp/synth/ulp.v:1135]
WARNING: [Synth 8-7071] port 'gpio_io_t' of module 'ulp_axi_gpio_null_2' is unconnected for instance 'axi_gpio_null' [/scratch/hpc-prf-acgasm/beniel/ops-hls-batching-tiling-artifacts/codegen_apps/tiling/poisson2d/u280_project/maxtile_8192_p64/hls/build/hw/temp_dir/link/link/vivado/vpl/prj/prj.gen/my_rm/bd/ulp/synth/ulp.v:1135]
WARNING: [Synth 8-7023] instance 'axi_gpio_null' of module 'ulp_axi_gpio_null_2' has 22 connections declared, but only 20 given [/scratch/hpc-prf-acgasm/beniel/ops-hls-batching-tiling-artifacts/codegen_apps/tiling/poisson2d/u280_project/maxtile_8192_p64/hls/build/hw/temp_dir/link/link/vivado/vpl/prj/prj.gen/my_rm/bd/ulp/synth/ulp.v:1135]
INFO: [Synth 8-6157] synthesizing module 'ulp_axi_vip_ctrl_userpf_2' [/scratch/hpc-prf-acgasm/beniel/ops-hls-batching-tiling-artifacts/codegen_apps/tiling/poisson2d/u280_project/maxtile_8192_p64/hls/build/hw/temp_dir/link/link/vivado/vpl/prj/prj.runs/my_rm_synth_1/.Xil/Vivado-527882-n2cn0301.ab2021.local/realtime/ulp_axi_vip_ctrl_userpf_2_stub.v:5]
INFO: [Synth 8-6155] done synthesizing module 'ulp_axi_vip_ctrl_userpf_2' (0#1) [/scratch/hpc-prf-acgasm/beniel/ops-hls-batching-tiling-artifacts/codegen_apps/tiling/poisson2d/u280_project/maxtile_8192_p64/hls/build/hw/temp_dir/link/link/vivado/vpl/prj/prj.runs/my_rm_synth_1/.Xil/Vivado-527882-n2cn0301.ab2021.local/realtime/ulp_axi_vip_ctrl_userpf_2_stub.v:5]
INFO: [Synth 8-6157] synthesizing module 'ulp_interconnect_axilite_user_2' [/scratch/hpc-prf-acgasm/beniel/ops-hls-batching-tiling-artifacts/codegen_apps/tiling/poisson2d/u280_project/maxtile_8192_p64/hls/build/hw/temp_dir/link/link/vivado/vpl/prj/prj.gen/my_rm/bd/ulp/synth/ulp.v:10430]
INFO: [Synth 8-6157] synthesizing module 'm00_couplers_imp_1E0NHQB' [/scratch/hpc-prf-acgasm/beniel/ops-hls-batching-tiling-artifacts/codegen_apps/tiling/poisson2d/u280_project/maxtile_8192_p64/hls/build/hw/temp_dir/link/link/vivado/vpl/prj/prj.gen/my_rm/bd/ulp/synth/ulp.v:1302]
INFO: [Synth 8-6157] synthesizing module 'ulp_auto_cc_5' [/scratch/hpc-prf-acgasm/beniel/ops-hls-batching-tiling-artifacts/codegen_apps/tiling/poisson2d/u280_project/maxtile_8192_p64/hls/build/hw/temp_dir/link/link/vivado/vpl/prj/prj.runs/my_rm_synth_1/.Xil/Vivado-527882-n2cn0301.ab2021.local/realtime/ulp_auto_cc_5_stub.v:5]
INFO: [Synth 8-6155] done synthesizing module 'ulp_auto_cc_5' (0#1) [/scratch/hpc-prf-acgasm/beniel/ops-hls-batching-tiling-artifacts/codegen_apps/tiling/poisson2d/u280_project/maxtile_8192_p64/hls/build/hw/temp_dir/link/link/vivado/vpl/prj/prj.runs/my_rm_synth_1/.Xil/Vivado-527882-n2cn0301.ab2021.local/realtime/ulp_auto_cc_5_stub.v:5]
INFO: [Synth 8-6157] synthesizing module 'ulp_m00_regslice_5' [/scratch/hpc-prf-acgasm/beniel/ops-hls-batching-tiling-artifacts/codegen_apps/tiling/poisson2d/u280_project/maxtile_8192_p64/hls/build/hw/temp_dir/link/link/vivado/vpl/prj/prj.runs/my_rm_synth_1/.Xil/Vivado-527882-n2cn0301.ab2021.local/realtime/ulp_m00_regslice_5_stub.v:5]
INFO: [Synth 8-6155] done synthesizing module 'ulp_m00_regslice_5' (0#1) [/scratch/hpc-prf-acgasm/beniel/ops-hls-batching-tiling-artifacts/codegen_apps/tiling/poisson2d/u280_project/maxtile_8192_p64/hls/build/hw/temp_dir/link/link/vivado/vpl/prj/prj.runs/my_rm_synth_1/.Xil/Vivado-527882-n2cn0301.ab2021.local/realtime/ulp_m00_regslice_5_stub.v:5]
WARNING: [Synth 8-7071] port 'm_axi_awprot' of module 'ulp_m00_regslice_5' is unconnected for instance 'm00_regslice' [/scratch/hpc-prf-acgasm/beniel/ops-hls-batching-tiling-artifacts/codegen_apps/tiling/poisson2d/u280_project/maxtile_8192_p64/hls/build/hw/temp_dir/link/link/vivado/vpl/prj/prj.gen/my_rm/bd/ulp/synth/ulp.v:1527]
WARNING: [Synth 8-7071] port 'm_axi_arprot' of module 'ulp_m00_regslice_5' is unconnected for instance 'm00_regslice' [/scratch/hpc-prf-acgasm/beniel/ops-hls-batching-tiling-artifacts/codegen_apps/tiling/poisson2d/u280_project/maxtile_8192_p64/hls/build/hw/temp_dir/link/link/vivado/vpl/prj/prj.gen/my_rm/bd/ulp/synth/ulp.v:1527]
WARNING: [Synth 8-7023] instance 'm00_regslice' of module 'ulp_m00_regslice_5' has 40 connections declared, but only 38 given [/scratch/hpc-prf-acgasm/beniel/ops-hls-batching-tiling-artifacts/codegen_apps/tiling/poisson2d/u280_project/maxtile_8192_p64/hls/build/hw/temp_dir/link/link/vivado/vpl/prj/prj.gen/my_rm/bd/ulp/synth/ulp.v:1527]
INFO: [Synth 8-6155] done synthesizing module 'm00_couplers_imp_1E0NHQB' (0#1) [/scratch/hpc-prf-acgasm/beniel/ops-hls-batching-tiling-artifacts/codegen_apps/tiling/poisson2d/u280_project/maxtile_8192_p64/hls/build/hw/temp_dir/link/link/vivado/vpl/prj/prj.gen/my_rm/bd/ulp/synth/ulp.v:1302]
INFO: [Synth 8-6157] synthesizing module 'm01_couplers_imp_TD0H6U' [/scratch/hpc-prf-acgasm/beniel/ops-hls-batching-tiling-artifacts/codegen_apps/tiling/poisson2d/u280_project/maxtile_8192_p64/hls/build/hw/temp_dir/link/link/vivado/vpl/prj/prj.gen/my_rm/bd/ulp/synth/ulp.v:2910]
INFO: [Synth 8-6157] synthesizing module 'ulp_auto_cc_6' [/scratch/hpc-prf-acgasm/beniel/ops-hls-batching-tiling-artifacts/codegen_apps/tiling/poisson2d/u280_project/maxtile_8192_p64/hls/build/hw/temp_dir/link/link/vivado/vpl/prj/prj.runs/my_rm_synth_1/.Xil/Vivado-527882-n2cn0301.ab2021.local/realtime/ulp_auto_cc_6_stub.v:5]
INFO: [Synth 8-6155] done synthesizing module 'ulp_auto_cc_6' (0#1) [/scratch/hpc-prf-acgasm/beniel/ops-hls-batching-tiling-artifacts/codegen_apps/tiling/poisson2d/u280_project/maxtile_8192_p64/hls/build/hw/temp_dir/link/link/vivado/vpl/prj/prj.runs/my_rm_synth_1/.Xil/Vivado-527882-n2cn0301.ab2021.local/realtime/ulp_auto_cc_6_stub.v:5]
INFO: [Synth 8-6157] synthesizing module 'ulp_m01_regslice_5' [/scratch/hpc-prf-acgasm/beniel/ops-hls-batching-tiling-artifacts/codegen_apps/tiling/poisson2d/u280_project/maxtile_8192_p64/hls/build/hw/temp_dir/link/link/vivado/vpl/prj/prj.runs/my_rm_synth_1/.Xil/Vivado-527882-n2cn0301.ab2021.local/realtime/ulp_m01_regslice_5_stub.v:5]
INFO: [Synth 8-6155] done synthesizing module 'ulp_m01_regslice_5' (0#1) [/scratch/hpc-prf-acgasm/beniel/ops-hls-batching-tiling-artifacts/codegen_apps/tiling/poisson2d/u280_project/maxtile_8192_p64/hls/build/hw/temp_dir/link/link/vivado/vpl/prj/prj.runs/my_rm_synth_1/.Xil/Vivado-527882-n2cn0301.ab2021.local/realtime/ulp_m01_regslice_5_stub.v:5]
WARNING: [Synth 8-7071] port 'm_axi_awprot' of module 'ulp_m01_regslice_5' is unconnected for instance 'm01_regslice' [/scratch/hpc-prf-acgasm/beniel/ops-hls-batching-tiling-artifacts/codegen_apps/tiling/poisson2d/u280_project/maxtile_8192_p64/hls/build/hw/temp_dir/link/link/vivado/vpl/prj/prj.gen/my_rm/bd/ulp/synth/ulp.v:3135]
WARNING: [Synth 8-7071] port 'm_axi_arprot' of module 'ulp_m01_regslice_5' is unconnected for instance 'm01_regslice' [/scratch/hpc-prf-acgasm/beniel/ops-hls-batching-tiling-artifacts/codegen_apps/tiling/poisson2d/u280_project/maxtile_8192_p64/hls/build/hw/temp_dir/link/link/vivado/vpl/prj/prj.gen/my_rm/bd/ulp/synth/ulp.v:3135]
WARNING: [Synth 8-7023] instance 'm01_regslice' of module 'ulp_m01_regslice_5' has 40 connections declared, but only 38 given [/scratch/hpc-prf-acgasm/beniel/ops-hls-batching-tiling-artifacts/codegen_apps/tiling/poisson2d/u280_project/maxtile_8192_p64/hls/build/hw/temp_dir/link/link/vivado/vpl/prj/prj.gen/my_rm/bd/ulp/synth/ulp.v:3135]
INFO: [Synth 8-6155] done synthesizing module 'm01_couplers_imp_TD0H6U' (0#1) [/scratch/hpc-prf-acgasm/beniel/ops-hls-batching-tiling-artifacts/codegen_apps/tiling/poisson2d/u280_project/maxtile_8192_p64/hls/build/hw/temp_dir/link/link/vivado/vpl/prj/prj.gen/my_rm/bd/ulp/synth/ulp.v:2910]
INFO: [Synth 8-6157] synthesizing module 's00_couplers_imp_8500C9' [/scratch/hpc-prf-acgasm/beniel/ops-hls-batching-tiling-artifacts/codegen_apps/tiling/poisson2d/u280_project/maxtile_8192_p64/hls/build/hw/temp_dir/link/link/vivado/vpl/prj/prj.gen/my_rm/bd/ulp/synth/ulp.v:4266]
INFO: [Synth 8-6157] synthesizing module 'ulp_s00_regslice_17' [/scratch/hpc-prf-acgasm/beniel/ops-hls-batching-tiling-artifacts/codegen_apps/tiling/poisson2d/u280_project/maxtile_8192_p64/hls/build/hw/temp_dir/link/link/vivado/vpl/prj/prj.runs/my_rm_synth_1/.Xil/Vivado-527882-n2cn0301.ab2021.local/realtime/ulp_s00_regslice_17_stub.v:5]
INFO: [Synth 8-6155] done synthesizing module 'ulp_s00_regslice_17' (0#1) [/scratch/hpc-prf-acgasm/beniel/ops-hls-batching-tiling-artifacts/codegen_apps/tiling/poisson2d/u280_project/maxtile_8192_p64/hls/build/hw/temp_dir/link/link/vivado/vpl/prj/prj.runs/my_rm_synth_1/.Xil/Vivado-527882-n2cn0301.ab2021.local/realtime/ulp_s00_regslice_17_stub.v:5]
INFO: [Synth 8-6155] done synthesizing module 's00_couplers_imp_8500C9' (0#1) [/scratch/hpc-prf-acgasm/beniel/ops-hls-batching-tiling-artifacts/codegen_apps/tiling/poisson2d/u280_project/maxtile_8192_p64/hls/build/hw/temp_dir/link/link/vivado/vpl/prj/prj.gen/my_rm/bd/ulp/synth/ulp.v:4266]
INFO: [Synth 8-6157] synthesizing module 'ulp_xbar_3' [/scratch/hpc-prf-acgasm/beniel/ops-hls-batching-tiling-artifacts/codegen_apps/tiling/poisson2d/u280_project/maxtile_8192_p64/hls/build/hw/temp_dir/link/link/vivado/vpl/prj/prj.runs/my_rm_synth_1/.Xil/Vivado-527882-n2cn0301.ab2021.local/realtime/ulp_xbar_3_stub.v:5]
INFO: [Synth 8-6155] done synthesizing module 'ulp_xbar_3' (0#1) [/scratch/hpc-prf-acgasm/beniel/ops-hls-batching-tiling-artifacts/codegen_apps/tiling/poisson2d/u280_project/maxtile_8192_p64/hls/build/hw/temp_dir/link/link/vivado/vpl/prj/prj.runs/my_rm_synth_1/.Xil/Vivado-527882-n2cn0301.ab2021.local/realtime/ulp_xbar_3_stub.v:5]
INFO: [Synth 8-6155] done synthesizing module 'ulp_interconnect_axilite_user_2' (0#1) [/scratch/hpc-prf-acgasm/beniel/ops-hls-batching-tiling-artifacts/codegen_apps/tiling/poisson2d/u280_project/maxtile_8192_p64/hls/build/hw/temp_dir/link/link/vivado/vpl/prj/prj.gen/my_rm/bd/ulp/synth/ulp.v:10430]
INFO: [Synth 8-6157] synthesizing module 'ulp_regslice_control_userpf_2' [/scratch/hpc-prf-acgasm/beniel/ops-hls-batching-tiling-artifacts/codegen_apps/tiling/poisson2d/u280_project/maxtile_8192_p64/hls/build/hw/temp_dir/link/link/vivado/vpl/prj/prj.runs/my_rm_synth_1/.Xil/Vivado-527882-n2cn0301.ab2021.local/realtime/ulp_regslice_control_userpf_2_stub.v:5]
INFO: [Synth 8-6155] done synthesizing module 'ulp_regslice_control_userpf_2' (0#1) [/scratch/hpc-prf-acgasm/beniel/ops-hls-batching-tiling-artifacts/codegen_apps/tiling/poisson2d/u280_project/maxtile_8192_p64/hls/build/hw/temp_dir/link/link/vivado/vpl/prj/prj.runs/my_rm_synth_1/.Xil/Vivado-527882-n2cn0301.ab2021.local/realtime/ulp_regslice_control_userpf_2_stub.v:5]
INFO: [Synth 8-6155] done synthesizing module 'SLR2_imp_1Y0I5MR' (0#1) [/scratch/hpc-prf-acgasm/beniel/ops-hls-batching-tiling-artifacts/codegen_apps/tiling/poisson2d/u280_project/maxtile_8192_p64/hls/build/hw/temp_dir/link/link/vivado/vpl/prj/prj.gen/my_rm/bd/ulp/synth/ulp.v:901]
INFO: [Synth 8-6157] synthesizing module 'ulp_axi_ic_ctrl_mgmt_slr1_0' [/scratch/hpc-prf-acgasm/beniel/ops-hls-batching-tiling-artifacts/codegen_apps/tiling/poisson2d/u280_project/maxtile_8192_p64/hls/build/hw/temp_dir/link/link/vivado/vpl/prj/prj.gen/my_rm/bd/ulp/synth/ulp.v:8645]
INFO: [Synth 8-6157] synthesizing module 'm00_couplers_imp_CAGKWP' [/scratch/hpc-prf-acgasm/beniel/ops-hls-batching-tiling-artifacts/codegen_apps/tiling/poisson2d/u280_project/maxtile_8192_p64/hls/build/hw/temp_dir/link/link/vivado/vpl/prj/prj.gen/my_rm/bd/ulp/synth/ulp.v:1568]
INFO: [Synth 8-6155] done synthesizing module 'm00_couplers_imp_CAGKWP' (0#1) [/scratch/hpc-prf-acgasm/beniel/ops-hls-batching-tiling-artifacts/codegen_apps/tiling/poisson2d/u280_project/maxtile_8192_p64/hls/build/hw/temp_dir/link/link/vivado/vpl/prj/prj.gen/my_rm/bd/ulp/synth/ulp.v:1568]
INFO: [Synth 8-6157] synthesizing module 'm01_couplers_imp_1V3WQQK' [/scratch/hpc-prf-acgasm/beniel/ops-hls-batching-tiling-artifacts/codegen_apps/tiling/poisson2d/u280_project/maxtile_8192_p64/hls/build/hw/temp_dir/link/link/vivado/vpl/prj/prj.gen/my_rm/bd/ulp/synth/ulp.v:2778]
INFO: [Synth 8-6155] done synthesizing module 'm01_couplers_imp_1V3WQQK' (0#1) [/scratch/hpc-prf-acgasm/beniel/ops-hls-batching-tiling-artifacts/codegen_apps/tiling/poisson2d/u280_project/maxtile_8192_p64/hls/build/hw/temp_dir/link/link/vivado/vpl/prj/prj.gen/my_rm/bd/ulp/synth/ulp.v:2778]
INFO: [Synth 8-6157] synthesizing module 'm02_couplers_imp_L422S2' [/scratch/hpc-prf-acgasm/beniel/ops-hls-batching-tiling-artifacts/codegen_apps/tiling/poisson2d/u280_project/maxtile_8192_p64/hls/build/hw/temp_dir/link/link/vivado/vpl/prj/prj.gen/my_rm/bd/ulp/synth/ulp.v:3176]
INFO: [Synth 8-6155] done synthesizing module 'm02_couplers_imp_L422S2' (0#1) [/scratch/hpc-prf-acgasm/beniel/ops-hls-batching-tiling-artifacts/codegen_apps/tiling/poisson2d/u280_project/maxtile_8192_p64/hls/build/hw/temp_dir/link/link/vivado/vpl/prj/prj.gen/my_rm/bd/ulp/synth/ulp.v:3176]
WARNING: [Synth 8-7071] port 'S_AXI_rlast' of module 'm02_couplers_imp_L422S2' is unconnected for instance 'm02_couplers' [/scratch/hpc-prf-acgasm/beniel/ops-hls-batching-tiling-artifacts/codegen_apps/tiling/poisson2d/u280_project/maxtile_8192_p64/hls/build/hw/temp_dir/link/link/vivado/vpl/prj/prj.gen/my_rm/bd/ulp/synth/ulp.v:9190]
WARNING: [Synth 8-7023] instance 'm02_couplers' of module 'm02_couplers_imp_L422S2' has 74 connections declared, but only 73 given [/scratch/hpc-prf-acgasm/beniel/ops-hls-batching-tiling-artifacts/codegen_apps/tiling/poisson2d/u280_project/maxtile_8192_p64/hls/build/hw/temp_dir/link/link/vivado/vpl/prj/prj.gen/my_rm/bd/ulp/synth/ulp.v:9190]
INFO: [Synth 8-6157] synthesizing module 's00_couplers_imp_1100RTV' [/scratch/hpc-prf-acgasm/beniel/ops-hls-batching-tiling-artifacts/codegen_apps/tiling/poisson2d/u280_project/maxtile_8192_p64/hls/build/hw/temp_dir/link/link/vivado/vpl/prj/prj.gen/my_rm/bd/ulp/synth/ulp.v:3700]
INFO: [Synth 8-6155] done synthesizing module 's00_couplers_imp_1100RTV' (0#1) [/scratch/hpc-prf-acgasm/beniel/ops-hls-batching-tiling-artifacts/codegen_apps/tiling/poisson2d/u280_project/maxtile_8192_p64/hls/build/hw/temp_dir/link/link/vivado/vpl/prj/prj.gen/my_rm/bd/ulp/synth/ulp.v:3700]
INFO: [Synth 8-6157] synthesizing module 'ulp_xbar_0' [/scratch/hpc-prf-acgasm/beniel/ops-hls-batching-tiling-artifacts/codegen_apps/tiling/poisson2d/u280_project/maxtile_8192_p64/hls/build/hw/temp_dir/link/link/vivado/vpl/prj/prj.runs/my_rm_synth_1/.Xil/Vivado-527882-n2cn0301.ab2021.local/realtime/ulp_xbar_0_stub.v:5]
INFO: [Synth 8-6155] done synthesizing module 'ulp_xbar_0' (0#1) [/scratch/hpc-prf-acgasm/beniel/ops-hls-batching-tiling-artifacts/codegen_apps/tiling/poisson2d/u280_project/maxtile_8192_p64/hls/build/hw/temp_dir/link/link/vivado/vpl/prj/prj.runs/my_rm_synth_1/.Xil/Vivado-527882-n2cn0301.ab2021.local/realtime/ulp_xbar_0_stub.v:5]
INFO: [Synth 8-6155] done synthesizing module 'ulp_axi_ic_ctrl_mgmt_slr1_0' (0#1) [/scratch/hpc-prf-acgasm/beniel/ops-hls-batching-tiling-artifacts/codegen_apps/tiling/poisson2d/u280_project/maxtile_8192_p64/hls/build/hw/temp_dir/link/link/vivado/vpl/prj/prj.gen/my_rm/bd/ulp/synth/ulp.v:8645]
WARNING: [Synth 8-7071] port 'M02_AXI_araddr' of module 'ulp_axi_ic_ctrl_mgmt_slr1_0' is unconnected for instance 'axi_ic_ctrl_mgmt_slr1' [/scratch/hpc-prf-acgasm/beniel/ops-hls-batching-tiling-artifacts/codegen_apps/tiling/poisson2d/u280_project/maxtile_8192_p64/hls/build/hw/temp_dir/link/link/vivado/vpl/prj/prj.gen/my_rm/bd/ulp/synth/ulp.v:6401]
WARNING: [Synth 8-7071] port 'M02_AXI_arburst' of module 'ulp_axi_ic_ctrl_mgmt_slr1_0' is unconnected for instance 'axi_ic_ctrl_mgmt_slr1' [/scratch/hpc-prf-acgasm/beniel/ops-hls-batching-tiling-artifacts/codegen_apps/tiling/poisson2d/u280_project/maxtile_8192_p64/hls/build/hw/temp_dir/link/link/vivado/vpl/prj/prj.gen/my_rm/bd/ulp/synth/ulp.v:6401]
WARNING: [Synth 8-7071] port 'M02_AXI_arcache' of module 'ulp_axi_ic_ctrl_mgmt_slr1_0' is unconnected for instance 'axi_ic_ctrl_mgmt_slr1' [/scratch/hpc-prf-acgasm/beniel/ops-hls-batching-tiling-artifacts/codegen_apps/tiling/poisson2d/u280_project/maxtile_8192_p64/hls/build/hw/temp_dir/link/link/vivado/vpl/prj/prj.gen/my_rm/bd/ulp/synth/ulp.v:6401]
WARNING: [Synth 8-7071] port 'M02_AXI_arlen' of module 'ulp_axi_ic_ctrl_mgmt_slr1_0' is unconnected for instance 'axi_ic_ctrl_mgmt_slr1' [/scratch/hpc-prf-acgasm/beniel/ops-hls-batching-tiling-artifacts/codegen_apps/tiling/poisson2d/u280_project/maxtile_8192_p64/hls/build/hw/temp_dir/link/link/vivado/vpl/prj/prj.gen/my_rm/bd/ulp/synth/ulp.v:6401]
WARNING: [Synth 8-7071] port 'M02_AXI_arlock' of module 'ulp_axi_ic_ctrl_mgmt_slr1_0' is unconnected for instance 'axi_ic_ctrl_mgmt_slr1' [/scratch/hpc-prf-acgasm/beniel/ops-hls-batching-tiling-artifacts/codegen_apps/tiling/poisson2d/u280_project/maxtile_8192_p64/hls/build/hw/temp_dir/link/link/vivado/vpl/prj/prj.gen/my_rm/bd/ulp/synth/ulp.v:6401]
WARNING: [Synth 8-7071] port 'M02_AXI_arprot' of module 'ulp_axi_ic_ctrl_mgmt_slr1_0' is unconnected for instance 'axi_ic_ctrl_mgmt_slr1' [/scratch/hpc-prf-acgasm/beniel/ops-hls-batching-tiling-artifacts/codegen_apps/tiling/poisson2d/u280_project/maxtile_8192_p64/hls/build/hw/temp_dir/link/link/vivado/vpl/prj/prj.gen/my_rm/bd/ulp/synth/ulp.v:6401]
WARNING: [Synth 8-7071] port 'M02_AXI_arqos' of module 'ulp_axi_ic_ctrl_mgmt_slr1_0' is unconnected for instance 'axi_ic_ctrl_mgmt_slr1' [/scratch/hpc-prf-acgasm/beniel/ops-hls-batching-tiling-artifacts/codegen_apps/tiling/poisson2d/u280_project/maxtile_8192_p64/hls/build/hw/temp_dir/link/link/vivado/vpl/prj/prj.gen/my_rm/bd/ulp/synth/ulp.v:6401]
WARNING: [Synth 8-7071] port 'M02_AXI_arregion' of module 'ulp_axi_ic_ctrl_mgmt_slr1_0' is unconnected for instance 'axi_ic_ctrl_mgmt_slr1' [/scratch/hpc-prf-acgasm/beniel/ops-hls-batching-tiling-artifacts/codegen_apps/tiling/poisson2d/u280_project/maxtile_8192_p64/hls/build/hw/temp_dir/link/link/vivado/vpl/prj/prj.gen/my_rm/bd/ulp/synth/ulp.v:6401]
WARNING: [Synth 8-7071] port 'M02_AXI_arsize' of module 'ulp_axi_ic_ctrl_mgmt_slr1_0' is unconnected for instance 'axi_ic_ctrl_mgmt_slr1' [/scratch/hpc-prf-acgasm/beniel/ops-hls-batching-tiling-artifacts/codegen_apps/tiling/poisson2d/u280_project/maxtile_8192_p64/hls/build/hw/temp_dir/link/link/vivado/vpl/prj/prj.gen/my_rm/bd/ulp/synth/ulp.v:6401]
WARNING: [Synth 8-7071] port 'M02_AXI_arvalid' of module 'ulp_axi_ic_ctrl_mgmt_slr1_0' is unconnected for instance 'axi_ic_ctrl_mgmt_slr1' [/scratch/hpc-prf-acgasm/beniel/ops-hls-batching-tiling-artifacts/codegen_apps/tiling/poisson2d/u280_project/maxtile_8192_p64/hls/build/hw/temp_dir/link/link/vivado/vpl/prj/prj.gen/my_rm/bd/ulp/synth/ulp.v:6401]
WARNING: [Synth 8-7071] port 'M02_AXI_awaddr' of module 'ulp_axi_ic_ctrl_mgmt_slr1_0' is unconnected for instance 'axi_ic_ctrl_mgmt_slr1' [/scratch/hpc-prf-acgasm/beniel/ops-hls-batching-tiling-artifacts/codegen_apps/tiling/poisson2d/u280_project/maxtile_8192_p64/hls/build/hw/temp_dir/link/link/vivado/vpl/prj/prj.gen/my_rm/bd/ulp/synth/ulp.v:6401]
WARNING: [Synth 8-7071] port 'M02_AXI_awburst' of module 'ulp_axi_ic_ctrl_mgmt_slr1_0' is unconnected for instance 'axi_ic_ctrl_mgmt_slr1' [/scratch/hpc-prf-acgasm/beniel/ops-hls-batching-tiling-artifacts/codegen_apps/tiling/poisson2d/u280_project/maxtile_8192_p64/hls/build/hw/temp_dir/link/link/vivado/vpl/prj/prj.gen/my_rm/bd/ulp/synth/ulp.v:6401]
WARNING: [Synth 8-7071] port 'M02_AXI_awcache' of module 'ulp_axi_ic_ctrl_mgmt_slr1_0' is unconnected for instance 'axi_ic_ctrl_mgmt_slr1' [/scratch/hpc-prf-acgasm/beniel/ops-hls-batching-tiling-artifacts/codegen_apps/tiling/poisson2d/u280_project/maxtile_8192_p64/hls/build/hw/temp_dir/link/link/vivado/vpl/prj/prj.gen/my_rm/bd/ulp/synth/ulp.v:6401]
WARNING: [Synth 8-7071] port 'M02_AXI_awlen' of module 'ulp_axi_ic_ctrl_mgmt_slr1_0' is unconnected for instance 'axi_ic_ctrl_mgmt_slr1' [/scratch/hpc-prf-acgasm/beniel/ops-hls-batching-tiling-artifacts/codegen_apps/tiling/poisson2d/u280_project/maxtile_8192_p64/hls/build/hw/temp_dir/link/link/vivado/vpl/prj/prj.gen/my_rm/bd/ulp/synth/ulp.v:6401]
WARNING: [Synth 8-7071] port 'M02_AXI_awlock' of module 'ulp_axi_ic_ctrl_mgmt_slr1_0' is unconnected for instance 'axi_ic_ctrl_mgmt_slr1' [/scratch/hpc-prf-acgasm/beniel/ops-hls-batching-tiling-artifacts/codegen_apps/tiling/poisson2d/u280_project/maxtile_8192_p64/hls/build/hw/temp_dir/link/link/vivado/vpl/prj/prj.gen/my_rm/bd/ulp/synth/ulp.v:6401]
WARNING: [Synth 8-7071] port 'M02_AXI_awprot' of module 'ulp_axi_ic_ctrl_mgmt_slr1_0' is unconnected for instance 'axi_ic_ctrl_mgmt_slr1' [/scratch/hpc-prf-acgasm/beniel/ops-hls-batching-tiling-artifacts/codegen_apps/tiling/poisson2d/u280_project/maxtile_8192_p64/hls/build/hw/temp_dir/link/link/vivado/vpl/prj/prj.gen/my_rm/bd/ulp/synth/ulp.v:6401]
WARNING: [Synth 8-7071] port 'M02_AXI_awqos' of module 'ulp_axi_ic_ctrl_mgmt_slr1_0' is unconnected for instance 'axi_ic_ctrl_mgmt_slr1' [/scratch/hpc-prf-acgasm/beniel/ops-hls-batching-tiling-artifacts/codegen_apps/tiling/poisson2d/u280_project/maxtile_8192_p64/hls/build/hw/temp_dir/link/link/vivado/vpl/prj/prj.gen/my_rm/bd/ulp/synth/ulp.v:6401]
WARNING: [Synth 8-7071] port 'M02_AXI_awregion' of module 'ulp_axi_ic_ctrl_mgmt_slr1_0' is unconnected for instance 'axi_ic_ctrl_mgmt_slr1' [/scratch/hpc-prf-acgasm/beniel/ops-hls-batching-tiling-artifacts/codegen_apps/tiling/poisson2d/u280_project/maxtile_8192_p64/hls/build/hw/temp_dir/link/link/vivado/vpl/prj/prj.gen/my_rm/bd/ulp/synth/ulp.v:6401]
WARNING: [Synth 8-7071] port 'M02_AXI_awsize' of module 'ulp_axi_ic_ctrl_mgmt_slr1_0' is unconnected for instance 'axi_ic_ctrl_mgmt_slr1' [/scratch/hpc-prf-acgasm/beniel/ops-hls-batching-tiling-artifacts/codegen_apps/tiling/poisson2d/u280_project/maxtile_8192_p64/hls/build/hw/temp_dir/link/link/vivado/vpl/prj/prj.gen/my_rm/bd/ulp/synth/ulp.v:6401]
WARNING: [Synth 8-7071] port 'M02_AXI_awvalid' of module 'ulp_axi_ic_ctrl_mgmt_slr1_0' is unconnected for instance 'axi_ic_ctrl_mgmt_slr1' [/scratch/hpc-prf-acgasm/beniel/ops-hls-batching-tiling-artifacts/codegen_apps/tiling/poisson2d/u280_project/maxtile_8192_p64/hls/build/hw/temp_dir/link/link/vivado/vpl/prj/prj.gen/my_rm/bd/ulp/synth/ulp.v:6401]
WARNING: [Synth 8-7071] port 'M02_AXI_bready' of module 'ulp_axi_ic_ctrl_mgmt_slr1_0' is unconnected for instance 'axi_ic_ctrl_mgmt_slr1' [/scratch/hpc-prf-acgasm/beniel/ops-hls-batching-tiling-artifacts/codegen_apps/tiling/poisson2d/u280_project/maxtile_8192_p64/hls/build/hw/temp_dir/link/link/vivado/vpl/prj/prj.gen/my_rm/bd/ulp/synth/ulp.v:6401]
WARNING: [Synth 8-7071] port 'M02_AXI_rready' of module 'ulp_axi_ic_ctrl_mgmt_slr1_0' is unconnected for instance 'axi_ic_ctrl_mgmt_slr1' [/scratch/hpc-prf-acgasm/beniel/ops-hls-batching-tiling-artifacts/codegen_apps/tiling/poisson2d/u280_project/maxtile_8192_p64/hls/build/hw/temp_dir/link/link/vivado/vpl/prj/prj.gen/my_rm/bd/ulp/synth/ulp.v:6401]
WARNING: [Synth 8-7071] port 'M02_AXI_wdata' of module 'ulp_axi_ic_ctrl_mgmt_slr1_0' is unconnected for instance 'axi_ic_ctrl_mgmt_slr1' [/scratch/hpc-prf-acgasm/beniel/ops-hls-batching-tiling-artifacts/codegen_apps/tiling/poisson2d/u280_project/maxtile_8192_p64/hls/build/hw/temp_dir/link/link/vivado/vpl/prj/prj.gen/my_rm/bd/ulp/synth/ulp.v:6401]
WARNING: [Synth 8-7071] port 'M02_AXI_wlast' of module 'ulp_axi_ic_ctrl_mgmt_slr1_0' is unconnected for instance 'axi_ic_ctrl_mgmt_slr1' [/scratch/hpc-prf-acgasm/beniel/ops-hls-batching-tiling-artifacts/codegen_apps/tiling/poisson2d/u280_project/maxtile_8192_p64/hls/build/hw/temp_dir/link/link/vivado/vpl/prj/prj.gen/my_rm/bd/ulp/synth/ulp.v:6401]
WARNING: [Synth 8-7071] port 'M02_AXI_wstrb' of module 'ulp_axi_ic_ctrl_mgmt_slr1_0' is unconnected for instance 'axi_ic_ctrl_mgmt_slr1' [/scratch/hpc-prf-acgasm/beniel/ops-hls-batching-tiling-artifacts/codegen_apps/tiling/poisson2d/u280_project/maxtile_8192_p64/hls/build/hw/temp_dir/link/link/vivado/vpl/prj/prj.gen/my_rm/bd/ulp/synth/ulp.v:6401]
WARNING: [Synth 8-7071] port 'M02_AXI_wvalid' of module 'ulp_axi_ic_ctrl_mgmt_slr1_0' is unconnected for instance 'axi_ic_ctrl_mgmt_slr1' [/scratch/hpc-prf-acgasm/beniel/ops-hls-batching-tiling-artifacts/codegen_apps/tiling/poisson2d/u280_project/maxtile_8192_p64/hls/build/hw/temp_dir/link/link/vivado/vpl/prj/prj.gen/my_rm/bd/ulp/synth/ulp.v:6401]
WARNING: [Synth 8-7023] instance 'axi_ic_ctrl_mgmt_slr1' of module 'ulp_axi_ic_ctrl_mgmt_slr1_0' has 100 connections declared, but only 74 given [/scratch/hpc-prf-acgasm/beniel/ops-hls-batching-tiling-artifacts/codegen_apps/tiling/poisson2d/u280_project/maxtile_8192_p64/hls/build/hw/temp_dir/link/link/vivado/vpl/prj/prj.gen/my_rm/bd/ulp/synth/ulp.v:6401]
INFO: [Synth 8-6157] synthesizing module 'ulp_axi_vip_data_0' [/scratch/hpc-prf-acgasm/beniel/ops-hls-batching-tiling-artifacts/codegen_apps/tiling/poisson2d/u280_project/maxtile_8192_p64/hls/build/hw/temp_dir/link/link/vivado/vpl/prj/prj.runs/my_rm_synth_1/.Xil/Vivado-527882-n2cn0301.ab2021.local/realtime/ulp_axi_vip_data_0_stub.v:5]
INFO: [Synth 8-6155] done synthesizing module 'ulp_axi_vip_data_0' (0#1) [/scratch/hpc-prf-acgasm/beniel/ops-hls-batching-tiling-artifacts/codegen_apps/tiling/poisson2d/u280_project/maxtile_8192_p64/hls/build/hw/temp_dir/link/link/vivado/vpl/prj/prj.runs/my_rm_synth_1/.Xil/Vivado-527882-n2cn0301.ab2021.local/realtime/ulp_axi_vip_data_0_stub.v:5]
INFO: [Synth 8-6157] synthesizing module 'ulp_buffer_datamover_outerloop_0_1_arg0_axis_out_0' [/scratch/hpc-prf-acgasm/beniel/ops-hls-batching-tiling-artifacts/codegen_apps/tiling/poisson2d/u280_project/maxtile_8192_p64/hls/build/hw/temp_dir/link/link/vivado/vpl/prj/prj.runs/my_rm_synth_1/.Xil/Vivado-527882-n2cn0301.ab2021.local/realtime/ulp_buffer_datamover_outerloop_0_1_arg0_axis_out_0_stub.v:5]
INFO: [Synth 8-6155] done synthesizing module 'ulp_buffer_datamover_outerloop_0_1_arg0_axis_out_0' (0#1) [/scratch/hpc-prf-acgasm/beniel/ops-hls-batching-tiling-artifacts/codegen_apps/tiling/poisson2d/u280_project/maxtile_8192_p64/hls/build/hw/temp_dir/link/link/vivado/vpl/prj/prj.runs/my_rm_synth_1/.Xil/Vivado-527882-n2cn0301.ab2021.local/realtime/ulp_buffer_datamover_outerloop_0_1_arg0_axis_out_0_stub.v:5]
INFO: [Synth 8-6157] synthesizing module 'ulp_buffer_kernel_outerloop_inst_0_1_arg1_axis_out_0' [/scratch/hpc-prf-acgasm/beniel/ops-hls-batching-tiling-artifacts/codegen_apps/tiling/poisson2d/u280_project/maxtile_8192_p64/hls/build/hw/temp_dir/link/link/vivado/vpl/prj/prj.runs/my_rm_synth_1/.Xil/Vivado-527882-n2cn0301.ab2021.local/realtime/ulp_buffer_kernel_outerloop_inst_0_1_arg1_axis_out_0_stub.v:5]
INFO: [Synth 8-6155] done synthesizing module 'ulp_buffer_kernel_outerloop_inst_0_1_arg1_axis_out_0' (0#1) [/scratch/hpc-prf-acgasm/beniel/ops-hls-batching-tiling-artifacts/codegen_apps/tiling/poisson2d/u280_project/maxtile_8192_p64/hls/build/hw/temp_dir/link/link/vivado/vpl/prj/prj.runs/my_rm_synth_1/.Xil/Vivado-527882-n2cn0301.ab2021.local/realtime/ulp_buffer_kernel_outerloop_inst_0_1_arg1_axis_out_0_stub.v:5]
INFO: [Synth 8-6157] synthesizing module 'ulp_buffer_kernel_outerloop_inst_0_2_arg1_axis_out_0' [/scratch/hpc-prf-acgasm/beniel/ops-hls-batching-tiling-artifacts/codegen_apps/tiling/poisson2d/u280_project/maxtile_8192_p64/hls/build/hw/temp_dir/link/link/vivado/vpl/prj/prj.runs/my_rm_synth_1/.Xil/Vivado-527882-n2cn0301.ab2021.local/realtime/ulp_buffer_kernel_outerloop_inst_0_2_arg1_axis_out_0_stub.v:5]
INFO: [Synth 8-6155] done synthesizing module 'ulp_buffer_kernel_outerloop_inst_0_2_arg1_axis_out_0' (0#1) [/scratch/hpc-prf-acgasm/beniel/ops-hls-batching-tiling-artifacts/codegen_apps/tiling/poisson2d/u280_project/maxtile_8192_p64/hls/build/hw/temp_dir/link/link/vivado/vpl/prj/prj.runs/my_rm_synth_1/.Xil/Vivado-527882-n2cn0301.ab2021.local/realtime/ulp_buffer_kernel_outerloop_inst_0_2_arg1_axis_out_0_stub.v:5]
INFO: [Synth 8-6157] synthesizing module 'ulp_buffer_repeater_outerloop_0_1_arg1_axis_out_0' [/scratch/hpc-prf-acgasm/beniel/ops-hls-batching-tiling-artifacts/codegen_apps/tiling/poisson2d/u280_project/maxtile_8192_p64/hls/build/hw/temp_dir/link/link/vivado/vpl/prj/prj.runs/my_rm_synth_1/.Xil/Vivado-527882-n2cn0301.ab2021.local/realtime/ulp_buffer_repeater_outerloop_0_1_arg1_axis_out_0_stub.v:5]
INFO: [Synth 8-6155] done synthesizing module 'ulp_buffer_repeater_outerloop_0_1_arg1_axis_out_0' (0#1) [/scratch/hpc-prf-acgasm/beniel/ops-hls-batching-tiling-artifacts/codegen_apps/tiling/poisson2d/u280_project/maxtile_8192_p64/hls/build/hw/temp_dir/link/link/vivado/vpl/prj/prj.runs/my_rm_synth_1/.Xil/Vivado-527882-n2cn0301.ab2021.local/realtime/ulp_buffer_repeater_outerloop_0_1_arg1_axis_out_0_stub.v:5]
INFO: [Synth 8-6157] synthesizing module 'ulp_datamover_outerloop_0_1_0' [/scratch/hpc-prf-acgasm/beniel/ops-hls-batching-tiling-artifacts/codegen_apps/tiling/poisson2d/u280_project/maxtile_8192_p64/hls/build/hw/temp_dir/link/link/vivado/vpl/prj/prj.runs/my_rm_synth_1/.Xil/Vivado-527882-n2cn0301.ab2021.local/realtime/ulp_datamover_outerloop_0_1_0_stub.v:5]
INFO: [Synth 8-6155] done synthesizing module 'ulp_datamover_outerloop_0_1_0' (0#1) [/scratch/hpc-prf-acgasm/beniel/ops-hls-batching-tiling-artifacts/codegen_apps/tiling/poisson2d/u280_project/maxtile_8192_p64/hls/build/hw/temp_dir/link/link/vivado/vpl/prj/prj.runs/my_rm_synth_1/.Xil/Vivado-527882-n2cn0301.ab2021.local/realtime/ulp_datamover_outerloop_0_1_0_stub.v:5]
WARNING: [Synth 8-7071] port 'm_axi_gmem0_AWREGION' of module 'ulp_datamover_outerloop_0_1_0' is unconnected for instance 'datamover_outerloop_0_1' [/scratch/hpc-prf-acgasm/beniel/ops-hls-batching-tiling-artifacts/codegen_apps/tiling/poisson2d/u280_project/maxtile_8192_p64/hls/build/hw/temp_dir/link/link/vivado/vpl/prj/prj.gen/my_rm/bd/ulp/synth/ulp.v:6589]
WARNING: [Synth 8-7071] port 'm_axi_gmem0_WID' of module 'ulp_datamover_outerloop_0_1_0' is unconnected for instance 'datamover_outerloop_0_1' [/scratch/hpc-prf-acgasm/beniel/ops-hls-batching-tiling-artifacts/codegen_apps/tiling/poisson2d/u280_project/maxtile_8192_p64/hls/build/hw/temp_dir/link/link/vivado/vpl/prj/prj.gen/my_rm/bd/ulp/synth/ulp.v:6589]
WARNING: [Synth 8-7071] port 'm_axi_gmem0_ARREGION' of module 'ulp_datamover_outerloop_0_1_0' is unconnected for instance 'datamover_outerloop_0_1' [/scratch/hpc-prf-acgasm/beniel/ops-hls-batching-tiling-artifacts/codegen_apps/tiling/poisson2d/u280_project/maxtile_8192_p64/hls/build/hw/temp_dir/link/link/vivado/vpl/prj/prj.gen/my_rm/bd/ulp/synth/ulp.v:6589]
WARNING: [Synth 8-7071] port 'm_axi_gmem1_AWREGION' of module 'ulp_datamover_outerloop_0_1_0' is unconnected for instance 'datamover_outerloop_0_1' [/scratch/hpc-prf-acgasm/beniel/ops-hls-batching-tiling-artifacts/codegen_apps/tiling/poisson2d/u280_project/maxtile_8192_p64/hls/build/hw/temp_dir/link/link/vivado/vpl/prj/prj.gen/my_rm/bd/ulp/synth/ulp.v:6589]
WARNING: [Synth 8-7071] port 'm_axi_gmem1_WID' of module 'ulp_datamover_outerloop_0_1_0' is unconnected for instance 'datamover_outerloop_0_1' [/scratch/hpc-prf-acgasm/beniel/ops-hls-batching-tiling-artifacts/codegen_apps/tiling/poisson2d/u280_project/maxtile_8192_p64/hls/build/hw/temp_dir/link/link/vivado/vpl/prj/prj.gen/my_rm/bd/ulp/synth/ulp.v:6589]
WARNING: [Synth 8-7071] port 'm_axi_gmem1_ARREGION' of module 'ulp_datamover_outerloop_0_1_0' is unconnected for instance 'datamover_outerloop_0_1' [/scratch/hpc-prf-acgasm/beniel/ops-hls-batching-tiling-artifacts/codegen_apps/tiling/poisson2d/u280_project/maxtile_8192_p64/hls/build/hw/temp_dir/link/link/vivado/vpl/prj/prj.gen/my_rm/bd/ulp/synth/ulp.v:6589]
WARNING: [Synth 8-7071] port 'm_axi_gmem2_AWREGION' of module 'ulp_datamover_outerloop_0_1_0' is unconnected for instance 'datamover_outerloop_0_1' [/scratch/hpc-prf-acgasm/beniel/ops-hls-batching-tiling-artifacts/codegen_apps/tiling/poisson2d/u280_project/maxtile_8192_p64/hls/build/hw/temp_dir/link/link/vivado/vpl/prj/prj.gen/my_rm/bd/ulp/synth/ulp.v:6589]
WARNING: [Synth 8-7071] port 'm_axi_gmem2_WID' of module 'ulp_datamover_outerloop_0_1_0' is unconnected for instance 'datamover_outerloop_0_1' [/scratch/hpc-prf-acgasm/beniel/ops-hls-batching-tiling-artifacts/codegen_apps/tiling/poisson2d/u280_project/maxtile_8192_p64/hls/build/hw/temp_dir/link/link/vivado/vpl/prj/prj.gen/my_rm/bd/ulp/synth/ulp.v:6589]
WARNING: [Synth 8-7071] port 'm_axi_gmem2_ARREGION' of module 'ulp_datamover_outerloop_0_1_0' is unconnected for instance 'datamover_outerloop_0_1' [/scratch/hpc-prf-acgasm/beniel/ops-hls-batching-tiling-artifacts/codegen_apps/tiling/poisson2d/u280_project/maxtile_8192_p64/hls/build/hw/temp_dir/link/link/vivado/vpl/prj/prj.gen/my_rm/bd/ulp/synth/ulp.v:6589]
WARNING: [Synth 8-7071] port 'm_axi_gmem3_AWREGION' of module 'ulp_datamover_outerloop_0_1_0' is unconnected for instance 'datamover_outerloop_0_1' [/scratch/hpc-prf-acgasm/beniel/ops-hls-batching-tiling-artifacts/codegen_apps/tiling/poisson2d/u280_project/maxtile_8192_p64/hls/build/hw/temp_dir/link/link/vivado/vpl/prj/prj.gen/my_rm/bd/ulp/synth/ulp.v:6589]
WARNING: [Synth 8-7071] port 'm_axi_gmem3_WID' of module 'ulp_datamover_outerloop_0_1_0' is unconnected for instance 'datamover_outerloop_0_1' [/scratch/hpc-prf-acgasm/beniel/ops-hls-batching-tiling-artifacts/codegen_apps/tiling/poisson2d/u280_project/maxtile_8192_p64/hls/build/hw/temp_dir/link/link/vivado/vpl/prj/prj.gen/my_rm/bd/ulp/synth/ulp.v:6589]
WARNING: [Synth 8-7071] port 'm_axi_gmem3_ARREGION' of module 'ulp_datamover_outerloop_0_1_0' is unconnected for instance 'datamover_outerloop_0_1' [/scratch/hpc-prf-acgasm/beniel/ops-hls-batching-tiling-artifacts/codegen_apps/tiling/poisson2d/u280_project/maxtile_8192_p64/hls/build/hw/temp_dir/link/link/vivado/vpl/prj/prj.gen/my_rm/bd/ulp/synth/ulp.v:6589]
WARNING: [Synth 8-7071] port 'm_axi_gmem4_AWREGION' of module 'ulp_datamover_outerloop_0_1_0' is unconnected for instance 'datamover_outerloop_0_1' [/scratch/hpc-prf-acgasm/beniel/ops-hls-batching-tiling-artifacts/codegen_apps/tiling/poisson2d/u280_project/maxtile_8192_p64/hls/build/hw/temp_dir/link/link/vivado/vpl/prj/prj.gen/my_rm/bd/ulp/synth/ulp.v:6589]
WARNING: [Synth 8-7071] port 'm_axi_gmem4_WID' of module 'ulp_datamover_outerloop_0_1_0' is unconnected for instance 'datamover_outerloop_0_1' [/scratch/hpc-prf-acgasm/beniel/ops-hls-batching-tiling-artifacts/codegen_apps/tiling/poisson2d/u280_project/maxtile_8192_p64/hls/build/hw/temp_dir/link/link/vivado/vpl/prj/prj.gen/my_rm/bd/ulp/synth/ulp.v:6589]
WARNING: [Synth 8-7071] port 'm_axi_gmem4_ARREGION' of module 'ulp_datamover_outerloop_0_1_0' is unconnected for instance 'datamover_outerloop_0_1' [/scratch/hpc-prf-acgasm/beniel/ops-hls-batching-tiling-artifacts/codegen_apps/tiling/poisson2d/u280_project/maxtile_8192_p64/hls/build/hw/temp_dir/link/link/vivado/vpl/prj/prj.gen/my_rm/bd/ulp/synth/ulp.v:6589]
WARNING: [Synth 8-7071] port 'm_axi_gmem5_AWREGION' of module 'ulp_datamover_outerloop_0_1_0' is unconnected for instance 'datamover_outerloop_0_1' [/scratch/hpc-prf-acgasm/beniel/ops-hls-batching-tiling-artifacts/codegen_apps/tiling/poisson2d/u280_project/maxtile_8192_p64/hls/build/hw/temp_dir/link/link/vivado/vpl/prj/prj.gen/my_rm/bd/ulp/synth/ulp.v:6589]
WARNING: [Synth 8-7071] port 'm_axi_gmem5_WID' of module 'ulp_datamover_outerloop_0_1_0' is unconnected for instance 'datamover_outerloop_0_1' [/scratch/hpc-prf-acgasm/beniel/ops-hls-batching-tiling-artifacts/codegen_apps/tiling/poisson2d/u280_project/maxtile_8192_p64/hls/build/hw/temp_dir/link/link/vivado/vpl/prj/prj.gen/my_rm/bd/ulp/synth/ulp.v:6589]
WARNING: [Synth 8-7071] port 'm_axi_gmem5_ARREGION' of module 'ulp_datamover_outerloop_0_1_0' is unconnected for instance 'datamover_outerloop_0_1' [/scratch/hpc-prf-acgasm/beniel/ops-hls-batching-tiling-artifacts/codegen_apps/tiling/poisson2d/u280_project/maxtile_8192_p64/hls/build/hw/temp_dir/link/link/vivado/vpl/prj/prj.gen/my_rm/bd/ulp/synth/ulp.v:6589]
WARNING: [Synth 8-7071] port 'm_axi_gmem6_AWREGION' of module 'ulp_datamover_outerloop_0_1_0' is unconnected for instance 'datamover_outerloop_0_1' [/scratch/hpc-prf-acgasm/beniel/ops-hls-batching-tiling-artifacts/codegen_apps/tiling/poisson2d/u280_project/maxtile_8192_p64/hls/build/hw/temp_dir/link/link/vivado/vpl/prj/prj.gen/my_rm/bd/ulp/synth/ulp.v:6589]
WARNING: [Synth 8-7071] port 'm_axi_gmem6_WID' of module 'ulp_datamover_outerloop_0_1_0' is unconnected for instance 'datamover_outerloop_0_1' [/scratch/hpc-prf-acgasm/beniel/ops-hls-batching-tiling-artifacts/codegen_apps/tiling/poisson2d/u280_project/maxtile_8192_p64/hls/build/hw/temp_dir/link/link/vivado/vpl/prj/prj.gen/my_rm/bd/ulp/synth/ulp.v:6589]
WARNING: [Synth 8-7071] port 'm_axi_gmem6_ARREGION' of module 'ulp_datamover_outerloop_0_1_0' is unconnected for instance 'datamover_outerloop_0_1' [/scratch/hpc-prf-acgasm/beniel/ops-hls-batching-tiling-artifacts/codegen_apps/tiling/poisson2d/u280_project/maxtile_8192_p64/hls/build/hw/temp_dir/link/link/vivado/vpl/prj/prj.gen/my_rm/bd/ulp/synth/ulp.v:6589]
WARNING: [Synth 8-7071] port 'm_axi_gmem7_AWREGION' of module 'ulp_datamover_outerloop_0_1_0' is unconnected for instance 'datamover_outerloop_0_1' [/scratch/hpc-prf-acgasm/beniel/ops-hls-batching-tiling-artifacts/codegen_apps/tiling/poisson2d/u280_project/maxtile_8192_p64/hls/build/hw/temp_dir/link/link/vivado/vpl/prj/prj.gen/my_rm/bd/ulp/synth/ulp.v:6589]
WARNING: [Synth 8-7071] port 'm_axi_gmem7_WID' of module 'ulp_datamover_outerloop_0_1_0' is unconnected for instance 'datamover_outerloop_0_1' [/scratch/hpc-prf-acgasm/beniel/ops-hls-batching-tiling-artifacts/codegen_apps/tiling/poisson2d/u280_project/maxtile_8192_p64/hls/build/hw/temp_dir/link/link/vivado/vpl/prj/prj.gen/my_rm/bd/ulp/synth/ulp.v:6589]
WARNING: [Synth 8-7071] port 'm_axi_gmem7_ARREGION' of module 'ulp_datamover_outerloop_0_1_0' is unconnected for instance 'datamover_outerloop_0_1' [/scratch/hpc-prf-acgasm/beniel/ops-hls-batching-tiling-artifacts/codegen_apps/tiling/poisson2d/u280_project/maxtile_8192_p64/hls/build/hw/temp_dir/link/link/vivado/vpl/prj/prj.gen/my_rm/bd/ulp/synth/ulp.v:6589]
WARNING: [Synth 8-7071] port 'm_axi_gmem8_AWREGION' of module 'ulp_datamover_outerloop_0_1_0' is unconnected for instance 'datamover_outerloop_0_1' [/scratch/hpc-prf-acgasm/beniel/ops-hls-batching-tiling-artifacts/codegen_apps/tiling/poisson2d/u280_project/maxtile_8192_p64/hls/build/hw/temp_dir/link/link/vivado/vpl/prj/prj.gen/my_rm/bd/ulp/synth/ulp.v:6589]
WARNING: [Synth 8-7071] port 'm_axi_gmem8_WID' of module 'ulp_datamover_outerloop_0_1_0' is unconnected for instance 'datamover_outerloop_0_1' [/scratch/hpc-prf-acgasm/beniel/ops-hls-batching-tiling-artifacts/codegen_apps/tiling/poisson2d/u280_project/maxtile_8192_p64/hls/build/hw/temp_dir/link/link/vivado/vpl/prj/prj.gen/my_rm/bd/ulp/synth/ulp.v:6589]
WARNING: [Synth 8-7071] port 'm_axi_gmem8_ARREGION' of module 'ulp_datamover_outerloop_0_1_0' is unconnected for instance 'datamover_outerloop_0_1' [/scratch/hpc-prf-acgasm/beniel/ops-hls-batching-tiling-artifacts/codegen_apps/tiling/poisson2d/u280_project/maxtile_8192_p64/hls/build/hw/temp_dir/link/link/vivado/vpl/prj/prj.gen/my_rm/bd/ulp/synth/ulp.v:6589]
WARNING: [Synth 8-7071] port 'm_axi_gmem9_AWREGION' of module 'ulp_datamover_outerloop_0_1_0' is unconnected for instance 'datamover_outerloop_0_1' [/scratch/hpc-prf-acgasm/beniel/ops-hls-batching-tiling-artifacts/codegen_apps/tiling/poisson2d/u280_project/maxtile_8192_p64/hls/build/hw/temp_dir/link/link/vivado/vpl/prj/prj.gen/my_rm/bd/ulp/synth/ulp.v:6589]
WARNING: [Synth 8-7071] port 'm_axi_gmem9_WID' of module 'ulp_datamover_outerloop_0_1_0' is unconnected for instance 'datamover_outerloop_0_1' [/scratch/hpc-prf-acgasm/beniel/ops-hls-batching-tiling-artifacts/codegen_apps/tiling/poisson2d/u280_project/maxtile_8192_p64/hls/build/hw/temp_dir/link/link/vivado/vpl/prj/prj.gen/my_rm/bd/ulp/synth/ulp.v:6589]
WARNING: [Synth 8-7071] port 'm_axi_gmem9_ARREGION' of module 'ulp_datamover_outerloop_0_1_0' is unconnected for instance 'datamover_outerloop_0_1' [/scratch/hpc-prf-acgasm/beniel/ops-hls-batching-tiling-artifacts/codegen_apps/tiling/poisson2d/u280_project/maxtile_8192_p64/hls/build/hw/temp_dir/link/link/vivado/vpl/prj/prj.gen/my_rm/bd/ulp/synth/ulp.v:6589]
WARNING: [Synth 8-7071] port 'm_axi_gmem10_AWREGION' of module 'ulp_datamover_outerloop_0_1_0' is unconnected for instance 'datamover_outerloop_0_1' [/scratch/hpc-prf-acgasm/beniel/ops-hls-batching-tiling-artifacts/codegen_apps/tiling/poisson2d/u280_project/maxtile_8192_p64/hls/build/hw/temp_dir/link/link/vivado/vpl/prj/prj.gen/my_rm/bd/ulp/synth/ulp.v:6589]
WARNING: [Synth 8-7071] port 'm_axi_gmem10_WID' of module 'ulp_datamover_outerloop_0_1_0' is unconnected for instance 'datamover_outerloop_0_1' [/scratch/hpc-prf-acgasm/beniel/ops-hls-batching-tiling-artifacts/codegen_apps/tiling/poisson2d/u280_project/maxtile_8192_p64/hls/build/hw/temp_dir/link/link/vivado/vpl/prj/prj.gen/my_rm/bd/ulp/synth/ulp.v:6589]
WARNING: [Synth 8-7071] port 'm_axi_gmem10_ARREGION' of module 'ulp_datamover_outerloop_0_1_0' is unconnected for instance 'datamover_outerloop_0_1' [/scratch/hpc-prf-acgasm/beniel/ops-hls-batching-tiling-artifacts/codegen_apps/tiling/poisson2d/u280_project/maxtile_8192_p64/hls/build/hw/temp_dir/link/link/vivado/vpl/prj/prj.gen/my_rm/bd/ulp/synth/ulp.v:6589]
WARNING: [Synth 8-7071] port 'm_axi_gmem11_AWREGION' of module 'ulp_datamover_outerloop_0_1_0' is unconnected for instance 'datamover_outerloop_0_1' [/scratch/hpc-prf-acgasm/beniel/ops-hls-batching-tiling-artifacts/codegen_apps/tiling/poisson2d/u280_project/maxtile_8192_p64/hls/build/hw/temp_dir/link/link/vivado/vpl/prj/prj.gen/my_rm/bd/ulp/synth/ulp.v:6589]
WARNING: [Synth 8-7071] port 'm_axi_gmem11_WID' of module 'ulp_datamover_outerloop_0_1_0' is unconnected for instance 'datamover_outerloop_0_1' [/scratch/hpc-prf-acgasm/beniel/ops-hls-batching-tiling-artifacts/codegen_apps/tiling/poisson2d/u280_project/maxtile_8192_p64/hls/build/hw/temp_dir/link/link/vivado/vpl/prj/prj.gen/my_rm/bd/ulp/synth/ulp.v:6589]
WARNING: [Synth 8-7071] port 'm_axi_gmem11_ARREGION' of module 'ulp_datamover_outerloop_0_1_0' is unconnected for instance 'datamover_outerloop_0_1' [/scratch/hpc-prf-acgasm/beniel/ops-hls-batching-tiling-artifacts/codegen_apps/tiling/poisson2d/u280_project/maxtile_8192_p64/hls/build/hw/temp_dir/link/link/vivado/vpl/prj/prj.gen/my_rm/bd/ulp/synth/ulp.v:6589]
WARNING: [Synth 8-7071] port 'm_axi_gmem12_AWREGION' of module 'ulp_datamover_outerloop_0_1_0' is unconnected for instance 'datamover_outerloop_0_1' [/scratch/hpc-prf-acgasm/beniel/ops-hls-batching-tiling-artifacts/codegen_apps/tiling/poisson2d/u280_project/maxtile_8192_p64/hls/build/hw/temp_dir/link/link/vivado/vpl/prj/prj.gen/my_rm/bd/ulp/synth/ulp.v:6589]
WARNING: [Synth 8-7071] port 'm_axi_gmem12_WID' of module 'ulp_datamover_outerloop_0_1_0' is unconnected for instance 'datamover_outerloop_0_1' [/scratch/hpc-prf-acgasm/beniel/ops-hls-batching-tiling-artifacts/codegen_apps/tiling/poisson2d/u280_project/maxtile_8192_p64/hls/build/hw/temp_dir/link/link/vivado/vpl/prj/prj.gen/my_rm/bd/ulp/synth/ulp.v:6589]
WARNING: [Synth 8-7071] port 'm_axi_gmem12_ARREGION' of module 'ulp_datamover_outerloop_0_1_0' is unconnected for instance 'datamover_outerloop_0_1' [/scratch/hpc-prf-acgasm/beniel/ops-hls-batching-tiling-artifacts/codegen_apps/tiling/poisson2d/u280_project/maxtile_8192_p64/hls/build/hw/temp_dir/link/link/vivado/vpl/prj/prj.gen/my_rm/bd/ulp/synth/ulp.v:6589]
WARNING: [Synth 8-7071] port 'm_axi_gmem13_AWREGION' of module 'ulp_datamover_outerloop_0_1_0' is unconnected for instance 'datamover_outerloop_0_1' [/scratch/hpc-prf-acgasm/beniel/ops-hls-batching-tiling-artifacts/codegen_apps/tiling/poisson2d/u280_project/maxtile_8192_p64/hls/build/hw/temp_dir/link/link/vivado/vpl/prj/prj.gen/my_rm/bd/ulp/synth/ulp.v:6589]
WARNING: [Synth 8-7071] port 'm_axi_gmem13_WID' of module 'ulp_datamover_outerloop_0_1_0' is unconnected for instance 'datamover_outerloop_0_1' [/scratch/hpc-prf-acgasm/beniel/ops-hls-batching-tiling-artifacts/codegen_apps/tiling/poisson2d/u280_project/maxtile_8192_p64/hls/build/hw/temp_dir/link/link/vivado/vpl/prj/prj.gen/my_rm/bd/ulp/synth/ulp.v:6589]
WARNING: [Synth 8-7071] port 'm_axi_gmem13_ARREGION' of module 'ulp_datamover_outerloop_0_1_0' is unconnected for instance 'datamover_outerloop_0_1' [/scratch/hpc-prf-acgasm/beniel/ops-hls-batching-tiling-artifacts/codegen_apps/tiling/poisson2d/u280_project/maxtile_8192_p64/hls/build/hw/temp_dir/link/link/vivado/vpl/prj/prj.gen/my_rm/bd/ulp/synth/ulp.v:6589]
WARNING: [Synth 8-7071] port 'm_axi_gmem14_AWREGION' of module 'ulp_datamover_outerloop_0_1_0' is unconnected for instance 'datamover_outerloop_0_1' [/scratch/hpc-prf-acgasm/beniel/ops-hls-batching-tiling-artifacts/codegen_apps/tiling/poisson2d/u280_project/maxtile_8192_p64/hls/build/hw/temp_dir/link/link/vivado/vpl/prj/prj.gen/my_rm/bd/ulp/synth/ulp.v:6589]
WARNING: [Synth 8-7071] port 'm_axi_gmem14_WID' of module 'ulp_datamover_outerloop_0_1_0' is unconnected for instance 'datamover_outerloop_0_1' [/scratch/hpc-prf-acgasm/beniel/ops-hls-batching-tiling-artifacts/codegen_apps/tiling/poisson2d/u280_project/maxtile_8192_p64/hls/build/hw/temp_dir/link/link/vivado/vpl/prj/prj.gen/my_rm/bd/ulp/synth/ulp.v:6589]
WARNING: [Synth 8-7071] port 'm_axi_gmem14_ARREGION' of module 'ulp_datamover_outerloop_0_1_0' is unconnected for instance 'datamover_outerloop_0_1' [/scratch/hpc-prf-acgasm/beniel/ops-hls-batching-tiling-artifacts/codegen_apps/tiling/poisson2d/u280_project/maxtile_8192_p64/hls/build/hw/temp_dir/link/link/vivado/vpl/prj/prj.gen/my_rm/bd/ulp/synth/ulp.v:6589]
WARNING: [Synth 8-7071] port 'm_axi_gmem15_AWREGION' of module 'ulp_datamover_outerloop_0_1_0' is unconnected for instance 'datamover_outerloop_0_1' [/scratch/hpc-prf-acgasm/beniel/ops-hls-batching-tiling-artifacts/codegen_apps/tiling/poisson2d/u280_project/maxtile_8192_p64/hls/build/hw/temp_dir/link/link/vivado/vpl/prj/prj.gen/my_rm/bd/ulp/synth/ulp.v:6589]
WARNING: [Synth 8-7071] port 'm_axi_gmem15_WID' of module 'ulp_datamover_outerloop_0_1_0' is unconnected for instance 'datamover_outerloop_0_1' [/scratch/hpc-prf-acgasm/beniel/ops-hls-batching-tiling-artifacts/codegen_apps/tiling/poisson2d/u280_project/maxtile_8192_p64/hls/build/hw/temp_dir/link/link/vivado/vpl/prj/prj.gen/my_rm/bd/ulp/synth/ulp.v:6589]
WARNING: [Synth 8-7071] port 'm_axi_gmem15_ARREGION' of module 'ulp_datamover_outerloop_0_1_0' is unconnected for instance 'datamover_outerloop_0_1' [/scratch/hpc-prf-acgasm/beniel/ops-hls-batching-tiling-artifacts/codegen_apps/tiling/poisson2d/u280_project/maxtile_8192_p64/hls/build/hw/temp_dir/link/link/vivado/vpl/prj/prj.gen/my_rm/bd/ulp/synth/ulp.v:6589]
WARNING: [Synth 8-7023] instance 'datamover_outerloop_0_1' of module 'ulp_datamover_outerloop_0_1_0' has 672 connections declared, but only 624 given [/scratch/hpc-prf-acgasm/beniel/ops-hls-batching-tiling-artifacts/codegen_apps/tiling/poisson2d/u280_project/maxtile_8192_p64/hls/build/hw/temp_dir/link/link/vivado/vpl/prj/prj.gen/my_rm/bd/ulp/synth/ulp.v:6589]
INFO: [Synth 8-6157] synthesizing module 'ulp_hmss_0_0' [/scratch/hpc-prf-acgasm/beniel/ops-hls-batching-tiling-artifacts/codegen_apps/tiling/poisson2d/u280_project/maxtile_8192_p64/hls/build/hw/temp_dir/link/link/vivado/vpl/prj/prj.runs/my_rm_synth_1/.Xil/Vivado-527882-n2cn0301.ab2021.local/realtime/ulp_hmss_0_0_stub.v:5]
INFO: [Synth 8-6155] done synthesizing module 'ulp_hmss_0_0' (0#1) [/scratch/hpc-prf-acgasm/beniel/ops-hls-batching-tiling-artifacts/codegen_apps/tiling/poisson2d/u280_project/maxtile_8192_p64/hls/build/hw/temp_dir/link/link/vivado/vpl/prj/prj.runs/my_rm_synth_1/.Xil/Vivado-527882-n2cn0301.ab2021.local/realtime/ulp_hmss_0_0_stub.v:5]
INFO: [Synth 8-6157] synthesizing module 'ulp_ii_level0_wire_0' [/scratch/hpc-prf-acgasm/beniel/ops-hls-batching-tiling-artifacts/codegen_apps/tiling/poisson2d/u280_project/maxtile_8192_p64/hls/build/hw/temp_dir/link/link/vivado/vpl/prj/prj.runs/my_rm_synth_1/.Xil/Vivado-527882-n2cn0301.ab2021.local/realtime/ulp_ii_level0_wire_0_stub.v:5]
INFO: [Synth 8-6155] done synthesizing module 'ulp_ii_level0_wire_0' (0#1) [/scratch/hpc-prf-acgasm/beniel/ops-hls-batching-tiling-artifacts/codegen_apps/tiling/poisson2d/u280_project/maxtile_8192_p64/hls/build/hw/temp_dir/link/link/vivado/vpl/prj/prj.runs/my_rm_synth_1/.Xil/Vivado-527882-n2cn0301.ab2021.local/realtime/ulp_ii_level0_wire_0_stub.v:5]
WARNING: [Synth 8-7071] port 'ULP_M_AXI_CTRL_MGMT_00_arprot' of module 'ulp_ii_level0_wire_0' is unconnected for instance 'ii_level0_wire' [/scratch/hpc-prf-acgasm/beniel/ops-hls-batching-tiling-artifacts/codegen_apps/tiling/poisson2d/u280_project/maxtile_8192_p64/hls/build/hw/temp_dir/link/link/vivado/vpl/prj/prj.gen/my_rm/bd/ulp/synth/ulp.v:7873]
WARNING: [Synth 8-7071] port 'ULP_M_AXI_CTRL_MGMT_00_awprot' of module 'ulp_ii_level0_wire_0' is unconnected for instance 'ii_level0_wire' [/scratch/hpc-prf-acgasm/beniel/ops-hls-batching-tiling-artifacts/codegen_apps/tiling/poisson2d/u280_project/maxtile_8192_p64/hls/build/hw/temp_dir/link/link/vivado/vpl/prj/prj.gen/my_rm/bd/ulp/synth/ulp.v:7873]
WARNING: [Synth 8-7071] port 'ULP_M_AXI_CTRL_MGMT_00_wstrb' of module 'ulp_ii_level0_wire_0' is unconnected for instance 'ii_level0_wire' [/scratch/hpc-prf-acgasm/beniel/ops-hls-batching-tiling-artifacts/codegen_apps/tiling/poisson2d/u280_project/maxtile_8192_p64/hls/build/hw/temp_dir/link/link/vivado/vpl/prj/prj.gen/my_rm/bd/ulp/synth/ulp.v:7873]
WARNING: [Synth 8-7071] port 'ULP_S_AXI_DATA_C2H_00_arready' of module 'ulp_ii_level0_wire_0' is unconnected for instance 'ii_level0_wire' [/scratch/hpc-prf-acgasm/beniel/ops-hls-batching-tiling-artifacts/codegen_apps/tiling/poisson2d/u280_project/maxtile_8192_p64/hls/build/hw/temp_dir/link/link/vivado/vpl/prj/prj.gen/my_rm/bd/ulp/synth/ulp.v:7873]
WARNING: [Synth 8-7071] port 'ULP_S_AXI_DATA_C2H_00_awready' of module 'ulp_ii_level0_wire_0' is unconnected for instance 'ii_level0_wire' [/scratch/hpc-prf-acgasm/beniel/ops-hls-batching-tiling-artifacts/codegen_apps/tiling/poisson2d/u280_project/maxtile_8192_p64/hls/build/hw/temp_dir/link/link/vivado/vpl/prj/prj.gen/my_rm/bd/ulp/synth/ulp.v:7873]
INFO: [Common 17-14] Message 'Synth 8-7071' appears 100 times and further instances of the messages will be disabled. Use the Tcl command set_msg_config to change the current settings.
WARNING: [Synth 8-7023] instance 'ii_level0_wire' of module 'ulp_ii_level0_wire_0' has 354 connections declared, but only 340 given [/scratch/hpc-prf-acgasm/beniel/ops-hls-batching-tiling-artifacts/codegen_apps/tiling/poisson2d/u280_project/maxtile_8192_p64/hls/build/hw/temp_dir/link/link/vivado/vpl/prj/prj.gen/my_rm/bd/ulp/synth/ulp.v:7873]
INFO: [Synth 8-6157] synthesizing module 'ulp_ii_level0_wire_ulp_s_irq_cu_00_1_interrupt_concat_0' [/scratch/hpc-prf-acgasm/beniel/ops-hls-batching-tiling-artifacts/codegen_apps/tiling/poisson2d/u280_project/maxtile_8192_p64/hls/build/hw/temp_dir/link/link/vivado/vpl/prj/prj.gen/my_rm/bd/ulp/ip/ulp_ii_level0_wire_ulp_s_irq_cu_00_1_interrupt_concat_0/synth/ulp_ii_level0_wire_ulp_s_irq_cu_00_1_interrupt_concat_0.v:53]
INFO: [Synth 8-6157] synthesizing module 'xlconcat_v2_1_4_xlconcat' [/scratch/hpc-prf-acgasm/beniel/ops-hls-batching-tiling-artifacts/codegen_apps/tiling/poisson2d/u280_project/maxtile_8192_p64/hls/build/hw/temp_dir/link/link/vivado/vpl/prj/prj.gen/my_rm/bd/ulp/ipshared/4b67/hdl/xlconcat_v2_1_vl_rfs.v:14]
INFO: [Synth 8-6155] done synthesizing module 'xlconcat_v2_1_4_xlconcat' (0#1) [/scratch/hpc-prf-acgasm/beniel/ops-hls-batching-tiling-artifacts/codegen_apps/tiling/poisson2d/u280_project/maxtile_8192_p64/hls/build/hw/temp_dir/link/link/vivado/vpl/prj/prj.gen/my_rm/bd/ulp/ipshared/4b67/hdl/xlconcat_v2_1_vl_rfs.v:14]
INFO: [Synth 8-6155] done synthesizing module 'ulp_ii_level0_wire_ulp_s_irq_cu_00_1_interrupt_concat_0' (0#1) [/scratch/hpc-prf-acgasm/beniel/ops-hls-batching-tiling-artifacts/codegen_apps/tiling/poisson2d/u280_project/maxtile_8192_p64/hls/build/hw/temp_dir/link/link/vivado/vpl/prj/prj.gen/my_rm/bd/ulp/ip/ulp_ii_level0_wire_ulp_s_irq_cu_00_1_interrupt_concat_0/synth/ulp_ii_level0_wire_ulp_s_irq_cu_00_1_interrupt_concat_0.v:53]
INFO: [Synth 8-6157] synthesizing module 'ulp_ii_level0_wire_ulp_s_irq_cu_00_1_interrupt_concat_0_0' [/scratch/hpc-prf-acgasm/beniel/ops-hls-batching-tiling-artifacts/codegen_apps/tiling/poisson2d/u280_project/maxtile_8192_p64/hls/build/hw/temp_dir/link/link/vivado/vpl/prj/prj.gen/my_rm/bd/ulp/ip/ulp_ii_level0_wire_ulp_s_irq_cu_00_1_interrupt_concat_0_0/synth/ulp_ii_level0_wire_ulp_s_irq_cu_00_1_interrupt_concat_0_0.v:53]
INFO: [Synth 8-6157] synthesizing module 'xlconcat_v2_1_4_xlconcat__parameterized0' [/scratch/hpc-prf-acgasm/beniel/ops-hls-batching-tiling-artifacts/codegen_apps/tiling/poisson2d/u280_project/maxtile_8192_p64/hls/build/hw/temp_dir/link/link/vivado/vpl/prj/prj.gen/my_rm/bd/ulp/ipshared/4b67/hdl/xlconcat_v2_1_vl_rfs.v:14]
INFO: [Synth 8-6155] done synthesizing module 'xlconcat_v2_1_4_xlconcat__parameterized0' (0#1) [/scratch/hpc-prf-acgasm/beniel/ops-hls-batching-tiling-artifacts/codegen_apps/tiling/poisson2d/u280_project/maxtile_8192_p64/hls/build/hw/temp_dir/link/link/vivado/vpl/prj/prj.gen/my_rm/bd/ulp/ipshared/4b67/hdl/xlconcat_v2_1_vl_rfs.v:14]
INFO: [Synth 8-6155] done synthesizing module 'ulp_ii_level0_wire_ulp_s_irq_cu_00_1_interrupt_concat_0_0' (0#1) [/scratch/hpc-prf-acgasm/beniel/ops-hls-batching-tiling-artifacts/codegen_apps/tiling/poisson2d/u280_project/maxtile_8192_p64/hls/build/hw/temp_dir/link/link/vivado/vpl/prj/prj.gen/my_rm/bd/ulp/ip/ulp_ii_level0_wire_ulp_s_irq_cu_00_1_interrupt_concat_0_0/synth/ulp_ii_level0_wire_ulp_s_irq_cu_00_1_interrupt_concat_0_0.v:53]
INFO: [Synth 8-6157] synthesizing module 'ulp_ii_level0_wire_ulp_s_irq_cu_00_1_interrupt_concat_1_0' [/scratch/hpc-prf-acgasm/beniel/ops-hls-batching-tiling-artifacts/codegen_apps/tiling/poisson2d/u280_project/maxtile_8192_p64/hls/build/hw/temp_dir/link/link/vivado/vpl/prj/prj.gen/my_rm/bd/ulp/ip/ulp_ii_level0_wire_ulp_s_irq_cu_00_1_interrupt_concat_1_0/synth/ulp_ii_level0_wire_ulp_s_irq_cu_00_1_interrupt_concat_1_0.v:53]
INFO: [Synth 8-6155] done synthesizing module 'ulp_ii_level0_wire_ulp_s_irq_cu_00_1_interrupt_concat_1_0' (0#1) [/scratch/hpc-prf-acgasm/beniel/ops-hls-batching-tiling-artifacts/codegen_apps/tiling/poisson2d/u280_project/maxtile_8192_p64/hls/build/hw/temp_dir/link/link/vivado/vpl/prj/prj.gen/my_rm/bd/ulp/ip/ulp_ii_level0_wire_ulp_s_irq_cu_00_1_interrupt_concat_1_0/synth/ulp_ii_level0_wire_ulp_s_irq_cu_00_1_interrupt_concat_1_0.v:53]
INFO: [Synth 8-6157] synthesizing module 'ulp_ii_level0_wire_ulp_s_irq_cu_00_1_interrupt_concat_2_0' [/scratch/hpc-prf-acgasm/beniel/ops-hls-batching-tiling-artifacts/codegen_apps/tiling/poisson2d/u280_project/maxtile_8192_p64/hls/build/hw/temp_dir/link/link/vivado/vpl/prj/prj.gen/my_rm/bd/ulp/ip/ulp_ii_level0_wire_ulp_s_irq_cu_00_1_interrupt_concat_2_0/synth/ulp_ii_level0_wire_ulp_s_irq_cu_00_1_interrupt_concat_2_0.v:53]
INFO: [Synth 8-6155] done synthesizing module 'ulp_ii_level0_wire_ulp_s_irq_cu_00_1_interrupt_concat_2_0' (0#1) [/scratch/hpc-prf-acgasm/beniel/ops-hls-batching-tiling-artifacts/codegen_apps/tiling/poisson2d/u280_project/maxtile_8192_p64/hls/build/hw/temp_dir/link/link/vivado/vpl/prj/prj.gen/my_rm/bd/ulp/ip/ulp_ii_level0_wire_ulp_s_irq_cu_00_1_interrupt_concat_2_0/synth/ulp_ii_level0_wire_ulp_s_irq_cu_00_1_interrupt_concat_2_0.v:53]
INFO: [Synth 8-6157] synthesizing module 'ulp_ii_level0_wire_ulp_s_irq_cu_00_1_interrupt_concat_3_0' [/scratch/hpc-prf-acgasm/beniel/ops-hls-batching-tiling-artifacts/codegen_apps/tiling/poisson2d/u280_project/maxtile_8192_p64/hls/build/hw/temp_dir/link/link/vivado/vpl/prj/prj.gen/my_rm/bd/ulp/ip/ulp_ii_level0_wire_ulp_s_irq_cu_00_1_interrupt_concat_3_0/synth/ulp_ii_level0_wire_ulp_s_irq_cu_00_1_interrupt_concat_3_0.v:53]
INFO: [Synth 8-6155] done synthesizing module 'ulp_ii_level0_wire_ulp_s_irq_cu_00_1_interrupt_concat_3_0' (0#1) [/scratch/hpc-prf-acgasm/beniel/ops-hls-batching-tiling-artifacts/codegen_apps/tiling/poisson2d/u280_project/maxtile_8192_p64/hls/build/hw/temp_dir/link/link/vivado/vpl/prj/prj.gen/my_rm/bd/ulp/ip/ulp_ii_level0_wire_ulp_s_irq_cu_00_1_interrupt_concat_3_0/synth/ulp_ii_level0_wire_ulp_s_irq_cu_00_1_interrupt_concat_3_0.v:53]
INFO: [Synth 8-6157] synthesizing module 'ulp_irq_const_tieoff_0' [/scratch/hpc-prf-acgasm/beniel/ops-hls-batching-tiling-artifacts/codegen_apps/tiling/poisson2d/u280_project/maxtile_8192_p64/hls/build/hw/temp_dir/link/link/vivado/vpl/prj/prj.gen/my_rm/bd/ulp/ip/ulp_irq_const_tieoff_0/synth/ulp_irq_const_tieoff_0.v:53]
INFO: [Synth 8-6157] synthesizing module 'xlconstant_v1_1_7_xlconstant' [/scratch/hpc-prf-acgasm/beniel/ops-hls-batching-tiling-artifacts/codegen_apps/tiling/poisson2d/u280_project/maxtile_8192_p64/hls/build/hw/temp_dir/link/link/vivado/vpl/prj/prj.gen/my_rm/bd/ulp/ipshared/badb/hdl/xlconstant_v1_1_vl_rfs.v:23]
INFO: [Synth 8-6155] done synthesizing module 'xlconstant_v1_1_7_xlconstant' (0#1) [/scratch/hpc-prf-acgasm/beniel/ops-hls-batching-tiling-artifacts/codegen_apps/tiling/poisson2d/u280_project/maxtile_8192_p64/hls/build/hw/temp_dir/link/link/vivado/vpl/prj/prj.gen/my_rm/bd/ulp/ipshared/badb/hdl/xlconstant_v1_1_vl_rfs.v:23]
INFO: [Synth 8-6155] done synthesizing module 'ulp_irq_const_tieoff_0' (0#1) [/scratch/hpc-prf-acgasm/beniel/ops-hls-batching-tiling-artifacts/codegen_apps/tiling/poisson2d/u280_project/maxtile_8192_p64/hls/build/hw/temp_dir/link/link/vivado/vpl/prj/prj.gen/my_rm/bd/ulp/ip/ulp_irq_const_tieoff_0/synth/ulp_irq_const_tieoff_0.v:53]
INFO: [Synth 8-6157] synthesizing module 'ulp_kernel_outerloop_inst_0_1_0' [/scratch/hpc-prf-acgasm/beniel/ops-hls-batching-tiling-artifacts/codegen_apps/tiling/poisson2d/u280_project/maxtile_8192_p64/hls/build/hw/temp_dir/link/link/vivado/vpl/prj/prj.runs/my_rm_synth_1/.Xil/Vivado-527882-n2cn0301.ab2021.local/realtime/ulp_kernel_outerloop_inst_0_1_0_stub.v:5]
INFO: [Synth 8-6155] done synthesizing module 'ulp_kernel_outerloop_inst_0_1_0' (0#1) [/scratch/hpc-prf-acgasm/beniel/ops-hls-batching-tiling-artifacts/codegen_apps/tiling/poisson2d/u280_project/maxtile_8192_p64/hls/build/hw/temp_dir/link/link/vivado/vpl/prj/prj.runs/my_rm_synth_1/.Xil/Vivado-527882-n2cn0301.ab2021.local/realtime/ulp_kernel_outerloop_inst_0_1_0_stub.v:5]
INFO: [Synth 8-6157] synthesizing module 'ulp_kernel_outerloop_inst_0_2_0' [/scratch/hpc-prf-acgasm/beniel/ops-hls-batching-tiling-artifacts/codegen_apps/tiling/poisson2d/u280_project/maxtile_8192_p64/hls/build/hw/temp_dir/link/link/vivado/vpl/prj/prj.runs/my_rm_synth_1/.Xil/Vivado-527882-n2cn0301.ab2021.local/realtime/ulp_kernel_outerloop_inst_0_2_0_stub.v:5]
INFO: [Synth 8-6155] done synthesizing module 'ulp_kernel_outerloop_inst_0_2_0' (0#1) [/scratch/hpc-prf-acgasm/beniel/ops-hls-batching-tiling-artifacts/codegen_apps/tiling/poisson2d/u280_project/maxtile_8192_p64/hls/build/hw/temp_dir/link/link/vivado/vpl/prj/prj.runs/my_rm_synth_1/.Xil/Vivado-527882-n2cn0301.ab2021.local/realtime/ulp_kernel_outerloop_inst_0_2_0_stub.v:5]
INFO: [Synth 8-6157] synthesizing module 'ulp_kernel_outerloop_inst_0_3_0' [/scratch/hpc-prf-acgasm/beniel/ops-hls-batching-tiling-artifacts/codegen_apps/tiling/poisson2d/u280_project/maxtile_8192_p64/hls/build/hw/temp_dir/link/link/vivado/vpl/prj/prj.runs/my_rm_synth_1/.Xil/Vivado-527882-n2cn0301.ab2021.local/realtime/ulp_kernel_outerloop_inst_0_3_0_stub.v:5]
INFO: [Synth 8-6155] done synthesizing module 'ulp_kernel_outerloop_inst_0_3_0' (0#1) [/scratch/hpc-prf-acgasm/beniel/ops-hls-batching-tiling-artifacts/codegen_apps/tiling/poisson2d/u280_project/maxtile_8192_p64/hls/build/hw/temp_dir/link/link/vivado/vpl/prj/prj.runs/my_rm_synth_1/.Xil/Vivado-527882-n2cn0301.ab2021.local/realtime/ulp_kernel_outerloop_inst_0_3_0_stub.v:5]
INFO: [Synth 8-6157] synthesizing module 'ulp_proc_sys_reset_ctrl_slr0_0' [/scratch/hpc-prf-acgasm/beniel/ops-hls-batching-tiling-artifacts/codegen_apps/tiling/poisson2d/u280_project/maxtile_8192_p64/hls/build/hw/temp_dir/link/link/vivado/vpl/prj/prj.runs/my_rm_synth_1/.Xil/Vivado-527882-n2cn0301.ab2021.local/realtime/ulp_proc_sys_reset_ctrl_slr0_0_stub.v:5]
INFO: [Synth 8-6155] done synthesizing module 'ulp_proc_sys_reset_ctrl_slr0_0' (0#1) [/scratch/hpc-prf-acgasm/beniel/ops-hls-batching-tiling-artifacts/codegen_apps/tiling/poisson2d/u280_project/maxtile_8192_p64/hls/build/hw/temp_dir/link/link/vivado/vpl/prj/prj.runs/my_rm_synth_1/.Xil/Vivado-527882-n2cn0301.ab2021.local/realtime/ulp_proc_sys_reset_ctrl_slr0_0_stub.v:5]
WARNING: [Synth 8-7023] instance 'proc_sys_reset_ctrl_slr0' of module 'ulp_proc_sys_reset_ctrl_slr0_0' has 10 connections declared, but only 6 given [/scratch/hpc-prf-acgasm/beniel/ops-hls-batching-tiling-artifacts/codegen_apps/tiling/poisson2d/u280_project/maxtile_8192_p64/hls/build/hw/temp_dir/link/link/vivado/vpl/prj/prj.gen/my_rm/bd/ulp/synth/ulp.v:8457]
INFO: [Synth 8-6157] synthesizing module 'ulp_proc_sys_reset_ctrl_slr1_0' [/scratch/hpc-prf-acgasm/beniel/ops-hls-batching-tiling-artifacts/codegen_apps/tiling/poisson2d/u280_project/maxtile_8192_p64/hls/build/hw/temp_dir/link/link/vivado/vpl/prj/prj.runs/my_rm_synth_1/.Xil/Vivado-527882-n2cn0301.ab2021.local/realtime/ulp_proc_sys_reset_ctrl_slr1_0_stub.v:5]
INFO: [Synth 8-6155] done synthesizing module 'ulp_proc_sys_reset_ctrl_slr1_0' (0#1) [/scratch/hpc-prf-acgasm/beniel/ops-hls-batching-tiling-artifacts/codegen_apps/tiling/poisson2d/u280_project/maxtile_8192_p64/hls/build/hw/temp_dir/link/link/vivado/vpl/prj/prj.runs/my_rm_synth_1/.Xil/Vivado-527882-n2cn0301.ab2021.local/realtime/ulp_proc_sys_reset_ctrl_slr1_0_stub.v:5]
WARNING: [Synth 8-7023] instance 'proc_sys_reset_ctrl_slr1' of module 'ulp_proc_sys_reset_ctrl_slr1_0' has 10 connections declared, but only 7 given [/scratch/hpc-prf-acgasm/beniel/ops-hls-batching-tiling-artifacts/codegen_apps/tiling/poisson2d/u280_project/maxtile_8192_p64/hls/build/hw/temp_dir/link/link/vivado/vpl/prj/prj.gen/my_rm/bd/ulp/synth/ulp.v:8464]
INFO: [Synth 8-6157] synthesizing module 'ulp_proc_sys_reset_ctrl_slr2_0' [/scratch/hpc-prf-acgasm/beniel/ops-hls-batching-tiling-artifacts/codegen_apps/tiling/poisson2d/u280_project/maxtile_8192_p64/hls/build/hw/temp_dir/link/link/vivado/vpl/prj/prj.runs/my_rm_synth_1/.Xil/Vivado-527882-n2cn0301.ab2021.local/realtime/ulp_proc_sys_reset_ctrl_slr2_0_stub.v:5]
INFO: [Synth 8-6155] done synthesizing module 'ulp_proc_sys_reset_ctrl_slr2_0' (0#1) [/scratch/hpc-prf-acgasm/beniel/ops-hls-batching-tiling-artifacts/codegen_apps/tiling/poisson2d/u280_project/maxtile_8192_p64/hls/build/hw/temp_dir/link/link/vivado/vpl/prj/prj.runs/my_rm_synth_1/.Xil/Vivado-527882-n2cn0301.ab2021.local/realtime/ulp_proc_sys_reset_ctrl_slr2_0_stub.v:5]
WARNING: [Synth 8-7023] instance 'proc_sys_reset_ctrl_slr2' of module 'ulp_proc_sys_reset_ctrl_slr2_0' has 10 connections declared, but only 7 given [/scratch/hpc-prf-acgasm/beniel/ops-hls-batching-tiling-artifacts/codegen_apps/tiling/poisson2d/u280_project/maxtile_8192_p64/hls/build/hw/temp_dir/link/link/vivado/vpl/prj/prj.gen/my_rm/bd/ulp/synth/ulp.v:8472]
WARNING: [Synth 8-4446] all outputs are unconnected for this instance and logic may be removed [/scratch/hpc-prf-acgasm/beniel/ops-hls-batching-tiling-artifacts/codegen_apps/tiling/poisson2d/u280_project/maxtile_8192_p64/hls/build/hw/temp_dir/link/link/vivado/vpl/prj/prj.gen/my_rm/bd/ulp/synth/ulp.v:8480]
INFO: [Synth 8-6157] synthesizing module 'ulp_proc_sys_reset_freerun_slr0_0' [/scratch/hpc-prf-acgasm/beniel/ops-hls-batching-tiling-artifacts/codegen_apps/tiling/poisson2d/u280_project/maxtile_8192_p64/hls/build/hw/temp_dir/link/link/vivado/vpl/prj/prj.runs/my_rm_synth_1/.Xil/Vivado-527882-n2cn0301.ab2021.local/realtime/ulp_proc_sys_reset_freerun_slr0_0_stub.v:5]
INFO: [Synth 8-6155] done synthesizing module 'ulp_proc_sys_reset_freerun_slr0_0' (0#1) [/scratch/hpc-prf-acgasm/beniel/ops-hls-batching-tiling-artifacts/codegen_apps/tiling/poisson2d/u280_project/maxtile_8192_p64/hls/build/hw/temp_dir/link/link/vivado/vpl/prj/prj.runs/my_rm_synth_1/.Xil/Vivado-527882-n2cn0301.ab2021.local/realtime/ulp_proc_sys_reset_freerun_slr0_0_stub.v:5]
WARNING: [Synth 8-7023] instance 'proc_sys_reset_freerun_slr0' of module 'ulp_proc_sys_reset_freerun_slr0_0' has 10 connections declared, but only 5 given [/scratch/hpc-prf-acgasm/beniel/ops-hls-batching-tiling-artifacts/codegen_apps/tiling/poisson2d/u280_project/maxtile_8192_p64/hls/build/hw/temp_dir/link/link/vivado/vpl/prj/prj.gen/my_rm/bd/ulp/synth/ulp.v:8480]
WARNING: [Synth 8-4446] all outputs are unconnected for this instance and logic may be removed [/scratch/hpc-prf-acgasm/beniel/ops-hls-batching-tiling-artifacts/codegen_apps/tiling/poisson2d/u280_project/maxtile_8192_p64/hls/build/hw/temp_dir/link/link/vivado/vpl/prj/prj.gen/my_rm/bd/ulp/synth/ulp.v:8486]
INFO: [Synth 8-6157] synthesizing module 'ulp_proc_sys_reset_freerun_slr1_0' [/scratch/hpc-prf-acgasm/beniel/ops-hls-batching-tiling-artifacts/codegen_apps/tiling/poisson2d/u280_project/maxtile_8192_p64/hls/build/hw/temp_dir/link/link/vivado/vpl/prj/prj.runs/my_rm_synth_1/.Xil/Vivado-527882-n2cn0301.ab2021.local/realtime/ulp_proc_sys_reset_freerun_slr1_0_stub.v:5]
INFO: [Synth 8-6155] done synthesizing module 'ulp_proc_sys_reset_freerun_slr1_0' (0#1) [/scratch/hpc-prf-acgasm/beniel/ops-hls-batching-tiling-artifacts/codegen_apps/tiling/poisson2d/u280_project/maxtile_8192_p64/hls/build/hw/temp_dir/link/link/vivado/vpl/prj/prj.runs/my_rm_synth_1/.Xil/Vivado-527882-n2cn0301.ab2021.local/realtime/ulp_proc_sys_reset_freerun_slr1_0_stub.v:5]
WARNING: [Synth 8-7023] instance 'proc_sys_reset_freerun_slr1' of module 'ulp_proc_sys_reset_freerun_slr1_0' has 10 connections declared, but only 5 given [/scratch/hpc-prf-acgasm/beniel/ops-hls-batching-tiling-artifacts/codegen_apps/tiling/poisson2d/u280_project/maxtile_8192_p64/hls/build/hw/temp_dir/link/link/vivado/vpl/prj/prj.gen/my_rm/bd/ulp/synth/ulp.v:8486]
WARNING: [Synth 8-4446] all outputs are unconnected for this instance and logic may be removed [/scratch/hpc-prf-acgasm/beniel/ops-hls-batching-tiling-artifacts/codegen_apps/tiling/poisson2d/u280_project/maxtile_8192_p64/hls/build/hw/temp_dir/link/link/vivado/vpl/prj/prj.gen/my_rm/bd/ulp/synth/ulp.v:8492]
INFO: [Synth 8-6157] synthesizing module 'ulp_proc_sys_reset_freerun_slr2_0' [/scratch/hpc-prf-acgasm/beniel/ops-hls-batching-tiling-artifacts/codegen_apps/tiling/poisson2d/u280_project/maxtile_8192_p64/hls/build/hw/temp_dir/link/link/vivado/vpl/prj/prj.runs/my_rm_synth_1/.Xil/Vivado-527882-n2cn0301.ab2021.local/realtime/ulp_proc_sys_reset_freerun_slr2_0_stub.v:5]
INFO: [Synth 8-6155] done synthesizing module 'ulp_proc_sys_reset_freerun_slr2_0' (0#1) [/scratch/hpc-prf-acgasm/beniel/ops-hls-batching-tiling-artifacts/codegen_apps/tiling/poisson2d/u280_project/maxtile_8192_p64/hls/build/hw/temp_dir/link/link/vivado/vpl/prj/prj.runs/my_rm_synth_1/.Xil/Vivado-527882-n2cn0301.ab2021.local/realtime/ulp_proc_sys_reset_freerun_slr2_0_stub.v:5]
WARNING: [Synth 8-7023] instance 'proc_sys_reset_freerun_slr2' of module 'ulp_proc_sys_reset_freerun_slr2_0' has 10 connections declared, but only 5 given [/scratch/hpc-prf-acgasm/beniel/ops-hls-batching-tiling-artifacts/codegen_apps/tiling/poisson2d/u280_project/maxtile_8192_p64/hls/build/hw/temp_dir/link/link/vivado/vpl/prj/prj.gen/my_rm/bd/ulp/synth/ulp.v:8492]
INFO: [Synth 8-6157] synthesizing module 'ulp_proc_sys_reset_kernel2_slr0_0' [/scratch/hpc-prf-acgasm/beniel/ops-hls-batching-tiling-artifacts/codegen_apps/tiling/poisson2d/u280_project/maxtile_8192_p64/hls/build/hw/temp_dir/link/link/vivado/vpl/prj/prj.runs/my_rm_synth_1/.Xil/Vivado-527882-n2cn0301.ab2021.local/realtime/ulp_proc_sys_reset_kernel2_slr0_0_stub.v:5]
INFO: [Synth 8-6155] done synthesizing module 'ulp_proc_sys_reset_kernel2_slr0_0' (0#1) [/scratch/hpc-prf-acgasm/beniel/ops-hls-batching-tiling-artifacts/codegen_apps/tiling/poisson2d/u280_project/maxtile_8192_p64/hls/build/hw/temp_dir/link/link/vivado/vpl/prj/prj.runs/my_rm_synth_1/.Xil/Vivado-527882-n2cn0301.ab2021.local/realtime/ulp_proc_sys_reset_kernel2_slr0_0_stub.v:5]
WARNING: [Synth 8-7023] instance 'proc_sys_reset_kernel2_slr0' of module 'ulp_proc_sys_reset_kernel2_slr0_0' has 10 connections declared, but only 6 given [/scratch/hpc-prf-acgasm/beniel/ops-hls-batching-tiling-artifacts/codegen_apps/tiling/poisson2d/u280_project/maxtile_8192_p64/hls/build/hw/temp_dir/link/link/vivado/vpl/prj/prj.gen/my_rm/bd/ulp/synth/ulp.v:8498]
INFO: [Synth 8-6157] synthesizing module 'ulp_proc_sys_reset_kernel2_slr1_0' [/scratch/hpc-prf-acgasm/beniel/ops-hls-batching-tiling-artifacts/codegen_apps/tiling/poisson2d/u280_project/maxtile_8192_p64/hls/build/hw/temp_dir/link/link/vivado/vpl/prj/prj.runs/my_rm_synth_1/.Xil/Vivado-527882-n2cn0301.ab2021.local/realtime/ulp_proc_sys_reset_kernel2_slr1_0_stub.v:5]
INFO: [Synth 8-6155] done synthesizing module 'ulp_proc_sys_reset_kernel2_slr1_0' (0#1) [/scratch/hpc-prf-acgasm/beniel/ops-hls-batching-tiling-artifacts/codegen_apps/tiling/poisson2d/u280_project/maxtile_8192_p64/hls/build/hw/temp_dir/link/link/vivado/vpl/prj/prj.runs/my_rm_synth_1/.Xil/Vivado-527882-n2cn0301.ab2021.local/realtime/ulp_proc_sys_reset_kernel2_slr1_0_stub.v:5]
WARNING: [Synth 8-7023] instance 'proc_sys_reset_kernel2_slr1' of module 'ulp_proc_sys_reset_kernel2_slr1_0' has 10 connections declared, but only 6 given [/scratch/hpc-prf-acgasm/beniel/ops-hls-batching-tiling-artifacts/codegen_apps/tiling/poisson2d/u280_project/maxtile_8192_p64/hls/build/hw/temp_dir/link/link/vivado/vpl/prj/prj.gen/my_rm/bd/ulp/synth/ulp.v:8505]
INFO: [Synth 8-6157] synthesizing module 'ulp_proc_sys_reset_kernel2_slr2_0' [/scratch/hpc-prf-acgasm/beniel/ops-hls-batching-tiling-artifacts/codegen_apps/tiling/poisson2d/u280_project/maxtile_8192_p64/hls/build/hw/temp_dir/link/link/vivado/vpl/prj/prj.runs/my_rm_synth_1/.Xil/Vivado-527882-n2cn0301.ab2021.local/realtime/ulp_proc_sys_reset_kernel2_slr2_0_stub.v:5]
INFO: [Synth 8-6155] done synthesizing module 'ulp_proc_sys_reset_kernel2_slr2_0' (0#1) [/scratch/hpc-prf-acgasm/beniel/ops-hls-batching-tiling-artifacts/codegen_apps/tiling/poisson2d/u280_project/maxtile_8192_p64/hls/build/hw/temp_dir/link/link/vivado/vpl/prj/prj.runs/my_rm_synth_1/.Xil/Vivado-527882-n2cn0301.ab2021.local/realtime/ulp_proc_sys_reset_kernel2_slr2_0_stub.v:5]
WARNING: [Synth 8-7023] instance 'proc_sys_reset_kernel2_slr2' of module 'ulp_proc_sys_reset_kernel2_slr2_0' has 10 connections declared, but only 6 given [/scratch/hpc-prf-acgasm/beniel/ops-hls-batching-tiling-artifacts/codegen_apps/tiling/poisson2d/u280_project/maxtile_8192_p64/hls/build/hw/temp_dir/link/link/vivado/vpl/prj/prj.gen/my_rm/bd/ulp/synth/ulp.v:8512]
INFO: [Synth 8-6157] synthesizing module 'ulp_proc_sys_reset_kernel_slr0_0' [/scratch/hpc-prf-acgasm/beniel/ops-hls-batching-tiling-artifacts/codegen_apps/tiling/poisson2d/u280_project/maxtile_8192_p64/hls/build/hw/temp_dir/link/link/vivado/vpl/prj/prj.runs/my_rm_synth_1/.Xil/Vivado-527882-n2cn0301.ab2021.local/realtime/ulp_proc_sys_reset_kernel_slr0_0_stub.v:5]
INFO: [Synth 8-6155] done synthesizing module 'ulp_proc_sys_reset_kernel_slr0_0' (0#1) [/scratch/hpc-prf-acgasm/beniel/ops-hls-batching-tiling-artifacts/codegen_apps/tiling/poisson2d/u280_project/maxtile_8192_p64/hls/build/hw/temp_dir/link/link/vivado/vpl/prj/prj.runs/my_rm_synth_1/.Xil/Vivado-527882-n2cn0301.ab2021.local/realtime/ulp_proc_sys_reset_kernel_slr0_0_stub.v:5]
WARNING: [Synth 8-7023] instance 'proc_sys_reset_kernel_slr0' of module 'ulp_proc_sys_reset_kernel_slr0_0' has 10 connections declared, but only 7 given [/scratch/hpc-prf-acgasm/beniel/ops-hls-batching-tiling-artifacts/codegen_apps/tiling/poisson2d/u280_project/maxtile_8192_p64/hls/build/hw/temp_dir/link/link/vivado/vpl/prj/prj.gen/my_rm/bd/ulp/synth/ulp.v:8519]
INFO: [Synth 8-6157] synthesizing module 'ulp_proc_sys_reset_kernel_slr1_0' [/scratch/hpc-prf-acgasm/beniel/ops-hls-batching-tiling-artifacts/codegen_apps/tiling/poisson2d/u280_project/maxtile_8192_p64/hls/build/hw/temp_dir/link/link/vivado/vpl/prj/prj.runs/my_rm_synth_1/.Xil/Vivado-527882-n2cn0301.ab2021.local/realtime/ulp_proc_sys_reset_kernel_slr1_0_stub.v:5]
INFO: [Synth 8-6155] done synthesizing module 'ulp_proc_sys_reset_kernel_slr1_0' (0#1) [/scratch/hpc-prf-acgasm/beniel/ops-hls-batching-tiling-artifacts/codegen_apps/tiling/poisson2d/u280_project/maxtile_8192_p64/hls/build/hw/temp_dir/link/link/vivado/vpl/prj/prj.runs/my_rm_synth_1/.Xil/Vivado-527882-n2cn0301.ab2021.local/realtime/ulp_proc_sys_reset_kernel_slr1_0_stub.v:5]
WARNING: [Synth 8-7023] instance 'proc_sys_reset_kernel_slr1' of module 'ulp_proc_sys_reset_kernel_slr1_0' has 10 connections declared, but only 7 given [/scratch/hpc-prf-acgasm/beniel/ops-hls-batching-tiling-artifacts/codegen_apps/tiling/poisson2d/u280_project/maxtile_8192_p64/hls/build/hw/temp_dir/link/link/vivado/vpl/prj/prj.gen/my_rm/bd/ulp/synth/ulp.v:8527]
INFO: [Synth 8-6157] synthesizing module 'ulp_proc_sys_reset_kernel_slr2_0' [/scratch/hpc-prf-acgasm/beniel/ops-hls-batching-tiling-artifacts/codegen_apps/tiling/poisson2d/u280_project/maxtile_8192_p64/hls/build/hw/temp_dir/link/link/vivado/vpl/prj/prj.runs/my_rm_synth_1/.Xil/Vivado-527882-n2cn0301.ab2021.local/realtime/ulp_proc_sys_reset_kernel_slr2_0_stub.v:5]
INFO: [Synth 8-6155] done synthesizing module 'ulp_proc_sys_reset_kernel_slr2_0' (0#1) [/scratch/hpc-prf-acgasm/beniel/ops-hls-batching-tiling-artifacts/codegen_apps/tiling/poisson2d/u280_project/maxtile_8192_p64/hls/build/hw/temp_dir/link/link/vivado/vpl/prj/prj.runs/my_rm_synth_1/.Xil/Vivado-527882-n2cn0301.ab2021.local/realtime/ulp_proc_sys_reset_kernel_slr2_0_stub.v:5]
WARNING: [Synth 8-7023] instance 'proc_sys_reset_kernel_slr2' of module 'ulp_proc_sys_reset_kernel_slr2_0' has 10 connections declared, but only 7 given [/scratch/hpc-prf-acgasm/beniel/ops-hls-batching-tiling-artifacts/codegen_apps/tiling/poisson2d/u280_project/maxtile_8192_p64/hls/build/hw/temp_dir/link/link/vivado/vpl/prj/prj.gen/my_rm/bd/ulp/synth/ulp.v:8535]
INFO: [Synth 8-6157] synthesizing module 'ulp_repeater_outerloop_0_1_0' [/scratch/hpc-prf-acgasm/beniel/ops-hls-batching-tiling-artifacts/codegen_apps/tiling/poisson2d/u280_project/maxtile_8192_p64/hls/build/hw/temp_dir/link/link/vivado/vpl/prj/prj.runs/my_rm_synth_1/.Xil/Vivado-527882-n2cn0301.ab2021.local/realtime/ulp_repeater_outerloop_0_1_0_stub.v:5]
INFO: [Synth 8-6155] done synthesizing module 'ulp_repeater_outerloop_0_1_0' (0#1) [/scratch/hpc-prf-acgasm/beniel/ops-hls-batching-tiling-artifacts/codegen_apps/tiling/poisson2d/u280_project/maxtile_8192_p64/hls/build/hw/temp_dir/link/link/vivado/vpl/prj/prj.runs/my_rm_synth_1/.Xil/Vivado-527882-n2cn0301.ab2021.local/realtime/ulp_repeater_outerloop_0_1_0_stub.v:5]
INFO: [Synth 8-6157] synthesizing module 'ulp_satellite_gpio_slice_1_0' [/scratch/hpc-prf-acgasm/beniel/ops-hls-batching-tiling-artifacts/codegen_apps/tiling/poisson2d/u280_project/maxtile_8192_p64/hls/build/hw/temp_dir/link/link/vivado/vpl/prj/prj.gen/my_rm/bd/ulp/ip/ulp_satellite_gpio_slice_1_0/synth/ulp_satellite_gpio_slice_1_0.v:53]
INFO: [Synth 8-6157] synthesizing module 'xlslice_v1_0_2_xlslice' [/scratch/hpc-prf-acgasm/beniel/ops-hls-batching-tiling-artifacts/codegen_apps/tiling/poisson2d/u280_project/maxtile_8192_p64/hls/build/hw/temp_dir/link/link/vivado/vpl/prj/prj.gen/my_rm/bd/ulp/ipshared/11d0/hdl/xlslice_v1_0_vl_rfs.v:13]
INFO: [Synth 8-6155] done synthesizing module 'xlslice_v1_0_2_xlslice' (0#1) [/scratch/hpc-prf-acgasm/beniel/ops-hls-batching-tiling-artifacts/codegen_apps/tiling/poisson2d/u280_project/maxtile_8192_p64/hls/build/hw/temp_dir/link/link/vivado/vpl/prj/prj.gen/my_rm/bd/ulp/ipshared/11d0/hdl/xlslice_v1_0_vl_rfs.v:13]
INFO: [Synth 8-6155] done synthesizing module 'ulp_satellite_gpio_slice_1_0' (0#1) [/scratch/hpc-prf-acgasm/beniel/ops-hls-batching-tiling-artifacts/codegen_apps/tiling/poisson2d/u280_project/maxtile_8192_p64/hls/build/hw/temp_dir/link/link/vivado/vpl/prj/prj.gen/my_rm/bd/ulp/ip/ulp_satellite_gpio_slice_1_0/synth/ulp_satellite_gpio_slice_1_0.v:53]
INFO: [Synth 8-6157] synthesizing module 'ulp_ulp_cmp_0' [/scratch/hpc-prf-acgasm/beniel/ops-hls-batching-tiling-artifacts/codegen_apps/tiling/poisson2d/u280_project/maxtile_8192_p64/hls/build/hw/temp_dir/link/link/vivado/vpl/prj/prj.runs/my_rm_synth_1/.Xil/Vivado-527882-n2cn0301.ab2021.local/realtime/ulp_ulp_cmp_0_stub.v:5]
INFO: [Synth 8-6155] done synthesizing module 'ulp_ulp_cmp_0' (0#1) [/scratch/hpc-prf-acgasm/beniel/ops-hls-batching-tiling-artifacts/codegen_apps/tiling/poisson2d/u280_project/maxtile_8192_p64/hls/build/hw/temp_dir/link/link/vivado/vpl/prj/prj.runs/my_rm_synth_1/.Xil/Vivado-527882-n2cn0301.ab2021.local/realtime/ulp_ulp_cmp_0_stub.v:5]
INFO: [Synth 8-6157] synthesizing module 'ulp_ulp_ucs_0' [/scratch/hpc-prf-acgasm/beniel/ops-hls-batching-tiling-artifacts/codegen_apps/tiling/poisson2d/u280_project/maxtile_8192_p64/hls/build/hw/temp_dir/link/link/vivado/vpl/prj/prj.runs/my_rm_synth_1/.Xil/Vivado-527882-n2cn0301.ab2021.local/realtime/ulp_ulp_ucs_0_stub.v:5]
INFO: [Synth 8-6155] done synthesizing module 'ulp_ulp_ucs_0' (0#1) [/scratch/hpc-prf-acgasm/beniel/ops-hls-batching-tiling-artifacts/codegen_apps/tiling/poisson2d/u280_project/maxtile_8192_p64/hls/build/hw/temp_dir/link/link/vivado/vpl/prj/prj.runs/my_rm_synth_1/.Xil/Vivado-527882-n2cn0301.ab2021.local/realtime/ulp_ulp_ucs_0_stub.v:5]
INFO: [Synth 8-6155] done synthesizing module 'ulp' (0#1) [/scratch/hpc-prf-acgasm/beniel/ops-hls-batching-tiling-artifacts/codegen_apps/tiling/poisson2d/u280_project/maxtile_8192_p64/hls/build/hw/temp_dir/link/link/vivado/vpl/prj/prj.gen/my_rm/bd/ulp/synth/ulp.v:4476]
WARNING: [Synth 8-3848] Net io_ddr4_00_act_n in module/entity ulp does not have driver. [/scratch/hpc-prf-acgasm/beniel/ops-hls-batching-tiling-artifacts/codegen_apps/tiling/poisson2d/u280_project/maxtile_8192_p64/hls/build/hw/temp_dir/link/link/vivado/vpl/prj/prj.gen/my_rm/bd/ulp/synth/ulp.v:4892]
WARNING: [Synth 8-3848] Net io_ddr4_00_adr in module/entity ulp does not have driver. [/scratch/hpc-prf-acgasm/beniel/ops-hls-batching-tiling-artifacts/codegen_apps/tiling/poisson2d/u280_project/maxtile_8192_p64/hls/build/hw/temp_dir/link/link/vivado/vpl/prj/prj.gen/my_rm/bd/ulp/synth/ulp.v:4893]
WARNING: [Synth 8-3848] Net io_ddr4_00_ba in module/entity ulp does not have driver. [/scratch/hpc-prf-acgasm/beniel/ops-hls-batching-tiling-artifacts/codegen_apps/tiling/poisson2d/u280_project/maxtile_8192_p64/hls/build/hw/temp_dir/link/link/vivado/vpl/prj/prj.gen/my_rm/bd/ulp/synth/ulp.v:4894]
WARNING: [Synth 8-3848] Net io_ddr4_00_bg in module/entity ulp does not have driver. [/scratch/hpc-prf-acgasm/beniel/ops-hls-batching-tiling-artifacts/codegen_apps/tiling/poisson2d/u280_project/maxtile_8192_p64/hls/build/hw/temp_dir/link/link/vivado/vpl/prj/prj.gen/my_rm/bd/ulp/synth/ulp.v:4895]
WARNING: [Synth 8-3848] Net io_ddr4_00_ck_c in module/entity ulp does not have driver. [/scratch/hpc-prf-acgasm/beniel/ops-hls-batching-tiling-artifacts/codegen_apps/tiling/poisson2d/u280_project/maxtile_8192_p64/hls/build/hw/temp_dir/link/link/vivado/vpl/prj/prj.gen/my_rm/bd/ulp/synth/ulp.v:4896]
WARNING: [Synth 8-3848] Net io_ddr4_00_ck_t in module/entity ulp does not have driver. [/scratch/hpc-prf-acgasm/beniel/ops-hls-batching-tiling-artifacts/codegen_apps/tiling/poisson2d/u280_project/maxtile_8192_p64/hls/build/hw/temp_dir/link/link/vivado/vpl/prj/prj.gen/my_rm/bd/ulp/synth/ulp.v:4897]
WARNING: [Synth 8-3848] Net io_ddr4_00_cke in module/entity ulp does not have driver. [/scratch/hpc-prf-acgasm/beniel/ops-hls-batching-tiling-artifacts/codegen_apps/tiling/poisson2d/u280_project/maxtile_8192_p64/hls/build/hw/temp_dir/link/link/vivado/vpl/prj/prj.gen/my_rm/bd/ulp/synth/ulp.v:4898]
WARNING: [Synth 8-3848] Net io_ddr4_00_cs_n in module/entity ulp does not have driver. [/scratch/hpc-prf-acgasm/beniel/ops-hls-batching-tiling-artifacts/codegen_apps/tiling/poisson2d/u280_project/maxtile_8192_p64/hls/build/hw/temp_dir/link/link/vivado/vpl/prj/prj.gen/my_rm/bd/ulp/synth/ulp.v:4899]
WARNING: [Synth 8-3848] Net io_ddr4_00_odt in module/entity ulp does not have driver. [/scratch/hpc-prf-acgasm/beniel/ops-hls-batching-tiling-artifacts/codegen_apps/tiling/poisson2d/u280_project/maxtile_8192_p64/hls/build/hw/temp_dir/link/link/vivado/vpl/prj/prj.gen/my_rm/bd/ulp/synth/ulp.v:4903]
WARNING: [Synth 8-3848] Net io_ddr4_00_par in module/entity ulp does not have driver. [/scratch/hpc-prf-acgasm/beniel/ops-hls-batching-tiling-artifacts/codegen_apps/tiling/poisson2d/u280_project/maxtile_8192_p64/hls/build/hw/temp_dir/link/link/vivado/vpl/prj/prj.gen/my_rm/bd/ulp/synth/ulp.v:4904]
WARNING: [Synth 8-3848] Net io_ddr4_00_reset_n in module/entity ulp does not have driver. [/scratch/hpc-prf-acgasm/beniel/ops-hls-batching-tiling-artifacts/codegen_apps/tiling/poisson2d/u280_project/maxtile_8192_p64/hls/build/hw/temp_dir/link/link/vivado/vpl/prj/prj.gen/my_rm/bd/ulp/synth/ulp.v:4905]
WARNING: [Synth 8-3848] Net io_ddr4_01_act_n in module/entity ulp does not have driver. [/scratch/hpc-prf-acgasm/beniel/ops-hls-batching-tiling-artifacts/codegen_apps/tiling/poisson2d/u280_project/maxtile_8192_p64/hls/build/hw/temp_dir/link/link/vivado/vpl/prj/prj.gen/my_rm/bd/ulp/synth/ulp.v:4906]
WARNING: [Synth 8-3848] Net io_ddr4_01_adr in module/entity ulp does not have driver. [/scratch/hpc-prf-acgasm/beniel/ops-hls-batching-tiling-artifacts/codegen_apps/tiling/poisson2d/u280_project/maxtile_8192_p64/hls/build/hw/temp_dir/link/link/vivado/vpl/prj/prj.gen/my_rm/bd/ulp/synth/ulp.v:4907]
WARNING: [Synth 8-3848] Net io_ddr4_01_ba in module/entity ulp does not have driver. [/scratch/hpc-prf-acgasm/beniel/ops-hls-batching-tiling-artifacts/codegen_apps/tiling/poisson2d/u280_project/maxtile_8192_p64/hls/build/hw/temp_dir/link/link/vivado/vpl/prj/prj.gen/my_rm/bd/ulp/synth/ulp.v:4908]
WARNING: [Synth 8-3848] Net io_ddr4_01_bg in module/entity ulp does not have driver. [/scratch/hpc-prf-acgasm/beniel/ops-hls-batching-tiling-artifacts/codegen_apps/tiling/poisson2d/u280_project/maxtile_8192_p64/hls/build/hw/temp_dir/link/link/vivado/vpl/prj/prj.gen/my_rm/bd/ulp/synth/ulp.v:4909]
WARNING: [Synth 8-3848] Net io_ddr4_01_ck_c in module/entity ulp does not have driver. [/scratch/hpc-prf-acgasm/beniel/ops-hls-batching-tiling-artifacts/codegen_apps/tiling/poisson2d/u280_project/maxtile_8192_p64/hls/build/hw/temp_dir/link/link/vivado/vpl/prj/prj.gen/my_rm/bd/ulp/synth/ulp.v:4910]
WARNING: [Synth 8-3848] Net io_ddr4_01_ck_t in module/entity ulp does not have driver. [/scratch/hpc-prf-acgasm/beniel/ops-hls-batching-tiling-artifacts/codegen_apps/tiling/poisson2d/u280_project/maxtile_8192_p64/hls/build/hw/temp_dir/link/link/vivado/vpl/prj/prj.gen/my_rm/bd/ulp/synth/ulp.v:4911]
WARNING: [Synth 8-3848] Net io_ddr4_01_cke in module/entity ulp does not have driver. [/scratch/hpc-prf-acgasm/beniel/ops-hls-batching-tiling-artifacts/codegen_apps/tiling/poisson2d/u280_project/maxtile_8192_p64/hls/build/hw/temp_dir/link/link/vivado/vpl/prj/prj.gen/my_rm/bd/ulp/synth/ulp.v:4912]
WARNING: [Synth 8-3848] Net io_ddr4_01_cs_n in module/entity ulp does not have driver. [/scratch/hpc-prf-acgasm/beniel/ops-hls-batching-tiling-artifacts/codegen_apps/tiling/poisson2d/u280_project/maxtile_8192_p64/hls/build/hw/temp_dir/link/link/vivado/vpl/prj/prj.gen/my_rm/bd/ulp/synth/ulp.v:4913]
WARNING: [Synth 8-3848] Net io_ddr4_01_odt in module/entity ulp does not have driver. [/scratch/hpc-prf-acgasm/beniel/ops-hls-batching-tiling-artifacts/codegen_apps/tiling/poisson2d/u280_project/maxtile_8192_p64/hls/build/hw/temp_dir/link/link/vivado/vpl/prj/prj.gen/my_rm/bd/ulp/synth/ulp.v:4917]
WARNING: [Synth 8-3848] Net io_ddr4_01_par in module/entity ulp does not have driver. [/scratch/hpc-prf-acgasm/beniel/ops-hls-batching-tiling-artifacts/codegen_apps/tiling/poisson2d/u280_project/maxtile_8192_p64/hls/build/hw/temp_dir/link/link/vivado/vpl/prj/prj.gen/my_rm/bd/ulp/synth/ulp.v:4918]
WARNING: [Synth 8-3848] Net io_ddr4_01_reset_n in module/entity ulp does not have driver. [/scratch/hpc-prf-acgasm/beniel/ops-hls-batching-tiling-artifacts/codegen_apps/tiling/poisson2d/u280_project/maxtile_8192_p64/hls/build/hw/temp_dir/link/link/vivado/vpl/prj/prj.gen/my_rm/bd/ulp/synth/ulp.v:4919]
WARNING: [Synth 8-3848] Net io_gt_qsfp0_00_gtx_n in module/entity ulp does not have driver. [/scratch/hpc-prf-acgasm/beniel/ops-hls-batching-tiling-artifacts/codegen_apps/tiling/poisson2d/u280_project/maxtile_8192_p64/hls/build/hw/temp_dir/link/link/vivado/vpl/prj/prj.gen/my_rm/bd/ulp/synth/ulp.v:4922]
WARNING: [Synth 8-3848] Net io_gt_qsfp0_00_gtx_p in module/entity ulp does not have driver. [/scratch/hpc-prf-acgasm/beniel/ops-hls-batching-tiling-artifacts/codegen_apps/tiling/poisson2d/u280_project/maxtile_8192_p64/hls/build/hw/temp_dir/link/link/vivado/vpl/prj/prj.gen/my_rm/bd/ulp/synth/ulp.v:4923]
WARNING: [Synth 8-3848] Net io_gt_qsfp1_00_gtx_n in module/entity ulp does not have driver. [/scratch/hpc-prf-acgasm/beniel/ops-hls-batching-tiling-artifacts/codegen_apps/tiling/poisson2d/u280_project/maxtile_8192_p64/hls/build/hw/temp_dir/link/link/vivado/vpl/prj/prj.gen/my_rm/bd/ulp/synth/ulp.v:4926]
WARNING: [Synth 8-3848] Net io_gt_qsfp1_00_gtx_p in module/entity ulp does not have driver. [/scratch/hpc-prf-acgasm/beniel/ops-hls-batching-tiling-artifacts/codegen_apps/tiling/poisson2d/u280_project/maxtile_8192_p64/hls/build/hw/temp_dir/link/link/vivado/vpl/prj/prj.gen/my_rm/bd/ulp/synth/ulp.v:4927]
WARNING: [Synth 8-7129] Port Din[3] in module xlslice_v1_0_2_xlslice is either unconnected or has no load
WARNING: [Synth 8-7129] Port Din[2] in module xlslice_v1_0_2_xlslice is either unconnected or has no load
WARNING: [Synth 8-7129] Port Din[0] in module xlslice_v1_0_2_xlslice is either unconnected or has no load
WARNING: [Synth 8-7129] Port In32[0] in module xlconcat_v2_1_4_xlconcat__parameterized0 is either unconnected or has no load
WARNING: [Synth 8-7129] Port In33[0] in module xlconcat_v2_1_4_xlconcat__parameterized0 is either unconnected or has no load
WARNING: [Synth 8-7129] Port In34[0] in module xlconcat_v2_1_4_xlconcat__parameterized0 is either unconnected or has no load
WARNING: [Synth 8-7129] Port In35[0] in module xlconcat_v2_1_4_xlconcat__parameterized0 is either unconnected or has no load
WARNING: [Synth 8-7129] Port In36[0] in module xlconcat_v2_1_4_xlconcat__parameterized0 is either unconnected or has no load
WARNING: [Synth 8-7129] Port In37[0] in module xlconcat_v2_1_4_xlconcat__parameterized0 is either unconnected or has no load
WARNING: [Synth 8-7129] Port In38[0] in module xlconcat_v2_1_4_xlconcat__parameterized0 is either unconnected or has no load
WARNING: [Synth 8-7129] Port In39[0] in module xlconcat_v2_1_4_xlconcat__parameterized0 is either unconnected or has no load
WARNING: [Synth 8-7129] Port In40[0] in module xlconcat_v2_1_4_xlconcat__parameterized0 is either unconnected or has no load
WARNING: [Synth 8-7129] Port In41[0] in module xlconcat_v2_1_4_xlconcat__parameterized0 is either unconnected or has no load
WARNING: [Synth 8-7129] Port In42[0] in module xlconcat_v2_1_4_xlconcat__parameterized0 is either unconnected or has no load
WARNING: [Synth 8-7129] Port In43[0] in module xlconcat_v2_1_4_xlconcat__parameterized0 is either unconnected or has no load
WARNING: [Synth 8-7129] Port In44[0] in module xlconcat_v2_1_4_xlconcat__parameterized0 is either unconnected or has no load
WARNING: [Synth 8-7129] Port In45[0] in module xlconcat_v2_1_4_xlconcat__parameterized0 is either unconnected or has no load
WARNING: [Synth 8-7129] Port In46[0] in module xlconcat_v2_1_4_xlconcat__parameterized0 is either unconnected or has no load
WARNING: [Synth 8-7129] Port In47[0] in module xlconcat_v2_1_4_xlconcat__parameterized0 is either unconnected or has no load
WARNING: [Synth 8-7129] Port In48[0] in module xlconcat_v2_1_4_xlconcat__parameterized0 is either unconnected or has no load
WARNING: [Synth 8-7129] Port In49[0] in module xlconcat_v2_1_4_xlconcat__parameterized0 is either unconnected or has no load
WARNING: [Synth 8-7129] Port In50[0] in module xlconcat_v2_1_4_xlconcat__parameterized0 is either unconnected or has no load
WARNING: [Synth 8-7129] Port In51[0] in module xlconcat_v2_1_4_xlconcat__parameterized0 is either unconnected or has no load
WARNING: [Synth 8-7129] Port In52[0] in module xlconcat_v2_1_4_xlconcat__parameterized0 is either unconnected or has no load
WARNING: [Synth 8-7129] Port In53[0] in module xlconcat_v2_1_4_xlconcat__parameterized0 is either unconnected or has no load
WARNING: [Synth 8-7129] Port In54[0] in module xlconcat_v2_1_4_xlconcat__parameterized0 is either unconnected or has no load
WARNING: [Synth 8-7129] Port In55[0] in module xlconcat_v2_1_4_xlconcat__parameterized0 is either unconnected or has no load
WARNING: [Synth 8-7129] Port In56[0] in module xlconcat_v2_1_4_xlconcat__parameterized0 is either unconnected or has no load
WARNING: [Synth 8-7129] Port In57[0] in module xlconcat_v2_1_4_xlconcat__parameterized0 is either unconnected or has no load
WARNING: [Synth 8-7129] Port In58[0] in module xlconcat_v2_1_4_xlconcat__parameterized0 is either unconnected or has no load
WARNING: [Synth 8-7129] Port In59[0] in module xlconcat_v2_1_4_xlconcat__parameterized0 is either unconnected or has no load
WARNING: [Synth 8-7129] Port In60[0] in module xlconcat_v2_1_4_xlconcat__parameterized0 is either unconnected or has no load
WARNING: [Synth 8-7129] Port In61[0] in module xlconcat_v2_1_4_xlconcat__parameterized0 is either unconnected or has no load
WARNING: [Synth 8-7129] Port In62[0] in module xlconcat_v2_1_4_xlconcat__parameterized0 is either unconnected or has no load
WARNING: [Synth 8-7129] Port In63[0] in module xlconcat_v2_1_4_xlconcat__parameterized0 is either unconnected or has no load
WARNING: [Synth 8-7129] Port In64[0] in module xlconcat_v2_1_4_xlconcat__parameterized0 is either unconnected or has no load
WARNING: [Synth 8-7129] Port In65[0] in module xlconcat_v2_1_4_xlconcat__parameterized0 is either unconnected or has no load
WARNING: [Synth 8-7129] Port In66[0] in module xlconcat_v2_1_4_xlconcat__parameterized0 is either unconnected or has no load
WARNING: [Synth 8-7129] Port In67[0] in module xlconcat_v2_1_4_xlconcat__parameterized0 is either unconnected or has no load
WARNING: [Synth 8-7129] Port In68[0] in module xlconcat_v2_1_4_xlconcat__parameterized0 is either unconnected or has no load
WARNING: [Synth 8-7129] Port In69[0] in module xlconcat_v2_1_4_xlconcat__parameterized0 is either unconnected or has no load
WARNING: [Synth 8-7129] Port In70[0] in module xlconcat_v2_1_4_xlconcat__parameterized0 is either unconnected or has no load
WARNING: [Synth 8-7129] Port In71[0] in module xlconcat_v2_1_4_xlconcat__parameterized0 is either unconnected or has no load
WARNING: [Synth 8-7129] Port In72[0] in module xlconcat_v2_1_4_xlconcat__parameterized0 is either unconnected or has no load
WARNING: [Synth 8-7129] Port In73[0] in module xlconcat_v2_1_4_xlconcat__parameterized0 is either unconnected or has no load
WARNING: [Synth 8-7129] Port In74[0] in module xlconcat_v2_1_4_xlconcat__parameterized0 is either unconnected or has no load
WARNING: [Synth 8-7129] Port In75[0] in module xlconcat_v2_1_4_xlconcat__parameterized0 is either unconnected or has no load
WARNING: [Synth 8-7129] Port In76[0] in module xlconcat_v2_1_4_xlconcat__parameterized0 is either unconnected or has no load
WARNING: [Synth 8-7129] Port In77[0] in module xlconcat_v2_1_4_xlconcat__parameterized0 is either unconnected or has no load
WARNING: [Synth 8-7129] Port In78[0] in module xlconcat_v2_1_4_xlconcat__parameterized0 is either unconnected or has no load
WARNING: [Synth 8-7129] Port In79[0] in module xlconcat_v2_1_4_xlconcat__parameterized0 is either unconnected or has no load
WARNING: [Synth 8-7129] Port In80[0] in module xlconcat_v2_1_4_xlconcat__parameterized0 is either unconnected or has no load
WARNING: [Synth 8-7129] Port In81[0] in module xlconcat_v2_1_4_xlconcat__parameterized0 is either unconnected or has no load
WARNING: [Synth 8-7129] Port In82[0] in module xlconcat_v2_1_4_xlconcat__parameterized0 is either unconnected or has no load
WARNING: [Synth 8-7129] Port In83[0] in module xlconcat_v2_1_4_xlconcat__parameterized0 is either unconnected or has no load
WARNING: [Synth 8-7129] Port In84[0] in module xlconcat_v2_1_4_xlconcat__parameterized0 is either unconnected or has no load
WARNING: [Synth 8-7129] Port In85[0] in module xlconcat_v2_1_4_xlconcat__parameterized0 is either unconnected or has no load
WARNING: [Synth 8-7129] Port In86[0] in module xlconcat_v2_1_4_xlconcat__parameterized0 is either unconnected or has no load
WARNING: [Synth 8-7129] Port In87[0] in module xlconcat_v2_1_4_xlconcat__parameterized0 is either unconnected or has no load
WARNING: [Synth 8-7129] Port In88[0] in module xlconcat_v2_1_4_xlconcat__parameterized0 is either unconnected or has no load
WARNING: [Synth 8-7129] Port In89[0] in module xlconcat_v2_1_4_xlconcat__parameterized0 is either unconnected or has no load
WARNING: [Synth 8-7129] Port In90[0] in module xlconcat_v2_1_4_xlconcat__parameterized0 is either unconnected or has no load
WARNING: [Synth 8-7129] Port In91[0] in module xlconcat_v2_1_4_xlconcat__parameterized0 is either unconnected or has no load
WARNING: [Synth 8-7129] Port In92[0] in module xlconcat_v2_1_4_xlconcat__parameterized0 is either unconnected or has no load
WARNING: [Synth 8-7129] Port In93[0] in module xlconcat_v2_1_4_xlconcat__parameterized0 is either unconnected or has no load
WARNING: [Synth 8-7129] Port In94[0] in module xlconcat_v2_1_4_xlconcat__parameterized0 is either unconnected or has no load
WARNING: [Synth 8-7129] Port In95[0] in module xlconcat_v2_1_4_xlconcat__parameterized0 is either unconnected or has no load
WARNING: [Synth 8-7129] Port In96[0] in module xlconcat_v2_1_4_xlconcat__parameterized0 is either unconnected or has no load
WARNING: [Synth 8-7129] Port In97[0] in module xlconcat_v2_1_4_xlconcat__parameterized0 is either unconnected or has no load
WARNING: [Synth 8-7129] Port In98[0] in module xlconcat_v2_1_4_xlconcat__parameterized0 is either unconnected or has no load
WARNING: [Synth 8-7129] Port In99[0] in module xlconcat_v2_1_4_xlconcat__parameterized0 is either unconnected or has no load
WARNING: [Synth 8-7129] Port In100[0] in module xlconcat_v2_1_4_xlconcat__parameterized0 is either unconnected or has no load
WARNING: [Synth 8-7129] Port In101[0] in module xlconcat_v2_1_4_xlconcat__parameterized0 is either unconnected or has no load
WARNING: [Synth 8-7129] Port In102[0] in module xlconcat_v2_1_4_xlconcat__parameterized0 is either unconnected or has no load
WARNING: [Synth 8-7129] Port In103[0] in module xlconcat_v2_1_4_xlconcat__parameterized0 is either unconnected or has no load
WARNING: [Synth 8-7129] Port In104[0] in module xlconcat_v2_1_4_xlconcat__parameterized0 is either unconnected or has no load
WARNING: [Synth 8-7129] Port In105[0] in module xlconcat_v2_1_4_xlconcat__parameterized0 is either unconnected or has no load
WARNING: [Synth 8-7129] Port In106[0] in module xlconcat_v2_1_4_xlconcat__parameterized0 is either unconnected or has no load
WARNING: [Synth 8-7129] Port In107[0] in module xlconcat_v2_1_4_xlconcat__parameterized0 is either unconnected or has no load
WARNING: [Synth 8-7129] Port In108[0] in module xlconcat_v2_1_4_xlconcat__parameterized0 is either unconnected or has no load
WARNING: [Synth 8-7129] Port In109[0] in module xlconcat_v2_1_4_xlconcat__parameterized0 is either unconnected or has no load
WARNING: [Synth 8-7129] Port In110[0] in module xlconcat_v2_1_4_xlconcat__parameterized0 is either unconnected or has no load
WARNING: [Synth 8-7129] Port In111[0] in module xlconcat_v2_1_4_xlconcat__parameterized0 is either unconnected or has no load
WARNING: [Synth 8-7129] Port In112[0] in module xlconcat_v2_1_4_xlconcat__parameterized0 is either unconnected or has no load
WARNING: [Synth 8-7129] Port In113[0] in module xlconcat_v2_1_4_xlconcat__parameterized0 is either unconnected or has no load
WARNING: [Synth 8-7129] Port In114[0] in module xlconcat_v2_1_4_xlconcat__parameterized0 is either unconnected or has no load
WARNING: [Synth 8-7129] Port In115[0] in module xlconcat_v2_1_4_xlconcat__parameterized0 is either unconnected or has no load
WARNING: [Synth 8-7129] Port In116[0] in module xlconcat_v2_1_4_xlconcat__parameterized0 is either unconnected or has no load
WARNING: [Synth 8-7129] Port In117[0] in module xlconcat_v2_1_4_xlconcat__parameterized0 is either unconnected or has no load
WARNING: [Synth 8-7129] Port In118[0] in module xlconcat_v2_1_4_xlconcat__parameterized0 is either unconnected or has no load
WARNING: [Synth 8-7129] Port In119[0] in module xlconcat_v2_1_4_xlconcat__parameterized0 is either unconnected or has no load
WARNING: [Synth 8-7129] Port In120[0] in module xlconcat_v2_1_4_xlconcat__parameterized0 is either unconnected or has no load
WARNING: [Synth 8-7129] Port In121[0] in module xlconcat_v2_1_4_xlconcat__parameterized0 is either unconnected or has no load
WARNING: [Synth 8-7129] Port In122[0] in module xlconcat_v2_1_4_xlconcat__parameterized0 is either unconnected or has no load
WARNING: [Synth 8-7129] Port In123[0] in module xlconcat_v2_1_4_xlconcat__parameterized0 is either unconnected or has no load
WARNING: [Synth 8-7129] Port In124[0] in module xlconcat_v2_1_4_xlconcat__parameterized0 is either unconnected or has no load
WARNING: [Synth 8-7129] Port In125[0] in module xlconcat_v2_1_4_xlconcat__parameterized0 is either unconnected or has no load
WARNING: [Synth 8-7129] Port In126[0] in module xlconcat_v2_1_4_xlconcat__parameterized0 is either unconnected or has no load
WARNING: [Synth 8-7129] Port In127[0] in module xlconcat_v2_1_4_xlconcat__parameterized0 is either unconnected or has no load
WARNING: [Synth 8-7129] Port In4[0] in module xlconcat_v2_1_4_xlconcat is either unconnected or has no load
INFO: [Common 17-14] Message 'Synth 8-7129' appears 100 times and further instances of the messages will be disabled. Use the Tcl command set_msg_config to change the current settings.
---------------------------------------------------------------------------------
Finished RTL Elaboration : Time (s): cpu = 00:00:05 ; elapsed = 00:00:07 . Memory (MB): peak = 3986.855 ; gain = 463.609 ; free physical = 196091 ; free virtual = 211544
Synthesis current peak Physical Memory [PSS] (MB): peak = 3159.322; parent = 2904.688; children = 254.635
Synthesis current peak Virtual Memory [VSS] (MB): peak = 5579.465; parent = 3986.859; children = 1592.605
---------------------------------------------------------------------------------
---------------------------------------------------------------------------------
Start Handling Custom Attributes
---------------------------------------------------------------------------------
---------------------------------------------------------------------------------
Finished Handling Custom Attributes : Time (s): cpu = 00:00:05 ; elapsed = 00:00:07 . Memory (MB): peak = 4001.699 ; gain = 478.453 ; free physical = 196091 ; free virtual = 211544
Synthesis current peak Physical Memory [PSS] (MB): peak = 3159.322; parent = 2904.688; children = 254.635
Synthesis current peak Virtual Memory [VSS] (MB): peak = 5594.309; parent = 4001.703; children = 1592.605
---------------------------------------------------------------------------------
---------------------------------------------------------------------------------
Finished RTL Optimization Phase 1 : Time (s): cpu = 00:00:05 ; elapsed = 00:00:07 . Memory (MB): peak = 4001.699 ; gain = 478.453 ; free physical = 196091 ; free virtual = 211544
Synthesis current peak Physical Memory [PSS] (MB): peak = 3159.322; parent = 2904.688; children = 254.635
Synthesis current peak Virtual Memory [VSS] (MB): peak = 5594.309; parent = 4001.703; children = 1592.605
---------------------------------------------------------------------------------
Netlist sorting complete. Time (s): cpu = 00:00:00.1 ; elapsed = 00:00:00.1 . Memory (MB): peak = 4001.699 ; gain = 0.000 ; free physical = 196078 ; free virtual = 211532
INFO: [Project 1-570] Preparing netlist for logic optimization

Processing XDC Constraints
Initializing timing engine
Parsing XDC File [/scratch/hpc-prf-acgasm/beniel/ops-hls-batching-tiling-artifacts/codegen_apps/tiling/poisson2d/u280_project/maxtile_8192_p64/hls/build/hw/temp_dir/link/link/vivado/vpl/prj/prj.gen/my_rm/bd/ulp/ip/ulp_ii_level0_wire_0/ulp_ii_level0_wire_0/ulp_ii_level0_wire_0_in_context.xdc] for cell 'ii_level0_wire'
Finished Parsing XDC File [/scratch/hpc-prf-acgasm/beniel/ops-hls-batching-tiling-artifacts/codegen_apps/tiling/poisson2d/u280_project/maxtile_8192_p64/hls/build/hw/temp_dir/link/link/vivado/vpl/prj/prj.gen/my_rm/bd/ulp/ip/ulp_ii_level0_wire_0/ulp_ii_level0_wire_0/ulp_ii_level0_wire_0_in_context.xdc] for cell 'ii_level0_wire'
Parsing XDC File [/scratch/hpc-prf-acgasm/beniel/ops-hls-batching-tiling-artifacts/codegen_apps/tiling/poisson2d/u280_project/maxtile_8192_p64/hls/build/hw/temp_dir/link/link/vivado/vpl/prj/prj.gen/my_rm/bd/ulp/ip/ulp_ulp_cmp_0/ulp_ulp_cmp_0/ulp_ulp_cmp_0_in_context.xdc] for cell 'ulp_cmp'
Finished Parsing XDC File [/scratch/hpc-prf-acgasm/beniel/ops-hls-batching-tiling-artifacts/codegen_apps/tiling/poisson2d/u280_project/maxtile_8192_p64/hls/build/hw/temp_dir/link/link/vivado/vpl/prj/prj.gen/my_rm/bd/ulp/ip/ulp_ulp_cmp_0/ulp_ulp_cmp_0/ulp_ulp_cmp_0_in_context.xdc] for cell 'ulp_cmp'
Parsing XDC File [/scratch/hpc-prf-acgasm/beniel/ops-hls-batching-tiling-artifacts/codegen_apps/tiling/poisson2d/u280_project/maxtile_8192_p64/hls/build/hw/temp_dir/link/link/vivado/vpl/prj/prj.gen/my_rm/bd/ulp/ip/ulp_ulp_ucs_0/ulp_ulp_ucs_0/ulp_ulp_ucs_0_in_context.xdc] for cell 'ulp_ucs'
Finished Parsing XDC File [/scratch/hpc-prf-acgasm/beniel/ops-hls-batching-tiling-artifacts/codegen_apps/tiling/poisson2d/u280_project/maxtile_8192_p64/hls/build/hw/temp_dir/link/link/vivado/vpl/prj/prj.gen/my_rm/bd/ulp/ip/ulp_ulp_ucs_0/ulp_ulp_ucs_0/ulp_ulp_ucs_0_in_context.xdc] for cell 'ulp_ucs'
Parsing XDC File [/scratch/hpc-prf-acgasm/beniel/ops-hls-batching-tiling-artifacts/codegen_apps/tiling/poisson2d/u280_project/maxtile_8192_p64/hls/build/hw/temp_dir/link/link/vivado/vpl/prj/prj.gen/my_rm/bd/ulp/ip/ulp_proc_sys_reset_ctrl_slr0_0/ulp_proc_sys_reset_ctrl_slr0_0/ulp_proc_sys_reset_ctrl_slr0_0_in_context.xdc] for cell 'proc_sys_reset_ctrl_slr0'
Finished Parsing XDC File [/scratch/hpc-prf-acgasm/beniel/ops-hls-batching-tiling-artifacts/codegen_apps/tiling/poisson2d/u280_project/maxtile_8192_p64/hls/build/hw/temp_dir/link/link/vivado/vpl/prj/prj.gen/my_rm/bd/ulp/ip/ulp_proc_sys_reset_ctrl_slr0_0/ulp_proc_sys_reset_ctrl_slr0_0/ulp_proc_sys_reset_ctrl_slr0_0_in_context.xdc] for cell 'proc_sys_reset_ctrl_slr0'
Parsing XDC File [/scratch/hpc-prf-acgasm/beniel/ops-hls-batching-tiling-artifacts/codegen_apps/tiling/poisson2d/u280_project/maxtile_8192_p64/hls/build/hw/temp_dir/link/link/vivado/vpl/prj/prj.gen/my_rm/bd/ulp/ip/ulp_proc_sys_reset_ctrl_slr1_0/ulp_proc_sys_reset_ctrl_slr1_0/ulp_proc_sys_reset_ctrl_slr1_0_in_context.xdc] for cell 'proc_sys_reset_ctrl_slr1'
Finished Parsing XDC File [/scratch/hpc-prf-acgasm/beniel/ops-hls-batching-tiling-artifacts/codegen_apps/tiling/poisson2d/u280_project/maxtile_8192_p64/hls/build/hw/temp_dir/link/link/vivado/vpl/prj/prj.gen/my_rm/bd/ulp/ip/ulp_proc_sys_reset_ctrl_slr1_0/ulp_proc_sys_reset_ctrl_slr1_0/ulp_proc_sys_reset_ctrl_slr1_0_in_context.xdc] for cell 'proc_sys_reset_ctrl_slr1'
Parsing XDC File [/scratch/hpc-prf-acgasm/beniel/ops-hls-batching-tiling-artifacts/codegen_apps/tiling/poisson2d/u280_project/maxtile_8192_p64/hls/build/hw/temp_dir/link/link/vivado/vpl/prj/prj.gen/my_rm/bd/ulp/ip/ulp_proc_sys_reset_ctrl_slr2_0/ulp_proc_sys_reset_ctrl_slr2_0/ulp_proc_sys_reset_ctrl_slr2_0_in_context.xdc] for cell 'proc_sys_reset_ctrl_slr2'
Finished Parsing XDC File [/scratch/hpc-prf-acgasm/beniel/ops-hls-batching-tiling-artifacts/codegen_apps/tiling/poisson2d/u280_project/maxtile_8192_p64/hls/build/hw/temp_dir/link/link/vivado/vpl/prj/prj.gen/my_rm/bd/ulp/ip/ulp_proc_sys_reset_ctrl_slr2_0/ulp_proc_sys_reset_ctrl_slr2_0/ulp_proc_sys_reset_ctrl_slr2_0_in_context.xdc] for cell 'proc_sys_reset_ctrl_slr2'
Parsing XDC File [/scratch/hpc-prf-acgasm/beniel/ops-hls-batching-tiling-artifacts/codegen_apps/tiling/poisson2d/u280_project/maxtile_8192_p64/hls/build/hw/temp_dir/link/link/vivado/vpl/prj/prj.gen/my_rm/bd/ulp/ip/ulp_proc_sys_reset_kernel_slr0_0/ulp_proc_sys_reset_kernel_slr0_0/ulp_proc_sys_reset_kernel_slr0_0_in_context.xdc] for cell 'proc_sys_reset_kernel_slr0'
Finished Parsing XDC File [/scratch/hpc-prf-acgasm/beniel/ops-hls-batching-tiling-artifacts/codegen_apps/tiling/poisson2d/u280_project/maxtile_8192_p64/hls/build/hw/temp_dir/link/link/vivado/vpl/prj/prj.gen/my_rm/bd/ulp/ip/ulp_proc_sys_reset_kernel_slr0_0/ulp_proc_sys_reset_kernel_slr0_0/ulp_proc_sys_reset_kernel_slr0_0_in_context.xdc] for cell 'proc_sys_reset_kernel_slr0'
Parsing XDC File [/scratch/hpc-prf-acgasm/beniel/ops-hls-batching-tiling-artifacts/codegen_apps/tiling/poisson2d/u280_project/maxtile_8192_p64/hls/build/hw/temp_dir/link/link/vivado/vpl/prj/prj.gen/my_rm/bd/ulp/ip/ulp_proc_sys_reset_kernel_slr1_0/ulp_proc_sys_reset_kernel_slr1_0/ulp_proc_sys_reset_kernel_slr1_0_in_context.xdc] for cell 'proc_sys_reset_kernel_slr1'
Finished Parsing XDC File [/scratch/hpc-prf-acgasm/beniel/ops-hls-batching-tiling-artifacts/codegen_apps/tiling/poisson2d/u280_project/maxtile_8192_p64/hls/build/hw/temp_dir/link/link/vivado/vpl/prj/prj.gen/my_rm/bd/ulp/ip/ulp_proc_sys_reset_kernel_slr1_0/ulp_proc_sys_reset_kernel_slr1_0/ulp_proc_sys_reset_kernel_slr1_0_in_context.xdc] for cell 'proc_sys_reset_kernel_slr1'
Parsing XDC File [/scratch/hpc-prf-acgasm/beniel/ops-hls-batching-tiling-artifacts/codegen_apps/tiling/poisson2d/u280_project/maxtile_8192_p64/hls/build/hw/temp_dir/link/link/vivado/vpl/prj/prj.gen/my_rm/bd/ulp/ip/ulp_proc_sys_reset_kernel_slr2_0/ulp_proc_sys_reset_kernel_slr2_0/ulp_proc_sys_reset_kernel_slr2_0_in_context.xdc] for cell 'proc_sys_reset_kernel_slr2'
Finished Parsing XDC File [/scratch/hpc-prf-acgasm/beniel/ops-hls-batching-tiling-artifacts/codegen_apps/tiling/poisson2d/u280_project/maxtile_8192_p64/hls/build/hw/temp_dir/link/link/vivado/vpl/prj/prj.gen/my_rm/bd/ulp/ip/ulp_proc_sys_reset_kernel_slr2_0/ulp_proc_sys_reset_kernel_slr2_0/ulp_proc_sys_reset_kernel_slr2_0_in_context.xdc] for cell 'proc_sys_reset_kernel_slr2'
Parsing XDC File [/scratch/hpc-prf-acgasm/beniel/ops-hls-batching-tiling-artifacts/codegen_apps/tiling/poisson2d/u280_project/maxtile_8192_p64/hls/build/hw/temp_dir/link/link/vivado/vpl/prj/prj.gen/my_rm/bd/ulp/ip/ulp_proc_sys_reset_kernel2_slr0_0/ulp_proc_sys_reset_kernel2_slr0_0/ulp_proc_sys_reset_kernel2_slr0_0_in_context.xdc] for cell 'proc_sys_reset_kernel2_slr0'
Finished Parsing XDC File [/scratch/hpc-prf-acgasm/beniel/ops-hls-batching-tiling-artifacts/codegen_apps/tiling/poisson2d/u280_project/maxtile_8192_p64/hls/build/hw/temp_dir/link/link/vivado/vpl/prj/prj.gen/my_rm/bd/ulp/ip/ulp_proc_sys_reset_kernel2_slr0_0/ulp_proc_sys_reset_kernel2_slr0_0/ulp_proc_sys_reset_kernel2_slr0_0_in_context.xdc] for cell 'proc_sys_reset_kernel2_slr0'
Parsing XDC File [/scratch/hpc-prf-acgasm/beniel/ops-hls-batching-tiling-artifacts/codegen_apps/tiling/poisson2d/u280_project/maxtile_8192_p64/hls/build/hw/temp_dir/link/link/vivado/vpl/prj/prj.gen/my_rm/bd/ulp/ip/ulp_proc_sys_reset_kernel2_slr1_0/ulp_proc_sys_reset_kernel2_slr1_0/ulp_proc_sys_reset_kernel2_slr1_0_in_context.xdc] for cell 'proc_sys_reset_kernel2_slr1'
Finished Parsing XDC File [/scratch/hpc-prf-acgasm/beniel/ops-hls-batching-tiling-artifacts/codegen_apps/tiling/poisson2d/u280_project/maxtile_8192_p64/hls/build/hw/temp_dir/link/link/vivado/vpl/prj/prj.gen/my_rm/bd/ulp/ip/ulp_proc_sys_reset_kernel2_slr1_0/ulp_proc_sys_reset_kernel2_slr1_0/ulp_proc_sys_reset_kernel2_slr1_0_in_context.xdc] for cell 'proc_sys_reset_kernel2_slr1'
Parsing XDC File [/scratch/hpc-prf-acgasm/beniel/ops-hls-batching-tiling-artifacts/codegen_apps/tiling/poisson2d/u280_project/maxtile_8192_p64/hls/build/hw/temp_dir/link/link/vivado/vpl/prj/prj.gen/my_rm/bd/ulp/ip/ulp_proc_sys_reset_kernel2_slr2_0/ulp_proc_sys_reset_kernel2_slr2_0/ulp_proc_sys_reset_kernel2_slr2_0_in_context.xdc] for cell 'proc_sys_reset_kernel2_slr2'
Finished Parsing XDC File [/scratch/hpc-prf-acgasm/beniel/ops-hls-batching-tiling-artifacts/codegen_apps/tiling/poisson2d/u280_project/maxtile_8192_p64/hls/build/hw/temp_dir/link/link/vivado/vpl/prj/prj.gen/my_rm/bd/ulp/ip/ulp_proc_sys_reset_kernel2_slr2_0/ulp_proc_sys_reset_kernel2_slr2_0/ulp_proc_sys_reset_kernel2_slr2_0_in_context.xdc] for cell 'proc_sys_reset_kernel2_slr2'
Parsing XDC File [/scratch/hpc-prf-acgasm/beniel/ops-hls-batching-tiling-artifacts/codegen_apps/tiling/poisson2d/u280_project/maxtile_8192_p64/hls/build/hw/temp_dir/link/link/vivado/vpl/prj/prj.gen/my_rm/bd/ulp/ip/ulp_proc_sys_reset_freerun_slr0_0/ulp_proc_sys_reset_freerun_slr0_0/ulp_proc_sys_reset_freerun_slr0_0_in_context.xdc] for cell 'proc_sys_reset_freerun_slr0'
Finished Parsing XDC File [/scratch/hpc-prf-acgasm/beniel/ops-hls-batching-tiling-artifacts/codegen_apps/tiling/poisson2d/u280_project/maxtile_8192_p64/hls/build/hw/temp_dir/link/link/vivado/vpl/prj/prj.gen/my_rm/bd/ulp/ip/ulp_proc_sys_reset_freerun_slr0_0/ulp_proc_sys_reset_freerun_slr0_0/ulp_proc_sys_reset_freerun_slr0_0_in_context.xdc] for cell 'proc_sys_reset_freerun_slr0'
Parsing XDC File [/scratch/hpc-prf-acgasm/beniel/ops-hls-batching-tiling-artifacts/codegen_apps/tiling/poisson2d/u280_project/maxtile_8192_p64/hls/build/hw/temp_dir/link/link/vivado/vpl/prj/prj.gen/my_rm/bd/ulp/ip/ulp_proc_sys_reset_freerun_slr1_0/ulp_proc_sys_reset_freerun_slr1_0/ulp_proc_sys_reset_freerun_slr1_0_in_context.xdc] for cell 'proc_sys_reset_freerun_slr1'
Finished Parsing XDC File [/scratch/hpc-prf-acgasm/beniel/ops-hls-batching-tiling-artifacts/codegen_apps/tiling/poisson2d/u280_project/maxtile_8192_p64/hls/build/hw/temp_dir/link/link/vivado/vpl/prj/prj.gen/my_rm/bd/ulp/ip/ulp_proc_sys_reset_freerun_slr1_0/ulp_proc_sys_reset_freerun_slr1_0/ulp_proc_sys_reset_freerun_slr1_0_in_context.xdc] for cell 'proc_sys_reset_freerun_slr1'
Parsing XDC File [/scratch/hpc-prf-acgasm/beniel/ops-hls-batching-tiling-artifacts/codegen_apps/tiling/poisson2d/u280_project/maxtile_8192_p64/hls/build/hw/temp_dir/link/link/vivado/vpl/prj/prj.gen/my_rm/bd/ulp/ip/ulp_proc_sys_reset_freerun_slr2_0/ulp_proc_sys_reset_freerun_slr2_0/ulp_proc_sys_reset_freerun_slr2_0_in_context.xdc] for cell 'proc_sys_reset_freerun_slr2'
Finished Parsing XDC File [/scratch/hpc-prf-acgasm/beniel/ops-hls-batching-tiling-artifacts/codegen_apps/tiling/poisson2d/u280_project/maxtile_8192_p64/hls/build/hw/temp_dir/link/link/vivado/vpl/prj/prj.gen/my_rm/bd/ulp/ip/ulp_proc_sys_reset_freerun_slr2_0/ulp_proc_sys_reset_freerun_slr2_0/ulp_proc_sys_reset_freerun_slr2_0_in_context.xdc] for cell 'proc_sys_reset_freerun_slr2'
Parsing XDC File [/scratch/hpc-prf-acgasm/beniel/ops-hls-batching-tiling-artifacts/codegen_apps/tiling/poisson2d/u280_project/maxtile_8192_p64/hls/build/hw/temp_dir/link/link/vivado/vpl/prj/prj.gen/my_rm/bd/ulp/ip/ulp_xbar_1/ulp_xbar_1/ulp_xbar_1_in_context.xdc] for cell 'SLR0/interconnect_axilite_user/xbar'
Finished Parsing XDC File [/scratch/hpc-prf-acgasm/beniel/ops-hls-batching-tiling-artifacts/codegen_apps/tiling/poisson2d/u280_project/maxtile_8192_p64/hls/build/hw/temp_dir/link/link/vivado/vpl/prj/prj.gen/my_rm/bd/ulp/ip/ulp_xbar_1/ulp_xbar_1/ulp_xbar_1_in_context.xdc] for cell 'SLR0/interconnect_axilite_user/xbar'
Parsing XDC File [/scratch/hpc-prf-acgasm/beniel/ops-hls-batching-tiling-artifacts/codegen_apps/tiling/poisson2d/u280_project/maxtile_8192_p64/hls/build/hw/temp_dir/link/link/vivado/vpl/prj/prj.gen/my_rm/bd/ulp/ip/ulp_s00_regslice_15/ulp_s00_regslice_15/ulp_s00_regslice_17_in_context.xdc] for cell 'SLR0/interconnect_axilite_user/s00_couplers/s00_regslice'
Finished Parsing XDC File [/scratch/hpc-prf-acgasm/beniel/ops-hls-batching-tiling-artifacts/codegen_apps/tiling/poisson2d/u280_project/maxtile_8192_p64/hls/build/hw/temp_dir/link/link/vivado/vpl/prj/prj.gen/my_rm/bd/ulp/ip/ulp_s00_regslice_15/ulp_s00_regslice_15/ulp_s00_regslice_17_in_context.xdc] for cell 'SLR0/interconnect_axilite_user/s00_couplers/s00_regslice'
Parsing XDC File [/scratch/hpc-prf-acgasm/beniel/ops-hls-batching-tiling-artifacts/codegen_apps/tiling/poisson2d/u280_project/maxtile_8192_p64/hls/build/hw/temp_dir/link/link/vivado/vpl/prj/prj.gen/my_rm/bd/ulp/ip/ulp_m00_regslice_3/ulp_m00_regslice_3/ulp_m00_regslice_5_in_context.xdc] for cell 'SLR0/interconnect_axilite_user/m00_couplers/m00_regslice'
Finished Parsing XDC File [/scratch/hpc-prf-acgasm/beniel/ops-hls-batching-tiling-artifacts/codegen_apps/tiling/poisson2d/u280_project/maxtile_8192_p64/hls/build/hw/temp_dir/link/link/vivado/vpl/prj/prj.gen/my_rm/bd/ulp/ip/ulp_m00_regslice_3/ulp_m00_regslice_3/ulp_m00_regslice_5_in_context.xdc] for cell 'SLR0/interconnect_axilite_user/m00_couplers/m00_regslice'
Parsing XDC File [/scratch/hpc-prf-acgasm/beniel/ops-hls-batching-tiling-artifacts/codegen_apps/tiling/poisson2d/u280_project/maxtile_8192_p64/hls/build/hw/temp_dir/link/link/vivado/vpl/prj/prj.gen/my_rm/bd/ulp/ip/ulp_auto_cc_0/ulp_auto_cc_0/ulp_auto_cc_3_in_context.xdc] for cell 'SLR0/interconnect_axilite_user/m00_couplers/auto_cc'
Finished Parsing XDC File [/scratch/hpc-prf-acgasm/beniel/ops-hls-batching-tiling-artifacts/codegen_apps/tiling/poisson2d/u280_project/maxtile_8192_p64/hls/build/hw/temp_dir/link/link/vivado/vpl/prj/prj.gen/my_rm/bd/ulp/ip/ulp_auto_cc_0/ulp_auto_cc_0/ulp_auto_cc_3_in_context.xdc] for cell 'SLR0/interconnect_axilite_user/m00_couplers/auto_cc'
Parsing XDC File [/scratch/hpc-prf-acgasm/beniel/ops-hls-batching-tiling-artifacts/codegen_apps/tiling/poisson2d/u280_project/maxtile_8192_p64/hls/build/hw/temp_dir/link/link/vivado/vpl/prj/prj.gen/my_rm/bd/ulp/ip/ulp_m01_regslice_3/ulp_m01_regslice_3/ulp_m01_regslice_3_in_context.xdc] for cell 'SLR0/interconnect_axilite_user/m01_couplers/m01_regslice'
Finished Parsing XDC File [/scratch/hpc-prf-acgasm/beniel/ops-hls-batching-tiling-artifacts/codegen_apps/tiling/poisson2d/u280_project/maxtile_8192_p64/hls/build/hw/temp_dir/link/link/vivado/vpl/prj/prj.gen/my_rm/bd/ulp/ip/ulp_m01_regslice_3/ulp_m01_regslice_3/ulp_m01_regslice_3_in_context.xdc] for cell 'SLR0/interconnect_axilite_user/m01_couplers/m01_regslice'
Parsing XDC File [/scratch/hpc-prf-acgasm/beniel/ops-hls-batching-tiling-artifacts/codegen_apps/tiling/poisson2d/u280_project/maxtile_8192_p64/hls/build/hw/temp_dir/link/link/vivado/vpl/prj/prj.gen/my_rm/bd/ulp/ip/ulp_auto_cc_1/ulp_auto_cc_1/ulp_auto_cc_6_in_context.xdc] for cell 'SLR0/interconnect_axilite_user/m01_couplers/auto_cc'
Finished Parsing XDC File [/scratch/hpc-prf-acgasm/beniel/ops-hls-batching-tiling-artifacts/codegen_apps/tiling/poisson2d/u280_project/maxtile_8192_p64/hls/build/hw/temp_dir/link/link/vivado/vpl/prj/prj.gen/my_rm/bd/ulp/ip/ulp_auto_cc_1/ulp_auto_cc_1/ulp_auto_cc_6_in_context.xdc] for cell 'SLR0/interconnect_axilite_user/m01_couplers/auto_cc'
Parsing XDC File [/scratch/hpc-prf-acgasm/beniel/ops-hls-batching-tiling-artifacts/codegen_apps/tiling/poisson2d/u280_project/maxtile_8192_p64/hls/build/hw/temp_dir/link/link/vivado/vpl/prj/prj.gen/my_rm/bd/ulp/ip/ulp_m02_regslice_0/ulp_m02_regslice_0/ulp_m02_regslice_0_in_context.xdc] for cell 'SLR0/interconnect_axilite_user/m02_couplers/m02_regslice'
Finished Parsing XDC File [/scratch/hpc-prf-acgasm/beniel/ops-hls-batching-tiling-artifacts/codegen_apps/tiling/poisson2d/u280_project/maxtile_8192_p64/hls/build/hw/temp_dir/link/link/vivado/vpl/prj/prj.gen/my_rm/bd/ulp/ip/ulp_m02_regslice_0/ulp_m02_regslice_0/ulp_m02_regslice_0_in_context.xdc] for cell 'SLR0/interconnect_axilite_user/m02_couplers/m02_regslice'
Parsing XDC File [/scratch/hpc-prf-acgasm/beniel/ops-hls-batching-tiling-artifacts/codegen_apps/tiling/poisson2d/u280_project/maxtile_8192_p64/hls/build/hw/temp_dir/link/link/vivado/vpl/prj/prj.gen/my_rm/bd/ulp/ip/ulp_auto_cc_2/ulp_auto_cc_2/ulp_auto_cc_2_in_context.xdc] for cell 'SLR0/interconnect_axilite_user/m02_couplers/auto_cc'
Finished Parsing XDC File [/scratch/hpc-prf-acgasm/beniel/ops-hls-batching-tiling-artifacts/codegen_apps/tiling/poisson2d/u280_project/maxtile_8192_p64/hls/build/hw/temp_dir/link/link/vivado/vpl/prj/prj.gen/my_rm/bd/ulp/ip/ulp_auto_cc_2/ulp_auto_cc_2/ulp_auto_cc_2_in_context.xdc] for cell 'SLR0/interconnect_axilite_user/m02_couplers/auto_cc'
Parsing XDC File [/scratch/hpc-prf-acgasm/beniel/ops-hls-batching-tiling-artifacts/codegen_apps/tiling/poisson2d/u280_project/maxtile_8192_p64/hls/build/hw/temp_dir/link/link/vivado/vpl/prj/prj.gen/my_rm/bd/ulp/ip/ulp_axi_gpio_null_0/ulp_axi_gpio_null_0/ulp_axi_gpio_null_0_in_context.xdc] for cell 'SLR0/axi_gpio_null'
Finished Parsing XDC File [/scratch/hpc-prf-acgasm/beniel/ops-hls-batching-tiling-artifacts/codegen_apps/tiling/poisson2d/u280_project/maxtile_8192_p64/hls/build/hw/temp_dir/link/link/vivado/vpl/prj/prj.gen/my_rm/bd/ulp/ip/ulp_axi_gpio_null_0/ulp_axi_gpio_null_0/ulp_axi_gpio_null_0_in_context.xdc] for cell 'SLR0/axi_gpio_null'
Parsing XDC File [/scratch/hpc-prf-acgasm/beniel/ops-hls-batching-tiling-artifacts/codegen_apps/tiling/poisson2d/u280_project/maxtile_8192_p64/hls/build/hw/temp_dir/link/link/vivado/vpl/prj/prj.gen/my_rm/bd/ulp/ip/ulp_axi_vip_ctrl_userpf_0/ulp_axi_vip_ctrl_userpf_0/ulp_axi_vip_ctrl_userpf_0_in_context.xdc] for cell 'SLR0/axi_vip_ctrl_userpf'
Finished Parsing XDC File [/scratch/hpc-prf-acgasm/beniel/ops-hls-batching-tiling-artifacts/codegen_apps/tiling/poisson2d/u280_project/maxtile_8192_p64/hls/build/hw/temp_dir/link/link/vivado/vpl/prj/prj.gen/my_rm/bd/ulp/ip/ulp_axi_vip_ctrl_userpf_0/ulp_axi_vip_ctrl_userpf_0/ulp_axi_vip_ctrl_userpf_0_in_context.xdc] for cell 'SLR0/axi_vip_ctrl_userpf'
Parsing XDC File [/scratch/hpc-prf-acgasm/beniel/ops-hls-batching-tiling-artifacts/codegen_apps/tiling/poisson2d/u280_project/maxtile_8192_p64/hls/build/hw/temp_dir/link/link/vivado/vpl/prj/prj.gen/my_rm/bd/ulp/ip/ulp_regslice_control_userpf_0/ulp_regslice_control_userpf_0/ulp_regslice_control_userpf_0_in_context.xdc] for cell 'SLR0/regslice_control_userpf'
Finished Parsing XDC File [/scratch/hpc-prf-acgasm/beniel/ops-hls-batching-tiling-artifacts/codegen_apps/tiling/poisson2d/u280_project/maxtile_8192_p64/hls/build/hw/temp_dir/link/link/vivado/vpl/prj/prj.gen/my_rm/bd/ulp/ip/ulp_regslice_control_userpf_0/ulp_regslice_control_userpf_0/ulp_regslice_control_userpf_0_in_context.xdc] for cell 'SLR0/regslice_control_userpf'
Parsing XDC File [/scratch/hpc-prf-acgasm/beniel/ops-hls-batching-tiling-artifacts/codegen_apps/tiling/poisson2d/u280_project/maxtile_8192_p64/hls/build/hw/temp_dir/link/link/vivado/vpl/prj/prj.gen/my_rm/bd/ulp/ip/ulp_xbar_2/ulp_xbar_2/ulp_xbar_2_in_context.xdc] for cell 'SLR1/interconnect_axilite_user/xbar'
Finished Parsing XDC File [/scratch/hpc-prf-acgasm/beniel/ops-hls-batching-tiling-artifacts/codegen_apps/tiling/poisson2d/u280_project/maxtile_8192_p64/hls/build/hw/temp_dir/link/link/vivado/vpl/prj/prj.gen/my_rm/bd/ulp/ip/ulp_xbar_2/ulp_xbar_2/ulp_xbar_2_in_context.xdc] for cell 'SLR1/interconnect_axilite_user/xbar'
Parsing XDC File [/scratch/hpc-prf-acgasm/beniel/ops-hls-batching-tiling-artifacts/codegen_apps/tiling/poisson2d/u280_project/maxtile_8192_p64/hls/build/hw/temp_dir/link/link/vivado/vpl/prj/prj.gen/my_rm/bd/ulp/ip/ulp_s00_regslice_16/ulp_s00_regslice_16/ulp_s00_regslice_17_in_context.xdc] for cell 'SLR1/interconnect_axilite_user/s00_couplers/s00_regslice'
Finished Parsing XDC File [/scratch/hpc-prf-acgasm/beniel/ops-hls-batching-tiling-artifacts/codegen_apps/tiling/poisson2d/u280_project/maxtile_8192_p64/hls/build/hw/temp_dir/link/link/vivado/vpl/prj/prj.gen/my_rm/bd/ulp/ip/ulp_s00_regslice_16/ulp_s00_regslice_16/ulp_s00_regslice_17_in_context.xdc] for cell 'SLR1/interconnect_axilite_user/s00_couplers/s00_regslice'
Parsing XDC File [/scratch/hpc-prf-acgasm/beniel/ops-hls-batching-tiling-artifacts/codegen_apps/tiling/poisson2d/u280_project/maxtile_8192_p64/hls/build/hw/temp_dir/link/link/vivado/vpl/prj/prj.gen/my_rm/bd/ulp/ip/ulp_m00_regslice_4/ulp_m00_regslice_4/ulp_m00_regslice_5_in_context.xdc] for cell 'SLR1/interconnect_axilite_user/m00_couplers/m00_regslice'
Finished Parsing XDC File [/scratch/hpc-prf-acgasm/beniel/ops-hls-batching-tiling-artifacts/codegen_apps/tiling/poisson2d/u280_project/maxtile_8192_p64/hls/build/hw/temp_dir/link/link/vivado/vpl/prj/prj.gen/my_rm/bd/ulp/ip/ulp_m00_regslice_4/ulp_m00_regslice_4/ulp_m00_regslice_5_in_context.xdc] for cell 'SLR1/interconnect_axilite_user/m00_couplers/m00_regslice'
Parsing XDC File [/scratch/hpc-prf-acgasm/beniel/ops-hls-batching-tiling-artifacts/codegen_apps/tiling/poisson2d/u280_project/maxtile_8192_p64/hls/build/hw/temp_dir/link/link/vivado/vpl/prj/prj.gen/my_rm/bd/ulp/ip/ulp_auto_cc_3/ulp_auto_cc_3/ulp_auto_cc_3_in_context.xdc] for cell 'SLR1/interconnect_axilite_user/m00_couplers/auto_cc'
Finished Parsing XDC File [/scratch/hpc-prf-acgasm/beniel/ops-hls-batching-tiling-artifacts/codegen_apps/tiling/poisson2d/u280_project/maxtile_8192_p64/hls/build/hw/temp_dir/link/link/vivado/vpl/prj/prj.gen/my_rm/bd/ulp/ip/ulp_auto_cc_3/ulp_auto_cc_3/ulp_auto_cc_3_in_context.xdc] for cell 'SLR1/interconnect_axilite_user/m00_couplers/auto_cc'
Parsing XDC File [/scratch/hpc-prf-acgasm/beniel/ops-hls-batching-tiling-artifacts/codegen_apps/tiling/poisson2d/u280_project/maxtile_8192_p64/hls/build/hw/temp_dir/link/link/vivado/vpl/prj/prj.gen/my_rm/bd/ulp/ip/ulp_m01_regslice_4/ulp_m01_regslice_4/ulp_m01_regslice_3_in_context.xdc] for cell 'SLR1/interconnect_axilite_user/m01_couplers/m01_regslice'
Finished Parsing XDC File [/scratch/hpc-prf-acgasm/beniel/ops-hls-batching-tiling-artifacts/codegen_apps/tiling/poisson2d/u280_project/maxtile_8192_p64/hls/build/hw/temp_dir/link/link/vivado/vpl/prj/prj.gen/my_rm/bd/ulp/ip/ulp_m01_regslice_4/ulp_m01_regslice_4/ulp_m01_regslice_3_in_context.xdc] for cell 'SLR1/interconnect_axilite_user/m01_couplers/m01_regslice'
Parsing XDC File [/scratch/hpc-prf-acgasm/beniel/ops-hls-batching-tiling-artifacts/codegen_apps/tiling/poisson2d/u280_project/maxtile_8192_p64/hls/build/hw/temp_dir/link/link/vivado/vpl/prj/prj.gen/my_rm/bd/ulp/ip/ulp_auto_cc_4/ulp_auto_cc_4/ulp_auto_cc_6_in_context.xdc] for cell 'SLR1/interconnect_axilite_user/m01_couplers/auto_cc'
Finished Parsing XDC File [/scratch/hpc-prf-acgasm/beniel/ops-hls-batching-tiling-artifacts/codegen_apps/tiling/poisson2d/u280_project/maxtile_8192_p64/hls/build/hw/temp_dir/link/link/vivado/vpl/prj/prj.gen/my_rm/bd/ulp/ip/ulp_auto_cc_4/ulp_auto_cc_4/ulp_auto_cc_6_in_context.xdc] for cell 'SLR1/interconnect_axilite_user/m01_couplers/auto_cc'
Parsing XDC File [/scratch/hpc-prf-acgasm/beniel/ops-hls-batching-tiling-artifacts/codegen_apps/tiling/poisson2d/u280_project/maxtile_8192_p64/hls/build/hw/temp_dir/link/link/vivado/vpl/prj/prj.gen/my_rm/bd/ulp/ip/ulp_axi_gpio_null_1/ulp_axi_gpio_null_1/ulp_axi_gpio_null_0_in_context.xdc] for cell 'SLR1/axi_gpio_null'
Finished Parsing XDC File [/scratch/hpc-prf-acgasm/beniel/ops-hls-batching-tiling-artifacts/codegen_apps/tiling/poisson2d/u280_project/maxtile_8192_p64/hls/build/hw/temp_dir/link/link/vivado/vpl/prj/prj.gen/my_rm/bd/ulp/ip/ulp_axi_gpio_null_1/ulp_axi_gpio_null_1/ulp_axi_gpio_null_0_in_context.xdc] for cell 'SLR1/axi_gpio_null'
Parsing XDC File [/scratch/hpc-prf-acgasm/beniel/ops-hls-batching-tiling-artifacts/codegen_apps/tiling/poisson2d/u280_project/maxtile_8192_p64/hls/build/hw/temp_dir/link/link/vivado/vpl/prj/prj.gen/my_rm/bd/ulp/ip/ulp_axi_vip_ctrl_userpf_1/ulp_axi_vip_ctrl_userpf_1/ulp_axi_vip_ctrl_userpf_0_in_context.xdc] for cell 'SLR1/axi_vip_ctrl_userpf'
Finished Parsing XDC File [/scratch/hpc-prf-acgasm/beniel/ops-hls-batching-tiling-artifacts/codegen_apps/tiling/poisson2d/u280_project/maxtile_8192_p64/hls/build/hw/temp_dir/link/link/vivado/vpl/prj/prj.gen/my_rm/bd/ulp/ip/ulp_axi_vip_ctrl_userpf_1/ulp_axi_vip_ctrl_userpf_1/ulp_axi_vip_ctrl_userpf_0_in_context.xdc] for cell 'SLR1/axi_vip_ctrl_userpf'
Parsing XDC File [/scratch/hpc-prf-acgasm/beniel/ops-hls-batching-tiling-artifacts/codegen_apps/tiling/poisson2d/u280_project/maxtile_8192_p64/hls/build/hw/temp_dir/link/link/vivado/vpl/prj/prj.gen/my_rm/bd/ulp/ip/ulp_regslice_control_userpf_1/ulp_regslice_control_userpf_1/ulp_regslice_control_userpf_1_in_context.xdc] for cell 'SLR1/regslice_control_userpf'
Finished Parsing XDC File [/scratch/hpc-prf-acgasm/beniel/ops-hls-batching-tiling-artifacts/codegen_apps/tiling/poisson2d/u280_project/maxtile_8192_p64/hls/build/hw/temp_dir/link/link/vivado/vpl/prj/prj.gen/my_rm/bd/ulp/ip/ulp_regslice_control_userpf_1/ulp_regslice_control_userpf_1/ulp_regslice_control_userpf_1_in_context.xdc] for cell 'SLR1/regslice_control_userpf'
Parsing XDC File [/scratch/hpc-prf-acgasm/beniel/ops-hls-batching-tiling-artifacts/codegen_apps/tiling/poisson2d/u280_project/maxtile_8192_p64/hls/build/hw/temp_dir/link/link/vivado/vpl/prj/prj.gen/my_rm/bd/ulp/ip/ulp_xbar_3/ulp_xbar_3/ulp_xbar_3_in_context.xdc] for cell 'SLR2/interconnect_axilite_user/xbar'
Finished Parsing XDC File [/scratch/hpc-prf-acgasm/beniel/ops-hls-batching-tiling-artifacts/codegen_apps/tiling/poisson2d/u280_project/maxtile_8192_p64/hls/build/hw/temp_dir/link/link/vivado/vpl/prj/prj.gen/my_rm/bd/ulp/ip/ulp_xbar_3/ulp_xbar_3/ulp_xbar_3_in_context.xdc] for cell 'SLR2/interconnect_axilite_user/xbar'
Parsing XDC File [/scratch/hpc-prf-acgasm/beniel/ops-hls-batching-tiling-artifacts/codegen_apps/tiling/poisson2d/u280_project/maxtile_8192_p64/hls/build/hw/temp_dir/link/link/vivado/vpl/prj/prj.gen/my_rm/bd/ulp/ip/ulp_s00_regslice_17/ulp_s00_regslice_17/ulp_s00_regslice_17_in_context.xdc] for cell 'SLR2/interconnect_axilite_user/s00_couplers/s00_regslice'
Finished Parsing XDC File [/scratch/hpc-prf-acgasm/beniel/ops-hls-batching-tiling-artifacts/codegen_apps/tiling/poisson2d/u280_project/maxtile_8192_p64/hls/build/hw/temp_dir/link/link/vivado/vpl/prj/prj.gen/my_rm/bd/ulp/ip/ulp_s00_regslice_17/ulp_s00_regslice_17/ulp_s00_regslice_17_in_context.xdc] for cell 'SLR2/interconnect_axilite_user/s00_couplers/s00_regslice'
Parsing XDC File [/scratch/hpc-prf-acgasm/beniel/ops-hls-batching-tiling-artifacts/codegen_apps/tiling/poisson2d/u280_project/maxtile_8192_p64/hls/build/hw/temp_dir/link/link/vivado/vpl/prj/prj.gen/my_rm/bd/ulp/ip/ulp_m00_regslice_5/ulp_m00_regslice_5/ulp_m00_regslice_5_in_context.xdc] for cell 'SLR2/interconnect_axilite_user/m00_couplers/m00_regslice'
Finished Parsing XDC File [/scratch/hpc-prf-acgasm/beniel/ops-hls-batching-tiling-artifacts/codegen_apps/tiling/poisson2d/u280_project/maxtile_8192_p64/hls/build/hw/temp_dir/link/link/vivado/vpl/prj/prj.gen/my_rm/bd/ulp/ip/ulp_m00_regslice_5/ulp_m00_regslice_5/ulp_m00_regslice_5_in_context.xdc] for cell 'SLR2/interconnect_axilite_user/m00_couplers/m00_regslice'
Parsing XDC File [/scratch/hpc-prf-acgasm/beniel/ops-hls-batching-tiling-artifacts/codegen_apps/tiling/poisson2d/u280_project/maxtile_8192_p64/hls/build/hw/temp_dir/link/link/vivado/vpl/prj/prj.gen/my_rm/bd/ulp/ip/ulp_auto_cc_5/ulp_auto_cc_5/ulp_auto_cc_3_in_context.xdc] for cell 'SLR2/interconnect_axilite_user/m00_couplers/auto_cc'
Finished Parsing XDC File [/scratch/hpc-prf-acgasm/beniel/ops-hls-batching-tiling-artifacts/codegen_apps/tiling/poisson2d/u280_project/maxtile_8192_p64/hls/build/hw/temp_dir/link/link/vivado/vpl/prj/prj.gen/my_rm/bd/ulp/ip/ulp_auto_cc_5/ulp_auto_cc_5/ulp_auto_cc_3_in_context.xdc] for cell 'SLR2/interconnect_axilite_user/m00_couplers/auto_cc'
Parsing XDC File [/scratch/hpc-prf-acgasm/beniel/ops-hls-batching-tiling-artifacts/codegen_apps/tiling/poisson2d/u280_project/maxtile_8192_p64/hls/build/hw/temp_dir/link/link/vivado/vpl/prj/prj.gen/my_rm/bd/ulp/ip/ulp_m01_regslice_5/ulp_m01_regslice_5/ulp_m01_regslice_3_in_context.xdc] for cell 'SLR2/interconnect_axilite_user/m01_couplers/m01_regslice'
Finished Parsing XDC File [/scratch/hpc-prf-acgasm/beniel/ops-hls-batching-tiling-artifacts/codegen_apps/tiling/poisson2d/u280_project/maxtile_8192_p64/hls/build/hw/temp_dir/link/link/vivado/vpl/prj/prj.gen/my_rm/bd/ulp/ip/ulp_m01_regslice_5/ulp_m01_regslice_5/ulp_m01_regslice_3_in_context.xdc] for cell 'SLR2/interconnect_axilite_user/m01_couplers/m01_regslice'
Parsing XDC File [/scratch/hpc-prf-acgasm/beniel/ops-hls-batching-tiling-artifacts/codegen_apps/tiling/poisson2d/u280_project/maxtile_8192_p64/hls/build/hw/temp_dir/link/link/vivado/vpl/prj/prj.gen/my_rm/bd/ulp/ip/ulp_auto_cc_6/ulp_auto_cc_6/ulp_auto_cc_6_in_context.xdc] for cell 'SLR2/interconnect_axilite_user/m01_couplers/auto_cc'
Finished Parsing XDC File [/scratch/hpc-prf-acgasm/beniel/ops-hls-batching-tiling-artifacts/codegen_apps/tiling/poisson2d/u280_project/maxtile_8192_p64/hls/build/hw/temp_dir/link/link/vivado/vpl/prj/prj.gen/my_rm/bd/ulp/ip/ulp_auto_cc_6/ulp_auto_cc_6/ulp_auto_cc_6_in_context.xdc] for cell 'SLR2/interconnect_axilite_user/m01_couplers/auto_cc'
Parsing XDC File [/scratch/hpc-prf-acgasm/beniel/ops-hls-batching-tiling-artifacts/codegen_apps/tiling/poisson2d/u280_project/maxtile_8192_p64/hls/build/hw/temp_dir/link/link/vivado/vpl/prj/prj.gen/my_rm/bd/ulp/ip/ulp_axi_gpio_null_2/ulp_axi_gpio_null_2/ulp_axi_gpio_null_0_in_context.xdc] for cell 'SLR2/axi_gpio_null'
Finished Parsing XDC File [/scratch/hpc-prf-acgasm/beniel/ops-hls-batching-tiling-artifacts/codegen_apps/tiling/poisson2d/u280_project/maxtile_8192_p64/hls/build/hw/temp_dir/link/link/vivado/vpl/prj/prj.gen/my_rm/bd/ulp/ip/ulp_axi_gpio_null_2/ulp_axi_gpio_null_2/ulp_axi_gpio_null_0_in_context.xdc] for cell 'SLR2/axi_gpio_null'
Parsing XDC File [/scratch/hpc-prf-acgasm/beniel/ops-hls-batching-tiling-artifacts/codegen_apps/tiling/poisson2d/u280_project/maxtile_8192_p64/hls/build/hw/temp_dir/link/link/vivado/vpl/prj/prj.gen/my_rm/bd/ulp/ip/ulp_axi_vip_ctrl_userpf_2/ulp_axi_vip_ctrl_userpf_2/ulp_axi_vip_ctrl_userpf_0_in_context.xdc] for cell 'SLR2/axi_vip_ctrl_userpf'
Finished Parsing XDC File [/scratch/hpc-prf-acgasm/beniel/ops-hls-batching-tiling-artifacts/codegen_apps/tiling/poisson2d/u280_project/maxtile_8192_p64/hls/build/hw/temp_dir/link/link/vivado/vpl/prj/prj.gen/my_rm/bd/ulp/ip/ulp_axi_vip_ctrl_userpf_2/ulp_axi_vip_ctrl_userpf_2/ulp_axi_vip_ctrl_userpf_0_in_context.xdc] for cell 'SLR2/axi_vip_ctrl_userpf'
Parsing XDC File [/scratch/hpc-prf-acgasm/beniel/ops-hls-batching-tiling-artifacts/codegen_apps/tiling/poisson2d/u280_project/maxtile_8192_p64/hls/build/hw/temp_dir/link/link/vivado/vpl/prj/prj.gen/my_rm/bd/ulp/ip/ulp_regslice_control_userpf_2/ulp_regslice_control_userpf_2/ulp_regslice_control_userpf_2_in_context.xdc] for cell 'SLR2/regslice_control_userpf'
Finished Parsing XDC File [/scratch/hpc-prf-acgasm/beniel/ops-hls-batching-tiling-artifacts/codegen_apps/tiling/poisson2d/u280_project/maxtile_8192_p64/hls/build/hw/temp_dir/link/link/vivado/vpl/prj/prj.gen/my_rm/bd/ulp/ip/ulp_regslice_control_userpf_2/ulp_regslice_control_userpf_2/ulp_regslice_control_userpf_2_in_context.xdc] for cell 'SLR2/regslice_control_userpf'
Parsing XDC File [/scratch/hpc-prf-acgasm/beniel/ops-hls-batching-tiling-artifacts/codegen_apps/tiling/poisson2d/u280_project/maxtile_8192_p64/hls/build/hw/temp_dir/link/link/vivado/vpl/prj/prj.gen/my_rm/bd/ulp/ip/ulp_xbar_0/ulp_xbar_0/ulp_xbar_0_in_context.xdc] for cell 'axi_ic_ctrl_mgmt_slr1/xbar'
Finished Parsing XDC File [/scratch/hpc-prf-acgasm/beniel/ops-hls-batching-tiling-artifacts/codegen_apps/tiling/poisson2d/u280_project/maxtile_8192_p64/hls/build/hw/temp_dir/link/link/vivado/vpl/prj/prj.gen/my_rm/bd/ulp/ip/ulp_xbar_0/ulp_xbar_0/ulp_xbar_0_in_context.xdc] for cell 'axi_ic_ctrl_mgmt_slr1/xbar'
Parsing XDC File [/scratch/hpc-prf-acgasm/beniel/ops-hls-batching-tiling-artifacts/codegen_apps/tiling/poisson2d/u280_project/maxtile_8192_p64/hls/build/hw/temp_dir/link/link/vivado/vpl/prj/prj.gen/my_rm/bd/ulp/ip/ulp_hmss_0_0/ulp_hmss_0_0/ulp_hmss_0_0_in_context.xdc] for cell 'hmss_0'
Finished Parsing XDC File [/scratch/hpc-prf-acgasm/beniel/ops-hls-batching-tiling-artifacts/codegen_apps/tiling/poisson2d/u280_project/maxtile_8192_p64/hls/build/hw/temp_dir/link/link/vivado/vpl/prj/prj.gen/my_rm/bd/ulp/ip/ulp_hmss_0_0/ulp_hmss_0_0/ulp_hmss_0_0_in_context.xdc] for cell 'hmss_0'
Parsing XDC File [/scratch/hpc-prf-acgasm/beniel/ops-hls-batching-tiling-artifacts/codegen_apps/tiling/poisson2d/u280_project/maxtile_8192_p64/hls/build/hw/temp_dir/link/link/vivado/vpl/prj/prj.gen/my_rm/bd/ulp/ip/ulp_axi_vip_data_0/ulp_axi_vip_data_0/ulp_axi_vip_data_0_in_context.xdc] for cell 'axi_vip_data'
Finished Parsing XDC File [/scratch/hpc-prf-acgasm/beniel/ops-hls-batching-tiling-artifacts/codegen_apps/tiling/poisson2d/u280_project/maxtile_8192_p64/hls/build/hw/temp_dir/link/link/vivado/vpl/prj/prj.gen/my_rm/bd/ulp/ip/ulp_axi_vip_data_0/ulp_axi_vip_data_0/ulp_axi_vip_data_0_in_context.xdc] for cell 'axi_vip_data'
Parsing XDC File [/scratch/hpc-prf-acgasm/beniel/ops-hls-batching-tiling-artifacts/codegen_apps/tiling/poisson2d/u280_project/maxtile_8192_p64/hls/build/hw/temp_dir/link/link/vivado/vpl/prj/prj.gen/my_rm/bd/ulp/ip/ulp_kernel_outerloop_inst_0_1_0/ulp_kernel_outerloop_inst_0_1_0/ulp_kernel_outerloop_inst_0_1_0_in_context.xdc] for cell 'kernel_outerloop_inst_0_1'
Finished Parsing XDC File [/scratch/hpc-prf-acgasm/beniel/ops-hls-batching-tiling-artifacts/codegen_apps/tiling/poisson2d/u280_project/maxtile_8192_p64/hls/build/hw/temp_dir/link/link/vivado/vpl/prj/prj.gen/my_rm/bd/ulp/ip/ulp_kernel_outerloop_inst_0_1_0/ulp_kernel_outerloop_inst_0_1_0/ulp_kernel_outerloop_inst_0_1_0_in_context.xdc] for cell 'kernel_outerloop_inst_0_1'
Parsing XDC File [/scratch/hpc-prf-acgasm/beniel/ops-hls-batching-tiling-artifacts/codegen_apps/tiling/poisson2d/u280_project/maxtile_8192_p64/hls/build/hw/temp_dir/link/link/vivado/vpl/prj/prj.gen/my_rm/bd/ulp/ip/ulp_kernel_outerloop_inst_0_2_0/ulp_kernel_outerloop_inst_0_2_0/ulp_kernel_outerloop_inst_0_2_0_in_context.xdc] for cell 'kernel_outerloop_inst_0_2'
Finished Parsing XDC File [/scratch/hpc-prf-acgasm/beniel/ops-hls-batching-tiling-artifacts/codegen_apps/tiling/poisson2d/u280_project/maxtile_8192_p64/hls/build/hw/temp_dir/link/link/vivado/vpl/prj/prj.gen/my_rm/bd/ulp/ip/ulp_kernel_outerloop_inst_0_2_0/ulp_kernel_outerloop_inst_0_2_0/ulp_kernel_outerloop_inst_0_2_0_in_context.xdc] for cell 'kernel_outerloop_inst_0_2'
Parsing XDC File [/scratch/hpc-prf-acgasm/beniel/ops-hls-batching-tiling-artifacts/codegen_apps/tiling/poisson2d/u280_project/maxtile_8192_p64/hls/build/hw/temp_dir/link/link/vivado/vpl/prj/prj.gen/my_rm/bd/ulp/ip/ulp_kernel_outerloop_inst_0_3_0/ulp_kernel_outerloop_inst_0_3_0/ulp_kernel_outerloop_inst_0_3_0_in_context.xdc] for cell 'kernel_outerloop_inst_0_3'
Finished Parsing XDC File [/scratch/hpc-prf-acgasm/beniel/ops-hls-batching-tiling-artifacts/codegen_apps/tiling/poisson2d/u280_project/maxtile_8192_p64/hls/build/hw/temp_dir/link/link/vivado/vpl/prj/prj.gen/my_rm/bd/ulp/ip/ulp_kernel_outerloop_inst_0_3_0/ulp_kernel_outerloop_inst_0_3_0/ulp_kernel_outerloop_inst_0_3_0_in_context.xdc] for cell 'kernel_outerloop_inst_0_3'
Parsing XDC File [/scratch/hpc-prf-acgasm/beniel/ops-hls-batching-tiling-artifacts/codegen_apps/tiling/poisson2d/u280_project/maxtile_8192_p64/hls/build/hw/temp_dir/link/link/vivado/vpl/prj/prj.gen/my_rm/bd/ulp/ip/ulp_datamover_outerloop_0_1_0/ulp_datamover_outerloop_0_1_0/ulp_datamover_outerloop_0_1_0_in_context.xdc] for cell 'datamover_outerloop_0_1'
Finished Parsing XDC File [/scratch/hpc-prf-acgasm/beniel/ops-hls-batching-tiling-artifacts/codegen_apps/tiling/poisson2d/u280_project/maxtile_8192_p64/hls/build/hw/temp_dir/link/link/vivado/vpl/prj/prj.gen/my_rm/bd/ulp/ip/ulp_datamover_outerloop_0_1_0/ulp_datamover_outerloop_0_1_0/ulp_datamover_outerloop_0_1_0_in_context.xdc] for cell 'datamover_outerloop_0_1'
Parsing XDC File [/scratch/hpc-prf-acgasm/beniel/ops-hls-batching-tiling-artifacts/codegen_apps/tiling/poisson2d/u280_project/maxtile_8192_p64/hls/build/hw/temp_dir/link/link/vivado/vpl/prj/prj.gen/my_rm/bd/ulp/ip/ulp_repeater_outerloop_0_1_0/ulp_repeater_outerloop_0_1_0/ulp_repeater_outerloop_0_1_0_in_context.xdc] for cell 'repeater_outerloop_0_1'
Finished Parsing XDC File [/scratch/hpc-prf-acgasm/beniel/ops-hls-batching-tiling-artifacts/codegen_apps/tiling/poisson2d/u280_project/maxtile_8192_p64/hls/build/hw/temp_dir/link/link/vivado/vpl/prj/prj.gen/my_rm/bd/ulp/ip/ulp_repeater_outerloop_0_1_0/ulp_repeater_outerloop_0_1_0/ulp_repeater_outerloop_0_1_0_in_context.xdc] for cell 'repeater_outerloop_0_1'
Parsing XDC File [/scratch/hpc-prf-acgasm/beniel/ops-hls-batching-tiling-artifacts/codegen_apps/tiling/poisson2d/u280_project/maxtile_8192_p64/hls/build/hw/temp_dir/link/link/vivado/vpl/prj/prj.gen/my_rm/bd/ulp/ip/ulp_buffer_kernel_outerloop_inst_0_1_arg1_axis_out_0/ulp_buffer_kernel_outerloop_inst_0_1_arg1_axis_out_0/ulp_buffer_repeater_outerloop_0_1_arg1_axis_out_0_in_context.xdc] for cell 'buffer_kernel_outerloop_inst_0_1_arg1_axis_out'
Finished Parsing XDC File [/scratch/hpc-prf-acgasm/beniel/ops-hls-batching-tiling-artifacts/codegen_apps/tiling/poisson2d/u280_project/maxtile_8192_p64/hls/build/hw/temp_dir/link/link/vivado/vpl/prj/prj.gen/my_rm/bd/ulp/ip/ulp_buffer_kernel_outerloop_inst_0_1_arg1_axis_out_0/ulp_buffer_kernel_outerloop_inst_0_1_arg1_axis_out_0/ulp_buffer_repeater_outerloop_0_1_arg1_axis_out_0_in_context.xdc] for cell 'buffer_kernel_outerloop_inst_0_1_arg1_axis_out'
Parsing XDC File [/scratch/hpc-prf-acgasm/beniel/ops-hls-batching-tiling-artifacts/codegen_apps/tiling/poisson2d/u280_project/maxtile_8192_p64/hls/build/hw/temp_dir/link/link/vivado/vpl/prj/prj.gen/my_rm/bd/ulp/ip/ulp_buffer_kernel_outerloop_inst_0_2_arg1_axis_out_0/ulp_buffer_kernel_outerloop_inst_0_2_arg1_axis_out_0/ulp_buffer_repeater_outerloop_0_1_arg1_axis_out_0_in_context.xdc] for cell 'buffer_kernel_outerloop_inst_0_2_arg1_axis_out'
Finished Parsing XDC File [/scratch/hpc-prf-acgasm/beniel/ops-hls-batching-tiling-artifacts/codegen_apps/tiling/poisson2d/u280_project/maxtile_8192_p64/hls/build/hw/temp_dir/link/link/vivado/vpl/prj/prj.gen/my_rm/bd/ulp/ip/ulp_buffer_kernel_outerloop_inst_0_2_arg1_axis_out_0/ulp_buffer_kernel_outerloop_inst_0_2_arg1_axis_out_0/ulp_buffer_repeater_outerloop_0_1_arg1_axis_out_0_in_context.xdc] for cell 'buffer_kernel_outerloop_inst_0_2_arg1_axis_out'
Parsing XDC File [/scratch/hpc-prf-acgasm/beniel/ops-hls-batching-tiling-artifacts/codegen_apps/tiling/poisson2d/u280_project/maxtile_8192_p64/hls/build/hw/temp_dir/link/link/vivado/vpl/prj/prj.gen/my_rm/bd/ulp/ip/ulp_buffer_datamover_outerloop_0_1_arg0_axis_out_0/ulp_buffer_datamover_outerloop_0_1_arg0_axis_out_0/ulp_buffer_repeater_outerloop_0_1_arg1_axis_out_0_in_context.xdc] for cell 'buffer_datamover_outerloop_0_1_arg0_axis_out'
Finished Parsing XDC File [/scratch/hpc-prf-acgasm/beniel/ops-hls-batching-tiling-artifacts/codegen_apps/tiling/poisson2d/u280_project/maxtile_8192_p64/hls/build/hw/temp_dir/link/link/vivado/vpl/prj/prj.gen/my_rm/bd/ulp/ip/ulp_buffer_datamover_outerloop_0_1_arg0_axis_out_0/ulp_buffer_datamover_outerloop_0_1_arg0_axis_out_0/ulp_buffer_repeater_outerloop_0_1_arg1_axis_out_0_in_context.xdc] for cell 'buffer_datamover_outerloop_0_1_arg0_axis_out'
Parsing XDC File [/scratch/hpc-prf-acgasm/beniel/ops-hls-batching-tiling-artifacts/codegen_apps/tiling/poisson2d/u280_project/maxtile_8192_p64/hls/build/hw/temp_dir/link/link/vivado/vpl/prj/prj.gen/my_rm/bd/ulp/ip/ulp_buffer_repeater_outerloop_0_1_arg1_axis_out_0/ulp_buffer_repeater_outerloop_0_1_arg1_axis_out_0/ulp_buffer_repeater_outerloop_0_1_arg1_axis_out_0_in_context.xdc] for cell 'buffer_repeater_outerloop_0_1_arg1_axis_out'
Finished Parsing XDC File [/scratch/hpc-prf-acgasm/beniel/ops-hls-batching-tiling-artifacts/codegen_apps/tiling/poisson2d/u280_project/maxtile_8192_p64/hls/build/hw/temp_dir/link/link/vivado/vpl/prj/prj.gen/my_rm/bd/ulp/ip/ulp_buffer_repeater_outerloop_0_1_arg1_axis_out_0/ulp_buffer_repeater_outerloop_0_1_arg1_axis_out_0/ulp_buffer_repeater_outerloop_0_1_arg1_axis_out_0_in_context.xdc] for cell 'buffer_repeater_outerloop_0_1_arg1_axis_out'
Parsing XDC File [/scratch/hpc-prf-acgasm/beniel/ops-hls-batching-tiling-artifacts/codegen_apps/tiling/poisson2d/u280_project/maxtile_8192_p64/hls/build/hw/temp_dir/link/link/vivado/vpl/prj/prj.gen/my_rm/bd/ulp/ulp_ooc.xdc]
Finished Parsing XDC File [/scratch/hpc-prf-acgasm/beniel/ops-hls-batching-tiling-artifacts/codegen_apps/tiling/poisson2d/u280_project/maxtile_8192_p64/hls/build/hw/temp_dir/link/link/vivado/vpl/prj/prj.gen/my_rm/bd/ulp/ulp_ooc.xdc]
Parsing XDC File [/scratch/hpc-prf-acgasm/beniel/ops-hls-batching-tiling-artifacts/codegen_apps/tiling/poisson2d/u280_project/maxtile_8192_p64/hls/build/hw/temp_dir/link/link/vivado/vpl/prj/prj.runs/my_rm_synth_1/dont_touch.xdc]
Finished Parsing XDC File [/scratch/hpc-prf-acgasm/beniel/ops-hls-batching-tiling-artifacts/codegen_apps/tiling/poisson2d/u280_project/maxtile_8192_p64/hls/build/hw/temp_dir/link/link/vivado/vpl/prj/prj.runs/my_rm_synth_1/dont_touch.xdc]
Parsing XDC File [/scratch/hpc-prf-acgasm/beniel/ops-hls-batching-tiling-artifacts/codegen_apps/tiling/poisson2d/u280_project/maxtile_8192_p64/hls/build/hw/temp_dir/link/link/vivado/vpl/output/ulp_ooc_copy.xdc]
WARNING: [Constraints 18-619] A clock with name 'blp_s_aclk_ctrl_00' already exists, overwriting the previous clock with the same name. [/scratch/hpc-prf-acgasm/beniel/ops-hls-batching-tiling-artifacts/codegen_apps/tiling/poisson2d/u280_project/maxtile_8192_p64/hls/build/hw/temp_dir/link/link/vivado/vpl/output/ulp_ooc_copy.xdc:9]
WARNING: [Constraints 18-619] A clock with name 'blp_s_aclk_freerun_ref_00' already exists, overwriting the previous clock with the same name. [/scratch/hpc-prf-acgasm/beniel/ops-hls-batching-tiling-artifacts/codegen_apps/tiling/poisson2d/u280_project/maxtile_8192_p64/hls/build/hw/temp_dir/link/link/vivado/vpl/output/ulp_ooc_copy.xdc:10]
WARNING: [Constraints 18-619] A clock with name 'blp_s_aclk_pcie_00' already exists, overwriting the previous clock with the same name. [/scratch/hpc-prf-acgasm/beniel/ops-hls-batching-tiling-artifacts/codegen_apps/tiling/poisson2d/u280_project/maxtile_8192_p64/hls/build/hw/temp_dir/link/link/vivado/vpl/output/ulp_ooc_copy.xdc:11]
Finished Parsing XDC File [/scratch/hpc-prf-acgasm/beniel/ops-hls-batching-tiling-artifacts/codegen_apps/tiling/poisson2d/u280_project/maxtile_8192_p64/hls/build/hw/temp_dir/link/link/vivado/vpl/output/ulp_ooc_copy.xdc]
Completed Processing XDC Constraints

Netlist sorting complete. Time (s): cpu = 00:00:00 ; elapsed = 00:00:00 . Memory (MB): peak = 4036.359 ; gain = 0.000 ; free physical = 195932 ; free virtual = 211388
INFO: [Project 1-111] Unisim Transformation Summary:
No Unisim elements were transformed.

Constraint Validation Runtime : Time (s): cpu = 00:00:00.11 ; elapsed = 00:00:00.11 . Memory (MB): peak = 4036.359 ; gain = 0.000 ; free physical = 195932 ; free virtual = 211387
INFO: [Designutils 20-5008] Incremental synthesis strategy off
INFO: [Synth 8-11241] undeclared symbol 'REGCCE', assumed default net type 'wire' [/opt/software/FPGA/Xilinx/Vivado/2022.2/data/verilog/src/unimacro/BRAM_SINGLE_MACRO.v:2170]
---------------------------------------------------------------------------------
Finished Constraint Validation : Time (s): cpu = 00:00:15 ; elapsed = 00:00:20 . Memory (MB): peak = 4036.359 ; gain = 513.113 ; free physical = 196071 ; free virtual = 211527
Synthesis current peak Physical Memory [PSS] (MB): peak = 3187.382; parent = 2973.234; children = 254.635
Synthesis current peak Virtual Memory [VSS] (MB): peak = 5628.969; parent = 4036.363; children = 1592.605
---------------------------------------------------------------------------------
---------------------------------------------------------------------------------
Start Loading Part and Timing Information
---------------------------------------------------------------------------------
Loading part: xcu280-fsvh2892-2L-e
INFO: [Synth 8-6742] Reading net delay rules and data
---------------------------------------------------------------------------------
Finished Loading Part and Timing Information : Time (s): cpu = 00:00:15 ; elapsed = 00:00:20 . Memory (MB): peak = 4036.359 ; gain = 513.113 ; free physical = 196071 ; free virtual = 211527
Synthesis current peak Physical Memory [PSS] (MB): peak = 3187.382; parent = 2973.234; children = 254.635
Synthesis current peak Virtual Memory [VSS] (MB): peak = 5628.969; parent = 4036.363; children = 1592.605
---------------------------------------------------------------------------------
---------------------------------------------------------------------------------
Start Applying 'set_property' XDC Constraints
---------------------------------------------------------------------------------
Applied set_property KEEP_HIERARCHY = SOFT for ii_level0_wire. (constraint file  auto generated constraint).
Applied set_property KEEP_HIERARCHY = SOFT for ulp_cmp. (constraint file  auto generated constraint).
Applied set_property KEEP_HIERARCHY = SOFT for satellite_gpio_slice_1. (constraint file  auto generated constraint).
Applied set_property KEEP_HIERARCHY = SOFT for ulp_ucs. (constraint file  auto generated constraint).
Applied set_property KEEP_HIERARCHY = SOFT for proc_sys_reset_ctrl_slr0. (constraint file  auto generated constraint).
Applied set_property KEEP_HIERARCHY = SOFT for proc_sys_reset_ctrl_slr1. (constraint file  auto generated constraint).
Applied set_property KEEP_HIERARCHY = SOFT for proc_sys_reset_ctrl_slr2. (constraint file  auto generated constraint).
Applied set_property KEEP_HIERARCHY = SOFT for proc_sys_reset_kernel_slr0. (constraint file  auto generated constraint).
Applied set_property KEEP_HIERARCHY = SOFT for proc_sys_reset_kernel_slr1. (constraint file  auto generated constraint).
Applied set_property KEEP_HIERARCHY = SOFT for proc_sys_reset_kernel_slr2. (constraint file  auto generated constraint).
Applied set_property KEEP_HIERARCHY = SOFT for proc_sys_reset_kernel2_slr0. (constraint file  auto generated constraint).
Applied set_property KEEP_HIERARCHY = SOFT for proc_sys_reset_kernel2_slr1. (constraint file  auto generated constraint).
Applied set_property KEEP_HIERARCHY = SOFT for proc_sys_reset_kernel2_slr2. (constraint file  auto generated constraint).
Applied set_property KEEP_HIERARCHY = SOFT for proc_sys_reset_freerun_slr0. (constraint file  auto generated constraint).
Applied set_property KEEP_HIERARCHY = SOFT for proc_sys_reset_freerun_slr1. (constraint file  auto generated constraint).
Applied set_property KEEP_HIERARCHY = SOFT for proc_sys_reset_freerun_slr2. (constraint file  auto generated constraint).
Applied set_property KEEP_HIERARCHY = SOFT for SLR0/interconnect_axilite_user/xbar. (constraint file  auto generated constraint).
Applied set_property KEEP_HIERARCHY = SOFT for SLR0/interconnect_axilite_user/s00_couplers/s00_regslice. (constraint file  auto generated constraint).
Applied set_property KEEP_HIERARCHY = SOFT for SLR0/interconnect_axilite_user/m00_couplers/m00_regslice. (constraint file  auto generated constraint).
Applied set_property KEEP_HIERARCHY = SOFT for SLR0/interconnect_axilite_user/m00_couplers/auto_cc. (constraint file  auto generated constraint).
Applied set_property KEEP_HIERARCHY = SOFT for SLR0/interconnect_axilite_user/m01_couplers/m01_regslice. (constraint file  auto generated constraint).
Applied set_property KEEP_HIERARCHY = SOFT for SLR0/interconnect_axilite_user/m01_couplers/auto_cc. (constraint file  auto generated constraint).
Applied set_property KEEP_HIERARCHY = SOFT for SLR0/interconnect_axilite_user/m02_couplers/m02_regslice. (constraint file  auto generated constraint).
Applied set_property KEEP_HIERARCHY = SOFT for SLR0/interconnect_axilite_user/m02_couplers/auto_cc. (constraint file  auto generated constraint).
Applied set_property KEEP_HIERARCHY = SOFT for SLR0/interconnect_axilite_user. (constraint file  auto generated constraint).
Applied set_property KEEP_HIERARCHY = SOFT for SLR0/axi_gpio_null. (constraint file  auto generated constraint).
Applied set_property KEEP_HIERARCHY = SOFT for SLR0/axi_vip_ctrl_userpf. (constraint file  auto generated constraint).
Applied set_property KEEP_HIERARCHY = SOFT for SLR0/regslice_control_userpf. (constraint file  auto generated constraint).
Applied set_property KEEP_HIERARCHY = SOFT for SLR1/interconnect_axilite_user/xbar. (constraint file  auto generated constraint).
Applied set_property KEEP_HIERARCHY = SOFT for SLR1/interconnect_axilite_user/s00_couplers/s00_regslice. (constraint file  auto generated constraint).
Applied set_property KEEP_HIERARCHY = SOFT for SLR1/interconnect_axilite_user/m00_couplers/m00_regslice. (constraint file  auto generated constraint).
Applied set_property KEEP_HIERARCHY = SOFT for SLR1/interconnect_axilite_user/m00_couplers/auto_cc. (constraint file  auto generated constraint).
Applied set_property KEEP_HIERARCHY = SOFT for SLR1/interconnect_axilite_user/m01_couplers/m01_regslice. (constraint file  auto generated constraint).
Applied set_property KEEP_HIERARCHY = SOFT for SLR1/interconnect_axilite_user/m01_couplers/auto_cc. (constraint file  auto generated constraint).
Applied set_property KEEP_HIERARCHY = SOFT for SLR1/interconnect_axilite_user. (constraint file  auto generated constraint).
Applied set_property KEEP_HIERARCHY = SOFT for SLR1/axi_gpio_null. (constraint file  auto generated constraint).
Applied set_property KEEP_HIERARCHY = SOFT for SLR1/axi_vip_ctrl_userpf. (constraint file  auto generated constraint).
Applied set_property KEEP_HIERARCHY = SOFT for SLR1/regslice_control_userpf. (constraint file  auto generated constraint).
Applied set_property KEEP_HIERARCHY = SOFT for SLR2/interconnect_axilite_user/xbar. (constraint file  auto generated constraint).
Applied set_property KEEP_HIERARCHY = SOFT for SLR2/interconnect_axilite_user/s00_couplers/s00_regslice. (constraint file  auto generated constraint).
Applied set_property KEEP_HIERARCHY = SOFT for SLR2/interconnect_axilite_user/m00_couplers/m00_regslice. (constraint file  auto generated constraint).
Applied set_property KEEP_HIERARCHY = SOFT for SLR2/interconnect_axilite_user/m00_couplers/auto_cc. (constraint file  auto generated constraint).
Applied set_property KEEP_HIERARCHY = SOFT for SLR2/interconnect_axilite_user/m01_couplers/m01_regslice. (constraint file  auto generated constraint).
Applied set_property KEEP_HIERARCHY = SOFT for SLR2/interconnect_axilite_user/m01_couplers/auto_cc. (constraint file  auto generated constraint).
Applied set_property KEEP_HIERARCHY = SOFT for SLR2/interconnect_axilite_user. (constraint file  auto generated constraint).
Applied set_property KEEP_HIERARCHY = SOFT for SLR2/axi_gpio_null. (constraint file  auto generated constraint).
Applied set_property KEEP_HIERARCHY = SOFT for SLR2/axi_vip_ctrl_userpf. (constraint file  auto generated constraint).
Applied set_property KEEP_HIERARCHY = SOFT for SLR2/regslice_control_userpf. (constraint file  auto generated constraint).
Applied set_property KEEP_HIERARCHY = SOFT for axi_ic_ctrl_mgmt_slr1/xbar. (constraint file  auto generated constraint).
Applied set_property KEEP_HIERARCHY = SOFT for axi_ic_ctrl_mgmt_slr1. (constraint file  auto generated constraint).
Applied set_property KEEP_HIERARCHY = SOFT for hmss_0. (constraint file  auto generated constraint).
Applied set_property KEEP_HIERARCHY = SOFT for axi_vip_data. (constraint file  auto generated constraint).
Applied set_property KEEP_HIERARCHY = SOFT for kernel_outerloop_inst_0_1. (constraint file  auto generated constraint).
Applied set_property KEEP_HIERARCHY = SOFT for kernel_outerloop_inst_0_2. (constraint file  auto generated constraint).
Applied set_property KEEP_HIERARCHY = SOFT for kernel_outerloop_inst_0_3. (constraint file  auto generated constraint).
Applied set_property KEEP_HIERARCHY = SOFT for datamover_outerloop_0_1. (constraint file  auto generated constraint).
Applied set_property KEEP_HIERARCHY = SOFT for repeater_outerloop_0_1. (constraint file  auto generated constraint).
Applied set_property KEEP_HIERARCHY = SOFT for buffer_kernel_outerloop_inst_0_1_arg1_axis_out. (constraint file  auto generated constraint).
Applied set_property KEEP_HIERARCHY = SOFT for buffer_kernel_outerloop_inst_0_2_arg1_axis_out. (constraint file  auto generated constraint).
Applied set_property KEEP_HIERARCHY = SOFT for buffer_datamover_outerloop_0_1_arg0_axis_out. (constraint file  auto generated constraint).
Applied set_property KEEP_HIERARCHY = SOFT for buffer_repeater_outerloop_0_1_arg1_axis_out. (constraint file  auto generated constraint).
Applied set_property KEEP_HIERARCHY = SOFT for ii_level0_wire_ulp_s_irq_cu_00_1_interrupt_concat. (constraint file  auto generated constraint).
Applied set_property KEEP_HIERARCHY = SOFT for ii_level0_wire_ulp_s_irq_cu_00_1_interrupt_concat_0. (constraint file  auto generated constraint).
Applied set_property KEEP_HIERARCHY = SOFT for ii_level0_wire_ulp_s_irq_cu_00_1_interrupt_concat_1. (constraint file  auto generated constraint).
Applied set_property KEEP_HIERARCHY = SOFT for ii_level0_wire_ulp_s_irq_cu_00_1_interrupt_concat_2. (constraint file  auto generated constraint).
Applied set_property KEEP_HIERARCHY = SOFT for ii_level0_wire_ulp_s_irq_cu_00_1_interrupt_concat_3. (constraint file  auto generated constraint).
Applied set_property KEEP_HIERARCHY = SOFT for irq_const_tieoff. (constraint file  auto generated constraint).
---------------------------------------------------------------------------------
Finished applying 'set_property' XDC Constraints : Time (s): cpu = 00:00:15 ; elapsed = 00:00:20 . Memory (MB): peak = 4036.359 ; gain = 513.113 ; free physical = 196071 ; free virtual = 211527
Synthesis current peak Physical Memory [PSS] (MB): peak = 3187.382; parent = 2973.234; children = 254.635
Synthesis current peak Virtual Memory [VSS] (MB): peak = 5628.969; parent = 4036.363; children = 1592.605
---------------------------------------------------------------------------------
---------------------------------------------------------------------------------
Finished RTL Optimization Phase 2 : Time (s): cpu = 00:00:15 ; elapsed = 00:00:21 . Memory (MB): peak = 4036.359 ; gain = 513.113 ; free physical = 196071 ; free virtual = 211528
Synthesis current peak Physical Memory [PSS] (MB): peak = 3187.382; parent = 2973.234; children = 254.635
Synthesis current peak Virtual Memory [VSS] (MB): peak = 5628.969; parent = 4036.363; children = 1592.605
---------------------------------------------------------------------------------
---------------------------------------------------------------------------------
Start RTL Component Statistics 
---------------------------------------------------------------------------------
Detailed RTL Component Info : 
---------------------------------------------------------------------------------
Finished RTL Component Statistics 
---------------------------------------------------------------------------------
---------------------------------------------------------------------------------
Start Part Resource Summary
---------------------------------------------------------------------------------
Part Resources:
DSPs: 9024 (col length:94)
BRAMs: 4032 (col length: RAMB18 288 RAMB36 144)
---------------------------------------------------------------------------------
Finished Part Resource Summary
---------------------------------------------------------------------------------
---------------------------------------------------------------------------------
Start Cross Boundary and Area Optimization
---------------------------------------------------------------------------------
WARNING: [Synth 8-7080] Parallel synthesis criteria is not met
---------------------------------------------------------------------------------
Finished Cross Boundary and Area Optimization : Time (s): cpu = 00:00:17 ; elapsed = 00:00:22 . Memory (MB): peak = 4036.359 ; gain = 513.113 ; free physical = 196046 ; free virtual = 211513
Synthesis current peak Physical Memory [PSS] (MB): peak = 3187.382; parent = 2973.234; children = 254.635
Synthesis current peak Virtual Memory [VSS] (MB): peak = 5628.969; parent = 4036.363; children = 1592.605
---------------------------------------------------------------------------------
---------------------------------------------------------------------------------
Start Applying XDC Timing Constraints
---------------------------------------------------------------------------------
WARNING: [Synth 8-565] redefining clock 'blp_s_aclk_ctrl_00'
WARNING: [Synth 8-565] redefining clock 'blp_s_aclk_freerun_ref_00'
WARNING: [Synth 8-565] redefining clock 'blp_s_aclk_pcie_00'
---------------------------------------------------------------------------------
Finished Applying XDC Timing Constraints : Time (s): cpu = 00:00:25 ; elapsed = 00:00:34 . Memory (MB): peak = 4375.469 ; gain = 852.223 ; free physical = 195503 ; free virtual = 210971
Synthesis current peak Physical Memory [PSS] (MB): peak = 3619.315; parent = 3405.352; children = 254.635
Synthesis current peak Virtual Memory [VSS] (MB): peak = 5968.078; parent = 4375.473; children = 1592.605
---------------------------------------------------------------------------------
---------------------------------------------------------------------------------
Start Timing Optimization
---------------------------------------------------------------------------------
---------------------------------------------------------------------------------
Finished Timing Optimization : Time (s): cpu = 00:00:25 ; elapsed = 00:00:34 . Memory (MB): peak = 4377.469 ; gain = 854.223 ; free physical = 195501 ; free virtual = 210968
Synthesis current peak Physical Memory [PSS] (MB): peak = 3621.399; parent = 3407.463; children = 254.635
Synthesis current peak Virtual Memory [VSS] (MB): peak = 5970.078; parent = 4377.473; children = 1592.605
---------------------------------------------------------------------------------
---------------------------------------------------------------------------------
Start Technology Mapping
---------------------------------------------------------------------------------
---------------------------------------------------------------------------------
Finished Technology Mapping : Time (s): cpu = 00:00:25 ; elapsed = 00:00:35 . Memory (MB): peak = 4396.500 ; gain = 873.254 ; free physical = 195495 ; free virtual = 210962
Synthesis current peak Physical Memory [PSS] (MB): peak = 3626.103; parent = 3412.166; children = 254.635
Synthesis current peak Virtual Memory [VSS] (MB): peak = 5989.109; parent = 4396.504; children = 1592.605
---------------------------------------------------------------------------------
---------------------------------------------------------------------------------
Start IO Insertion
---------------------------------------------------------------------------------
---------------------------------------------------------------------------------
Start Flattening Before IO Insertion
---------------------------------------------------------------------------------
---------------------------------------------------------------------------------
Finished Flattening Before IO Insertion
---------------------------------------------------------------------------------
---------------------------------------------------------------------------------
Start Final Netlist Cleanup
---------------------------------------------------------------------------------
---------------------------------------------------------------------------------
Finished Final Netlist Cleanup
---------------------------------------------------------------------------------
---------------------------------------------------------------------------------
Finished IO Insertion : Time (s): cpu = 00:00:29 ; elapsed = 00:00:38 . Memory (MB): peak = 4406.406 ; gain = 883.160 ; free physical = 195495 ; free virtual = 210962
Synthesis current peak Physical Memory [PSS] (MB): peak = 3626.446; parent = 3412.510; children = 254.635
Synthesis current peak Virtual Memory [VSS] (MB): peak = 5999.016; parent = 4406.410; children = 1592.605
---------------------------------------------------------------------------------
---------------------------------------------------------------------------------
Start Renaming Generated Instances
---------------------------------------------------------------------------------
---------------------------------------------------------------------------------
Finished Renaming Generated Instances : Time (s): cpu = 00:00:29 ; elapsed = 00:00:38 . Memory (MB): peak = 4406.406 ; gain = 883.160 ; free physical = 195495 ; free virtual = 210962
Synthesis current peak Physical Memory [PSS] (MB): peak = 3626.505; parent = 3412.568; children = 254.635
Synthesis current peak Virtual Memory [VSS] (MB): peak = 5999.016; parent = 4406.410; children = 1592.605
---------------------------------------------------------------------------------
---------------------------------------------------------------------------------
Start Rebuilding User Hierarchy
---------------------------------------------------------------------------------
---------------------------------------------------------------------------------
Finished Rebuilding User Hierarchy : Time (s): cpu = 00:00:29 ; elapsed = 00:00:38 . Memory (MB): peak = 4406.406 ; gain = 883.160 ; free physical = 195494 ; free virtual = 210961
Synthesis current peak Physical Memory [PSS] (MB): peak = 3628.122; parent = 3414.186; children = 254.635
Synthesis current peak Virtual Memory [VSS] (MB): peak = 5999.016; parent = 4406.410; children = 1592.605
---------------------------------------------------------------------------------
---------------------------------------------------------------------------------
Start Renaming Generated Ports
---------------------------------------------------------------------------------
---------------------------------------------------------------------------------
Finished Renaming Generated Ports : Time (s): cpu = 00:00:29 ; elapsed = 00:00:38 . Memory (MB): peak = 4406.406 ; gain = 883.160 ; free physical = 195494 ; free virtual = 210961
Synthesis current peak Physical Memory [PSS] (MB): peak = 3628.122; parent = 3414.186; children = 254.635
Synthesis current peak Virtual Memory [VSS] (MB): peak = 5999.016; parent = 4406.410; children = 1592.605
---------------------------------------------------------------------------------
---------------------------------------------------------------------------------
Start Handling Custom Attributes
---------------------------------------------------------------------------------
---------------------------------------------------------------------------------
Finished Handling Custom Attributes : Time (s): cpu = 00:00:29 ; elapsed = 00:00:38 . Memory (MB): peak = 4406.406 ; gain = 883.160 ; free physical = 195494 ; free virtual = 210961
Synthesis current peak Physical Memory [PSS] (MB): peak = 3628.122; parent = 3414.186; children = 254.635
Synthesis current peak Virtual Memory [VSS] (MB): peak = 5999.016; parent = 4406.410; children = 1592.605
---------------------------------------------------------------------------------
---------------------------------------------------------------------------------
Start Renaming Generated Nets
---------------------------------------------------------------------------------
---------------------------------------------------------------------------------
Finished Renaming Generated Nets : Time (s): cpu = 00:00:29 ; elapsed = 00:00:38 . Memory (MB): peak = 4406.406 ; gain = 883.160 ; free physical = 195494 ; free virtual = 210961
Synthesis current peak Physical Memory [PSS] (MB): peak = 3628.185; parent = 3414.248; children = 254.635
Synthesis current peak Virtual Memory [VSS] (MB): peak = 5999.016; parent = 4406.410; children = 1592.605
---------------------------------------------------------------------------------
---------------------------------------------------------------------------------
Start Writing Synthesis Report
---------------------------------------------------------------------------------

Report BlackBoxes: 
+------+-----------------------------------------------------+----------+
|      |BlackBox name                                        |Instances |
+------+-----------------------------------------------------+----------+
|1     |ulp_xbar_0                                           |         1|
|2     |ulp_axi_vip_data_0                                   |         1|
|3     |ulp_buffer_datamover_outerloop_0_1_arg0_axis_out_0   |         1|
|4     |ulp_buffer_kernel_outerloop_inst_0_1_arg1_axis_out_0 |         1|
|5     |ulp_buffer_kernel_outerloop_inst_0_2_arg1_axis_out_0 |         1|
|6     |ulp_buffer_repeater_outerloop_0_1_arg1_axis_out_0    |         1|
|7     |ulp_datamover_outerloop_0_1_0                        |         1|
|8     |ulp_hmss_0_0                                         |         1|
|9     |ulp_ii_level0_wire_0                                 |         1|
|10    |ulp_kernel_outerloop_inst_0_1_0                      |         1|
|11    |ulp_kernel_outerloop_inst_0_2_0                      |         1|
|12    |ulp_kernel_outerloop_inst_0_3_0                      |         1|
|13    |ulp_proc_sys_reset_ctrl_slr0_0                       |         1|
|14    |ulp_proc_sys_reset_ctrl_slr1_0                       |         1|
|15    |ulp_proc_sys_reset_ctrl_slr2_0                       |         1|
|16    |ulp_proc_sys_reset_freerun_slr0_0                    |         1|
|17    |ulp_proc_sys_reset_freerun_slr1_0                    |         1|
|18    |ulp_proc_sys_reset_freerun_slr2_0                    |         1|
|19    |ulp_proc_sys_reset_kernel2_slr0_0                    |         1|
|20    |ulp_proc_sys_reset_kernel2_slr1_0                    |         1|
|21    |ulp_proc_sys_reset_kernel2_slr2_0                    |         1|
|22    |ulp_proc_sys_reset_kernel_slr0_0                     |         1|
|23    |ulp_proc_sys_reset_kernel_slr1_0                     |         1|
|24    |ulp_proc_sys_reset_kernel_slr2_0                     |         1|
|25    |ulp_repeater_outerloop_0_1_0                         |         1|
|26    |ulp_ulp_cmp_0                                        |         1|
|27    |ulp_ulp_ucs_0                                        |         1|
|28    |ulp_xbar_1                                           |         1|
|29    |ulp_auto_cc_0                                        |         1|
|30    |ulp_m00_regslice_3                                   |         1|
|31    |ulp_auto_cc_1                                        |         1|
|32    |ulp_m01_regslice_3                                   |         1|
|33    |ulp_auto_cc_2                                        |         1|
|34    |ulp_m02_regslice_0                                   |         1|
|35    |ulp_s00_regslice_15                                  |         1|
|36    |ulp_axi_gpio_null_0                                  |         1|
|37    |ulp_axi_vip_ctrl_userpf_0                            |         1|
|38    |ulp_regslice_control_userpf_0                        |         1|
|39    |ulp_xbar_2                                           |         1|
|40    |ulp_auto_cc_3                                        |         1|
|41    |ulp_m00_regslice_4                                   |         1|
|42    |ulp_auto_cc_4                                        |         1|
|43    |ulp_m01_regslice_4                                   |         1|
|44    |ulp_s00_regslice_16                                  |         1|
|45    |ulp_axi_gpio_null_1                                  |         1|
|46    |ulp_axi_vip_ctrl_userpf_1                            |         1|
|47    |ulp_regslice_control_userpf_1                        |         1|
|48    |ulp_xbar_3                                           |         1|
|49    |ulp_auto_cc_5                                        |         1|
|50    |ulp_m00_regslice_5                                   |         1|
|51    |ulp_auto_cc_6                                        |         1|
|52    |ulp_m01_regslice_5                                   |         1|
|53    |ulp_s00_regslice_17                                  |         1|
|54    |ulp_axi_gpio_null_2                                  |         1|
|55    |ulp_axi_vip_ctrl_userpf_2                            |         1|
|56    |ulp_regslice_control_userpf_2                        |         1|
+------+-----------------------------------------------------+----------+

Report Cell Usage: 
+------+---------------------------------------------------+------+
|      |Cell                                               |Count |
+------+---------------------------------------------------+------+
|1     |ulp_auto_cc                                        |     7|
|8     |ulp_axi_gpio_null                                  |     3|
|11    |ulp_axi_vip_ctrl_userpf                            |     3|
|14    |ulp_axi_vip_data                                   |     1|
|15    |ulp_buffer_datamover_outerloop_0_1_arg0_axis_out   |     1|
|16    |ulp_buffer_kernel_outerloop_inst_0_1_arg1_axis_out |     1|
|17    |ulp_buffer_kernel_outerloop_inst_0_2_arg1_axis_out |     1|
|18    |ulp_buffer_repeater_outerloop_0_1_arg1_axis_out    |     1|
|19    |ulp_datamover_outerloop_0_1                        |     1|
|20    |ulp_hmss_0                                         |     1|
|21    |ulp_ii_level0_wire                                 |     1|
|22    |ulp_kernel_outerloop_inst_0_1                      |     1|
|23    |ulp_kernel_outerloop_inst_0_2                      |     1|
|24    |ulp_kernel_outerloop_inst_0_3                      |     1|
|25    |ulp_m00_regslice                                   |     3|
|28    |ulp_m01_regslice                                   |     3|
|31    |ulp_m02_regslice                                   |     1|
|32    |ulp_proc_sys_reset_ctrl_slr0                       |     1|
|33    |ulp_proc_sys_reset_ctrl_slr1                       |     1|
|34    |ulp_proc_sys_reset_ctrl_slr2                       |     1|
|35    |ulp_proc_sys_reset_freerun_slr0                    |     1|
|36    |ulp_proc_sys_reset_freerun_slr1                    |     1|
|37    |ulp_proc_sys_reset_freerun_slr2                    |     1|
|38    |ulp_proc_sys_reset_kernel2_slr0                    |     1|
|39    |ulp_proc_sys_reset_kernel2_slr1                    |     1|
|40    |ulp_proc_sys_reset_kernel2_slr2                    |     1|
|41    |ulp_proc_sys_reset_kernel_slr0                     |     1|
|42    |ulp_proc_sys_reset_kernel_slr1                     |     1|
|43    |ulp_proc_sys_reset_kernel_slr2                     |     1|
|44    |ulp_regslice_control_userpf                        |     3|
|47    |ulp_repeater_outerloop_0_1                         |     1|
|48    |ulp_s00_regslice                                   |     3|
|51    |ulp_ulp_cmp                                        |     1|
|52    |ulp_ulp_ucs                                        |     1|
|53    |ulp_xbar                                           |     4|
+------+---------------------------------------------------+------+
---------------------------------------------------------------------------------
Finished Writing Synthesis Report : Time (s): cpu = 00:00:29 ; elapsed = 00:00:38 . Memory (MB): peak = 4406.406 ; gain = 883.160 ; free physical = 195494 ; free virtual = 210961
Synthesis current peak Physical Memory [PSS] (MB): peak = 3628.216; parent = 3414.279; children = 254.635
Synthesis current peak Virtual Memory [VSS] (MB): peak = 5999.016; parent = 4406.410; children = 1592.605
---------------------------------------------------------------------------------
Synthesis finished with 0 errors, 0 critical warnings and 334 warnings.
Synthesis Optimization Runtime : Time (s): cpu = 00:00:23 ; elapsed = 00:00:30 . Memory (MB): peak = 4406.406 ; gain = 848.500 ; free physical = 195526 ; free virtual = 210994
Synthesis Optimization Complete : Time (s): cpu = 00:00:29 ; elapsed = 00:00:39 . Memory (MB): peak = 4406.414 ; gain = 883.160 ; free physical = 195526 ; free virtual = 210993
INFO: [Project 1-571] Translating synthesized netlist
Netlist sorting complete. Time (s): cpu = 00:00:00.1 ; elapsed = 00:00:00.1 . Memory (MB): peak = 4406.414 ; gain = 0.000 ; free physical = 195635 ; free virtual = 211102
INFO: [Project 1-570] Preparing netlist for logic optimization
INFO: [Opt 31-138] Pushed 0 inverter(s) to 0 load pin(s).
Netlist sorting complete. Time (s): cpu = 00:00:00 ; elapsed = 00:00:00 . Memory (MB): peak = 4505.062 ; gain = 0.000 ; free physical = 195507 ; free virtual = 210974
INFO: [Project 1-111] Unisim Transformation Summary:
No Unisim elements were transformed.

Synth Design complete, checksum: db96b553
INFO: [Common 17-83] Releasing license: Synthesis
206 Infos, 274 Warnings, 0 Critical Warnings and 0 Errors encountered.
synth_design completed successfully
synth_design: Time (s): cpu = 00:00:40 ; elapsed = 00:01:04 . Memory (MB): peak = 4512.000 ; gain = 2330.316 ; free physical = 195721 ; free virtual = 211188
INFO: [Common 17-600] The following parameters have non-default value.
general.maxThreads
INFO: [Coretcl 2-1174] Renamed 13 cell refs.
INFO: [Common 17-1381] The checkpoint '/scratch/hpc-prf-acgasm/beniel/ops-hls-batching-tiling-artifacts/codegen_apps/tiling/poisson2d/u280_project/maxtile_8192_p64/hls/build/hw/temp_dir/link/link/vivado/vpl/prj/prj.runs/my_rm_synth_1/ulp.dcp' has been generated.
INFO: [Common 17-206] Exiting Vivado at Sat Aug  1 03:48:52 2026...
